Price,Adj Close,Close,High,Low,Open,Volume
Ticker,A,A,A,A,A,A
Date,,,,,,
1999-11-18,26.189775466918945,31.473533630371094,35.765380859375,28.612302780151367,32.54649353027344,62546380
1999-11-19,24.032102584838867,28.880544662475586,30.75822639465332,28.47818374633789,30.713518142700195,15234146
1999-11-22,26.189775466918945,31.473533630371094,31.473533630371094,28.65700912475586,29.551143646240234,6577870
1999-11-23,23.808879852294922,28.612302780151367,31.205293655395508,28.612302780151367,30.400571823120117,5975611
1999-11-24,24.441308975219727,29.372318267822266,29.998212814331055,28.612302780151367,28.701717376708984,4843231
1999-11-26,24.515708923339844,29.46173095703125,29.685264587402344,29.148784637451172,29.238197326660156,1729466
1999-11-29,25.0737247467041,30.13233184814453,30.355865478515625,29.014663696289062,29.327611923217773,4074751
1999-11-30,25.11093521118164,30.177038192749023,30.713518142700195,29.28290367126465,30.042917251586914,4310034
1999-12-01,25.557350158691406,30.713518142700195,31.0711727142334,29.95350456237793,30.177038192749023,2957329
1999-12-02,26.264177322387695,31.562946319580078,32.1888427734375,30.892345428466797,31.294706344604492,3069868
1999-12-03,26.487382888793945,31.831186294555664,32.68061447143555,31.697067260742188,32.144134521484375,3041629
1999-12-06,27.231412887573242,32.72532272338867,33.21709442138672,32.322959899902344,32.36766815185547,2250780
1999-12-07,26.933805465698242,32.36766815185547,32.90414810180664,31.697067260742188,32.72532272338867,2215970
1999-12-08,26.896596908569336,32.322959899902344,32.63590621948242,32.05472183227539,32.36766815185547,1887859
1999-12-09,27.268611907958984,32.77002716064453,32.85944366455078,32.36766815185547,32.36766815185547,2029057
1999-12-10,26.63619041442871,32.010013580322266,32.85944366455078,32.010013580322266,32.68061447143555,1664738
1999-12-13,27.082609176635742,32.54649353027344,33.082977294921875,31.74177360534668,32.54649353027344,4020508
1999-12-14,25.59455108642578,30.75822639465332,32.45708084106445,30.08762550354004,32.45708084106445,2328928
1999-12-15,24.813323974609375,29.819385528564453,30.26645278930664,29.327611923217773,30.042917251586914,2917766
1999-12-16,28.124235153198242,33.798282623291016,33.798282623291016,30.042917251586914,30.042917251586914,2583923
1999-12-17,27.3430233001709,32.85944366455078,33.70886993408203,32.50178909301758,33.17238998413086,3708055
1999-12-20,27.901044845581055,33.53004455566406,33.57474899291992,32.993560791015625,33.082977294921875,1196828
1999-12-21,27.752229690551758,33.35121536254883,33.39592361450195,32.90414810180664,33.39592361450195,2259448
1999-12-22,28.310258865356445,34.02181625366211,34.02181625366211,33.127681732177734,33.35121536254883,1905754
1999-12-23,29.6123046875,35.586551666259766,35.765380859375,33.932403564453125,33.97711181640625,2159491
1999-12-27,31.435169219970703,37.777183532714844,38.0454216003418,35.452430725097656,35.720672607421875,2029616
1999-12-28,36.60615921020508,43.991416931152344,43.991416931152344,38.58190155029297,38.80543518066406,3560007
1999-12-29,42.855987548828125,51.50214767456055,56.55400466918945,45.01967239379883,45.06437683105469,10518552
1999-12-30,47.171356201171875,56.68812561035156,57.224605560302734,53.11158752441406,54.36337661743164,6671116
1999-12-31,46.01811218261719,55.302215576171875,57.179901123046875,54.54220199584961,56.8669548034668,1931197
2000-01-03,42.855987548828125,51.50214767456055,56.46459197998047,48.19384765625,56.33047103881836,4674353
2000-01-04,39.582279205322266,47.567955017089844,49.26681137084961,46.316165924072266,48.73032760620117,4765083
2000-01-05,37.12698745727539,44.6173095703125,47.567955017089844,43.141990661621094,47.38912582397461,5758642
2000-01-06,35.71333694458008,42.918453216552734,44.34907150268555,41.57725143432617,44.08082962036133,2534434
2000-01-07,38.6894416809082,46.494991302490234,47.165592193603516,42.203147888183594,42.24785232543945,2819626
2000-01-10,41.03312301635742,49.31151580810547,49.80329132080078,48.32796859741211,49.356224060058594,2148446
2000-01-11,40.47509765625,48.64091491699219,49.31151580810547,47.52324676513672,49.31151580810547,1855985
2000-01-12,39.656673431396484,47.65736770629883,48.64091491699219,45.82439041137695,48.64091491699219,1429874
2000-01-13,40.25188446044922,48.372676849365234,49.93741226196289,47.21030044555664,48.909156799316406,1134337
2000-01-14,40.69831466674805,48.909156799316406,49.62446212768555,47.92560958862305,47.92560958862305,1316916
2000-01-18,42.558380126953125,51.144493103027344,52.1280403137207,48.73032760620117,49.087982177734375,2101753
2000-01-19,41.66555404663086,50.071529388427734,51.50214767456055,49.93741226196289,51.50214767456055,2624885
2000-01-20,40.549495697021484,48.73032760620117,50.697425842285156,48.283260345458984,50.608009338378906,2007947
2000-01-21,40.9215202331543,49.17739486694336,49.62446212768555,47.52324676513672,49.44563674926758,1918336
2000-01-24,40.7727165222168,48.99856948852539,51.36802673339844,48.64091491699219,48.99856948852539,2095882
2000-01-25,40.289100646972656,48.417381286621094,49.80329132080078,47.52324676513672,49.17739486694336,1153769
2000-01-26,40.66111373901367,48.86444854736328,49.53504943847656,48.5515022277832,48.59621047973633,1022357
2000-01-27,40.73551940917969,48.953861236572266,50.42918395996094,48.104434967041016,49.98211669921875,868577
2000-01-28,40.51230239868164,48.68562316894531,49.7138786315918,48.238555908203125,49.7138786315918,1609238
2000-01-31,39.396270751953125,47.34442138671875,48.372676849365234,46.316165924072266,48.32796859741211,1040392
2000-02-01,42.260765075683594,50.78683853149414,51.50214767456055,47.38912582397461,47.38912582397461,1404291
2000-02-02,45.53450012207031,54.721031188964844,54.721031188964844,51.1891975402832,51.4127311706543,1945177
2000-02-03,46.27851486206055,55.61516571044922,55.61516571044922,52.798641204833984,53.782188415527344,1779514
2000-02-04,45.38568878173828,54.54220199584961,55.61516571044922,53.648067474365234,55.61516571044922,1145661
2000-02-07,47.32015609741211,56.8669548034668,57.224605560302734,54.54220199584961,55.570457458496094,1274277
2000-02-08,47.02254104614258,56.509300231933594,58.78934097290039,55.972816467285156,57.761085510253906,1169707
2000-02-09,45.08807373046875,54.184547424316406,56.2857666015625,54.13984298706055,55.52574920654297,1182848
2000-02-10,45.646095275878906,54.85514831542969,56.375179290771484,53.87160110473633,55.07868576049805,1066814
2000-02-11,44.86488342285156,53.91630935668945,54.94456481933594,53.513946533203125,54.721031188964844,751705
2000-02-14,45.497291564941406,54.67632293701172,55.03397750854492,53.513946533203125,53.82689666748047,837682
2000-02-15,48.733821868896484,58.5658073425293,59.37052917480469,54.7657356262207,54.7657356262207,2017594
2000-02-16,48.21298599243164,57.93991470336914,58.5658073425293,56.77753829956055,57.224605560302734,1801742
2000-02-17,57.736534118652344,69.38483428955078,69.38483428955078,55.52574920654297,57.93991470336914,944908
2000-02-18,55.80208969116211,67.06008911132812,68.58011627197266,62.99177551269531,63.30472183227539,4060072
2000-02-22,54.462825775146484,65.45064544677734,69.653076171875,64.377685546875,68.66952514648438,2227993
2000-02-23,58.9270133972168,70.8154525756836,71.88841247558594,65.54005432128906,65.54005432128906,1690042
2000-02-24,63.539955139160156,76.35908508300781,82.57331848144531,71.88841247558594,72.5143051147461,2956351
2000-02-25,64.3583755493164,77.3426284790039,81.50035858154297,73.85550689697266,73.9449234008789,2048210
2000-02-28,60.117435455322266,72.24606323242188,78.10264587402344,70.27896881103516,77.3426284790039,1675363
2000-02-29,61.82870101928711,74.30257415771484,76.44850158691406,72.46959686279297,72.55901336669922,958049
2000-03-01,64.95362091064453,78.05793762207031,79.93562316894531,74.57081604003906,74.74964141845703,1037875
2000-03-02,62.675025939941406,75.31965637207031,78.68383026123047,73.31903076171875,78.63912963867188,1188300
2000-03-03,64.28398132324219,77.25321960449219,79.93562316894531,75.06259155273438,75.06259155273438,1215841
2000-03-06,94.64031219482422,113.7339096069336,115.87982940673828,80.47209930419922,80.82975769042969,5693495
2000-03-07,84.52153015136719,101.57367706298828,115.16452026367188,93.70529174804688,111.58798217773438,7710809
2000-03-08,90.4737548828125,108.72675323486328,108.72675323486328,100.14305877685547,104.43490600585938,3953963
2000-03-09,91.06900024414062,109.44206237792969,110.1573715209961,103.71959686279297,105.15021514892578,2514583
2000-03-10,84.52153015136719,101.57367706298828,110.78326416015625,100.14305877685547,109.44206237792969,2479353
2000-03-13,78.12287902832031,93.88411712646484,99.38304901123047,92.63233184814453,93.0346908569336,2626702
2000-03-14,72.24507904052734,86.8204574584961,97.28182983398438,85.03218841552734,95.13591003417969,3522960
2000-03-15,68.0041275024414,81.72389221191406,91.6487808227539,81.00858306884766,91.6487808227539,3046242
2000-03-16,70.27340698242188,84.45100402832031,87.98283386230469,80.11444854736328,82.97567749023438,2769578
2000-03-17,72.09626770019531,86.64163208007812,90.84406280517578,84.4957046508789,85.34513854980469,1563803
2000-03-20,67.7065200805664,81.3662338256836,86.90987396240234,80.82975769042969,86.14985656738281,1420648
2000-03-21,68.4505386352539,82.26036834716797,82.26036834716797,75.6437759399414,79.2203140258789,2528283
2000-03-22,71.0918197631836,85.4345474243164,86.50750732421875,78.01322937011719,81.23211669921875,1967965
2000-03-23,71.24066162109375,85.61337280273438,88.5193099975586,83.69098663330078,85.30043029785156,1951888
2000-03-24,71.42667388916016,85.83690643310547,86.55221557617188,83.15450286865234,84.9427719116211,1230520
2000-03-27,68.0041275024414,81.72389221191406,85.47925567626953,80.96387481689453,84.54041290283203,846769
2000-03-28,70.90581512451172,85.21101379394531,87.22281646728516,81.18740844726562,81.5450668334961,1392548
2000-03-29,66.66488647460938,80.11444854736328,86.55221557617188,78.68383026123047,85.1216049194336,1250371
2000-03-30,62.49833297729492,75.1072998046875,80.47209930419922,70.90486145019531,77.38733673095703,2034230
2000-03-31,61.90310287475586,74.3919906616211,75.82260131835938,64.377685546875,75.82260131835938,3732940
2000-04-03,58.331764221191406,70.10014343261719,73.85550689697266,65.62947082519531,73.67668151855469,2030875
2000-04-04,55.65328598022461,66.88125610351562,73.2296142578125,58.65522384643555,70.10014343261719,3519884
2000-04-05,57.69934844970703,69.34012603759766,71.44134521484375,64.46709442138672,66.34477996826172,2109163
2000-04-06,62.49833297729492,75.1072998046875,75.1072998046875,69.4295425415039,70.3683853149414,1375073
2000-04-07,72.61709594726562,87.26752471923828,89.41344451904297,76.5826187133789,76.89556121826172,2975224
2000-04-10,63.76319885253906,76.62732696533203,87.26752471923828,75.37553405761719,87.26752471923828,2956071
2000-04-11,60.08024597167969,72.20136260986328,75.01788330078125,71.21781158447266,72.24606323242188,1896107
2000-04-12,51.18910217285156,61.51645278930664,70.99427795410156,59.37052917480469,70.10014343261719,4351555
2000-04-13,53.569984436035156,64.377685546875,69.38483428955078,62.23175811767578,62.94706726074219,3736574
2000-04-14,49.217430114746094,59.146995544433594,63.97532272338867,57.93991470336914,62.76824188232422,2862685
2000-04-17,47.32015609741211,56.8669548034668,59.10228729248047,52.26216125488281,57.26931381225586,2757555
2000-04-18,51.78433609008789,62.23175811767578,62.94706726074219,53.73748016357422,55.79399108886719,3758243
2000-04-19,51.9331169128418,62.410587310791016,64.33297729492188,60.085838317871094,62.23175811767578,2423992
2000-04-20,53.53279113769531,64.33297729492188,65.62947082519531,62.5,62.8576545715332,1453081
2000-04-24,54.53722381591797,65.54005432128906,66.0765380859375,60.84585189819336,62.32117462158203,1698570
2000-04-25,53.569984436035156,64.377685546875,68.35658264160156,64.377685546875,67.68598175048828,1123293
2000-04-26,54.6860466003418,65.71888732910156,68.08834075927734,65.54005432128906,68.04363250732422,976503
2000-04-27,54.01640701293945,64.9141616821289,66.70243072509766,63.662376403808594,63.75178909301758,2281256
2000-04-28,52.75157165527344,63.394134521484375,64.4223861694336,62.18705368041992,64.377685546875,1779374
2000-05-01,56.76930618286133,68.22245788574219,68.84835815429688,63.394134521484375,63.394134521484375,1895688
2000-05-02,59.97792434692383,72.07841491699219,74.48139953613281,69.69778442382812,70.27896881103516,4259426
2000-05-03,54.462825775146484,65.45064544677734,70.10014343261719,64.10944366455078,69.74249267578125,2327390
2000-05-04,53.718814849853516,64.55651092529297,65.45064544677734,63.125892639160156,65.45064544677734,1188300
2000-05-05,54.425621032714844,65.40593719482422,66.83655548095703,64.10944366455078,64.51180267333984,1263373
2000-05-08,50.44506072998047,60.622318267822266,65.71888732910156,60.488197326660156,65.71888732910156,1078277
2000-05-09,47.72937774658203,57.358726501464844,61.874107360839844,56.19635009765625,61.15879821777344,1718561
2000-05-10,45.832096099853516,55.07868576049805,57.00107192993164,54.184547424316406,56.509300231933594,1601409
2000-05-11,45.57170486450195,54.7657356262207,56.77753829956055,54.36337661743164,55.436336517333984,1681934
2000-05-12,53.904788970947266,64.78004455566406,70.10014343261719,58.834049224853516,60.085838317871094,13565912
2000-05-15,52.491146087646484,63.0811882019043,65.09298706054688,60.89055633544922,64.377685546875,4442844
2000-05-16,52.67717361450195,63.30472183227539,69.34012603759766,62.94706726074219,64.46709442138672,5770804
2000-05-17,46.42733383178711,55.79399108886719,59.90700912475586,54.94456481933594,59.549354553222656,12450728
2000-05-18,42.260765075683594,50.78683853149414,56.46459197998047,50.78683853149414,55.79399108886719,6153437
2000-05-19,39.656673431396484,47.65736770629883,53.42453384399414,47.299713134765625,51.993919372558594,5261093
2000-05-22,37.12698745727539,44.6173095703125,48.64091491699219,42.873748779296875,47.92560958862305,7820692
2000-05-23,34.52287292480469,41.48783874511719,45.24320602416992,40.4595832824707,44.30436325073242,5214680
2000-05-24,35.11809539794922,42.203147888183594,42.873748779296875,38.626609802246094,41.30901336669922,7957276
2000-05-25,40.9215202331543,49.17739486694336,49.17739486694336,41.66666793823242,42.38197326660156,7678096
2000-05-26,38.6894416809082,46.494991302490234,48.99856948852539,46.00321960449219,47.92560958862305,4956329
2000-05-30,44.86488342285156,53.91630935668945,54.67632293701172,47.255008697509766,47.34442138671875,5338822
2000-05-31,43.82322692871094,52.664520263671875,55.9281120300293,52.03862762451172,52.932762145996094,4408313
2000-06-01,43.45121383666992,52.21745300292969,54.586910247802734,52.03862762451172,53.24570846557617,3948232
2000-06-02,48.659423828125,58.47639465332031,58.65522384643555,52.57510757446289,52.57510757446289,17086356
2000-06-05,47.02254104614258,56.509300231933594,59.90700912475586,54.721031188964844,57.93991470336914,10643114
2000-06-06,42.260765075683594,50.78683853149414,54.00572204589844,49.40092849731445,53.782188415527344,12180774
2000-06-07,39.879878997802734,47.92560958862305,51.680973052978516,46.85264587402344,50.071529388427734,11422359
2000-06-08,41.14472961425781,49.44563674926758,49.93741226196289,47.79148864746094,47.92560958862305,9571267
2000-06-09,42.186378479003906,50.697425842285156,52.08333206176758,49.892704010009766,49.892704010009766,9270138
2000-06-12,39.28465270996094,47.21030044555664,51.94921112060547,46.67382049560547,51.94921112060547,5674901
2000-06-13,41.10752868652344,49.40092849731445,51.32331848144531,46.1373405456543,46.1373405456543,7718358
2000-06-14,40.326290130615234,48.46208953857422,51.144493103027344,47.92560958862305,50.608009338378906,5610873
2000-06-15,39.24745559692383,47.165592193603516,48.59621047973633,46.36087417602539,48.59621047973633,6797775
2000-06-16,37.275794982910156,44.796138763427734,47.6126594543457,44.34907150268555,47.34442138671875,6487699
2000-06-19,40.47509765625,48.64091491699219,49.356224060058594,44.43848419189453,44.43848419189453,6811475
2000-06-20,43.82322692871094,52.664520263671875,54.273963928222656,48.909156799316406,49.31151580810547,11718176
2000-06-21,46.72493362426758,56.15164566040039,57.179901123046875,52.44098663330078,52.485694885253906,8977676
2000-06-22,45.08807373046875,54.184547424316406,57.090484619140625,53.20100021362305,57.045780181884766,6733747
2000-06-23,44.7160530090332,53.73748016357422,55.436336517333984,52.84334945678711,52.88805389404297,3969481
2000-06-26,44.7160530090332,53.73748016357422,54.586910247802734,52.97746658325195,53.648067474365234,3824369
2000-06-27,44.902069091796875,53.96101760864258,54.94456481933594,53.02217483520508,53.55865478515625,4110120
2000-06-28,47.32015609741211,56.8669548034668,57.358726501464844,55.61516571044922,56.33047103881836,9895184
2000-06-29,45.162479400634766,54.273963928222656,57.179901123046875,53.648067474365234,57.13519287109375,8660750
2000-06-30,43.89762878417969,52.75393295288086,56.8669548034668,52.68687438964844,54.85514831542969,8280214
2000-07-03,43.86042785644531,52.709228515625,53.06687927246094,51.32331848144531,52.932762145996094,3195688
2000-07-05,41.81434631347656,50.25035858154297,51.993919372558594,49.80329132080078,51.59156036376953,5399915
2000-07-06,41.14472961425781,49.44563674926758,50.38447952270508,48.86444854736328,50.071529388427734,4201409
2000-07-07,40.1775016784668,48.283260345458984,50.38447952270508,47.74678039550781,50.071529388427734,5992247
2000-07-10,40.7727165222168,48.99856948852539,50.25035858154297,48.372676849365234,48.46208953857422,5362728
2000-07-11,40.065895080566406,48.14914321899414,49.043277740478516,47.299713134765625,48.64091491699219,4176665
2000-07-12,41.07032012939453,49.356224060058594,50.51859664916992,48.68562316894531,49.66917037963867,3792494
2000-07-13,42.260765075683594,50.78683853149414,51.859798431396484,49.17739486694336,49.356224060058594,5840564
2000-07-14,45.86931228637695,55.123390197753906,55.972816467285156,51.144493103027344,51.144493103027344,7603582
2000-07-17,46.57612991333008,55.972816467285156,57.895206451416016,54.54220199584961,54.9892692565918,6166159
2000-07-18,45.60889434814453,54.81044387817383,55.79399108886719,52.932762145996094,55.79399108886719,3661502
2000-07-19,44.083641052246094,52.97746658325195,54.408084869384766,52.03862762451172,54.36337661743164,3539037
2000-07-20,32.141990661621094,38.626609802246094,54.586910247802734,38.626609802246094,52.84334945678711,3551619
2000-07-21,28.607860565185547,34.37947082519531,36.838340759277344,33.082977294921875,36.838340759277344,36442085
2000-07-24,29.4635066986084,35.4077262878418,35.899497985839844,34.15593719482422,35.765380859375,13987130
2000-07-25,26.63619041442871,32.010013580322266,35.4077262878418,32.010013580322266,35.09477615356445,9135790
2000-07-26,25.59455108642578,30.75822639465332,33.35121536254883,30.62410545349121,32.85944366455078,11385312
2000-07-27,24.255300521850586,29.148784637451172,32.144134521484375,28.880544662475586,31.652360916137695,9849609
2000-07-28,24.55290985107422,29.506437301635742,29.95350456237793,28.254648208618164,29.864091873168945,9616982
2000-07-31,24.255300521850586,29.148784637451172,30.177038192749023,28.701717376708984,29.372318267822266,8053179
2000-08-01,24.10649299621582,28.96995735168457,29.46173095703125,28.254648208618164,29.104076385498047,5931015
2000-08-02,23.883281707763672,28.701717376708984,29.46173095703125,28.254648208618164,28.701717376708984,6748845
2000-08-03,24.40410804748535,29.327611923217773,29.327611923217773,27.584049224853516,27.986408233642578,8592108
2000-08-04,23.846086502075195,28.65700912475586,29.64055824279785,28.34406280517578,28.96995735168457,5152469
2000-08-07,23.660076141357422,28.433475494384766,29.506437301635742,27.8522891998291,29.059371948242188,5560825
2000-08-08,23.102054595947266,27.762876510620117,28.388769149780273,27.315807342529297,28.388769149780273,5116121
2000-08-09,23.399667739868164,28.120529174804688,28.522890090942383,27.539342880249023,27.718168258666992,4680504
2000-08-10,23.213666915893555,27.896995544433594,28.47818374633789,27.6734619140625,27.941701889038086,3123691
2000-08-11,24.1809024810791,29.059371948242188,29.193490982055664,27.8522891998291,28.433475494384766,3431251
2000-08-14,25.892168045043945,31.11587905883789,31.160587310791016,29.685264587402344,30.042917251586914,5536080
2000-08-15,25.296937942504883,30.400571823120117,31.652360916137695,30.400571823120117,31.294706344604492,4487440
2000-08-16,25.892168045043945,31.11587905883789,31.11587905883789,29.774677276611328,30.57939910888672,3141306
2000-08-17,27.67782974243164,33.261802673339844,33.798282623291016,30.847639083862305,30.847639083862305,9532403
2000-08-18,33.555641174316406,40.32546615600586,41.57725143432617,39.38662338256836,41.30901336669922,17783678
2000-08-21,36.01093292236328,43.27610778808594,43.27610778808594,40.99606704711914,41.66666793823242,8576171
2000-08-22,36.01093292236328,43.27610778808594,43.27610778808594,42.24785232543945,43.18669509887695,4971568
2000-08-23,36.01093292236328,43.27610778808594,43.32081604003906,42.42668151855469,42.82904052734375,3263631
2000-08-24,35.564517974853516,42.739627838134766,43.41022872924805,42.29256057739258,43.18669509887695,3031004
2000-08-25,34.82049560546875,41.84549331665039,42.96316146850586,41.53254699707031,42.69491958618164,2444123
2000-08-28,34.89488983154297,41.934906005859375,42.11373519897461,40.951358795166016,41.71137237548828,3708894
2000-08-29,37.49899673461914,45.06437683105469,45.779685974121094,41.84549331665039,41.934906005859375,6009023
2000-08-30,36.53176498413086,43.90200424194336,45.73497772216797,43.544349670410156,45.28791046142578,3459770
2000-08-31,36.30854797363281,43.63376235961914,44.43848419189453,42.739627838134766,44.08082962036133,3479902
2000-09-01,36.82937240600586,44.25965881347656,44.840843200683594,43.007869720458984,43.41022872924805,3138230
2000-09-05,36.79216766357422,44.21495056152344,44.706722259521484,43.81258773803711,44.12553787231445,2044994
2000-09-06,35.71333694458008,42.918453216552734,44.6173095703125,42.78433609008789,44.12553787231445,2235402
2000-09-07,36.82937240600586,44.25965881347656,44.43848419189453,42.38197326660156,42.918453216552734,2123003
2000-09-08,35.26691818237305,42.38197326660156,43.678470611572266,42.29256057739258,43.32081604003906,2015776
2000-09-11,33.778839111328125,40.59370422363281,42.203147888183594,40.05722427368164,42.203147888183594,2978858
2000-09-12,32.737220764160156,39.341915130615234,41.3984260559082,39.341915130615234,39.92310333251953,2830251
2000-09-13,32.737220764160156,39.341915130615234,40.59370422363281,38.313663482666016,40.59370422363281,3523240
2000-09-14,33.183631896972656,39.87839889526367,40.951358795166016,39.74427795410156,39.78898239135742,3569094
2000-09-15,33.92766571044922,40.77253341674805,42.069026947021484,39.78898239135742,39.83369064331055,3772783
2000-09-18,32.141990661621094,38.626609802246094,41.264305114746094,37.55364990234375,40.86194610595703,4730692
2000-09-19,32.06759262084961,38.53719711303711,38.626609802246094,37.19599533081055,38.313663482666016,3198065
2000-09-20,31.24916648864746,37.55364990234375,38.53719711303711,37.01716613769531,38.313663482666016,1968104
2000-09-21,28.57067108154297,34.33476257324219,37.643062591552734,33.61945724487305,37.643062591552734,2929789
2000-09-22,29.7611083984375,35.765380859375,35.765380859375,34.2453498840332,34.37947082519531,3445231
2000-09-25,28.756668090820312,34.55829620361328,37.15128707885742,34.4688835144043,35.94420623779297,2388483
2000-09-26,26.896596908569336,32.322959899902344,35.27360534667969,32.278255462646484,34.69241714477539,3050156
2000-09-27,27.380218505859375,32.90414810180664,33.44062805175781,31.74177360534668,33.03826904296875,3916777
2000-09-28,28.54276466369629,34.30123519897461,34.64771270751953,32.948856353759766,32.948856353759766,4224616
2000-09-29,29.128686904907227,35.00536346435547,35.586551666259766,34.200645446777344,34.55829620361328,3677439
2000-10-02,30.09591293334961,36.16773986816406,36.74892807006836,35.13948440551758,35.13948440551758,3008216
2000-10-03,31.621177673339844,38.00071334838867,39.69956970214844,35.988914489746094,36.48068618774414,5556071
2000-10-04,34.4484977722168,41.3984260559082,41.934906005859375,37.55364990234375,37.8218879699707,5531187
2000-10-05,32.81161880493164,39.431331634521484,41.44313430786133,39.07367706298828,41.44313430786133,3998839
2000-10-06,31.063154220581055,37.33011245727539,40.01251983642578,36.61480712890625,39.92310333251953,2791806
2000-10-09,30.170326232910156,36.25715255737305,37.28540802001953,35.854793548583984,37.28540802001953,2161588
2000-10-10,29.500699996948242,35.452430725097656,37.86659622192383,34.603004455566406,36.92775344848633,3090419
2000-10-11,27.268611907958984,32.77002716064453,34.55829620361328,32.05472183227539,34.33476257324219,5527832
2000-10-12,26.63619041442871,32.010013580322266,33.70886993408203,30.981760025024414,33.48533630371094,4176665
2000-10-13,26.412986755371094,31.74177360534668,32.23354721069336,30.62410545349121,31.11587905883789,5075439
2000-10-16,27.640623092651367,33.21709442138672,34.8265380859375,31.87589454650879,32.09942626953125,4157233
2000-10-17,25.78055191040039,30.981760025024414,33.35121536254883,30.489986419677734,33.3065071105957,2883235
2000-10-18,24.3297119140625,29.238197326660156,30.355865478515625,28.075822830200195,29.014663696289062,5637854
2000-10-19,26.040958404541016,31.294706344604492,32.144134521484375,30.26645278930664,30.400571823120117,4599839
2000-10-20,27.715023040771484,33.3065071105957,34.111228942871094,31.25,31.294706344604492,4653662
2000-10-23,30.39353370666504,36.525394439697266,37.10658264160156,32.54649353027344,33.3065071105957,5035177
2000-10-24,28.607860565185547,34.37947082519531,36.659515380859375,33.97711181640625,36.525394439697266,3616067
2000-10-25,25.3713436126709,30.489986419677734,32.412376403808594,30.221744537353516,32.09942626953125,5268503
2000-10-26,26.189775466918945,31.473533630371094,31.87589454650879,30.042917251586914,30.489986419677734,6379074
2000-10-27,27.231412887573242,32.72532272338867,33.798282623291016,32.144134521484375,32.814735412597656,4527143
2000-10-30,27.082609176635742,32.54649353027344,32.90414810180664,31.294706344604492,32.05472183227539,2719529
2000-10-31,27.56622314453125,33.127681732177734,34.066524505615234,32.63590621948242,32.63590621948242,3913002
2000-11-01,27.86383628845215,33.48533630371094,33.84299087524414,32.59120178222656,32.90414810180664,3398119
2000-11-02,28.64507484436035,34.42417526245117,34.8265380859375,33.53004455566406,33.70886993408203,3432789
2000-11-03,27.86383628845215,33.48533630371094,34.111228942871094,32.77002716064453,34.066524505615234,2376740
2000-11-06,27.603422164916992,33.17238998413086,33.57474899291992,32.814735412597656,33.57474899291992,2365835
2000-11-07,27.3430233001709,32.85944366455078,33.127681732177734,32.59120178222656,32.63590621948242,2191505
2000-11-08,26.412986755371094,31.74177360534668,33.798282623291016,31.4288272857666,32.85944366455078,2386386
2000-11-09,25.929365158081055,31.160587310791016,31.92060089111328,29.729970932006836,31.92060089111328,3967384
2000-11-10,23.474075317382812,28.209943771362305,30.57939910888672,28.120529174804688,30.042917251586914,4960104
2000-11-13,23.399667739868164,28.120529174804688,29.148784637451172,27.226394653320312,28.031116485595703,5977289
2000-11-14,25.3713436126709,30.489986419677734,30.802932739257812,28.79113006591797,28.880544662475586,3953125
2000-11-15,25.817760467529297,31.026466369628906,31.562946319580078,30.221744537353516,30.57939910888672,2409872
2000-11-16,24.776121139526367,29.774677276611328,31.25,29.506437301635742,30.713518142700195,2773912
2000-11-17,28.19864845275879,33.8876953125,33.97711181640625,31.339412689208984,31.473533630371094,7868084
2000-11-20,26.561784744262695,31.92060089111328,33.57474899291992,31.339412689208984,33.53004455566406,4141016
2000-11-21,28.942659378051758,34.781829833984375,36.12303161621094,33.127681732177734,34.781829833984375,10100690
2000-11-22,28.57067108154297,34.33476257324219,35.050071716308594,32.54649353027344,34.781829833984375,3668492
2000-11-24,30.319137573242188,36.43598175048828,36.838340759277344,34.8265380859375,34.96065902709961,1746521
2000-11-27,30.058717727661133,36.12303161621094,37.15128707885742,35.765380859375,36.43598175048828,2995495
2000-11-28,30.170326232910156,36.25715255737305,37.73247528076172,36.07832717895508,36.12303161621094,3540155
2000-11-29,32.06759262084961,38.53719711303711,38.626609802246094,36.525394439697266,36.92775344848633,4385107
2000-11-30,31.063154220581055,37.33011245727539,38.0454216003418,36.21244430541992,37.91130065917969,4962620
2000-12-01,31.54678726196289,37.91130065917969,39.11838150024414,37.73247528076172,37.86659622192383,3628649
2000-12-04,30.35633087158203,36.48068618774414,37.95600891113281,36.12303161621094,37.240699768066406,2895118
2000-12-05,32.77440643310547,39.38662338256836,39.83369064331055,37.59835433959961,37.73247528076172,5472331
2000-12-06,30.95155143737793,37.19599533081055,40.72782516479492,37.19599533081055,39.52074432373047,4366933
2000-12-07,32.141990661621094,38.626609802246094,39.25250244140625,36.74892807006836,37.55364990234375,3059942
2000-12-08,35.378517150878906,42.51609420776367,42.82904052734375,40.146636962890625,40.32546615600586,4409991
2000-12-11,34.374088287353516,41.30901336669922,42.42668151855469,40.77253341674805,41.934906005859375,3181289
2000-12-12,34.07646560668945,40.951358795166016,41.9796142578125,40.77253341674805,41.756080627441406,2134187
2000-12-13,34.63447952270508,41.6219596862793,42.47138977050781,41.353721618652344,42.29256057739258,4095581
2000-12-14,35.26691818237305,42.38197326660156,42.65021514892578,41.53254699707031,41.66666793823242,4246844
2000-12-15,33.85326385498047,40.68312072753906,42.69491958618164,38.9842643737793,42.38197326660156,6050963
2000-12-18,33.92766571044922,40.77253341674805,41.66666793823242,40.280757904052734,40.68312072753906,3403431
2000-12-19,33.9648551940918,40.817237854003906,42.82904052734375,40.63841247558594,40.77253341674805,3278590
2000-12-20,31.24916648864746,37.55364990234375,39.11838150024414,36.16773986816406,39.07367706298828,4698678
2000-12-21,30.57954216003418,36.74892807006836,38.51484298706055,35.67596435546875,37.55364990234375,4023724
2000-12-22,32.551212310791016,39.11838150024414,39.87839889526367,36.525394439697266,36.570098876953125,2558759
2000-12-26,31.844388961791992,38.26895523071289,39.476036071777344,37.91130065917969,39.163089752197266,1579041
2000-12-27,33.29523849487305,40.01251983642578,40.05722427368164,38.313663482666016,38.313663482666016,3748457
2000-12-28,32.92322540283203,39.565452575683594,40.32546615600586,38.89485168457031,39.78898239135742,1763297
2000-12-29,32.588417053222656,39.163089752197266,40.37017059326172,38.358367919921875,39.61015701293945,2069320
2001-01-02,30.28193473815918,36.391273498535156,38.53719711303711,35.09477615356445,38.53719711303711,2261684
2001-01-03,33.4068489074707,40.146636962890625,40.414878845214844,34.02181625366211,35.13948440551758,4502678
2001-01-04,34.67169189453125,41.66666793823242,42.69491958618164,39.565452575683594,40.68312072753906,4398388
2001-01-05,32.77440643310547,39.38662338256836,41.66666793823242,38.26895523071289,40.951358795166016,3277052
2001-01-08,31.695581436157227,38.09012985229492,39.87839889526367,37.41952896118164,38.80543518066406,2273288
2001-01-09,31.54678726196289,37.91130065917969,39.297210693359375,37.06187438964844,38.26895523071289,2474180
2001-01-10,32.92322540283203,39.565452575683594,39.74427795410156,37.4642333984375,37.55364990234375,2405958
2001-01-11,34.26247787475586,41.17489242553711,41.264305114746094,38.403076171875,39.967811584472656,3517088
2001-01-12,33.4068489074707,40.146636962890625,41.48783874511719,39.83369064331055,41.17489242553711,2549253
2001-01-16,34.63447952270508,41.6219596862793,41.66666793823242,39.565452575683594,40.236053466796875,2600979
2001-01-17,36.866573333740234,44.30436325073242,45.1984977722168,42.15843963623047,42.15843963623047,8383107
2001-01-18,40.21468734741211,48.32796859741211,48.64091491699219,43.18669509887695,44.30436325073242,6978536
2001-01-19,39.024261474609375,46.89735412597656,48.283260345458984,46.182044982910156,48.283260345458984,6185171
2001-01-22,37.35020065307617,44.88555145263672,46.94205856323242,43.90200424194336,46.94205856323242,2822422
2001-01-23,37.35020065307617,44.88555145263672,45.779685974121094,43.991416931152344,44.840843200683594,3067911
2001-01-24,34.52287292480469,41.48783874511719,45.332618713378906,41.48783874511719,45.06437683105469,5283881
2001-01-25,32.886024475097656,39.52074432373047,41.040771484375,38.626609802246094,40.54899978637695,4284311
2001-01-26,32.513999938964844,39.07367706298828,39.83369064331055,37.687767028808594,38.85014343261719,3729864
2001-01-29,32.39200210571289,38.927040100097656,40.414878845214844,38.626609802246094,39.69956970214844,3051275
2001-01-30,32.588417053222656,39.163089752197266,39.5922737121582,38.9842643737793,39.5922737121582,2389462
2001-01-31,32.469356536865234,39.02002716064453,39.87839889526367,38.125892639160156,39.341915130615234,2555544
2001-02-01,32.02294158935547,38.48354721069336,38.662376403808594,37.374820709228516,38.197425842285156,3490526
2001-02-02,31.070602416992188,37.339054107666016,39.15593719482422,37.19599533081055,38.53361892700195,3020938
2001-02-05,29.284923553466797,35.19313430786133,38.58369064331055,34.33476257324219,38.340484619140625,3698968
2001-02-06,30.33847427368164,36.459228515625,37.55364990234375,35.33619689941406,35.33619689941406,3243360
2001-02-07,29.844440460205078,35.86552047729492,36.552215576171875,35.15736770629883,36.0515022277832,1774481
2001-02-08,32.26699447631836,38.776824951171875,39.15593719482422,35.94420623779297,35.94420623779297,4129133
2001-02-09,31.24916648864746,37.55364990234375,39.141632080078125,37.21030044555664,38.78397750854492,2443704
2001-02-12,30.427762985229492,36.566524505615234,37.90414810180664,36.0157356262207,37.410587310791016,3014368
2001-02-13,28.195680618286133,33.88412094116211,36.90987014770508,33.87696838378906,36.48068618774414,4389720
2001-02-14,28.57067108154297,34.33476257324219,35.050071716308594,34.17024230957031,34.51359176635742,4302345
2001-02-15,32.05270767211914,38.51931381225586,39.341915130615234,35.472103118896484,35.55078887939453,3954802
2001-02-16,29.7611083984375,35.765380859375,36.12303161621094,34.799713134765625,35.765380859375,5005120
2001-02-20,26.189775466918945,31.473533630371094,35.3719596862793,30.75822639465332,35.19313430786133,6347759
2001-02-21,23.927927017211914,28.7553653717041,30.221744537353516,28.040056228637695,30.042917251586914,9363664
2001-02-22,23.255332946777344,27.947067260742188,29.041488647460938,27.539342880249023,28.5765380859375,6720046
2001-02-23,22.79701042175293,27.39628028869629,28.161659240722656,25.42918586730957,27.954219818115234,5408582
2001-02-26,22.79701042175293,27.39628028869629,27.718168258666992,26.680973052978516,26.959943771362305,3722175
2001-02-27,22.707717895507812,27.288984298706055,28.369098663330078,26.387697219848633,27.00286102294922,3646403
2001-02-28,21.427993774414062,25.751073837280273,27.753934860229492,25.60801124572754,27.467811584472656,3531208
2001-03-01,22.80296516418457,27.403432846069336,27.896995544433594,24.60658073425293,25.679542541503906,5090817
2001-03-02,22.63629722595215,27.203147888183594,28.783977508544922,26.065807342529297,26.072961807250977,3432090
2001-03-05,22.64820671081543,27.21745491027832,28.06151580810547,26.53791046142578,27.21030044555664,2032832
2001-03-06,24.166015625,29.041488647460938,29.556509017944336,27.96852684020996,27.96852684020996,3737693
2001-03-07,24.380300521850586,29.298999786376953,30.314735412597656,29.041488647460938,30.257511138916016,2736725
2001-03-08,23.808879852294922,28.612302780151367,29.4849796295166,28.32617950439453,29.30615234375,2838220
2001-03-09,22.052978515625,26.502145767211914,28.233190536499023,26.216022491455078,27.96852684020996,2820745
2001-03-12,20.838729858398438,25.042917251586914,26.18025779724121,25.035764694213867,25.751073837280273,3404130
2001-03-13,21.773223876953125,26.165950775146484,26.380544662475586,25.143062591552734,25.464950561523438,2649769
2001-03-14,21.011343002319336,25.25035858154297,26.2446346282959,24.992847442626953,25.1788272857666,3685268
2001-03-15,20.743494033813477,24.928468704223633,26.158798217773438,24.69957160949707,25.39341926574707,2882257
2001-03-16,20.6839656829834,24.856937408447266,25.572246551513672,24.291845321655273,24.60658073425293,4145909
2001-03-19,22.017269134521484,26.459226608276367,26.859800338745117,24.041488647460938,24.74964141845703,2405539
2001-03-20,20.416120529174805,24.535049438476562,25.929899215698242,24.535049438476562,25.929899215698242,4223218
2001-03-21,18.80901336669922,22.60371971130371,24.134477615356445,21.17310333251953,23.619455337524414,8677666
2001-03-22,20.71373176574707,24.892704010009766,25.021459579467773,22.775392532348633,22.81831169128418,4605012
2001-03-23,22.517248153686523,27.06008529663086,28.254648208618164,24.892704010009766,24.892704010009766,5074740
2001-03-26,22.064878463745117,26.51645278930664,26.924177169799805,25.851215362548828,26.552217483520508,2916927
2001-03-27,21.981550216674805,26.416309356689453,26.48784065246582,25.565092086791992,26.466381072998047,2694785
2001-03-28,19.46375846862793,23.39055824279785,25.193132400512695,23.247495651245117,25.107295989990234,4258867
2001-03-29,17.85666847229004,21.459226608276367,23.733905792236328,21.459226608276367,22.889842987060547,8742533
2001-03-30,18.29118537902832,21.981401443481445,22.768239974975586,21.6022891998291,21.888412475585938,5381042
2001-04-02,18.36260223388672,22.06723976135254,23.29756736755371,21.67382049560547,23.06867027282715,3512475
2001-04-03,17.55904769897461,21.101573944091797,21.81688117980957,20.02861213684082,21.530757904052734,5082848
2001-04-04,16.719791412353516,20.09299087524414,21.03004264831543,19.856937408447266,20.536481857299805,2869535
2001-04-05,18.225698471069336,21.90271759033203,22.317596435546875,20.536481857299805,20.565092086791992,3350447
2001-04-06,16.54718017578125,19.88555145263672,19.957082748413086,17.8826904296875,18.597997665405273,7364944
2001-04-09,16.428136825561523,19.742488861083984,20.21459197998047,19.33476448059082,19.685264587402344,2894140
2001-04-10,17.76738739013672,21.351930618286133,21.802574157714844,19.928468704223633,20.171674728393555,2968933
2001-04-11,18.856639862060547,22.66094398498535,23.319026947021484,22.174535751342773,22.353361129760742,3331015
2001-04-12,20.213743209838867,24.291845321655273,24.678112030029297,21.466381072998047,22.174535751342773,3337585
2001-04-16,19.832794189453125,23.834049224853516,23.99856948852539,23.11874008178711,23.748212814331055,2173890
2001-04-17,19.8387508392334,23.841201782226562,24.298999786376953,22.725322723388672,23.06867027282715,1803560
2001-04-18,22.61248207092285,27.174535751342773,27.811159133911133,24.463518142700195,24.678112030029297,4993376
2001-04-19,23.207704544067383,27.889842987060547,28.96995735168457,26.745351791381836,26.745351791381836,3886300
2001-04-20,24.04697608947754,28.898426055908203,29.327611923217773,27.54649543762207,27.8826904296875,3567277
2001-04-23,23.808879852294922,28.612302780151367,28.612302780151367,27.33905601501465,28.254648208618164,2869954
2001-04-24,22.154170989990234,26.623748779296875,28.075822830200195,26.108726501464844,27.825464248657227,2702334
2001-04-25,23.112472534179688,27.775392532348633,27.896995544433594,26.130186080932617,26.466381072998047,2332283
2001-04-26,22.62439727783203,27.188840866088867,29.30615234375,27.18168830871582,27.360515594482422,2971030
2001-04-27,23.088666915893555,27.746780395507812,28.7553653717041,27.360515594482422,28.18311882019043,1713529
2001-04-30,23.21961784362793,27.90414810180664,28.79113006591797,27.78254508972168,28.18311882019043,1690042
2001-05-01,23.332712173461914,28.040056228637695,28.218883514404297,26.85264778137207,27.110157012939453,2142435
2001-05-02,23.642221450805664,28.412017822265625,28.934192657470703,28.047210693359375,28.540773391723633,1801183
2001-05-03,22.886289596557617,27.503576278686523,28.075822830200195,27.09585189819336,28.075822830200195,1661663
2001-05-04,22.83867645263672,27.446352005004883,27.96852684020996,26.53791046142578,27.324750900268555,2497527
2001-05-07,23.058897018432617,27.711015701293945,27.96137237548828,26.752504348754883,26.895565032958984,2066663
2001-05-08,22.86842918395996,27.48211669921875,28.32617950439453,27.06008529663086,27.825464248657227,1601269
2001-05-09,23.213666915893555,27.896995544433594,28.569385528564453,26.824033737182617,27.110157012939453,2517379
2001-05-10,23.338653564453125,28.047210693359375,29.45636558532715,27.93991470336914,28.612302780151367,2468169
2001-05-11,23.62436866760254,28.39055824279785,28.88412094116211,28.111587524414062,28.111587524414062,2059813
2001-05-14,23.064861297607422,27.718168258666992,28.49070167541504,27.195993423461914,28.48354721069336,1747081
2001-05-15,22.291067123413086,26.78826904296875,27.811159133911133,26.466381072998047,27.074392318725586,2367233
2001-05-16,22.916048049926758,27.539342880249023,27.539342880249023,25.39341926574707,26.080114364624023,3199043
2001-05-17,23.0470027923584,27.69671058654785,28.254648208618164,26.838340759277344,27.18168830871582,2991580
2001-05-18,21.427993774414062,25.751073837280273,27.861230850219727,25.536481857299805,27.18168830871582,9310820
2001-05-21,22.618438720703125,27.18168830871582,27.39628028869629,25.536481857299805,25.751073837280273,6312949
2001-05-22,23.36246681213379,28.075822830200195,28.469242095947266,27.06008529663086,27.718168258666992,3514712
2001-05-23,22.576778411865234,27.131616592407227,27.496423721313477,26.824033737182617,27.43204689025879,3483816
2001-05-24,21.6065616607666,25.965665817260742,27.253219604492188,25.965665817260742,27.131616592407227,2746930
2001-05-25,22.433927536010742,26.959943771362305,27.539342880249023,26.323318481445312,26.323318481445312,2057576
2001-05-29,21.398235321044922,25.715307235717773,26.93132972717285,25.42203140258789,26.93132972717285,2223379
2001-05-30,19.56495475769043,23.51215934753418,24.892704010009766,23.404863357543945,24.39198875427246,3547425
2001-05-31,19.963747024536133,23.991416931152344,24.320457458496094,23.06867027282715,23.60515022277832,4622767
2001-06-01,20.219697952270508,24.298999786376953,24.856937408447266,23.004291534423828,24.678112030029297,2389601
2001-06-04,19.939939498901367,23.962804794311523,24.45636558532715,23.81974220275879,24.320457458496094,2207442
2001-06-05,20.297077178955078,24.39198875427246,24.57081413269043,23.962804794311523,23.962804794311523,3288795
2001-06-06,20.398258209228516,24.513591766357422,24.964235305786133,23.977109909057617,24.39198875427246,2005990
2001-06-07,21.332761764526367,25.63662338256836,26.072961807250977,23.962804794311523,23.962804794311523,2929229
2001-06-08,20.838729858398438,25.042917251586914,25.536481857299805,24.928468704223633,25.207439422607422,1315658
2001-06-11,20.100645065307617,24.15593719482422,25.035764694213867,23.7195987701416,24.60658073425293,3188419
2001-06-12,19.820899963378906,23.81974220275879,24.070100784301758,22.96137237548828,23.619455337524414,2875686
2001-06-13,19.42805290222168,23.347639083862305,24.2703857421875,23.347639083862305,23.962804794311523,1588687
2001-06-14,18.511411666870117,22.246065139770508,23.004291534423828,21.709585189819336,22.99713897705078,3332133
2001-06-15,18.130464553833008,21.78826904296875,22.145923614501953,20.743919372558594,21.473533630371094,4001635
2001-06-18,17.85666847229004,21.459226608276367,22.224607467651367,20.94420623779297,21.67382049560547,2492634
2001-06-19,17.45191192626953,20.97281837463379,21.945636749267578,20.743919372558594,21.81688117980957,3296344
2001-06-20,16.91621971130371,20.32904052734375,21.03004264831543,19.49213218688965,20.97281837463379,4626122
2001-06-21,17.606674194335938,21.158798217773438,21.20886993408203,20.257511138916016,20.565092086791992,3120616
2001-06-22,17.499528884887695,21.03004264831543,21.716737747192383,20.572246551513672,20.743919372558594,3436703
2001-06-25,17.64833641052246,21.20886993408203,21.4234619140625,20.886980056762695,21.065807342529297,2315927
2001-06-26,17.38048553466797,20.886980056762695,21.4234619140625,20.371959686279297,20.958511352539062,3507582
2001-06-27,17.76738739013672,21.351930618286133,21.81688117980957,20.350500106811523,20.350500106811523,3380364
2001-06-28,18.862590789794922,22.6680965423584,22.81831169128418,21.459226608276367,21.459226608276367,4211056
2001-06-29,19.3447208404541,23.247495651245117,24.39198875427246,22.03147315979004,22.532188415527344,5617723
2001-07-02,19.69589614868164,23.669527053833008,23.962804794311523,22.90414810180664,23.247495651245117,2152361
2001-07-03,19.35662269592285,23.261802673339844,23.748212814331055,23.11874008178711,23.748212814331055,938897
2001-07-05,19.14829444885254,23.011444091796875,23.562231063842773,22.56795310974121,23.254648208618164,2075191
2001-07-06,17.945951461791992,21.566524505615234,22.81831169128418,20.84406280517578,22.81831169128418,2225896
2001-07-09,17.803096771240234,21.39484977722168,21.924177169799805,21.18025779724121,21.566524505615234,1387934
2001-07-10,16.844791412353516,20.24320411682129,21.745351791381836,20.08583641052246,21.39484977722168,3387773
2001-07-11,15.993617057800293,19.22031593322754,20.565092086791992,18.741058349609375,20.27897071838379,4336736
2001-07-12,18.29713249206543,21.988555908203125,22.532188415527344,20.24320411682129,20.386266708374023,3449006
2001-07-13,18.03523063659668,21.67382049560547,22.954219818115234,21.330472946166992,21.995708465576172,2782020
2001-07-16,17.20191764831543,20.672388076782227,21.917024612426758,20.386266708374023,21.566524505615234,2229810
2001-07-17,17.55904769897461,21.101573944091797,21.416309356689453,20.035764694213867,20.207439422607422,2932165
2001-07-18,16.957874298095703,20.379112243652344,20.91559410095215,20.100143432617188,20.100143432617188,1461190
2001-07-19,17.237634658813477,20.715307235717773,21.81688117980957,20.486408233642578,20.486408233642578,1882267
2001-07-20,17.20191764831543,20.672388076782227,21.015737533569336,19.957082748413086,20.536481857299805,2055619
2001-07-23,16.49360466003418,19.8211727142334,20.994277954101562,19.706724166870117,20.736766815185547,2068481
2001-07-24,16.338844299316406,19.63519287109375,19.992847442626953,19.313304901123047,19.742488861083984,2478794
2001-07-25,16.57097816467285,19.91416358947754,19.91416358947754,19.256080627441406,19.599428176879883,2293000
2001-07-26,17.386436462402344,20.894134521484375,21.137338638305664,19.778255462646484,20.02861213684082,2545339
2001-07-27,17.916187286376953,21.530757904052734,21.595136642456055,20.60801124572754,20.851215362548828,1849135
2001-07-30,17.51144027709961,21.044349670410156,21.4234619140625,20.77968406677246,20.77968406677246,1809012
2001-07-31,17.029312133789062,20.464950561523438,21.67382049560547,20.33619499206543,20.77968406677246,2143274
2001-08-01,18.89829444885254,22.711015701293945,22.811159133911133,20.901287078857422,21.101573944091797,3514572
2001-08-02,18.89829444885254,22.711015701293945,23.39055824279785,22.281831741333008,22.532188415527344,2576933
2001-08-03,18.630456924438477,22.389127731323242,23.140199661254883,22.260372161865234,22.317596435546875,1418131
2001-08-06,18.34474754333496,22.045780181884766,22.51788330078125,21.824033737182617,22.39628028869629,1707797
2001-08-07,18.46973419189453,22.195993423461914,22.746780395507812,21.81688117980957,22.045780181884766,1478105
2001-08-08,17.231679916381836,20.708154678344727,21.888412475585938,20.686695098876953,21.2446346282959,3093774
2001-08-09,17.047164916992188,20.486408233642578,20.708154678344727,20.042917251586914,20.708154678344727,1616368
2001-08-10,17.01740264892578,20.45064353942871,20.600858688354492,19.678112030029297,20.493562698364258,2393516
2001-08-13,17.21382713317871,20.686695098876953,20.994277954101562,20.171674728393555,20.743919372558594,1203958
2001-08-14,17.582862854003906,21.130186080932617,21.2446346282959,20.743919372558594,20.743919372558594,2181859
2001-08-15,16.576932907104492,19.921316146850586,20.8726749420166,19.642345428466797,20.672388076782227,1619024
2001-08-16,16.36861228942871,19.67095947265625,19.84978485107422,19.02718162536621,19.49213218688965,2513045
2001-08-17,15.743623733520508,18.919885635375977,19.527896881103516,18.72675323486328,19.527896881103516,2154877
2001-08-20,15.52934741973877,18.66237449645996,18.85550880432129,18.090129852294922,18.669527053833008,2238058
2001-08-21,15.743623733520508,18.919885635375977,19.313304901123047,17.381973266601562,18.0257511138916,7619100
2001-08-22,15.701957702636719,18.869813919067383,19.30615234375,18.597997665405273,19.206008911132812,2534294
2001-08-23,15.576961517333984,18.7195987701416,19.163089752197266,18.51931381225586,18.869813919067383,3637736
2001-08-24,16.541223526000977,19.878398895263672,20.06437873840332,18.812589645385742,18.955650329589844,1958598
2001-08-27,16.16623306274414,19.427753448486328,20.05722427368164,19.349069595336914,20.050071716308594,1373815
2001-08-28,16.36861228942871,19.67095947265625,19.88555145263672,19.141630172729492,19.45636558532715,1880450
2001-08-29,16.160276412963867,19.42060089111328,19.742488861083984,19.39198875427246,19.599428176879883,1934692
2001-08-30,15.50554084777832,18.63376235961914,19.706724166870117,18.533618927001953,19.24177360534668,1991451
2001-08-31,15.773393630981445,18.955650329589844,19.134477615356445,18.49070167541504,18.526466369628906,1439521
2001-09-04,15.37458324432373,18.476394653320312,19.277538299560547,18.311874389648438,18.84835433959961,1868427
2001-09-05,14.642461776733398,17.596567153930664,18.440628051757812,17.353361129760742,18.133047103881836,4119067
2001-09-06,14.285335540771484,17.167381286621094,17.560800552368164,16.595136642456055,17.417739868164062,3933972
2001-09-07,13.898438453674316,16.70243263244629,17.346208572387695,16.530757904052734,16.595136642456055,2353114
2001-09-10,13.719869613647461,16.48784065246582,16.580829620361328,15.994277954101562,16.09442138671875,2746371
2001-09-17,12.946084022521973,15.557939529418945,16.080114364624023,15.021458625793457,15.128754615783691,3550920
2001-09-18,12.934178352355957,15.543634414672852,16.022890090942383,15.021458625793457,15.37911319732666,2132090
2001-09-19,13.541304588317871,16.27324676513672,16.45207405090332,14.384835243225098,15.400571823120117,4091666
2001-09-20,12.392523765563965,14.892704010009766,15.74392032623291,14.692418098449707,15.736766815185547,2919863
2001-09-21,11.993727684020996,14.413448333740234,14.628040313720703,12.87553596496582,12.87553596496582,4078106
2001-09-24,12.499664306640625,15.021458625793457,15.515021324157715,14.449213027954102,14.66380500793457,2779643
2001-09-25,11.7734956741333,14.148783683776855,15.164521217346191,13.233189582824707,15.164521217346191,3446210
2001-09-26,11.487785339355469,13.805436134338379,14.449213027954102,13.233189582824707,14.2703857421875,3173041
2001-09-27,11.452073097229004,13.762517929077148,13.762517929077148,13.175966262817383,13.633763313293457,2527025
2001-09-28,11.636589050292969,13.98426342010498,14.248927116394043,13.59084415435791,13.876967430114746,3049178
2001-10-01,11.225890159606934,13.490700721740723,13.92703914642334,13.390558242797852,13.698140144348145,1960695
2001-10-02,11.9461088180542,14.356223106384277,14.377681732177734,13.59084415435791,13.59084415435791,3390150
2001-10-03,12.648468971252441,15.200285911560059,15.36480712890625,13.98426342010498,14.198856353759766,4097398
2001-10-04,12.916318893432617,15.522174835205078,15.915594100952148,15.064377784729004,15.164521217346191,3655490
2001-10-05,12.559187889099121,15.092989921569824,15.414877891540527,14.59227466583252,15.37911319732666,2721487
2001-10-08,12.749654769897461,15.321887969970703,15.7296142578125,14.735336303710938,14.949928283691406,2069739
2001-10-09,12.368718147277832,14.864091873168945,15.357653617858887,14.628040313720703,15.321887969970703,1821594
2001-10-10,13.059171676635742,15.69384765625,15.722460746765137,14.66380500793457,14.699570655822754,2042618
2001-10-11,14.35676097869873,17.253219604492188,17.42489242553711,15.829756736755371,15.829756736755371,4024702
2001-10-12,13.90438461303711,16.709585189819336,16.988555908203125,16.380544662475586,16.680973052978516,3693656
2001-10-15,13.827006340026855,16.616594314575195,16.88125991821289,16.008583068847656,16.752504348754883,2539187
2001-10-16,14.1722412109375,17.03147315979004,17.153076171875,16.45207405090332,16.45207405090332,1661803
2001-10-17,14.059144020080566,16.895565032958984,17.73247528076172,16.523605346679688,17.525035858154297,2791806
2001-10-18,13.511542320251465,16.23748207092285,16.666667938232422,16.11587905883789,16.344778060913086,1391010
2001-10-19,13.90438461303711,16.709585189819336,16.809728622436523,16.065807342529297,16.17310333251953,1585891
2001-10-22,14.053200721740723,16.888412475585938,16.981401443481445,16.165950775146484,16.23748207092285,1441618
2001-10-23,14.196046829223633,17.06008529663086,17.63233184814453,16.88125991821289,16.888412475585938,1902259
2001-10-24,14.416278839111328,17.324750900268555,17.346208572387695,16.630901336669922,16.9742488861084,1637617
2001-10-25,14.362715721130371,17.260372161865234,17.260372161865234,15.951358795166016,16.809728622436523,2410571
2001-10-26,14.48770809173584,17.410587310791016,17.582260131835938,17.06723976135254,17.09585189819336,1924766
2001-10-29,13.648439407348633,16.402002334594727,17.074392318725586,16.137338638305664,17.06723976135254,1727089
2001-10-30,13.213932037353516,15.879828453063965,16.45207405090332,15.77253246307373,16.30901336669922,1923368
2001-10-31,13.255596160888672,15.929900169372559,16.595136642456055,15.844062805175781,16.022890090942383,1724293
2001-11-01,13.63058853149414,16.380544662475586,16.45207405090332,15.779685020446777,15.822604179382324,1543112
2001-11-02,13.868680953979492,16.666667938232422,16.773963928222656,16.316165924072266,16.559371948242188,1321669
2001-11-05,14.571032524108887,17.510730743408203,17.739627838134766,16.773963928222656,16.773963928222656,2738263
2001-11-06,15.172212600708008,18.233190536499023,18.233190536499023,17.274677276611328,17.689556121826172,2304044
2001-11-07,14.701985359191895,17.6680965423584,18.075822830200195,17.553647994995117,17.87553596496582,1567997
2001-11-08,14.7317533493042,17.7038631439209,18.412017822265625,17.560800552368164,17.596567153930664,2690032
2001-11-09,14.761509895324707,17.739627838134766,17.839771270751953,17.381973266601562,17.45350456237793,1310206
2001-11-12,14.666272163391113,17.625179290771484,17.739627838134766,16.888412475585938,17.42489242553711,2104829
2001-11-13,14.850791931152344,17.846923828125,17.8826904296875,17.2961368560791,17.310443878173828,2973266
2001-11-14,15.065068244934082,18.104434967041016,18.383405685424805,17.889842987060547,17.96137237548828,2448038
2001-11-15,14.898409843444824,17.90414810180664,18.161659240722656,17.317596435546875,17.8826904296875,2672277
2001-11-16,14.362715721130371,17.260372161865234,17.346208572387695,16.165950775146484,17.09585189819336,11550556
2001-11-19,14.529364585876465,17.460657119750977,17.7038631439209,16.84549331665039,17.167381286621094,12996926
2001-11-20,14.154382705688477,17.010013580322266,17.353361129760742,16.88125991821289,17.346208572387695,13580172
2001-11-21,14.481756210327148,17.403432846069336,17.45350456237793,16.93848419189453,17.074392318725586,8538704
2001-11-23,14.940072059631348,17.954219818115234,17.954219818115234,17.360515594482422,17.439199447631836,2515561
2001-11-26,15.62458324432373,18.776824951171875,18.812589645385742,17.91130256652832,17.982833862304688,6878999
2001-11-27,16.070995330810547,19.313304901123047,19.735336303710938,18.669527053833008,18.741058349609375,8316143
2001-11-28,16.041236877441406,19.277538299560547,19.49213218688965,18.776824951171875,18.955650329589844,5990290
2001-11-29,16.17218017578125,19.434907913208008,19.563661575317383,18.64091682434082,19.134477615356445,4573837
2001-11-30,16.231704711914062,19.506437301635742,19.67095947265625,19.298999786376953,19.67095947265625,4702872
2001-12-03,16.374557495117188,19.678112030029297,19.81402015686035,19.24177360534668,19.45636558532715,3349748
2001-12-04,16.7554988861084,20.135908126831055,20.135908126831055,19.477825164794922,19.81402015686035,3414335
2001-12-05,17.81499481201172,21.409156799316406,21.409156799316406,20.08583641052246,20.207439422607422,6792183
2001-12-06,17.713809967041016,21.287553787231445,21.45207405090332,20.958511352539062,21.4234619140625,3114185
2001-12-07,17.945951461791992,21.566524505615234,22.081544876098633,21.037195205688477,21.2446346282959,5810228
2001-12-10,17.8268985748291,21.4234619140625,21.995708465576172,20.886980056762695,21.4234619140625,3657168
2001-12-11,17.434053421020508,20.951358795166016,21.60944175720215,20.929899215698242,21.4234619140625,3136693
2001-12-12,18.279273986816406,21.96709632873535,22.06723976135254,21.044349670410156,21.065807342529297,5034058
2001-12-13,16.975730895996094,20.400571823120117,21.294706344604492,20.39341926574707,21.2446346282959,3430133
2001-12-14,17.16025161743164,20.622318267822266,20.736766815185547,20.035764694213867,20.06437873840332,3045263
2001-12-17,17.207866668701172,20.679542541503906,21.080114364624023,20.24320411682129,20.371959686279297,4859448
2001-12-18,17.154306411743164,20.61516571044922,21.044349670410156,20.314735412597656,20.722461700439453,3012690
2001-12-19,16.99358558654785,20.42203140258789,20.808298110961914,20.02861213684082,20.06437873840332,2517938
2001-12-20,16.48764991760254,19.81402015686035,20.21459197998047,19.613733291625977,20.135908126831055,3982203
2001-12-21,16.636457443237305,19.992847442626953,20.24320411682129,19.72818374633789,19.72818374633789,3732520
2001-12-24,16.96977996826172,20.39341926574707,20.457796096801758,20.100143432617188,20.371959686279297,1246177
2001-12-26,16.72573471069336,20.100143432617188,20.658082962036133,20.100143432617188,20.529327392578125,2467051
2001-12-27,17.166208267211914,20.629470825195312,20.722461700439453,20.035764694213867,20.035764694213867,1909948
2001-12-28,17.231679916381836,20.708154678344727,20.87982749938965,20.42203140258789,20.743919372558594,1600430
2001-12-31,16.96977996826172,20.39341926574707,20.81545066833496,20.350500106811523,20.529327392578125,2142016
2002-01-02,17.410247802734375,20.922746658325195,20.987123489379883,20.357654571533203,20.39341926574707,3018701
2002-01-03,18.511411666870117,22.246065139770508,22.317596435546875,21.044349670410156,21.09442138671875,4558319
2002-01-04,19.51137924194336,23.447782516479492,23.562231063842773,22.639484405517578,22.81831169128418,7155244
2002-01-07,19.43399429321289,23.354793548583984,23.526466369628906,23.03290367126465,23.376251220703125,5325262
2002-01-08,19.493528366088867,23.42632293701172,23.526466369628906,23.06867027282715,23.354793548583984,3488569
2002-01-09,19.029254913330078,22.868383407592773,23.81974220275879,22.6680965423584,23.404863357543945,2959286
2002-01-10,18.880441665649414,22.689556121826172,22.868383407592773,22.389127731323242,22.868383407592773,1730864
2002-01-11,18.475690841674805,22.203147888183594,22.81831169128418,21.96709632873535,22.689556121826172,1979848
2002-01-14,18.10665512084961,21.75965690612793,21.90271759033203,21.50929832458496,21.81688117980957,3117260
2002-01-15,18.124513626098633,21.781116485595703,22.281831741333008,21.587982177734375,21.75965690612793,2600280
2002-01-16,17.178110122680664,20.64377784729004,21.316165924072266,20.493562698364258,21.316165924072266,3577342
2002-01-17,17.481670379638672,21.008583068847656,21.09442138671875,20.472103118896484,20.672388076782227,1993548
2002-01-18,16.951927185058594,20.371959686279297,20.722461700439453,20.200286865234375,20.61516571044922,2725261
2002-01-22,16.16623306274414,19.427753448486328,20.386266708374023,19.349069595336914,20.314735412597656,2172352
2002-01-23,16.666221618652344,20.02861213684082,20.557939529418945,19.256080627441406,19.256080627441406,3078815
2002-01-24,17.136442184448242,20.593704223632812,20.922746658325195,20.24320411682129,20.379112243652344,1453780
2002-01-25,17.29715347290039,20.78683853149414,20.958511352539062,20.27897071838379,20.600858688354492,2370029
2002-01-28,17.636430740356445,21.194564819335938,21.316165924072266,20.64377784729004,20.75822639465332,2885752
2002-01-29,17.410247802734375,20.922746658325195,21.530757904052734,20.743919372558594,21.03004264831543,2198075
2002-01-30,17.523340225219727,21.05865478515625,21.101573944091797,20.135908126831055,20.57939910888672,2638445
2002-01-31,18.064992904663086,21.709585189819336,21.73104476928711,20.858369827270508,20.958511352539062,2756716
2002-02-01,17.624523162841797,21.18025779724121,21.616594314575195,20.865522384643555,21.530757904052734,1535983
2002-02-04,17.011449813842773,20.443490982055664,21.2446346282959,20.257511138916016,20.81545066833496,1552060
2002-02-05,16.16623306274414,19.427753448486328,20.672388076782227,19.30615234375,20.264663696289062,3936209
2002-02-06,16.059091567993164,19.298999786376953,19.706724166870117,18.90557861328125,19.599428176879883,3709593
2002-02-07,15.707913398742676,18.87696647644043,19.4849796295166,18.79113006591797,19.470672607421875,2612443
2002-02-08,15.463875770568848,18.583690643310547,19.070100784301758,17.76108741760254,18.88412094116211,4329047
2002-02-11,15.916244506835938,19.1273250579834,19.24177360534668,18.24034309387207,18.24034309387207,2868137
2002-02-12,15.571008682250977,18.712446212768555,19.263233184814453,18.562231063842773,18.948497772216797,3290193
2002-02-13,15.987665176391602,19.21316146850586,19.349069595336914,18.891273498535156,18.891273498535156,2943629
2002-02-14,16.249561309814453,19.527896881103516,19.527896881103516,18.927038192749023,19.24177360534668,3103700
2002-02-15,16.36861228942871,19.67095947265625,19.792560577392578,19.45636558532715,19.72818374633789,2813195
2002-02-19,15.50554084777832,18.63376235961914,19.227468490600586,18.597997665405273,19.170242309570312,2347661
2002-02-20,17.178110122680664,20.64377784729004,21.316165924072266,20.02861213684082,20.02861213684082,7024950
2002-02-21,16.76145362854004,20.143062591552734,21.17310333251953,20.100143432617188,20.77968406677246,3377428
2002-02-22,16.82097816467285,20.21459197998047,20.493562698364258,19.892704010009766,20.171674728393555,2054501
2002-02-25,17.261436462402344,20.743919372558594,21.17310333251953,20.350500106811523,20.386266708374023,1873739
2002-02-26,17.684045791625977,21.251787185668945,21.380544662475586,20.66523551940918,20.743919372558594,2756157
2002-02-27,18.237613677978516,21.917024612426758,22.846923828125,21.351930618286133,21.444921493530273,6403958
2002-02-28,18.541175842285156,22.281831741333008,22.954219818115234,22.21030044555664,22.889842987060547,3846457
2002-03-01,19.636369705200195,23.597997665405273,23.81974220275879,22.460657119750977,22.496423721313477,6266815
2002-03-04,20.8089599609375,25.007152557373047,25.143062591552734,23.46208953857422,23.64091682434082,5819035
2002-03-05,20.77325439453125,24.964235305786133,25.672388076782227,24.535049438476562,24.856937408447266,4811636
2002-03-06,20.487546920776367,24.620887756347656,25.21459197998047,24.463518142700195,24.892704010009766,4095022
2002-03-07,20.71373176574707,24.892704010009766,25.1788272857666,24.685264587402344,25.035764694213867,2545059
2002-03-08,21.4815731048584,25.81545066833496,26.008583068847656,25.050071716308594,25.071531295776367,5096828
2002-03-11,21.552993774414062,25.901287078857422,26.459226608276367,25.808298110961914,25.81545066833496,4470804
2002-03-12,21.43394660949707,25.75822639465332,25.865522384643555,25.143062591552734,25.1788272857666,4149683
2002-03-13,21.24346923828125,25.529327392578125,25.64377784729004,25.293275833129883,25.60801124572754,6985526
2002-03-14,21.225618362426758,25.50786781311035,25.715307235717773,25.321887969970703,25.536481857299805,3553856
2002-03-15,22.207735061645508,26.688125610351562,26.824033737182617,25.572246551513672,25.686695098876953,4566707
2002-03-18,22.058935165405273,26.50929832458496,27.18168830871582,26.287553787231445,26.688125610351562,5432768
2002-03-19,21.785127639770508,26.18025779724121,26.745351791381836,25.9084415435791,26.50929832458496,3069868
2002-03-20,20.45182991027832,24.57796859741211,25.965665817260742,24.535049438476562,25.751073837280273,5468976
2002-03-21,21.023250579833984,25.264663696289062,25.33619499206543,24.54935646057129,24.60658073425293,2314529
2002-03-22,20.457786560058594,24.585121154785156,25.30758285522461,24.39198875427246,25.107295989990234,2318723
2002-03-25,19.87447166442871,23.88412094116211,24.921316146850586,23.81974220275879,24.63519287109375,2467330
2002-03-26,19.95185089111328,23.977109909057617,24.60658073425293,23.798282623291016,24.034334182739258,3734198
2002-03-27,19.791139602661133,23.783977508544922,24.377681732177734,23.63376235961914,24.248926162719727,5377966
2002-03-28,20.8089599609375,25.007152557373047,25.293275833129883,24.105865478515625,24.284692764282227,3748737
2002-04-01,21.743465423583984,26.130186080932617,26.323318481445312,24.8211727142334,24.985694885253906,3609356
2002-04-02,21.249427795410156,25.536481857299805,26.087268829345703,25.293275833129883,26.037195205688477,6854114
2002-04-03,20.862533569335938,25.071531295776367,26.430614471435547,24.75679588317871,26.108726501464844,4211335
2002-04-04,20.32088851928711,24.42060089111328,25.343347549438477,24.313304901123047,25.193132400512695,2990322
2002-04-05,20.17207145690918,24.24177360534668,24.84978485107422,24.105865478515625,24.499284744262695,1465523
2002-04-08,20.35659408569336,24.463518142700195,24.771102905273438,23.533618927001953,23.783977508544922,2808442
2002-04-09,19.52328872680664,23.46208953857422,24.628040313720703,23.29756736755371,24.377681732177734,2935101
2002-04-10,19.749469757080078,23.733905792236328,23.898426055908203,23.469242095947266,23.60515022277832,5200001
2002-04-11,19.136388778686523,22.99713897705078,23.533618927001953,22.889842987060547,23.39055824279785,4747468
2002-04-12,19.255435943603516,23.140199661254883,23.354793548583984,22.811159133911133,23.047210693359375,3185343
2002-04-15,19.30900764465332,23.204578399658203,23.46208953857422,22.854076385498047,23.140199661254883,2407915
2002-04-16,20.178028106689453,24.248926162719727,24.320457458496094,23.469242095947266,23.569385528564453,9356395
2002-04-17,20.81492042541504,25.014305114746094,25.050071716308594,24.284692764282227,24.499284744262695,4315486
2002-04-18,20.594690322875977,24.74964141845703,24.856937408447266,23.977109909057617,24.78540802001953,3828423
2002-04-19,20.83277702331543,25.035764694213867,25.228897094726562,24.90700912475586,25.035764694213867,3715604
2002-04-22,20.0887508392334,24.141630172729492,24.78540802001953,23.741058349609375,24.72102928161621,2904345
2002-04-23,19.23163414001465,23.111587524414062,24.535049438476562,23.09728240966797,24.141630172729492,8178300
2002-04-24,18.529266357421875,22.26752471923828,23.45493507385254,22.253219604492188,23.283262252807617,4041478
2002-04-25,18.4221248626709,22.138769149780273,22.3319034576416,21.4234619140625,22.103004455566406,3438940
2002-04-26,17.832857131958008,21.430614471435547,22.317596435546875,21.316165924072266,22.174535751342773,2454888
2002-04-29,17.64833641052246,21.20886993408203,21.802574157714844,21.022890090942383,21.2804012298584,4021347
2002-04-30,17.88642120361328,21.494993209838867,21.85264778137207,21.09442138671875,21.351930618286133,2715895
2002-05-01,18.118560791015625,21.773963928222656,22.06723976135254,20.743919372558594,21.459226608276367,3447748
2002-05-02,17.320960998535156,20.81545066833496,21.60944175720215,20.743919372558594,21.6022891998291,3960674
2002-05-03,16.96977996826172,20.39341926574707,20.801143646240234,20.27897071838379,20.743919372558594,3502409
2002-05-06,16.576932907104492,19.921316146850586,20.8726749420166,19.91416358947754,20.228897094726562,2487042
2002-05-07,16.553133010864258,19.892704010009766,20.386266708374023,19.856937408447266,20.314735412597656,3551200
2002-05-08,17.880475997924805,21.48784065246582,21.888412475585938,20.565092086791992,20.600858688354492,3331015
2002-05-09,17.106685638427734,20.557939529418945,21.51645278930664,20.500715255737305,21.2804012298584,4998549
2002-05-10,16.636457443237305,19.992847442626953,20.701000213623047,19.613733291625977,20.565092086791992,3757405
2002-05-13,16.940025329589844,20.357654571533203,20.715307235717773,19.81402015686035,19.992847442626953,2274686
2002-05-14,18.48165512084961,22.21030044555664,22.353361129760742,21.316165924072266,21.67382049560547,4304023
2002-05-15,17.707866668701172,21.2804012298584,21.924177169799805,21.258941650390625,21.459226608276367,3405528
2002-05-16,17.618576049804688,21.17310333251953,21.316165924072266,20.922746658325195,21.2804012298584,3368481
2002-05-17,17.862621307373047,21.466381072998047,21.48784065246582,20.386266708374023,21.2446346282959,5153727
2002-05-20,17.499528884887695,21.03004264831543,21.27324676513672,20.894134521484375,21.17310333251953,2588956
2002-05-21,16.98763656616211,20.414878845214844,21.45207405090332,20.221744537353516,21.108726501464844,2499904
2002-05-22,16.7316951751709,20.107295989990234,20.708154678344727,19.8211727142334,20.414878845214844,3736295
2002-05-23,16.565031051635742,19.90700912475586,20.24320411682129,19.57796859741211,20.107295989990234,2972707
2002-05-24,16.249561309814453,19.527896881103516,19.992847442626953,19.42060089111328,19.90700912475586,2640123
2002-05-28,16.154327392578125,19.413448333740234,19.949928283691406,19.248926162719727,19.563661575317383,1857103
2002-05-29,15.892430305480957,19.098712921142578,19.38483428955078,19.098712921142578,19.263233184814453,1714228
2002-05-30,15.553159713745117,18.69098663330078,19.098712921142578,18.204578399658203,19.02718162536621,4138220
2002-05-31,15.696009635925293,18.862661361694336,19.18454933166504,18.597997665405273,18.69098663330078,2989343
2002-06-03,15.196022033691406,18.261802673339844,18.991416931152344,18.06867027282715,18.948497772216797,1863814
2002-06-04,15.172212600708008,18.233190536499023,18.412017822265625,17.854076385498047,18.261802673339844,2808582
2002-06-05,14.940072059631348,17.954219818115234,18.26895523071289,17.525035858154297,18.133047103881836,2903786
2002-06-06,14.660323143005371,17.618026733398438,18.51215934753418,17.346208572387695,17.560800552368164,2211636
2002-06-07,14.10676383972168,16.952789306640625,17.26752471923828,16.824033737182617,16.995708465576172,3352124
2002-06-10,14.719843864440918,17.689556121826172,18.047210693359375,16.680973052978516,16.952789306640625,3656189
2002-06-11,15.035309791564941,18.06867027282715,18.597997665405273,17.711015701293945,17.711015701293945,6978956
2002-06-12,14.684136390686035,17.646638870239258,18.383405685424805,17.310443878173828,18.06867027282715,3401753
2002-06-13,14.285335540771484,17.167381286621094,17.796852111816406,17.103004455566406,17.739627838134766,3964309
2002-06-14,13.98771858215332,16.809728622436523,17.110157012939453,16.45207405090332,16.630901336669922,3019680
2002-06-17,15.005555152893066,18.03290367126465,18.290414810180664,17.06008529663086,17.131616592407227,4357985
2002-06-18,15.041263580322266,18.075822830200195,18.5765380859375,17.725322723388672,18.09728240966797,3367223
2002-06-19,14.463897705078125,17.381973266601562,17.868383407592773,17.06008529663086,17.682403564453125,3960254
2002-06-20,14.285335540771484,17.167381286621094,17.7038631439209,17.017166137695312,17.310443878173828,3845199
2002-06-21,14.261526107788086,17.138769149780273,17.30328941345215,16.831186294555664,17.167381286621094,4192742
2002-06-24,14.38056468963623,17.281831741333008,17.69671058654785,16.831186294555664,17.167381286621094,4355469
2002-06-25,14.017480850219727,16.84549331665039,17.804006576538086,16.824033737182617,17.6680965423584,2742596
2002-06-26,13.809148788452148,16.595136642456055,16.738197326660156,16.022890090942383,16.459226608276367,3285999
2002-06-27,14.422232627868652,17.3319034576416,17.525035858154297,16.595136642456055,16.623748779296875,1979428
2002-06-28,14.077007293701172,16.917024612426758,17.489269256591797,16.84549331665039,17.153076171875,3194290
2002-07-01,13.767486572265625,16.54506492614746,17.103004455566406,16.323318481445312,16.773963928222656,2621250
2002-07-02,13.065125465393066,15.701001167297363,16.552217483520508,15.386265754699707,16.344778060913086,4059093
2002-07-03,13.690109252929688,16.45207405090332,16.51645278930664,15.39341926574707,15.557939529418945,4723702
2002-07-05,14.255568504333496,17.131616592407227,17.346208572387695,16.416309356689453,16.45207405090332,2448178
2002-07-08,13.690109252929688,16.45207405090332,17.21030044555664,16.137338638305664,17.167381286621094,3802560
2002-07-09,13.481781959533691,16.201717376708984,16.988555908203125,16.09442138671875,16.380544662475586,2677869
2002-07-10,13.148455619812012,15.801143646240234,16.666667938232422,15.786837577819824,16.48784065246582,2426648
2002-07-11,14.017480850219727,16.84549331665039,17.160228729248047,15.450643539428711,15.736766815185547,3783687
2002-07-12,14.207954406738281,17.074392318725586,17.381973266601562,16.53791046142578,16.988555908203125,4418379
2002-07-15,14.029385566711426,16.859800338745117,17.06008529663086,15.979970932006836,16.824033737182617,2868277
2002-07-16,13.862720489501953,16.659513473510742,17.503576278686523,16.23748207092285,16.351930618286133,3817519
2002-07-17,13.523441314697266,16.251787185668945,17.23891258239746,15.75822639465332,16.838340759277344,3594398
2002-07-18,12.934178352355957,15.543634414672852,16.559371948242188,15.479255676269531,16.23748207092285,3083149
2002-07-19,12.350855827331543,14.842632293701172,15.529328346252441,14.57796859741211,15.36480712890625,4639403
2002-07-22,11.898492813110352,14.298998832702637,14.949928283691406,14.091559410095215,14.628040313720703,4534553
2002-07-23,11.749686241149902,14.120171546936035,14.60658073425293,13.898426055908203,14.341917037963867,4120325
2002-07-24,11.27350902557373,13.54792594909668,14.0128755569458,12.925607681274414,13.948497772216797,6324552
2002-07-25,9.993779182434082,12.010013580322266,13.440629005432129,11.444920539855957,13.340485572814941,6308195
2002-07-26,10.303292274475098,12.381974220275879,12.582260131835938,12.095850944519043,12.19599437713623,3480601
2002-07-29,10.904468536376953,13.104434967041016,13.104434967041016,12.553647994995117,12.553647994995117,3001786
2002-07-30,11.029467582702637,13.25464916229248,13.505006790161133,12.589412689208984,13.104434967041016,4749705
2002-07-31,11.237793922424316,13.505006790161133,13.519312858581543,12.768239974975586,13.340485572814941,2289085
2002-08-01,10.571144104003906,12.703863143920898,13.505006790161133,12.589412689208984,13.247495651245117,3884343
2002-08-02,10.023543357849121,12.045780181884766,12.474964141845703,11.623747825622559,12.374820709228516,2628659
2002-08-05,9.333085060119629,11.216023445129395,12.19599437713623,11.037196159362793,12.160228729248047,1910926
2002-08-06,9.684264183044434,11.638053894042969,11.981402397155762,11.39484977722168,11.39484977722168,1985999
2002-08-07,10.041400909423828,12.067238807678223,12.217453956604004,11.40915584564209,12.145922660827637,2245328
2002-08-08,10.237818717956543,12.303290367126465,12.374820709228516,11.416309356689453,12.160228729248047,2956351
2002-08-09,9.952116012573242,11.959942817687988,12.188840866088867,11.716737747192383,11.895565032958984,2253995
2002-08-12,9.797357559204102,11.77396297454834,11.931329727172852,11.444920539855957,11.659514427185059,1577224
2002-08-13,9.458077430725098,11.366236686706543,11.959942817687988,11.344778060913086,11.77396297454834,3225326
2002-08-14,9.547364234924316,11.473533630371094,11.473533630371094,10.77253246307373,11.280401229858398,3490806
2002-08-15,9.541413307189941,11.466381072998047,11.74535083770752,11.373391151428223,11.695279121398926,3332972
2002-08-16,9.499746322631836,11.416309356689453,11.981402397155762,11.09442138671875,11.43776798248291,4784515
2002-08-19,10.3806734085083,12.474964141845703,12.625179290771484,11.301859855651855,11.344778060913086,4195398
2002-08-20,9.642602920532227,11.587983131408691,12.446352005004883,11.266094207763672,11.623747825622559,10734263
2002-08-21,10.148538589477539,12.19599437713623,12.339056015014648,11.487839698791504,11.695279121398926,3668911
2002-08-22,10.130680084228516,12.174534797668457,12.303290367126465,11.809727668762207,12.131616592407227,3439360
2002-08-23,9.535459518432617,11.459226608276367,12.067238807678223,11.459226608276367,12.060086250305176,2544500
2002-08-26,9.642602920532227,11.587983131408691,11.723891258239746,11.459226608276367,11.459226608276367,2231348
2002-08-27,9.112849235534668,10.951358795166016,11.659514427185059,10.7296142578125,11.595135688781738,4642898
2002-08-28,8.8390474319458,10.622318267822266,10.915594100952148,10.593705177307129,10.858368873596191,4611583
2002-08-29,8.452155113220215,10.157367706298828,10.400571823120117,10.157367706298828,10.264663696289062,8322853
2002-08-30,7.993832588195801,9.60658073425293,9.949928283691406,9.535050392150879,9.942774772644043,5418229
2002-09-03,7.6486053466796875,9.191701889038086,9.542202949523926,9.127325057983398,9.535050392150879,7009292
2002-09-04,8.035497665405273,9.656652450561523,9.763948440551758,9.298998832702637,9.327610969543457,4638983
2002-09-05,8.166447639465332,9.814020156860352,9.821172714233398,9.370529174804688,9.513590812683105,7068428
2002-09-06,8.422395706176758,10.121602058410645,10.264663696289062,9.935622215270996,10.050071716308594,5318551
2002-09-09,8.767621040344238,10.536480903625488,10.586551666259766,9.477825164794922,10.092989921569824,5283042
2002-09-10,9.08903980255127,10.922746658325195,11.158798217773438,10.457797050476074,10.608011245727539,4832886
2002-09-11,9.184279441833496,11.037196159362793,11.502145767211914,10.944206237792969,11.502145767211914,2946844
2002-09-12,9.08903980255127,10.922746658325195,11.39484977722168,10.894133567810059,11.037196159362793,4427606
2002-09-13,8.91642951965332,10.71530818939209,11.065808296203613,10.443490982055664,10.901288032531738,3338843
2002-09-16,8.68429183959961,10.436338424682617,10.865522384643555,10.243205070495605,10.658082962036133,2697161
2002-09-17,8.785479545593262,10.557939529418945,10.765378952026367,10.443490982055664,10.658082962036133,3135295
2002-09-18,8.779523849487305,10.550786972045898,10.586551666259766,10.200285911560059,10.515021324157715,5656588
2002-09-19,8.374775886535645,10.064377784729004,10.443490982055664,10.01430606842041,10.443490982055664,3454178
2002-09-20,8.315254211425781,9.992847442626953,10.236051559448242,9.835478782653809,10.100143432617188,4106066
2002-09-23,7.9462151527404785,9.549356460571289,9.978541374206543,9.470671653747559,9.942774772644043,3924745
2002-09-24,7.856930732727051,9.442060470581055,9.799714088439941,9.363375663757324,9.477825164794922,4394333
2002-09-25,8.374775886535645,10.064377784729004,10.236051559448242,9.527896881103516,9.585122108459473,2937198
2002-09-26,8.20216178894043,9.856938362121582,10.228898048400879,9.642346382141113,10.100143432617188,4163244
2002-09-27,7.791457653045654,9.363375663757324,10.021458625793457,9.363375663757324,9.785408020019531,3408044
2002-09-30,7.7736005783081055,9.341917037963867,9.62088680267334,8.834049224853516,9.191701889038086,3721057
2002-10-01,7.767650604248047,9.334763526916504,9.477825164794922,8.977109909057617,9.477825164794922,4300528
2002-10-02,7.440277099609375,8.94134521484375,9.628040313720703,8.94134521484375,9.327610969543457,2815712
2002-10-03,7.321230411529541,8.798282623291016,9.070099830627441,8.748211860656738,8.94134521484375,3280127
2002-10-04,7.02362060546875,8.440629005432129,8.869813919067383,8.404864311218262,8.812588691711426,3176955
2002-10-07,6.856959342956543,8.24034309387207,8.94134521484375,8.24034309387207,8.447783470153809,3569374
2002-10-08,7.279568195343018,8.748211860656738,8.869813919067383,8.290414810180664,8.311874389648438,4898312
2002-10-09,6.4879231452941895,7.796853065490723,8.669528007507324,7.796853065490723,8.583690643310547,4592290
2002-10-10,6.45815896987915,7.761086940765381,7.9613728523254395,7.7253217697143555,7.832618236541748,6785053
2002-10-11,6.4879231452941895,7.796853065490723,8.054363250732422,7.6537909507751465,7.832618236541748,5277869
2002-10-14,6.553394794464111,7.87553596496582,7.997138977050781,7.510729789733887,7.6537909507751465,3241822
2002-10-15,7.065286159515381,8.490700721740723,8.583690643310547,7.882689952850342,8.125893592834473,3469836
2002-10-16,6.696247100830078,8.047209739685059,8.440629005432129,7.925608158111572,8.297568321228027,4005829
2002-10-17,7.202185153961182,8.655221939086914,8.655221939086914,8.440629005432129,8.54792594909668,3689881
2002-10-18,7.202185153961182,8.655221939086914,8.712446212768555,8.082976341247559,8.626608848571777,4631854
2002-10-21,7.458131790161133,8.962803840637207,9.0128755569458,8.290414810180664,8.512160301208496,3410002
2002-10-22,7.321230411529541,8.798282623291016,8.869813919067383,8.54792594909668,8.597996711730957,3464244
2002-10-23,7.142667770385742,8.583690643310547,8.90557861328125,8.369098663330078,8.726753234863281,5423541
2002-10-24,7.767650604248047,9.334763526916504,9.692418098449707,8.726753234863281,8.769671440124512,4316185
2002-10-25,7.702177047729492,9.25607967376709,9.370529174804688,8.98426342010498,9.277539253234863,2958448
2002-10-28,8.047403335571289,9.67095947265625,9.97138786315918,9.406294822692871,9.406294822692871,2695064
2002-10-29,7.571224689483643,9.098711967468262,9.656652450561523,8.834049224853516,9.442060470581055,3310045
2002-10-30,8.255730628967285,9.921316146850586,9.978541374206543,9.077253341674805,9.098711967468262,3626692
2002-10-31,8.184305191040039,9.835478782653809,10.171673774719238,9.699570655822754,10.0,4303463
2002-11-01,8.67834186553955,10.429184913635254,10.472103118896484,9.442060470581055,9.771101951599121,2990042
2002-11-04,8.946189880371094,10.751072883605957,11.194563865661621,10.515021324157715,10.550786972045898,4131649
2002-11-05,8.969996452331543,10.779685020446777,10.951358795166016,10.507867813110352,10.7296142578125,2230509
2002-11-06,8.904522895812988,10.701001167297363,10.944206237792969,10.42203140258789,10.74392032623291,2202829
2002-11-07,8.458110809326172,10.164521217346191,10.550786972045898,10.021458625793457,10.543634414672852,2371288
2002-11-08,8.36286735534668,10.050071716308594,10.33619499206543,9.856938362121582,10.01430606842041,2492914
2002-11-11,8.059310913085938,9.685264587402344,10.007152557373047,9.656652450561523,9.856938362121582,1644328
2002-11-12,8.214069366455078,9.871245384216309,10.121602058410645,9.685264587402344,9.685264587402344,2148866
2002-11-13,7.97597599029541,9.585122108459473,9.864091873168945,9.434906959533691,9.656652450561523,3037714
2002-11-14,8.321206092834473,10.0,10.021458625793457,9.442060470581055,9.585122108459473,2348360
2002-11-15,8.214069366455078,9.871245384216309,10.321887969970703,9.728182792663574,9.842632293701172,3289913
2002-11-18,8.095025062561035,9.728182792663574,10.071531295776367,9.67095947265625,9.799714088439941,2996613
2002-11-19,9.880690574645996,11.874106407165527,12.21030044555664,10.515021324157715,10.550786972045898,18513155
2002-11-20,10.124728202819824,12.16738224029541,12.303290367126465,11.45207405090332,11.866952896118164,6616874
2002-11-21,10.856853485107422,13.047209739685059,13.261802673339844,12.439199447631836,12.446352005004883,7871020
2002-11-22,10.86280345916748,13.054363250732422,13.412016868591309,12.87553596496582,13.054363250732422,4724960
2002-11-25,11.624686241149902,13.96995735168457,14.020029067993164,12.854077339172363,12.947067260742188,5346371
2002-11-26,11.166367530822754,13.419170379638672,14.041487693786621,13.361946105957031,14.041487693786621,4103130
2002-11-27,11.654448509216309,14.005722045898438,14.020029067993164,13.490700721740723,13.555079460144043,2473062
2002-11-29,11.553261756896973,13.884119987487793,14.055793762207031,13.690986633300781,14.0128755569458,1203958
2002-12-02,11.487785339355469,13.805436134338379,14.413448333740234,13.519312858581543,14.127325057983398,2778525
2002-12-03,10.749710083007812,12.918455123901367,13.633763313293457,12.87553596496582,13.626608848571777,3979547
2002-12-04,10.184248924255371,12.238912582397461,12.560800552368164,11.959942817687988,12.553647994995117,5374052
2002-12-05,10.089015007019043,12.12446403503418,12.49642276763916,12.088698387145996,12.410587310791016,2164104
2002-12-06,9.993779182434082,12.010013580322266,12.281830787658691,11.77396297454834,12.031474113464355,3040930
2002-12-09,9.761643409729004,11.731043815612793,12.017167091369629,11.695279121398926,11.874106407165527,3637177
2002-12-10,10.214010238647461,12.274678230285645,12.288984298706055,11.738197326660156,11.738197326660156,3175557
2002-12-11,10.309247016906738,12.389126777648926,12.725321769714355,12.038626670837402,12.131616592407227,3119637
2002-12-12,10.22591495513916,12.288984298706055,12.618025779724121,12.160228729248047,12.339056015014648,3609776
2002-12-13,10.237818717956543,12.303290367126465,12.303290367126465,11.866952896118164,12.160228729248047,2967535
2002-12-16,10.487812995910645,12.603719711303711,12.682402610778809,12.274678230285645,12.303290367126465,2107345
2002-12-17,10.356865882873535,12.446352005004883,12.825465202331543,12.246066093444824,12.603719711303711,1809851
2002-12-18,10.029491424560547,12.052932739257812,12.746781349182129,11.874106407165527,12.303290367126465,2022487
2002-12-19,9.97592544555664,11.988554954528809,12.274678230285645,11.781115531921387,11.874106407165527,2774890
2002-12-20,10.713995933532715,12.87553596496582,12.87553596496582,12.017167091369629,12.017167091369629,5106475
2002-12-23,11.035418510437012,13.261802673339844,13.354792594909668,12.761087417602539,12.811159133911133,4253415
2002-12-24,10.850896835327148,13.040057182312012,13.22603702545166,12.968525886535645,13.140199661254883,1109453
2002-12-26,10.892563819885254,13.090128898620605,13.354792594909668,13.047209739685059,13.111587524414062,1710034
2002-12-27,10.83304500579834,13.018597602844238,13.22603702545166,12.954219818115234,12.982832908630371,1558351
2002-12-30,10.719956398010254,12.8826904296875,13.061515808105469,12.553647994995117,12.911301612854004,2297333
2002-12-31,10.69018840789795,12.846923828125,13.011445045471191,12.725321769714355,12.839771270751953,1627971
2003-01-02,11.392550468444824,13.690986633300781,13.726753234863281,12.975680351257324,13.032903671264648,3381063
2003-01-03,11.338981628417969,13.626608848571777,13.90557861328125,13.462088584899902,13.59084415435791,2622508
2003-01-06,11.880635261535645,14.277539253234863,14.384835243225098,13.59084415435791,13.59084415435791,5549501
2003-01-07,11.7734956741333,14.148783683776855,14.520744323730469,14.077253341674805,14.248927116394043,3382880
2003-01-08,11.20207691192627,13.462088584899902,14.091559410095215,13.426322937011719,14.091559410095215,3193871
2003-01-09,11.648497581481934,13.998568534851074,14.127325057983398,13.555079460144043,13.555079460144043,4507711
2003-01-10,11.844918251037598,14.234621047973633,14.30615234375,13.726753234863281,13.876967430114746,4188967
2003-01-13,11.678262710571289,14.034335136413574,14.463519096374512,13.876967430114746,14.291845321655273,1796710
2003-01-14,11.850869178771973,14.24177360534668,14.349069595336914,13.95565128326416,14.034335136413574,4009604
2003-01-15,11.237793922424316,13.505006790161133,14.30615234375,13.397710800170898,14.248927116394043,3806474
2003-01-16,11.11874771118164,13.361946105957031,13.94134521484375,13.276108741760254,13.733905792236328,2895258
2003-01-17,10.743758201599121,12.911301612854004,13.190272331237793,12.746781349182129,13.18311882019043,2108324
2003-01-21,10.529479026794434,12.653791427612305,13.233189582824707,12.625179290771484,13.161660194396973,2523250
2003-01-22,10.36877155303955,12.460658073425293,12.703863143920898,12.432045936584473,12.553647994995117,3072944
2003-01-23,10.339007377624512,12.424893379211426,12.753933906555176,12.253218650817871,12.625179290771484,3431111
2003-01-24,9.940206527709961,11.945636749267578,12.560800552368164,11.945636749267578,12.432045936584473,3558609
2003-01-27,9.660454750061035,11.609441757202148,11.959942817687988,11.530757904052734,11.702431678771973,2669761
2003-01-28,9.999732971191406,12.017167091369629,12.088698387145996,11.587983131408691,11.680973052978516,3152490
2003-01-29,10.142581939697266,12.188840866088867,12.231760025024414,11.552216529846191,11.731043815612793,2859329
2003-01-30,9.60688304901123,11.545063972473145,12.160228729248047,11.45207405090332,12.160228729248047,1953286
2003-01-31,9.809260368347168,11.78826904296875,11.945636749267578,11.316165924072266,11.444920539855957,3115303
2003-02-03,9.815211296081543,11.795421600341797,12.031474113464355,11.623747825622559,11.78826904296875,1972438
2003-02-04,9.702117919921875,11.659514427185059,11.795421600341797,11.273246765136719,11.795421600341797,1910227
2003-02-05,9.71402645111084,11.673819541931152,12.031474113464355,11.516451835632324,11.659514427185059,3479622
2003-02-06,7.297422885894775,8.769671440124512,11.673819541931152,8.769671440124512,11.673819541931152,22626071
2003-02-07,6.81529426574707,8.190272331237793,8.834049224853516,8.082976341247559,8.769671440124512,11504701
2003-02-10,6.981954097747803,8.390558242797852,8.555079460144043,8.154505729675293,8.190272331237793,9180107
2003-02-11,7.172424793243408,8.61945629119873,8.755365371704102,8.512160301208496,8.569384574890137,5401872
2003-02-12,7.398611068725586,8.89127254486084,8.96995735168457,8.583690643310547,8.61945629119873,6639242
2003-02-13,7.410512924194336,8.90557861328125,9.170243263244629,8.690986633300781,9.105866432189941,5804496
2003-02-14,7.434324264526367,8.934191703796387,9.0128755569458,8.669528007507324,8.834049224853516,2904625
2003-02-18,7.559319972991943,9.084405899047852,9.134477615356445,8.94134521484375,9.027181625366211,2990602
2003-02-19,7.458131790161133,8.962803840637207,9.055793762207031,8.826895713806152,9.048641204833984,3640112
2003-02-20,7.499800205230713,9.0128755569458,9.24177360534668,8.884119987487793,8.998568534851074,4268094
2003-02-21,8.005735397338867,9.62088680267334,9.799714088439941,9.041487693786621,9.263233184814453,6380891
2003-02-24,7.731937885284424,9.291845321655273,9.513590812683105,9.24177360534668,9.513590812683105,2839897
2003-02-25,7.845028400421143,9.427754402160645,9.434906959533691,9.034335136413574,9.25607967376709,2732251
2003-02-26,7.618844032287598,9.155937194824219,9.570815086364746,9.120171546936035,9.427754402160645,3150812
2003-02-27,7.797408103942871,9.370529174804688,9.434906959533691,9.213162422180176,9.213162422180176,2404979
2003-02-28,7.856930732727051,9.442060470581055,9.656652450561523,9.356223106384277,9.420600891113281,2561276
2003-03-03,7.749793529510498,9.313304901123047,9.763948440551758,9.234621047973633,9.585122108459473,2041220
2003-03-04,7.6486053466796875,9.191701889038086,9.391988754272461,9.127325057983398,9.32045841217041,2240435
2003-03-05,7.755744934082031,9.32045841217041,9.32045841217041,9.027181625366211,9.134477615356445,3044005
2003-03-06,7.7736005783081055,9.341917037963867,9.341917037963867,9.0128755569458,9.248927116394043,2275804
2003-03-07,7.970027923583984,9.57796859741211,9.57796859741211,9.184549331665039,9.2703857421875,2847866
2003-03-10,7.696223258972168,9.248927116394043,9.406294822692871,9.148783683776855,9.406294822692871,3129004
2003-03-11,7.475992202758789,8.98426342010498,9.28469181060791,8.90557861328125,9.191701889038086,2172212
2003-03-12,7.3867058753967285,8.876967430114746,8.98426342010498,8.662375450134277,8.98426342010498,3575105
2003-03-13,7.755744934082031,9.32045841217041,9.32045841217041,8.934191703796387,9.191701889038086,2572040
2003-03-14,7.970027923583984,9.57796859741211,9.692418098449707,9.413448333740234,9.442060470581055,2359265
2003-03-17,8.36882495880127,10.057225227355957,10.114448547363281,9.30615234375,9.57796859741211,2530100
2003-03-18,8.809288024902344,10.586551666259766,10.586551666259766,9.95708179473877,10.057225227355957,4362179
2003-03-19,8.725955963134766,10.486409187316895,10.586551666259766,10.01430606842041,10.479255676269531,4405937
2003-03-20,8.827141761779785,10.608011245727539,10.7296142578125,10.121602058410645,10.33619499206543,2893301
2003-03-21,8.809288024902344,10.586551666259766,10.7296142578125,10.371959686279297,10.7296142578125,2572879
2003-03-24,8.487865447998047,10.200285911560059,10.543634414672852,10.150215148925781,10.479255676269531,2064007
2003-03-25,8.452155113220215,10.157367706298828,10.207439422607422,10.0,10.171673774719238,3437123
2003-03-26,8.356921195983887,10.04291820526123,10.135908126831055,9.942774772644043,10.100143432617188,2253296
2003-03-27,8.4164400100708,10.114448547363281,10.200285911560059,9.878397941589355,10.01430606842041,1989074
2003-03-28,8.285489082336426,9.95708179473877,10.143061637878418,9.907010078430176,10.04291820526123,1142306
2003-03-31,7.8271708488464355,9.406294822692871,9.63519287109375,9.298998832702637,9.570815086364746,2580848
2003-04-01,8.035497665405273,9.656652450561523,9.706724166870117,9.406294822692871,9.427754402160645,1631186
2003-04-02,8.547389030456543,10.271817207336426,10.40772533416748,9.885551452636719,9.914162635803223,3421325
2003-04-03,8.571199417114258,10.300429344177246,10.443490982055664,10.057225227355957,10.271817207336426,2000119
2003-04-04,8.547389030456543,10.271817207336426,10.386265754699707,10.078683853149414,10.386265754699707,3107894
2003-04-07,8.499773979187012,10.214591979980469,10.822604179382324,10.164521217346191,10.572245597839355,2400925
2003-04-08,8.52358341217041,10.243205070495605,10.39341926574707,10.100143432617188,10.214591979980469,1828444
2003-04-09,8.172399520874023,9.821172714233398,10.386265754699707,9.628040313720703,10.250357627868652,3366943
2003-04-10,8.38072681427002,10.071531295776367,10.114448547363281,9.814020156860352,9.835478782653809,2292161
2003-04-11,8.327156066894531,10.007152557373047,10.40772533416748,9.892704010009766,10.300429344177246,2024444
2003-04-14,8.392630577087402,10.085837364196777,10.107295989990234,9.928468704223633,9.978541374206543,2000119
2003-04-15,8.440251350402832,10.143061637878418,10.207439422607422,9.97138786315918,10.085837364196777,3022057
2003-04-16,8.6902437210083,10.443490982055664,10.658082962036133,10.286123275756836,10.33619499206543,2481730
2003-04-17,8.892617225646973,10.686695098876953,10.701001167297363,10.293275833129883,10.371959686279297,1548285
2003-04-21,9.094993591308594,10.929900169372559,10.937052726745605,10.586551666259766,10.69384765625,2319002
2003-04-22,9.237845420837402,11.101573944091797,11.151644706726074,10.786837577819824,10.836910247802734,3012970
2003-04-23,9.660454750061035,11.609441757202148,11.731043815612793,11.022890090942383,11.051502227783203,3100205
2003-04-24,9.464031219482422,11.373391151428223,11.573677062988281,11.280401229858398,11.494993209838867,2477675
2003-04-25,9.297372817993164,11.173104286193848,11.38054370880127,11.051502227783203,11.373391151428223,3891053
2003-04-28,9.52950382232666,11.45207405090332,11.45207405090332,11.04434871673584,11.09442138671875,2105947
2003-04-29,9.589027404785156,11.523605346679688,11.609441757202148,11.123032569885254,11.359084129333496,2460760
2003-04-30,9.535459518432617,11.459226608276367,11.630901336669922,11.287553787231445,11.466381072998047,2515701
2003-05-01,9.63664722442627,11.580829620361328,11.623747825622559,11.123032569885254,11.459226608276367,2013679
2003-05-02,9.67236042022705,11.623747825622559,11.666666984558105,11.473533630371094,11.552216529846191,3247694
2003-05-05,9.523551940917969,11.444920539855957,11.75965690612793,11.40915584564209,11.680973052978516,3896925
2003-05-06,9.565223693847656,11.494993209838867,11.595135688781738,11.337624549865723,11.373391151428223,2970890
2003-05-07,9.517603874206543,11.43776798248291,11.616595268249512,11.294707298278809,11.337624549865723,2718271
2003-05-08,9.535459518432617,11.459226608276367,11.480687141418457,11.266094207763672,11.273246765136719,3904894
2003-05-09,9.719978332519531,11.680973052978516,11.709585189819336,11.473533630371094,11.480687141418457,2018432
2003-05-12,9.702117919921875,11.659514427185059,11.723891258239746,11.244634628295898,11.244634628295898,4654501
2003-05-13,9.666406631469727,11.616595268249512,11.80257511138916,11.509299278259277,11.659514427185059,1776159
2003-05-14,9.69616985321045,11.652360916137695,11.716737747192383,11.444920539855957,11.673819541931152,2246306
2003-05-15,9.946159362792969,11.952790260314941,11.974248886108398,11.659514427185059,11.766810417175293,2588117
2003-05-16,9.827118873596191,11.809727668762207,11.838339805603027,11.45207405090332,11.80257511138916,2673535
2003-05-19,9.231897354125977,11.09442138671875,11.616595268249512,11.07296085357666,11.516451835632324,3842683
2003-05-20,9.547364234924316,11.473533630371094,11.723891258239746,11.402003288269043,11.480687141418457,5414454
2003-05-21,9.4342679977417,11.337624549865723,11.494993209838867,11.123032569885254,11.4234619140625,2995075
2003-05-22,9.618790626525879,11.559370994567871,11.623747825622559,11.337624549865723,11.344778060913086,3061480
2003-05-23,9.678311347961426,11.630901336669922,11.723891258239746,11.39484977722168,11.516451835632324,3380084
2003-05-27,10.208060264587402,12.267524719238281,12.339056015014648,11.316165924072266,11.40915584564209,3909088
2003-05-28,10.505671501159668,12.625179290771484,12.660943984985352,12.231760025024414,12.253218650817871,4403141
2003-05-29,10.49971866607666,12.618025779724121,12.87553596496582,12.45350456237793,12.567954063415527,2741059
2003-05-30,10.79137897491455,12.968525886535645,13.111587524414062,12.618025779724121,12.618025779724121,3467459
2003-06-02,11.14851188659668,13.397710800170898,13.683834075927734,13.268956184387207,13.59084415435791,6300926
2003-06-03,11.338981628417969,13.626608848571777,13.648069381713867,13.319026947021484,13.397710800170898,4041758
2003-06-04,11.850869178771973,14.24177360534668,14.2703857421875,13.583690643310547,13.59084415435791,2874568
2003-06-05,11.696115493774414,14.055793762207031,14.163089752197266,13.762517929077148,14.127325057983398,4139758
2003-06-06,11.49374008178711,13.812588691711426,14.234621047973633,13.733905792236328,14.127325057983398,4395452
2003-06-09,11.184224128723145,13.440629005432129,13.812588691711426,13.333333015441895,13.59084415435791,2598323
2003-06-10,11.190177917480469,13.447783470153809,13.569384574890137,13.24034309387207,13.447783470153809,3243500
2003-06-11,11.243743896484375,13.512160301208496,13.59084415435791,13.054363250732422,13.447783470153809,2603635
2003-06-12,11.213981628417969,13.476394653320312,13.512160301208496,13.104434967041016,13.512160301208496,1535983
2003-06-13,11.261601448059082,13.533618927001953,13.698140144348145,13.383404731750488,13.454936027526855,3432649
2003-06-16,11.452073097229004,13.762517929077148,13.812588691711426,13.540773391723633,13.5765380859375,2694226
2003-06-17,11.452073097229004,13.762517929077148,13.948497772216797,13.662375450134277,13.92703914642334,2000538
2003-06-18,11.642541885375977,13.991415977478027,14.148783683776855,13.59084415435791,13.733905792236328,1882547
2003-06-19,11.46397876739502,13.776823997497559,14.120171546936035,13.59084415435791,14.020029067993164,2489838
2003-06-20,11.344935417175293,13.633763313293457,13.98426342010498,13.59084415435791,13.948497772216797,3144382
2003-06-23,11.243743896484375,13.512160301208496,13.655221939086914,13.447783470153809,13.59084415435791,2128874
2003-06-24,11.160414695739746,13.412016868591309,13.505006790161133,13.125893592834473,13.447783470153809,2842833
2003-06-25,11.261601448059082,13.533618927001953,13.597996711730957,13.247495651245117,13.247495651245117,3236650
2003-06-26,11.517549514770508,13.841201782226562,13.912732124328613,13.340485572814941,13.519312858581543,3374772
2003-06-27,11.636589050292969,13.98426342010498,14.263233184814453,13.626608848571777,13.698140144348145,3501431
2003-06-30,11.636589050292969,13.98426342010498,14.134477615356445,13.919885635375977,13.948497772216797,2364298
2003-07-01,11.850869178771973,14.24177360534668,14.24177360534668,13.805436134338379,13.919885635375977,4405797
2003-07-02,12.0830078125,14.520744323730469,14.549356460571289,14.134477615356445,14.2703857421875,5441016
2003-07-03,11.898492813110352,14.298998832702637,14.442060470581055,14.177395820617676,14.434906959533691,2519336
2003-07-07,12.672281265258789,15.228898048400879,15.228898048400879,14.406294822692871,14.406294822692871,5971138
2003-07-08,12.904414176940918,15.507867813110352,15.529328346252441,14.928468704223633,15.228898048400879,2929789
2003-07-09,12.957985877990723,15.572245597839355,15.701001167297363,15.02861213684082,15.493561744689941,3286838
2003-07-10,12.535379409790039,15.064377784729004,15.293275833129883,14.849784851074219,15.293275833129883,2530939
2003-07-11,12.916318893432617,15.522174835205078,15.565093040466309,15.035764694213867,15.128754615783691,3112228
2003-07-14,13.184170722961426,15.844062805175781,16.022890090942383,15.67954158782959,15.701001167297363,4971008
2003-07-15,13.231788635253906,15.901288032531738,16.194564819335938,15.74392032623291,15.951358795166016,5370836
2003-07-16,13.059171676635742,15.69384765625,15.994277954101562,15.321887969970703,15.937052726745605,4631714
2003-07-17,12.559187889099121,15.092989921569824,15.600857734680176,14.864091873168945,15.522174835205078,5362029
2003-07-18,12.64251708984375,15.193133354187012,15.321887969970703,14.942774772644043,15.164521217346191,2049188
2003-07-21,12.208006858825684,14.67095947265625,15.35050106048584,14.60658073425293,15.021458625793457,3716583
2003-07-22,12.785371780395508,15.36480712890625,15.37911319732666,14.878397941589355,14.878397941589355,3141166
2003-07-23,12.886557579040527,15.486409187316895,15.507867813110352,14.98569393157959,15.400571823120117,2337456
2003-07-24,12.868699073791504,15.464949607849121,15.929900169372559,15.386265754699707,15.529328346252441,3297463
2003-07-25,12.934178352355957,15.543634414672852,15.593705177307129,15.236051559448242,15.486409187316895,2022766
2003-07-28,13.077033996582031,15.71530818939209,15.844062805175781,15.39341926574707,15.486409187316895,1997742
2003-07-29,13.059171676635742,15.69384765625,15.801143646240234,15.493561744689941,15.7296142578125,2809561
2003-07-30,12.827037811279297,15.414877891540527,15.722460746765137,15.35050106048584,15.69384765625,2234004
2003-07-31,12.934178352355957,15.543634414672852,15.815450668334961,15.37911319732666,15.522174835205078,2180321
2003-08-01,12.827037811279297,15.414877891540527,15.629470825195312,15.250357627868652,15.543634414672852,1921691
2003-08-04,12.832988739013672,15.42203140258789,15.600857734680176,15.107295989990234,15.39341926574707,1649780
2003-08-05,12.39847469329834,14.899856567382812,15.522174835205078,14.878397941589355,15.35050106048584,2825498
2003-08-06,12.249672889709473,14.721030235290527,14.949928283691406,14.535050392150879,14.849784851074219,1968803
2003-08-07,12.303240776062012,14.785408020019531,14.864091873168945,14.527896881103516,14.64949893951416,1606582
2003-08-08,12.315146446228027,14.799714088439941,15.035764694213867,14.678112030029297,14.828326225280762,1419949
2003-08-11,12.511566162109375,15.035764694213867,15.078683853149414,14.799714088439941,14.871245384216309,1383880
2003-08-12,12.648468971252441,15.200285911560059,15.228898048400879,14.914162635803223,15.057225227355957,1517669
2003-08-13,12.7913236618042,15.371959686279297,15.472103118896484,15.092989921569824,15.236051559448242,1722616
2003-08-14,12.952033042907715,15.565093040466309,15.586551666259766,15.128754615783691,15.343347549438477,1742467
2003-08-15,12.96393871307373,15.579399108886719,15.643776893615723,15.40772533416748,15.493561744689941,672718
2003-08-18,13.368685722351074,16.065807342529297,16.108726501464844,15.565093040466309,15.579399108886719,2675073
2003-08-19,14.457947731018066,17.374820709228516,17.439199447631836,16.566524505615234,16.63805389404297,9599507
2003-08-20,14.51151180267334,17.439199447631836,17.54649543762207,17.052932739257812,17.110157012939453,4400345
2003-08-21,14.815084457397461,17.804006576538086,18.082975387573242,17.467811584472656,17.474964141845703,2594408
2003-08-22,14.469850540161133,17.389127731323242,18.09728240966797,17.3319034576416,17.91130256652832,4118508
2003-08-25,14.350801467895508,17.246065139770508,17.439199447631836,17.153076171875,17.2961368560791,1856404
2003-08-26,14.285335540771484,17.167381286621094,17.203147888183594,16.866952896118164,17.074392318725586,3217916
2003-08-27,14.582941055297852,17.525035858154297,17.682403564453125,17.074392318725586,17.131616592407227,4515121
2003-08-28,14.457947731018066,17.374820709228516,17.57510757446289,17.274677276611328,17.51788330078125,3259577
2003-08-29,14.475802421569824,17.39628028869629,17.410587310791016,17.224607467651367,17.274677276611328,2660114
2003-09-02,14.684136390686035,17.646638870239258,17.69671058654785,17.310443878173828,17.45350456237793,4944586
2003-09-03,14.582941055297852,17.525035858154297,17.6680965423584,17.381973266601562,17.596567153930664,5211884
2003-09-04,14.969836235046387,17.989986419677734,18.018598556518555,17.525035858154297,17.525035858154297,4280117
2003-09-05,15.178165435791016,18.24034309387207,18.32617950439453,17.768239974975586,17.989986419677734,5634359
2003-09-08,15.73172378540039,18.90557861328125,18.94134521484375,18.190271377563477,18.190271377563477,4749565
2003-09-09,15.404354095458984,18.51215934753418,18.90557861328125,18.383405685424805,18.812589645385742,3394763
2003-09-10,14.57698917388916,17.51788330078125,18.29756736755371,17.460657119750977,18.168813705444336,4011841
2003-09-11,14.904363632202148,17.91130256652832,18.011444091796875,17.489269256591797,17.57510757446289,2906442
2003-09-12,14.86269474029541,17.861230850219727,17.96137237548828,17.560800552368164,17.91130256652832,2820745
2003-09-15,14.582941055297852,17.525035858154297,17.8826904296875,17.467811584472656,17.739627838134766,1867309
2003-09-16,14.684136390686035,17.646638870239258,17.768239974975586,17.346208572387695,17.39628028869629,4092226
2003-09-17,14.642461776733398,17.596567153930664,17.7038631439209,17.346208572387695,17.6680965423584,3295925
2003-09-18,14.618654251098633,17.56795310974121,17.689556121826172,17.310443878173828,17.417739868164062,2813056
2003-09-19,14.904363632202148,17.91130256652832,17.947067260742188,17.560800552368164,17.596567153930664,4707905
2003-09-22,14.541275024414062,17.474964141845703,17.653791427612305,17.310443878173828,17.560800552368164,2312432
2003-09-23,14.672223091125488,17.63233184814453,17.66094398498535,17.389127731323242,17.389127731323242,1825928
2003-09-24,13.73177719116211,16.502145767211914,17.63233184814453,16.502145767211914,17.63233184814453,4798076
2003-09-25,13.582967758178711,16.323318481445312,17.03862762451172,16.287553787231445,16.57367706298828,3201979
2003-09-26,13.321069717407227,16.008583068847656,16.409156799316406,15.958512306213379,16.23748207092285,2198355
2003-09-29,13.487732887268066,16.20886993408203,16.380544662475586,15.879828453063965,16.065807342529297,1967405
2003-09-30,13.160359382629395,15.815450668334961,16.108726501464844,15.808298110961914,16.108726501464844,2048629
2003-10-01,13.243692398071289,15.915594100952148,16.108726501464844,15.765378952026367,15.844062805175781,3335348
2003-10-02,13.088934898376465,15.7296142578125,15.865522384643555,15.622318267822266,15.808298110961914,3370159
2003-10-03,13.690109252929688,16.45207405090332,16.78826904296875,15.894133567810059,16.523605346679688,5273815
2003-10-06,13.707962989807129,16.473533630371094,16.616594314575195,16.316165924072266,16.45207405090332,1366685
2003-10-07,13.946054458618164,16.75965690612793,16.85264778137207,16.23748207092285,16.380544662475586,2712819
2003-10-08,13.934150695800781,16.745351791381836,16.988555908203125,16.60944175720215,16.93848419189453,2300968
2003-10-09,14.065099716186523,16.90271759033203,17.138769149780273,16.745351791381836,16.745351791381836,2103710
2003-10-10,14.10676383972168,16.952789306640625,17.017166137695312,16.795421600341797,16.838340759277344,1250930
2003-10-13,14.213902473449707,17.081544876098633,17.153076171875,16.952789306640625,17.024320602416992,1346973
2003-10-14,14.32699966430664,17.21745491027832,17.274677276611328,16.96709632873535,17.024320602416992,2226175
2003-10-15,14.428176879882812,17.33905601501465,17.525035858154297,17.195993423461914,17.43204689025879,3097968
2003-10-16,14.475802421569824,17.39628028869629,17.446352005004883,17.18168830871582,17.310443878173828,2324594
2003-10-17,14.273429870605469,17.153076171875,17.374820709228516,17.052932739257812,17.374820709228516,2534434
2003-10-20,14.184144973754883,17.045780181884766,17.160228729248047,16.917024612426758,17.09585189819336,1295107
2003-10-21,14.297232627868652,17.18168830871582,17.324750900268555,16.952789306640625,17.00286102294922,2141596
2003-10-22,13.97581672668457,16.795421600341797,17.052932739257812,16.666667938232422,17.024320602416992,1475030
2003-10-23,13.672249794006348,16.430614471435547,16.795421600341797,16.201717376708984,16.795421600341797,2337316
2003-10-24,13.73177719116211,16.502145767211914,16.51645278930664,16.201717376708984,16.430614471435547,1727369
2003-10-27,13.612726211547852,16.35908317565918,16.559371948242188,16.251787185668945,16.53791046142578,1520884
2003-10-28,14.285335540771484,17.167381286621094,17.167381286621094,16.437768936157227,16.45207405090332,2841295
2003-10-29,14.338902473449707,17.231760025024414,17.30328941345215,17.017166137695312,17.160228729248047,2505076
2003-10-30,14.767461776733398,17.746780395507812,18.104434967041016,17.30328941345215,17.346208572387695,6588494
2003-10-31,14.83293628692627,17.825464248657227,17.896995544433594,17.625179290771484,17.846923828125,2703592
2003-11-03,15.053169250488281,18.090129852294922,18.168813705444336,17.861230850219727,17.87553596496582,3168287
2003-11-04,15.11864185333252,18.168813705444336,18.27610969543457,17.989986419677734,18.090129852294922,3488010
2003-11-05,15.237688064575195,18.311874389648438,18.347639083862305,17.989986419677734,18.06151580810547,2092526
2003-11-06,15.636490821838379,18.79113006591797,18.79113006591797,18.311874389648438,18.311874389648438,3614389
2003-11-07,15.963859558105469,19.18454933166504,19.45636558532715,18.626609802246094,18.79113006591797,4598581
2003-11-10,15.398397445678711,18.505006790161133,19.163089752197266,18.42632293701172,19.098712921142578,2868137
2003-11-11,15.45792007446289,18.5765380859375,18.741058349609375,18.24034309387207,18.383405685424805,2606851
2003-11-12,15.993617057800293,19.22031593322754,19.313304901123047,18.404863357543945,18.51215934753418,3873718
2003-11-13,15.773393630981445,18.955650329589844,19.39198875427246,18.88412094116211,19.277538299560547,3241822
2003-11-14,15.838858604431152,19.034334182739258,19.599428176879883,18.955650329589844,18.955650329589844,4589774
2003-11-17,15.922194480895996,19.134477615356445,19.313304901123047,18.311874389648438,19.034334182739258,6865718
2003-11-18,16.529315948486328,19.864091873168945,20.994277954101562,19.799713134765625,20.672388076782227,11798141
2003-11-19,16.48764991760254,19.81402015686035,19.964235305786133,19.599428176879883,19.763948440551758,3588526
2003-11-20,16.213855743408203,19.4849796295166,20.014305114746094,19.477825164794922,19.63519287109375,2583504
2003-11-21,16.184083938598633,19.4492130279541,19.52074432373047,19.141630172729492,19.4849796295166,3320110
2003-11-24,16.48764991760254,19.81402015686035,19.921316146850586,19.4492130279541,19.4849796295166,3855404
2003-11-25,16.535263061523438,19.871244430541992,20.021459579467773,19.67095947265625,19.81402015686035,2946704
2003-11-26,16.6840763092041,20.050071716308594,20.171674728393555,19.88555145263672,19.892704010009766,2086235
2003-11-28,16.8328800201416,20.228897094726562,20.257511138916016,19.957082748413086,19.957082748413086,1332574
2003-12-01,16.8328800201416,20.228897094726562,20.343347549438477,20.100143432617188,20.343347549438477,3194710
2003-12-02,16.54718017578125,19.88555145263672,20.30758285522461,19.828325271606445,20.228897094726562,3279708
2003-12-03,16.844791412353516,20.24320411682129,20.286123275756836,19.88555145263672,19.88555145263672,5003023
2003-12-04,16.660261154174805,20.021459579467773,20.314735412597656,19.878398895263672,20.207439422607422,4743134
2003-12-05,16.023378372192383,19.256080627441406,20.228897094726562,19.15593719482422,19.778255462646484,3072944
2003-12-08,16.344799041748047,19.642345428466797,19.69957160949707,19.134477615356445,19.263233184814453,2987666
2003-12-09,15.987665176391602,19.21316146850586,19.949928283691406,19.177396774291992,19.8211727142334,3697990
2003-12-10,15.79124641418457,18.977109909057617,19.38483428955078,18.805435180664062,19.141630172729492,4613120
2003-12-11,16.24361228942871,19.52074432373047,19.60658073425293,19.048641204833984,19.048641204833984,2696602
2003-12-12,16.219802856445312,19.49213218688965,19.613733291625977,19.370529174804688,19.563661575317383,2314808
2003-12-15,16.1364688873291,19.39198875427246,19.842632293701172,19.313304901123047,19.628040313720703,3442575
2003-12-16,16.344799041748047,19.642345428466797,19.74964141845703,19.191701889038086,19.277538299560547,2578611
2003-12-17,16.178138732910156,19.442060470581055,19.685264587402344,19.141630172729492,19.678112030029297,2362480
2003-12-18,16.559070587158203,19.899856567382812,20.100143432617188,19.313304901123047,19.313304901123047,3739370
2003-12-19,16.660261154174805,20.021459579467773,20.207439422607422,19.91416358947754,20.18597984313965,5827144
2003-12-22,16.886445999145508,20.293275833129883,20.386266708374023,19.91416358947754,20.02861213684082,2859469
2003-12-23,16.82693099975586,20.221744537353516,20.314735412597656,20.107295989990234,20.171674728393555,2761330
2003-12-24,16.707883834838867,20.078683853149414,20.207439422607422,20.0,20.128755569458008,742058
2003-12-26,16.636457443237305,19.992847442626953,20.121601104736328,19.97138786315918,20.014305114746094,661114
2003-12-29,17.01740264892578,20.45064353942871,20.464950561523438,19.957082748413086,20.014305114746094,2033671
2003-12-30,17.082881927490234,20.529327392578125,20.629470825195312,20.386266708374023,20.42203140258789,1762039
2003-12-31,17.404296875,20.91559410095215,21.044349670410156,20.42203140258789,20.493562698364258,3234273
2004-01-02,17.142398834228516,20.600858688354492,20.951358795166016,20.586551666259766,20.922746658325195,2839478
2004-01-05,17.588808059692383,21.137338638305664,21.14449119567871,20.894134521484375,21.101573944091797,5234531
2004-01-06,18.142370223999023,21.802574157714844,21.81688117980957,21.080114364624023,21.137338638305664,4921100
2004-01-07,18.374502182006836,22.081544876098633,22.081544876098633,21.67382049560547,21.81688117980957,4231606
2004-01-08,19.213768005371094,23.090129852294922,23.11874008178711,22.052932739257812,22.09585189819336,7320487
2004-01-09,19.07686996459961,22.925607681274414,23.204578399658203,22.81831169128418,22.96137237548828,4026659
2004-01-12,19.285205841064453,23.175966262817383,23.190271377563477,22.60371971130371,22.925607681274414,3736854
2004-01-13,19.189960479736328,23.06151580810547,23.319026947021484,22.918455123901367,23.21173095703125,5497635
2004-01-14,19.130447387695312,22.989986419677734,23.14735221862793,22.8826904296875,23.06867027282715,4808421
2004-01-15,19.58875846862793,23.540773391723633,23.569385528564453,22.896995544433594,23.06867027282715,6278977
2004-01-16,20.3863582611084,24.499284744262695,24.585121154785156,23.42632293701172,23.54792594909668,5920390
2004-01-20,20.24350357055664,24.327611923217773,24.52074432373047,24.005722045898438,24.499284744262695,5185601
2004-01-21,20.695880889892578,24.871244430541992,25.0,24.170242309570312,24.39198875427246,6111217
2004-01-22,20.22565460205078,24.30615234375,25.078683853149414,24.30615234375,24.871244430541992,5006797
2004-01-23,19.904232025146484,23.919885635375977,24.434907913208008,23.776824951171875,24.313304901123047,3013249
2004-01-26,20.183984756469727,24.256080627441406,27.074392318725586,23.612302780151367,23.676681518554688,4920261
2004-01-27,21.487516403198242,25.822603225708008,27.753934860229492,25.751073837280273,26.716737747192383,30615082
2004-01-28,21.398235321044922,25.715307235717773,26.294706344604492,25.715307235717773,25.987123489379883,7704378
2004-01-29,21.219680786132812,25.500715255737305,26.101573944091797,25.071531295776367,25.793991088867188,5479601
2004-01-30,21.93988800048828,26.36623764038086,26.50929832458496,25.286123275756836,25.486408233642578,7774418
2004-02-02,21.677988052368164,26.051502227783203,26.645206451416016,25.901287078857422,26.430614471435547,4275224
2004-02-03,21.713708877563477,26.09442138671875,26.287553787231445,25.751073837280273,25.78683853149414,5228240
2004-02-04,21.011343002319336,25.25035858154297,25.965665817260742,25.207439422607422,25.965665817260742,3855544
2004-02-05,20.969675064086914,25.200286865234375,25.557939529418945,25.15021514892578,25.236051559448242,3129563
2004-02-06,21.93393325805664,26.35908317565918,26.35908317565918,25.143062591552734,25.171674728393555,4833026
2004-02-09,22.08274269104004,26.53791046142578,26.78826904296875,26.33762550354004,26.387697219848633,4809400
2004-02-10,22.24345588684082,26.73104476928711,26.809728622436523,26.323318481445312,26.39484977722168,2709604
2004-02-11,22.261314392089844,26.752504348754883,26.90271759033203,26.39484977722168,26.680973052978516,3919153
2004-02-12,21.975595474243164,26.409156799316406,26.773963928222656,26.287553787231445,26.57367706298828,2975643
2004-02-13,22.070837020874023,26.523605346679688,26.645206451416016,26.251787185668945,26.45207405090332,2794602
2004-02-17,22.314876556396484,26.81688117980957,26.909870147705078,26.36623764038086,26.523605346679688,4165760
2004-02-18,21.41609001159668,25.736766815185547,26.2446346282959,25.257511138916016,25.751073837280273,12329102
2004-02-19,21.4815731048584,25.81545066833496,26.251787185668945,25.751073837280273,26.037195205688477,5293527
2004-02-20,20.862533569335938,25.071531295776367,25.81545066833496,25.0,25.81545066833496,4866298
2004-02-23,20.07089614868164,24.12017250061035,24.985694885253906,23.869813919067383,24.978540420532227,5168126
2004-02-24,20.0887508392334,24.141630172729492,24.39198875427246,23.748212814331055,23.962804794311523,6072213
2004-02-25,20.20779037475586,24.284692764282227,24.49213218688965,23.81974220275879,23.81974220275879,3626831
2004-02-26,20.35659408569336,24.463518142700195,24.628040313720703,24.1273250579834,24.284692764282227,2824799
2004-02-27,20.350645065307617,24.45636558532715,24.628040313720703,24.15593719482422,24.463518142700195,4298011
2004-03-01,20.433971405029297,24.556509017944336,24.67095947265625,24.263233184814453,24.42060089111328,3855964
2004-03-02,20.37445831298828,24.4849796295166,24.84978485107422,24.42060089111328,24.556509017944336,2838779
2004-03-03,20.219697952270508,24.298999786376953,24.52074432373047,24.141630172729492,24.4849796295166,2549672
2004-03-04,20.20779037475586,24.284692764282227,24.370529174804688,24.148784637451172,24.327611923217773,2212615
2004-03-05,20.719680786132812,24.899856567382812,25.035764694213867,24.105865478515625,24.141630172729492,3723713
2004-03-08,20.011367797851562,24.048641204833984,24.94277572631836,24.048641204833984,24.892704010009766,3055469
2004-03-09,19.541139602661133,23.48354721069336,24.57796859741211,23.42632293701172,24.57796859741211,5951566
2004-03-10,18.78520965576172,22.57510757446289,23.733905792236328,22.57510757446289,23.60515022277832,7794549
2004-03-11,17.9757080078125,21.6022891998291,22.8826904296875,21.6022891998291,22.460657119750977,8635027
2004-03-12,18.838775634765625,22.639484405517578,22.825464248657227,21.6022891998291,21.6022891998291,6545296
2004-03-15,18.017370223999023,21.652360916137695,22.76108741760254,20.987123489379883,22.610872268676758,4585160
2004-03-16,17.969749450683594,21.595136642456055,21.802574157714844,21.258941650390625,21.63805389404297,4920820
2004-03-17,18.826879501342773,22.625179290771484,22.854076385498047,21.666667938232422,21.67382049560547,5753329
2004-03-18,18.213788986206055,21.888412475585938,22.381973266601562,21.795421600341797,22.317596435546875,4859308
2004-03-19,18.18403434753418,21.85264778137207,22.281831741333008,21.766809463500977,22.103004455566406,4410690
2004-03-22,17.95189666748047,21.57367706298828,21.90271759033203,21.330472946166992,21.709585189819336,4468987
2004-03-23,17.20191764831543,20.672388076782227,21.67382049560547,20.60801124572754,21.6022891998291,6607927
2004-03-24,17.422157287597656,20.937053680419922,21.287553787231445,20.600858688354492,20.701000213623047,5443393
2004-03-25,18.27332305908203,21.959943771362305,22.145923614501953,21.101573944091797,21.2446346282959,4737403
2004-03-26,18.326889038085938,22.024320602416992,22.2961368560791,21.738197326660156,21.824033737182617,3302775
2004-03-29,18.61258888244629,22.36766815185547,22.596567153930664,22.174535751342773,22.174535751342773,3513593
2004-03-30,18.725683212280273,22.503576278686523,22.589412689208984,22.174535751342773,22.389127731323242,3018701
2004-03-31,18.826879501342773,22.625179290771484,22.861230850219727,22.460657119750977,22.532188415527344,3512615
2004-04-01,18.83283042907715,22.63233184814453,22.889842987060547,22.539342880249023,22.625179290771484,3145220
2004-04-02,19.237579345703125,23.11874008178711,23.175966262817383,22.689556121826172,22.925607681274414,4838478
2004-04-05,19.30900764465332,23.204578399658203,23.311874389648438,22.861230850219727,23.054363250732422,3123551
2004-04-06,19.416147232055664,23.333332061767578,23.39055824279785,22.78969955444336,22.96137237548828,2963061
2004-04-07,18.963773727416992,22.78969955444336,23.233190536499023,22.532188415527344,23.03290367126465,3353383
2004-04-08,18.9459228515625,22.768239974975586,23.376251220703125,22.582260131835938,22.854076385498047,2306420
2004-04-12,18.969728469848633,22.796852111816406,23.082975387573242,22.711015701293945,22.768239974975586,1325584
2004-04-13,18.457839965820312,22.18168830871582,22.825464248657227,21.93132972717285,22.81831169128418,3510098
2004-04-14,18.30902862548828,22.00286102294922,22.253219604492188,21.781116485595703,22.00286102294922,3193591
2004-04-15,17.797136306762695,21.387697219848633,22.1173095703125,21.03004264831543,22.103004455566406,4098237
2004-04-16,17.93404769897461,21.552217483520508,22.103004455566406,21.14449119567871,22.03147315979004,4137940
2004-04-19,18.094755172729492,21.745351791381836,21.802574157714844,21.323318481445312,21.494993209838867,2512905
2004-04-20,17.106685638427734,20.557939529418945,21.87410545349121,20.557939529418945,21.85264778137207,4013239
2004-04-21,17.285240173339844,20.772531509399414,21.065807342529297,20.743919372558594,20.77968406677246,5752351
2004-04-22,17.481670379638672,21.008583068847656,21.2446346282959,20.414878845214844,20.743919372558594,3742726
2004-04-23,17.55904769897461,21.101573944091797,21.2804012298584,20.78683853149414,20.937053680419922,3408883
2004-04-26,17.31501007080078,20.808298110961914,21.323318481445312,20.64377784729004,21.101573944091797,3066513
2004-04-27,17.148353576660156,20.60801124572754,21.158798217773438,20.529327392578125,20.81545066833496,2374503
2004-04-28,16.844791412353516,20.24320411682129,20.529327392578125,20.121601104736328,20.457796096801758,3082450
2004-04-29,16.54718017578125,19.88555145263672,20.30042839050293,19.535049438476562,20.135908126831055,3176815
2004-04-30,16.076955795288086,19.320457458496094,20.08583641052246,19.248926162719727,19.921316146850586,3051554
2004-05-03,16.225753784179688,19.499284744262695,19.806867599487305,19.170242309570312,19.349069595336914,4148565
2004-05-04,15.910290718078613,19.12017250061035,19.67095947265625,18.597997665405273,19.63519287109375,7329015
2004-05-05,15.957911491394043,19.177396774291992,19.477825164794922,19.020029067993164,19.113019943237305,5333370
2004-05-06,15.678155899047852,18.841201782226562,19.105865478515625,18.741058349609375,19.02718162536621,2469986
2004-05-07,15.660284996032715,18.81974220275879,19.15593719482422,18.676681518554688,18.741058349609375,4021487
2004-05-10,15.124597549438477,18.175966262817383,18.626609802246094,17.918455123901367,18.49070167541504,6914228
2004-05-11,15.594816207885742,18.741058349609375,18.776824951171875,18.24034309387207,18.383405685424805,5423122
2004-05-12,15.571008682250977,18.712446212768555,18.88412094116211,18.082975387573242,18.748212814331055,5729004
2004-05-13,15.48767375946045,18.612302780151367,18.748212814331055,18.18311882019043,18.419170379638672,4103829
2004-05-14,15.231735229492188,18.30472183227539,18.834049224853516,18.168813705444336,18.612302780151367,3197925
2004-05-17,15.190068244934082,18.254648208618164,18.30472183227539,17.87553596496582,18.204578399658203,4593548
2004-05-18,15.11864185333252,18.168813705444336,18.934192657470703,17.525035858154297,18.741058349609375,12886065
2004-05-19,15.005555152893066,18.03290367126465,18.669527053833008,17.99713897705078,18.383405685424805,7976429
2004-05-20,14.463897705078125,17.381973266601562,17.954219818115234,17.381973266601562,17.954219818115234,5571030
2004-05-21,14.51151180267334,17.439199447631836,17.610872268676758,17.260372161865234,17.460657119750977,3700786
2004-05-24,14.493660926818848,17.417739868164062,17.7038631439209,17.346208572387695,17.539342880249023,4494570
2004-05-25,14.719843864440918,17.689556121826172,17.711015701293945,17.024320602416992,17.45350456237793,6729972
2004-05-26,14.856744766235352,17.854076385498047,17.99713897705078,17.7038631439209,17.775392532348633,5301076
2004-05-27,15.124597549438477,18.175966262817383,18.30472183227539,17.8826904296875,17.93991470336914,5504066
2004-05-28,15.297212600708008,18.383405685424805,18.46208953857422,18.011444091796875,18.175966262817383,4778224
2004-06-01,15.356731414794922,18.45493507385254,18.51215934753418,18.168813705444336,18.204578399658203,6360760
2004-06-02,15.11864185333252,18.168813705444336,18.505006790161133,18.0257511138916,18.46208953857422,4273267
2004-06-03,14.910311698913574,17.918455123901367,18.218883514404297,17.918455123901367,18.09728240966797,4591591
2004-06-04,15.011499404907227,18.040056228637695,18.27610969543457,17.982833862304688,18.09728240966797,3632284
2004-06-07,15.779339790344238,18.962804794311523,19.012876510620117,18.18311882019043,18.204578399658203,5046640
2004-06-08,15.809090614318848,18.99856948852539,19.034334182739258,18.76251792907715,18.984262466430664,3578321
2004-06-09,15.594816207885742,18.741058349609375,19.1273250579834,18.712446212768555,18.99856948852539,4552168
2004-06-10,15.654341697692871,18.812589645385742,18.862661361694336,18.612302780151367,18.705293655395508,2310614
2004-06-14,15.362686157226562,18.46208953857422,18.776824951171875,18.419170379638672,18.776824951171875,3486332
2004-06-15,15.499587059020996,18.626609802246094,18.776824951171875,18.476394653320312,18.562231063842773,3746780
2004-06-16,15.517439842224121,18.648069381713867,18.676681518554688,18.45493507385254,18.676681518554688,2124541
2004-06-17,15.219831466674805,18.290414810180664,18.526466369628906,18.15450668334961,18.505006790161133,3128724
2004-06-18,15.410294532775879,18.51931381225586,18.705293655395508,18.15450668334961,18.290414810180664,3634520
2004-06-21,15.225778579711914,18.29756736755371,18.626609802246094,18.254648208618164,18.51931381225586,2256791
2004-06-22,15.553159713745117,18.69098663330078,18.834049224853516,18.190271377563477,18.261802673339844,3872320
2004-06-23,16.094806671142578,19.341917037963867,19.38483428955078,18.741058349609375,18.741058349609375,3722175
2004-06-24,16.332895278930664,19.628040313720703,20.135908126831055,19.585121154785156,19.656652450561523,5794011
2004-06-25,17.56501007080078,21.108726501464844,21.137338638305664,19.542203903198242,19.628040313720703,10515337
2004-06-28,17.231679916381836,20.708154678344727,21.108726501464844,20.679542541503906,21.108726501464844,4594387
2004-06-29,17.630475997924805,21.187410354614258,21.230329513549805,20.61516571044922,20.629470825195312,4112217
2004-06-30,17.428104400634766,20.94420623779297,21.216022491455078,20.851215362548828,21.17310333251953,4187010
2004-07-01,17.047164916992188,20.486408233642578,20.851215362548828,20.135908126831055,20.829757690429688,4608787
2004-07-02,16.82693099975586,20.221744537353516,20.436338424682617,20.08583641052246,20.400571823120117,2314249
2004-07-06,16.32098388671875,19.613733291625977,20.736766815185547,19.613733291625977,20.08583641052246,3629488
2004-07-07,16.261465072631836,19.542203903198242,19.878398895263672,19.52074432373047,19.542203903198242,3283063
2004-07-08,15.993617057800293,19.22031593322754,19.656652450561523,19.21316146850586,19.52074432373047,2949081
2004-07-09,15.97576904296875,19.198856353759766,19.628040313720703,19.163089752197266,19.313304901123047,2661373
2004-07-12,15.654341697692871,18.812589645385742,18.962804794311523,18.526466369628906,18.955650329589844,4414465
2004-07-13,15.642434120178223,18.798282623291016,19.062946319580078,18.69098663330078,18.812589645385742,2807324
2004-07-14,15.356731414794922,18.45493507385254,18.99856948852539,18.347639083862305,18.562231063842773,3624175
2004-07-15,15.380537986755371,18.48354721069336,18.705293655395508,18.290414810180664,18.669527053833008,3409582
2004-07-16,15.065068244934082,18.104434967041016,18.669527053833008,18.06151580810547,18.562231063842773,2537230
2004-07-19,14.999600410461426,18.0257511138916,18.340486526489258,17.889842987060547,18.03290367126465,2576374
2004-07-20,15.350777626037598,18.447782516479492,18.66237449645996,17.753934860229492,17.947067260742188,4263760
2004-07-21,14.582941055297852,17.525035858154297,18.919885635375977,17.489269256591797,18.526466369628906,5453878
2004-07-22,14.791268348693848,17.775392532348633,17.825464248657227,17.23891258239746,17.439199447631836,4709862
2004-07-23,14.023433685302734,16.85264778137207,17.63233184814453,16.85264778137207,17.63233184814453,5388731
2004-07-26,13.803199768066406,16.587982177734375,17.010013580322266,16.416309356689453,16.88125991821289,4041618
2004-07-27,13.83891487121582,16.630901336669922,16.766809463500977,16.323318481445312,16.48784065246582,4616615
2004-07-28,13.577016830444336,16.316165924072266,16.63805389404297,16.187410354614258,16.523605346679688,5490365
2004-07-29,14.017480850219727,16.84549331665039,16.945636749267578,16.48784065246582,16.48784065246582,5296183
2004-07-30,14.1722412109375,17.03147315979004,17.18168830871582,16.623748779296875,16.81688117980957,4327369
2004-08-02,14.30318546295166,17.188840866088867,17.281831741333008,16.809728622436523,17.03862762451172,2675213
2004-08-03,13.797249794006348,16.580829620361328,17.203147888183594,16.466381072998047,17.167381286621094,3317454
2004-08-04,13.660344123840332,16.416309356689453,16.595136642456055,16.05865478515625,16.552217483520508,3509260
2004-08-05,13.422260284423828,16.130186080932617,16.57367706298828,16.11587905883789,16.36623764038086,1995925
2004-08-06,13.005600929260254,15.629470825195312,16.008583068847656,15.572245597839355,15.858368873596191,2657458
2004-08-09,13.094887733459473,15.736766815185547,15.858368873596191,15.486409187316895,15.643776893615723,2351995
2004-08-10,13.606778144836426,16.351930618286133,16.45207405090332,15.779685020446777,15.808298110961914,4130950
2004-08-11,12.957985877990723,15.572245597839355,16.344778060913086,15.300429344177246,16.344778060913086,7051512
2004-08-12,11.713973045349121,14.077253341674805,15.579399108886719,13.95565128326416,15.579399108886719,10592786
2004-08-13,12.213958740234375,14.678112030029297,15.464949607849121,14.30615234375,15.293275833129883,11596550
2004-08-16,12.333003997802734,14.821172714233398,14.914162635803223,14.549356460571289,14.556509017944336,3200162
2004-08-17,12.61275863647461,15.157367706298828,15.228898048400879,14.914162635803223,14.964235305786133,4587677
2004-08-18,12.957985877990723,15.572245597839355,15.579399108886719,15.135908126831055,15.193133354187012,3756566
2004-08-19,12.981796264648438,15.600857734680176,15.722460746765137,15.450643539428711,15.572245597839355,3080353
2004-08-20,13.213932037353516,15.879828453063965,15.972818374633789,15.457797050476074,15.579399108886719,2047930
2004-08-23,13.184170722961426,15.844062805175781,16.09442138671875,15.701001167297363,15.979970932006836,2579729
2004-08-24,12.862749099731445,15.457797050476074,15.908440589904785,15.35050106048584,15.879828453063965,2774611
2004-08-25,13.071083068847656,15.708154678344727,15.75822639465332,15.228898048400879,15.436338424682617,3653533
2004-08-26,12.844892501831055,15.436338424682617,15.808298110961914,15.321887969970703,15.701001167297363,3939424
2004-08-27,12.880602836608887,15.479255676269531,15.615164756774902,15.42203140258789,15.500715255737305,1972298
2004-08-30,12.577046394348145,15.114448547363281,15.40772533416748,15.064377784729004,15.37911319732666,3014507
2004-08-31,12.20205307006836,14.66380500793457,15.021458625793457,14.32045841217041,15.0,8376956
2004-09-01,12.315146446228027,14.799714088439941,14.98569393157959,14.470671653747559,14.613734245300293,4618992
2004-09-02,12.6187105178833,15.164521217346191,15.236051559448242,14.570815086364746,14.806866645812988,2676471
2004-09-03,12.124672889709473,14.570815086364746,15.135908126831055,14.484978675842285,15.128754615783691,2775869
2004-09-07,12.249672889709473,14.721030235290527,14.97138786315918,14.692418098449707,14.771101951599121,3565040
2004-09-08,12.011580467224121,14.434906959533691,14.66380500793457,14.406294822692871,14.542202949523926,2903227
2004-09-09,12.594902992248535,15.135908126831055,15.228898048400879,14.535050392150879,14.549356460571289,3947812
2004-09-10,13.517491340637207,16.2446346282959,16.2446346282959,15.02861213684082,15.050071716308594,7680892
2004-09-13,13.618682861328125,16.36623764038086,16.595136642456055,16.23748207092285,16.323318481445312,4590333
2004-09-14,13.63058853149414,16.380544662475586,16.4234619140625,16.00143051147461,16.323318481445312,2627261
2004-09-15,13.321069717407227,16.008583068847656,16.351930618286133,15.879828453063965,16.344778060913086,2235542
2004-09-16,13.356783866882324,16.051502227783203,16.387697219848633,15.994277954101562,15.994277954101562,2210378
2004-09-17,13.63058853149414,16.380544662475586,16.437768936157227,16.087268829345703,16.087268829345703,4573417
2004-09-20,13.832964897155762,16.623748779296875,16.88125991821289,16.09442138671875,16.330472946166992,4229789
2004-09-21,13.880574226379395,16.680973052978516,16.766809463500977,16.409156799316406,16.623748779296875,3552877
2004-09-22,13.49368667602539,16.216022491455078,16.552217483520508,16.130186080932617,16.502145767211914,2481170
2004-09-23,13.463922500610352,16.18025779724121,16.437768936157227,16.008583068847656,16.14449119567871,3216379
2004-09-24,12.987747192382812,15.608011245727539,16.20886993408203,15.593705177307129,16.165950775146484,2753780
2004-09-27,12.707996368408203,15.271817207336426,15.586551666259766,15.236051559448242,15.522174835205078,4113475
2004-09-28,12.672281265258789,15.228898048400879,15.343347549438477,14.992847442626953,15.307581901550293,2758394
2004-09-29,12.862749099731445,15.457797050476074,15.793991088867188,15.164521217346191,15.164521217346191,3012410
2004-09-30,12.838945388793945,15.429184913635254,15.708154678344727,15.214591979980469,15.37911319732666,3475009
2004-10-01,13.684157371520996,16.444921493530273,16.473533630371094,15.522174835205078,15.522174835205078,4416142
2004-10-04,14.011531829833984,16.838340759277344,17.010013580322266,16.6022891998291,16.738197326660156,5186580
2004-10-05,13.815106391906738,16.6022891998291,16.895565032958984,16.437768936157227,16.809728622436523,4635488
2004-10-06,13.702009201049805,16.466381072998047,16.502145767211914,16.23748207092285,16.48784065246582,3797108
2004-10-07,13.529399871826172,16.258941650390625,16.473533630371094,16.216022491455078,16.344778060913086,3538478
2004-10-08,13.231788635253906,15.901288032531738,16.35908317565918,15.844062805175781,16.223175048828125,3189956
2004-10-11,13.190123558044434,15.851216316223145,16.23748207092285,15.808298110961914,16.158798217773438,4421035
2004-10-12,13.04726791381836,15.67954158782959,15.751072883605957,15.472103118896484,15.74392032623291,5718239
2004-10-13,13.350834846496582,16.044349670410156,16.2446346282959,15.951358795166016,16.022890090942383,4301646
2004-10-14,13.178217887878418,15.836910247802734,16.087268829345703,15.708154678344727,16.044349670410156,3488290
2004-10-15,13.565110206604004,16.301860809326172,16.530757904052734,15.937052726745605,15.994277954101562,3933972
2004-10-18,13.672249794006348,16.430614471435547,16.473533630371094,16.022890090942383,16.30901336669922,3285020
2004-10-19,13.523441314697266,16.251787185668945,16.795421600341797,16.251787185668945,16.57367706298828,4647371
2004-10-20,14.124625205993652,16.9742488861084,16.995708465576172,16.101573944091797,16.108726501464844,5017142
2004-10-21,14.618654251098633,17.56795310974121,17.66094398498535,16.88125991821289,16.988555908203125,5310443
2004-10-22,14.225811004638672,17.09585189819336,17.582260131835938,17.03862762451172,17.56795310974121,3932714
2004-10-25,14.255568504333496,17.131616592407227,17.26752471923828,16.917024612426758,16.93132972717285,2500043
2004-10-26,14.481756210327148,17.403432846069336,17.403432846069336,16.895565032958984,17.103004455566406,3351146
2004-10-27,14.868648529052734,17.868383407592773,17.96137237548828,17.26752471923828,17.3319034576416,3719798
2004-10-28,14.761509895324707,17.739627838134766,18.104434967041016,17.639484405517578,17.868383407592773,2952576
2004-10-29,14.916263580322266,17.925607681274414,18.075822830200195,17.675249099731445,17.739627838134766,3299979
2004-11-01,14.707938194274902,17.675249099731445,18.0257511138916,17.596567153930664,17.846923828125,2830111
2004-11-02,14.83293628692627,17.825464248657227,18.161659240722656,17.439199447631836,17.503576278686523,3595936
2004-11-03,14.785320281982422,17.768239974975586,18.497854232788086,17.56795310974121,18.497854232788086,5250049
2004-11-04,14.856744766235352,17.854076385498047,17.91130256652832,17.639484405517578,17.768239974975586,3052813
2004-11-05,15.005555152893066,18.03290367126465,18.226036071777344,17.76108741760254,17.811159133911133,3431251
2004-11-08,15.338872909545898,18.433475494384766,18.51215934753418,17.81831169128418,17.81831169128418,3211905
2004-11-09,15.213881492614746,18.283262252807617,18.526466369628906,18.082975387573242,18.204578399658203,2274965
2004-11-10,14.910311698913574,17.918455123901367,18.376251220703125,17.91130256652832,18.311874389648438,2208700
2004-11-11,15.285304069519043,18.369098663330078,18.505006790161133,17.954219818115234,17.96137237548828,3480181
2004-11-12,13.440113067626953,16.15164566040039,16.63805389404297,15.665236473083496,16.63805389404297,27064721
2004-11-15,13.565110206604004,16.301860809326172,16.688125610351562,15.915594100952148,15.937052726745605,7632661
2004-11-16,13.660344123840332,16.416309356689453,16.473533630371094,16.137338638305664,16.17310333251953,4765502
2004-11-17,13.910338401794434,16.716737747192383,16.73104476928711,16.473533630371094,16.473533630371094,4839736
2004-11-18,13.92224407196045,16.73104476928711,16.773963928222656,16.459226608276367,16.53791046142578,3528971
2004-11-19,13.767486572265625,16.54506492614746,16.766809463500977,16.39484977722168,16.766809463500977,2884493
2004-11-22,13.7377290725708,16.50929832458496,16.559371948242188,16.301860809326172,16.459226608276367,2619992
2004-11-23,13.588920593261719,16.330472946166992,16.473533630371094,16.27324676513672,16.380544662475586,2979557
2004-11-24,13.797249794006348,16.580829620361328,16.630901336669922,16.258941650390625,16.287553787231445,2250640
2004-11-26,13.785344123840332,16.566524505615234,16.709585189819336,16.48784065246582,16.494993209838867,866760
2004-11-29,13.719869613647461,16.48784065246582,16.659513473510742,16.323318481445312,16.552217483520508,1966287
2004-11-30,13.62463092803955,16.373390197753906,16.50929832458496,16.301860809326172,16.323318481445312,2042618
2004-12-01,14.100814819335938,16.945636749267578,16.952789306640625,16.473533630371094,16.473533630371094,2731133
2004-12-02,14.3091402053833,17.195993423461914,17.56795310974121,16.93848419189453,16.945636749267578,4096280
2004-12-03,14.410331726074219,17.317596435546875,17.739627838134766,17.188840866088867,17.30328941345215,2780482
2004-12-06,14.469850540161133,17.389127731323242,17.467811584472656,17.145923614501953,17.274677276611328,1868567
2004-12-07,14.213902473449707,17.081544876098633,17.653791427612305,17.06723976135254,17.360515594482422,2484805
2004-12-08,14.005575180053711,16.831186294555664,17.09585189819336,16.78826904296875,17.08869743347168,2414346
2004-12-09,14.112717628479004,16.959943771362305,17.081544876098633,16.36623764038086,16.78826904296875,2912733
2004-12-10,14.100814819335938,16.945636749267578,17.346208572387695,16.78826904296875,17.346208572387695,2333542
2004-12-13,14.190095901489258,17.052932739257812,17.21030044555664,16.909870147705078,17.052932739257812,2191645
2004-12-14,14.404370307922363,17.310443878173828,17.360515594482422,16.9742488861084,16.9742488861084,2709604
2004-12-15,14.392472267150879,17.2961368560791,17.618026733398438,17.253219604492188,17.310443878173828,3147178
2004-12-16,14.094863891601562,16.93848419189453,17.253219604492188,16.917024612426758,17.024320602416992,2522831
2004-12-17,14.178187370300293,17.03862762451172,17.167381286621094,16.795421600341797,16.802574157714844,3656888
2004-12-20,14.029385566711426,16.859800338745117,17.30328941345215,16.84549331665039,17.09585189819336,2171234
2004-12-21,14.178187370300293,17.03862762451172,17.12446403503418,16.81688117980957,16.824033737182617,2538349
2004-12-22,14.285335540771484,17.167381286621094,17.288984298706055,16.924177169799805,17.06008529663086,2248124
2004-12-23,14.26747989654541,17.145923614501953,17.23891258239746,17.024320602416992,17.110157012939453,1678579
2004-12-27,14.166284561157227,17.024320602416992,17.23891258239746,16.952789306640625,17.110157012939453,3111529
2004-12-28,14.29128360748291,17.174535751342773,17.324750900268555,17.024320602416992,17.024320602416992,1716325
2004-12-29,14.51151180267334,17.439199447631836,17.48211669921875,17.045780181884766,17.06723976135254,2049328
2004-12-30,14.338902473449707,17.231760025024414,17.496423721313477,17.224607467651367,17.3319034576416,1724153
2004-12-31,14.344849586486816,17.23891258239746,17.3319034576416,17.18168830871582,17.231760025024414,1650479
2005-01-03,14.213902473449707,17.081544876098633,17.2961368560791,16.809728622436523,17.23891258239746,3378826
2005-01-04,13.83891487121582,16.630901336669922,17.160228729248047,16.48784065246582,17.010013580322266,3746920
2005-01-05,13.832964897155762,16.623748779296875,16.917024612426758,16.53791046142578,16.57367706298828,3898603
2005-01-06,13.529399871826172,16.258941650390625,16.766809463500977,16.230329513549805,16.738197326660156,3158641
2005-01-07,13.517491340637207,16.2446346282959,16.416309356689453,16.187410354614258,16.223175048828125,2624326
2005-01-10,13.452017784118652,16.165950775146484,16.251787185668945,15.929900169372559,16.216022491455078,3946135
2005-01-11,13.219883918762207,15.886981010437012,16.022890090942383,15.815450668334961,15.886981010437012,3071965
2005-01-12,13.20202922821045,15.865522384643555,16.022890090942383,15.622318267822266,15.886981010437012,3756845
2005-01-13,12.922276496887207,15.529328346252441,15.829756736755371,15.500715255737305,15.77253246307373,3330875
2005-01-14,13.124645233154297,15.77253246307373,15.836910247802734,15.550786972045898,15.557939529418945,2851640
2005-01-18,13.350834846496582,16.044349670410156,16.09442138671875,15.522174835205078,15.672389030456543,3523519
2005-01-19,13.130597114562988,15.779685020446777,16.09442138671875,15.751072883605957,15.9871244430542,3640811
2005-01-20,13.243692398071289,15.915594100952148,16.137338638305664,15.77253246307373,15.779685020446777,5632961
2005-01-21,12.975845336914062,15.593705177307129,15.922746658325195,15.536480903625488,15.915594100952148,5165051
2005-01-24,12.761561393737793,15.33619499206543,15.636624336242676,15.32904052734375,15.608011245727539,4936757
2005-01-25,12.975845336914062,15.593705177307129,15.736766815185547,15.343347549438477,15.386265754699707,2952716
2005-01-26,13.094887733459473,15.736766815185547,15.786837577819824,15.608011245727539,15.672389030456543,2882396
2005-01-27,13.094887733459473,15.736766815185547,15.901288032531738,15.522174835205078,15.672389030456543,2677310
2005-01-28,12.862749099731445,15.457797050476074,15.77253246307373,15.386265754699707,15.665236473083496,2934122
2005-01-31,13.160359382629395,15.815450668334961,15.915594100952148,15.665236473083496,15.69384765625,2656899
2005-02-01,13.404401779174805,16.108726501464844,16.130186080932617,15.74392032623291,15.74392032623291,2836542
2005-02-02,13.511542320251465,16.23748207092285,16.287553787231445,15.9871244430542,16.11587905883789,2423992
2005-02-03,13.154411315917969,15.808298110961914,16.230329513549805,15.629470825195312,16.108726501464844,2773912
2005-02-04,13.362738609313965,16.05865478515625,16.080114364624023,15.751072883605957,15.77253246307373,3140467
2005-02-07,13.76153564453125,16.53791046142578,16.6022891998291,16.23748207092285,16.30901336669922,3863653
2005-02-08,14.136523246765137,16.988555908203125,17.160228729248047,16.48784065246582,16.54506492614746,4378396
2005-02-09,13.743678092956543,16.51645278930664,17.017166137695312,16.4234619140625,17.017166137695312,2506894
2005-02-10,13.713918685913086,16.48068618774414,16.67382049560547,16.444921493530273,16.51645278930664,1859620
2005-02-11,14.118670463562012,16.96709632873535,17.03862762451172,16.316165924072266,16.437768936157227,2784816
2005-02-14,14.297232627868652,17.18168830871582,17.188840866088867,16.75965690612793,16.838340759277344,3926842
2005-02-15,14.51746654510498,17.446352005004883,17.54649543762207,16.67382049560547,16.773963928222656,9975569
2005-02-16,14.243659019470215,17.1173095703125,17.353361129760742,16.952789306640625,17.2961368560791,3941521
2005-02-17,14.10676383972168,16.952789306640625,17.281831741333008,16.917024612426758,17.00286102294922,3459351
2005-02-18,14.029385566711426,16.859800338745117,17.00286102294922,16.78826904296875,16.959943771362305,2814593
2005-02-22,13.97581672668457,16.795421600341797,17.167381286621094,16.70243263244629,16.752504348754883,2407775
2005-02-23,13.678203582763672,16.437768936157227,16.88125991821289,16.35908317565918,16.84549331665039,4493312
2005-02-24,13.803199768066406,16.587982177734375,16.623748779296875,16.30901336669922,16.380544662475586,5444930
2005-02-25,14.017480850219727,16.84549331665039,16.888412475585938,16.48068618774414,16.63805389404297,4985128
2005-02-28,14.285335540771484,17.167381286621094,17.21745491027832,16.84549331665039,16.84549331665039,3712808
2005-03-01,14.571032524108887,17.510730743408203,17.589412689208984,17.203147888183594,17.203147888183594,4375600
2005-03-02,14.48770809173584,17.410587310791016,17.582260131835938,17.23891258239746,17.381973266601562,2401345
2005-03-03,14.541275024414062,17.474964141845703,17.63233184814453,17.2961368560791,17.410587310791016,2720508
2005-03-04,14.350801467895508,17.246065139770508,17.57510757446289,17.167381286621094,17.532188415527344,2358426
2005-03-07,14.7317533493042,17.7038631439209,17.796852111816406,17.203147888183594,17.288984298706055,3172621
2005-03-08,14.49960708618164,17.42489242553711,17.87553596496582,17.274677276611328,17.60371971130371,3214841
2005-03-09,14.29128360748291,17.174535751342773,17.539342880249023,17.131616592407227,17.317596435546875,3013109
2005-03-10,14.231757164001465,17.103004455566406,17.260372161865234,16.90271759033203,17.153076171875,2554845
2005-03-11,13.89248275756836,16.69527816772461,17.203147888183594,16.63805389404297,17.06723976135254,2290483
2005-03-14,14.088909149169922,16.93132972717285,16.995708465576172,16.630901336669922,16.666667938232422,3095172
2005-03-15,13.844871520996094,16.63805389404297,17.08869743347168,16.616594314575195,16.945636749267578,2158792
2005-03-16,13.410355567932129,16.11587905883789,16.795421600341797,16.008583068847656,16.595136642456055,5131918
2005-03-17,13.487732887268066,16.20886993408203,16.287553787231445,16.072961807250977,16.09442138671875,2967674
2005-03-18,13.303216934204102,15.9871244430542,16.158798217773438,15.844062805175781,16.108726501464844,9052889
2005-03-21,13.440113067626953,16.15164566040039,16.33762550354004,15.894133567810059,15.915594100952148,3086225
2005-03-22,13.440113067626953,16.15164566040039,16.30901336669922,15.9871244430542,16.201717376708984,3907829
2005-03-23,13.410355567932129,16.11587905883789,16.23748207092285,16.09442138671875,16.165950775146484,3152770
2005-03-24,13.457972526550293,16.17310333251953,16.301860809326172,16.09442138671875,16.11587905883789,3457114
2005-03-28,13.398448944091797,16.101573944091797,16.27324676513672,16.05865478515625,16.23748207092285,2359964
2005-03-29,13.380587577819824,16.080114364624023,16.266094207763672,16.00143051147461,16.101573944091797,4043156
2005-03-30,13.255596160888672,15.929900169372559,15.979970932006836,15.565093040466309,15.915594100952148,5543070
2005-03-31,13.213932037353516,15.879828453063965,15.9871244430542,15.701001167297363,15.937052726745605,3786343
2005-04-01,13.136550903320312,15.786837577819824,16.11587905883789,15.765378952026367,16.022890090942383,4717831
2005-04-04,12.743704795837402,15.314735412597656,15.686695098876953,15.221744537353516,15.686695098876953,6827133
2005-04-05,12.713950157165527,15.278969764709473,15.36480712890625,15.078683853149414,15.343347549438477,5839166
2005-04-06,12.892504692077637,15.493561744689941,15.557939529418945,15.271817207336426,15.271817207336426,2994656
2005-04-07,12.844892501831055,15.436338424682617,15.479255676269531,15.293275833129883,15.450643539428711,4072374
2005-04-08,12.719897270202637,15.286123275756836,15.550786972045898,15.286123275756836,15.414877891540527,2677869
2005-04-11,12.582998275756836,15.121602058410645,15.286123275756836,15.02861213684082,15.264663696289062,4180300
2005-04-12,12.713950157165527,15.278969764709473,15.35050106048584,14.878397941589355,15.021458625793457,3661362
2005-04-13,12.386571884155273,14.885551452636719,15.343347549438477,14.842632293701172,15.200285911560059,3277751
2005-04-14,12.303240776062012,14.785408020019531,15.02861213684082,14.749642372131348,14.885551452636719,2925595
2005-04-15,12.142532348632812,14.59227466583252,14.685264587402344,14.384835243225098,14.642346382141113,4777805
2005-04-18,12.303240776062012,14.785408020019531,14.871245384216309,14.570815086364746,14.570815086364746,3426917
2005-04-19,12.362761497497559,14.856938362121582,14.964235305786133,14.778255462646484,14.792560577392578,3607819
2005-04-20,12.208006858825684,14.67095947265625,15.021458625793457,14.63519287109375,14.907010078430176,2722046
2005-04-21,12.684185028076172,15.243205070495605,15.293275833129883,14.792560577392578,14.792560577392578,3089300
2005-04-22,12.559187889099121,15.092989921569824,15.257511138916016,14.95708179473877,15.178827285766602,2963061
2005-04-25,12.690138816833496,15.250357627868652,15.37911319732666,15.01430606842041,15.150215148925781,3068470
2005-04-26,12.702037811279297,15.264663696289062,15.507867813110352,15.164521217346191,15.221744537353516,2782160
2005-04-27,12.636566162109375,15.185979843139648,15.343347549438477,14.98569393157959,15.221744537353516,2429724
2005-04-28,12.29133415222168,14.771101951599121,15.150215148925781,14.771101951599121,15.092989921569824,2629358
2005-04-29,12.350855827331543,14.842632293701172,14.914162635803223,14.62088680267334,14.878397941589355,3612432
2005-05-02,12.481809616088867,15.0,15.04291820526123,14.821172714233398,14.842632293701172,2168717
2005-05-03,12.606805801391602,15.150215148925781,15.243205070495605,14.942774772644043,14.949928283691406,2257351
2005-05-04,12.648468971252441,15.200285911560059,15.321887969970703,15.107295989990234,15.164521217346191,3982762
2005-05-05,12.547279357910156,15.078683853149414,15.343347549438477,15.01430606842041,15.150215148925781,3583214
2005-05-06,12.79727554321289,15.37911319732666,15.42203140258789,15.114448547363281,15.128754615783691,2177525
2005-05-09,13.029412269592285,15.658082962036133,15.722460746765137,15.243205070495605,15.307581901550293,2781041
2005-05-10,13.011556625366211,15.636624336242676,15.67954158782959,15.450643539428711,15.500715255737305,2695484
2005-05-11,13.213932037353516,15.879828453063965,15.901288032531738,15.593705177307129,15.629470825195312,2972987
2005-05-12,13.077033996582031,15.71530818939209,16.2446346282959,15.500715255737305,15.915594100952148,5483795
2005-05-13,13.088934898376465,15.7296142578125,15.944206237792969,15.643776893615723,15.736766815185547,4460599
2005-05-16,12.832988739013672,15.42203140258789,15.665236473083496,15.293275833129883,15.629470825195312,6348598
2005-05-17,13.380587577819824,16.080114364624023,16.165950775146484,15.171673774719238,15.665236473083496,6143371
2005-05-18,13.642489433288574,16.39484977722168,16.580829620361328,15.901288032531738,16.051502227783203,3796129
2005-05-19,13.73177719116211,16.502145767211914,16.53791046142578,16.344778060913086,16.39484977722168,2144672
2005-05-20,13.934150695800781,16.745351791381836,16.781116485595703,16.323318481445312,16.523605346679688,2361781
2005-05-23,14.065099716186523,16.90271759033203,16.945636749267578,16.666667938232422,16.680973052978516,3203517
2005-05-24,14.219860076904297,17.08869743347168,17.153076171875,16.75965690612793,16.809728622436523,2963201
2005-05-25,14.005575180053711,16.831186294555664,16.988555908203125,16.70243263244629,16.959943771362305,2130552
2005-05-26,14.142478942871094,16.995708465576172,17.06008529663086,16.838340759277344,16.838340759277344,1806915
2005-05-27,14.231757164001465,17.103004455566406,17.138769149780273,16.93132972717285,16.988555908203125,1156286
2005-05-31,14.29128360748291,17.174535751342773,17.274677276611328,16.959943771362305,16.988555908203125,2871632
2005-06-01,14.392472267150879,17.2961368560791,17.439199447631836,17.131616592407227,17.174535751342773,1969363
2005-06-02,14.398421287536621,17.30328941345215,17.403432846069336,17.138769149780273,17.153076171875,2222680
2005-06-03,14.321049690246582,17.21030044555664,17.310443878173828,17.131616592407227,17.310443878173828,1688644
2005-06-06,14.59484577178955,17.539342880249023,17.7038631439209,17.346208572387695,17.489269256591797,4541962
2005-06-07,14.416278839111328,17.324750900268555,17.6680965423584,17.260372161865234,17.525035858154297,2777546
2005-06-08,14.55318546295166,17.489269256591797,17.646638870239258,17.374820709228516,17.446352005004883,2163685
2005-06-09,14.701985359191895,17.6680965423584,17.69671058654785,17.403432846069336,17.439199447631836,3957598
2005-06-10,14.582941055297852,17.525035858154297,17.78254508972168,17.489269256591797,17.69671058654785,1914841
2005-06-13,14.684136390686035,17.646638870239258,17.711015701293945,17.45350456237793,17.489269256591797,2105528
2005-06-14,14.701985359191895,17.6680965423584,17.739627838134766,17.57510757446289,17.639484405517578,1577224
2005-06-15,14.672223091125488,17.63233184814453,17.825464248657227,17.503576278686523,17.725322723388672,1674664
2005-06-16,14.62460708618164,17.57510757446289,17.73247528076172,17.553647994995117,17.7038631439209,1531229
2005-06-17,14.74364948272705,17.718168258666992,17.78969955444336,17.618026733398438,17.775392532348633,2990602
2005-06-20,14.83293628692627,17.825464248657227,17.8826904296875,17.54649543762207,17.560800552368164,2084558
2005-06-21,14.690086364746094,17.653791427612305,17.8826904296875,17.653791427612305,17.775392532348633,1939306
2005-06-22,14.660323143005371,17.618026733398438,17.811159133911133,17.51788330078125,17.725322723388672,1993408
2005-06-23,14.773411750793457,17.753934860229492,17.918455123901367,17.596567153930664,17.618026733398438,3662620
2005-06-24,14.362715721130371,17.260372161865234,17.73247528076172,17.253219604492188,17.725322723388672,2575535
2005-06-27,13.89248275756836,16.69527816772461,17.138769149780273,16.595136642456055,17.131616592407227,3339403
2005-06-28,13.981769561767578,16.802574157714844,16.831186294555664,16.652360916137695,16.70243263244629,2806345
2005-06-29,13.827006340026855,16.616594314575195,16.866952896118164,16.580829620361328,16.773963928222656,1800065
2005-06-30,13.702009201049805,16.466381072998047,16.595136642456055,16.416309356689453,16.50929832458496,2410851
2005-07-01,13.928197860717773,16.738197326660156,16.84549331665039,16.54506492614746,16.595136642456055,2282794
2005-07-05,14.059144020080566,16.895565032958984,17.024320602416992,16.54506492614746,16.63805389404297,1992430
2005-07-06,14.071044921875,16.909870147705078,17.195993423461914,16.859800338745117,16.859800338745117,2280418
2005-07-07,14.213902473449707,17.081544876098633,17.08869743347168,16.54506492614746,16.738197326660156,3442016
2005-07-08,14.48770809173584,17.410587310791016,17.474964141845703,17.09585189819336,17.131616592407227,3375611
2005-07-11,15.279353141784668,18.36194610595703,18.7195987701416,17.8826904296875,17.8826904296875,9869321
2005-07-12,15.43411636352539,18.54792594909668,18.63376235961914,17.896995544433594,17.896995544433594,3632423
2005-07-13,15.43411636352539,18.54792594909668,18.669527053833008,18.36194610595703,18.433475494384766,2889806
2005-07-14,15.321015357971191,18.412017822265625,18.776824951171875,18.311874389648438,18.63376235961914,2061211
2005-07-15,15.273396492004395,18.354793548583984,18.48354721069336,18.197425842285156,18.48354721069336,2025562
2005-07-18,15.279353141784668,18.36194610595703,18.36194610595703,18.082975387573242,18.311874389648438,1994666
2005-07-19,15.446009635925293,18.562231063842773,18.655221939086914,18.21173095703125,18.36194610595703,2267276
2005-07-20,15.4281587600708,18.540773391723633,18.705293655395508,18.311874389648438,18.51931381225586,3281386
2005-07-21,15.38649845123291,18.49070167541504,18.698139190673828,18.412017822265625,18.540773391723633,2903506
2005-07-22,15.231735229492188,18.30472183227539,18.45493507385254,18.14735221862793,18.440628051757812,2015217
2005-07-25,15.237688064575195,18.311874389648438,18.45493507385254,18.226036071777344,18.261802673339844,1645586
2005-07-26,15.463875770568848,18.583690643310547,18.733905792236328,18.311874389648438,18.311874389648438,2810679
2005-07-27,15.713861465454102,18.88412094116211,19.048641204833984,18.597997665405273,18.63376235961914,3298581
2005-07-28,15.725777626037598,18.898426055908203,18.94134521484375,18.776824951171875,18.88412094116211,1375492
2005-07-29,15.618624687194824,18.769670486450195,18.94134521484375,18.69098663330078,18.82689666748047,1333412
2005-08-01,15.779339790344238,18.962804794311523,19.134477615356445,18.76251792907715,18.76251792907715,1878632
2005-08-02,15.850761413574219,19.048641204833984,19.15593719482422,18.96995735168457,19.041488647460938,1791677
2005-08-03,15.934093475341797,19.148784637451172,19.148784637451172,18.683834075927734,18.891273498535156,1961114
2005-08-04,15.588871955871582,18.733905792236328,19.105865478515625,18.669527053833008,19.098712921142578,2370728
2005-08-05,15.398397445678711,18.505006790161133,18.712446212768555,18.469242095947266,18.562231063842773,1944059
2005-08-08,15.071022987365723,18.111587524414062,18.505006790161133,18.090129852294922,18.48354721069336,3385537
2005-08-09,15.225778579711914,18.29756736755371,18.383405685424805,18.111587524414062,18.168813705444336,1702904
2005-08-10,15.059112548828125,18.09728240966797,18.48354721069336,18.011444091796875,18.3977108001709,1918056
2005-08-11,15.547201156616211,18.683834075927734,18.683834075927734,18.054363250732422,18.09728240966797,2182278
2005-08-12,15.719823837280273,18.891273498535156,19.070100784301758,18.705293655395508,18.705293655395508,5382440
2005-08-15,18.053085327148438,21.69527816772461,22.06723976135254,20.994277954101562,21.2446346282959,31126190
2005-08-16,18.142370223999023,21.802574157714844,21.802574157714844,21.12303352355957,21.137338638305664,9891269
2005-08-17,18.51736068725586,22.253219604492188,22.281831741333008,21.802574157714844,21.81688117980957,7127144
2005-08-18,18.392366409301758,22.103004455566406,22.21030044555664,21.959943771362305,21.995708465576172,7106873
2005-08-19,18.24355697631836,21.924177169799805,22.145923614501953,21.895565032958984,22.103004455566406,4095860
2005-08-22,18.27332305908203,21.959943771362305,22.03147315979004,21.752504348754883,21.752504348754883,5358674
2005-08-23,18.00546646118164,21.63805389404297,22.00286102294922,21.63805389404297,21.888412475585938,9969418
2005-08-24,17.945951461791992,21.566524505615234,22.00286102294922,21.459226608276367,21.459226608276367,6360481
2005-08-25,18.332836151123047,22.03147315979004,22.231760025024414,21.4234619140625,21.494993209838867,7599668
2005-08-26,18.511411666870117,22.246065139770508,22.3319034576416,21.959943771362305,21.959943771362305,6772751
2005-08-29,18.606645584106445,22.360515594482422,22.54649543762207,22.03147315979004,22.03147315979004,4843231
2005-08-30,19.05900764465332,22.90414810180664,22.947067260742188,22.39628028869629,22.42489242553711,5935209
2005-08-31,19.142337799072266,23.004291534423828,23.047210693359375,22.711015701293945,22.90414810180664,3016185
2005-09-01,19.21971893310547,23.09728240966797,23.190271377563477,22.804006576538086,22.825464248657227,6032650
2005-09-02,19.130447387695312,22.989986419677734,23.175966262817383,22.925607681274414,23.09728240966797,2614679
2005-09-06,19.332813262939453,23.233190536499023,23.261802673339844,22.81831169128418,22.81831169128418,3795011
2005-09-07,19.338760375976562,23.24034309387207,23.32617950439453,23.090129852294922,23.090129852294922,4619691
2005-09-08,19.166152954101562,23.03290367126465,23.283262252807617,22.854076385498047,23.204578399658203,5094452
2005-09-09,19.416147232055664,23.333332061767578,23.376251220703125,22.975679397583008,23.018598556518555,3532327
2005-09-12,19.832794189453125,23.834049224853516,23.927038192749023,23.354793548583984,23.447782516479492,6997829
2005-09-13,19.69589614868164,23.669527053833008,23.76251792907715,23.540773391723633,23.569385528564453,7495377
2005-09-14,19.422103881835938,23.340486526489258,23.54792594909668,23.29756736755371,23.497854232788086,3368761
2005-09-15,19.660192489624023,23.626609802246094,23.7195987701416,23.433475494384766,23.533618927001953,4178342
2005-09-16,20.183984756469727,24.256080627441406,24.320457458496094,23.655221939086914,23.798282623291016,11215735
2005-09-19,20.029233932495117,24.070100784301758,24.191701889038086,23.898426055908203,24.141630172729492,3950049
2005-09-20,20.255409240722656,24.341917037963867,24.642345428466797,24.191701889038086,24.191701889038086,5504765
2005-09-21,20.023269653320312,24.062946319580078,24.30615234375,23.85550880432129,24.191701889038086,4228391
2005-09-22,20.04708480834961,24.0915584564209,24.141630172729492,23.69098663330078,23.962804794311523,5213561
2005-09-23,20.053030014038086,24.098712921142578,24.263233184814453,23.841201782226562,23.962804794311523,4984289
2005-09-26,19.999465942382812,24.034334182739258,24.30615234375,23.934192657470703,24.177396774291992,3827025
2005-09-27,19.916139602661133,23.934192657470703,24.141630172729492,23.898426055908203,24.034334182739258,3930197
2005-09-28,19.77923011779785,23.769670486450195,24.12017250061035,23.63376235961914,23.99856948852539,3909227
2005-09-29,19.44590187072754,23.369098663330078,23.834049224853516,23.24034309387207,23.676681518554688,8579666
2005-09-30,19.493528366088867,23.42632293701172,23.597997665405273,23.340486526489258,23.383405685424805,6801130
2005-10-03,19.636369705200195,23.597997665405273,23.81974220275879,23.48354721069336,23.48354721069336,6663847
2005-10-04,19.32090950012207,23.218883514404297,23.712446212768555,23.12589454650879,23.63376235961914,4797517
2005-10-05,18.606645584106445,22.360515594482422,22.989986419677734,22.26752471923828,22.975679397583008,5472331
2005-10-06,18.493560791015625,22.224607467651367,22.460657119750977,22.017166137695312,22.446352005004883,5275493
2005-10-07,18.93401336669922,22.753934860229492,22.804006576538086,22.3319034576416,22.474964141845703,4799614
2005-10-10,18.660213470458984,22.42489242553711,22.854076385498047,22.39628028869629,22.746780395507812,3127326
2005-10-11,18.46973419189453,22.195993423461914,22.625179290771484,22.138769149780273,22.446352005004883,4963459
2005-10-12,18.112611770629883,21.766809463500977,22.246065139770508,21.502145767211914,22.09585189819336,5462545
2005-10-13,18.201887130737305,21.87410545349121,21.88125991821289,21.53791046142578,21.63805389404297,3057286
2005-10-14,18.410219192504883,22.12446403503418,23.676681518554688,21.802574157714844,23.676681518554688,3457114
2005-10-17,18.356653213500977,22.06008529663086,22.131616592407227,21.781116485595703,22.052932739257812,3112367
2005-10-18,18.24355697631836,21.924177169799805,22.06008529663086,21.75965690612793,21.995708465576172,3007657
2005-10-19,18.55902671813965,22.30328941345215,22.45350456237793,21.745351791381836,21.924177169799805,5289613
2005-10-20,18.34474754333496,22.045780181884766,22.60371971130371,21.952789306640625,22.317596435546875,3658426
2005-10-21,18.505455017089844,22.23891258239746,22.446352005004883,21.9742488861084,22.103004455566406,3116422
2005-10-24,18.553071975708008,22.2961368560791,22.503576278686523,22.145923614501953,22.23891258239746,2351995
2005-10-25,18.55902671813965,22.30328941345215,22.45350456237793,22.138769149780273,22.246065139770508,3410281
2005-10-26,18.445934295654297,22.167381286621094,22.489269256591797,22.153076171875,22.246065139770508,2405119
2005-10-27,18.195945739746094,21.866952896118164,22.131616592407227,21.831186294555664,22.03147315979004,1791817
2005-10-28,18.45188331604004,22.174535751342773,22.21030044555664,21.437768936157227,21.917024612426758,3328219
2005-10-31,19.053054809570312,22.896995544433594,22.989986419677734,22.138769149780273,22.174535751342773,4258588
2005-11-01,19.124486923217773,22.982833862304688,23.24034309387207,22.81831169128418,22.896995544433594,2686537
2005-11-02,19.45185661315918,23.376251220703125,23.51215934753418,22.93276023864746,22.96137237548828,2457684
2005-11-03,19.46375846862793,23.39055824279785,23.619455337524414,23.319026947021484,23.45493507385254,2087214
2005-11-04,19.52328872680664,23.46208953857422,23.60515022277832,23.354793548583984,23.36194610595703,2857652
2005-11-07,19.582807540893555,23.533618927001953,23.569385528564453,23.24034309387207,23.319026947021484,2348500
2005-11-08,19.624469757080078,23.583690643310547,23.676681518554688,23.404863357543945,23.404863357543945,6345662
2005-11-09,19.660192489624023,23.626609802246094,23.733905792236328,23.469242095947266,23.533618927001953,4411808
2005-11-10,19.666135787963867,23.63376235961914,23.72675323486328,23.51931381225586,23.626609802246094,3984999
2005-11-11,19.600666046142578,23.555078506469727,23.626609802246094,23.39055824279785,23.440628051757812,3149414
2005-11-14,19.582807540893555,23.533618927001953,23.812589645385742,23.447782516479492,23.46208953857422,4946264
2005-11-15,20.535160064697266,24.678112030029297,25.0,24.620887756347656,24.892704010009766,21852138
2005-11-16,20.3863582611084,24.499284744262695,24.74964141845703,24.442060470581055,24.499284744262695,5939543
2005-11-17,20.689926147460938,24.864091873168945,24.88555145263672,24.434907913208008,24.463518142700195,8188645
2005-11-18,20.779197692871094,24.97138786315918,25.0,24.735336303710938,24.88555145263672,6885150
2005-11-21,20.820871353149414,25.021459579467773,25.100143432617188,24.742488861083984,24.74964141845703,5693355
2005-11-22,21.172054290771484,25.443490982055664,25.60801124572754,24.928468704223633,24.928468704223633,5379364
2005-11-23,21.219680786132812,25.500715255737305,25.600858688354492,25.357654571533203,25.357654571533203,3512195
2005-11-25,21.24346923828125,25.529327392578125,25.586551666259766,25.472103118896484,25.500715255737305,1500613
2005-11-28,21.219680786132812,25.500715255737305,25.500715255737305,25.33619499206543,25.464950561523438,4608507
2005-11-29,21.124431610107422,25.386266708374023,25.61516571044922,25.343347549438477,25.464950561523438,4499743
2005-11-30,21.225618362426758,25.50786781311035,25.593704223632812,25.321887969970703,25.321887969970703,3478504
2005-12-01,21.41609001159668,25.736766815185547,25.822603225708008,25.464950561523438,25.50786781311035,5534822
2005-12-02,21.124431610107422,25.386266708374023,25.63662338256836,25.164520263671875,25.60801124572754,8079042
2005-12-05,20.83277702331543,25.035764694213867,25.60801124572754,24.94277572631836,25.39341926574707,7176633
2005-12-06,20.797061920166016,24.992847442626953,25.15021514892578,24.921316146850586,25.035764694213867,9519681
2005-12-07,20.523256301879883,24.66380500793457,25.035764694213867,24.599428176879883,25.035764694213867,8032628
2005-12-08,20.582782745361328,24.735336303710938,24.828325271606445,24.427753448486328,24.713876724243164,7928058
2005-12-09,20.993480682373047,25.228897094726562,25.293275833129883,24.78540802001953,24.8211727142334,12569837
2005-12-12,21.219680786132812,25.500715255737305,25.64377784729004,25.200286865234375,25.200286865234375,12084452
2005-12-13,21.41609001159668,25.736766815185547,25.751073837280273,25.472103118896484,25.486408233642578,17491496
2005-12-14,21.148235321044922,25.414878845214844,25.751073837280273,25.321887969970703,25.715307235717773,20195927
2005-12-15,20.957765579223633,25.18597984313965,25.457796096801758,25.164520263671875,25.39341926574707,3683311
2005-12-16,21.011343002319336,25.25035858154297,25.350500106811523,25.228897094726562,25.30758285522461,4575235
2005-12-19,20.862533569335938,25.071531295776367,25.39341926574707,25.021459579467773,25.193132400512695,4719788
2005-12-20,20.725631713867188,24.90700912475586,25.071531295776367,24.678112030029297,25.035764694213867,4113056
2005-12-21,20.74944305419922,24.93562126159668,25.30042839050293,24.928468704223633,25.02861213684082,5887537
2005-12-22,20.874441146850586,25.08583641052246,25.121601104736328,24.892704010009766,24.928468704223633,4178203
2005-12-23,20.77325439453125,24.964235305786133,25.143062591552734,24.892704010009766,25.035764694213867,1786364
2005-12-27,20.22565460205078,24.30615234375,24.928468704223633,24.277538299560547,24.892704010009766,2991021
2005-12-28,20.178028106689453,24.248926162719727,24.499284744262695,24.034334182739258,24.463518142700195,3903496
2005-12-29,19.92209243774414,23.94134521484375,24.33476448059082,23.934192657470703,24.320457458496094,3034219
2005-12-30,19.81494903564453,23.812589645385742,23.934192657470703,23.669527053833008,23.805435180664062,3244618
2006-01-03,19.939939498901367,23.962804794311523,24.020029067993164,23.476394653320312,23.891273498535156,5307088
2006-01-04,19.99351692199707,24.02718162536621,24.198856353759766,23.869813919067383,23.99856948852539,4195817
2006-01-05,20.517301559448242,24.656652450561523,24.656652450561523,23.927038192749023,23.927038192749023,4835402
2006-01-06,20.624441146850586,24.78540802001953,24.88555145263672,24.38483428955078,24.678112030029297,6146307
2006-01-09,20.564922332763672,24.713876724243164,24.892704010009766,24.620887756347656,24.78540802001953,4082859
2006-01-10,20.83277702331543,25.035764694213867,25.035764694213867,24.39198875427246,24.499284744262695,3010873
2006-01-11,20.826818466186523,25.02861213684082,25.09299087524414,24.74964141845703,25.035764694213867,2874987
2006-01-12,20.368497848510742,24.477825164794922,24.928468704223633,24.4492130279541,24.856937408447266,5484354
2006-01-13,20.213743209838867,24.291845321655273,24.499284744262695,24.02718162536621,24.413448333740234,4101592
2006-01-17,20.09469985961914,24.148784637451172,24.148784637451172,23.81974220275879,24.08440589904785,3496678
2006-01-18,20.5113525390625,24.649499893188477,24.735336303710938,23.898426055908203,24.134477615356445,3948791
2006-01-19,20.83277702331543,25.035764694213867,25.21459197998047,24.67095947265625,24.678112030029297,4376159
2006-01-20,20.3863582611084,24.499284744262695,25.035764694213867,24.320457458496094,24.928468704223633,5196646
2006-01-23,20.3863582611084,24.499284744262695,24.735336303710938,24.42060089111328,24.463518142700195,2203108
2006-01-24,20.428020477294922,24.54935646057129,24.713876724243164,24.427753448486328,24.499284744262695,2460760
2006-01-25,20.398258209228516,24.513591766357422,24.592275619506836,24.434907913208008,24.556509017944336,1933434
2006-01-26,20.30302619934082,24.399141311645508,24.67095947265625,24.098712921142578,24.63519287109375,3194570
2006-01-27,20.32088851928711,24.42060089111328,24.678112030029297,24.377681732177734,24.39198875427246,2827315
2006-01-30,20.475637435913086,24.60658073425293,24.656652450561523,24.39198875427246,24.39198875427246,1832638
2006-01-31,20.183984756469727,24.256080627441406,24.54935646057129,24.256080627441406,24.499284744262695,4088311
2006-02-01,20.8089599609375,25.007152557373047,25.035764694213867,24.163089752197266,24.163089752197266,4049027
2006-02-02,20.398258209228516,24.513591766357422,24.892704010009766,24.320457458496094,24.678112030029297,2170675
2006-02-03,20.433971405029297,24.556509017944336,24.742488861083984,24.341917037963867,24.427753448486328,1999979
2006-02-06,20.67801284790039,24.84978485107422,25.02861213684082,24.413448333740234,24.513591766357422,2263082
2006-02-07,20.237548828125,24.320457458496094,24.806867599487305,23.977109909057617,24.713876724243164,3002065
2006-02-08,20.558975219726562,24.706724166870117,24.742488861083984,24.35622215270996,24.35622215270996,2496269
2006-02-09,20.910154342651367,25.128755569458008,25.321887969970703,25.0,25.0,6363137
2006-02-10,21.350618362426758,25.658082962036133,25.658082962036133,25.035764694213867,25.035764694213867,7803636
2006-02-13,20.505407333374023,24.642345428466797,25.264663696289062,24.33476448059082,25.1788272857666,8885408
2006-02-14,20.71373176574707,24.892704010009766,25.200286865234375,24.563661575317383,24.735336303710938,5104098
2006-02-15,20.826818466186523,25.02861213684082,25.11444854736328,24.39198875427246,24.713876724243164,4798216
2006-02-16,20.701824188232422,24.878398895263672,25.1788272857666,24.8211727142334,24.957082748413086,3285719
2006-02-17,20.826818466186523,25.02861213684082,25.135908126831055,24.69957160949707,24.74964141845703,4504915
2006-02-21,20.916101455688477,25.135908126831055,25.293275833129883,24.978540420532227,24.985694885253906,4502119
2006-02-22,21.09466552734375,25.350500106811523,25.350500106811523,25.11444854736328,25.135908126831055,3762298
2006-02-23,21.427993774414062,25.751073837280273,25.965665817260742,25.371959686279297,25.39341926574707,7033618
2006-02-24,21.3803768157959,25.69384765625,25.951358795166016,25.57939910888672,25.81545066833496,2933843
2006-02-27,21.7791748046875,26.17310333251953,26.2804012298584,25.64377784729004,25.64377784729004,4910335
2006-02-28,21.427993774414062,25.751073837280273,26.108726501464844,25.715307235717773,25.929899215698242,3259018
2006-03-01,21.85059928894043,26.258941650390625,26.258941650390625,25.822603225708008,25.822603225708008,2668083
2006-03-02,21.618467330932617,25.979970932006836,26.18025779724121,25.894134521484375,26.14449119567871,2916787
2006-03-03,21.558948516845703,25.9084415435791,26.18025779724121,25.77968406677246,25.801143646240234,2123981
2006-03-06,21.535137176513672,25.87982749938965,25.994277954101562,25.66523551940918,25.894134521484375,2164943
2006-03-07,21.636320114135742,26.00143051147461,26.072961807250977,25.686695098876953,25.75822639465332,3846877
2006-03-08,21.761322021484375,26.15164566040039,26.33762550354004,25.894134521484375,26.00143051147461,3577482
2006-03-09,21.552993774414062,25.901287078857422,26.316165924072266,25.8726749420166,26.2804012298584,4092785
2006-03-10,21.654178619384766,26.022890090942383,26.14449119567871,25.572246551513672,25.894134521484375,2974105
2006-03-13,21.981550216674805,26.416309356689453,26.444921493530273,26.037195205688477,26.037195205688477,4551469
2006-03-14,21.927980422973633,26.351930618286133,26.430614471435547,26.080114364624023,26.33762550354004,4287946
2006-03-15,22.338693618774414,26.84549331665039,26.888412475585938,26.051502227783203,26.223175048828125,5612411
2006-03-16,22.463685989379883,26.995708465576172,27.174535751342773,26.802574157714844,26.802574157714844,5037274
2006-03-17,22.57082748413086,27.12446403503418,27.281831741333008,26.909870147705078,27.00286102294922,7066051
2006-03-20,22.451780319213867,26.981401443481445,27.110157012939453,26.73104476928711,27.08869743347168,2414905
2006-03-21,22.094640731811523,26.552217483520508,26.981401443481445,26.466381072998047,26.895565032958984,3594817
2006-03-22,22.08274269104004,26.53791046142578,26.595136642456055,26.330472946166992,26.523605346679688,4593409
2006-03-23,22.142261505126953,26.60944175720215,26.716737747192383,26.230329513549805,26.57367706298828,2907001
2006-03-24,22.24345588684082,26.73104476928711,26.824033737182617,26.502145767211914,26.53791046142578,2495849
2006-03-27,21.832752227783203,26.23748207092285,26.559371948242188,26.23748207092285,26.552217483520508,2823541
2006-03-28,21.58871078491211,25.94420623779297,26.27324676513672,25.901287078857422,26.216022491455078,2805227
2006-03-29,21.99941062927246,26.437768936157227,26.523605346679688,25.958511352539062,25.958511352539062,3813604
2006-03-30,22.201784133911133,26.680973052978516,26.824033737182617,26.373390197753906,26.39484977722168,3540016
2006-03-31,22.350587844848633,26.859800338745117,26.93132972717285,26.680973052978516,26.680973052978516,3822412
2006-04-03,22.677963256835938,27.253219604492188,27.439199447631836,26.96709632873535,27.03862762451172,4227412
2006-04-04,22.64820671081543,27.21745491027832,27.324750900268555,27.06723976135254,27.203147888183594,2554565
2006-04-05,22.749387741088867,27.33905601501465,27.39628028869629,27.138769149780273,27.203147888183594,2414206
2006-04-06,22.916048049926758,27.539342880249023,27.57510757446289,27.253219604492188,27.288984298706055,3291731
2006-04-07,22.535112380981445,27.081544876098633,27.539342880249023,26.93132972717285,27.45350456237793,3174718
2006-04-10,21.975595474243164,26.409156799316406,27.18168830871582,26.216022491455078,27.010013580322266,3005281
2006-04-11,22.005367279052734,26.444921493530273,26.645206451416016,26.072961807250977,26.53791046142578,2249242
2006-04-12,21.62441635131836,25.987123489379883,26.53791046142578,25.937053680419922,26.39484977722168,1992010
2006-04-13,21.826797485351562,26.230329513549805,26.27324676513672,25.829757690429688,25.858369827270508,1634821
2006-04-17,21.93988800048828,26.36623764038086,26.494993209838867,26.108726501464844,26.223175048828125,2351855
2006-04-18,22.61248207092285,27.174535751342773,27.3319034576416,26.430614471435547,26.523605346679688,5097248
2006-04-19,22.981525421142578,27.618026733398438,27.682403564453125,27.1173095703125,27.12446403503418,4215949
2006-04-20,23.1958065032959,27.87553596496582,28.218883514404297,27.63233184814453,27.6680965423584,4884752
2006-04-21,23.106523513793945,27.768239974975586,27.99713897705078,27.582260131835938,27.93276023864746,3201280
2006-04-24,22.86842918395996,27.48211669921875,27.69671058654785,27.33905601501465,27.66094398498535,2539187
2006-04-25,23.13627815246582,27.804006576538086,27.8826904296875,27.467811584472656,27.489269256591797,3163394
2006-04-26,23.09462547302246,27.753934860229492,27.896995544433594,27.539342880249023,27.861230850219727,2369610
2006-04-27,23.213666915893555,27.896995544433594,28.283262252807617,27.66094398498535,27.711015701293945,4104248
2006-04-28,22.86842918395996,27.48211669921875,27.868383407592773,27.45350456237793,27.825464248657227,2775030
2006-05-01,23.064861297607422,27.718168258666992,27.896995544433594,27.467811584472656,27.57510757446289,2977740
2006-05-02,23.231517791748047,27.918455123901367,27.96852684020996,27.69671058654785,27.718168258666992,2400925
2006-05-03,23.1719970703125,27.846923828125,27.91130256652832,27.589412689208984,27.861230850219727,1912744
2006-05-04,23.13032341003418,27.796852111816406,28.09728240966797,27.682403564453125,27.846923828125,2827735
2006-05-05,23.302942276000977,28.004291534423828,28.075822830200195,27.78969955444336,27.896995544433594,2047371
2006-05-08,23.213666915893555,27.896995544433594,28.218883514404297,27.868383407592773,27.96852684020996,3057845
2006-05-09,23.142234802246094,27.811159133911133,27.99713897705078,27.610872268676758,27.99713897705078,2259867
2006-05-10,23.017242431640625,27.66094398498535,27.889842987060547,27.51788330078125,27.682403564453125,2768599
2006-05-11,23.017242431640625,27.66094398498535,27.718168258666992,27.30328941345215,27.467811584472656,3574546
2006-05-12,22.172021865844727,26.645206451416016,27.57510757446289,26.595136642456055,27.503576278686523,4735026
2006-05-15,22.600582122802734,27.160228729248047,27.274677276611328,26.645206451416016,26.716737747192383,4782698
2006-05-16,20.743494033813477,24.928468704223633,26.17310333251953,24.81402015686035,25.929899215698242,13497131
2006-05-17,20.707775115966797,24.88555145263672,25.1788272857666,24.742488861083984,24.892704010009766,6133585
2006-05-18,20.7375431060791,24.921316146850586,25.42918586730957,24.871244430541992,25.014305114746094,4384827
2006-05-19,20.820871353149414,25.021459579467773,25.128755569458008,24.713876724243164,25.0,5709152
2006-05-22,20.499454498291016,24.63519287109375,25.014305114746094,24.427753448486328,24.985694885253906,4911034
2006-05-23,20.529211044311523,24.67095947265625,25.121601104736328,24.60658073425293,24.69957160949707,3992129
2006-05-24,20.30898094177246,24.406295776367188,25.050071716308594,23.962804794311523,24.599428176879883,4552587
2006-05-25,20.183984756469727,24.256080627441406,24.642345428466797,23.948497772216797,24.60658073425293,5302055
2006-05-26,20.612537384033203,24.771102905273438,24.892704010009766,24.327611923217773,24.427753448486328,3066373
2006-05-30,20.28516387939453,24.377681732177734,24.78540802001953,24.33476448059082,24.72818374633789,3688763
2006-05-31,20.767297744750977,24.957082748413086,25.0,24.370529174804688,24.370529174804688,5449684
2006-06-01,20.850629806518555,25.05722427368164,25.143062591552734,24.75679588317871,24.8211727142334,4336876
2006-06-02,21.14228630065918,25.407724380493164,25.472103118896484,24.949928283691406,25.100143432617188,3670729
2006-06-05,20.439929962158203,24.563661575317383,25.30042839050293,24.542203903198242,25.25035858154297,4340371
2006-06-06,20.26136016845703,24.349069595336914,24.75679588317871,24.098712921142578,24.742488861083984,4452211
2006-06-07,20.178028106689453,24.248926162719727,24.628040313720703,24.034334182739258,24.35622215270996,3134176
2006-06-08,19.94589614868164,23.96995735168457,24.12017250061035,23.46208953857422,24.105865478515625,4266696
2006-06-09,20.076845169067383,24.1273250579834,24.35622215270996,23.79113006591797,23.96995735168457,3288935
2006-06-12,19.404233932495117,23.319026947021484,24.206008911132812,23.018598556518555,24.105865478515625,7134553
2006-06-13,18.7197322845459,22.496423721313477,23.440628051757812,22.389127731323242,23.247495651245117,10513799
2006-06-14,18.999492645263672,22.832618713378906,22.854076385498047,22.42489242553711,22.496423721313477,6152318
2006-06-15,19.86851692199707,23.87696647644043,23.962804794311523,22.90414810180664,22.918455123901367,5643866
2006-06-16,19.85065269470215,23.85550880432129,23.977109909057617,23.648069381713867,23.76251792907715,3529391
2006-06-19,19.261383056640625,23.14735221862793,23.991416931152344,23.06867027282715,23.891273498535156,2779084
2006-06-20,19.15424919128418,23.018598556518555,23.36194610595703,22.93991470336914,23.140199661254883,2086375
2006-06-21,19.439956665039062,23.36194610595703,23.51931381225586,23.011444091796875,23.011444091796875,1933714
2006-06-22,19.20781898498535,23.082975387573242,23.404863357543945,22.96137237548828,23.290414810180664,1848436
2006-06-23,18.564979553222656,22.310443878173828,22.889842987060547,21.344778060913086,22.889842987060547,8503894
2006-06-26,18.713775634765625,22.489269256591797,22.560800552368164,22.21745491027832,22.389127731323242,3932434
2006-06-27,18.118560791015625,21.773963928222656,22.460657119750977,21.73104476928711,21.888412475585938,5071525
2006-06-28,18.189987182617188,21.859800338745117,22.045780181884766,21.50929832458496,21.766809463500977,3484096
2006-06-29,18.755451202392578,22.539342880249023,22.560800552368164,21.81688117980957,21.93848419189453,3764395
2006-06-30,18.78520965576172,22.57510757446289,22.96852684020996,22.560800552368164,22.57510757446289,5431789
2006-07-03,18.963773727416992,22.78969955444336,22.889842987060547,22.51788330078125,22.7038631439209,1393387
2006-07-05,18.648305892944336,22.410587310791016,22.711015701293945,22.21030044555664,22.653791427612305,3467040
2006-07-06,18.83283042907715,22.63233184814453,22.796852111816406,22.39628028869629,22.403432846069336,2054221
2006-07-07,18.463794708251953,22.188840866088867,22.532188415527344,21.988555908203125,22.532188415527344,2374783
2006-07-10,18.30307960510254,21.995708465576172,22.460657119750977,21.838340759277344,22.30328941345215,2189967
2006-07-11,17.96379852294922,21.587982177734375,21.924177169799805,21.008583068847656,21.924177169799805,7294205
2006-07-12,16.96383285522461,20.386266708374023,21.587982177734375,19.94277572631836,21.587982177734375,9756362
2006-07-13,16.94597053527832,20.36480712890625,20.622318267822266,20.1788272857666,20.350500106811523,5448006
2006-07-14,17.076927185058594,20.522174835205078,20.593704223632812,20.135908126831055,20.350500106811523,3501710
2006-07-17,17.166208267211914,20.629470825195312,20.66523551940918,20.407724380493164,20.493562698364258,3440478
2006-07-18,16.844791412353516,20.24320411682129,20.743919372558594,19.799713134765625,20.622318267822266,3659824
2006-07-19,17.499528884887695,21.03004264831543,21.101573944091797,20.30042839050293,20.30042839050293,3133058
2006-07-20,17.124534606933594,20.57939910888672,21.430614471435547,20.54363441467285,21.101573944091797,3421046
2006-07-21,16.5828857421875,19.928468704223633,20.679542541503906,19.656652450561523,20.672388076782227,4913271
2006-07-24,17.285240173339844,20.772531509399414,20.929899215698242,19.949928283691406,19.949928283691406,4984150
2006-07-25,17.3566837310791,20.858369827270508,21.330472946166992,20.658082962036133,20.772531509399414,3711131
2006-07-26,16.553133010864258,19.892704010009766,20.822603225708008,19.88555145263672,20.801143646240234,7971536
2006-07-27,16.386455535888672,19.69241714477539,20.157367706298828,19.66380500793457,20.02861213684082,4963459
2006-07-28,16.61860466003418,19.97138786315918,20.15021514892578,19.649499893188477,19.763948440551758,4428864
2006-07-31,16.928119659423828,20.343347549438477,20.414878845214844,19.778255462646484,19.88555145263672,2374363
2006-08-01,16.69598388671875,20.06437873840332,20.27181625366211,19.84978485107422,20.257511138916016,3743564
2006-08-02,16.743600845336914,20.121601104736328,20.436338424682617,19.88555145263672,20.02861213684082,3397140
2006-08-03,16.785261154174805,20.171674728393555,20.27181625366211,19.842632293701172,19.921316146850586,2223379
2006-08-04,16.69598388671875,20.06437873840332,20.743919372558594,19.84978485107422,20.464950561523438,2121325
2006-08-07,16.517410278320312,19.84978485107422,20.02861213684082,19.678112030029297,19.985694885253906,2060093
2006-08-08,16.118621826171875,19.370529174804688,19.892704010009766,19.284692764282227,19.84978485107422,2914131
2006-08-09,16.23765754699707,19.513591766357422,20.21459197998047,19.42060089111328,19.620887756347656,2311453
2006-08-10,16.54718017578125,19.88555145263672,19.928468704223633,19.370529174804688,19.4492130279541,3337725
2006-08-11,16.19005012512207,19.45636558532715,19.799713134765625,19.38483428955078,19.778255462646484,2291042
2006-08-14,16.94597053527832,20.36480712890625,20.650930404663086,19.613733291625977,19.628040313720703,5375869
2006-08-15,18.523313522338867,22.260372161865234,22.78254508972168,21.959943771362305,22.09585189819336,8751200
2006-08-16,19.053054809570312,22.896995544433594,23.090129852294922,22.06008529663086,22.7038631439209,5767309
2006-08-17,19.213768005371094,23.090129852294922,23.12589454650879,22.689556121826172,22.889842987060547,3098108
2006-08-18,18.92806053161621,22.746780395507812,23.082975387573242,22.474964141845703,23.082975387573242,4099495
2006-08-21,18.642351150512695,22.403432846069336,22.682403564453125,22.317596435546875,22.675249099731445,1948113
2006-08-22,18.38640594482422,22.09585189819336,22.51788330078125,22.06723976135254,22.30328941345215,3217357
2006-08-23,18.17807960510254,21.84549331665039,22.288984298706055,21.831186294555664,22.03147315979004,1795451
2006-08-24,18.195945739746094,21.866952896118164,22.174535751342773,21.81688117980957,21.959943771362305,2402882
2006-08-25,18.13641929626465,21.795421600341797,21.93848419189453,21.709585189819336,21.795421600341797,2741618
2006-08-28,18.332836151123047,22.03147315979004,22.145923614501953,21.75965690612793,21.773963928222656,2176966
2006-08-29,18.666170120239258,22.43204689025879,22.496423721313477,22.074392318725586,22.08869743347168,3132079
2006-08-30,19.04710578918457,22.889842987060547,22.96137237548828,22.54649543762207,22.57510757446289,3505345
2006-08-31,19.142337799072266,23.004291534423828,23.06867027282715,22.625179290771484,23.018598556518555,2546038
2006-09-01,18.761398315429688,22.54649543762207,23.06867027282715,22.54649543762207,23.004291534423828,3110270
2006-09-05,18.791160583496094,22.582260131835938,22.639484405517578,22.081544876098633,22.417739868164062,2906861
2006-09-06,18.267366409301758,21.952789306640625,22.43204689025879,21.924177169799805,22.42489242553711,3316755
2006-09-07,18.118560791015625,21.773963928222656,22.138769149780273,21.680973052978516,21.85264778137207,3284321
2006-09-08,18.26141357421875,21.945636749267578,22.06723976135254,21.781116485595703,21.81688117980957,1691580
2006-09-11,18.505455017089844,22.23891258239746,22.446352005004883,21.85264778137207,21.85264778137207,6983849
2006-09-12,18.74949836730957,22.532188415527344,22.639484405517578,22.18168830871582,22.231760025024414,4209098
2006-09-13,18.660213470458984,22.42489242553711,22.66094398498535,22.317596435546875,22.60371971130371,2713658
2006-09-14,18.45188331604004,22.174535751342773,22.346208572387695,21.995708465576172,22.246065139770508,3120616
2006-09-15,18.404272079467773,22.1173095703125,22.21030044555664,21.81688117980957,22.188840866088867,6559556
2006-09-18,18.55902671813965,22.30328941345215,22.39628028869629,22.024320602416992,22.12446403503418,3412378
2006-09-19,18.7197322845459,22.496423721313477,22.510730743408203,22.06008529663086,22.317596435546875,3791935
2006-09-20,19.404233932495117,23.319026947021484,23.383405685424805,22.739627838134766,22.768239974975586,4959824
2006-09-21,19.68994903564453,23.66237449645996,23.891273498535156,23.48354721069336,23.5765380859375,5134994
2006-09-22,19.332813262939453,23.233190536499023,23.590843200683594,23.0257511138916,23.569385528564453,3529810
2006-09-25,19.576852798461914,23.526466369628906,23.72675323486328,23.090129852294922,23.26895523071289,2681644
2006-09-26,19.60661506652832,23.562231063842773,23.783977508544922,23.26895523071289,23.476394653320312,3220712
2006-09-27,19.20781898498535,23.082975387573242,23.64091682434082,22.975679397583008,23.569385528564453,5656308
2006-09-28,19.630422592163086,23.590843200683594,23.612302780151367,22.93276023864746,23.018598556518555,5407045
2006-09-29,19.457809448242188,23.383405685424805,23.72675323486328,23.347639083862305,23.60515022277832,2035208
2006-10-02,19.237579345703125,23.11874008178711,23.447782516479492,22.975679397583008,23.247495651245117,3959136
2006-10-03,19.189960479736328,23.06151580810547,23.30472183227539,22.925607681274414,22.93991470336914,3219734
2006-10-04,19.666135787963867,23.63376235961914,23.69098663330078,22.989986419677734,22.99713897705078,3541274
2006-10-05,19.582807540893555,23.533618927001953,23.612302780151367,23.247495651245117,23.49070167541504,2375761
2006-10-06,19.81494903564453,23.812589645385742,23.891273498535156,23.190271377563477,23.354793548583984,2933983
2006-10-09,19.892316818237305,23.90557861328125,24.020029067993164,23.440628051757812,23.64091682434082,3899022
2006-10-10,19.85065269470215,23.85550880432129,24.041488647460938,23.76251792907715,23.85550880432129,2865620
2006-10-11,19.749469757080078,23.733905792236328,24.077253341674805,23.45493507385254,23.60515022277832,3587967
2006-10-12,19.987560272216797,24.020029067993164,24.12017250061035,23.72675323486328,23.7553653717041,2367793
2006-10-13,20.535160064697266,24.678112030029297,24.771102905273438,23.955650329589844,23.962804794311523,4166180
2006-10-16,20.428020477294922,24.54935646057129,24.771102905273438,24.463518142700195,24.678112030029297,2612582
2006-10-17,20.475637435913086,24.60658073425293,24.74964141845703,24.248926162719727,24.248926162719727,7013486
2006-10-18,20.838729858398438,25.042917251586914,25.121601104736328,24.706724166870117,24.78540802001953,5366642
2006-10-19,20.785146713256836,24.978540420532227,25.107295989990234,24.78540802001953,24.928468704223633,3005560
2006-10-20,20.785146713256836,24.978540420532227,25.06437873840332,24.78540802001953,25.014305114746094,2711281
2006-10-23,20.707775115966797,24.88555145263672,25.33619499206543,24.72818374633789,25.100143432617188,2680805
2006-10-24,20.791112899780273,24.985694885253906,25.0,24.735336303710938,24.856937408447266,2522971
2006-10-25,20.850629806518555,25.05722427368164,25.071531295776367,24.81402015686035,24.964235305786133,2243790
2006-10-26,21.08277702331543,25.33619499206543,25.379112243652344,24.964235305786133,25.121601104736328,1299441
2006-10-27,20.7613468170166,24.949928283691406,25.357654571533203,24.892704010009766,25.33619499206543,3304872
2006-10-30,20.77325439453125,24.964235305786133,25.09299087524414,24.78540802001953,24.892704010009766,1594978
2006-10-31,21.189908981323242,25.464950561523438,25.61516571044922,25.014305114746094,25.035764694213867,3892591
2006-11-01,21.53545570373535,24.38483428955078,24.713876724243164,23.99856948852539,24.248926162719727,4555942
2006-11-02,21.105880737304688,23.898426055908203,24.30615234375,23.748212814331055,24.298999786376953,2871632
2006-11-03,20.802663803100586,23.555078506469727,24.113019943237305,23.533618927001953,23.984262466430664,3918454
2006-11-06,21.4975643157959,24.341917037963867,24.399141311645508,23.533618927001953,23.555078506469727,5054189
2006-11-07,21.244869232177734,24.05579376220703,24.506437301635742,24.05579376220703,24.327611923217773,2615798
2006-11-08,21.270139694213867,24.08440589904785,24.234621047973633,23.81974220275879,23.87696647644043,2743016
2006-11-09,21.529136657714844,24.377681732177734,24.49213218688965,24.18454933166504,24.198856353759766,4703152
2006-11-10,21.69339370727539,24.563661575317383,24.613733291625977,24.341917037963867,24.377681732177734,2835004
2006-11-13,22.110332489013672,25.035764694213867,25.143062591552734,24.499284744262695,24.535049438476562,5801281
2006-11-14,20.846881866455078,23.60515022277832,23.912731170654297,23.06867027282715,23.533618927001953,16887980
2006-11-15,20.935325622558594,23.705293655395508,23.912731170654297,23.533618927001953,23.60515022277832,4859029
2006-11-16,21.257509231567383,24.070100784301758,24.284692764282227,23.60515022277832,23.741058349609375,4576493
2006-11-17,21.320676803588867,24.141630172729492,24.206008911132812,23.81974220275879,23.934192657470703,3484934
2006-11-20,21.314363479614258,24.134477615356445,24.30615234375,23.934192657470703,23.99856948852539,3130262
2006-11-21,21.244869232177734,24.05579376220703,24.134477615356445,23.927038192749023,24.134477615356445,4763126
2006-11-22,21.112199783325195,23.90557861328125,24.034334182739258,23.81974220275879,23.99856948852539,5975332
2006-11-24,21.200645446777344,24.005722045898438,24.105865478515625,23.748212814331055,23.76251792907715,1347532
2006-11-27,20.60051155090332,23.32617950439453,23.934192657470703,23.21173095703125,23.927038192749023,3723573
2006-11-28,20.59419059753418,23.319026947021484,23.526466369628906,23.104434967041016,23.319026947021484,5114863
2006-11-29,20.24043083190918,22.918455123901367,23.354793548583984,22.682403564453125,23.319026947021484,8453706
2006-11-30,20.11408233642578,22.775392532348633,22.99713897705078,22.746780395507812,22.925607681274414,6192860
2006-12-01,20.196208953857422,22.868383407592773,22.93991470336914,22.66094398498535,22.868383407592773,3398957
2006-12-04,20.606822967529297,23.333332061767578,23.42632293701172,22.889842987060547,22.889842987060547,4452770
2006-12-05,20.947954177856445,23.7195987701416,24.198856353759766,23.42632293701172,23.60515022277832,5722993
2006-12-06,20.89109992980957,23.655221939086914,23.834049224853516,23.526466369628906,23.741058349609375,2662771
2006-12-07,20.98586654663086,23.76251792907715,24.070100784301758,23.712446212768555,23.81974220275879,3289774
2006-12-08,21.118518829345703,23.912731170654297,24.098712921142578,23.63376235961914,23.748212814331055,1995645
2006-12-11,21.206968307495117,24.012876510620117,24.105865478515625,23.79113006591797,23.85550880432129,1937628
2006-12-12,21.39017105102539,24.22031593322754,24.620887756347656,23.769670486450195,23.962804794311523,5897463
2006-12-13,21.377532958984375,24.206008911132812,24.320457458496094,24.048641204833984,24.22031593322754,3256781
2006-12-14,21.516515731811523,24.36337661743164,24.513591766357422,24.141630172729492,24.141630172729492,4210776
2006-12-15,21.529136657714844,24.377681732177734,24.54935646057129,24.248926162719727,24.33476448059082,3609916
2006-12-18,21.529136657714844,24.377681732177734,24.535049438476562,24.263233184814453,24.377681732177734,1588547
2006-12-19,21.554410934448242,24.406295776367188,24.535049438476562,24.077253341674805,24.105865478515625,1963631
2006-12-20,21.510194778442383,24.35622215270996,25.0,24.349069595336914,24.427753448486328,5934510
2006-12-21,21.636537551879883,24.499284744262695,24.599428176879883,24.18454933166504,24.298999786376953,2922799
2006-12-22,21.301725387573242,24.12017250061035,24.599428176879883,24.077253341674805,24.377681732177734,2403022
2006-12-26,21.60494613647461,24.463518142700195,24.54935646057129,24.070100784301758,24.105865478515625,1315658
2006-12-27,21.92081642150879,24.8211727142334,24.892704010009766,24.556509017944336,24.599428176879883,2027659
2006-12-28,22.337743759155273,25.293275833129883,25.414878845214844,24.69241714477539,24.69241714477539,5178332
2006-12-29,22.015573501586914,24.928468704223633,25.529327392578125,24.878398895263672,25.21459197998047,2443285
2007-01-03,21.668121337890625,24.535049438476562,25.379112243652344,24.35622215270996,25.02861213684082,3599291
2007-01-04,21.737607955932617,24.613733291625977,24.74964141845703,23.934192657470703,24.535049438476562,2899033
2007-01-05,21.53545570373535,24.38483428955078,24.60658073425293,24.320457458496094,24.535049438476562,3741887
2007-01-08,21.459653854370117,24.298999786376953,24.377681732177734,24.0915584564209,24.30615234375,2176966
2007-01-09,21.48492431640625,24.327611923217773,24.54935646057129,24.05579376220703,24.377681732177734,1937908
2007-01-10,21.28908348083496,24.105865478515625,24.349069595336914,23.869813919067383,24.349069595336914,3016045
2007-01-11,21.28908348083496,24.105865478515625,24.349069595336914,23.85550880432129,24.198856353759766,2919443
2007-01-12,21.22591209411621,24.034334182739258,24.349069595336914,23.991416931152344,24.08440589904785,1965448
2007-01-16,21.188013076782227,23.991416931152344,24.2703857421875,23.84835433959961,23.96995735168457,4328907
2007-01-17,20.764760971069336,23.51215934753418,23.948497772216797,23.433475494384766,23.912731170654297,3723014
2007-01-18,20.373088836669922,23.06867027282715,23.45493507385254,22.81831169128418,23.42632293701172,5071525
2007-01-19,20.72054672241211,23.46208953857422,23.562231063842773,23.11874008178711,23.140199661254883,3501011
2007-01-22,20.575241088867188,23.29756736755371,23.412017822265625,23.24034309387207,23.369098663330078,4712099
2007-01-23,20.663681030273438,23.3977108001709,23.54792594909668,23.111587524414062,23.168813705444336,3739650
2007-01-24,20.60051155090332,23.32617950439453,23.60515022277832,23.218883514404297,23.3977108001709,3982063
2007-01-25,20.25306510925293,22.93276023864746,23.51215934753418,22.896995544433594,23.311874389648438,2600560
2007-01-26,20.448904037475586,23.15450668334961,23.247495651245117,22.8826904296875,22.889842987060547,2507593
2007-01-29,20.208843231201172,22.8826904296875,23.218883514404297,22.832618713378906,23.075822830200195,2829272
2007-01-30,20.215152740478516,22.889842987060547,22.947067260742188,22.796852111816406,22.8826904296875,2007808
2007-01-31,20.215152740478516,22.889842987060547,22.96137237548828,22.81831169128418,22.889842987060547,3173460
2007-02-01,20.335186004638672,23.0257511138916,23.247495651245117,22.889842987060547,23.011444091796875,3644446
2007-02-02,19.96878433227539,22.610872268676758,23.090129852294922,22.503576278686523,23.082975387573242,7517605
2007-02-05,20.10776138305664,22.768239974975586,22.804006576538086,22.346208572387695,22.63233184814453,3511916
2007-02-06,20.215152740478516,22.889842987060547,23.011444091796875,22.711015701293945,22.975679397583008,3516110
2007-02-07,20.575241088867188,23.29756736755371,23.39055824279785,22.925607681274414,22.925607681274414,4781440
2007-02-08,20.638410568237305,23.369098663330078,23.440628051757812,23.090129852294922,23.21173095703125,3546446
2007-02-09,20.632104873657227,23.36194610595703,23.590843200683594,23.27610969543457,23.36194610595703,3297602
2007-02-12,20.58788299560547,23.311874389648438,23.433475494384766,23.261802673339844,23.333332061767578,2040521
2007-02-13,20.83424186706543,23.590843200683594,23.66237449645996,23.26895523071289,23.36194610595703,3407765
2007-02-14,20.808979034423828,23.562231063842773,23.891273498535156,23.497854232788086,23.497854232788086,4033230
2007-02-15,21.3712100982666,24.198856353759766,24.427753448486328,23.5765380859375,23.597997665405273,5713486
2007-02-16,20.70158576965332,23.440628051757812,24.134477615356445,23.283262252807617,24.12017250061035,7886118
2007-02-20,20.524700164794922,23.24034309387207,23.39055824279785,23.011444091796875,23.233190536499023,5680214
2007-02-21,20.688949584960938,23.42632293701172,23.590843200683594,23.104434967041016,23.12589454650879,5606679
2007-02-22,20.846881866455078,23.60515022277832,23.712446212768555,23.469242095947266,23.469242095947266,4689451
2007-02-23,21.0174503326416,23.798282623291016,23.898426055908203,23.497854232788086,23.79113006591797,4423412
2007-02-26,21.023761749267578,23.805435180664062,23.862661361694336,23.612302780151367,23.79113006591797,4141295
2007-02-27,20.284648895263672,22.96852684020996,23.64091682434082,22.639484405517578,23.533618927001953,6038381
2007-02-28,20.057220458984375,22.711015701293945,23.06867027282715,22.610872268676758,22.96852684020996,4254114
2007-03-01,19.861385345458984,22.489269256591797,22.646638870239258,22.03862762451172,22.281831741333008,4067201
2007-03-02,19.40655517578125,21.9742488861084,22.553647994995117,21.952789306640625,22.42489242553711,3432789
2007-03-05,19.387598037719727,21.952789306640625,22.274677276611328,21.645206451416016,21.745351791381836,2994236
2007-03-06,19.476045608520508,22.052932739257812,22.174535751342773,21.745351791381836,22.06008529663086,4189107
2007-03-07,19.444456100463867,22.017166137695312,22.167381286621094,21.909870147705078,22.03147315979004,3562244
2007-03-08,20.0509090423584,22.7038631439209,22.87553596496582,22.174535751342773,22.174535751342773,6290581
2007-03-09,20.063541412353516,22.718168258666992,22.889842987060547,22.503576278686523,22.73247528076172,5203216
2007-03-12,20.30360221862793,22.989986419677734,22.989986419677734,22.653791427612305,22.675249099731445,3820594
2007-03-13,20.00668716430664,22.653791427612305,22.90414810180664,22.589412689208984,22.775392532348633,4176944
2007-03-14,20.215152740478516,22.889842987060547,22.93991470336914,22.539342880249023,22.653791427612305,4232165
2007-03-15,20.025638580322266,22.675249099731445,22.896995544433594,22.496423721313477,22.811159133911133,3006119
2007-03-16,20.057220458984375,22.711015701293945,22.832618713378906,22.553647994995117,22.6680965423584,3005560
2007-03-19,20.120399475097656,22.78254508972168,23.018598556518555,22.73247528076172,22.87553596496582,1962093
2007-03-20,20.25306510925293,22.93276023864746,23.190271377563477,22.76108741760254,22.81831169128418,3546446
2007-03-21,20.27201271057129,22.954219818115234,23.054363250732422,22.804006576538086,22.99713897705078,3251608
2007-03-22,20.58788299560547,23.311874389648438,23.45493507385254,22.889842987060547,23.104434967041016,4801990
2007-03-23,20.98586654663086,23.76251792907715,24.098712921142578,23.226036071777344,23.226036071777344,4695183
2007-03-26,21.061664581298828,23.84835433959961,23.84835433959961,23.190271377563477,23.619455337524414,4143672
2007-03-27,21.244869232177734,24.05579376220703,24.18454933166504,23.72675323486328,23.81974220275879,4205743
2007-03-28,21.150108337402344,23.948497772216797,24.141630172729492,23.72675323486328,23.805435180664062,3550361
2007-03-29,21.29541015625,24.113019943237305,24.291845321655273,23.948497772216797,24.148784637451172,5008195
2007-03-30,21.28276824951172,24.098712921142578,24.21316146850586,23.977109909057617,24.0915584564209,3579998
2007-04-02,21.453332901000977,24.291845321655273,24.320457458496094,23.955650329589844,24.05579376220703,3137112
2007-04-03,21.8260555267334,24.713876724243164,24.806867599487305,24.320457458496094,24.36337661743164,4456125
2007-04-04,21.990304946899414,24.899856567382812,24.91416358947754,24.72818374633789,24.799713134765625,3376729
2007-04-05,21.927127838134766,24.828325271606445,25.0,24.81402015686035,24.892704010009766,3725530
2007-04-09,22.148235321044922,25.078683853149414,25.1788272857666,24.856937408447266,24.90700912475586,3633961
2007-04-10,22.053468704223633,24.97138786315918,25.035764694213867,24.864091873168945,24.90700912475586,2723863
2007-04-11,21.870271682739258,24.763948440551758,25.0,24.72818374633789,24.94277572631836,3634800
2007-04-12,22.02821159362793,24.94277572631836,25.0,24.69241714477539,24.778255462646484,2765524
2007-04-13,21.7755126953125,24.656652450561523,25.107295989990234,24.49213218688965,25.107295989990234,4574815
2007-04-16,22.097692489624023,25.021459579467773,25.042917251586914,24.620887756347656,24.678112030029297,2795581
2007-04-17,22.464092254638672,25.436338424682617,25.60801124572754,24.892704010009766,24.921316146850586,5438919
2007-04-18,22.41355323791504,25.379112243652344,25.500715255737305,25.06437873840332,25.1788272857666,4027778
2007-04-19,22.261938095092773,25.207439422607422,25.493562698364258,25.128755569458008,25.357654571533203,3168008
2007-04-20,22.41355323791504,25.379112243652344,25.572246551513672,25.171674728393555,25.529327392578125,4468008
2007-04-23,22.363008499145508,25.321887969970703,25.464950561523438,24.66380500793457,25.27897071838379,3096850
2007-04-24,22.325117111206055,25.27897071838379,25.486408233642578,25.1788272857666,25.39341926574707,2730294
2007-04-25,22.21772575378418,25.157367706298828,25.379112243652344,25.157367706298828,25.30758285522461,5173439
2007-04-26,22.1545467376709,25.08583641052246,25.314735412597656,25.050071716308594,25.24320411682129,6102689
2007-04-27,21.927127838134766,24.828325271606445,25.06437873840332,24.75679588317871,24.928468704223633,4155555
2007-04-30,21.712345123291016,24.585121154785156,24.928468704223633,24.57081413269043,24.871244430541992,4092226
2007-05-01,22.735742568969727,25.743919372558594,25.743919372558594,24.60658073425293,24.66380500793457,6170632
2007-05-02,22.982107162475586,26.022890090942383,26.15164566040039,25.60801124572754,25.672388076782227,4481848
2007-05-03,23.026323318481445,26.072961807250977,26.158798217773438,25.894134521484375,25.994277954101562,3612013
2007-05-04,23.373777389526367,26.466381072998047,26.473533630371094,25.97281837463379,26.072961807250977,4257609
2007-05-07,23.51907730102539,26.630901336669922,26.72389030456543,26.36623764038086,26.430614471435547,3363868
2007-05-08,23.588558197021484,26.709585189819336,26.766809463500977,26.45207405090332,26.502145767211914,3203936
2007-05-09,23.65174102783203,26.781116485595703,26.824033737182617,26.473533630371094,26.530757904052734,2682343
2007-05-10,22.748380661010742,25.75822639465332,26.587982177734375,25.736766815185547,26.466381072998047,4749006
2007-05-11,22.874710083007812,25.901287078857422,25.979970932006836,25.379112243652344,25.69384765625,5716142
2007-05-14,22.685197830200195,25.686695098876953,26.2804012298584,25.54363441467285,26.080114364624023,5061878
2007-05-15,23.866514205932617,27.024320602416992,27.51788330078125,26.70243263244629,26.70243263244629,11697346
2007-05-16,23.89179229736328,27.052932739257812,27.081544876098633,26.73104476928711,26.802574157714844,3787462
2007-05-17,23.771759033203125,26.917024612426758,27.174535751342773,26.745351791381836,26.745351791381836,3485074
2007-05-18,24.00550651550293,27.18168830871582,27.33905601501465,26.859800338745117,26.88125991821289,3824369
2007-05-21,24.207651138305664,27.410587310791016,27.539342880249023,26.895565032958984,26.895565032958984,4919702
2007-05-22,24.34662437438965,27.56795310974121,27.718168258666992,27.3319034576416,27.43204689025879,5547823
2007-05-23,24.371904373168945,27.596567153930664,27.87553596496582,27.532188415527344,27.768239974975586,3648081
2007-05-24,23.803346633911133,26.952789306640625,27.78969955444336,26.888412475585938,27.081544876098633,4379095
2007-05-25,24.23924446105957,27.446352005004883,27.56795310974121,26.824033737182617,26.9742488861084,4180859
2007-05-29,24.207651138305664,27.410587310791016,27.589412689208984,27.253219604492188,27.539342880249023,2971729
2007-05-30,24.188701629638672,27.389127731323242,27.467811584472656,27.195993423461914,27.253219604492188,2766362
2007-05-31,24.11289405822754,27.30328941345215,27.417739868164062,27.253219604492188,27.310443878173828,3032961
2007-06-01,24.18238067626953,27.381973266601562,27.439199447631836,27.074392318725586,27.30328941345215,2656759
2007-06-04,24.315044403076172,27.532188415527344,27.63233184814453,27.174535751342773,27.18168830871582,2229950
2007-06-05,24.30241584777832,27.51788330078125,27.582260131835938,27.317596435546875,27.3319034576416,2744274
2007-06-06,24.23924446105957,27.446352005004883,27.539342880249023,27.288984298706055,27.310443878173828,2975224
2007-06-07,23.53802490234375,26.652360916137695,27.446352005004883,26.652360916137695,27.26752471923828,3567416
2007-06-08,23.708599090576172,26.84549331665039,26.859800338745117,26.4234619140625,26.680973052978516,3713647
2007-06-11,23.822290420532227,26.9742488861084,27.12446403503418,26.57367706298828,26.738197326660156,2103571
2007-06-12,23.67068862915039,26.802574157714844,27.06008529663086,26.53791046142578,26.781116485595703,3016884
2007-06-13,24.30241584777832,27.51788330078125,27.51788330078125,26.981401443481445,27.052932739257812,2802291
2007-06-14,24.542465209960938,27.78969955444336,27.8826904296875,27.439199447631836,27.446352005004883,2209958
2007-06-15,24.460342407226562,27.69671058654785,27.896995544433594,27.467811584472656,27.8826904296875,3917196
2007-06-18,24.574054718017578,27.825464248657227,28.06151580810547,27.7038631439209,27.753934860229492,2892462
2007-06-19,24.833065032958984,28.11874008178711,28.21173095703125,27.753934860229492,27.76108741760254,2306420
2007-06-20,24.47297477722168,27.711015701293945,28.18311882019043,27.625179290771484,28.11874008178711,2708206
2007-06-21,24.725662231445312,27.99713897705078,28.018598556518555,27.42489242553711,27.711015701293945,2449436
2007-06-22,24.416122436523438,27.646638870239258,27.925607681274414,27.203147888183594,27.839771270751953,3550221
2007-06-25,24.308725357055664,27.525035858154297,27.896995544433594,27.260372161865234,27.653791427612305,3455576
2007-06-26,24.25819206237793,27.467811584472656,27.675249099731445,27.188840866088867,27.60371971130371,2308098
2007-06-27,24.315044403076172,27.532188415527344,27.582260131835938,27.138769149780273,27.310443878173828,2300549
2007-06-28,24.308725357055664,27.525035858154297,27.78254508972168,27.21745491027832,27.539342880249023,2670040
2007-06-29,24.283458709716797,27.496423721313477,27.8826904296875,27.281831741333008,27.66094398498535,2614260
2007-07-02,24.763565063476562,28.040056228637695,28.09728240966797,27.503576278686523,27.682403564453125,2540306
2007-07-03,25.066797256469727,28.383405685424805,28.45493507385254,27.90414810180664,28.040056228637695,2221841
2007-07-05,24.997312545776367,28.30472183227539,28.526466369628906,27.989986419677734,28.526466369628906,3547705
2007-07-06,25.155235290527344,28.48354721069336,28.540773391723633,28.133047103881836,28.247495651245117,2935520
2007-07-09,25.193138122558594,28.526466369628906,28.597997665405273,28.32617950439453,28.32617950439453,2467889
2007-07-10,25.079431533813477,28.3977108001709,28.562231063842773,28.254648208618164,28.51931381225586,3061900
2007-07-11,25.19945526123047,28.533618927001953,28.540773391723633,28.254648208618164,28.254648208618164,2538488
2007-07-12,25.52163314819336,28.898426055908203,28.898426055908203,28.433475494384766,28.540773391723633,3922928
2007-07-13,25.243682861328125,28.583690643310547,28.776824951171875,28.540773391723633,28.748212814331055,3641371
2007-07-16,25.167869567871094,28.497854232788086,28.612302780151367,28.404863357543945,28.419170379638672,1977471
2007-07-17,25.142601013183594,28.469242095947266,28.540773391723633,28.226036071777344,28.283262252807617,3799904
2007-07-18,25.028902053833008,28.340486526489258,28.42632293701172,28.018598556518555,28.175966262817383,2861846
2007-07-19,25.193138122558594,28.526466369628906,28.648069381713867,28.333332061767578,28.46208953857422,2842833
2007-07-20,24.877275466918945,28.168813705444336,28.526466369628906,28.161659240722656,28.526466369628906,3164932
2007-07-23,25.16155433654785,28.49070167541504,28.805435180664062,28.168813705444336,28.612302780151367,3477665
2007-07-24,24.757251739501953,28.03290367126465,28.912731170654297,27.93276023864746,28.612302780151367,2915948
2007-07-25,24.731985092163086,28.004291534423828,28.469242095947266,27.718168258666992,28.469242095947266,3018142
2007-07-26,24.283458709716797,27.496423721313477,28.18311882019043,27.103004455566406,28.18311882019043,5172181
2007-07-27,23.778074264526367,26.924177169799805,27.60371971130371,26.924177169799805,27.360515594482422,4499743
2007-07-30,24.06235694885254,27.246065139770508,27.274677276611328,26.652360916137695,26.802574157714844,3879730
2007-07-31,24.100257873535156,27.288984298706055,27.639484405517578,27.110157012939453,27.360515594482422,4769836
2007-08-01,24.106576919555664,27.2961368560791,27.746780395507812,27.052932739257812,27.21745491027832,7229058
2007-08-02,24.39717674255371,27.625179290771484,27.896995544433594,27.21030044555664,27.8826904296875,3915239
2007-08-03,23.992870330810547,27.167381286621094,27.804006576538086,27.167381286621094,27.682403564453125,5330993
2007-08-06,24.201337814331055,27.403432846069336,27.403432846069336,26.88125991821289,27.36766815185547,3780332
2007-08-07,24.195018768310547,27.39628028869629,27.675249099731445,27.00286102294922,27.03862762451172,4139059
2007-08-08,24.308725357055664,27.525035858154297,27.639484405517578,27.131616592407227,27.39628028869629,4381332
2007-08-09,22.672565460205078,25.672388076782227,28.161659240722656,25.45064353942871,27.825464248657227,7472310
2007-08-10,22.584123611450195,25.572246551513672,26.18025779724121,25.236051559448242,26.18025779724121,4841973
2007-08-13,22.950523376464844,25.987123489379883,26.530757904052734,25.751073837280273,25.751073837280273,4556501
2007-08-14,22.950523376464844,25.987123489379883,26.53791046142578,25.60801124572754,25.60801124572754,4101732
2007-08-15,20.461532592773438,23.168813705444336,23.655221939086914,22.281831741333008,22.489269256591797,11039307
2007-08-16,20.707904815673828,23.447782516479492,23.590843200683594,22.73247528076172,23.104434967041016,9505841
2007-08-17,21.3712100982666,24.198856353759766,25.035764694213867,23.347639083862305,23.497854232788086,7606099
2007-08-20,21.22591209411621,24.034334182739258,24.24177360534668,23.676681518554688,24.12017250061035,4957308
2007-08-21,21.440710067749023,24.277538299560547,24.349069595336914,23.85550880432129,23.962804794311523,3034639
2007-08-22,21.71866798400879,24.592275619506836,24.67095947265625,24.234621047973633,24.406295776367188,2837940
2007-08-23,21.882911682128906,24.778255462646484,24.90700912475586,24.42060089111328,24.678112030029297,2991580
2007-08-24,22.236671447753906,25.1788272857666,25.221744537353516,24.69241714477539,24.81402015686035,2320960
2007-08-27,22.198762893676758,25.135908126831055,25.27897071838379,24.94277572631836,25.121601104736328,2493193
2007-08-28,21.901865005493164,24.799713134765625,25.193132400512695,24.74964141845703,25.0,4307657
2007-08-29,22.50199317932129,25.47925567626953,25.47925567626953,24.985694885253906,25.021459579467773,2640682
2007-08-30,22.634658813476562,25.629470825195312,25.858369827270508,25.193132400512695,25.379112243652344,2500882
2007-08-31,22.99473762512207,26.037195205688477,26.137338638305664,25.801143646240234,25.965665817260742,3166889
2007-09-04,23.032634735107422,26.080114364624023,26.23748207092285,25.75822639465332,26.17310333251953,2215411
2007-09-05,22.843130111694336,25.865522384643555,25.894134521484375,25.650930404663086,25.829757690429688,2916927
2007-09-06,23.10845375061035,26.165950775146484,26.165950775146484,25.63662338256836,25.75822639465332,2125519
2007-09-07,22.91893768310547,25.951358795166016,26.080114364624023,25.78683853149414,25.81545066833496,2858630
2007-09-10,22.805225372314453,25.822603225708008,26.108726501464844,25.57939910888672,26.05865478515625,2804248
2007-09-11,22.937896728515625,25.97281837463379,26.108726501464844,25.765378952026367,25.894134521484375,3054910
2007-09-12,22.925247192382812,25.958511352539062,26.108726501464844,25.743919372558594,25.84406280517578,2526046
2007-09-13,22.95684051513672,25.994277954101562,26.108726501464844,25.9084415435791,26.05865478515625,1909948
2007-09-14,22.843130111694336,25.865522384643555,26.17310333251953,25.7296142578125,25.91559410095215,2444263
2007-09-17,22.761009216308594,25.772531509399414,25.929899215698242,25.586551666259766,25.736766815185547,1395763
2007-09-18,23.5001163482666,26.60944175720215,26.752504348754883,25.851215362548828,25.851215362548828,2753081
2007-09-19,23.53802490234375,26.652360916137695,26.84549331665039,26.502145767211914,26.645206451416016,3213862
2007-09-20,23.386409759521484,26.48068618774414,26.652360916137695,26.36623764038086,26.54506492614746,2166900
2007-09-21,23.316925048828125,26.402002334594727,26.752504348754883,26.187410354614258,26.552217483520508,4433338
2007-09-24,23.0958194732666,26.15164566040039,26.473533630371094,26.00143051147461,26.301860809326172,2374223
2007-09-25,23.228479385375977,26.301860809326172,26.437768936157227,26.008583068847656,26.037195205688477,2174729
2007-09-26,23.329551696777344,26.416309356689453,26.57367706298828,26.287553787231445,26.57367706298828,2745392
2007-09-27,23.361143112182617,26.45207405090332,26.616594314575195,26.301860809326172,26.466381072998047,2657878
2007-09-28,23.2979679107666,26.380544662475586,26.580829620361328,26.194564819335938,26.39484977722168,3169406
2007-10-01,23.38010025024414,26.473533630371094,26.824033737182617,26.39484977722168,26.444921493530273,5086903
2007-10-02,23.373777389526367,26.466381072998047,26.645206451416016,26.39484977722168,26.39484977722168,2910916
2007-10-03,23.266386032104492,26.344778060913086,26.502145767211914,26.05865478515625,26.4234619140625,1886741
2007-10-04,23.5001163482666,26.60944175720215,26.70243263244629,26.36623764038086,26.373390197753906,2786074
2007-10-05,23.872838973999023,27.03147315979004,27.131616592407227,26.716737747192383,26.752504348754883,2162706
2007-10-08,23.936010360717773,27.103004455566406,27.174535751342773,26.917024612426758,26.988555908203125,1396602
2007-10-09,24.106576919555664,27.2961368560791,27.317596435546875,27.08869743347168,27.1173095703125,1835854
2007-10-10,23.923368453979492,27.08869743347168,27.317596435546875,26.959943771362305,27.231760025024414,1658587
2007-10-11,23.556974411010742,26.67382049560547,27.353361129760742,26.60944175720215,27.174535751342773,2441887
2007-10-12,23.75912857055664,26.90271759033203,27.045780181884766,26.587982177734375,26.738197326660156,1222551
2007-10-15,24.119205474853516,27.310443878173828,27.646638870239258,26.90271759033203,27.1173095703125,2944048
2007-10-16,24.195018768310547,27.39628028869629,28.12589454650879,27.224607467651367,27.589412689208984,3666535
2007-10-17,24.23924446105957,27.446352005004883,27.78969955444336,27.160228729248047,27.57510757446289,3214841
2007-10-18,24.277141571044922,27.489269256591797,27.610872268676758,27.21030044555664,27.503576278686523,969373
2007-10-19,23.563297271728516,26.680973052978516,27.474964141845703,26.623748779296875,27.474964141845703,2484526
2007-10-22,23.121089935302734,26.18025779724121,26.530757904052734,25.8726749420166,26.402002334594727,1901979
2007-10-23,23.582250595092773,26.70243263244629,26.738197326660156,26.251787185668945,26.4234619140625,1994946
2007-10-24,23.310598373413086,26.39484977722168,26.69527816772461,26.051502227783203,26.51645278930664,3712948
2007-10-25,22.893667221069336,25.922746658325195,26.559371948242188,25.751073837280273,26.466381072998047,2125240
2007-10-26,22.761009216308594,25.772531509399414,26.466381072998047,25.350500106811523,26.187410354614258,1818379
2007-10-29,22.761009216308594,25.772531509399414,26.101573944091797,25.672388076782227,25.922746658325195,2029337
2007-10-30,22.65361213684082,25.650930404663086,25.87982749938965,25.371959686279297,25.66523551940918,1676761
2007-10-31,23.27901268005371,26.35908317565918,26.387697219848633,25.63662338256836,25.851215362548828,2400646
2007-11-01,22.906295776367188,25.937053680419922,26.50929832458496,25.91559410095215,26.230329513549805,2688494
2007-11-02,22.754697799682617,25.765378952026367,26.2804012298584,25.622318267822266,26.00143051147461,1835714
2007-11-05,22.546215057373047,25.529327392578125,25.743919372558594,25.143062591552734,25.400571823120117,2982353
2007-11-06,22.824172973632812,25.84406280517578,25.929899215698242,25.314735412597656,25.586551666259766,3101463
2007-11-07,22.16718864440918,25.100143432617188,25.8726749420166,25.05722427368164,25.486408233642578,2974944
2007-11-08,22.097692489624023,25.021459579467773,25.221744537353516,24.413448333740234,25.221744537353516,3324304
2007-11-09,21.09326171875,23.88412094116211,24.678112030029297,23.805435180664062,24.642345428466797,4467728
2007-11-12,21.169065475463867,23.96995735168457,24.298999786376953,23.51215934753418,23.51215934753418,3924885
2007-11-13,21.421756744384766,24.256080627441406,24.327611923217773,23.87696647644043,24.12017250061035,2565190
2007-11-14,21.60494613647461,24.463518142700195,24.67095947265625,24.170242309570312,24.35622215270996,2569524
2007-11-15,21.28908348083496,24.105865478515625,25.0,24.005722045898438,24.113019943237305,3405668
2007-11-16,23.196897506713867,26.266094207763672,26.437768936157227,24.985694885253906,25.02861213684082,8877440
2007-11-19,22.615707397460938,25.60801124572754,26.30901336669922,25.557939529418945,26.051502227783203,4901528
2007-11-20,23.06423568725586,26.11587905883789,26.409156799316406,25.600858688354492,25.600858688354492,3978568
2007-11-21,23.184263229370117,26.251787185668945,26.54506492614746,25.722461700439453,25.951358795166016,3251888
2007-11-23,23.316925048828125,26.402002334594727,26.48068618774414,26.15164566040039,26.373390197753906,1195709
2007-11-26,23.08317756652832,26.137338638305664,26.87410545349121,26.137338638305664,26.351930618286133,3260416
2007-11-27,23.266386032104492,26.344778060913086,26.580829620361328,26.037195205688477,26.087268829345703,3491924
2007-11-28,23.97391700744629,27.145923614501953,27.231760025024414,26.35908317565918,26.48784065246582,3202119
2007-11-29,23.67068862915039,26.802574157714844,27.281831741333008,26.773963928222656,27.110157012939453,4316465
2007-11-30,23.898107528686523,27.06008529663086,27.18168830871582,26.88125991821289,27.174535751342773,2632015
2007-12-03,23.847570419311523,27.00286102294922,27.317596435546875,26.809728622436523,26.809728622436523,2021368
2007-12-04,23.67700958251953,26.809728622436523,27.281831741333008,26.773963928222656,26.895565032958984,4236639
2007-12-05,23.90442657470703,27.06723976135254,27.317596435546875,26.838340759277344,27.12446403503418,2817669
2007-12-06,23.97391700744629,27.145923614501953,27.317596435546875,26.81688117980957,27.06008529663086,3259996
2007-12-07,24.011821746826172,27.188840866088867,27.353361129760742,27.00286102294922,27.138769149780273,1711432
2007-12-10,23.936010360717773,27.103004455566406,27.30328941345215,27.03862762451172,27.21030044555664,2036886
2007-12-11,23.03896713256836,26.087268829345703,27.103004455566406,26.065807342529297,27.08869743347168,3479063
2007-12-12,23.43063735961914,26.530757904052734,27.2961368560791,26.158798217773438,26.866952896118164,3051974
2007-12-13,23.3485050201416,26.437768936157227,26.60944175720215,26.158798217773438,26.344778060913086,2762867
2007-12-14,22.937896728515625,25.97281837463379,26.437768936157227,25.937053680419922,26.18025779724121,2840317
2007-12-17,22.388286590576172,25.350500106811523,26.080114364624023,25.30758285522461,25.808298110961914,2982773
2007-12-18,22.179819107055664,25.11444854736328,25.743919372558594,25.021459579467773,25.486408233642578,2798656
2007-12-19,22.42618751525879,25.39341926574707,25.57939910888672,25.100143432617188,25.11444854736328,3035617
2007-12-20,23.007373809814453,26.051502227783203,26.101573944091797,25.47925567626953,25.47925567626953,2766502
2007-12-21,23.493806838989258,26.6022891998291,26.709585189819336,26.18025779724121,26.287553787231445,3690161
2007-12-24,23.361143112182617,26.45207405090332,26.67382049560547,26.36623764038086,26.530757904052734,1075062
2007-12-26,23.67068862915039,26.802574157714844,26.831186294555664,26.323318481445312,26.323318481445312,1954124
2007-12-27,23.46221923828125,26.566524505615234,26.84549331665039,26.566524505615234,26.67382049560547,2628520
2007-12-28,23.68332290649414,26.81688117980957,26.831186294555664,26.523605346679688,26.523605346679688,3284321
2007-12-31,23.209535598754883,26.2804012298584,26.716737747192383,26.187410354614258,26.680973052978516,2844790
2008-01-02,22.93157386779785,25.965665817260742,26.323318481445312,25.836910247802734,26.230329513549805,2598742
2008-01-03,22.704147338867188,25.708154678344727,26.00143051147461,25.658082962036133,25.965665817260742,2789569
2008-01-04,21.965044021606445,24.871244430541992,25.64377784729004,24.835479736328125,25.45064353942871,4939274
2008-01-07,22.325117111206055,25.27897071838379,25.66523551940918,25.071531295776367,25.27897071838379,4901108
2008-01-08,22.293537139892578,25.24320411682129,25.572246551513672,25.143062591552734,25.293275833129883,5680773
2008-01-09,22.35038948059082,25.30758285522461,25.54363441467285,24.835479736328125,24.957082748413086,5362728
2008-01-10,23.354827880859375,26.444921493530273,26.645206451416016,25.135908126831055,25.25035858154297,6191602
2008-01-11,22.742050170898438,25.751073837280273,26.75965690612793,25.736766815185547,26.251787185668945,4102012
2008-01-14,23.14635467529297,26.20886993408203,27.06008529663086,25.894134521484375,27.06008529663086,2758673
2008-01-15,22.735742568969727,25.743919372558594,25.994277954101562,25.50786781311035,25.78683853149414,3874837
2008-01-16,22.53358268737793,25.5150203704834,25.951358795166016,25.035764694213867,25.572246551513672,5652953
2008-01-17,22.331432342529297,25.286123275756836,25.84406280517578,25.171674728393555,25.536481857299805,5145059
2008-01-18,21.26381492614746,24.077253341674805,25.15021514892578,23.676681518554688,25.15021514892578,9815777
2008-01-22,20.745807647705078,23.49070167541504,23.698139190673828,22.360515594482422,22.868383407592773,6898990
2008-01-23,21.118518829345703,23.912731170654297,24.005722045898438,22.496423721313477,22.6680965423584,6727595
2008-01-24,21.22591209411621,24.034334182739258,24.33476448059082,23.805435180664062,23.94134521484375,4278579
2008-01-25,20.966917037963867,23.741058349609375,24.35622215270996,23.60515022277832,24.35622215270996,3833036
2008-01-28,21.17538833618164,23.977109909057617,24.005722045898438,23.45493507385254,23.72675323486328,3319551
2008-01-29,21.150108337402344,23.948497772216797,24.070100784301758,23.7195987701416,24.034334182739258,2429584
2008-01-30,21.592317581176758,24.4492130279541,24.97138786315918,23.7195987701416,23.934192657470703,3739231
2008-01-31,21.39017105102539,24.22031593322754,24.413448333740234,23.841201782226562,24.020029067993164,8476214
2008-02-01,21.769193649291992,24.649499893188477,24.792560577392578,24.15593719482422,24.320457458496094,8779160
2008-02-04,21.769193649291992,24.649499893188477,24.93562126159668,24.563661575317383,24.599428176879883,2543521
2008-02-05,21.2196102142334,24.02718162536621,24.742488861083984,24.012876510620117,24.177396774291992,4682182
2008-02-06,21.244869232177734,24.05579376220703,24.72818374633789,23.977109909057617,24.320457458496094,4677708
2008-02-07,20.48048210144043,23.190271377563477,23.962804794311523,23.03290367126465,23.87696647644043,7715282
2008-02-08,20.215152740478516,22.889842987060547,23.11874008178711,22.753934860229492,23.0257511138916,7679773
2008-02-11,20.126710891723633,22.78969955444336,22.889842987060547,22.589412689208984,22.889842987060547,6432058
2008-02-12,20.120399475097656,22.78254508972168,23.104434967041016,22.739627838134766,22.889842987060547,5405786
2008-02-13,20.644731521606445,23.376251220703125,23.7195987701416,22.832618713378906,22.925607681274414,8414562
2008-02-14,19.924562454223633,22.560800552368164,23.48354721069336,22.21030044555664,23.376251220703125,9346329
2008-02-15,19.36233139038086,21.924177169799805,22.560800552368164,21.802574157714844,22.467811584472656,5134854
2008-02-19,19.539213180541992,22.12446403503418,22.246065139770508,21.93848419189453,22.131616592407227,5457093
2008-02-20,19.918243408203125,22.553647994995117,22.610872268676758,21.87410545349121,21.895565032958984,4819885
2008-02-21,19.96878433227539,22.610872268676758,22.868383407592773,22.503576278686523,22.589412689208984,5573127
2008-02-22,19.842445373535156,22.467811584472656,22.589412689208984,22.017166137695312,22.48211669921875,3111109
2008-02-25,19.89929962158203,22.532188415527344,22.739627838134766,22.317596435546875,22.474964141845703,4274525
2008-02-26,20.13304328918457,22.796852111816406,22.825464248657227,22.346208572387695,22.467811584472656,9127542
2008-02-27,20.234106063842773,22.91130256652832,23.204578399658203,22.639484405517578,22.7038631439209,2893860
2008-02-28,19.994054794311523,22.639484405517578,22.825464248657227,22.288984298706055,22.689556121826172,3526175
2008-02-29,19.337055206298828,21.895565032958984,22.48211669921875,21.824033737182617,22.36766815185547,4958426
2008-03-03,19.419189453125,21.988555908203125,22.06008529663086,21.67382049560547,21.909870147705078,2831649
2008-03-04,19.27389144897461,21.824033737182617,21.981401443481445,21.4234619140625,21.745351791381836,4606550
2008-03-05,19.330738067626953,21.888412475585938,22.024320602416992,21.57367706298828,21.72389030456543,3761738
2008-03-06,19.040142059326172,21.559371948242188,21.959943771362305,21.530757904052734,21.824033737182617,2954254
2008-03-07,18.995939254760742,21.50929832458496,21.924177169799805,21.330472946166992,21.430614471435547,4018831
2008-03-10,18.66111183166504,21.130186080932617,21.57367706298828,21.09442138671875,21.466381072998047,3436004
2008-03-11,19.1664981842041,21.70243263244629,21.752504348754883,21.065807342529297,21.566524505615234,4285849
2008-03-12,19.223352432250977,21.766809463500977,22.381973266601562,21.566524505615234,21.709585189819336,3995484
2008-03-13,19.267566680908203,21.81688117980957,21.909870147705078,21.23748207092285,21.437768936157227,4423691
2008-03-14,18.724294662475586,21.201717376708984,21.93132972717285,20.994277954101562,21.93132972717285,4064825
2008-03-17,18.74324607849121,21.223175048828125,21.45207405090332,20.658082962036133,20.658082962036133,4426627
2008-03-18,19.248619079589844,21.795421600341797,21.809728622436523,21.09442138671875,21.459226608276367,3676600
2008-03-19,18.54109001159668,20.994277954101562,22.052932739257812,20.994277954101562,21.859800338745117,3349748
2008-03-20,18.73691749572754,21.216022491455078,21.266094207763672,20.75822639465332,21.12303352355957,6058233
2008-03-24,19.172815322875977,21.709585189819336,21.866952896118164,21.17310333251953,21.266094207763672,2460760
2008-03-25,19.153854370117188,21.688125610351562,21.802574157714844,21.473533630371094,21.67382049560547,1994387
2008-03-26,18.94539451599121,21.45207405090332,21.63805389404297,21.387697219848633,21.6022891998291,2459641
2008-03-27,18.45897102355957,20.901287078857422,21.48784065246582,20.894134521484375,21.459226608276367,3697151
2008-03-28,18.686386108398438,21.158798217773438,21.27324676513672,20.958511352539062,20.965665817260742,4468707
2008-03-31,18.844316482543945,21.33762550354004,21.39484977722168,20.958511352539062,21.108726501464844,3144382
2008-04-01,19.513940811157227,22.09585189819336,22.160228729248047,21.39484977722168,21.39484977722168,3152490
2008-04-02,19.728736877441406,22.33905601501465,22.639484405517578,22.08869743347168,22.160228729248047,3447887
2008-04-03,19.880348205566406,22.510730743408203,22.675249099731445,22.160228729248047,22.160228729248047,2482149
2008-04-04,20.031965255737305,22.682403564453125,22.868383407592773,22.39628028869629,22.503576278686523,1992709
2008-04-07,19.943510055541992,22.582260131835938,22.8826904296875,22.54649543762207,22.689556121826172,1860039
2008-04-08,19.905614852905273,22.539342880249023,22.582260131835938,22.2961368560791,22.410587310791016,2227573
2008-04-09,19.6213436126709,22.21745491027832,22.596567153930664,21.988555908203125,22.503576278686523,2126638
2008-04-10,19.5455322265625,22.131616592407227,22.353361129760742,22.010013580322266,22.174535751342773,3267545
2008-04-11,19.033845901489258,21.552217483520508,22.03147315979004,21.459226608276367,21.988555908203125,2567427
2008-04-14,19.109636306762695,21.63805389404297,21.895565032958984,21.380544662475586,21.552217483520508,1849414
2008-04-15,18.41474723815918,20.851215362548828,21.78826904296875,20.593704223632812,21.709585189819336,6553125
2008-04-16,19.20440101623535,21.745351791381836,21.888412475585938,20.987123489379883,20.987123489379883,4029875
2008-04-17,19.008569717407227,21.523605346679688,21.952789306640625,21.373390197753906,21.824033737182617,2748608
2008-04-18,19.56447410583496,22.153076171875,22.389127731323242,21.84549331665039,21.909870147705078,3037574
2008-04-21,19.368642807006836,21.93132972717285,22.167381286621094,21.73104476928711,21.9742488861084,2514862
2008-04-22,19.04647445678711,21.566524505615234,21.895565032958984,21.430614471435547,21.802574157714844,2113776
2008-04-23,19.60869789123535,22.203147888183594,22.310443878173828,21.552217483520508,21.559371948242188,3240284
2008-04-24,19.861385345458984,22.489269256591797,22.711015701293945,22.06723976135254,22.195993423461914,3332832
2008-04-25,19.918243408203125,22.553647994995117,22.739627838134766,22.138769149780273,22.560800552368164,2904485
2008-04-28,19.368642807006836,21.93132972717285,22.66094398498535,21.888412475585938,22.60371971130371,3524917
2008-04-29,19.305484771728516,21.859800338745117,22.145923614501953,21.716737747192383,21.859800338745117,4065943
2008-04-30,19.08437728881836,21.60944175720215,21.995708465576172,21.466381072998047,21.924177169799805,4500861
2008-05-01,19.6466064453125,22.246065139770508,22.281831741333008,21.380544662475586,21.6022891998291,4509529
2008-05-02,20.259384155273438,22.93991470336914,22.982833862304688,22.410587310791016,22.417739868164062,5002603
2008-05-05,19.975109100341797,22.618026733398438,22.982833862304688,22.474964141845703,22.982833862304688,2163545
2008-05-06,20.101451873779297,22.76108741760254,22.896995544433594,22.231760025024414,22.42489242553711,2374363
2008-05-07,20.057220458984375,22.711015701293945,23.004291534423828,22.66094398498535,22.746780395507812,2819347
2008-05-08,20.202524185180664,22.87553596496582,23.06867027282715,22.503576278686523,23.03290367126465,2193742
2008-05-09,20.1519832611084,22.81831169128418,22.989986419677734,22.467811584472656,22.589412689208984,3817658
2008-05-12,20.448904037475586,23.15450668334961,23.175966262817383,22.768239974975586,22.947067260742188,4555103
2008-05-13,20.360458374023438,23.054363250732422,23.24034309387207,22.90414810180664,23.168813705444336,2373664
2008-05-14,20.54998016357422,23.26895523071289,23.783977508544922,23.054363250732422,23.21173095703125,4093624
2008-05-15,22.325117111206055,25.27897071838379,25.572246551513672,24.349069595336914,24.442060470581055,12392152
2008-05-16,22.16718864440918,25.100143432617188,25.32904052734375,24.74964141845703,25.32904052734375,4595226
2008-05-19,22.893667221069336,25.922746658325195,26.36623764038086,24.856937408447266,24.928468704223633,6808120
2008-05-20,22.50199317932129,25.47925567626953,25.743919372558594,25.042917251586914,25.743919372558594,3842123
2008-05-21,22.552534103393555,25.536481857299805,26.008583068847656,25.414878845214844,25.47925567626953,3468857
2008-05-22,22.754697799682617,25.765378952026367,25.937053680419922,25.45064353942871,25.522174835205078,3048339
2008-05-23,22.697830200195312,25.701000213623047,25.8726749420166,25.486408233642578,25.658082962036133,3326821
2008-05-27,23.007373809814453,26.051502227783203,26.108726501464844,25.493562698364258,25.54363441467285,4152619
2008-05-28,23.342193603515625,26.430614471435547,26.530757904052734,25.894134521484375,26.065807342529297,4287806
2008-05-29,23.455902099609375,26.559371948242188,26.680973052978516,26.108726501464844,26.416309356689453,3906991
2008-05-30,23.62015724182129,26.745351791381836,26.824033737182617,26.36623764038086,26.587982177734375,3587548
2008-06-02,23.310598373413086,26.39484977722168,26.659513473510742,26.187410354614258,26.416309356689453,4762427
2008-06-03,23.2979679107666,26.380544662475586,26.78826904296875,26.194564819335938,26.523605346679688,3541833
2008-06-04,23.367460250854492,26.459226608276367,26.72389030456543,26.165950775146484,26.35908317565918,4756415
2008-06-05,23.784399032592773,26.93132972717285,27.00286102294922,26.409156799316406,26.502145767211914,2896516
2008-06-06,23.06423568725586,26.11587905883789,26.738197326660156,26.051502227783203,26.709585189819336,3546307
2008-06-09,23.3232364654541,26.409156799316406,26.502145767211914,25.922746658325195,26.194564819335938,3726229
2008-06-10,23.215845108032227,26.287553787231445,26.402002334594727,25.994277954101562,26.015737533569336,2406098
2008-06-11,22.89999008178711,25.929899215698242,26.344778060913086,25.851215362548828,25.851215362548828,2636628
2008-06-12,23.304283142089844,26.387697219848633,26.809728622436523,26.015737533569336,26.015737533569336,3489268
2008-06-13,23.569610595703125,26.688125610351562,26.688125610351562,26.18025779724121,26.430614471435547,3037854
2008-06-16,23.594879150390625,26.716737747192383,26.988555908203125,26.12303352355957,26.466381072998047,6624842
2008-06-17,23.63279151916504,26.75965690612793,27.024320602416992,26.330472946166992,26.809728622436523,4748866
2008-06-18,23.61383819580078,26.738197326660156,26.88125991821289,26.459226608276367,26.53791046142578,3694774
2008-06-19,23.942325592041016,27.110157012939453,27.18168830871582,26.659513473510742,26.773963928222656,3623756
2008-06-20,23.733856201171875,26.87410545349121,27.017166137695312,26.466381072998047,26.85264778137207,6029574
2008-06-23,23.424312591552734,26.523605346679688,27.045780181884766,26.502145767211914,26.93848419189453,4274665
2008-06-24,23.14004135131836,26.201717376708984,26.502145767211914,25.87982749938965,26.416309356689453,4052383
2008-06-25,23.335872650146484,26.4234619140625,26.666667938232422,25.679542541503906,25.679542541503906,3563642
2008-06-26,22.552534103393555,25.536481857299805,26.201717376708984,25.414878845214844,26.158798217773438,3817239
2008-06-27,22.483051300048828,25.457796096801758,25.7296142578125,25.30758285522461,25.464950561523438,5015325
2008-06-30,22.451461791992188,25.42203140258789,25.743919372558594,25.286123275756836,25.536481857299805,4145070
2008-07-01,22.470413208007812,25.443490982055664,25.586551666259766,24.985694885253906,25.06437873840332,4520713
2008-07-02,22.337743759155273,25.293275833129883,25.801143646240234,25.236051559448242,25.486408233642578,3692677
2008-07-03,21.93977165222168,24.842632293701172,25.529327392578125,24.74964141845703,25.414878845214844,5404388
2008-07-07,22.1545467376709,25.08583641052246,25.54363441467285,24.69957160949707,24.899856567382812,5731800
2008-07-08,22.697830200195312,25.701000213623047,25.765378952026367,25.0,25.042917251586914,4678966
2008-07-09,22.16718864440918,25.100143432617188,25.8726749420166,25.100143432617188,25.829757690429688,2905743
2008-07-10,22.344074249267578,25.30042839050293,25.386266708374023,24.93562126159668,25.18597984313965,3423702
2008-07-11,22.546215057373047,25.529327392578125,25.858369827270508,24.778255462646484,25.05722427368164,3382601
2008-07-14,22.198762893676758,25.135908126831055,25.78683853149414,25.050071716308594,25.78683853149414,2879740
2008-07-15,22.002933502197266,24.91416358947754,25.21459197998047,24.713876724243164,24.84978485107422,4336876
2008-07-16,22.186132431030273,25.121601104736328,25.350500106811523,24.799713134765625,24.8211727142334,4138779
2008-07-17,22.198762893676758,25.135908126831055,25.257511138916016,24.60658073425293,24.60658073425293,4302625
2008-07-18,22.470413208007812,25.443490982055664,25.493562698364258,24.828325271606445,25.15021514892578,3765373
2008-07-21,22.318796157836914,25.27181625366211,25.586551666259766,25.100143432617188,25.586551666259766,1989354
2008-07-22,22.192447662353516,25.128755569458008,25.15021514892578,24.713876724243164,25.042917251586914,3671987
2008-07-23,22.742050170898438,25.751073837280273,25.81545066833496,25.128755569458008,25.207439422607422,3923487
2008-07-24,22.546215057373047,25.529327392578125,25.858369827270508,25.39341926574707,25.658082962036133,3712669
2008-07-25,22.874710083007812,25.901287078857422,25.951358795166016,25.600858688354492,25.629470825195312,3517228
2008-07-28,22.634658813476562,25.629470825195312,26.044349670410156,25.622318267822266,25.87982749938965,3265868
2008-07-29,22.824172973632812,25.84406280517578,26.037195205688477,25.379112243652344,25.379112243652344,2749027
2008-07-30,23.19057273864746,26.258941650390625,26.409156799316406,25.822603225708008,25.922746658325195,2364577
2008-07-31,22.779945373535156,25.793991088867188,26.223175048828125,25.765378952026367,26.11587905883789,2710023
2008-08-01,22.65361213684082,25.650930404663086,25.94420623779297,25.221744537353516,25.851215362548828,3477944
2008-08-04,22.325117111206055,25.27897071838379,25.7296142578125,25.25035858154297,25.572246551513672,2370868
2008-08-05,22.798912048339844,25.81545066833496,25.937053680419922,25.386266708374023,25.536481857299805,3424121
2008-08-06,23.14635467529297,26.20886993408203,26.216022491455078,25.557939529418945,25.672388076782227,2653823
2008-08-07,22.925247192382812,25.958511352539062,26.430614471435547,25.94420623779297,26.065807342529297,2711561
2008-08-08,23.373777389526367,26.466381072998047,26.645206451416016,25.901287078857422,25.922746658325195,3462706
2008-08-11,23.373777389526367,26.466381072998047,26.645206451416016,26.251787185668945,26.530757904052734,2640263
2008-08-12,23.354827880859375,26.444921493530273,26.50929832458496,26.266094207763672,26.287553787231445,3034219
2008-08-13,23.08949851989746,26.14449119567871,26.51645278930664,25.679542541503906,26.316165924072266,2913991
2008-08-14,22.855762481689453,25.87982749938965,26.230329513549805,25.486408233642578,25.901287078857422,4355189
2008-08-15,22.975788116455078,26.015737533569336,26.323318481445312,25.751073837280273,26.251787185668945,3658566
2008-08-18,22.603069305419922,25.593704223632812,26.037195205688477,25.436338424682617,26.037195205688477,4201829
2008-08-19,22.268259048461914,25.21459197998047,25.57939910888672,25.11444854736328,25.493562698364258,3299140
2008-08-20,21.98398208618164,24.892704010009766,25.27181625366211,24.69241714477539,25.228897094726562,2776708
2008-08-21,21.8765926361084,24.771102905273438,24.921316146850586,24.542203903198242,24.54935646057129,2916088
2008-08-22,22.35038948059082,25.30758285522461,25.357654571533203,24.84978485107422,24.84978485107422,2253856
2008-08-25,21.971345901489258,24.878398895263672,25.30042839050293,24.842632293701172,25.11444854736328,2628520
2008-08-26,21.927127838134766,24.828325271606445,24.921316146850586,24.54935646057129,24.78540802001953,2327251
2008-08-27,21.946081161499023,24.84978485107422,25.157367706298828,24.2703857421875,24.806867599487305,2197796
2008-08-28,22.432512283325195,25.400571823120117,25.400571823120117,24.892704010009766,24.964235305786133,1959577
2008-08-29,21.958721160888672,24.864091873168945,25.257511138916016,24.763948440551758,25.236051559448242,2331584
2008-09-02,21.788145065307617,24.67095947265625,25.536481857299805,24.527896881103516,25.100143432617188,2876665
2008-09-03,21.35858154296875,24.18454933166504,24.678112030029297,23.862661361694336,24.57081413269043,3855265
2008-09-04,20.32886505126953,23.018598556518555,23.984262466430664,22.989986419677734,23.977109909057617,3656609
2008-09-05,20.714221954345703,23.45493507385254,23.54792594909668,22.711015701293945,22.889842987060547,3217357
2008-09-08,20.827930450439453,23.583690643310547,23.977109909057617,23.29756736755371,23.87696647644043,3046102
2008-09-09,20.25306510925293,22.93276023864746,23.7195987701416,22.93276023864746,23.7195987701416,2611883
2008-09-10,20.14566421508789,22.811159133911133,23.21173095703125,22.746780395507812,23.111587524414062,3605162
2008-09-11,20.17725372314453,22.846923828125,22.889842987060547,22.253219604492188,22.532188415527344,3710432
2008-09-12,20.246747970581055,22.925607681274414,22.96137237548828,22.56795310974121,22.725322723388672,3064835
2008-09-15,19.476045608520508,22.052932739257812,22.78969955444336,22.03147315979004,22.42489242553711,3088042
2008-09-16,19.722423553466797,22.3319034576416,22.525035858154297,21.11587905883789,21.802574157714844,4133467
2008-09-17,18.793785095214844,21.2804012298584,21.96709632873535,21.17310333251953,21.88125991821289,5352942
2008-09-18,19.81717872619629,22.439199447631836,22.496423721313477,21.03004264831543,21.459226608276367,5227402
2008-09-19,20.790027618408203,23.540773391723633,23.60515022277832,22.7038631439209,22.896995544433594,4986247
2008-09-22,19.65924072265625,22.260372161865234,23.447782516479492,22.188840866088867,23.447782516479492,3885881
2008-09-23,19.494997024536133,22.074392318725586,22.582260131835938,21.84549331665039,22.36766815185547,4292140
2008-09-24,19.419189453125,21.988555908203125,22.21745491027832,21.688125610351562,22.010013580322266,4206442
2008-09-25,19.444456100463867,22.017166137695312,22.224607467651367,21.859800338745117,22.1173095703125,6592549
2008-09-26,19.539213180541992,22.12446403503418,22.167381286621094,21.559371948242188,22.017166137695312,6307077
2008-09-29,18.364208221435547,20.793991088867188,21.88125991821289,20.486408233642578,21.72389030456543,7237726
2008-09-30,18.73691749572754,21.216022491455078,21.530757904052734,20.5507869720459,21.022890090942383,5803517
2008-10-01,18.74324607849121,21.223175048828125,21.402002334594727,20.622318267822266,20.8726749420166,3648500
2008-10-02,17.77670669555664,20.128755569458008,21.03004264831543,20.05722427368164,20.97281837463379,4544199
2008-10-03,17.86514663696289,20.228897094726562,20.951358795166016,20.228897094726562,20.371959686279297,4509249
2008-10-06,17.05021858215332,19.30615234375,19.88555145263672,18.39055824279785,19.88555145263672,6326369
2008-10-07,15.86258316040039,17.96137237548828,19.67095947265625,17.925607681274414,19.499284744262695,5406346
2008-10-08,15.780452728271484,17.868383407592773,18.590843200683594,17.42489242553711,17.560800552368164,4655200
2008-10-09,14.378031730651855,16.2804012298584,18.383405685424805,16.258941650390625,17.8826904296875,6478891
2008-10-10,14.20114803314209,16.080114364624023,16.917024612426758,14.771101951599121,15.586551666259766,8203045
2008-10-13,16.1721248626709,18.311874389648438,18.311874389648438,16.45207405090332,16.75965690612793,4143952
2008-10-14,15.546720504760742,17.60371971130371,19.66380500793457,17.153076171875,18.962804794311523,5027068
2008-10-15,13.992681503295898,15.844062805175781,17.439199447631836,15.71530818939209,17.39628028869629,4259846
2008-10-16,14.668624877929688,16.60944175720215,16.67382049560547,14.713876724243164,15.801143646240234,5273116
2008-10-17,14.283271789550781,16.17310333251953,16.917024612426758,15.779685020446777,16.35908317565918,2902248
2008-10-20,15.066608428955078,17.06008529663086,17.06008529663086,15.979970932006836,16.351930618286133,2529681
2008-10-21,14.359084129333496,16.258941650390625,17.12446403503418,16.18025779724121,16.752504348754883,3114325
2008-10-22,13.41781234741211,15.193133354187012,16.17310333251953,14.692418098449707,16.17310333251953,4337994
2008-10-23,13.089315414428711,14.821172714233398,15.321887969970703,14.127325057983398,15.278969764709473,6420595
2008-10-24,12.476543426513672,14.127325057983398,14.570815086364746,13.519312858581543,13.819742202758789,4753759
2008-10-27,11.9522123336792,13.533618927001953,14.234621047973633,13.412016868591309,13.912732124328613,4399786
2008-10-28,13.360956192016602,15.128754615783691,15.128754615783691,13.555079460144043,13.819742202758789,4767320
2008-10-29,13.455714225769043,15.236051559448242,16.022890090942383,14.749642372131348,15.214591979980469,5064674
2008-10-30,14.232735633850098,16.11587905883789,16.194564819335938,15.565093040466309,15.7296142578125,3457114
2008-10-31,14.017948150634766,15.872674942016602,16.580829620361328,15.593705177307129,15.836910247802734,5943038
2008-11-03,14.529646873474121,16.45207405090332,16.6022891998291,15.765378952026367,15.829756736755371,3130541
2008-11-04,15.56567096710205,17.625179290771484,17.93276023864746,16.766809463500977,16.795421600341797,4493731
2008-11-05,14.693896293640137,16.63805389404297,17.60371971130371,16.623748779296875,17.324750900268555,3003044
2008-11-06,13.537837982177734,15.32904052734375,16.716737747192383,15.243205070495605,16.45207405090332,4442145
2008-11-07,13.796846389770508,15.622318267822266,16.037195205688477,15.207439422607422,15.371959686279297,3836531
2008-11-10,13.714722633361816,15.529328346252441,16.2446346282959,15.286123275756836,15.879828453063965,3302495
2008-11-11,13.228293418884277,14.978541374206543,15.522174835205078,14.692418098449707,15.371959686279297,3041349
2008-11-12,12.23648738861084,13.855507850646973,14.735336303710938,13.748211860656738,14.699570655822754,3580837
2008-11-13,13.247246742248535,15.0,15.092989921569824,12.911301612854004,13.819742202758789,5505044
2008-11-14,13.108263969421387,14.842632293701172,16.008583068847656,14.105866432189941,14.685264587402344,6379913
2008-11-17,12.078556060791016,13.676680564880371,14.356223106384277,13.376252174377441,14.163089752197266,6550189
2008-11-18,12.002753257751465,13.59084415435791,13.92703914642334,13.018597602844238,13.755365371704102,4217207
2008-11-19,11.14360523223877,12.618025779724121,13.855507850646973,12.610873222351074,13.512160301208496,3697570
2008-11-20,10.233925819396973,11.587983131408691,12.746781349182129,11.516451835632324,12.12446403503418,4679945
2008-11-21,10.922503471374512,12.367668151855469,12.396280288696289,11.287553787231445,11.838339805603027,4383988
2008-11-24,11.756379127502441,13.311874389648438,13.741059303283691,12.288984298706055,12.51788330078125,4996312
2008-11-25,11.718475341796875,13.268956184387207,13.876967430114746,12.947067260742188,13.876967430114746,6343565
2008-11-26,11.80691909790039,13.369098663330078,13.412016868591309,12.618025779724121,12.8826904296875,4566567
2008-11-28,11.895358085632324,13.469242095947266,13.490700721740723,13.18311882019043,13.311874389648438,1329218
2008-12-01,10.903550148010254,12.346208572387695,13.175966262817383,12.331903457641602,13.175966262817383,3850232
2008-12-02,11.14360523223877,12.618025779724121,12.87553596496582,12.12446403503418,12.539341926574707,4166040
2008-12-03,11.497368812561035,13.018597602844238,13.097282409667969,12.153076171875,12.317597389221191,4350576
2008-12-04,11.061482429504395,12.525035858154297,13.154505729675293,12.331903457641602,12.782546043395996,3465223
2008-12-05,10.903550148010254,12.346208572387695,12.50357723236084,11.709585189819336,12.417739868164062,6708163
2008-12-08,10.89091682434082,12.331903457641602,12.918455123901367,12.203146934509277,12.639485359191895,7818035
2008-12-09,11.32680606842041,12.825465202331543,12.954219818115234,11.931329727172852,12.16738224029541,13113520
2008-12-10,11.491053581237793,13.011445045471191,13.040057182312012,12.403432846069336,12.896995544433594,12064181
2008-12-11,11.453146934509277,12.968525886535645,13.175966262817383,12.639485359191895,12.746781349182129,8373461
2008-12-12,10.985672950744629,12.439199447631836,12.610873222351074,11.902717590332031,12.51788330078125,8582881
2008-12-15,10.410804748535156,11.78826904296875,12.51788330078125,11.616595268249512,12.446352005004883,6224735
2008-12-16,10.30972957611084,11.673819541931152,12.131616592407227,11.545063972473145,11.738197326660156,9241479
2008-12-17,10.316052436828613,11.680973052978516,11.80257511138916,11.430615425109863,11.587983131408691,12498959
2008-12-18,10.284464836120605,11.645207405090332,11.959942817687988,11.494993209838867,11.752504348754883,15649072
2008-12-19,10.284464836120605,11.645207405090332,12.024319648742676,11.530757904052734,11.630901336669922,20688722
2008-12-22,9.987554550170898,11.309013366699219,11.659514427185059,11.080114364624023,11.659514427185059,5734316
2008-12-23,9.867523193359375,11.173104286193848,11.473533630371094,10.979970932006836,11.466381072998047,4218046
2008-12-24,9.842255592346191,11.144492149353027,11.251788139343262,11.07296085357666,11.158798217773438,1300140
2008-12-26,9.760130882263184,11.051502227783203,11.244634628295898,11.001431465148926,11.158798217773438,4221121
2008-12-29,9.469541549682617,10.722460746765137,11.065808296203613,10.557939529418945,11.05865478515625,4997570
2008-12-30,9.400050163269043,10.643776893615723,10.829756736755371,10.643776893615723,10.801143646240234,10153534
2008-12-31,9.873841285705566,11.180257797241211,11.323319435119629,10.672389030456543,10.672389030456543,6415003
2009-01-02,10.25919246673584,11.616595268249512,11.659514427185059,11.09442138671875,11.158798217773438,4236220
2009-01-05,10.606640815734863,12.010013580322266,12.224607467651367,11.444920539855957,11.530757904052734,7171321
2009-01-06,11.453146934509277,12.968525886535645,13.383404731750488,12.081544876098633,12.231760025024414,11834210
2009-01-07,11.516317367553711,13.040057182312012,13.204578399658203,12.653791427612305,12.768239974975586,9974171
2009-01-08,11.592131614685059,13.125893592834473,13.218884468078613,12.732475280761719,12.989986419677734,6242909
2009-01-09,11.6995210647583,13.247495651245117,13.540773391723633,12.889842987060547,13.097282409667969,6917024
2009-01-12,11.6995210647583,13.247495651245117,13.676680564880371,13.140199661254883,13.490700721740723,8631392
2009-01-13,12.04065227508545,13.633763313293457,13.848355293273926,13.018597602844238,13.018597602844238,9102238
2009-01-14,11.655299186706543,13.19742488861084,13.376252174377441,12.904149055480957,13.161660194396973,9148792
2009-01-15,12.078556060791016,13.676680564880371,13.834049224853516,13.011445045471191,13.21173095703125,9169901
2009-01-16,12.324929237365723,13.95565128326416,14.291845321655273,13.505006790161133,13.92703914642334,7181945
2009-01-20,11.718475341796875,13.268956184387207,14.334763526916504,13.19742488861084,14.313304901123047,7537457
2009-01-21,12.166998863220215,13.776823997497559,13.812588691711426,13.290414810180664,13.454936027526855,5641629
2009-01-22,11.93957805633545,13.519312858581543,13.726753234863281,13.19742488861084,13.526466369628906,5811905
2009-01-23,11.775328636169434,13.333333015441895,13.626608848571777,12.8826904296875,13.283262252807617,6208099
2009-01-26,11.94589614868164,13.526466369628906,13.848355293273926,13.304720878601074,13.369098663330078,5797925
2009-01-27,11.813234329223633,13.376252174377441,13.655221939086914,13.090128898620605,13.526466369628906,6613658
2009-01-28,11.977482795715332,13.56223201751709,13.855507850646973,13.397710800170898,13.533618927001953,7473149
2009-01-29,11.731109619140625,13.283262252807617,13.483548164367676,13.18311882019043,13.433476448059082,4583623
2009-01-30,11.421565055847168,12.932761192321777,13.454936027526855,12.846923828125,13.333333015441895,4270890
2009-02-02,11.389972686767578,12.896995544433594,13.040057182312012,12.711015701293945,12.725321769714355,5330714
2009-02-03,11.503686904907227,13.025751113891602,13.090128898620605,12.696709632873535,12.896995544433594,4807163
2009-02-04,11.6742525100708,13.218884468078613,13.555079460144043,13.018597602844238,13.061515808105469,3865051
2009-02-05,12.20490550994873,13.819742202758789,13.848355293273926,12.78969955444336,13.040057182312012,8703808
2009-02-06,12.192266464233398,13.805436134338379,14.084405899047852,13.655221939086914,13.655221939086914,4277321
2009-02-09,12.0280179977417,13.61945629119873,13.884119987487793,13.369098663330078,13.690986633300781,4673234
2009-02-10,11.53527545928955,13.061515808105469,13.648069381713867,12.975680351257324,13.540773391723633,5272277
2009-02-11,11.604766845703125,13.140199661254883,13.268956184387207,12.947067260742188,13.233189582824707,4383709
2009-02-12,11.769012451171875,13.326180458068848,13.326180458068848,12.846923828125,12.939913749694824,6192161
2009-02-13,11.667936325073242,13.21173095703125,13.583690643310547,13.140199661254883,13.283262252807617,4232585
2009-02-17,11.149924278259277,12.625179290771484,12.86122989654541,12.339056015014648,12.639485359191895,7469794
2009-02-18,10.139164924621582,11.480687141418457,12.317597389221191,11.351930618286133,11.444920539855957,14968246
2009-02-19,9.829620361328125,11.130186080932617,11.580829620361328,11.087267875671387,11.516451835632324,7898281
2009-02-20,9.589566230773926,10.858368873596191,11.051502227783203,10.708154678344727,10.958512306213379,7148953
2009-02-23,9.021016120910645,10.214591979980469,11.04434871673584,10.178827285766602,10.965664863586426,6631553
2009-02-24,9.418996810913086,10.665236473083496,10.75822639465332,10.236051559448242,10.32904052734375,5293108
2009-02-25,9.261070251464844,10.486409187316895,10.672389030456543,10.228898048400879,10.457797050476074,6565427
2009-02-26,8.976795196533203,10.164521217346191,10.701001167297363,10.114448547363281,10.615164756774902,6687752
2009-02-27,8.762005805969238,9.921316146850586,10.193133354187012,9.871245384216309,9.942774772644043,5494420
2009-03-02,8.01025390625,9.070099830627441,9.799714088439941,9.020029067993164,9.728182792663574,5994904
2009-03-03,8.01025390625,9.070099830627441,9.341917037963867,8.884119987487793,9.220314979553223,7055147
2009-03-04,8.408241271972656,9.520744323730469,9.699570655822754,9.105866432189941,9.24177360534668,5427595
2009-03-05,7.921813488006592,8.96995735168457,9.463519096374512,8.948497772216797,9.28469181060791,9678214
2009-03-06,7.991301536560059,9.048641204833984,9.363375663757324,8.597996711730957,8.912732124328613,6800571
2009-03-09,7.858644962310791,8.898426055908203,9.28469181060791,8.834049224853516,8.94134521484375,6017551
2009-03-10,8.484047889709473,9.60658073425293,9.63519287109375,9.034335136413574,9.091559410095215,6584300
2009-03-11,8.547223091125488,9.678112030029297,9.98569393157959,9.57796859741211,9.699570655822754,5358254
2009-03-12,8.724103927612305,9.878397941589355,9.935622215270996,9.341917037963867,9.628040313720703,5116680
2009-03-13,8.837810516357422,10.007152557373047,10.114448547363281,9.864091873168945,9.907010078430176,3648500
2009-03-16,8.692519187927246,9.842632293701172,10.193133354187012,9.842632293701172,10.114448547363281,3028348
2009-03-17,9.109457969665527,10.314735412597656,10.314735412597656,9.799714088439941,9.942774772644043,3554695
2009-03-18,9.178943634033203,10.39341926574707,10.686695098876953,10.221744537353516,10.33619499206543,5001904
2009-03-19,9.311609268188477,10.543634414672852,10.67954158782959,10.33619499206543,10.443490982055664,3904474
2009-03-20,9.11577320098877,10.321887969970703,10.69384765625,10.221744537353516,10.550786972045898,5937026
2009-03-23,10.038086891174316,11.366236686706543,11.366236686706543,10.7296142578125,10.7296142578125,6473299
2009-03-24,9.974915504455566,11.294707298278809,11.487839698791504,11.180257797241211,11.201717376708984,3801022
2009-03-25,10.082311630249023,11.416309356689453,11.752504348754883,11.115880012512207,11.444920539855957,4095301
2009-03-26,10.827740669250488,12.260372161865234,12.288984298706055,11.309013366699219,11.480687141418457,8359201
2009-03-27,10.240241050720215,11.595135688781738,12.131616592407227,11.595135688781738,12.010013580322266,4496527
2009-03-30,9.72222900390625,11.008584022521973,11.344778060913086,10.829756736755371,11.316165924072266,5550759
2009-03-31,9.7095947265625,10.994277954101562,11.230328559875488,10.922746658325195,11.101573944091797,6620788
2009-04-01,10.107575416564941,11.444920539855957,11.537911415100098,10.74392032623291,10.815450668334961,5530768
2009-04-02,10.30972957611084,11.673819541931152,11.995708465576172,11.573677062988281,11.723891258239746,5987774
2009-04-03,10.398172378540039,11.77396297454834,11.874106407165527,11.230328559875488,11.230328559875488,4024842
2009-04-06,10.094944953918457,11.430615425109863,11.673819541931152,11.258940696716309,11.666666984558105,4691688
2009-04-07,9.854889869689941,11.158798217773438,11.258940696716309,11.008584022521973,11.208869934082031,4978138
2009-04-08,10.233925819396973,11.587983131408691,11.695279121398926,11.051502227783203,11.051502227783203,4806883
2009-04-09,10.739304542541504,12.160228729248047,12.253218650817871,11.752504348754883,11.752504348754883,4545178
2009-04-13,10.537154197692871,11.931329727172852,12.13877010345459,11.881258964538574,12.024319648742676,4369449
2009-04-14,10.436073303222656,11.81688117980957,11.995708465576172,11.731043815612793,11.917023658752441,3114185
2009-04-15,10.335000038146973,11.702431678771973,11.909871101379395,11.523605346679688,11.74535083770752,3482138
2009-04-16,10.625591278076172,12.031474113464355,12.153076171875,11.523605346679688,11.81688117980957,8019208
2009-04-17,10.745623588562012,12.16738224029541,12.296136856079102,11.902717590332031,12.038626670837402,4154576
2009-04-20,10.372903823852539,11.74535083770752,12.16738224029541,11.552216529846191,12.131616592407227,6736682
2009-04-21,10.486616134643555,11.874106407165527,12.038626670837402,11.673819541931152,11.80257511138916,4251458
2009-04-22,10.58769416809082,11.988554954528809,12.324749946594238,11.695279121398926,11.752504348754883,3967524
2009-04-23,10.360272407531738,11.731043815612793,11.974248886108398,11.480687141418457,11.974248886108398,5264169
2009-04-24,10.67613410949707,12.088698387145996,12.21030044555664,11.595135688781738,11.81688117980957,3901818
2009-04-27,10.688766479492188,12.103004455566406,12.310442924499512,11.931329727172852,11.931329727172852,4380913
2009-04-28,10.764568328857422,12.188840866088867,12.374820709228516,11.766810417175293,11.959942817687988,4938854
2009-04-29,11.389972686767578,12.896995544433594,13.011445045471191,12.238912582397461,12.310442924499512,5516508
2009-04-30,11.53527545928955,13.061515808105469,13.54792594909668,12.947067260742188,12.947067260742188,4977998
2009-05-01,11.882721900939941,13.454936027526855,13.59084415435791,13.004291534423828,13.025751113891602,4039241
2009-05-04,12.268074989318848,13.89127254486084,13.89127254486084,13.412016868591309,13.454936027526855,3885042
2009-05-05,11.832182884216309,13.397710800170898,13.876967430114746,13.283262252807617,13.848355293273926,4895656
2009-05-06,12.148045539855957,13.755365371704102,13.798282623291016,13.426322937011719,13.56223201751709,4313529
2009-05-07,11.857451438903809,13.426322937011719,13.848355293273926,13.297568321228027,13.841201782226562,3590903
2009-05-08,12.217535018920898,13.834049224853516,13.884119987487793,13.505006790161133,13.56223201751709,3597893
2009-05-11,11.901673316955566,13.476394653320312,13.712446212768555,13.283262252807617,13.640915870666504,2973686
2009-05-12,11.996435165405273,13.583690643310547,13.712446212768555,13.361946105957031,13.490700721740723,3025412
2009-05-13,11.402612686157227,12.911301612854004,13.505006790161133,12.768239974975586,13.354792594909668,4229929
2009-05-14,11.57949447631836,13.111587524414062,13.21173095703125,12.403432846069336,12.846923828125,4686236
2009-05-15,11.149924278259277,12.625179290771484,13.025751113891602,12.346208572387695,12.889842987060547,7322864
2009-05-18,11.288902282714844,12.782546043395996,12.782546043395996,12.374820709228516,12.603719711303711,3707216
2009-05-19,11.604766845703125,13.140199661254883,13.261802673339844,12.424893379211426,12.78969955444336,4224616
2009-05-20,11.775328636169434,13.333333015441895,13.59084415435791,13.175966262817383,13.268956184387207,3662341
2009-05-21,11.168871879577637,12.646637916564941,13.154505729675293,12.510729789733887,13.032903671264648,4439908
2009-05-22,11.17519474029541,12.653791427612305,12.80400562286377,12.48211669921875,12.703863143920898,3602926
2009-05-26,11.402612686157227,12.911301612854004,12.939913749694824,12.446352005004883,12.632331848144531,3461588
2009-05-27,11.301535606384277,12.796853065490723,13.090128898620605,12.753933906555176,12.939913749694824,3757824
2009-05-28,11.358394622802734,12.86122989654541,13.018597602844238,12.51788330078125,12.947067260742188,3126627
2009-05-29,11.516317367553711,13.040057182312012,13.040057182312012,12.711015701293945,12.911301612854004,2769298
2009-06-01,11.9269437789917,13.505006790161133,13.741059303283691,13.190272331237793,13.190272331237793,5764513
2009-06-02,12.350198745727539,13.98426342010498,14.163089752197266,13.469242095947266,13.497854232788086,5233693
2009-06-03,12.21121883392334,13.826895713806152,14.020029067993164,13.705292701721191,13.94134521484375,5618143
2009-06-04,12.65974235534668,14.334763526916504,14.463519096374512,13.869813919067383,13.869813919067383,4408174
2009-06-05,12.571300506591797,14.234621047973633,14.549356460571289,14.127325057983398,14.442060470581055,3230359
2009-06-08,12.40705394744873,14.048641204833984,14.25607967376709,13.705292701721191,14.120171546936035,3000527
2009-06-09,12.457590103149414,14.105866432189941,14.198856353759766,13.92703914642334,14.134477615356445,4124100
2009-06-10,12.287027359008789,13.912732124328613,14.28469181060791,13.698140144348145,14.248927116394043,3781730
2009-06-11,12.457590103149414,14.105866432189941,14.377681732177734,13.89127254486084,13.934191703796387,4628638
2009-06-12,12.230171203613281,13.848355293273926,14.070099830627441,13.54792594909668,14.070099830627441,3673525
2009-06-15,11.933257102966309,13.512160301208496,13.705292701721191,13.233189582824707,13.683834075927734,3293408
2009-06-16,11.731109619140625,13.283262252807617,13.669528007507324,13.24034309387207,13.526466369628906,4170653
2009-06-17,11.611080169677734,13.147353172302246,13.404864311218262,13.104434967041016,13.340485572814941,4365395
2009-06-18,11.825870513916016,13.390558242797852,13.519312858581543,12.997138977050781,13.118741035461426,3287816
2009-06-19,11.933257102966309,13.512160301208496,13.662375450134277,13.376252174377441,13.597996711730957,6732628
2009-06-22,11.623722076416016,13.161660194396973,13.490700721740723,13.118741035461426,13.419170379638672,4045952
2009-06-23,11.718475341796875,13.268956184387207,13.369098663330078,13.133047103881836,13.22603702545166,3580138
2009-06-24,12.00906753540039,13.597996711730957,13.648069381713867,13.340485572814941,13.369098663330078,5450802
2009-06-25,12.609204292297363,14.277539253234863,14.356223106384277,13.497854232788086,13.56223201751709,7063675
2009-06-26,12.874528884887695,14.57796859741211,14.628040313720703,14.148783683776855,14.22746753692627,4788569
2009-06-29,12.906112670898438,14.613734245300293,14.66380500793457,14.391988754272461,14.62088680267334,3079794
2009-06-30,12.83030891418457,14.527896881103516,14.706724166870117,14.291845321655273,14.63519287109375,5433047
2009-07-01,13.026141166687012,14.749642372131348,14.98569393157959,14.470671653747559,14.570815086364746,4742715
2009-07-02,12.457590103149414,14.105866432189941,14.449213027954102,13.798282623291016,14.449213027954102,6138898
2009-07-06,12.350198745727539,13.98426342010498,14.077253341674805,13.791130065917969,14.077253341674805,3513593
2009-07-07,11.996435165405273,13.583690643310547,14.084405899047852,13.555079460144043,13.991415977478027,3558889
2009-07-08,11.882721900939941,13.454936027526855,13.705292701721191,13.233189582824707,13.59084415435791,4603894
2009-07-09,11.9269437789917,13.505006790161133,13.60515022277832,13.361946105957031,13.490700721740723,4342607
2009-07-10,11.977482795715332,13.56223201751709,13.648069381713867,13.390558242797852,13.433476448059082,3415594
2009-07-13,12.249120712280273,13.869813919067383,13.876967430114746,13.412016868591309,13.5765380859375,3290333
2009-07-14,12.31229305267334,13.94134521484375,14.020029067993164,13.769671440124512,13.769671440124512,2331864
2009-07-15,12.988240242004395,14.706724166870117,14.799714088439941,13.96995735168457,14.077253341674805,4383988
2009-07-16,13.158802032470703,14.899856567382812,14.95708179473877,14.628040313720703,14.64949893951416,4075869
2009-07-17,13.240926742553711,14.992847442626953,15.02861213684082,14.692418098449707,14.907010078430176,2873869
2009-07-20,13.619964599609375,15.42203140258789,15.522174835205078,15.057225227355957,15.114448547363281,3101603
2009-07-21,13.569424629211426,15.36480712890625,15.629470825195312,15.35050106048584,15.515021324157715,5834273
2009-07-22,13.582059860229492,15.37911319732666,15.457797050476074,15.107295989990234,15.33619499206543,6473439
2009-07-23,13.973729133605957,15.822604179382324,15.929900169372559,15.264663696289062,15.33619499206543,5450243
2009-07-24,14.068485260009766,15.929900169372559,15.944206237792969,15.608011245727539,15.622318267822266,3534144
2009-07-27,14.314859390258789,16.20886993408203,16.416309356689453,15.515021324157715,15.515021324157715,7331531
2009-07-28,14.712841987609863,16.659513473510742,17.08869743347168,16.12303352355957,16.12303352355957,8908615
2009-07-29,14.295909881591797,16.187410354614258,16.72389030456543,16.05865478515625,16.623748779296875,6997130
2009-07-30,14.630722045898438,16.566524505615234,16.888412475585938,16.35908317565918,16.36623764038086,5819455
2009-07-31,14.668624877929688,16.60944175720215,16.831186294555664,16.4234619140625,16.595136642456055,3542113
2009-08-03,15.129782676696777,17.131616592407227,17.174535751342773,16.795421600341797,16.888412475585938,3866029
2009-08-04,15.268757820129395,17.288984298706055,17.417739868164062,16.952789306640625,17.06008529663086,3824229
2009-08-05,14.864457130432129,16.831186294555664,17.45350456237793,16.766809463500977,17.3319034576416,3551339
2009-08-06,14.700214385986328,16.645206451416016,16.93132972717285,16.552217483520508,16.81688117980957,5083967
2009-08-07,14.990804672241211,16.9742488861084,17.052932739257812,16.802574157714844,16.917024612426758,3289774
2009-08-10,15.053977966308594,17.045780181884766,17.081544876098633,16.738197326660156,16.93132972717285,3605162
2009-08-11,15.09188461303711,17.08869743347168,17.246065139770508,16.795421600341797,16.959943771362305,4760330
2009-08-12,15.401421546936035,17.439199447631836,17.682403564453125,17.103004455566406,17.138769149780273,4757254
2009-08-13,15.534085273742676,17.589412689208984,17.739627838134766,17.42489242553711,17.553647994995117,3019960
2009-08-14,15.186638832092285,17.195993423461914,17.689556121826172,16.9742488861084,17.57510757446289,4312970
2009-08-17,14.883410453796387,16.85264778137207,17.103004455566406,16.652360916137695,17.081544876098633,5681192
2009-08-18,16.052099227905273,18.175966262817383,18.597997665405273,17.281831741333008,17.539342880249023,18696992
2009-08-19,15.951024055480957,18.06151580810547,18.161659240722656,17.868383407592773,17.989986419677734,7608895
2009-08-20,15.995244979858398,18.111587524414062,18.190271377563477,17.96852684020996,17.982833862304688,4521412
2009-08-21,16.140541076660156,18.27610969543457,18.319026947021484,18.040056228637695,18.311874389648438,4859308
2009-08-24,16.10895538330078,18.24034309387207,18.412017822265625,18.11874008178711,18.340486526489258,3110270
2009-08-25,16.007875442504883,18.12589454650879,18.383405685424805,18.047210693359375,18.24034309387207,4318702
2009-08-26,16.096324920654297,18.226036071777344,18.340486526489258,17.989986419677734,18.197425842285156,4660233
2009-08-27,16.13422966003418,18.26895523071289,18.290414810180664,18.047210693359375,18.24034309387207,9810745
2009-08-28,16.317420959472656,18.476394653320312,18.63376235961914,18.333332061767578,18.36194610595703,5549361
2009-08-31,16.222660064697266,18.369098663330078,18.412017822265625,18.104434967041016,18.204578399658203,7138887
2009-09-01,16.33006477355957,18.49070167541504,18.834049224853516,18.226036071777344,18.247495651245117,9285935
2009-09-02,15.932071685791016,18.040056228637695,18.5765380859375,17.854076385498047,18.5765380859375,9033177
2009-09-03,15.976289749145508,18.090129852294922,18.26895523071289,17.8826904296875,18.218883514404297,6482526
2009-09-04,16.33637809753418,18.497854232788086,18.540773391723633,17.989986419677734,18.14735221862793,4551469
2009-09-08,16.683822631835938,18.891273498535156,18.898426055908203,18.46208953857422,18.497854232788086,5757803
2009-09-09,17.15129280090332,19.42060089111328,19.4492130279541,18.712446212768555,18.81974220275879,5139747
2009-09-10,17.59981918334961,19.928468704223633,19.94277572631836,19.2703857421875,19.370529174804688,6009722
2009-09-11,17.719852447509766,20.06437873840332,20.143062591552734,19.84978485107422,19.94277572631836,6138338
2009-09-14,17.751432418823242,20.100143432617188,20.157367706298828,19.771102905273438,19.928468704223633,4913131
2009-09-15,17.89041519165039,20.257511138916016,20.30042839050293,19.778255462646484,19.778255462646484,4638704
2009-09-16,18.086254119873047,20.47925567626953,20.57939910888672,20.264663696289062,20.264663696289062,4520014
2009-09-17,17.99781036376953,20.379112243652344,20.61516571044922,20.157367706298828,20.45064353942871,5478762
2009-09-18,17.9219970703125,20.293275833129883,20.5507869720459,19.899856567382812,20.522174835205078,6202507
2009-09-21,18.19995880126953,20.60801124572754,21.015737533569336,20.472103118896484,20.5507869720459,7854943
2009-09-22,18.023073196411133,20.407724380493164,20.715307235717773,20.30758285522461,20.715307235717773,6613658
2009-09-23,17.858829498291016,20.221744537353516,20.622318267822266,20.135908126831055,20.45064353942871,6227810
2009-09-24,17.580867767333984,19.90700912475586,20.350500106811523,19.72818374633789,20.30042839050293,4159190
2009-09-25,17.422945022583008,19.72818374633789,19.91416358947754,19.656652450561523,19.864091873168945,5157502
2009-09-28,17.618772506713867,19.949928283691406,20.193132400512695,19.66380500793457,19.806867599487305,2935940
2009-09-29,17.625091552734375,19.957082748413086,20.121601104736328,19.8211727142334,19.88555145263672,4369449
2009-09-30,17.580867767333984,19.90700912475586,20.078683853149414,19.678112030029297,20.02861213684082,6334058
2009-10-01,16.810165405273438,19.034334182739258,19.542203903198242,18.81974220275879,19.048641204833984,7631123
2009-10-02,16.620643615722656,18.81974220275879,18.934192657470703,18.562231063842773,18.891273498535156,4997011
2009-10-05,16.942834854125977,19.18454933166504,19.298999786376953,18.748212814331055,18.805435180664062,4461298
2009-10-06,17.195528030395508,19.470672607421875,19.649499893188477,19.256080627441406,19.434907913208008,4036585
2009-10-07,17.119705200195312,19.38483428955078,19.45636558532715,19.234621047973633,19.36337661743164,2222261
2009-10-08,17.309226989746094,19.599428176879883,19.84978485107422,19.535049438476562,19.67095947265625,4704969
2009-10-09,17.353458404541016,19.649499893188477,19.69957160949707,19.57081413269043,19.592275619506836,2916647
2009-10-12,17.34713363647461,19.642345428466797,19.8211727142334,19.54935646057129,19.735336303710938,2649350
2009-10-13,17.239742279052734,19.52074432373047,19.69241714477539,19.42060089111328,19.60658073425293,1988935
2009-10-14,17.429248809814453,19.735336303710938,19.835479736328125,19.649499893188477,19.799713134765625,3873299
2009-10-15,17.44820785522461,19.75679588317871,19.792560577392578,19.599428176879883,19.66380500793457,3953125
2009-10-16,17.189212799072266,19.463518142700195,19.66380500793457,19.2703857421875,19.613733291625977,4231327
2009-10-19,17.309226989746094,19.599428176879883,19.706724166870117,19.36337661743164,19.556509017944336,2850103
2009-10-20,16.721725463867188,18.934192657470703,19.585121154785156,18.85550880432129,19.535049438476562,5498614
2009-10-21,16.980731964111328,19.227468490600586,19.499284744262695,18.898426055908203,18.948497772216797,6195237
2009-10-22,16.974411010742188,19.22031593322754,19.38483428955078,18.841201782226562,19.38483428955078,3867287
2009-10-23,16.55116081237793,18.741058349609375,19.45636558532715,18.626609802246094,19.45636558532715,3930197
2009-10-26,16.241619110107422,18.39055824279785,19.098712921142578,18.369098663330078,18.733905792236328,4062169
2009-10-27,16.254243850708008,18.404863357543945,18.63376235961914,18.26895523071289,18.383405685424805,4801990
2009-10-28,15.995244979858398,18.111587524414062,18.39055824279785,18.0257511138916,18.283262252807617,5502248
2009-10-29,16.254243850708008,18.404863357543945,18.533618927001953,18.133047103881836,18.233190536499023,3485773
2009-10-30,15.628844261169434,17.69671058654785,18.46208953857422,17.60371971130371,18.39055824279785,7608335
2009-11-02,15.837312698364258,17.93276023864746,18.09728240966797,17.66094398498535,17.69671058654785,5675600
2009-11-03,15.812042236328125,17.90414810180664,18.018598556518555,17.7038631439209,17.896995544433594,3225885
2009-11-04,15.824677467346191,17.918455123901367,18.29756736755371,17.8826904296875,17.982833862304688,4399226
2009-11-05,16.506942749023438,18.69098663330078,18.733905792236328,18.09728240966797,18.111587524414062,3690720
2009-11-06,16.532207489013672,18.7195987701416,18.94134521484375,18.555078506469727,18.94134521484375,3416013
2009-11-09,17.031272888183594,19.284692764282227,19.284692764282227,18.84835433959961,18.90557861328125,2661512
2009-11-10,17.05653953552246,19.313304901123047,19.45636558532715,19.163089752197266,19.320457458496094,3696731
2009-11-11,17.34713363647461,19.642345428466797,19.642345428466797,19.327611923217773,19.542203903198242,4522250
2009-11-12,17.32818031311035,19.620887756347656,19.806867599487305,19.513591766357422,19.75679588317871,4887688
2009-11-13,18.073617935180664,20.464950561523438,20.66523551940918,19.84978485107422,20.007152557373047,8756233
2009-11-16,18.553720474243164,21.008583068847656,21.101573944091797,20.100143432617188,20.207439422607422,6200969
2009-11-17,18.717975616455078,21.194564819335938,21.251787185668945,20.77968406677246,20.77968406677246,4435435
2009-11-18,18.610578536987305,21.072961807250977,21.101573944091797,20.84406280517578,21.09442138671875,3923906
2009-11-19,18.402109146118164,20.836910247802734,21.00143051147461,20.50786781311035,20.808298110961914,3094473
2009-11-20,18.26313018798828,20.679542541503906,20.77968406677246,20.50786781311035,20.701000213623047,2765244
2009-11-23,18.496871948242188,20.94420623779297,21.12303352355957,20.81545066833496,20.97281837463379,2347382
2009-11-24,18.471595764160156,20.91559410095215,20.97281837463379,20.658082962036133,20.97281837463379,2167319
2009-11-25,18.66111183166504,21.130186080932617,21.130186080932617,20.886980056762695,20.886980056762695,2104689
2009-11-27,18.225231170654297,20.63662338256836,20.808298110961914,20.035764694213867,20.357654571533203,1289655
2009-11-30,18.269454956054688,20.686695098876953,20.708154678344727,20.42918586730957,20.586551666259766,3572170
2009-12-01,18.597946166992188,21.05865478515625,21.09442138671875,20.801143646240234,20.81545066833496,3171503
2009-12-02,18.629531860351562,21.09442138671875,21.23748207092285,20.994277954101562,21.101573944091797,3675901
2009-12-03,18.762191772460938,21.2446346282959,21.502145767211914,21.101573944091797,21.101573944091797,5010013
2009-12-04,18.86326789855957,21.35908317565918,21.802574157714844,21.065807342529297,21.459226608276367,4944726
2009-12-07,18.87590217590332,21.373390197753906,21.45207405090332,21.216022491455078,21.230329513549805,4039521
2009-12-08,18.692707061767578,21.165950775146484,21.294706344604492,20.901287078857422,21.14449119567871,2677729
2009-12-09,18.477916717529297,20.922746658325195,21.130186080932617,20.7296142578125,21.130186080932617,4349597
2009-12-10,18.755870819091797,21.23748207092285,21.416309356689453,21.015737533569336,21.065807342529297,2565889
2009-12-11,18.724294662475586,21.201717376708984,21.373390197753906,21.14449119567871,21.2804012298584,1967825
2009-12-14,18.932769775390625,21.437768936157227,21.459226608276367,21.258941650390625,21.30901336669922,1865212
2009-12-15,18.88853645324707,21.387697219848633,21.51645278930664,21.2446346282959,21.36623764038086,2617056
2009-12-16,18.80641746520996,21.294706344604492,21.51645278930664,21.223175048828125,21.459226608276367,2867018
2009-12-17,18.597946166992188,21.05865478515625,21.287553787231445,20.987123489379883,21.065807342529297,2699119
2009-12-18,18.572673797607422,21.03004264831543,21.33762550354004,20.9084415435791,21.130186080932617,4618293
2009-12-21,18.89485740661621,21.39484977722168,21.416309356689453,20.958511352539062,21.17310333251953,4401743
2009-12-22,19.065414428710938,21.587982177734375,21.688125610351562,21.330472946166992,21.39484977722168,3469696
2009-12-23,19.141225814819336,21.67382049560547,21.745351791381836,21.566524505615234,21.6022891998291,3101323
2009-12-24,19.160171508789062,21.69527816772461,21.738197326660156,21.6022891998291,21.652360916137695,1058006
2009-12-28,19.20440101623535,21.745351791381836,21.773963928222656,21.623748779296875,21.69527816772461,2347661
2009-12-29,19.160171508789062,21.69527816772461,21.795421600341797,21.616594314575195,21.752504348754883,4343866
2009-12-30,19.6466064453125,22.246065139770508,22.346208572387695,21.402002334594727,21.53791046142578,5585010
2009-12-31,19.627660751342773,22.224607467651367,22.725322723388672,22.12446403503418,22.203147888183594,5224606
2010-01-04,19.7729549407959,22.389127731323242,22.625179290771484,22.26752471923828,22.45350456237793,3815561
2010-01-05,19.55816650390625,22.145923614501953,22.3319034576416,22.00286102294922,22.324750900268555,4186031
2010-01-06,19.488683700561523,22.06723976135254,22.174535751342773,22.00286102294922,22.06723976135254,3243779
2010-01-07,19.463409423828125,22.03862762451172,22.045780181884766,21.81688117980957,22.017166137695312,3095172
2010-01-08,19.457090377807617,22.03147315979004,22.06723976135254,21.745351791381836,21.917024612426758,3733918
2010-01-11,19.469724655151367,22.045780181884766,22.21030044555664,21.93848419189453,22.08869743347168,4781579
2010-01-12,19.235984802246094,21.781116485595703,21.924177169799805,21.616594314575195,21.859800338745117,2871073
2010-01-13,19.387598037719727,21.952789306640625,22.017166137695312,21.494993209838867,21.795421600341797,3418949
2010-01-14,19.678199768066406,22.281831741333008,22.346208572387695,21.81688117980957,21.88125991821289,6163782
2010-01-15,19.223352432250977,21.766809463500977,22.43204689025879,21.69527816772461,22.3319034576416,4626681
2010-01-19,19.457090377807617,22.03147315979004,22.052932739257812,21.709585189819336,21.716737747192383,3563642
2010-01-20,19.349700927734375,21.909870147705078,21.93848419189453,21.595136642456055,21.838340759277344,4589075
2010-01-21,19.280202865600586,21.831186294555664,22.253219604492188,21.587982177734375,22.174535751342773,6081440
2010-01-22,18.4273738861084,20.865522384643555,21.709585189819336,20.808298110961914,21.709585189819336,4263061
2010-01-25,18.60426139831543,21.065807342529297,21.20886993408203,20.9084415435791,21.044349670410156,3608518
2010-01-26,18.503183364868164,20.951358795166016,21.101573944091797,20.7296142578125,21.008583068847656,2696882
2010-01-27,18.4273738861084,20.865522384643555,20.951358795166016,20.5507869720459,20.886980056762695,4362179
2010-01-28,18.1241512298584,20.522174835205078,21.008583068847656,20.379112243652344,20.836910247802734,4937177
2010-01-29,17.70721435546875,20.050071716308594,20.865522384643555,19.97138786315918,20.69384765625,5923046
2010-02-01,18.402109146118164,20.836910247802734,20.97281837463379,20.121601104736328,20.143062591552734,5585429
2010-02-02,18.63585090637207,21.101573944091797,21.165950775146484,20.808298110961914,20.901287078857422,5884741
2010-02-03,18.66111183166504,21.130186080932617,21.380544662475586,21.00143051147461,21.022890090942383,6085634
2010-02-04,18.364208221435547,20.793991088867188,21.065807342529297,20.701000213623047,20.958511352539062,6632392
2010-02-05,18.4273738861084,20.865522384643555,20.929899215698242,20.157367706298828,20.679542541503906,9546662
2010-02-08,18.44633674621582,20.886980056762695,21.230329513549805,20.836910247802734,20.894134521484375,6924154
2010-02-09,18.578996658325195,21.037195205688477,21.258941650390625,20.8726749420166,21.12303352355957,5150651
2010-02-10,18.477916717529297,20.922746658325195,21.09442138671875,20.658082962036133,21.072961807250977,3255523
2010-02-11,18.547412872314453,21.00143051147461,21.18025779724121,20.57939910888672,20.922746658325195,6982451
2010-02-12,18.939083099365234,21.444921493530273,21.988555908203125,21.15164566040039,21.924177169799805,11457868
2010-02-16,19.109636306762695,21.63805389404297,21.70243263244629,21.437768936157227,21.630901336669922,6559556
2010-02-17,19.349700927734375,21.909870147705078,21.988555908203125,21.552217483520508,21.716737747192383,4891183
2010-02-18,19.570804595947266,22.160228729248047,22.174535751342773,21.773963928222656,21.866952896118164,3313959
2010-02-19,19.709779739379883,22.317596435546875,22.36766815185547,21.90271759033203,22.06008529663086,4186171
2010-02-22,19.678199768066406,22.281831741333008,22.381973266601562,22.06723976135254,22.381973266601562,4038123
2010-02-23,19.488683700561523,22.06723976135254,22.288984298706055,21.838340759277344,22.23891258239746,4366373
2010-02-24,19.728736877441406,22.33905601501465,22.346208572387695,22.074392318725586,22.153076171875,3945855
2010-02-25,19.640291213989258,22.23891258239746,22.26752471923828,21.623748779296875,22.06008529663086,4778504
2010-02-26,19.874027252197266,22.503576278686523,22.54649543762207,22.160228729248047,22.2961368560791,4678127
2010-03-01,20.27201271057129,22.954219818115234,22.982833862304688,22.48211669921875,22.48211669921875,4723562
2010-03-02,20.442575454711914,23.14735221862793,23.27610969543457,22.78254508972168,22.889842987060547,6018250
2010-03-03,20.493120193481445,23.204578399658203,23.27610969543457,23.104434967041016,23.190271377563477,6419616
2010-03-04,20.37940788269043,23.075822830200195,23.218883514404297,22.775392532348633,23.218883514404297,6100173
2010-03-05,20.947954177856445,23.7195987701416,23.783977508544922,23.340486526489258,23.48354721069336,7695291
2010-03-08,20.846881866455078,23.60515022277832,23.712446212768555,23.476394653320312,23.683834075927734,7017820
2010-03-09,21.0174503326416,23.798282623291016,23.841201782226562,23.51215934753418,23.555078506469727,7083386
2010-03-10,21.26381492614746,24.077253341674805,24.141630172729492,23.669527053833008,23.748212814331055,4696721
2010-03-11,21.21328353881836,24.020029067993164,24.034334182739258,23.783977508544922,23.87696647644043,3942360
2010-03-12,21.112199783325195,23.90557861328125,24.15593719482422,23.841201782226562,24.048641204833984,4015755
2010-03-15,21.042715072631836,23.82689666748047,23.962804794311523,23.63376235961914,23.834049224853516,3619282
2010-03-16,21.112199783325195,23.90557861328125,24.020029067993164,23.76251792907715,23.88412094116211,3285999
2010-03-17,21.086938858032227,23.87696647644043,24.062946319580078,23.834049224853516,23.919885635375977,3926003
2010-03-18,21.137479782104492,23.934192657470703,24.020029067993164,23.7195987701416,23.81974220275879,4494710
2010-03-19,21.112199783325195,23.90557861328125,24.077253341674805,23.698139190673828,23.90557861328125,5882504
2010-03-22,21.301725387573242,24.12017250061035,24.198856353759766,23.669527053833008,23.79113006591797,3946694
2010-03-23,21.548095703125,24.399141311645508,24.470672607421875,24.077253341674805,24.163089752197266,5195807
2010-03-24,21.41543197631836,24.248926162719727,24.399141311645508,24.22031593322754,24.30615234375,3791516
2010-03-25,21.8260555267334,24.713876724243164,24.856937408447266,24.370529174804688,24.39198875427246,6941350
2010-03-26,21.6744441986084,24.542203903198242,24.8211727142334,24.399141311645508,24.78540802001953,4705808
2010-03-29,21.731298446655273,24.60658073425293,24.8211727142334,24.52074432373047,24.542203903198242,5377687
2010-03-30,21.870271682739258,24.763948440551758,24.8211727142334,24.642345428466797,24.649499893188477,5980364
2010-03-31,21.7249813079834,24.599428176879883,24.735336303710938,24.527896881103516,24.713876724243164,5293387
2010-04-01,21.8260555267334,24.713876724243164,24.94277572631836,24.499284744262695,24.706724166870117,3105098
2010-04-05,21.996612548828125,24.90700912475586,24.921316146850586,24.706724166870117,24.742488861083984,3731961
2010-04-06,21.832365036010742,24.72102928161621,24.81402015686035,24.620887756347656,24.778255462646484,3499054
2010-04-07,21.661806106567383,24.527896881103516,24.713876724243164,24.413448333740234,24.656652450561523,3269503
2010-04-08,21.472288131713867,24.313304901123047,24.427753448486328,23.99856948852539,24.39198875427246,4199872
2010-04-09,21.623912811279297,24.4849796295166,24.4849796295166,24.227468490600586,24.349069595336914,3908668
2010-04-12,21.61126708984375,24.470672607421875,24.556509017944336,24.349069595336914,24.470672607421875,4134585
2010-04-13,21.41543197631836,24.248926162719727,24.4849796295166,24.234621047973633,24.427753448486328,3616486
2010-04-14,21.737607955932617,24.613733291625977,24.74964141845703,24.277538299560547,24.277538299560547,11638210
2010-04-15,22.508310317993164,25.486408233642578,25.686695098876953,24.477825164794922,24.642345428466797,12788624
2010-04-16,22.280887603759766,25.228897094726562,25.679542541503906,25.08583641052246,25.42203140258789,8066180
2010-04-19,22.21140480041504,25.15021514892578,25.350500106811523,24.78540802001953,25.27897071838379,4006388
2010-04-20,22.925247192382812,25.958511352539062,26.087268829345703,25.30758285522461,25.30758285522461,6989860
2010-04-21,22.824172973632812,25.84406280517578,26.03004264831543,25.600858688354492,25.87982749938965,3142424
2010-04-22,23.0200138092041,26.065807342529297,26.09442138671875,25.228897094726562,25.60801124572754,4662050
2010-04-23,23.14635467529297,26.20886993408203,26.23748207092285,25.822603225708008,26.03004264831543,3653673
2010-04-26,23.260072708129883,26.33762550354004,26.459226608276367,26.087268829345703,26.230329513549805,3953544
2010-04-27,22.881031036376953,25.9084415435791,26.437768936157227,25.84406280517578,26.18025779724121,6097377
2010-04-28,23.14635467529297,26.20886993408203,26.35908317565918,26.037195205688477,26.087268829345703,4384408
2010-04-29,23.51907730102539,26.630901336669922,26.752504348754883,26.36623764038086,26.416309356689453,3237349
2010-04-30,22.906295776367188,25.937053680419922,26.773963928222656,25.91559410095215,26.645206451416016,4195678
2010-05-03,23.228479385375977,26.301860809326172,26.387697219848633,26.015737533569336,26.108726501464844,2599162
2010-05-04,22.337743759155273,25.293275833129883,26.008583068847656,25.121601104736328,26.008583068847656,4539446
2010-05-05,21.958721160888672,24.864091873168945,25.257511138916016,24.642345428466797,24.978540420532227,4609905
2010-05-06,21.023761749267578,23.805435180664062,24.90700912475586,21.93132972717285,24.69241714477539,9026606
2010-05-07,20.13304328918457,22.796852111816406,23.805435180664062,22.532188415527344,23.669527053833008,11155061
2010-05-10,21.5986328125,24.45636558532715,24.477825164794922,23.597997665405273,23.733905792236328,5671826
2010-05-11,21.5228271484375,24.370529174804688,24.69241714477539,23.94134521484375,24.0915584564209,4720207
2010-05-12,21.990304946899414,24.899856567382812,25.02861213684082,24.413448333740234,24.434907913208008,3972836
2010-05-13,21.971345901489258,24.878398895263672,25.24320411682129,24.628040313720703,24.91416358947754,6149942
2010-05-14,21.39017105102539,24.22031593322754,24.828325271606445,23.919885635375977,24.599428176879883,4725659
2010-05-17,21.5986328125,24.45636558532715,24.678112030029297,24.02718162536621,24.33476448059082,5824767
2010-05-18,20.259384155273438,22.93991470336914,24.35622215270996,22.768239974975586,24.320457458496094,16516531
2010-05-19,20.58788299560547,23.311874389648438,23.42632293701172,22.889842987060547,22.896995544433594,7204174
2010-05-20,19.60869789123535,22.203147888183594,22.846923828125,22.174535751342773,22.69671058654785,6588634
2010-05-21,19.7982234954834,22.417739868164062,22.739627838134766,21.587982177734375,21.688125610351562,8263858
2010-05-24,19.836124420166016,22.460657119750977,22.618026733398438,22.160228729248047,22.346208572387695,5286956
2010-05-25,19.73504638671875,22.346208572387695,22.353361129760742,21.437768936157227,21.81688117980957,5348189
2010-05-26,19.892980575561523,22.525035858154297,23.06867027282715,22.439199447631836,22.539342880249023,5328896
2010-05-27,20.688949584960938,23.42632293701172,23.447782516479492,22.96852684020996,23.040056228637695,3739091
2010-05-28,20.442575454711914,23.14735221862793,23.497854232788086,23.004291534423828,23.433475494384766,3430692
2010-06-01,19.886661529541016,22.51788330078125,23.15450668334961,22.474964141845703,22.954219818115234,3883085
2010-06-02,20.35413932800293,23.047210693359375,23.047210693359375,22.360515594482422,22.675249099731445,3572170
2010-06-03,20.467851638793945,23.175966262817383,23.283262252807617,22.854076385498047,23.133047103881836,3770965
2010-06-04,19.1664981842041,21.70243263244629,22.682403564453125,21.60944175720215,22.610872268676758,6045931
2010-06-07,19.014883041381836,21.530757904052734,21.952789306640625,21.50929832458496,21.838340759277344,5700625
2010-06-08,18.85063934326172,21.344778060913086,21.72389030456543,20.965665817260742,21.587982177734375,8392054
2010-06-09,18.64848518371582,21.11587905883789,21.795421600341797,21.03004264831543,21.444921493530273,6052082
2010-06-10,19.235984802246094,21.781116485595703,21.802574157714844,21.294706344604492,21.473533630371094,4699657
2010-06-11,19.412878036499023,21.981401443481445,22.017166137695312,21.494993209838867,21.494993209838867,2706528
2010-06-14,19.874027252197266,22.503576278686523,22.889842987060547,22.145923614501953,22.274677276611328,5820992
2010-06-15,20.341501235961914,23.03290367126465,23.047210693359375,22.56795310974121,22.746780395507812,3576503
2010-06-16,20.61314582824707,23.340486526489258,23.447782516479492,22.739627838134766,22.8826904296875,4280816
2010-06-17,20.51206398010254,23.226036071777344,23.46208953857422,22.90414810180664,23.46208953857422,3175138
2010-06-18,20.60051155090332,23.32617950439453,23.562231063842773,23.175966262817383,23.283262252807617,3728326
2010-06-21,20.48680305480957,23.197425842285156,23.869813919067383,23.047210693359375,23.648069381713867,4096000
2010-06-22,20.227792739868164,22.90414810180664,23.54792594909668,22.8826904296875,23.18311882019043,2854856
2010-06-23,20.196208953857422,22.868383407592773,23.12589454650879,22.51788330078125,22.947067260742188,3223229
2010-06-24,19.431821823120117,22.00286102294922,22.832618713378906,21.917024612426758,22.69671058654785,5806453
2010-06-25,19.387598037719727,21.952789306640625,22.195993423461914,21.773963928222656,22.1173095703125,5359792
2010-06-28,19.31810760498047,21.87410545349121,22.074392318725586,21.666667938232422,21.909870147705078,3104399
2010-06-29,18.452655792236328,20.894134521484375,21.595136642456055,20.736766815185547,21.48068618774414,6626240
2010-06-30,17.959911346435547,20.33619499206543,21.09442138671875,20.257511138916016,20.858369827270508,5267804
2010-07-01,17.86514663696289,20.228897094726562,20.464950561523438,19.628040313720703,20.386266708374023,6993495
2010-07-02,17.555599212646484,19.878398895263672,20.30758285522461,19.735336303710938,20.286123275756836,4633951
2010-07-06,17.530330657958984,19.84978485107422,20.436338424682617,19.69241714477539,20.27897071838379,5281924
2010-07-07,18.048349380493164,20.436338424682617,20.486408233642578,19.828325271606445,19.878398895263672,4614518
2010-07-08,18.19995880126953,20.60801124572754,20.708154678344727,20.30042839050293,20.57939910888672,5118078
2010-07-09,18.0988826751709,20.493562698364258,20.708154678344727,20.350500106811523,20.658082962036133,3316615
2010-07-12,17.81460952758789,20.171674728393555,20.54363441467285,20.050071716308594,20.39341926574707,5240123
2010-07-13,18.162050247192383,20.565092086791992,20.708154678344727,20.32904052734375,20.36480712890625,5721874
2010-07-14,18.1241512298584,20.522174835205078,20.922746658325195,20.443490982055664,20.472103118896484,5884462
2010-07-15,17.94095230102539,20.314735412597656,20.5507869720459,20.121601104736328,20.472103118896484,5779052
2010-07-16,17.07548713684082,19.33476448059082,20.236051559448242,19.291845321655273,20.171674728393555,8874364
2010-07-19,17.397668838500977,19.69957160949707,19.8211727142334,19.36337661743164,19.52074432373047,7919530
2010-07-20,17.385038375854492,19.685264587402344,19.706724166870117,19.1273250579834,19.33476448059082,6096818
2010-07-21,17.422945022583008,19.72818374633789,20.171674728393555,19.60658073425293,19.799713134765625,6225154
2010-07-22,18.143115997314453,20.54363441467285,20.650930404663086,19.992847442626953,19.992847442626953,5102001
2010-07-23,18.509506225585938,20.958511352539062,21.037195205688477,20.350500106811523,20.42918586730957,5194129
2010-07-26,18.724294662475586,21.201717376708984,21.223175048828125,20.822603225708008,20.901287078857422,2971729
2010-07-27,18.23786735534668,20.650930404663086,21.266094207763672,20.60801124572754,21.266094207763672,4670858
2010-07-28,18.181011199951172,20.586551666259766,20.937053680419922,20.557939529418945,20.593704223632812,4355749
2010-07-29,17.78301429748535,20.135908126831055,20.851215362548828,19.871244430541992,20.722461700439453,6163223
2010-07-30,17.644046783447266,19.978540420532227,20.15021514892578,19.78540802001953,19.871244430541992,5164771
2010-08-02,18.206281661987305,20.61516571044922,20.722461700439453,20.171674728393555,20.27897071838379,4052383
2010-08-03,17.587186813354492,19.91416358947754,20.5507869720459,19.88555145263672,20.464950561523438,5927800
2010-08-04,17.8714599609375,20.236051559448242,20.27897071838379,19.84978485107422,19.928468704223633,3288935
2010-08-05,17.978858947753906,20.357654571533203,20.47925567626953,20.0,20.050071716308594,2891483
2010-08-06,18.1494197845459,20.5507869720459,20.565092086791992,20.078683853149414,20.157367706298828,4722164
2010-08-09,18.837993621826172,21.330472946166992,21.36623764038086,20.650930404663086,20.686695098876953,5157222
2010-08-10,18.610578536987305,21.072961807250977,21.230329513549805,20.836910247802734,21.05865478515625,4874407
2010-08-11,17.827245712280273,20.18597984313965,20.672388076782227,20.014305114746094,20.64377784729004,3952426
2010-08-12,17.391342163085938,19.69241714477539,19.871244430541992,19.60658073425293,19.778255462646484,4552867
2010-08-13,17.277650833129883,19.563661575317383,19.921316146850586,19.527896881103516,19.592275619506836,3420906
2010-08-16,17.157608032226562,19.427753448486328,19.799713134765625,19.313304901123047,19.39198875427246,4635908
2010-08-17,18.496871948242188,20.94420623779297,21.12303352355957,20.32904052734375,20.565092086791992,10206518
2010-08-18,18.597946166992188,21.05865478515625,21.216022491455078,20.793991088867188,20.979970932006836,4255512
2010-08-19,18.02939796447754,20.414878845214844,20.929899215698242,20.18597984313965,20.922746658325195,4729853
2010-08-20,18.042034149169922,20.42918586730957,20.500715255737305,20.021459579467773,20.21459197998047,4716712
2010-08-23,17.662992477416992,20.0,20.593704223632812,19.97138786315918,20.557939529418945,4365674
2010-08-24,17.28396224975586,19.57081413269043,19.792560577392578,19.377681732177734,19.685264587402344,4102850
2010-08-25,17.492427825927734,19.806867599487305,19.90700912475586,19.08440589904785,19.413448333740234,6108701
2010-08-26,17.378721237182617,19.678112030029297,20.121601104736328,19.66380500793457,19.94277572631836,4125778
2010-08-27,17.662992477416992,20.0,20.06437873840332,19.33476448059082,19.806867599487305,4677708
2010-08-30,17.48611831665039,19.799713134765625,20.157367706298828,19.799713134765625,19.864091873168945,3624874
2010-08-31,17.03758430480957,19.291845321655273,19.742488861083984,19.134477615356445,19.72102928161621,7467417
2010-09-01,17.8714599609375,20.236051559448242,20.350500106811523,19.620887756347656,19.63519287109375,5088580
2010-09-02,18.452655792236328,20.894134521484375,20.922746658325195,20.27897071838379,20.36480712890625,3802979
2010-09-03,18.85694694519043,21.351930618286133,21.45207405090332,21.09442138671875,21.09442138671875,3164932
2010-09-07,18.313669204711914,20.736766815185547,21.251787185668945,20.708154678344727,21.23748207092285,3085805
2010-09-08,18.218915939331055,20.629470825195312,20.91559410095215,20.593704223632812,20.801143646240234,3923627
2010-09-09,18.275772094726562,20.69384765625,21.022890090942383,20.686695098876953,20.922746658325195,2937198
2010-09-10,18.26313018798828,20.679542541503906,20.8726749420166,20.54363441467285,20.708154678344727,2481031
2010-09-13,18.402109146118164,20.836910247802734,21.072961807250977,20.708154678344727,20.9084415435791,4135424
2010-09-14,18.4273738861084,20.865522384643555,21.00143051147461,20.493562698364258,20.75822639465332,3676740
2010-09-15,18.578996658325195,21.037195205688477,21.18025779724121,20.565092086791992,20.851215362548828,5233972
2010-09-16,18.97698402404785,21.48784065246582,21.6022891998291,20.929899215698242,20.987123489379883,6245285
2010-09-17,19.299161911010742,21.85264778137207,22.12446403503418,21.60944175720215,21.688125610351562,6663148
2010-09-20,19.60238265991211,22.195993423461914,22.274677276611328,21.866952896118164,22.017166137695312,5145479
2010-09-21,19.678199768066406,22.281831741333008,22.389127731323242,22.024320602416992,22.160228729248047,4078525
2010-09-22,19.431821823120117,22.00286102294922,22.417739868164062,21.995708465576172,22.160228729248047,5396560
2010-09-23,19.305484771728516,21.859800338745117,22.110157012939453,21.709585189819336,21.809728622436523,3913841
2010-09-24,20.27201271057129,22.954219818115234,23.004291534423828,22.153076171875,22.153076171875,5083967
2010-09-27,20.215152740478516,22.889842987060547,22.989986419677734,22.66094398498535,22.93991470336914,3866868
2010-09-28,20.42995262145996,23.133047103881836,23.204578399658203,22.682403564453125,22.861230850219727,3996742
2010-09-29,20.581558227539062,23.30472183227539,23.36194610595703,22.96137237548828,22.96137237548828,4729015
2010-09-30,21.08061981201172,23.869813919067383,23.991416931152344,23.347639083862305,23.440628051757812,8493689
2010-10-01,21.308046340942383,24.1273250579834,24.52074432373047,23.88412094116211,24.098712921142578,8238554
2010-10-04,20.58788299560547,23.311874389648438,24.041488647460938,23.161659240722656,24.005722045898438,6835801
2010-10-05,20.872146606445312,23.63376235961914,23.88412094116211,23.505006790161133,23.569385528564453,5904733
2010-10-06,20.638410568237305,23.369098663330078,23.69098663330078,23.09728240966797,23.619455337524414,4522250
2010-10-07,20.97323226928711,23.748212814331055,23.977109909057617,23.49070167541504,23.555078506469727,5224606
2010-10-08,21.35226821899414,24.177396774291992,24.263233184814453,23.597997665405273,23.7553653717041,4003033
2010-10-11,21.320676803588867,24.141630172729492,24.298999786376953,23.99856948852539,24.15593719482422,2680246
2010-10-12,21.276453018188477,24.0915584564209,24.263233184814453,23.812589645385742,24.041488647460938,4812196
2010-10-13,21.6744441986084,24.542203903198242,24.66380500793457,24.248926162719727,24.284692764282227,4471503
2010-10-14,21.623912811279297,24.4849796295166,24.57081413269043,24.341917037963867,24.52074432373047,4072514
2010-10-15,21.781831741333008,24.66380500793457,24.84978485107422,24.377681732177734,24.74964141845703,3888817
2010-10-18,21.895545959472656,24.792560577392578,24.871244430541992,24.413448333740234,24.67095947265625,2889666
2010-10-19,21.491247177124023,24.33476448059082,24.649499893188477,24.005722045898438,24.413448333740234,5580676
2010-10-20,21.895545959472656,24.792560577392578,24.928468704223633,24.38483428955078,24.42060089111328,3486612
2010-10-21,21.952392578125,24.856937408447266,25.035764694213867,24.620887756347656,24.88555145263672,4276622
2010-10-22,21.952392578125,24.856937408447266,24.978540420532227,24.69241714477539,24.84978485107422,3521422
2010-10-25,22.047157287597656,24.964235305786133,25.15021514892578,24.856937408447266,25.05722427368164,3706098
2010-10-26,21.98398208618164,24.892704010009766,25.035764694213867,24.60658073425293,24.771102905273438,4473740
2010-10-27,21.851327896118164,24.742488861083984,24.864091873168945,24.442060470581055,24.66380500793457,2316206
2010-10-28,22.059783935546875,24.978540420532227,25.27181625366211,24.620887756347656,25.128755569458008,3349608
2010-10-29,21.98398208618164,24.892704010009766,25.042917251586914,24.763948440551758,24.90700912475586,2703592
2010-11-01,21.952392578125,24.856937408447266,25.121601104736328,24.592275619506836,24.992847442626953,2885472
2010-11-02,22.148235321044922,25.078683853149414,25.171674728393555,24.878398895263672,25.021459579467773,2930068
2010-11-03,22.179819107055664,25.11444854736328,25.236051559448242,24.72102928161621,25.164520263671875,3352823
2010-11-04,22.735742568969727,25.743919372558594,25.77968406677246,25.32904052734375,25.39341926574707,3856663
2010-11-05,22.982107162475586,26.022890090942383,26.037195205688477,25.64377784729004,25.7296142578125,3263212
2010-11-08,22.855762481689453,25.87982749938965,26.022890090942383,25.63662338256836,25.858369827270508,2605732
2010-11-09,22.41355323791504,25.379112243652344,25.87982749938965,25.207439422607422,25.87982749938965,4461158
2010-11-10,22.27457618713379,25.221744537353516,25.50786781311035,24.957082748413086,25.36480712890625,4641220
2010-11-11,22.571495056152344,25.557939529418945,25.60801124572754,24.66380500793457,24.892704010009766,5294925
2010-11-12,22.96946907043457,26.008583068847656,26.859800338745117,25.400571823120117,25.679542541503906,9890570
2010-11-15,22.86839485168457,25.894134521484375,26.194564819335938,25.586551666259766,26.137338638305664,6752060
2010-11-16,22.135589599609375,25.06437873840332,25.64377784729004,24.892704010009766,25.61516571044922,6894796
2010-11-17,22.24298667907715,25.18597984313965,25.286123275756836,24.921316146850586,25.035764694213867,3886440
2010-11-18,22.887351989746094,25.91559410095215,26.037195205688477,25.407724380493164,25.493562698364258,4135144
2010-11-19,23.032634735107422,26.080114364624023,26.087268829345703,25.593704223632812,25.8726749420166,2985289
2010-11-22,22.91893768310547,25.951358795166016,26.158798217773438,25.60801124572754,25.858369827270508,3195828
2010-11-23,22.381967544555664,25.343347549438477,25.650930404663086,25.121601104736328,25.650930404663086,3200302
2010-11-24,22.95684051513672,25.994277954101562,26.05865478515625,25.42203140258789,25.47925567626953,3026530
2010-11-26,22.96315574645996,26.00143051147461,26.065807342529297,25.586551666259766,25.722461700439453,1094634
2010-11-29,22.52095603942871,25.500715255737305,25.75822639465332,25.257511138916016,25.715307235717773,4813034
2010-11-30,22.12296485900879,25.050071716308594,25.321887969970703,25.02861213684082,25.200286865234375,6086612
2010-12-01,22.81785774230957,25.836910247802734,25.858369827270508,25.472103118896484,25.500715255737305,5770804
2010-12-02,23.196897506713867,26.266094207763672,26.351930618286133,25.672388076782227,25.736766815185547,4237338
2010-12-03,23.67700958251953,26.809728622436523,26.888412475585938,26.09442138671875,26.108726501464844,4565449
2010-12-06,23.455902099609375,26.559371948242188,26.752504348754883,26.502145767211914,26.680973052978516,2309216
2010-12-07,23.74017906188965,26.88125991821289,27.09585189819336,26.824033737182617,26.888412475585938,5754727
2010-12-08,23.79071617126465,26.93848419189453,27.010013580322266,26.566524505615234,26.888412475585938,4697140
2010-12-09,24.03709602355957,27.21745491027832,27.224607467651367,27.017166137695312,27.074392318725586,4770395
2010-12-10,24.34662437438965,27.56795310974121,27.825464248657227,27.18168830871582,27.18168830871582,7753308
2010-12-13,24.447704315185547,27.682403564453125,27.96137237548828,27.417739868164062,27.56795310974121,6566406
2010-12-14,24.574054718017578,27.825464248657227,28.06151580810547,27.739627838134766,27.753934860229492,4478074
2010-12-15,24.308725357055664,27.525035858154297,28.03290367126465,27.510730743408203,27.90414810180664,4601797
2010-12-16,25.104698181152344,28.42632293701172,28.447782516479492,27.525035858154297,27.618026733398438,6021885
2010-12-17,25.610078811645508,28.99856948852539,29.320457458496094,28.319026947021484,28.440628051757812,9358631
2010-12-20,25.66693687438965,29.062946319580078,29.0915584564209,28.226036071777344,28.683834075927734,5625133
2010-12-21,25.79327964782715,29.206008911132812,29.370529174804688,28.984262466430664,29.077253341674805,5054189
2010-12-22,25.93857192993164,29.370529174804688,29.370529174804688,28.891273498535156,29.08440589904785,3849533
2010-12-23,25.94488525390625,29.377681732177734,29.556509017944336,29.263233184814453,29.263233184814453,2290483
2010-12-27,26.481853485107422,29.985694885253906,30.08583641052246,29.248926162719727,29.248926162719727,5207969
2010-12-28,26.222848892211914,29.69241714477539,30.100143432617188,29.60658073425293,29.992847442626953,4221960
2010-12-29,26.336559295654297,29.8211727142334,30.05722427368164,29.69241714477539,29.713876724243164,2677030
2010-12-30,26.273387908935547,29.74964141845703,29.93562126159668,29.649499893188477,29.78540802001953,2217228
2010-12-31,26.172311782836914,29.63519287109375,29.828325271606445,29.499284744262695,29.63519287109375,2050726
2011-01-03,26.456586837768555,29.957082748413086,30.143062591552734,29.620887756347656,29.72818374633789,4994075
2011-01-04,26.210208892822266,29.678112030029297,30.11444854736328,29.45636558532715,30.035764694213867,5017282
2011-01-05,26.153358459472656,29.613733291625977,29.84978485107422,29.327611923217773,29.513591766357422,4519035
2011-01-06,26.203899383544922,29.67095947265625,29.928468704223633,29.477825164794922,29.592275619506836,4699097
2011-01-07,26.292339324951172,29.771102905273438,29.899856567382812,29.35622215270996,29.69957160949707,3810948
2011-01-10,26.671371459960938,30.200286865234375,30.557939529418945,29.542203903198242,29.620887756347656,4397968
2011-01-11,27.1262149810791,30.715307235717773,30.979970932006836,30.314735412597656,30.414878845214844,4635069
2011-01-12,27.246232986450195,30.851215362548828,31.051502227783203,30.7296142578125,30.901287078857422,3443554
2011-01-13,27.145170211791992,30.736766815185547,30.922746658325195,30.66523551940918,30.672388076782227,2343747
2011-01-14,27.328369140625,30.94420623779297,31.022890090942383,30.586551666259766,30.60801124572754,3097549
2011-01-18,28.016944885253906,31.72389030456543,31.795421600341797,30.987123489379883,31.022890090942383,4168277
2011-01-19,26.804035186767578,30.350500106811523,31.680973052978516,30.236051559448242,31.630901336669922,6341747
2011-01-20,26.715595245361328,30.25035858154297,30.457796096801758,29.656652450561523,30.007152557373047,6814970
2011-01-21,26.601892471313477,30.121601104736328,30.94420623779297,30.06437873840332,30.400571823120117,4200431
2011-01-24,27.018823623657227,30.593704223632812,30.60801124572754,30.09299087524414,30.171674728393555,2890365
2011-01-25,26.96828269958496,30.536481857299805,31.130186080932617,30.24320411682129,30.593704223632812,4379654
2011-01-26,26.89247703552246,30.45064353942871,30.736766815185547,30.071531295776367,30.629470825195312,5490505
2011-01-27,26.816667556762695,30.36480712890625,30.822603225708008,30.30758285522461,30.593704223632812,4459201
2011-01-28,25.888036727905273,29.313304901123047,30.414878845214844,29.24177360534668,30.400571823120117,5074460
2011-01-31,26.42500114440918,29.921316146850586,29.921316146850586,29.248926162719727,29.477825164794922,5160018
2011-02-01,26.56398582458496,30.078683853149414,30.54363441467285,29.992847442626953,30.09299087524414,4736843
2011-02-02,26.04596710205078,29.49213218688965,29.978540420532227,29.198856353759766,29.864091873168945,5551178
2011-02-03,25.89436149597168,29.320457458496094,29.45636558532715,28.776824951171875,29.277538299560547,4924874
2011-02-04,27.157806396484375,30.751073837280273,30.851215362548828,29.284692764282227,29.406295776367188,7265126
2011-02-07,28.073801040649414,31.78826904296875,31.952789306640625,31.022890090942383,31.080114364624023,6388720
2011-02-08,27.903240203857422,31.595136642456055,31.981401443481445,31.351930618286133,31.93848419189453,5220971
2011-02-09,27.435766220092773,31.065807342529297,31.595136642456055,30.8726749420166,31.48068618774414,5283601
2011-02-10,27.795841217041016,31.473533630371094,31.48068618774414,30.45064353942871,30.91559410095215,4579568
2011-02-11,28.440204620361328,32.203147888183594,32.296138763427734,31.223175048828125,31.30901336669922,6201668
2011-02-14,28.2949161529541,32.03862762451172,32.4892692565918,31.988555908203125,32.1888427734375,4865320
2011-02-15,26.943012237548828,30.50786781311035,32.1888427734375,30.500715255737305,32.03862762451172,10243286
2011-02-16,27.524200439453125,31.165950775146484,31.187410354614258,30.54363441467285,30.686695098876953,5815400
2011-02-17,27.74530792236328,31.416309356689453,31.473533630371094,30.772531509399414,31.03004264831543,3665276
2011-02-18,27.74530792236328,31.416309356689453,31.680973052978516,31.223175048828125,31.36623764038086,6137639
2011-02-22,26.84193992614746,30.39341926574707,31.294706344604492,30.321887969970703,30.951358795166016,5792893
2011-02-23,25.553226470947266,28.934192657470703,30.57939910888672,28.569385528564453,30.443490982055664,9889732
2011-02-24,25.995431900024414,29.434907913208008,29.72102928161621,28.741058349609375,28.85550880432129,6228789
2011-02-25,26.759811401367188,30.30042839050293,30.33619499206543,29.42060089111328,29.470672607421875,6007765
2011-02-28,26.582931518554688,30.100143432617188,30.50786781311035,29.585121154785156,30.350500106811523,4292279
2011-03-01,25.69852638244629,29.098712921142578,30.39341926574707,29.077253341674805,30.02861213684082,5719777
2011-03-02,26.191268920898438,29.656652450561523,29.735336303710938,28.869813919067383,29.020029067993164,4721465
2011-03-03,27.05040740966797,30.629470825195312,30.858369827270508,30.128755569458008,30.128755569458008,6092484
2011-03-04,29.5330867767334,33.44062805175781,33.48354721069336,31.008583068847656,31.008583068847656,18664139
2011-03-07,28.977157592773438,32.8111572265625,33.47639465332031,32.46065902709961,33.09012985229492,10355405
2011-03-08,29.040334701538086,32.8826904296875,33.05436325073242,32.67525100708008,32.91130065917969,5445350
2011-03-09,29.09087562561035,32.93991470336914,32.93991470336914,31.90271759033203,32.65378952026367,4869653
2011-03-10,28.35175895690918,32.103004455566406,32.69670867919922,31.988555908203125,32.44635009765625,6788269
2011-03-11,28.64235496520996,32.432044982910156,32.54649353027344,31.402002334594727,32.238914489746094,6208798
2011-03-14,28.326486587524414,32.07439041137695,32.48211669921875,31.552217483520508,32.25321960449219,7917853
2011-03-15,27.68213653564453,31.344778060913086,31.595136642456055,30.457796096801758,31.008583068847656,9660599
2011-03-16,26.740863800048828,30.27897071838379,31.301860809326172,29.94277572631836,31.18025779724121,7049695
2011-03-17,26.816667556762695,30.36480712890625,31.101573944091797,29.97138786315918,30.851215362548828,6082838
2011-03-18,27.1262149810791,30.715307235717773,31.2446346282959,30.529327392578125,30.851215362548828,5429273
2011-03-21,27.764259338378906,31.437768936157227,31.738197326660156,31.09442138671875,31.130186080932617,4382311
2011-03-22,27.284147262573242,30.894134521484375,31.437768936157227,30.57939910888672,31.409156799316406,3381622
2011-03-23,27.587377548217773,31.23748207092285,31.36623764038086,30.57939910888672,30.722461700439453,5258018
2011-03-24,27.73898696899414,31.409156799316406,31.552217483520508,31.080114364624023,31.473533630371094,3846597
2011-03-25,27.82111167907715,31.502145767211914,31.831186294555664,31.2804012298584,31.48068618774414,2914411
2011-03-28,27.770570755004883,31.444921493530273,31.952789306640625,31.380544662475586,31.645206451416016,4169815
2011-03-29,28.149606704711914,31.87410545349121,31.917024612426758,31.12303352355957,31.430614471435547,3209389
2011-03-30,28.484418869018555,32.25321960449219,32.31044387817383,31.93848419189453,32.03862762451172,3514712
2011-03-31,28.288591384887695,32.03147506713867,32.203147888183594,31.802574157714844,32.13161849975586,3068470
2011-04-01,28.516014099121094,32.28898239135742,32.532188415527344,32.03147506713867,32.103004455566406,3092795
2011-04-04,28.320167541503906,32.067237854003906,32.48211669921875,31.73104476928711,32.238914489746094,2983192
2011-04-05,28.64235496520996,32.432044982910156,32.54649353027344,31.909870147705078,32.010013580322266,4385246
2011-04-06,28.610763549804688,32.396278381347656,32.68955612182617,31.988555908203125,32.55364990234375,3287956
2011-04-07,28.345447540283203,32.09585189819336,32.503578186035156,31.659513473510742,32.353363037109375,2939155
2011-04-08,28.358074188232422,32.11015701293945,32.66809844970703,32.02431869506836,32.32474899291992,2798097
2011-04-11,28.421236038208008,32.18168640136719,32.44635009765625,31.93848419189453,32.045780181884766,2207162
2011-04-12,28.38966941833496,32.14592361450195,32.4749641418457,31.67382049560547,32.00286102294922,3874697
2011-04-13,29.4320068359375,33.32617950439453,33.42632293701172,32.33190155029297,32.339054107666016,7127423
2011-04-14,29.45726776123047,33.354793548583984,33.41917037963867,32.625179290771484,33.09728240966797,6499582
2011-04-15,30.00688362121582,33.97711181640625,34.320457458496094,33.140201568603516,33.340484619140625,6851598
2011-04-18,29.425683975219727,33.319026947021484,33.51216125488281,32.41773986816406,33.51216125488281,6401023
2011-04-19,29.526758193969727,33.433475494384766,33.47639465332031,33.11874008178711,33.412017822265625,6125197
2011-04-20,30.727041244506836,34.79256057739258,34.928470611572266,33.9127311706543,33.96280288696289,5067750
2011-04-21,31.16926383972168,35.293277740478516,35.33619689941406,34.892704010009766,35.0,4284171
2011-04-25,30.436450958251953,34.46352005004883,35.17882537841797,34.31330490112305,35.11444854736328,4669040
2011-04-26,31.20716094970703,35.33619689941406,35.93705368041992,34.63519287109375,34.6423454284668,6710400
2011-04-27,31.605133056640625,35.78683853149414,35.84406280517578,35.20743942260742,35.379112243652344,3805076
2011-04-28,31.788330078125,35.99427795410156,36.15164566040039,35.51502227783203,35.65092849731445,3151511
2011-04-29,31.52934455871582,35.70100021362305,36.25178909301758,35.643775939941406,35.97997283935547,3312561
2011-05-02,31.86414337158203,36.08011245727539,36.30901336669922,35.779685974121094,35.94420623779297,3657867
2011-05-03,31.965206146240234,36.19456481933594,36.25178909301758,35.836910247802734,36.108726501464844,3154307
2011-05-04,31.27033233642578,35.4077262878418,36.27324676513672,35.15021514892578,36.165950775146484,5215239
2011-05-05,31.061861038208008,35.17167282104492,35.7296142578125,35.06437683105469,35.314735412597656,4840715
2011-05-06,31.415632247924805,35.57224655151367,36.144493103027344,35.22889709472656,35.75822448730469,3613271
2011-05-09,31.5103759765625,35.679542541503906,35.78683853149414,35.379112243652344,35.658084869384766,2830810
2011-05-10,32.00944519042969,36.24463653564453,36.294708251953125,35.46495056152344,35.836910247802734,5826584
2011-05-11,31.605133056640625,35.78683853149414,36.23032760620117,35.52217483520508,36.130184173583984,4219723
2011-05-12,31.794647216796875,36.00143051147461,36.18741226196289,35.32904052734375,35.65092849731445,5065373
2011-05-13,33.216033935546875,37.61087417602539,39.57796859741211,36.99570846557617,38.67668151855469,14105680
2011-05-16,33.051780700683594,37.42489242553711,37.91130065917969,37.24606704711914,37.33190155029297,7251706
2011-05-17,32.325294494628906,36.60228729248047,37.13161849975586,36.34477615356445,36.98140335083008,6319100
2011-05-18,32.6790771484375,37.00286102294922,37.081546783447266,36.48068618774414,36.57367706298828,5553695
2011-05-19,32.31898498535156,36.59513473510742,37.18168640136719,36.51645278930664,37.153076171875,7214659
2011-05-20,32.02837371826172,36.26609420776367,36.63090133666992,36.072959899902344,36.587982177734375,4684418
2011-05-23,31.01763153076172,35.12160110473633,35.62947082519531,34.69241714477539,35.62947082519531,5963588
2011-05-24,30.758628845214844,34.82832717895508,35.221744537353516,34.61373519897461,35.221744537353516,4805206
2011-05-25,30.96708869934082,35.06437683105469,35.278968811035156,34.42775344848633,34.52074432373047,5223208
2011-05-26,31.20083999633789,35.32904052734375,35.47925567626953,34.778255462646484,34.84978485107422,4569363
2011-05-27,31.333494186401367,35.47925567626953,35.586551666259766,35.17167282104492,35.33619689941406,2993957
2011-05-31,31.504058837890625,35.67238998413086,35.78683853149414,35.20743942260742,35.54363250732422,3694075
2011-06-01,30.322751998901367,34.33476257324219,35.61516571044922,34.24892807006836,35.61516571044922,5815261
2011-06-02,30.436450958251953,34.46352005004883,34.78540802001953,34.234619140625,34.45636749267578,4654921
2011-06-03,29.96266746520996,33.927040100097656,34.29899978637695,33.49785232543945,33.8984260559082,4042037
2011-06-06,29.72891616821289,33.662376403808594,33.97711181640625,33.6123046875,33.798282623291016,2882117
2011-06-07,30.133216857910156,34.12017059326172,34.37052917480469,33.72675323486328,33.9842643737793,5771503
2011-06-08,30.15849494934082,34.14878463745117,34.38483428955078,33.855506896972656,33.991416931152344,6588355
2011-06-09,30.77126121520996,34.84263229370117,35.143062591552734,34.127323150634766,34.220314025878906,4587118
2011-06-10,30.442758560180664,34.470672607421875,35.00715255737305,34.42775344848633,34.65665054321289,5479321
2011-06-13,30.025833129882812,33.99856948852539,34.620887756347656,33.69098663330078,34.52074432373047,5627509
2011-06-14,30.935508728027344,35.02861022949219,35.68669509887695,34.48497772216797,34.585121154785156,6710959
2011-06-15,29.92475700378418,33.88412094116211,34.66380310058594,33.79113006591797,34.66380310058594,4896495
2011-06-16,29.72891616821289,33.662376403808594,34.163089752197266,33.17596435546875,33.798282623291016,4245027
2011-06-17,29.96266746520996,33.927040100097656,34.377681732177734,33.834049224853516,34.105865478515625,5989591
2011-06-20,30.56279754638672,34.60658264160156,34.7138786315918,33.490699768066406,33.683834075927734,5328337
2011-06-21,31.472482681274414,35.63662338256836,35.99427795410156,34.81401824951172,34.835479736328125,4937736
2011-06-22,30.92286491394043,35.014305114746094,35.65092849731445,35.0,35.45779800415039,3200302
2011-06-23,31.194515228271484,35.3218879699707,35.39341735839844,33.9341926574707,34.46352005004883,4860007
2011-06-24,30.632278442382812,34.685264587402344,35.2861213684082,34.585121154785156,35.278968811035156,3699527
2011-06-27,30.859699249267578,34.94277572631836,35.15736770629883,34.22746658325195,34.585121154785156,4281515
2011-06-28,31.889423370361328,36.108726501464844,36.27324676513672,34.871246337890625,35.071529388427734,4629337
2011-06-29,31.95890235900879,36.18741226196289,36.58082962036133,36.03004455566406,36.33047103881836,4879439
2011-06-30,32.28739929199219,36.55937194824219,37.1888427734375,36.12303161621094,36.15164566040039,4887268
2011-07-01,32.84962844848633,37.19599533081055,37.28898239135742,36.43061447143555,36.645206451416016,3925025
2011-07-05,32.63484191894531,36.952789306640625,37.19599533081055,36.68812561035156,37.14592361450195,2608668
2011-07-06,32.73591995239258,37.067237854003906,37.11015701293945,36.66666793823242,36.84549331665039,3521282
2011-07-07,33.08968734741211,37.467811584472656,37.63948440551758,36.88125991821289,37.503578186035156,3384977
2011-07-08,31.73147964477539,35.929901123046875,37.02431869506836,34.87839889526367,36.51645278930664,11101238
2011-07-11,31.011310577392578,35.11444854736328,35.69384765625,35.0,35.3719596862793,4169675
2011-07-12,30.366960525512695,34.38483428955078,34.799713134765625,34.048641204833984,34.75679397583008,5866847
2011-07-13,30.411184310913086,34.434906005859375,34.82832717895508,33.76251983642578,34.51359176635742,7282182
2011-07-14,29.899490356445312,33.855506896972656,34.527896881103516,33.648067474365234,34.527896881103516,5226563
2011-07-15,29.741561889648438,33.67668151855469,34.05579376220703,33.31187438964844,34.05579376220703,5284859
2011-07-18,28.718168258666992,32.51788330078125,33.447784423828125,32.05293273925781,33.412017822265625,9249308
2011-07-19,29.65311050415039,33.5765380859375,33.67668151855469,32.69670867919922,32.73247528076172,4987365
2011-07-20,29.64046859741211,33.562232971191406,33.648067474365234,33.068668365478516,33.58369064331055,5347769
2011-07-21,29.64046859741211,33.562232971191406,33.834049224853516,33.261802673339844,33.719600677490234,5937865
2011-07-22,29.62152862548828,33.540771484375,33.719600677490234,33.27610778808594,33.58369064331055,2894140
2011-07-25,29.311975479125977,33.19027328491211,33.41917037963867,32.97568130493164,33.04005813598633,2576654
2011-07-26,28.326486587524414,32.07439041137695,32.94706726074219,31.917024612426758,32.78254699707031,7169783
2011-07-27,26.82299041748047,30.371959686279297,31.78826904296875,30.25035858154297,31.78826904296875,9148232
2011-07-28,26.64611053466797,30.171674728393555,30.600858688354492,29.957082748413086,30.30758285522461,10474515
2011-07-29,26.633460998535156,30.157367706298828,30.672388076782227,29.535049438476562,29.713876724243164,5363986
2011-08-01,25.76801300048828,29.177396774291992,30.600858688354492,28.955650329589844,30.486408233642578,7920509
2011-08-02,24.599319458007812,27.854076385498047,29.427753448486328,27.839771270751953,28.862661361694336,7940221
2011-08-03,24.763565063476562,28.040056228637695,28.12589454650879,27.110157012939453,27.954219818115234,6587236
2011-08-04,23.316925048828125,26.402002334594727,27.775392532348633,26.36623764038086,27.775392532348633,8617552
2011-08-05,23.11476707458496,26.17310333251953,27.174535751342773,25.30042839050293,26.895565032958984,12583678
2011-08-08,20.56892967224121,23.290414810180664,25.701000213623047,23.14735221862793,25.357654571533203,13254019
2011-08-09,21.61126708984375,24.470672607421875,24.49213218688965,22.96137237548828,23.798282623291016,11422639
2011-08-10,20.120399475097656,22.78254508972168,24.141630172729492,22.73247528076172,23.834049224853516,14205497
2011-08-11,21.80078887939453,24.685264587402344,25.021459579467773,22.78969955444336,22.975679397583008,11281720
2011-08-12,22.874710083007812,25.901287078857422,26.4234619140625,24.613733291625977,25.0,13183979
2011-08-15,23.68964385986328,26.824033737182617,26.87410545349121,26.065807342529297,26.266094207763672,9078332
2011-08-16,23.14004135131836,26.201717376708984,27.274677276611328,25.772531509399414,26.444921493530273,10777182
2011-08-17,22.615707397460938,25.60801124572754,26.645206451416016,25.164520263671875,26.373390197753906,6578289
2011-08-18,20.360458374023438,23.054363250732422,24.75679588317871,22.889842987060547,24.742488861083984,10285366
2011-08-19,19.633974075317383,22.231760025024414,23.433475494384766,22.195993423461914,22.7038631439209,8476493
2011-08-22,19.267566680908203,21.81688117980957,23.03290367126465,21.75965690612793,22.8826904296875,9511712
2011-08-23,20.126710891723633,22.78969955444336,23.06151580810547,21.616594314575195,21.981401443481445,11927876
2011-08-24,20.897418975830078,23.66237449645996,23.698139190673828,22.57510757446289,22.78969955444336,7933370
2011-08-25,20.86583709716797,23.626609802246094,24.234621047973633,23.290414810180664,23.912731170654297,9486269
2011-08-26,22.02821159362793,24.94277572631836,25.0,22.96852684020996,23.347639083862305,10275300
2011-08-29,23.196897506713867,26.266094207763672,26.36623764038086,25.21459197998047,25.350500106811523,10804862
2011-08-30,23.133718490600586,26.194564819335938,26.523605346679688,25.66523551940918,26.09442138671875,5448705
2011-08-31,23.291650772094727,26.373390197753906,27.224607467651367,26.072961807250977,26.294706344604492,7548641
2011-09-01,22.640972137451172,25.63662338256836,26.716737747192383,25.5150203704834,26.323318481445312,6791204
2011-09-02,21.731298446655273,24.60658073425293,25.09299087524414,24.313304901123047,24.964235305786133,7926660
2011-09-06,21.42806625366211,24.263233184814453,24.349069595336914,22.99713897705078,23.45493507385254,10573214
2011-09-07,22.546215057373047,25.529327392578125,25.679542541503906,24.620887756347656,24.628040313720703,8880655
2011-09-08,21.56704330444336,24.42060089111328,25.400571823120117,24.24177360534668,25.32904052734375,8666062
2011-09-09,21.074310302734375,23.862661361694336,24.69957160949707,23.63376235961914,24.070100784301758,6258566
2011-09-12,21.105880737304688,23.898426055908203,23.991416931152344,22.947067260742188,23.376251220703125,7395839
2011-09-13,21.971345901489258,24.878398895263672,25.035764694213867,23.88412094116211,23.977109909057617,7681451
2011-09-14,23.10845375061035,26.165950775146484,26.63805389404297,24.771102905273438,25.121601104736328,9617122
2011-09-15,23.399044036865234,26.494993209838867,26.630901336669922,25.808298110961914,26.552217483520508,6804485
2011-09-16,22.96946907043457,26.008583068847656,26.75965690612793,25.5507869720459,26.6022891998291,6992516
2011-09-19,22.085054397583008,25.007152557373047,25.32904052734375,24.263233184814453,25.32904052734375,8326907
2011-09-20,22.14192008972168,25.071531295776367,26.101573944091797,25.06437873840332,25.286123275756836,6024262
2011-09-21,20.373088836669922,23.06867027282715,25.107295989990234,23.0257511138916,25.100143432617188,11669525
2011-09-22,19.766637802124023,22.381973266601562,22.596567153930664,21.981401443481445,22.23891258239746,8830607
2011-09-23,20.013002395629883,22.66094398498535,23.047210693359375,22.052932739257812,22.174535751342773,6071374
2011-09-26,20.461532592773438,23.168813705444336,23.261802673339844,22.439199447631836,22.918455123901367,7663836
2011-09-27,21.200645446777344,24.005722045898438,24.72102928161621,23.712446212768555,23.898426055908203,6660491
2011-09-28,19.98773765563965,22.63233184814453,24.105865478515625,22.589412689208984,24.070100784301758,6491194
2011-09-29,20.543659210205078,23.261802673339844,23.526466369628906,22.43204689025879,23.247495651245117,6669439
2011-09-30,19.741369247436523,22.353361129760742,23.004291534423828,22.21030044555664,22.768239974975586,5866288
2011-10-03,18.572673797607422,21.03004264831543,22.203147888183594,21.015737533569336,22.103004455566406,7265266
2011-10-04,19.58975601196289,22.18168830871582,22.195993423461914,20.50786781311035,20.650930404663086,7549200
2011-10-05,20.29096221923828,22.975679397583008,23.011444091796875,21.959943771362305,22.26752471923828,6863481
2011-10-06,21.188013076782227,23.991416931152344,24.005722045898438,22.496423721313477,22.868383407592773,7000066
2011-10-07,19.81717872619629,22.439199447631836,23.347639083862305,21.766809463500977,23.104434967041016,11309261
2011-10-10,21.042715072631836,23.82689666748047,23.927038192749023,22.90414810180664,22.989986419677734,5389290
2011-10-11,21.434385299682617,24.2703857421875,24.399141311645508,23.290414810180664,23.51215934753418,5474009
2011-10-12,21.339630126953125,24.163089752197266,24.735336303710938,23.891273498535156,24.470672607421875,10626757
2011-10-13,20.51206398010254,23.226036071777344,23.898426055908203,22.811159133911133,23.841201782226562,11806529
2011-10-14,21.061664581298828,23.84835433959961,23.99856948852539,23.619455337524414,23.7195987701416,8137059
2011-10-17,20.89109992980957,23.655221939086914,23.934192657470703,23.433475494384766,23.619455337524414,6988882
2011-10-18,21.150108337402344,23.948497772216797,24.12017250061035,22.989986419677734,23.626609802246094,8460137
2011-10-19,20.84056282043457,23.597997665405273,24.18454933166504,23.49070167541504,23.82689666748047,4883354
2011-10-20,21.308046340942383,24.1273250579834,24.21316146850586,23.233190536499023,23.698139190673828,6738500
2011-10-21,22.280887603759766,25.228897094726562,25.350500106811523,24.470672607421875,24.52074432373047,6025660
2011-10-24,23.714902877807617,26.85264778137207,26.988555908203125,25.350500106811523,25.457796096801758,8540801
2011-10-25,22.697830200195312,25.701000213623047,26.745351791381836,25.622318267822266,26.430614471435547,7371095
2011-10-26,22.609386444091797,25.600858688354492,25.793991088867188,24.91416358947754,25.736766815185547,8705206
2011-10-27,25.26894187927246,28.612302780151367,28.898426055908203,26.50929832458496,27.03862762451172,12472816
2011-10-28,25.8311824798584,29.248926162719727,29.36337661743164,28.3977108001709,28.497854232788086,8831725
2011-10-31,23.417993545532227,26.51645278930664,28.590843200683594,26.51645278930664,28.505006790161133,10448512
2011-11-01,22.293537139892578,25.24320411682129,25.793991088867188,24.792560577392578,25.207439422607422,10616692
2011-11-02,22.843130111694336,25.865522384643555,26.14449119567871,25.39341926574707,25.622318267822266,5647361
2011-11-03,23.455902099609375,26.559371948242188,26.78826904296875,25.77968406677246,26.330472946166992,6497485
2011-11-04,23.316925048828125,26.402002334594727,26.50929832458496,25.622318267822266,26.158798217773438,4422713
2011-11-07,23.84125328063965,26.995708465576172,27.074392318725586,26.072961807250977,26.323318481445312,5491064
2011-11-08,24.479293823242188,27.718168258666992,27.746780395507812,26.859800338745117,27.195993423461914,5024692
2011-11-09,22.786273956298828,25.801143646240234,26.924177169799805,25.529327392578125,26.75965690612793,9209744
2011-11-10,23.285335540771484,26.36623764038086,26.81688117980957,26.022890090942383,26.39484977722168,5333650
2011-11-11,23.664365768432617,26.795421600341797,27.324750900268555,26.616594314575195,26.895565032958984,5475267
2011-11-14,23.721223831176758,26.859800338745117,27.045780181884766,26.466381072998047,26.559371948242188,3645984
2011-11-15,24.163433074951172,27.360515594482422,27.589412689208984,26.616594314575195,27.153076171875,5856641
2011-11-16,24.371904373168945,27.596567153930664,28.175966262817383,26.6022891998291,26.709585189819336,11574182
2011-11-17,23.50643539428711,26.616594314575195,27.582260131835938,26.39484977722168,27.42489242553711,6292118
2011-11-18,23.253747940063477,26.330472946166992,26.824033737182617,26.187410354614258,26.824033737182617,5323444
2011-11-21,22.609386444091797,25.600858688354492,25.743919372558594,24.949928283691406,25.61516571044922,5598850
2011-11-22,22.47673225402832,25.45064353942871,25.836910247802734,25.06437873840332,25.47925567626953,3709313
2011-11-23,21.22591209411621,24.034334182739258,25.121601104736328,24.034334182739258,25.042917251586914,5950447
2011-11-25,21.3712100982666,24.198856353759766,24.592275619506836,23.76251792907715,23.90557861328125,3196247
2011-11-28,22.21140480041504,25.15021514892578,25.66523551940918,24.835479736328125,25.128755569458008,4303044
2011-11-29,22.12296485900879,25.050071716308594,25.493562698364258,24.928468704223633,25.30042839050293,3942640
2011-11-30,23.68964385986328,26.824033737182617,26.959943771362305,26.130186080932617,26.165950775146484,4678687
2011-12-01,23.89179229736328,27.052932739257812,27.45350456237793,26.502145767211914,26.680973052978516,4444522
2011-12-02,23.22216033935547,26.294706344604492,27.596567153930664,26.230329513549805,27.460657119750977,4885311
2011-12-05,23.41167640686035,26.50929832458496,27.09585189819336,26.301860809326172,26.84549331665039,4575235
2011-12-06,23.361143112182617,26.45207405090332,26.716737747192383,26.09442138671875,26.559371948242188,3471793
2011-12-07,23.15898895263672,26.223175048828125,26.466381072998047,25.472103118896484,26.230329513549805,4219024
2011-12-08,21.743932723999023,24.620887756347656,26.03004264831543,24.54935646057129,25.91559410095215,6042995
2011-12-09,22.318796157836914,25.27181625366211,25.379112243652344,24.642345428466797,24.928468704223633,3554415
2011-12-12,21.308046340942383,24.1273250579834,24.978540420532227,23.84835433959961,24.899856567382812,5470234
2011-12-13,20.94163703918457,23.712446212768555,24.60658073425293,23.583690643310547,24.36337661743164,4265997
2011-12-14,20.802663803100586,23.555078506469727,23.927038192749023,23.254648208618164,23.60515022277832,4577751
2011-12-15,21.13116455078125,23.927038192749023,24.163089752197266,23.741058349609375,23.984262466430664,4477375
2011-12-16,21.137479782104492,23.934192657470703,24.49213218688965,23.79113006591797,24.1273250579834,4365674
2011-12-19,20.992183685302734,23.769670486450195,24.284692764282227,23.705293655395508,24.05579376220703,4984289
2011-12-20,21.845006942749023,24.735336303710938,24.878398895263672,24.284692764282227,24.313304901123047,5132897
2011-12-21,21.706022262573242,24.57796859741211,24.78540802001953,24.21316146850586,24.628040313720703,3751253
2011-12-22,22.009254455566406,24.921316146850586,25.06437873840332,24.256080627441406,24.256080627441406,2636488
2011-12-23,22.337743759155273,25.293275833129883,25.30758285522461,24.81402015686035,24.921316146850586,1936929
2011-12-27,22.268259048461914,25.21459197998047,25.443490982055664,25.15021514892578,25.171674728393555,1954823
2011-12-28,21.548095703125,24.399141311645508,25.286123275756836,24.33476448059082,25.21459197998047,2566588
2011-12-29,22.148235321044922,25.078683853149414,25.128755569458008,24.341917037963867,24.42060089111328,2669201
2011-12-30,22.066112518310547,24.985694885253906,25.400571823120117,24.90700912475586,24.985694885253906,1930918
2012-01-03,23.045276641845703,26.09442138671875,26.459226608276367,25.565092086791992,25.63662338256836,4156394
2012-01-04,22.862075805664062,25.886980056762695,26.008583068847656,25.457796096801758,25.858369827270508,4651845
2012-01-05,23.373777389526367,26.466381072998047,26.69527816772461,25.5507869720459,25.66523551940918,6842651
2012-01-06,23.626468658447266,26.752504348754883,26.866952896118164,26.330472946166992,26.530757904052734,4711400
2012-01-09,24.245555877685547,27.45350456237793,27.48211669921875,26.802574157714844,26.909870147705078,4429563
2012-01-10,24.700397491455078,27.96852684020996,28.197425842285156,27.618026733398438,27.768239974975586,4459620
2012-01-11,24.586679458618164,27.839771270751953,28.111587524414062,27.560800552368164,27.811159133911133,3932574
2012-01-12,24.96571922302246,28.26895523071289,28.311874389648438,27.439199447631836,27.99713897705078,3973396
2012-01-13,24.675128936767578,27.93991470336914,28.047210693359375,27.539342880249023,27.93991470336914,5058383
2012-01-17,25.262636184692383,28.60515022277832,28.891273498535156,28.3977108001709,28.440628051757812,5812884
2012-01-18,26.071243286132812,29.52074432373047,29.563661575317383,28.505006790161133,28.612302780151367,4432778
2012-01-19,26.437633514404297,29.93562126159668,30.264663696289062,29.406295776367188,29.592275619506836,4322336
2012-01-20,25.90067481994629,29.327611923217773,29.97138786315918,29.098712921142578,29.878398895263672,5461287
2012-01-23,25.90067481994629,29.327611923217773,29.477825164794922,28.991416931152344,29.24177360534668,4743554
2012-01-24,26.911428451538086,30.472103118896484,30.751073837280273,29.18454933166504,29.2703857421875,7632661
2012-01-25,27.82742691040039,31.50929832458496,31.623748779296875,30.257511138916016,30.66523551940918,6512723
2012-01-26,26.9493350982666,30.5150203704834,32.081546783447266,30.386266708374023,31.666667938232422,8088409
2012-01-27,26.96196746826172,30.529327392578125,30.722461700439453,30.236051559448242,30.314735412597656,3394344
2012-01-30,27.265188217163086,30.8726749420166,30.894134521484375,29.842632293701172,29.992847442626953,4085935
2012-01-31,26.829301834106445,30.379112243652344,31.14449119567871,30.264663696289062,30.994277954101562,4697979
2012-02-01,27.915863037109375,31.60944175720215,31.773963928222656,30.736766815185547,30.81545066833496,5801700
2012-02-02,27.618955612182617,31.27324676513672,31.831186294555664,31.230329513549805,31.623748779296875,3112787
2012-02-03,28.604450225830078,32.38912582397461,32.40343475341797,31.623748779296875,31.75965690612793,4875106
2012-02-06,28.212779998779297,31.945636749267578,32.13161849975586,31.69527816772461,32.00286102294922,4172611
2012-02-07,28.174880981445312,31.90271759033203,32.103004455566406,31.630901336669922,32.01716613769531,3561265
2012-02-08,28.408618927001953,32.167381286621094,32.224605560302734,31.766809463500977,31.9742488861084,3033101
2012-02-09,28.484418869018555,32.25321960449219,32.4391975402832,31.688125610351562,32.1888427734375,3132918
2012-02-10,27.884286880493164,31.57367706298828,31.666667938232422,31.12303352355957,31.645206451416016,3698828
2012-02-13,27.69476318359375,31.35908317565918,31.9742488861084,31.130186080932617,31.96709632873535,4791645
2012-02-14,27.656864166259766,31.316165924072266,31.652360916137695,31.00143051147461,31.287553787231445,3659405
2012-02-15,27.568422317504883,31.216022491455078,31.831186294555664,31.065807342529297,31.831186294555664,3490526
2012-02-16,27.688447952270508,31.351930618286133,31.437768936157227,29.871244430541992,30.75822639465332,9901754
2012-02-17,27.252565383911133,30.858369827270508,31.57367706298828,30.743919372558594,31.502145767211914,5687344
2012-02-21,26.917747497558594,30.47925567626953,31.03004264831543,30.343347549438477,30.951358795166016,3963889
2012-02-22,26.987239837646484,30.557939529418945,30.965665817260742,30.286123275756836,30.436338424682617,3457254
2012-02-23,27.42312240600586,31.051502227783203,31.216022491455078,30.400571823120117,30.565092086791992,3357017
2012-02-24,27.176748275756836,30.772531509399414,31.466381072998047,30.736766815185547,31.137338638305664,4104528
2012-02-27,27.38521957397461,31.008583068847656,31.17310333251953,30.36480712890625,30.5507869720459,2871352
2012-02-28,27.562101364135742,31.20886993408203,31.266094207763672,30.894134521484375,31.11587905883789,2960545
2012-02-29,27.5557861328125,31.201717376708984,31.680973052978516,31.03004264831543,31.330472946166992,4183655
2012-03-01,27.89691734313965,31.587982177734375,31.67382049560547,31.11587905883789,31.287553787231445,3324863
2012-03-02,27.618955612182617,31.27324676513672,31.75965690612793,31.072961807250977,31.595136642456055,2975783
2012-03-05,27.0251407623291,30.600858688354492,31.266094207763672,30.436338424682617,31.187410354614258,4990860
2012-03-06,26.70928192138672,30.24320411682129,30.42203140258789,29.964235305786133,30.25035858154297,5251587
2012-03-07,27.454710006713867,31.087268829345703,31.23748207092285,30.27897071838379,30.379112243652344,4884612
2012-03-08,27.97272491455078,31.67382049560547,31.917024612426758,30.8726749420166,31.402002334594727,5349028
2012-03-09,28.143291473388672,31.866952896118164,32.238914489746094,31.645206451416016,31.645206451416016,4278579
2012-03-12,27.5557861328125,31.201717376708984,31.945636749267578,31.03004264831543,31.78826904296875,3690580
2012-03-13,28.49706268310547,32.26752471923828,32.31044387817383,31.301860809326172,31.444921493530273,3270901
2012-03-14,28.408618927001953,32.167381286621094,32.353363037109375,31.945636749267578,32.28898239135742,3831499
2012-03-15,28.970840454101562,32.80400466918945,32.846923828125,32.081546783447266,32.260372161865234,2972148
2012-03-16,28.819232940673828,32.63233184814453,32.90414810180664,32.4391975402832,32.85407638549805,3186601
2012-03-19,28.65498161315918,32.44635009765625,32.68955612182617,32.30329132080078,32.5107307434082,3337445
2012-03-20,28.320167541503906,32.067237854003906,32.296138763427734,31.831186294555664,32.25321960449219,2416723
2012-03-21,28.25068473815918,31.988555908203125,32.27467727661133,31.75965690612793,32.11015701293945,2198495
2012-03-22,27.612640380859375,31.266094207763672,31.466381072998047,30.91559410095215,31.466381072998047,4339112
2012-03-23,27.985363006591797,31.688125610351562,31.688125610351562,30.865522384643555,31.165950775146484,4710421
2012-03-26,28.45914649963379,32.224605560302734,32.27467727661133,31.924177169799805,32.09585189819336,4847006
2012-03-27,28.850820541381836,32.66809844970703,33.104434967041016,32.18168640136719,32.224605560302734,5318132
2012-03-28,28.16855812072754,31.895565032958984,32.5250358581543,31.53791046142578,32.4892692565918,4318841
2012-03-29,28.08643341064453,31.802574157714844,31.85264778137207,31.437768936157227,31.54506492614746,3199183
2012-03-30,28.18140983581543,31.838340759277344,32.08869934082031,31.473533630371094,32.01716613769531,3246715
2012-04-02,28.409347534179688,32.09585189819336,32.26752471923828,31.630901336669922,31.838340759277344,3161717
2012-04-03,28.384008407592773,32.067237854003906,32.296138763427734,31.802574157714844,32.00286102294922,3852748
2012-04-04,27.69388198852539,31.287553787231445,31.795421600341797,31.008583068847656,31.716737747192383,3342338
2012-04-05,28.34602928161621,32.02431869506836,32.17453384399414,31.158798217773438,31.230329513549805,6933381
2012-04-09,27.573589324951172,31.15164566040039,31.566524505615234,31.14449119567871,31.566524505615234,5182805
2012-04-10,26.782154083251953,30.257511138916016,31.287553787231445,30.007152557373047,31.11587905883789,6056695
2012-04-11,26.889781951904297,30.379112243652344,30.801143646240234,30.32904052734375,30.736766815185547,3398678
2012-04-12,27.560924530029297,31.137338638305664,31.2446346282959,30.400571823120117,30.486408233642578,2185074
2012-04-13,26.744163513183594,30.21459197998047,30.979970932006836,30.1788272857666,30.9084415435791,3344156
2012-04-16,26.58588218688965,30.035764694213867,30.565092086791992,29.899856567382812,30.464950561523438,3447188
2012-04-17,27.003747940063477,30.50786781311035,30.586551666259766,30.27897071838379,30.32904052734375,2901130
2012-04-18,26.794818878173828,30.27181625366211,30.464950561523438,30.050071716308594,30.25035858154297,2405399
2012-04-19,26.541553497314453,29.985694885253906,30.464950561523438,29.72818374633789,30.33619499206543,3800463
2012-04-20,26.655517578125,30.11444854736328,30.672388076782227,30.071531295776367,30.164520263671875,2782859
2012-04-23,26.13001823425293,29.52074432373047,29.613733291625977,29.012876510620117,29.585121154785156,3058824
2012-04-24,25.199277877807617,28.469242095947266,28.948497772216797,28.004291534423828,28.88412094116211,10706443
2012-04-25,26.073030471801758,29.45636558532715,29.67095947265625,28.82689666748047,28.82689666748047,5110808
2012-04-26,26.58588218688965,30.035764694213867,30.09299087524414,29.39198875427246,29.413448333740234,3424121
2012-04-27,26.94676399230957,30.443490982055664,30.522174835205078,29.72818374633789,30.18597984313965,4121164
2012-04-30,26.706178665161133,30.171674728393555,30.572246551513672,30.02861213684082,30.407724380493164,2605732
2012-05-01,27.206363677978516,30.736766815185547,30.951358795166016,29.899856567382812,30.06437873840332,3615508
2012-05-02,27.250680923461914,30.78683853149414,30.829757690429688,30.257511138916016,30.54363441467285,3348070
2012-05-03,26.725160598754883,30.193132400512695,30.865522384643555,30.171674728393555,30.865522384643555,2398129
2012-05-04,25.96538543701172,29.33476448059082,30.25035858154297,29.298999786376953,30.15021514892578,3070288
2012-05-07,25.87041664123535,29.227468490600586,29.39198875427246,28.805435180664062,29.0915584564209,3658007
2012-05-08,25.49686050415039,28.805435180664062,29.1273250579834,28.26895523071289,29.077253341674805,5999098
2012-05-09,25.281597137451172,28.562231063842773,28.88412094116211,28.254648208618164,28.369098663330078,6024961
2012-05-10,25.161291122436523,28.42632293701172,29.256080627441406,28.383405685424805,29.048641204833984,3291731
2012-05-11,24.977676391601562,28.218883514404297,28.81974220275879,28.18311882019043,28.27610969543457,5398796
2012-05-14,24.629451751708984,27.825464248657227,28.21173095703125,27.496423721313477,27.804006576538086,5526574
2012-05-15,25.648820877075195,28.977109909057617,29.735336303710938,28.90557861328125,29.263233184814453,9783064
2012-05-16,25.17395782470703,28.440628051757812,29.327611923217773,28.3977108001709,29.0915584564209,4976321
2012-05-17,25.091646194458008,28.347639083862305,29.978540420532227,28.340486526489258,29.97138786315918,6900248
2012-05-18,24.521814346313477,27.7038631439209,28.776824951171875,27.625179290771484,28.612302780151367,7216057
2012-05-21,25.319583892822266,28.60515022277832,28.698139190673828,27.753934860229492,27.775392532348633,3890215
2012-05-22,25.636159896850586,28.962804794311523,29.470672607421875,28.340486526489258,28.655221939086914,6180139
2012-05-23,25.813440322875977,29.163089752197266,29.341917037963867,28.175966262817383,28.63376235961914,4817788
2012-05-24,25.971723556518555,29.341917037963867,29.434907913208008,28.934192657470703,29.21316146850586,3591182
2012-05-25,25.96538543701172,29.33476448059082,29.656652450561523,29.177396774291992,29.341917037963867,2633552
2012-05-29,26.706178665161133,30.171674728393555,30.221744537353516,29.63519287109375,29.66380500793457,5696570
2012-05-30,26.18067169189453,29.57796859741211,29.78540802001953,29.18454933166504,29.78540802001953,4297871
2012-05-31,25.743783950805664,29.08440589904785,29.771102905273438,28.805435180664062,29.656652450561523,5887258
2012-06-01,24.198915481567383,27.33905601501465,28.21173095703125,27.224607467651367,28.040056228637695,7578698
2012-06-04,23.958316802978516,27.06723976135254,27.63233184814453,26.437768936157227,27.43204689025879,7212422
2012-06-05,24.243228912353516,27.389127731323242,27.60371971130371,26.75965690612793,26.90271759033203,5202517
2012-06-06,25.1802921295166,28.447782516479492,28.447782516479492,27.45350456237793,27.7038631439209,5167987
2012-06-07,25.30058479309082,28.583690643310547,29.012876510620117,28.412017822265625,29.005722045898438,6334757
2012-06-08,25.07265281677246,28.32617950439453,28.505006790161133,28.204578399658203,28.340486526489258,4244608
2012-06-11,24.680097579956055,27.8826904296875,28.7195987701416,27.839771270751953,28.648069381713867,2853038
2012-06-12,24.990345001220703,28.233190536499023,28.26895523071289,27.57510757446289,27.854076385498047,2518916
2012-06-13,24.692766189575195,27.896995544433594,28.49070167541504,27.768239974975586,28.040056228637695,2873449
2012-06-14,24.914365768432617,28.14735221862793,28.369098663330078,27.804006576538086,27.96137237548828,3236230
2012-06-15,25.332242965698242,28.619455337524414,28.648069381713867,28.233190536499023,28.376251220703125,4036725
2012-06-18,25.420886993408203,28.7195987701416,28.748212814331055,28.226036071777344,28.505006790161133,3669610
2012-06-19,26.054035186767578,29.434907913208008,29.556509017944336,28.891273498535156,28.948497772216797,4213852
2012-06-20,25.731121063232422,29.070100784301758,29.649499893188477,28.798282623291016,29.45636558532715,4499603
2012-06-21,24.76874351501465,27.982833862304688,29.38483428955078,27.918455123901367,29.105865478515625,4337854
2012-06-22,24.711761474609375,27.918455123901367,28.30472183227539,27.446352005004883,28.24034309387207,5137650
2012-06-25,23.844348907470703,26.93848419189453,27.57510757446289,26.738197326660156,27.496423721313477,4170793
2012-06-26,24.053279876708984,27.174535751342773,27.360515594482422,26.909870147705078,27.18168830871582,3521842
2012-06-27,24.281213760375977,27.43204689025879,27.6680965423584,27.288984298706055,27.496423721313477,2155436
2012-06-28,23.88233757019043,26.981401443481445,27.281831741333008,26.595136642456055,27.21745491027832,2798097
2012-06-29,24.910762786865234,28.06867027282715,28.111587524414062,27.43204689025879,27.43204689025879,3698828
2012-07-02,24.701274871826172,27.832618713378906,28.333332061767578,27.539342880249023,28.27610969543457,2429025
2012-07-03,25.101211547851562,28.283262252807617,28.419170379638672,27.768239974975586,27.768239974975586,1357039
2012-07-05,24.99329376220703,28.161659240722656,28.497854232788086,27.896995544433594,28.082975387573242,2244489
2012-07-06,24.10452651977539,27.160228729248047,27.775392532348633,26.88125991821289,27.753934860229492,4664287
2012-07-09,23.88233184814453,26.909870147705078,27.36766815185547,26.752504348754883,27.145923614501953,3173460
2012-07-10,23.799808502197266,26.81688117980957,27.60371971130371,26.54506492614746,27.30328941345215,3077837
2012-07-11,23.609357833862305,26.6022891998291,26.909870147705078,26.33762550354004,26.78826904296875,2699258
2012-07-12,23.184019088745117,26.12303352355957,26.402002334594727,25.929899215698242,26.387697219848633,4050146
2012-07-13,23.514131546020508,26.494993209838867,26.781116485595703,26.008583068847656,26.14449119567871,4727477
2012-07-16,23.38081932067871,26.344778060913086,26.530757904052734,26.165950775146484,26.33762550354004,2448457
2012-07-17,23.704580307006836,26.709585189819336,26.75965690612793,26.108726501464844,26.380544662475586,2887569
2012-07-18,24.35211944580078,27.439199447631836,27.746780395507812,26.559371948242188,26.559371948242188,3921250
2012-07-19,24.415586471557617,27.510730743408203,27.610872268676758,27.153076171875,27.2961368560791,2968513
2012-07-20,23.84424591064453,26.866952896118164,27.3319034576416,26.781116485595703,27.3319034576416,2571761
2012-07-23,23.291946411132812,26.2446346282959,26.36623764038086,25.94420623779297,26.33762550354004,3074202
2012-07-24,22.606327056884766,25.472103118896484,26.230329513549805,25.264663696289062,26.18025779724121,5394183
2012-07-25,22.942785263061523,25.851215362548828,26.137338638305664,25.57939910888672,25.69384765625,2485924
2012-07-26,23.24115753173828,26.187410354614258,26.824033737182617,26.037195205688477,26.4234619140625,4271449
2012-07-27,24.085481643676758,27.138769149780273,27.281831741333008,26.2446346282959,26.35908317565918,4033789
2012-07-30,24.237836837768555,27.310443878173828,27.39628028869629,26.959943771362305,27.12446403503418,4587257
2012-07-31,24.307662963867188,27.389127731323242,27.689556121826172,27.195993423461914,27.203147888183594,3054350
2012-08-01,24.237836837768555,27.310443878173828,27.7038631439209,27.12446403503418,27.7038631439209,2653963
2012-08-02,23.96486473083496,27.00286102294922,27.346208572387695,26.502145767211914,27.110157012939453,3109432
2012-08-03,24.82822608947754,27.975679397583008,28.24034309387207,27.54649543762207,27.56795310974121,2551210
2012-08-06,24.904420852661133,28.06151580810547,28.540773391723633,28.040056228637695,28.419170379638672,2807044
2012-08-07,25.551942825317383,28.79113006591797,29.020029067993164,28.075822830200195,28.14735221862793,3077417
2012-08-08,25.812211990356445,29.08440589904785,29.141630172729492,28.69098663330078,28.81974220275879,2704571
2012-08-09,25.90110206604004,29.18454933166504,29.30615234375,28.927038192749023,29.012876510620117,3063298
2012-08-10,25.72968864440918,28.991416931152344,29.005722045898438,28.49070167541504,28.919885635375977,2739521
2012-08-13,25.634469985961914,28.88412094116211,29.113019943237305,28.7195987701416,28.805435180664062,2601398
2012-08-14,25.70430564880371,28.962804794311523,29.291845321655273,28.79113006591797,29.05579376220703,2788171
2012-08-15,25.697956085205078,28.955650329589844,29.22031593322754,28.469242095947266,28.84835433959961,3967943
2012-08-16,23.583965301513672,26.57367706298828,27.30328941345215,26.294706344604492,26.824033737182617,17888948
2012-08-17,23.628406524658203,26.623748779296875,26.67382049560547,26.330472946166992,26.630901336669922,7518025
2012-08-20,23.285598754882812,26.23748207092285,26.595136642456055,26.14449119567871,26.48068618774414,5554254
2012-08-21,23.57126808166504,26.559371948242188,26.616594314575195,26.223175048828125,26.39484977722168,7515508
2012-08-22,23.78075408935547,26.795421600341797,26.809728622436523,26.316165924072266,26.502145767211914,6128273
2012-08-23,23.787109375,26.802574157714844,26.866952896118164,26.51645278930664,26.630901336669922,6280096
2012-08-24,24.028350830078125,27.074392318725586,27.188840866088867,26.60944175720215,26.652360916137695,4022465
2012-08-27,23.768068313598633,26.781116485595703,27.052932739257812,26.67382049560547,27.052932739257812,4275224
2012-08-28,23.456993103027344,26.430614471435547,26.795421600341797,26.39484977722168,26.738197326660156,6934919
2012-08-29,23.590314865112305,26.580829620361328,26.688125610351562,26.416309356689453,26.51645278930664,7025509
2012-08-30,23.514131546020508,26.494993209838867,26.630901336669922,26.402002334594727,26.437768936157227,3380224
2012-08-31,23.590314865112305,26.580829620361328,26.824033737182617,26.36623764038086,26.70243263244629,3210367
2012-09-04,23.520477294921875,26.502145767211914,26.802574157714844,26.258941650390625,26.444921493530273,5382300
2012-09-05,23.323688507080078,26.2804012298584,26.60944175720215,26.194564819335938,26.50929832458496,5695033
2012-09-06,23.7934627532959,26.809728622436523,26.85264778137207,26.258941650390625,26.54506492614746,6688591
2012-09-07,24.390193939208984,27.48211669921875,27.596567153930664,26.659513473510742,26.809728622436523,5579837
2012-09-10,24.288625717163086,27.36766815185547,27.7038631439209,27.21030044555664,27.410587310791016,4021627
2012-09-11,24.01564598083496,27.06008529663086,27.381973266601562,27.06008529663086,27.353361129760742,4093903
2012-09-12,23.799808502197266,26.81688117980957,27.33905601501465,26.81688117980957,27.12446403503418,6568922
2012-09-13,24.364810943603516,27.45350456237793,27.525035858154297,26.595136642456055,26.795421600341797,7529908
2012-09-14,25.221826553344727,28.419170379638672,28.712446212768555,27.467811584472656,27.496423721313477,9415670
2012-09-17,25.158348083496094,28.347639083862305,28.48354721069336,28.06867027282715,28.226036071777344,5097807
2012-09-18,25.10756492614746,28.290414810180664,28.51215934753418,28.218883514404297,28.29756736755371,5024272
2012-09-19,25.317052841186523,28.526466369628906,28.619455337524414,28.15450668334961,28.27610969543457,4122422
2012-09-20,24.904420852661133,28.06151580810547,28.433475494384766,27.73247528076172,28.290414810180664,6211733
2012-09-21,24.758403778076172,27.896995544433594,28.48354721069336,27.896995544433594,28.27610969543457,4927950
2012-09-24,24.561609268188477,27.675249099731445,27.896995544433594,27.446352005004883,27.804006576538086,2860168
2012-09-25,24.326719284057617,27.410587310791016,27.846923828125,27.403432846069336,27.796852111816406,4954093
2012-09-26,24.294973373413086,27.374820709228516,27.525035858154297,27.09585189819336,27.525035858154297,5228520
2012-09-27,24.491771697998047,27.596567153930664,27.775392532348633,27.353361129760742,27.532188415527344,4773751
2012-09-28,24.47267723083496,27.503576278686523,27.625179290771484,27.03862762451172,27.525035858154297,6803367
2012-10-01,24.7336368560791,27.796852111816406,28.26895523071289,27.45350456237793,27.539342880249023,5903614
2012-10-02,24.740001678466797,27.804006576538086,28.175966262817383,27.56795310974121,27.954219818115234,4474019
2012-10-03,24.81001853942871,27.8826904296875,28.111587524414062,27.625179290771484,27.896995544433594,3500173
2012-10-04,24.950042724609375,28.040056228637695,28.354793548583984,27.804006576538086,28.054363250732422,7781967
2012-10-05,24.7336368560791,27.796852111816406,28.311874389648438,27.689556121826172,28.218883514404297,3912163
2012-10-08,24.606340408325195,27.653791427612305,27.832618713378906,27.539342880249023,27.60371971130371,3770406
2012-10-09,24.281728744506836,27.288984298706055,27.982833862304688,27.274677276611328,27.653791427612305,4252017
2012-10-10,23.810739517211914,26.75965690612793,27.353361129760742,26.623748779296875,27.310443878173828,4210357
2012-10-11,23.95076560974121,26.917024612426758,27.310443878173828,26.917024612426758,27.017166137695312,4202528
2012-10-12,23.689804077148438,26.623748779296875,27.024320602416992,26.552217483520508,26.959943771362305,3731681
2012-10-15,23.664348602294922,26.595136642456055,26.93132972717285,26.459226608276367,26.69527816772461,3697710
2012-10-16,24.12897491455078,27.1173095703125,27.167381286621094,26.78826904296875,26.802574157714844,3280407
2012-10-17,24.22445297241211,27.224607467651367,27.360515594482422,26.96709632873535,27.174535751342773,5400334
2012-10-18,23.320646286010742,26.20886993408203,26.895565032958984,26.072961807250977,26.888412475585938,9045340
2012-10-19,22.75417709350586,25.572246551513672,26.09442138671875,25.493562698364258,26.087268829345703,5577041
2012-10-22,22.913307189941406,25.751073837280273,25.822603225708008,25.414878845214844,25.50786781311035,3406786
2012-10-23,22.601430892944336,25.400571823120117,25.557939529418945,25.30758285522461,25.30758285522461,4611303
2012-10-24,22.817827224731445,25.64377784729004,25.7296142578125,25.350500106811523,25.493562698364258,5719498
2012-10-25,22.983318328857422,25.829757690429688,25.9084415435791,25.572246551513672,25.886980056762695,4598022
2012-10-26,22.875112533569336,25.708154678344727,25.965665817260742,25.536481857299805,25.8726749420166,5215239
2012-10-31,22.90694236755371,25.743919372558594,26.00143051147461,25.650930404663086,25.751073837280273,4775987
2012-11-01,23.613422393798828,26.53791046142578,26.57367706298828,25.715307235717773,25.77968406677246,4462975
2012-11-02,23.549779891967773,26.466381072998047,26.73104476928711,26.27324676513672,26.73104476928711,4685537
2012-11-05,23.938032150268555,26.90271759033203,26.9742488861084,26.35908317565918,26.466381072998047,3789419
2012-11-06,24.364473342895508,27.381973266601562,27.525035858154297,26.859800338745117,26.917024612426758,5208389
2012-11-07,23.918943405151367,26.88125991821289,27.12446403503418,26.63805389404297,27.024320602416992,4515260
2012-11-08,23.473407745361328,26.380544662475586,26.93132972717285,26.351930618286133,26.88125991821289,4281655
2012-11-09,23.492494583129883,26.402002334594727,26.57367706298828,26.15164566040039,26.201717376708984,5475127
2012-11-12,23.435216903686523,26.33762550354004,26.57367706298828,26.287553787231445,26.50929832458496,2898613
2012-11-13,23.12334442138672,25.987123489379883,26.35908317565918,25.958511352539062,26.223175048828125,4949759
2012-11-14,23.002405166625977,25.851215362548828,26.287553787231445,25.822603225708008,26.051502227783203,4431101
2012-11-15,22.75417709350586,25.572246551513672,26.20886993408203,25.529327392578125,25.851215362548828,7306088
2012-11-16,22.79236602783203,25.61516571044922,25.64377784729004,25.357654571533203,25.600858688354492,9231134
2012-11-19,23.874385833740234,26.831186294555664,27.167381286621094,26.473533630371094,26.473533630371094,7159438
2012-11-20,23.09151268005371,25.951358795166016,26.409156799316406,25.60801124572754,25.708154678344727,14707939
2012-11-21,22.811460494995117,25.63662338256836,26.087268829345703,25.493562698364258,25.979970932006836,5597452
2012-11-23,23.473407745361328,26.380544662475586,26.402002334594727,25.75822639465332,25.865522384643555,3140327
2012-11-26,23.848934173583984,26.802574157714844,26.802574157714844,26.17310333251953,26.2446346282959,4589634
2012-11-27,23.766183853149414,26.709585189819336,26.93132972717285,26.45207405090332,26.72389030456543,4802689
2012-11-28,24.167158126831055,27.160228729248047,27.195993423461914,26.416309356689453,26.552217483520508,4828692
2012-11-29,24.402666091918945,27.42489242553711,27.596567153930664,27.188840866088867,27.246065139770508,5551178
2012-11-30,24.370834350585938,27.389127731323242,27.525035858154297,27.174535751342773,27.446352005004883,3363868
2012-12-03,24.135343551635742,27.12446403503418,27.825464248657227,27.09585189819336,27.610872268676758,3794871
2012-12-04,24.269001007080078,27.274677276611328,27.33905601501465,26.959943771362305,27.145923614501953,3059383
2012-12-05,24.606340408325195,27.653791427612305,27.861230850219727,27.246065139770508,27.281831741333008,5490645
2012-12-06,24.389942169189453,27.410587310791016,27.718168258666992,27.26752471923828,27.56795310974121,4989043
2012-12-07,24.065326690673828,27.045780181884766,27.54649543762207,27.024320602416992,27.539342880249023,4650307
2012-12-10,24.542692184448242,27.582260131835938,27.646638870239258,26.9742488861084,27.03862762451172,4262222
2012-12-11,25.268281936645508,28.3977108001709,28.569385528564453,27.7038631439209,27.718168258666992,6233822
2012-12-12,25.783830642700195,28.977109909057617,29.21316146850586,28.3977108001709,28.469242095947266,8645931
2012-12-13,25.331928253173828,28.469242095947266,28.912731170654297,28.354793548583984,28.891273498535156,4854835
2012-12-14,25.363754272460938,28.505006790161133,28.805435180664062,28.3977108001709,28.412017822265625,3679396
2012-12-17,25.930217742919922,29.141630172729492,29.177396774291992,28.447782516479492,28.597997665405273,4829531
2012-12-18,26.343929290771484,29.60658073425293,29.856937408447266,29.077253341674805,29.15593719482422,6499022
2012-12-19,25.834741592407227,29.034334182739258,29.685264587402344,29.02718162536621,29.67095947265625,6632531
2012-12-20,26.324832916259766,29.585121154785156,29.60658073425293,28.912731170654297,29.02718162536621,5324563
2012-12-21,26.127531051635742,29.36337661743164,29.36337661743164,28.369098663330078,29.098712921142578,6592688
2012-12-24,26.1402587890625,29.377681732177734,29.4492130279541,29.170242309570312,29.248926162719727,1560028
2012-12-26,26.02568817138672,29.248926162719727,29.49213218688965,29.163089752197266,29.406295776367188,3578321
2012-12-27,25.92998695373535,29.070100784301758,29.248926162719727,28.619455337524414,29.198856353759766,2823680
2012-12-28,25.41316795349121,28.49070167541504,28.891273498535156,28.469242095947266,28.769670486450195,3250490
2012-12-31,26.121402740478516,29.284692764282227,29.30615234375,28.354793548583984,28.39055824279785,4707905
2013-01-02,26.721160888671875,29.957082748413086,30.164520263671875,29.434907913208008,30.164520263671875,8790205
2013-01-03,26.816864013671875,30.06437873840332,30.143062591552734,29.742488861083984,30.0,5751791
2013-01-04,27.346435546875,30.658082962036133,30.722461700439453,29.94277572631836,30.143062591552734,6432897
2013-01-07,27.148639678955078,30.436338424682617,30.61516571044922,30.314735412597656,30.472103118896484,3589505
2013-01-08,26.931705474853516,30.193132400512695,30.600858688354492,30.11444854736328,30.379112243652344,3896925
2013-01-09,27.659074783325195,31.008583068847656,31.080114364624023,30.536481857299805,30.75822639465332,5737951
2013-01-10,27.86324691772461,31.23748207092285,31.559371948242188,30.994277954101562,31.216022491455078,5520842
2013-01-11,27.71011734008789,31.065807342529297,31.466381072998047,31.015737533569336,31.230329513549805,3244758
2013-01-14,27.780302047729492,31.14449119567871,31.14449119567871,30.679542541503906,31.065807342529297,3229100
2013-01-15,27.588884353637695,30.929899215698242,31.03004264831543,30.63662338256836,30.865522384643555,4768858
2013-01-16,27.467666625976562,30.793991088867188,30.929899215698242,30.66523551940918,30.865522384643555,3019540
2013-01-17,27.99085807800293,31.380544662475586,31.781116485595703,31.130186080932617,31.216022491455078,6639382
2013-01-18,28.16950798034668,31.580829620361328,31.587982177734375,31.18025779724121,31.50929832458496,3335069
2013-01-22,28.482145309448242,31.93132972717285,31.93848419189453,31.36623764038086,31.444921493530273,3164233
2013-01-23,28.265209197998047,31.688125610351562,31.917024612426758,31.559371948242188,31.859800338745117,3741048
2013-01-24,28.494909286499023,31.945636749267578,32.33190155029297,31.781116485595703,31.87410545349121,4350576
2013-01-25,28.896879196166992,32.396278381347656,32.58226013183594,31.952789306640625,31.995708465576172,4427885
2013-01-28,28.826698303222656,32.317596435546875,32.496421813964844,32.13161849975586,32.32474899291992,3315077
2013-01-29,28.482145309448242,31.93132972717285,32.17453384399414,31.831186294555664,32.16022872924805,4125917
2013-01-30,28.329023361206055,31.75965690612793,32.11015701293945,31.595136642456055,31.888412475585938,4113895
2013-01-31,28.571475982666016,32.03147506713867,32.09585189819336,31.69527816772461,31.72389030456543,4729853
2013-02-01,28.896879196166992,32.396278381347656,32.660945892333984,31.859800338745117,32.24606704711914,3953264
2013-02-04,28.239696502685547,31.659513473510742,32.167381286621094,31.387697219848633,32.045780181884766,4852458
2013-02-05,28.71184730529785,32.1888427734375,32.23175811767578,31.72389030456543,31.87410545349121,3020379
2013-02-06,28.76926612854004,32.25321960449219,32.281829833984375,31.838340759277344,31.988555908203125,3853447
2013-02-07,28.71822166442871,32.19599533081055,32.23175811767578,31.781116485595703,32.1173095703125,4393075
2013-02-08,28.76288604736328,32.24606704711914,32.4391975402832,32.1888427734375,32.238914489746094,2551070
2013-02-11,28.456623077392578,31.90271759033203,32.317596435546875,31.795421600341797,32.31044387817383,4075869
2013-02-12,28.46938705444336,31.917024612426758,32.153076171875,31.831186294555664,32.05293273925781,3318572
2013-02-13,28.552339553833008,32.010013580322266,32.36051559448242,31.959943771362305,32.05293273925781,2869255
2013-02-14,28.443862915039062,31.888412475585938,32.03147506713867,31.73104476928711,31.988555908203125,5376289
2013-02-15,26.957233428955078,30.221744537353516,31.645206451416016,30.193132400512695,31.101573944091797,20489927
2013-02-19,27.442148208618164,30.765378952026367,30.84406280517578,30.193132400512695,30.193132400512695,5754448
2013-02-20,26.95085334777832,30.21459197998047,30.650930404663086,30.200286865234375,30.64377784729004,5410260
2013-02-21,26.561643600463867,29.778255462646484,30.143062591552734,29.66380500793457,30.143062591552734,4774450
2013-02-22,26.670106887817383,29.899856567382812,30.09299087524414,29.742488861083984,29.921316146850586,4690150
2013-02-25,26.344715118408203,29.535049438476562,30.200286865234375,29.535049438476562,30.107295989990234,5064255
2013-02-26,26.14053726196289,29.30615234375,29.535049438476562,28.748212814331055,29.05579376220703,8647888
2013-02-27,26.62545394897461,29.84978485107422,29.97138786315918,29.206008911132812,29.320457458496094,4982752
2013-02-28,26.465938568115234,29.67095947265625,30.08583641052246,29.649499893188477,29.88555145263672,4835962
2013-03-01,26.753055572509766,29.992847442626953,30.02861213684082,29.134477615356445,29.45636558532715,4318981
2013-03-04,26.816864013671875,30.06437873840332,30.171674728393555,29.69957160949707,29.864091873168945,3404270
2013-03-05,27.21882438659668,30.5150203704834,30.894134521484375,30.286123275756836,30.293275833129883,4598022
2013-03-06,27.588884353637695,30.929899215698242,31.130186080932617,30.686695098876953,30.75822639465332,4189806
2013-03-07,27.59527015686035,30.937053680419922,31.101573944091797,30.622318267822266,30.97281837463379,3375052
2013-03-08,27.45490074157715,30.77968406677246,31.130186080932617,30.772531509399414,31.11587905883789,4552307
2013-03-11,27.314525604248047,30.622318267822266,30.765378952026367,29.84978485107422,30.751073837280273,7650835
2013-03-12,27.19330596923828,30.486408233642578,30.75822639465332,30.464950561523438,30.61516571044922,5267245
2013-03-13,27.435762405395508,30.75822639465332,30.793991088867188,30.32904052734375,30.443490982055664,3133058
2013-03-14,27.639944076538086,30.987123489379883,31.03004264831543,30.75822639465332,30.77968406677246,3970180
2013-03-15,27.442148208618164,30.765378952026367,30.91559410095215,30.672388076782227,30.829757690429688,3606281
2013-03-18,27.148639678955078,30.436338424682617,30.54363441467285,30.171674728393555,30.371959686279297,2582945
2013-03-19,26.797714233398438,30.042917251586914,30.629470825195312,29.74964141845703,30.529327392578125,8732607
2013-03-20,27.24434471130371,30.54363441467285,30.60801124572754,30.200286865234375,30.221744537353516,4530079
2013-03-21,26.57440757751465,29.792560577392578,30.586551666259766,29.778255462646484,30.36480712890625,6163922
2013-03-22,26.31919288635254,29.506437301635742,29.892704010009766,29.263233184814453,29.892704010009766,7615465
2013-03-25,26.242626190185547,29.42060089111328,29.792560577392578,29.177396774291992,29.678112030029297,3911045
2013-03-26,26.682880401611328,29.91416358947754,29.91416358947754,29.556509017944336,29.613733291625977,3511496
2013-03-27,26.855148315429688,30.107295989990234,30.1788272857666,29.477825164794922,29.613733291625977,4711120
2013-03-28,26.855148315429688,30.021459579467773,30.100143432617188,29.685264587402344,30.100143432617188,3002904
2013-04-01,26.18968391418457,29.277538299560547,30.02861213684082,29.177396774291992,29.921316146850586,3552178
2013-04-02,26.016923904418945,29.08440589904785,29.585121154785156,29.034334182739258,29.413448333740234,3291451
2013-04-03,25.92734718322754,28.984262466430664,29.320457458496094,28.841201782226562,29.062946319580078,7380042
2013-04-04,26.4968204498291,29.620887756347656,29.66380500793457,28.99856948852539,28.99856948852539,5478343
2013-04-05,26.579999923706055,29.713876724243164,29.93562126159668,29.0915584564209,29.134477615356445,6932542
2013-04-08,26.656780242919922,29.799713134765625,29.856937408447266,29.4492130279541,29.642345428466797,3348629
2013-04-09,26.650386810302734,29.792560577392578,30.135908126831055,29.706724166870117,29.84978485107422,2319981
2013-04-10,27.040699005126953,30.228897094726562,30.30758285522461,29.806867599487305,29.84978485107422,3032681
2013-04-11,28.06448745727539,31.373390197753906,31.4234619140625,30.27897071838379,30.293275833129883,7865707
2013-04-12,28.633970260620117,32.010013580322266,32.03862762451172,31.065807342529297,31.14449119567871,8504034
2013-04-15,27.539796829223633,30.78683853149414,31.859800338745117,30.722461700439453,31.831186294555664,10833941
2013-04-16,27.76374626159668,31.037195205688477,31.294706344604492,30.64377784729004,31.087268829345703,6298270
2013-04-17,26.99591827392578,30.1788272857666,30.836910247802734,29.992847442626953,30.81545066833496,6281214
2013-04-18,26.765567779541016,29.921316146850586,30.221744537353516,29.67095947265625,29.878398895263672,5559706
2013-04-19,26.874332427978516,30.042917251586914,30.200286865234375,29.792560577392578,29.964235305786133,4297592
2013-04-22,26.77835464477539,29.93562126159668,30.221744537353516,29.57081413269043,30.06437873840332,3272019
2013-04-23,27.26465606689453,30.47925567626953,30.64377784729004,30.135908126831055,30.193132400512695,4924455
2013-04-24,27.418222427368164,30.650930404663086,30.78683853149414,30.30758285522461,30.557939529418945,4222799
2013-04-25,27.341442108154297,30.565092086791992,30.937053680419922,30.5150203704834,30.793991088867188,2963620
2013-04-26,26.42643165588379,29.542203903198242,30.45064353942871,29.105865478515625,30.357654571533203,7383397
2013-04-29,26.528812408447266,29.656652450561523,29.81402015686035,29.36337661743164,29.78540802001953,3552178
2013-04-30,26.516021728515625,29.642345428466797,29.799713134765625,29.291845321655273,29.470672607421875,4825057
2013-05-01,26.432832717895508,29.54935646057129,29.856937408447266,29.513591766357422,29.628040313720703,3811367
2013-05-02,26.541601181030273,29.67095947265625,29.842632293701172,29.499284744262695,29.678112030029297,4805905
2013-05-03,26.586406707763672,29.72102928161621,30.436338424682617,29.713876724243164,29.992847442626953,6626660
2013-05-06,26.874332427978516,30.042917251586914,30.128755569458008,29.60658073425293,29.642345428466797,3941521
2013-05-07,27.130279541015625,30.32904052734375,30.33619499206543,29.97138786315918,30.171674728393555,4926692
2013-05-08,27.475814819335938,30.715307235717773,30.722461700439453,30.257511138916016,30.32904052734375,2963480
2013-05-09,27.6165771484375,30.8726749420166,30.901287078857422,30.493562698364258,30.736766815185547,4415863
2013-05-10,27.91731834411621,31.20886993408203,31.36623764038086,30.78683853149414,30.84406280517578,6517616
2013-05-13,27.539796829223633,30.78683853149414,31.158798217773438,30.557939529418945,31.065807342529297,5951845
2013-05-14,28.13487434387207,31.45207405090332,31.51645278930664,30.672388076782227,30.743919372558594,8503615
2013-05-15,29.229042053222656,32.67525100708008,33.2546501159668,32.11015701293945,32.1173095703125,14384022
2013-05-16,28.78753662109375,32.18168640136719,32.78969955444336,32.167381286621094,32.496421813964844,6837618
2013-05-17,29.15226173400879,32.589412689208984,32.78254699707031,32.18168640136719,32.203147888183594,4540564
2013-05-20,29.651350021362305,33.14735412597656,33.94134521484375,32.467811584472656,32.532188415527344,7966363
2013-05-21,29.9137020111084,33.44062805175781,33.590843200683594,33.05436325073242,33.11874008178711,5620939
2013-05-22,29.587377548217773,33.07582473754883,33.955650329589844,32.954219818115234,33.41917037963867,7579117
2013-05-23,29.267433166503906,32.718170166015625,32.85407638549805,32.33190155029297,32.68955612182617,5280945
2013-05-24,29.17145538330078,32.61087417602539,32.682403564453125,32.36766815185547,32.44635009765625,3111109
2013-05-28,29.70895004272461,33.21173095703125,33.5765380859375,32.96852493286133,32.96852493286133,6701872
2013-05-29,29.465791702270508,32.93991470336914,33.15450668334961,32.4749641418457,32.88984298706055,5062438
2013-05-30,29.465791702270508,32.93991470336914,33.65522384643555,32.91130065917969,33.05436325073242,4321078
2013-05-31,29.081867218017578,32.5107307434082,33.24034118652344,32.496421813964844,32.83977127075195,6442543
2013-06-03,29.120269775390625,32.55364990234375,32.78969955444336,32.21745300292969,32.65378952026367,5158201
2013-06-04,29.062665939331055,32.4892692565918,33.226036071777344,32.46065902709961,33.03290557861328,4703152
2013-06-05,28.493202209472656,31.85264778137207,32.46065902709961,31.831186294555664,32.41773986816406,3488150
2013-06-06,28.80032730102539,32.19599533081055,32.19599533081055,31.623748779296875,31.831186294555664,5284580
2013-06-07,28.889923095703125,32.296138763427734,32.846923828125,32.14592361450195,32.30329132080078,3888537
2013-06-10,28.62116813659668,31.995708465576172,32.4391975402832,31.824033737182617,32.4391975402832,3817658
2013-06-11,28.410017013549805,31.75965690612793,31.924177169799805,31.473533630371094,31.630901336669922,5472331
2013-06-12,28.10288429260254,31.416309356689453,32.067237854003906,31.323318481445312,32.03147506713867,3817519
2013-06-13,28.46760368347168,31.824033737182617,31.87410545349121,31.230329513549805,31.380544662475586,3627391
2013-06-14,28.154069900512695,31.473533630371094,31.88125991821289,31.36623764038086,31.716737747192383,2345425
2013-06-17,28.3972110748291,31.745351791381836,32.09585189819336,31.60944175720215,31.745351791381836,2796280
2013-06-18,28.66596031188965,32.045780181884766,32.05293273925781,31.666667938232422,31.745351791381836,3524638
2013-06-19,27.846933364868164,31.130186080932617,32.103004455566406,31.11587905883789,32.00286102294922,8116648
2013-06-20,27.079092025756836,30.27181625366211,30.836910247802734,29.93562126159668,30.836910247802734,8818444
2013-06-21,27.501405715942383,30.743919372558594,30.922746658325195,30.30758285522461,30.472103118896484,5107733
2013-06-24,27.07269859313965,30.264663696289062,30.57939910888672,30.09299087524414,30.357654571533203,4013938
2013-06-25,27.181468963623047,30.386266708374023,30.629470825195312,30.050071716308594,30.050071716308594,4104109
2013-06-26,27.091896057128906,30.286123275756836,30.965665817260742,30.24320411682129,30.829757690429688,5163932
2013-06-27,27.56539535522461,30.81545066833496,30.965665817260742,30.414878845214844,30.443490982055664,4816250
2013-06-28,27.437068939208984,30.586551666259766,30.979970932006836,30.565092086791992,30.75822639465332,7767707
2013-07-01,27.969635009765625,31.18025779724121,31.30901336669922,30.69384765625,30.793991088867188,5988473
2013-07-02,27.6488094329834,30.822603225708008,31.39484977722168,30.722461700439453,31.11587905883789,4175127
2013-07-03,27.700143814086914,30.87982749938965,31.087268829345703,30.557939529418945,30.629470825195312,2712959
2013-07-05,28.38028907775879,31.63805389404297,31.680973052978516,31.044349670410156,31.087268829345703,2932724
2013-07-08,28.46370506286621,31.73104476928711,31.952789306640625,31.559371948242188,31.745351791381836,3593000
2013-07-09,28.61770248413086,31.90271759033203,32.16022872924805,31.716737747192383,31.90271759033203,4859728
2013-07-10,29.073278427124023,32.410587310791016,32.65378952026367,31.838340759277344,31.93132972717285,4582085
2013-07-11,29.33635139465332,32.703861236572266,32.88984298706055,32.496421813964844,32.682403564453125,2979837
2013-07-12,29.35559844970703,32.72532272338867,32.86838150024414,32.603721618652344,32.74678039550781,2766223
2013-07-15,29.58660316467285,32.98283386230469,33.104434967041016,32.67525100708008,32.68955612182617,3401054
2013-07-16,29.458274841308594,32.83977127075195,33.24034118652344,32.74678039550781,32.96852493286133,2833466
2013-07-17,29.265779495239258,32.625179290771484,32.97568130493164,32.59656524658203,32.86838150024414,1671309
2013-07-18,29.45185089111328,32.832618713378906,32.93991470336914,32.58226013183594,32.660945892333984,2793484
2013-07-19,29.644346237182617,33.047210693359375,33.104434967041016,32.682403564453125,32.78254699707031,1648801
2013-07-22,30.029346466064453,33.47639465332031,33.51216125488281,32.97568130493164,33.068668365478516,2565050
2013-07-23,29.817590713500977,33.24034118652344,33.505008697509766,33.125892639160156,33.125892639160156,4099216
2013-07-24,30.00367546081543,33.447784423828125,33.48354721069336,33.2546501159668,33.38340377807617,2560437
2013-07-25,29.939517974853516,33.376251220703125,33.54792785644531,33.18312072753906,33.34763717651367,1985579
2013-07-26,29.259357452392578,32.61802673339844,33.30472183227539,32.496421813964844,33.125892639160156,5161835
2013-07-29,29.092519760131836,32.432044982910156,32.68955612182617,32.17453384399414,32.61087417602539,2743016
2013-07-30,28.778120040893555,32.081546783447266,32.61802673339844,32.06008529663086,32.58226013183594,3903076
2013-07-31,28.701114654541016,31.995708465576172,32.40343475341797,31.945636749267578,32.21745300292969,3924745
2013-08-01,29.541683197021484,32.932762145996094,33.047210693359375,32.41773986816406,32.55364990234375,3827025
2013-08-02,29.759836196899414,33.17596435546875,33.26895523071289,32.896995544433594,32.94706726074219,3354082
2013-08-05,29.477514266967773,32.861228942871094,33.19027328491211,32.761085510253906,33.09012985229492,2621809
2013-08-06,29.567346572875977,32.96137237548828,33.06151580810547,32.625179290771484,32.85407638549805,3188698
2013-08-07,29.695676803588867,33.104434967041016,33.23318862915039,32.63233184814453,32.81831359863281,2379536
2013-08-08,29.41976547241211,32.796852111816406,33.297569274902344,32.646636962890625,33.261802673339844,2379955
2013-08-09,29.657180786132812,33.06151580810547,33.23318862915039,32.76824188232422,32.796852111816406,2737843
2013-08-12,29.804758071899414,33.226036071777344,33.26895523071289,32.703861236572266,32.82546615600586,1743586
2013-08-13,30.106338500976562,33.562232971191406,33.60514831542969,33.07582473754883,33.226036071777344,2905324
2013-08-14,29.84326171875,33.26895523071289,33.61945724487305,33.1688117980957,33.45493698120117,2778525
2013-08-15,30.132001876831055,33.590843200683594,34.45636749267578,33.51216125488281,34.04148864746094,9378203
2013-08-16,30.02292823791504,33.469242095947266,33.776824951171875,33.27610778808594,33.48354721069336,5067331
2013-08-19,29.798341751098633,33.2188835144043,33.5765380859375,33.2045783996582,33.354793548583984,2415185
2013-08-20,30.17691421508789,33.64091491699219,33.81258773803711,33.02574920654297,33.21173095703125,3207431
2013-08-21,30.087078094482422,33.540771484375,33.79113006591797,33.36194610595703,33.56938552856445,2724842
2013-08-22,30.780073165893555,34.31330490112305,34.57081604003906,33.47639465332031,33.540771484375,4400904
2013-08-23,30.593984603881836,34.105865478515625,34.33476257324219,34.00572204589844,34.30615234375,2377998
2013-08-26,30.54265022277832,34.048641204833984,34.47782516479492,33.8984260559082,34.07725143432617,2813056
2013-08-27,30.138418197631836,33.59799575805664,33.8984260559082,33.47639465332031,33.67668151855469,2982214
2013-08-28,29.990842819213867,33.433475494384766,33.59799575805664,33.26895523071289,33.53361892700195,2223379
2013-08-29,30.029346466064453,33.47639465332031,33.64091491699219,33.2045783996582,33.354793548583984,2657179
2013-08-30,29.926671981811523,33.36194610595703,33.60514831542969,33.1688117980957,33.540771484375,1899323
2013-09-03,30.112754821777344,33.56938552856445,33.9842643737793,33.34763717651367,33.648067474365234,2188709
2013-09-04,30.715909957885742,34.24177551269531,34.30615234375,33.433475494384766,33.56938552856445,3525756
2013-09-05,30.593984603881836,34.105865478515625,34.39914321899414,34.03433609008789,34.20600891113281,1835854
2013-09-06,30.433582305908203,33.927040100097656,34.184547424316406,33.71244430541992,34.127323150634766,1863394
2013-09-09,30.767229080200195,34.29899978637695,34.37052917480469,33.82689666748047,34.04148864746094,2333122
2013-09-10,31.152236938476562,34.72818374633789,34.81401824951172,34.36337661743164,34.36337661743164,2546177
2013-09-11,31.415300369262695,35.02145767211914,35.06437683105469,34.492130279541016,34.763946533203125,2493193
2013-09-12,31.197160720825195,34.778255462646484,35.00715255737305,34.685264587402344,34.97854232788086,2052963
2013-09-13,31.094486236572266,34.66380310058594,34.778255462646484,34.49928665161133,34.763946533203125,2993258
2013-09-16,31.274152755737305,34.86409378051758,35.17882537841797,34.74964141845703,35.09299087524414,2600140
2013-09-17,31.3575496673584,34.95708084106445,35.278968811035156,34.778255462646484,34.856937408447266,2206603
2013-09-18,31.64630126953125,35.278968811035156,35.30043029785156,34.54220199584961,34.88555145263672,2857792
2013-09-19,32.71144485473633,36.46638107299805,38.24749755859375,36.30186080932617,37.85407638549805,25368667
2013-09-20,33.46217346191406,37.30329132080078,37.4749641418457,36.46638107299805,36.50214767456055,14947276
2013-09-23,33.154197692871094,36.95994186401367,37.36766815185547,36.75250244140625,37.13161849975586,3798226
2013-09-24,33.1092643737793,36.90987014770508,37.138771057128906,36.623748779296875,36.917022705078125,3080912
2013-09-25,33.2568473815918,37.07439041137695,37.28898239135742,36.7954216003418,36.90271759033203,4005410
2013-09-26,33.4236946105957,37.260372161865234,37.281829833984375,36.80972671508789,37.167381286621094,3747059
2013-09-27,33.205020904541016,36.931331634521484,37.26752471923828,36.76681137084961,37.081546783447266,2949920
2013-09-30,32.96062469482422,36.659515380859375,36.92417526245117,36.30186080932617,36.494991302490234,3704700
2013-10-01,33.378639221191406,37.12446212768555,37.25321960449219,36.26609420776367,36.26609420776367,4189806
2013-10-02,33.16643142700195,36.88841247558594,36.988555908203125,36.587982177734375,36.90271759033203,2825078
2013-10-03,32.83842086791992,36.52360534667969,36.88841247558594,36.41630935668945,36.88125991821289,2626143
2013-10-04,33.3015022277832,37.03862762451172,37.09585189819336,36.530757904052734,36.60228729248047,2611324
2013-10-07,32.883453369140625,36.57367706298828,36.90271759033203,36.530757904052734,36.72389221191406,1932176
2013-10-08,32.240318298339844,35.858367919921875,36.716739654541016,35.68669509887695,36.60944366455078,3367223
2013-10-09,32.12455749511719,35.7296142578125,36.03719711303711,35.32904052734375,35.929901123046875,3397979
2013-10-10,32.79339599609375,36.473533630371094,36.623748779296875,35.972816467285156,35.972816467285156,3391967
2013-10-11,33.095680236816406,36.80972671508789,36.95994186401367,36.23748016357422,36.39485168457031,2098258
2013-10-14,33.0313720703125,36.738197326660156,36.78826904296875,36.130184173583984,36.623748779296875,2950479
2013-10-15,32.72267150878906,36.39485168457031,36.61659622192383,36.19456481933594,36.53791046142578,2742736
2013-10-16,33.16001892089844,36.88125991821289,37.1888427734375,36.437767028808594,36.63805389404297,3478224
2013-10-17,33.86101150512695,37.660945892333984,37.69670867919922,36.57367706298828,36.659515380859375,4960663
2013-10-18,34.07967758178711,37.90414810180664,38.082977294921875,37.646636962890625,37.861228942871094,4027498
2013-10-21,33.4365348815918,37.1888427734375,38.011444091796875,37.12446212768555,37.93991470336914,3573847
2013-10-22,32.81269836425781,36.494991302490234,37.339054107666016,36.36623764038086,37.26752471923828,5984139
2013-10-23,32.574737548828125,36.23032760620117,36.39485168457031,35.97997283935547,36.30901336669922,3283343
2013-10-24,32.877010345458984,36.566524505615234,36.63805389404297,36.24463653564453,36.24463653564453,2496688
2013-10-25,33.359371185302734,37.103004455566406,37.13161849975586,36.54506301879883,36.72389221191406,3352823
2013-10-28,33.11497116088867,36.8311882019043,37.18168640136719,36.566524505615234,37.045780181884766,2486623
2013-10-29,33.250038146972656,36.98140335083008,37.12446212768555,36.645206451416016,36.85264587402344,1669212
2013-10-30,32.896305084228516,36.587982177734375,37.067237854003906,36.38054275512695,37.02431869506836,1901280
2013-10-31,32.64549255371094,36.30901336669922,36.716739654541016,36.0872688293457,36.587982177734375,2649909
2013-11-01,32.86415100097656,36.552215576171875,36.895565032958984,36.36623764038086,36.4234619140625,2699538
2013-11-04,32.93490219116211,36.63090133666992,36.80972671508789,36.44491958618164,36.75965881347656,1971040
2013-11-05,32.93490219116211,36.63090133666992,36.738197326660156,36.373390197753906,36.60944366455078,2206184
2013-11-06,32.82557678222656,36.509300231933594,36.7095832824707,36.337623596191406,36.61659622192383,1997323
2013-11-07,32.18885803222656,35.801143646240234,36.623748779296875,35.65092849731445,36.53791046142578,4961222
2013-11-08,32.658348083496094,36.32331848144531,36.437767028808594,35.77253341674805,35.86552047729492,2601119
2013-11-11,32.99277114868164,36.69527816772461,36.773963928222656,36.1373405456543,36.21602249145508,2774331
2013-11-12,32.92845916748047,36.623748779296875,36.76681137084961,36.30901336669922,36.623748779296875,3295366
2013-11-13,32.92845916748047,36.623748779296875,36.69527816772461,36.23748016357422,36.40200424194336,2949920
2013-11-14,32.50398254394531,36.15164566040039,36.623748779296875,36.02288818359375,36.623748779296875,3963190
2013-11-15,35.32735061645508,39.29184341430664,39.871246337890625,38.40486526489258,38.648067474365234,15397991
2013-11-18,34.76139450073242,38.662376403808594,39.32761001586914,38.39055633544922,38.9484977722168,5775837
2013-11-19,34.61347579956055,38.49785232543945,38.76251983642578,38.30472183227539,38.39055633544922,3457254
2013-11-20,34.42697525024414,38.2904167175293,38.81258773803711,38.24749755859375,38.505008697509766,3245457
2013-11-21,34.793548583984375,38.69813919067383,39.02002716064453,38.412017822265625,38.48354721069336,3379805
2013-11-22,34.63277816772461,38.51931381225586,38.869815826416016,38.447784423828125,38.69813919067383,2671298
2013-11-25,34.156856536865234,37.989986419677734,38.719600677490234,37.92560958862305,38.705291748046875,2446780
2013-11-26,34.5041389465332,38.376251220703125,38.5765380859375,38.07582473754883,38.09728240966797,4468427
2013-11-27,34.607059478759766,38.490699768066406,38.626609802246094,38.36909866333008,38.469242095947266,1663340
2013-11-29,34.45268249511719,38.319026947021484,38.60514831542969,38.24034118652344,38.51931381225586,1216819
2013-12-02,34.22117614746094,38.06151580810547,38.39055633544922,37.989986419677734,38.24749755859375,2039962
2013-12-03,34.041080474853516,37.861228942871094,38.03290557861328,37.59656524658203,37.85407638549805,3462706
2013-12-04,34.45912170410156,38.32617950439453,38.505008697509766,37.71101760864258,37.796852111816406,3377288
2013-12-05,34.40768051147461,38.26895523071289,38.48354721069336,37.99713897705078,38.161659240722656,2530939
2013-12-06,35.26304626464844,39.220314025878906,39.29184341430664,38.45493698120117,38.45493698120117,4268513
2013-12-09,35.41096878051758,39.38483428955078,39.649497985839844,39.15593719482422,39.198856353759766,2961663
2013-12-10,35.59104919433594,39.585121154785156,39.67095947265625,39.07725143432617,39.27753829956055,3253006
2013-12-11,35.26948165893555,39.22746658325195,39.835479736328125,39.11301803588867,39.5922737121582,3277751
2013-12-12,35.53960037231445,39.527896881103516,39.7138786315918,38.84120178222656,39.07725143432617,3794591
2013-12-13,35.47528839111328,39.45636749267578,39.985694885253906,39.2703857421875,39.59942626953125,2827595
2013-12-16,35.52674102783203,39.51359176635742,39.90700912475586,39.391990661621094,39.52074432373047,2356329
2013-12-17,36.253475189208984,40.3218879699707,40.97997283935547,39.92131423950195,40.02861022949219,4484784
2013-12-18,37.23103713989258,41.409156799316406,41.44491958618164,40.3218879699707,40.414878845214844,5782547
2013-12-19,36.90304183959961,41.044349670410156,41.36623764038086,40.82260513305664,41.180259704589844,2646694
2013-12-20,36.63291549682617,40.743919372558594,41.25178909301758,40.70815658569336,41.108726501464844,4129692
2013-12-23,37.00594711303711,41.15879821777344,41.24463653564453,40.858367919921875,41.09442138671875,2206743
2013-12-24,36.80657958984375,40.93705368041992,41.20886993408203,40.894134521484375,41.130184173583984,1090021
2013-12-26,36.95449447631836,41.1015739440918,41.280399322509766,40.94420623779297,40.94420623779297,998731
2013-12-27,36.852638244628906,40.894134521484375,41.072959899902344,40.858367919921875,40.93705368041992,913034
2013-12-30,36.94932174682617,41.00143051147461,41.1015739440918,40.715309143066406,40.80829620361328,1576944
2013-12-31,36.865543365478516,40.90843963623047,41.165950775146484,40.82975769042969,41.09442138671875,1316077
2014-01-02,36.23380661010742,40.20743942260742,40.84406280517578,40.164520263671875,40.84406280517578,2678848
2014-01-03,36.69149398803711,40.715309143066406,41.02288818359375,40.24320602416992,40.33619689941406,2609647
2014-01-06,36.5109977722168,40.51502227783203,41.27324676513672,40.45779800415039,41.05865478515625,2484665
2014-01-07,37.03314208984375,41.09442138671875,41.223175048828125,40.72246170043945,40.73676681518555,2045554
2014-01-08,37.63905334472656,41.76681137084961,41.874107360839844,40.894134521484375,41.008583068847656,3717981
2014-01-09,37.65196990966797,41.7811164855957,41.97425079345703,41.39485168457031,41.773963928222656,2457125
2014-01-10,37.98716735839844,42.153076171875,42.21030044555664,41.587982177734375,41.85264587402344,2269234
2014-01-13,37.98716735839844,42.153076171875,42.27467727661133,41.917022705078125,42.03862762451172,4119487
2014-01-14,38.599552154541016,42.832618713378906,42.8826904296875,42.21745300292969,42.317596435546875,3581956
2014-01-15,38.89606475830078,43.161659240722656,43.18312072753906,42.625179290771484,42.78969955444336,3264610
2014-01-16,38.99919891357422,43.27610778808594,43.27610778808594,42.94706726074219,43.09012985229492,2566728
2014-01-17,39.134586334228516,43.42632293701172,43.51216125488281,43.15450668334961,43.51216125488281,2375901
2014-01-21,39.22483444213867,43.526466369628906,43.54792785644531,42.81831359863281,43.412017822265625,4205883
2014-01-22,39.27640151977539,43.58369064331055,43.79113006591797,43.42632293701172,43.505008697509766,3871621
2014-01-23,38.335262298583984,42.53934097290039,43.283260345458984,42.496421813964844,43.261802673339844,4282773
2014-01-24,37.303855895996094,41.39485168457031,42.532188415527344,41.280399322509766,42.36051559448242,3713507
2014-01-27,37.5810432434082,41.702430725097656,41.75250244140625,40.75822448730469,41.41630935668945,6527262
2014-01-28,37.452144622802734,41.55937194824219,42.1173095703125,41.4234619140625,41.84549331665039,3545328
2014-01-29,37.16205596923828,41.23748016357422,41.645206451416016,41.0658073425293,41.25178909301758,3023874
2014-01-30,38.36103820800781,42.567955017089844,42.99713897705078,41.78826904296875,41.78826904296875,5232994
2014-01-31,37.484352111816406,41.59513473510742,42.31044387817383,41.52360534667969,41.92417526245117,4804227
2014-02-03,36.195125579833984,40.164520263671875,41.8311882019043,40.11444854736328,41.59513473510742,4095161
2014-02-04,37.26519775390625,41.351932525634766,41.40200424194336,40.12160110473633,40.2861213684082,4070836
2014-02-05,37.0202522277832,41.08011245727539,41.27324676513672,40.743919372558594,41.18741226196289,3192892
2014-02-06,37.57461166381836,41.69527816772461,41.738197326660156,41.1015739440918,41.1373405456543,2250081
2014-02-07,38.30302047729492,42.503578186035156,42.53934097290039,41.58082962036133,41.81687927246094,2749586
2014-02-10,38.03871536254883,42.21030044555664,42.51788330078125,41.69527816772461,42.396278381347656,2461179
2014-02-11,38.50285720825195,42.72532272338867,42.918453216552734,42.1173095703125,42.203147888183594,2985848
2014-02-12,38.60599899291992,42.83977127075195,43.24749755859375,42.682403564453125,42.918453216552734,3280826
2014-02-13,38.72846984863281,42.97568130493164,43.19027328491211,42.467811584472656,42.5250358581543,4323595
2014-02-14,35.61497497558594,39.52074432373047,41.32331848144531,39.24892807006836,40.87982940673828,24946891
2014-02-18,35.55051040649414,39.44921112060547,40.085838317871094,39.31330490112305,39.61373519897461,9161513
2014-02-19,36.059757232666016,40.014305114746094,40.52217483520508,39.2703857421875,39.34907150268555,6764642
2014-02-20,36.92998123168945,40.97997283935547,41.15879821777344,40.09299087524414,40.15736770629883,6471482
2014-02-21,36.317623138427734,40.30043029785156,41.05865478515625,40.2861213684082,40.951358795166016,3365266
2014-02-24,36.58189392089844,40.59370422363281,40.75822448730469,40.34334945678711,40.379112243652344,3345134
2014-02-25,36.6721305847168,40.69384765625,41.180259704589844,40.59370422363281,40.62947082519531,4718390
2014-02-26,36.80751419067383,40.84406280517578,41.21602249145508,40.59370422363281,40.75822448730469,3356458
2014-02-27,36.330501556396484,40.314735412597656,40.972816467285156,40.19313430786133,40.78683853149414,4367072
2014-02-28,36.69793701171875,40.72246170043945,40.85121536254883,40.34334945678711,40.379112243652344,3998000
2014-03-03,36.55612564086914,40.565093994140625,40.858367919921875,39.90700912475586,40.143062591552734,3478783
2014-03-04,37.24585723876953,41.33047103881836,41.48783874511719,40.75822448730469,40.929901123046875,3972976
2014-03-05,37.25873565673828,41.34477615356445,41.48783874511719,41.17310333251953,41.280399322509766,4352673
2014-03-06,37.8840217590332,42.03862762451172,42.432044982910156,41.587982177734375,41.76681137084961,7239962
2014-03-07,37.65840530395508,41.78826904296875,42.34621047973633,41.144493103027344,42.24606704711914,4539586
2014-03-10,37.484352111816406,41.59513473510742,41.73104476928711,41.201717376708984,41.69527816772461,3583633
2014-03-11,36.65281295776367,40.67238998413086,41.702430725097656,40.414878845214844,41.65236282348633,4783537
2014-03-12,36.7817268371582,40.815452575683594,40.82975769042969,40.06437683105469,40.42918395996094,2309915
2014-03-13,36.00176239013672,39.949928283691406,41.05865478515625,39.892704010009766,40.88698196411133,3241682
2014-03-14,35.737449645996094,39.65665054321289,40.04291915893555,39.506439208984375,39.778255462646484,2439790
2014-03-17,35.969505310058594,39.914161682128906,40.350502014160156,39.685264587402344,39.82832717895508,2009625
2014-03-18,36.60769271850586,40.622318267822266,40.63662338256836,39.94277572631836,40.0357666015625,1809991
2014-03-19,36.50455093383789,40.507869720458984,40.87982940673828,40.18598175048828,40.57224655151367,2522551
2014-03-20,36.54966735839844,40.55794143676758,40.72246170043945,40.17167282104492,40.4434928894043,2528143
2014-03-21,36.156455993652344,40.12160110473633,41.33047103881836,40.02861022949219,40.90128707885742,3862534
2014-03-24,35.62142562866211,39.527896881103516,40.221744537353516,39.09871292114258,40.11444854736328,2776009
2014-03-25,35.55697250366211,39.45636749267578,40.20743942260742,39.32761001586914,39.69956970214844,2414765
2014-03-26,35.56341552734375,39.46352005004883,40.050071716308594,39.45636749267578,39.6280403137207,3579859
2014-03-27,35.253997802734375,39.12017059326172,39.77110290527344,38.78397750854492,39.77110290527344,4151780
2014-03-28,35.253997802734375,39.12017059326172,39.52074432373047,38.927040100097656,39.234619140625,2805646
2014-03-31,36.04685592651367,40.0,40.09299087524414,39.03433609008789,39.320457458496094,3062738
2014-04-01,36.330501556396484,40.314735412597656,40.50071334838867,39.94277572631836,40.200286865234375,2922799
2014-04-02,36.530338287353516,40.53647994995117,40.55794143676758,40.200286865234375,40.3576545715332,2683461
2014-04-03,36.48520278930664,40.48640823364258,40.872676849365234,40.25035858154297,40.608009338378906,2240994
2014-04-04,35.82125473022461,39.74964141845703,40.94420623779297,39.73533630371094,40.84406280517578,3226165
2014-04-07,35.03483963012695,38.87696838378906,39.81401824951172,38.58369064331055,39.742488861083984,3613131
2014-04-08,35.234649658203125,39.09871292114258,39.341915130615234,38.49785232543945,38.776824951171875,2575815
2014-04-09,35.9079704284668,39.74964141845703,39.778255462646484,38.8984260559082,39.65665054321289,2820465
2014-04-10,34.92578887939453,38.662376403808594,39.799713134765625,38.55508041381836,39.74964141845703,2749027
2014-04-11,34.09867858886719,37.74678039550781,38.662376403808594,37.660945892333984,38.40486526489258,3623616
2014-04-14,34.02113342285156,37.660945892333984,38.09012985229492,37.41773986816406,38.047210693359375,3971159
2014-04-15,34.31837844848633,37.989986419677734,38.1688117980957,37.167381286621094,37.796852111816406,3037155
2014-04-16,34.68671798706055,38.39771270751953,38.46208953857422,38.09012985229492,38.30472183227539,1738413
2014-04-17,35.3134880065918,39.09156036376953,39.26323318481445,38.34763717651367,38.44062805175781,2882676
2014-04-21,35.33933639526367,39.12017059326172,39.198856353759766,38.8626594543457,39.06294631958008,1657888
2014-04-22,35.520263671875,39.320457458496094,39.77110290527344,39.00572204589844,39.127323150634766,2062749
2014-04-23,35.54611587524414,39.34907150268555,39.48497772216797,39.03433609008789,39.234619140625,1250092
2014-04-24,35.720584869384766,39.54220199584961,39.7138786315918,39.027183532714844,39.506439208984375,2525347
2014-04-25,35.14547348022461,38.90557861328125,39.52074432373047,38.67668151855469,39.52074432373047,2209539
2014-04-28,34.7190055847168,38.433475494384766,39.29184341430664,37.8111572265625,39.234619140625,4206582
2014-04-29,34.44114685058594,38.125892639160156,38.30472183227539,37.17453384399414,38.11874008178711,4688612
2014-04-30,34.91933822631836,38.65522384643555,38.67668151855469,37.92560958862305,38.2188835144043,2346683
2014-05-01,35.19717025756836,38.96280288696289,39.24892807006836,38.38340377807617,38.58369064331055,2058415
2014-05-02,35.242401123046875,39.012874603271484,39.33476257324219,38.69098663330078,38.9842643737793,2909098
2014-05-05,35.75288772583008,39.57796859741211,39.5922737121582,38.54792785644531,38.84835433959961,2918045
2014-05-06,35.54611587524414,39.34907150268555,39.66380310058594,38.955650329589844,39.39914321899414,3109432
2014-05-07,35.559043884277344,39.36337661743164,39.434906005859375,38.819740295410156,39.434906005859375,3102442
2014-05-08,35.733497619628906,39.5565071105957,40.15736770629883,39.12017059326172,39.36337661743164,3088322
2014-05-09,35.79166793823242,39.620887756347656,39.79256057739258,39.20600891113281,39.527896881103516,1800484
2014-05-12,36.45075607299805,40.350502014160156,40.50071334838867,39.6781120300293,39.75679397583008,2854856
2014-05-13,36.72215270996094,40.65092849731445,40.75822448730469,40.34334945678711,40.507869720458984,2048769
2014-05-14,36.088897705078125,39.949928283691406,40.622318267822266,39.84263229370117,40.61516571044922,3622078
2014-05-15,35.21009063720703,38.97711181640625,40.164520263671875,38.447784423828125,39.05579376220703,8024800
2014-05-16,35.559043884277344,39.36337661743164,39.434906005859375,38.56938552856445,38.90557861328125,3363308
2014-05-19,35.520263671875,39.320457458496094,39.506439208984375,39.127323150634766,39.2703857421875,3833456
2014-05-20,35.09379959106445,38.84835433959961,39.31330490112305,38.776824951171875,39.24892807006836,2572460
2014-05-21,35.533180236816406,39.33476257324219,39.44205856323242,38.94134521484375,39.04148864746094,1541015
2014-05-22,35.88859176635742,39.72818374633789,39.84978485107422,39.26323318481445,39.341915130615234,2357168
2014-05-23,36.30213928222656,40.18598175048828,40.21459197998047,39.470672607421875,39.80686569213867,4907819
2014-05-27,36.36674880981445,40.257511138916016,40.414878845214844,40.07868576049805,40.278968811035156,1664459
2014-05-28,36.903079986572266,40.85121536254883,40.93705368041992,40.278968811035156,40.350502014160156,2518777
2014-05-29,36.80615234375,40.743919372558594,41.044349670410156,40.51502227783203,40.90128707885742,2179063
2014-05-30,36.79322814941406,40.7296142578125,40.85121536254883,40.22889709472656,40.679542541503906,3560986
2014-06-02,36.76091003417969,40.69384765625,40.765380859375,40.27181625366211,40.743919372558594,1782170
2014-06-03,36.97416305541992,40.929901123046875,41.12303161621094,40.54363250732422,40.57939910888672,2575535
2014-06-04,37.122779846191406,41.09442138671875,41.11587905883789,40.743919372558594,40.78683853149414,1597774
2014-06-05,37.86587905883789,41.917022705078125,42.02431869506836,41.0658073425293,41.09442138671875,2562674
2014-06-06,38.13080596923828,42.21030044555664,42.40343475341797,41.75250244140625,41.90271759033203,1797548
2014-06-09,38.30529022216797,42.40343475341797,42.61802673339844,41.988555908203125,42.203147888183594,1661942
2014-06-10,38.053279876708984,42.12446212768555,42.38197326660156,41.90271759033203,42.317596435546875,1772384
2014-06-11,38.06620407104492,42.138771057128906,42.296138763427734,41.7095832824707,41.72389221191406,1972019
2014-06-12,37.73664093017578,41.773963928222656,42.203147888183594,41.63090133666992,42.13161849975586,2345844
2014-06-13,37.80126190185547,41.84549331665039,42.11015701293945,41.61659622192383,41.8669548034668,1474750
2014-06-16,37.68495559692383,41.716739654541016,42.103004455566406,41.59513473510742,41.895565032958984,1641811
2014-06-17,38.04035186767578,42.11015701293945,42.34621047973633,41.623748779296875,41.680973052978516,1857243
2014-06-18,38.2988166809082,42.396278381347656,42.432044982910156,41.8669548034668,42.103004455566406,1558351
2014-06-19,37.878807067871094,41.931331634521484,42.589412689208984,41.59513473510742,42.34621047973633,4403001
2014-06-20,37.97572708129883,42.03862762451172,42.24606704711914,41.373390197753906,41.373390197753906,2837101
2014-06-23,37.549259185791016,41.566524505615234,42.103004455566406,41.46638107299805,41.99570846557617,2006969
2014-06-24,37.25199890136719,41.23748016357422,41.838340759277344,41.18741226196289,41.509300231933594,1573868
2014-06-25,37.45878982543945,41.46638107299805,41.55937194824219,41.0658073425293,41.20886993408203,1482579
2014-06-26,37.36186599731445,41.35908508300781,41.530757904052734,41.05865478515625,41.48068618774414,1541155
2014-06-27,37.24009704589844,41.130184173583984,41.587982177734375,40.90128707885742,41.144493103027344,2123562
2014-06-30,37.20125198364258,41.0872688293457,41.316165924072266,40.90128707885742,41.130184173583984,1837531
2014-07-01,37.72585678100586,41.66666793823242,41.802574157714844,41.044349670410156,41.30186080932617,2811098
2014-07-02,37.5963134765625,41.52360534667969,41.90987014770508,41.33047103881836,41.58082962036133,1978170
2014-07-03,37.86186218261719,41.81687927246094,41.874107360839844,41.50214767456055,41.623748779296875,839779
2014-07-07,37.641658782958984,41.57367706298828,41.66666793823242,41.38054275512695,41.63090133666992,1326982
2014-07-08,37.0134162902832,40.87982940673828,41.437767028808594,40.715309143066406,41.373390197753906,2259028
2014-07-09,36.85151672363281,40.70100021362305,40.82975769042969,40.42918395996094,40.80829620361328,1787343
2014-07-10,36.58598709106445,40.4077262878418,40.507869720458984,40.06437683105469,40.350502014160156,1662641
2014-07-11,36.6572265625,40.48640823364258,40.586551666259766,40.164520263671875,40.293277740478516,1654253
2014-07-14,36.799705505371094,40.643775939941406,40.82260513305664,40.50071334838867,40.715309143066406,2079944
2014-07-15,36.69607162475586,40.529327392578125,40.68669509887695,40.164520263671875,40.55794143676758,2928111
2014-07-16,36.890377044677734,40.743919372558594,40.84406280517578,40.65092849731445,40.68669509887695,2612163
2014-07-17,35.718116760253906,39.44921112060547,40.414878845214844,39.44205856323242,40.39341735839844,6156932
2014-07-18,36.36577606201172,40.164520263671875,40.236053466796875,39.549354553222656,39.6423454284668,2385268
2014-07-21,36.72846603393555,40.565093994140625,40.73676681518555,39.90700912475586,39.95708084106445,2773492
2014-07-22,37.382598876953125,41.28755569458008,41.60944366455078,40.73676681518555,40.77253341674805,3371557
2014-07-23,37.220680236816406,41.108726501464844,41.7095832824707,41.09442138671875,41.566524505615234,2032133
2014-07-24,36.81266403198242,40.658084869384766,41.30186080932617,40.565093994140625,41.201717376708984,3543091
2014-07-25,36.61189270019531,40.436336517333984,40.586551666259766,40.30758285522461,40.42918395996094,2404001
2014-07-28,36.45645523071289,40.26466369628906,40.436336517333984,39.97854232788086,40.4077262878418,2111260
2014-07-29,36.288047790527344,40.07868576049805,40.314735412597656,39.97138977050781,40.26466369628906,2800334
2014-07-30,36.773799896240234,40.61516571044922,40.63662338256836,40.071529388427734,40.21459197998047,1917077
2014-07-31,36.326908111572266,40.12160110473633,40.472103118896484,39.93562316894531,40.21459197998047,3785924
2014-08-01,36.31396484375,40.107295989990234,40.34334945678711,39.74964141845703,39.892704010009766,2238757
2014-08-04,36.437007904052734,40.24320602416992,40.34334945678711,39.763946533203125,40.19313430786133,1338725
2014-08-05,35.776424407958984,39.51359176635742,40.13590621948242,39.413448333740234,39.985694885253906,2422594
2014-08-06,36.003082275390625,39.763946533203125,39.856937408447266,39.2703857421875,39.506439208984375,2193182
2014-08-07,35.65335464477539,39.377681732177734,40.05722427368164,39.32761001586914,40.04291915893555,2276643
2014-08-08,35.776424407958984,39.51359176635742,39.57081604003906,39.24177551269531,39.563663482666016,2468868
2014-08-11,35.75048828125,39.48497772216797,39.80686569213867,39.38483428955078,39.65665054321289,1751275
2014-08-12,35.193519592285156,38.869815826416016,39.391990661621094,38.84120178222656,39.33476257324219,3693656
2014-08-13,35.47849655151367,39.184547424316406,39.320457458496094,38.76251983642578,38.96995544433594,2406377
2014-08-14,36.02250671386719,39.78540802001953,39.79256057739258,38.9484977722168,39.184547424316406,4862943
2014-08-15,37.29191970825195,41.18741226196289,42.24606704711914,41.02288818359375,42.167381286621094,7799162
2014-08-18,37.900726318359375,41.859798431396484,41.931331634521484,41.02288818359375,41.30901336669922,3860717
2014-08-19,37.9266242980957,41.88841247558594,42.02431869506836,41.60228729248047,41.859798431396484,1667814
2014-08-20,37.77765655517578,41.72389221191406,41.7811164855957,41.44491958618164,41.716739654541016,2581547
2014-08-21,37.55744934082031,41.48068618774414,41.8311882019043,41.46638107299805,41.7453498840332,1717303
2014-08-22,37.330780029296875,41.23032760620117,41.51645278930664,41.11587905883789,41.41630935668945,2012561
2014-08-25,37.39555358886719,41.30186080932617,41.59513473510742,41.18741226196289,41.40200424194336,1352006
2014-08-26,37.46677780151367,41.38054275512695,41.41630935668945,41.15879821777344,41.30901336669922,1237649
2014-08-27,37.16238784790039,41.044349670410156,41.48783874511719,40.97997283935547,41.48783874511719,1667814
2014-08-28,37.0134162902832,40.87982940673828,41.15164566040039,40.75822448730469,40.872676849365234,1950769
2014-08-29,37.01990509033203,40.88698196411133,41.130184173583984,40.82975769042969,41.008583068847656,2767900
2014-09-02,37.6092643737793,41.53791046142578,41.55937194824219,40.93705368041992,40.93705368041992,2817809
2014-09-03,37.602787017822266,41.530757904052734,41.81687927246094,41.40200424194336,41.63805389404297,2066244
2014-09-04,37.36317443847656,41.26609420776367,41.838340759277344,41.201717376708984,41.57367706298828,1105259
2014-09-05,37.512115478515625,41.43061447143555,41.52360534667969,40.987125396728516,41.18741226196289,1268405
2014-09-08,37.337249755859375,41.23748016357422,41.459228515625,41.130184173583984,41.28755569458008,1881428
2014-09-09,37.207733154296875,41.09442138671875,41.34477615356445,41.09442138671875,41.26609420776367,1797968
2014-09-10,37.36317443847656,41.26609420776367,41.36623764038086,40.90128707885742,41.201717376708984,2066104
2014-09-11,37.298404693603516,41.19456481933594,41.28755569458008,41.0658073425293,41.144493103027344,1392268
2014-09-12,37.9525260925293,41.917022705078125,41.93848419189453,41.20886993408203,41.20886993408203,3621379
2014-09-15,37.512115478515625,41.43061447143555,41.84549331665039,41.30186080932617,41.84549331665039,2266298
2014-09-16,37.505645751953125,41.4234619140625,41.566524505615234,41.03719711303711,41.35908508300781,1928960
2014-09-17,38.140350341796875,42.12446212768555,42.19599533081055,41.43061447143555,41.48783874511719,3788440
2014-09-18,37.82300567626953,41.773963928222656,42.4892692565918,41.7095832824707,42.34621047973633,4008066
2014-09-19,37.72585678100586,41.66666793823242,42.1888427734375,41.55937194824219,42.07439041137695,3039252
2014-09-22,37.27248764038086,41.165950775146484,41.623748779296875,40.96566390991211,41.58082962036133,2357867
2014-09-23,36.9033317565918,40.75822448730469,41.11587905883789,40.70815658569336,40.951358795166016,2281955
2014-09-24,37.538028717041016,41.459228515625,41.51645278930664,40.61516571044922,40.68669509887695,2307399
2014-09-25,36.84503173828125,40.69384765625,41.48068618774414,40.69384765625,41.3876953125,2278181
2014-09-26,36.677547454833984,40.414878845214844,40.7296142578125,40.107295989990234,40.622318267822266,3101323
2014-09-29,37.09952163696289,40.87982940673828,40.90128707885742,40.0,40.085838317871094,2273987
2014-09-30,36.989158630371094,40.75822448730469,41.05865478515625,40.643775939941406,40.92274856567383,2964599
2014-10-01,36.4827995300293,40.200286865234375,40.72246170043945,40.18598175048828,40.66523742675781,3468857
2014-10-02,36.24262237548828,39.93562316894531,40.22889709472656,39.549354553222656,40.15021514892578,2387924
2014-10-03,36.9437141418457,40.70815658569336,40.779685974121094,40.17167282104492,40.221744537353516,2205065
2014-10-06,36.72300720214844,40.46495056152344,40.88698196411133,40.36480712890625,40.815452575683594,1618045
2014-10-07,35.703819274902344,39.341915130615234,40.293277740478516,39.341915130615234,40.236053466796875,2117271
2014-10-08,36.65159225463867,40.38626480102539,40.42918395996094,39.198856353759766,39.38483428955078,2970331
2014-10-09,35.72328567504883,39.36337661743164,40.257511138916016,39.36337661743164,40.257511138916016,3531767
2014-10-10,34.820953369140625,38.36909866333008,39.356224060058594,38.21173095703125,39.27753829956055,7176773
2014-10-13,34.26918411254883,37.761085510253906,38.79113006591797,37.718170166015625,38.433475494384766,3533165
2014-10-14,33.62000274658203,37.045780181884766,38.19027328491211,37.03147506713867,37.93991470336914,5554114
2014-10-15,33.62000274658203,37.045780181884766,37.11015701293945,35.622318267822266,36.3876953125,6604012
2014-10-16,33.568084716796875,36.988555908203125,37.281829833984375,36.15879821777344,36.32331848144531,7496216
2014-10-17,33.93160629272461,37.38912582397461,38.2045783996582,37.21030044555664,37.317596435546875,5327498
2014-10-20,33.98352813720703,37.44635009765625,37.467811584472656,36.38054275512695,37.24606704711914,6909196
2014-10-21,35.05465316772461,38.626609802246094,38.648067474365234,37.8111572265625,37.8111572265625,3120196
2014-10-22,34.43796157836914,37.94706726074219,38.526466369628906,37.90414810180664,38.46208953857422,3021218
2014-10-23,34.86640167236328,38.41917037963867,38.776824951171875,38.33333206176758,38.33333206176758,2453071
2014-10-24,35.08711624145508,38.662376403808594,38.705291748046875,38.27610778808594,38.412017822265625,2108464
2014-10-27,35.048152923583984,38.61945724487305,38.705291748046875,38.340484619140625,38.58369064331055,1545209
2014-10-28,35.48310089111328,39.09871292114258,39.105865478515625,38.540771484375,38.71244430541992,2394774
2014-10-29,35.37923049926758,38.9842643737793,39.11301803588867,38.719600677490234,39.048641204833984,2074213
2014-10-30,35.26238250732422,38.855506896972656,38.8984260559082,38.447784423828125,38.562232971191406,2883794
2014-10-31,35.885581970214844,39.54220199584961,39.63519287109375,39.234619140625,39.492130279541016,2918744
2014-11-03,37.063358306884766,40.84000015258789,41.2400016784668,39.4900016784668,39.900001525878906,4559800
2014-11-04,36.46439743041992,40.18000030517578,40.83000183105469,39.84000015258789,40.2599983215332,5765200
2014-11-05,36.419036865234375,40.130001068115234,40.66999816894531,39.97999954223633,40.61000061035156,2341400
2014-11-06,37.54435348510742,41.369998931884766,41.40999984741211,40.2599983215332,40.38999938964844,2968300
2014-11-07,37.14506149291992,40.93000030517578,41.47999954223633,40.86000061035156,41.38999938964844,2458700
2014-11-10,37.689544677734375,41.529998779296875,41.54999923706055,40.880001068115234,40.97999954223633,2583900
2014-11-11,37.807533264160156,41.65999984741211,42.11000061035156,41.34000015258789,41.52000045776367,2163800
2014-11-12,37.61697006225586,41.45000076293945,41.540000915527344,41.02000045776367,41.29999923706055,2504300
2014-11-13,37.61697006225586,41.45000076293945,41.7400016784668,41.2599983215332,41.54999923706055,1805500
2014-11-14,37.72586441040039,41.56999969482422,41.650001525878906,41.290000915527344,41.36000061035156,1331300
2014-11-17,37.42637252807617,41.2400016784668,41.70000076293945,41.209999084472656,41.56999969482422,2697200
2014-11-18,37.02705764770508,40.79999923706055,41.15999984741211,40.04999923706055,40.25,5891400
2014-11-19,37.02705764770508,40.79999923706055,41.33000183105469,40.70000076293945,40.81999969482422,4012100
2014-11-20,37.44452667236328,41.2599983215332,41.43000030517578,40.560001373291016,40.560001373291016,2303800
2014-11-21,38.34297561645508,42.25,42.380001068115234,41.70000076293945,41.75,5306200
2014-11-24,38.34297561645508,42.25,42.5,41.9900016784668,42.439998626708984,2122400
2014-11-25,38.760440826416016,42.709999084472656,42.869998931884766,42.310001373291016,42.33000183105469,2713900
2014-11-26,38.78764724731445,42.7400016784668,42.869998931884766,42.529998779296875,42.68000030517578,1752700
2014-11-28,38.78764724731445,42.7400016784668,42.9900016784668,42.59000015258789,42.7400016784668,1091800
2014-12-01,37.74399948120117,41.59000015258789,42.72999954223633,41.58000183105469,42.689998626708984,4411200
2014-12-02,38.09793472290039,41.97999954223633,42.099998474121094,41.54999923706055,41.599998474121094,2014400
2014-12-03,38.3248176574707,42.22999954223633,42.369998931884766,41.81999969482422,41.97999954223633,2250300
2014-12-04,38.36111831665039,42.27000045776367,42.68000030517578,42.02000045776367,42.150001525878906,1345000
2014-12-05,38.388343811035156,42.29999923706055,42.4900016784668,42.08000183105469,42.22999954223633,1019500
2014-12-08,37.67140197753906,41.5099983215332,42.5099983215332,41.41999816894531,42.22999954223633,1425800
2014-12-09,37.57158279418945,41.400001525878906,41.43000030517578,40.97999954223633,40.9900016784668,1798100
2014-12-10,36.60960006713867,40.34000015258789,41.36000061035156,40.310001373291016,41.36000061035156,2650000
2014-12-11,36.863712310791016,40.619998931884766,41.18000030517578,40.4900016784668,40.5,1640900
2014-12-12,36.046939849853516,39.720001220703125,40.619998931884766,39.709999084472656,40.20000076293945,2333400
2014-12-15,35.10311508178711,38.68000030517578,40.16999816894531,38.650001525878906,40.06999969482422,4507400
2014-12-16,34.91253662109375,38.470001220703125,39.47999954223633,38.099998474121094,38.29999923706055,3842600
2014-12-17,36.08323669433594,39.7599983215332,39.9900016784668,38.09000015258789,38.34000015258789,3502700
2014-12-18,36.936309814453125,40.70000076293945,40.79999923706055,40.11000061035156,40.47999954223633,3104100
2014-12-19,37.553428649902344,41.380001068115234,41.43000030517578,40.86000061035156,40.900001525878906,3736300
2014-12-22,38.00719451904297,41.880001068115234,41.880001068115234,41.380001068115234,41.380001068115234,1585900
2014-12-23,37.54435348510742,41.369998931884766,42.0099983215332,41.36000061035156,41.97999954223633,1867200
2014-12-24,37.32654571533203,41.130001068115234,41.529998779296875,40.959999084472656,41.41999816894531,1426900
2014-12-26,37.553428649902344,41.380001068115234,41.56999969482422,41.290000915527344,41.34000015258789,588000
2014-12-29,37.508052825927734,41.33000183105469,41.56999969482422,41.310001373291016,41.36000061035156,975900
2014-12-30,37.54435348510742,41.369998931884766,41.59000015258789,41.13999938964844,41.209999084472656,1323500
2014-12-31,37.15412139892578,40.939998626708984,41.790000915527344,40.900001525878906,41.38999938964844,1421100
2015-01-02,36.899383544921875,40.560001373291016,41.310001373291016,40.369998931884766,41.18000030517578,1529200
2015-01-05,36.207977294921875,39.79999923706055,40.459999084472656,39.70000076293945,40.31999969482422,2041800
2015-01-06,35.643943786621094,39.18000030517578,40.02000045776367,39.02000045776367,39.810001373291016,2080600
2015-01-07,36.11700439453125,39.70000076293945,39.810001373291016,39.290000915527344,39.52000045776367,3359700
2015-01-08,37.19961166381836,40.88999938964844,40.97999954223633,40.18000030517578,40.2400016784668,2116300
2015-01-09,36.92667007446289,40.59000015258789,41.0,40.290000915527344,41.0,1644900
2015-01-12,36.49000549316406,40.11000061035156,40.720001220703125,39.95000076293945,40.61000061035156,2770800
2015-01-13,35.98054122924805,39.54999923706055,40.70000076293945,39.33000183105469,40.470001220703125,2013100
2015-01-14,35.53477096557617,39.060001373291016,39.099998474121094,38.209999084472656,39.029998779296875,5134000
2015-01-15,34.57952880859375,38.0099983215332,39.40999984741211,37.9900016784668,39.33000183105469,2628900
2015-01-16,34.79786682128906,38.25,38.459999084472656,37.7599983215332,37.83000183105469,3004000
2015-01-20,34.506752014160156,37.93000030517578,38.65999984741211,37.7599983215332,38.43000030517578,5033600
2015-01-21,34.71598815917969,38.15999984741211,38.40999984741211,37.68000030517578,37.75,2721600
2015-01-22,36.07151412963867,39.650001525878906,39.86000061035156,38.119998931884766,38.5099983215332,4856600
2015-01-23,35.30731964111328,38.810001373291016,39.599998474121094,38.7599983215332,39.599998474121094,1519300
2015-01-26,35.61663818359375,39.150001525878906,39.16999816894531,38.470001220703125,38.790000915527344,1510900
2015-01-27,35.252742767333984,38.75,39.25,38.58000183105469,38.70000076293945,1703500
2015-01-28,34.5704345703125,38.0,39.04999923706055,37.959999084472656,39.0099983215332,2033500
2015-01-29,34.98891830444336,38.459999084472656,38.470001220703125,37.689998626708984,38.0,2330000
2015-01-30,34.361183166503906,37.77000045776367,38.31999969482422,37.709999084472656,38.0099983215332,3054300
2015-02-02,35.19816207885742,38.689998626708984,38.7599983215332,37.709999084472656,37.900001525878906,2508500
2015-02-03,36.04423141479492,39.619998931884766,39.630001068115234,38.91999816894531,39.040000915527344,2950400
2015-02-04,35.58026123046875,39.11000061035156,39.459999084472656,38.81999969482422,39.33000183105469,2567400
2015-02-05,35.962337493896484,39.529998779296875,39.81999969482422,39.220001220703125,39.220001220703125,1826300
2015-02-06,35.78948211669922,39.34000015258789,39.810001373291016,39.22999954223633,39.540000915527344,2697200
2015-02-09,35.516578674316406,39.040000915527344,39.43000030517578,38.95000076293945,39.22999954223633,3586100
2015-02-10,36.089717864990234,39.66999816894531,39.7599983215332,38.779998779296875,39.310001373291016,1408600
2015-02-11,35.780391693115234,39.33000183105469,39.810001373291016,39.22999954223633,39.63999938964844,3336800
2015-02-12,36.40812683105469,40.02000045776367,40.060001373291016,39.529998779296875,39.58000183105469,1317700
2015-02-13,36.52638244628906,40.150001525878906,40.310001373291016,39.90999984741211,39.970001220703125,2211900
2015-02-17,36.86299514770508,40.52000045776367,40.529998779296875,39.7599983215332,40.0099983215332,2875800
2015-02-18,37.790950775146484,41.540000915527344,42.20000076293945,40.90999984741211,41.119998931884766,9007200
2015-02-19,37.4361457824707,41.150001525878906,41.56999969482422,41.040000915527344,41.400001525878906,3737300
2015-02-20,38.1639289855957,41.95000076293945,42.11000061035156,40.880001068115234,41.09000015258789,2971900
2015-02-23,37.963802337646484,41.72999954223633,41.959999084472656,41.4900016784668,41.88999938964844,1967900
2015-02-24,38.26401138305664,42.060001373291016,42.11000061035156,41.599998474121094,41.619998931884766,1922100
2015-02-25,38.39137649536133,42.20000076293945,42.4900016784668,42.09000015258789,42.34000015258789,2343500
2015-02-26,38.53693771362305,42.36000061035156,42.380001068115234,42.0,42.22999954223633,1505300
2015-02-27,38.400474548339844,42.209999084472656,42.36000061035156,42.04999923706055,42.29999923706055,1676400
2015-03-02,38.84626007080078,42.70000076293945,42.7400016784668,42.34000015258789,42.34000015258789,1847100
2015-03-03,38.44595718383789,42.2599983215332,42.56999969482422,42.13999938964844,42.45000076293945,1635400
2015-03-04,38.20942306518555,42.0,42.15999984741211,41.72999954223633,41.95000076293945,1306000
2015-03-05,38.409576416015625,42.220001220703125,42.2400016784668,41.84000015258789,41.9900016784668,1376500
2015-03-06,37.7818489074707,41.529998779296875,42.04999923706055,41.4900016784668,41.95000076293945,1528600
2015-03-09,37.97288513183594,41.7400016784668,41.88999938964844,41.439998626708984,41.540000915527344,1492400
2015-03-10,36.96307373046875,40.630001068115234,41.27000045776367,40.630001068115234,41.220001220703125,1961300
2015-03-11,37.1632194519043,40.849998474121094,41.130001068115234,40.66999816894531,40.790000915527344,2064400
2015-03-12,37.390647888183594,41.099998474121094,41.2400016784668,40.970001220703125,40.9900016784668,2719900
2015-03-13,37.18140411376953,40.869998931884766,41.459999084472656,40.52000045776367,40.959999084472656,4704600
2015-03-16,38.03658676147461,41.810001373291016,41.83000183105469,41.11000061035156,41.15999984741211,2551400
2015-03-17,37.827335357666016,41.58000183105469,41.689998626708984,41.060001373291016,41.52000045776367,1504900
2015-03-18,38.3185920715332,42.119998931884766,42.380001068115234,41.16999816894531,41.45000076293945,1295600
2015-03-19,38.400474548339844,42.209999084472656,42.25,41.81999969482422,42.04999923706055,1085700
2015-03-20,38.400474548339844,42.209999084472656,42.529998779296875,42.20000076293945,42.38999938964844,2315500
2015-03-23,38.39137649536133,42.20000076293945,42.439998626708984,42.0,42.119998931884766,1835400
2015-03-24,37.38154983520508,41.09000015258789,42.130001068115234,41.0099983215332,42.130001068115234,3626000
2015-03-25,37.126834869384766,40.810001373291016,41.70000076293945,40.790000915527344,41.16999816894531,2776200
2015-03-26,37.026756286621094,40.70000076293945,40.970001220703125,40.369998931884766,40.68000030517578,1573400
2015-03-27,37.49187469482422,41.11000061035156,41.18000030517578,40.58000183105469,40.599998474121094,1932700
2015-03-30,38.04819107055664,41.720001220703125,41.86000061035156,41.31999969482422,41.52000045776367,2064200
2015-03-31,37.89313888549805,41.54999923706055,41.779998779296875,41.099998474121094,41.279998779296875,1659200
2015-04-01,37.74722671508789,41.38999938964844,41.52000045776367,40.720001220703125,41.459999084472656,2170300
2015-04-02,38.3491325378418,42.04999923706055,42.130001068115234,41.33000183105469,41.470001220703125,2135900
2015-04-06,38.23968505859375,41.93000030517578,42.20000076293945,41.5099983215332,41.68000030517578,2379800
2015-04-07,38.70482635498047,42.439998626708984,42.52000045776367,41.869998931884766,41.939998626708984,3072400
2015-04-08,38.5406494140625,42.2599983215332,42.59000015258789,42.029998779296875,42.43000030517578,2442800
2015-04-09,38.75041580200195,42.4900016784668,42.59000015258789,42.06999969482422,42.15999984741211,1332300
2015-04-10,39.71710968017578,43.54999923706055,43.560001373291016,42.56999969482422,42.79999923706055,3370600
2015-04-13,39.252010345458984,43.040000915527344,43.59000015258789,42.9900016784668,43.59000015258789,3708600
2015-04-14,39.27936935424805,43.06999969482422,43.20000076293945,42.58000183105469,42.959999084472656,1777700
2015-04-15,39.56209182739258,43.380001068115234,43.560001373291016,43.18000030517578,43.279998779296875,1445600
2015-04-16,39.334083557128906,43.130001068115234,43.36000061035156,43.060001373291016,43.13999938964844,1070200
2015-04-17,39.197288513183594,42.97999954223633,43.04999923706055,42.599998474121094,42.7400016784668,2332500
2015-04-20,39.38880920410156,43.189998626708984,43.439998626708984,43.150001525878906,43.33000183105469,1410600
2015-04-21,39.1152229309082,42.88999938964844,43.5,42.869998931884766,43.41999816894531,1719700
2015-04-22,38.9510498046875,42.709999084472656,42.84000015258789,42.369998931884766,42.720001220703125,2726100
2015-04-23,38.86897277832031,42.619998931884766,42.86000061035156,42.2400016784668,42.41999816894531,3972800
2015-04-24,38.75041580200195,42.4900016784668,42.810001373291016,42.41999816894531,42.709999084472656,2200200
2015-04-27,38.28529357910156,41.97999954223633,42.77000045776367,41.970001220703125,42.7400016784668,2297800
2015-04-28,38.46769714355469,42.18000030517578,42.310001373291016,41.56999969482422,41.869998931884766,1803500
2015-04-29,38.26705551147461,41.959999084472656,42.20000076293945,41.439998626708984,42.040000915527344,2161000
2015-04-30,37.728981018066406,41.369998931884766,41.939998626708984,41.11000061035156,41.83000183105469,1726300
2015-05-01,38.148494720458984,41.83000183105469,41.93000030517578,41.2400016784668,41.40999984741211,1880200
2015-05-04,38.24882125854492,41.939998626708984,42.08000183105469,41.70000076293945,41.880001068115234,1073800
2015-05-05,37.92961502075195,41.59000015258789,41.849998474121094,41.459999084472656,41.720001220703125,1254800
2015-05-06,37.92961502075195,41.59000015258789,41.86000061035156,41.36000061035156,41.86000061035156,934600
2015-05-07,38.12114334106445,41.79999923706055,41.849998474121094,41.310001373291016,41.59000015258789,999700
2015-05-08,38.75954055786133,42.5,42.529998779296875,42.209999084472656,42.22999954223633,1033800
2015-05-11,38.86897277832031,42.619998931884766,42.83000183105469,42.38999938964844,42.38999938964844,975500
2015-05-12,38.22145080566406,41.90999984741211,42.5,41.5,42.36000061035156,2617800
2015-05-13,38.13026428222656,41.810001373291016,42.38999938964844,41.709999084472656,42.04999923706055,1992800
2015-05-14,38.3491325378418,42.04999923706055,42.22999954223633,41.869998931884766,42.18000030517578,2883700
2015-05-15,38.34001922607422,42.040000915527344,42.2599983215332,41.9900016784668,42.13999938964844,2147400
2015-05-18,38.878089904785156,42.630001068115234,42.70000076293945,41.97999954223633,42.04999923706055,1966100
2015-05-19,38.64097213745117,42.369998931884766,42.83000183105469,41.5,41.56999969482422,5277300
2015-05-20,38.859840393066406,42.61000061035156,42.84000015258789,42.43000030517578,42.5,2652300
2015-05-21,38.59537887573242,42.31999969482422,42.72999954223633,42.20000076293945,42.56999969482422,2126300
2015-05-22,38.75954055786133,42.5,42.66999816894531,42.06999969482422,42.27000045776367,1484800
2015-05-26,38.3582649230957,42.060001373291016,42.630001068115234,41.9900016784668,42.47999954223633,1919600
2015-05-27,38.859840393066406,42.61000061035156,42.93000030517578,42.099998474121094,42.27000045776367,2506300
2015-05-28,38.075557708740234,41.75,42.709999084472656,41.349998474121094,42.45000076293945,3347400
2015-05-29,37.56482696533203,41.189998626708984,41.83000183105469,40.81999969482422,41.790000915527344,5022600
2015-06-01,37.31858825683594,40.91999816894531,41.43000030517578,40.849998474121094,41.43000030517578,2440000
2015-06-02,37.49187469482422,41.11000061035156,41.13999938964844,40.66999816894531,40.939998626708984,2947500
2015-06-03,37.48274230957031,41.099998474121094,41.36000061035156,40.939998626708984,41.310001373291016,2722100
2015-06-04,36.972049713134766,40.540000915527344,41.08000183105469,40.0099983215332,40.88999938964844,4091900
2015-06-05,36.76228332519531,40.310001373291016,40.66999816894531,40.20000076293945,40.540000915527344,1760300
2015-06-08,36.433963775634766,39.95000076293945,40.349998474121094,39.90999984741211,40.2599983215332,1353000
2015-06-09,36.58900451660156,40.119998931884766,40.33000183105469,39.83000183105469,39.93000030517578,1439000
2015-06-10,36.953800201416016,40.52000045776367,40.59000015258789,40.27000045776367,40.400001525878906,1789300
2015-06-11,36.962921142578125,40.529998779296875,40.599998474121094,40.290000915527344,40.56999969482422,1577000
2015-06-12,36.33363723754883,39.84000015258789,40.4900016784668,39.7400016784668,40.33000183105469,2769600
2015-06-15,36.041805267333984,39.52000045776367,39.630001068115234,39.25,39.630001068115234,2361900
2015-06-16,36.28803634643555,39.790000915527344,39.810001373291016,39.380001068115234,39.59000015258789,1422600
2015-06-17,36.11476516723633,39.599998474121094,39.79999923706055,39.31999969482422,39.7599983215332,1519400
2015-06-18,36.388362884521484,39.900001525878906,40.060001373291016,39.720001220703125,39.79999923706055,1865000
2015-06-19,36.01445388793945,39.4900016784668,39.939998626708984,39.4900016784668,39.79999923706055,2658800
2015-06-22,36.306270599365234,39.810001373291016,40.0099983215332,39.72999954223633,39.810001373291016,3909300
2015-06-23,36.11476516723633,39.599998474121094,39.95000076293945,39.41999816894531,39.88999938964844,2053600
2015-06-24,36.652835845947266,40.189998626708984,40.45000076293945,39.029998779296875,39.470001220703125,6127700
2015-06-25,36.5251579284668,40.04999923706055,40.52000045776367,39.380001068115234,39.79999923706055,5265800
2015-06-26,36.58915328979492,40.02000045776367,40.16999816894531,39.779998779296875,40.0,3350500
2015-06-29,35.41889953613281,38.7400016784668,39.79999923706055,38.7400016784668,39.599998474121094,2516400
2015-06-30,35.27262496948242,38.58000183105469,39.189998626708984,38.47999954223633,39.08000183105469,3037400
2015-07-01,35.89430618286133,39.2599983215332,39.29999923706055,38.75,38.88999938964844,4486400
2015-07-02,36.18687057495117,39.58000183105469,39.63999938964844,39.150001525878906,39.36000061035156,2160800
2015-07-06,35.985740661621094,39.36000061035156,39.65999984741211,39.08000183105469,39.11000061035156,2509400
2015-07-07,36.378868103027344,39.790000915527344,39.790000915527344,39.13999938964844,39.529998779296875,2927800
2015-07-08,35.428035736083984,38.75,39.47999954223633,38.709999084472656,39.47999954223633,3391000
2015-07-09,35.583457946777344,38.91999816894531,39.33000183105469,38.90999984741211,39.27000045776367,2237900
2015-07-10,36.02231216430664,39.400001525878906,39.439998626708984,39.15999984741211,39.290000915527344,2107100
2015-07-13,36.53430938720703,39.959999084472656,40.0,39.540000915527344,39.720001220703125,1579700
2015-07-14,37.01887130737305,40.4900016784668,40.65999984741211,39.88999938964844,40.04999923706055,2800900
2015-07-15,36.689735412597656,40.130001068115234,40.52000045776367,40.02000045776367,40.41999816894531,2247700
2015-07-16,36.88172912597656,40.34000015258789,40.439998626708984,40.119998931884766,40.36000061035156,1826300
2015-07-17,36.5251579284668,39.95000076293945,40.33000183105469,39.84000015258789,40.20000076293945,2412400
2015-07-20,36.625732421875,40.060001373291016,40.130001068115234,39.95000076293945,40.060001373291016,1155200
2015-07-21,36.17775344848633,39.56999969482422,40.0099983215332,39.540000915527344,39.970001220703125,1160900
2015-07-22,36.872589111328125,40.33000183105469,40.41999816894531,39.290000915527344,39.290000915527344,2949400
2015-07-23,36.79943084716797,40.25,40.369998931884766,40.0099983215332,40.369998931884766,1708800
2015-07-24,35.940032958984375,39.310001373291016,40.16999816894531,39.220001220703125,40.11000061035156,1844900
2015-07-27,36.21432113647461,39.61000061035156,39.650001525878906,38.61000061035156,39.040000915527344,5261300
2015-07-28,36.98230743408203,40.45000076293945,40.470001220703125,39.5,40.0,2768200
2015-07-29,36.936580657958984,40.400001525878906,40.72999954223633,40.2400016784668,40.5,2014100
2015-07-30,37.457733154296875,40.970001220703125,41.04999923706055,40.06999969482422,40.2599983215332,2440400
2015-07-31,37.43943405151367,40.95000076293945,41.13999938964844,40.779998779296875,41.04999923706055,2247700
2015-08-03,37.48514175415039,41.0,41.130001068115234,40.58000183105469,40.91999816894531,2104200
2015-08-04,37.137725830078125,40.619998931884766,41.349998474121094,40.54999923706055,40.939998626708984,1448100
2015-08-05,37.22915267944336,40.720001220703125,41.189998626708984,40.689998626708984,40.939998626708984,949500
2015-08-06,36.680572509765625,40.119998931884766,40.959999084472656,39.90999984741211,40.95000076293945,1932000
2015-08-07,36.561737060546875,39.9900016784668,40.209999084472656,39.630001068115234,40.13999938964844,1513100
2015-08-10,37.000579833984375,40.470001220703125,40.63999938964844,40.15999984741211,40.2400016784668,1554500
2015-08-11,36.04059982299805,39.41999816894531,40.189998626708984,39.29999923706055,40.189998626708984,1575700
2015-08-12,35.5560302734375,38.88999938964844,39.11000061035156,38.27000045776367,39.04999923706055,3431000
2015-08-13,35.25432205200195,38.560001373291016,38.939998626708984,38.459999084472656,38.939998626708984,2848900
2015-08-14,35.33661651611328,38.650001525878906,38.72999954223633,38.31999969482422,38.619998931884766,2632700
2015-08-17,35.49203872680664,38.81999969482422,39.02000045776367,38.119998931884766,38.36000061035156,3302100
2015-08-18,35.67489242553711,39.02000045776367,40.349998474121094,39.0,39.11000061035156,6416900
2015-08-19,35.10803985595703,38.400001525878906,38.810001373291016,38.29999923706055,38.689998626708984,2730400
2015-08-20,34.294334411621094,37.5099983215332,38.310001373291016,37.5,38.0099983215332,2144600
2015-08-21,33.124061584472656,36.22999954223633,37.4900016784668,36.16999816894531,37.130001068115234,3827500
2015-08-24,31.706958770751953,34.68000030517578,36.0099983215332,33.56999969482422,33.869998931884766,4115000
2015-08-25,31.414386749267578,34.36000061035156,36.16999816894531,34.29999923706055,35.68000030517578,3802700
2015-08-26,32.56635665893555,35.619998931884766,35.70000076293945,34.470001220703125,35.36000061035156,3233800
2015-08-27,33.49890899658203,36.63999938964844,36.66999816894531,35.88999938964844,36.16999816894531,2406300
2015-08-28,33.38006591796875,36.5099983215332,36.65999984741211,36.150001525878906,36.45000076293945,1783600
2015-08-31,33.197200775146484,36.310001373291016,36.54999923706055,35.95000076293945,36.439998626708984,2554700
2015-09-01,31.770944595336914,34.75,35.58000183105469,34.56999969482422,35.29999923706055,2953900
2015-09-02,32.484066009521484,35.529998779296875,35.529998779296875,34.880001068115234,35.33000183105469,2118300
2015-09-03,32.68521499633789,35.75,36.119998931884766,35.529998779296875,35.61000061035156,2140400
2015-09-04,32.054359436035156,35.060001373291016,35.5099983215332,34.900001525878906,35.040000915527344,2819000
2015-09-08,33.10578155517578,36.209999084472656,36.25,35.5099983215332,35.81999969482422,1787400
2015-09-09,32.493221282958984,35.540000915527344,36.79999923706055,35.439998626708984,36.5,1885300
2015-09-10,32.78580093383789,35.86000061035156,36.040000915527344,35.439998626708984,35.61000061035156,1628700
2015-09-11,32.87721252441406,35.959999084472656,35.959999084472656,35.439998626708984,35.65999984741211,1443300
2015-09-14,32.502349853515625,35.54999923706055,36.09000015258789,35.31999969482422,35.91999816894531,2223300
2015-09-15,33.05093002319336,36.150001525878906,36.29999923706055,35.5099983215332,35.75,1752700
2015-09-16,33.389217376708984,36.52000045776367,36.869998931884766,36.060001373291016,36.150001525878906,2130100
2015-09-17,33.27949142456055,36.400001525878906,36.9900016784668,36.290000915527344,36.630001068115234,1819100
2015-09-18,32.67608642578125,35.7400016784668,36.220001220703125,35.59000015258789,35.86000061035156,3352300
2015-09-21,32.6303596496582,35.689998626708984,36.06999969482422,35.40999984741211,35.959999084472656,2640200
2015-09-22,32.04522705078125,35.04999923706055,35.33000183105469,34.939998626708984,35.189998626708984,2283300
2015-09-23,31.953794479370117,34.95000076293945,35.2400016784668,34.810001373291016,35.099998474121094,1962600
2015-09-24,31.588102340698242,34.54999923706055,34.63999938964844,34.150001525878906,34.560001373291016,2028900
2015-09-25,31.588102340698242,34.45000076293945,35.02000045776367,34.099998474121094,34.70000076293945,2730700
2015-09-28,30.59781265258789,33.369998931884766,34.27000045776367,33.31999969482422,34.130001068115234,2615400
2015-09-29,30.937068939208984,33.7400016784668,34.060001373291016,33.2400016784668,33.36000061035156,2252400
2015-09-30,31.478059768676758,34.33000183105469,34.43000030517578,33.66999816894531,34.08000183105469,2545700
2015-10-01,30.937068939208984,33.7400016784668,34.47999954223633,33.47999954223633,34.31999969482422,3011400
2015-10-02,31.78981590270996,34.66999816894531,34.68000030517578,33.119998931884766,33.18000030517578,3519400
2015-10-05,32.40415954589844,35.34000015258789,35.38999938964844,34.84000015258789,35.040000915527344,1675400
2015-10-06,32.000709533691406,34.900001525878906,35.209999084472656,34.529998779296875,35.130001068115234,1833700
2015-10-07,32.587547302246094,35.540000915527344,35.779998779296875,35.099998474121094,35.20000076293945,3085400
2015-10-08,33.01848220825195,36.0099983215332,36.06999969482422,35.34000015258789,35.38999938964844,2597900
2015-10-09,33.2202262878418,36.22999954223633,36.34000015258789,35.880001068115234,35.939998626708984,3232900
2015-10-12,33.00014877319336,35.9900016784668,36.18000030517578,35.86000061035156,36.08000183105469,1349900
2015-10-13,32.670066833496094,35.630001068115234,36.2400016784668,35.529998779296875,35.7599983215332,2383200
2015-10-14,32.13825225830078,35.04999923706055,35.77000045776367,34.970001220703125,35.63999938964844,1647400
2015-10-15,32.62420654296875,35.58000183105469,35.68000030517578,34.790000915527344,35.119998931884766,1433000
2015-10-16,32.80760955810547,35.779998779296875,36.02000045776367,35.369998931884766,35.689998626708984,1754300
2015-10-19,33.2202262878418,36.22999954223633,36.22999954223633,35.59000015258789,35.689998626708984,3685800
2015-10-20,33.302738189697266,36.31999969482422,36.52000045776367,36.029998779296875,36.11000061035156,2635800
2015-10-21,32.917640686035156,35.900001525878906,36.599998474121094,35.79999923706055,36.540000915527344,2886400
2015-10-22,33.09183883666992,36.09000015258789,36.95000076293945,36.0,36.029998779296875,3696200
2015-10-23,34.0271110534668,37.11000061035156,37.27000045776367,36.18000030517578,36.5,2732600
2015-10-26,33.77037811279297,36.83000183105469,37.11000061035156,36.689998626708984,36.97999954223633,1948400
2015-10-27,33.972084045410156,37.04999923706055,37.060001373291016,36.470001220703125,36.66999816894531,2557200
2015-10-28,34.40305709838867,37.52000045776367,37.61000061035156,36.77000045776367,37.060001373291016,1780100
2015-10-29,34.56810760498047,37.70000076293945,37.77000045776367,37.279998779296875,37.470001220703125,1352300
2015-10-30,34.62312316894531,37.7599983215332,38.099998474121094,37.68000030517578,37.720001220703125,2194600
2015-11-02,35.38416290283203,38.59000015258789,38.619998931884766,37.79999923706055,37.869998931884766,1810800
2015-11-03,35.09074783325195,38.27000045776367,38.52000045776367,38.15999984741211,38.310001373291016,1485800
2015-11-04,35.15492630004883,38.34000015258789,38.47999954223633,38.0,38.33000183105469,1569600
2015-11-05,35.11825180053711,38.29999923706055,38.5,37.93000030517578,38.27000045776367,1419800
2015-11-06,34.97153854370117,38.13999938964844,38.439998626708984,37.97999954223633,38.099998474121094,1964100
2015-11-09,34.76982498168945,37.91999816894531,38.08000183105469,37.47999954223633,38.040000915527344,3109600
2015-11-10,34.82483673095703,37.97999954223633,38.16999816894531,37.689998626708984,37.88999938964844,4338700
2015-11-11,34.531436920166016,37.65999984741211,38.220001220703125,37.650001525878906,38.15999984741211,1967900
2015-11-12,34.37554931640625,37.4900016784668,37.77000045776367,37.2400016784668,37.36000061035156,3096300
2015-11-13,33.71535110473633,36.77000045776367,37.56999969482422,36.630001068115234,37.38999938964844,3335100
2015-11-16,34.22883987426758,37.33000183105469,37.4900016784668,36.599998474121094,36.75,2490200
2015-11-17,35.191619873046875,38.380001068115234,38.5,36.5,36.5,7679500
2015-11-18,36.071861267089844,39.34000015258789,39.36000061035156,38.36000061035156,38.43000030517578,6589600
2015-11-19,35.301658630371094,38.5,39.70000076293945,38.310001373291016,39.15999984741211,7274500
2015-11-20,36.016845703125,39.279998779296875,39.349998474121094,38.52000045776367,38.779998779296875,5447900
2015-11-23,36.70454025268555,40.029998779296875,40.06999969482422,39.13999938964844,39.290000915527344,6473400
2015-11-24,37.29137420654297,40.66999816894531,40.720001220703125,39.72999954223633,39.810001373291016,5669100
2015-11-25,37.905704498291016,41.34000015258789,41.5,40.470001220703125,40.59000015258789,3797000
2015-11-27,38.48339080810547,41.970001220703125,42.20000076293945,41.15999984741211,41.31999969482422,1935700
2015-11-30,38.34583282470703,41.81999969482422,42.04999923706055,41.61000061035156,41.970001220703125,3208100
2015-12-01,37.64897155761719,41.060001373291016,42.310001373291016,41.040000915527344,42.15999984741211,7988900
2015-12-02,37.062129974365234,40.41999816894531,41.459999084472656,40.369998931884766,41.06999969482422,4713200
2015-12-03,36.8145637512207,40.150001525878906,40.7400016784668,39.95000076293945,40.63999938964844,3314500
2015-12-04,37.68565368652344,41.099998474121094,41.209999084472656,40.130001068115234,40.22999954223633,2519100
2015-12-07,37.318870544433594,40.70000076293945,41.099998474121094,40.540000915527344,40.91999816894531,2004500
2015-12-08,37.74983596801758,41.16999816894531,41.279998779296875,40.41999816894531,40.61000061035156,4331800
2015-12-09,37.57562255859375,40.97999954223633,41.79999923706055,40.90999984741211,41.25,4133300
2015-12-10,37.82318878173828,41.25,41.65999984741211,40.650001525878906,40.959999084472656,3709200
2015-12-11,36.85124588012695,40.189998626708984,40.75,40.060001373291016,40.75,2634400
2015-12-14,36.90625,40.25,40.540000915527344,39.900001525878906,40.220001220703125,2310500
2015-12-15,37.419742584228516,40.810001373291016,41.099998474121094,40.560001373291016,40.75,2195400
2015-12-16,37.988224029541016,41.43000030517578,41.56999969482422,40.66999816894531,41.0099983215332,2582600
2015-12-17,37.39221954345703,40.779998779296875,41.630001068115234,40.77000045776367,41.54999923706055,2218800
2015-12-18,36.76872253417969,40.099998474121094,40.709999084472656,40.08000183105469,40.560001373291016,3364800
2015-12-21,37.438079833984375,40.83000183105469,41.119998931884766,40.439998626708984,40.5099983215332,1734500
2015-12-22,37.79568099975586,41.220001220703125,41.33000183105469,40.720001220703125,41.0099983215332,1643200
2015-12-23,38.299991607666016,41.77000045776367,41.86000061035156,41.38999938964844,41.619998931884766,1510700
2015-12-24,38.63924789428711,42.13999938964844,42.2599983215332,41.66999816894531,41.790000915527344,874500
2015-12-28,38.309165954589844,41.779998779296875,42.08000183105469,41.52000045776367,42.02000045776367,1458200
2015-12-29,38.84097671508789,42.36000061035156,42.47999954223633,41.91999816894531,42.08000183105469,1757000
2015-12-30,38.66676712036133,42.16999816894531,42.380001068115234,42.0099983215332,42.36000061035156,834300
2015-12-31,38.44150161743164,41.810001373291016,42.349998474121094,41.720001220703125,41.900001525878906,1451000
2016-01-04,37.41172790527344,40.689998626708984,41.189998626708984,40.34000015258789,41.060001373291016,3287300
2016-01-05,37.28299331665039,40.54999923706055,40.95000076293945,40.34000015258789,40.72999954223633,2587200
2016-01-06,37.44850540161133,40.72999954223633,40.9900016784668,40.04999923706055,40.2400016784668,2103600
2016-01-07,35.857887268066406,39.0,40.150001525878906,38.810001373291016,40.13999938964844,3504300
2016-01-08,35.48092269897461,38.59000015258789,39.709999084472656,38.470001220703125,39.220001220703125,3736700
2016-01-11,34.8832893371582,37.939998626708984,38.900001525878906,37.40999984741211,38.709999084472656,2818400
2016-01-12,35.1131477355957,38.189998626708984,38.58000183105469,37.650001525878906,38.43000030517578,1989400
2016-01-13,33.89031219482422,36.86000061035156,38.470001220703125,36.720001220703125,38.349998474121094,4206600
2016-01-14,34.57987594604492,37.61000061035156,37.880001068115234,36.54999923706055,36.939998626708984,2893300
2016-01-15,34.12015914916992,37.11000061035156,37.560001373291016,36.54999923706055,36.66999816894531,2994400
2016-01-19,34.202911376953125,37.20000076293945,37.91999816894531,36.790000915527344,37.63999938964844,2506500
2016-01-20,34.25808334350586,37.2599983215332,37.61000061035156,36.130001068115234,36.68000030517578,2469100
2016-01-21,34.23050308227539,37.22999954223633,37.83000183105469,36.810001373291016,37.349998474121094,2298400
2016-01-22,34.92005920410156,37.97999954223633,38.18000030517578,37.58000183105469,37.90999984741211,1834500
2016-01-25,34.57987594604492,37.61000061035156,38.029998779296875,37.400001525878906,37.400001525878906,1831200
2016-01-26,34.48793411254883,37.5099983215332,37.959999084472656,37.36000061035156,37.88999938964844,1754900
2016-01-27,34.064979553222656,37.04999923706055,37.91999816894531,36.810001373291016,37.38999938964844,1479400
2016-01-28,33.20073318481445,36.11000061035156,37.27000045776367,36.0099983215332,37.27000045776367,3479400
2016-01-29,34.61664962768555,37.650001525878906,37.689998626708984,36.310001373291016,36.439998626708984,2959900
2016-02-01,34.65343475341797,37.689998626708984,37.95000076293945,37.0,37.369998931884766,2666200
2016-02-02,34.083377838134766,37.06999969482422,37.54999923706055,36.95000076293945,37.18000030517578,1742300
2016-02-03,34.1937141418457,37.189998626708984,37.36000061035156,36.290000915527344,37.27000045776367,2128100
2016-02-04,34.40518569946289,37.41999816894531,37.790000915527344,36.970001220703125,37.150001525878906,2833500
2016-02-05,33.1363639831543,36.040000915527344,37.310001373291016,35.83000183105469,37.2599983215332,4424600
2016-02-08,31.99627685546875,34.79999923706055,35.779998779296875,34.38999938964844,35.61000061035156,3888600
2016-02-09,32.52035140991211,35.369998931884766,35.77000045776367,34.150001525878906,34.209999084472656,3464500
2016-02-10,32.961666107177734,35.849998474121094,36.72999954223633,35.529998779296875,35.630001068115234,3170000
2016-02-11,32.48359298706055,35.33000183105469,35.61000061035156,34.939998626708984,35.119998931884766,3224000
2016-02-12,33.301856994628906,36.220001220703125,36.22999954223633,35.52000045776367,35.84000015258789,3923600
2016-02-16,34.09257888793945,37.08000183105469,37.16999816894531,36.400001525878906,36.720001220703125,2903600
2016-02-17,34.81892776489258,37.869998931884766,38.130001068115234,34.75,35.220001220703125,5382300
2016-02-18,34.1937141418457,37.189998626708984,37.959999084472656,37.09000015258789,37.72999954223633,2231500
2016-02-19,34.42357635498047,37.439998626708984,37.599998474121094,36.849998474121094,36.97999954223633,2339400
2016-02-22,34.966041564941406,38.029998779296875,38.189998626708984,37.779998779296875,37.880001068115234,1792500
2016-02-23,34.175331115722656,37.16999816894531,37.959999084472656,36.95000076293945,37.63999938964844,1282300
2016-02-24,34.46034622192383,37.47999954223633,37.5,36.470001220703125,36.650001525878906,1454900
2016-02-25,34.598270416259766,37.630001068115234,37.709999084472656,36.959999084472656,37.619998931884766,1453500
2016-02-26,34.561485290527344,37.59000015258789,37.91999816894531,37.439998626708984,37.75,944200
2016-02-29,34.34081268310547,37.349998474121094,37.70000076293945,37.33000183105469,37.59000015258789,2187500
2016-03-01,35.48092269897461,38.59000015258789,38.65999984741211,37.61000061035156,37.630001068115234,2759500
2016-03-02,35.8946647644043,39.040000915527344,39.27000045776367,38.40999984741211,38.4900016784668,3612300
2016-03-03,36.04178237915039,39.20000076293945,39.22999954223633,38.7400016784668,38.91999816894531,946800
2016-03-04,36.170509338378906,39.34000015258789,39.58000183105469,39.029998779296875,39.13999938964844,1125000
2016-03-07,36.25324249267578,39.43000030517578,39.68000030517578,38.959999084472656,39.040000915527344,1221600
2016-03-08,35.021202087402344,38.09000015258789,39.130001068115234,38.0099983215332,38.970001220703125,1801500
2016-03-09,35.057979583740234,38.130001068115234,38.400001525878906,37.959999084472656,38.310001373291016,1614600
2016-03-10,34.92005920410156,37.97999954223633,38.5099983215332,37.619998931884766,38.16999816894531,1615000
2016-03-11,36.06936264038086,39.22999954223633,39.27000045776367,38.31999969482422,38.43000030517578,1517300
2016-03-14,35.87627410888672,39.02000045776367,39.16999816894531,38.40999984741211,38.97999954223633,929600
2016-03-15,35.20508575439453,38.290000915527344,38.709999084472656,38.08000183105469,38.59000015258789,1059400
2016-03-16,35.83949279785156,38.97999954223633,39.099998474121094,38.02000045776367,38.09000015258789,1956100
2016-03-17,36.124534606933594,39.290000915527344,39.439998626708984,38.59000015258789,39.060001373291016,1895700
2016-03-18,36.95200729370117,40.189998626708984,40.47999954223633,39.27000045776367,39.33000183105469,2504400
2016-03-21,36.45551300048828,39.650001525878906,40.13999938964844,39.63999938964844,40.06999969482422,2172600
2016-03-22,36.66698455810547,39.880001068115234,40.040000915527344,39.45000076293945,39.560001373291016,1552300
2016-03-23,36.290016174316406,39.470001220703125,39.9900016784668,39.369998931884766,39.900001525878906,1554800
2016-03-24,36.25324249267578,39.43000030517578,39.45000076293945,38.88999938964844,39.15999984741211,993500
2016-03-28,36.33599853515625,39.52000045776367,39.75,39.13999938964844,39.540000915527344,1272700
2016-03-29,36.92441940307617,40.15999984741211,40.220001220703125,39.11000061035156,39.349998474121094,1091200
2016-03-30,36.88766098022461,40.119998931884766,40.58000183105469,39.88999938964844,40.36000061035156,783400
2016-03-31,36.639427185058594,39.849998474121094,40.099998474121094,39.65999984741211,40.0099983215332,3143500
2016-04-01,37.16961669921875,40.310001373291016,40.380001068115234,39.5,39.560001373291016,2857800
2016-04-04,36.89297866821289,40.0099983215332,40.52000045776367,39.79999923706055,40.31999969482422,2958100
2016-04-05,36.201416015625,39.2599983215332,39.88999938964844,39.189998626708984,39.72999954223633,1900700
2016-04-06,37.10506820678711,40.2400016784668,40.25,39.16999816894531,39.290000915527344,1566600
2016-04-07,36.39506149291992,39.470001220703125,40.099998474121094,39.25,39.88999938964844,1373800
2016-04-08,36.4596061706543,39.540000915527344,39.970001220703125,39.400001525878906,39.689998626708984,1106300
2016-04-11,36.3397216796875,39.40999984741211,40.0,39.349998474121094,39.86000061035156,1049300
2016-04-12,36.65324401855469,39.75,39.83000183105469,39.34000015258789,39.470001220703125,992500
2016-04-13,37.5200080871582,40.689998626708984,41.0,39.5,39.52000045776367,2494600
2016-04-14,37.602996826171875,40.779998779296875,41.08000183105469,40.529998779296875,40.86000061035156,1347800
2016-04-15,37.72286605834961,40.90999984741211,40.95000076293945,40.630001068115234,40.77000045776367,1442300
2016-04-18,38.09170913696289,41.310001373291016,41.45000076293945,40.61000061035156,40.720001220703125,1536100
2016-04-19,38.17469787597656,41.400001525878906,41.7400016784668,41.130001068115234,41.18000030517578,1640600
2016-04-20,38.28534698486328,41.52000045776367,41.68000030517578,41.29999923706055,41.41999816894531,1243900
2016-04-21,38.66340637207031,41.93000030517578,42.0,41.41999816894531,41.5,1670400
2016-04-22,38.54353332519531,41.79999923706055,41.97999954223633,41.54999923706055,41.97999954223633,1396300
2016-04-25,38.38676834106445,41.630001068115234,41.86000061035156,41.529998779296875,41.709999084472656,1500400
2016-04-26,38.10093307495117,41.31999969482422,41.880001068115234,41.2599983215332,41.81999969482422,1869000
2016-04-27,38.34067916870117,41.58000183105469,41.75,41.040000915527344,41.349998474121094,1189300
2016-04-28,37.971839904785156,41.18000030517578,41.779998779296875,41.060001373291016,41.25,1549800
2016-04-29,37.732086181640625,40.91999816894531,41.040000915527344,40.2599983215332,40.91999816894531,2027900
2016-05-02,38.460548400878906,41.709999084472656,41.75,41.130001068115234,41.20000076293945,1285300
2016-05-03,38.027164459228516,41.2400016784668,41.4900016784668,40.90999984741211,41.31999969482422,1334000
2016-05-04,37.363258361816406,40.52000045776367,41.20000076293945,40.38999938964844,40.810001373291016,1603000
2016-05-05,37.76896286010742,40.959999084472656,41.029998779296875,40.5099983215332,40.63999938964844,1084000
2016-05-06,38.202362060546875,41.43000030517578,41.619998931884766,40.720001220703125,40.86000061035156,1403500
2016-05-09,38.110145568847656,41.33000183105469,41.779998779296875,41.290000915527344,41.5099983215332,1741500
2016-05-10,38.72795486450195,42.0,42.0,41.349998474121094,41.5,2094300
2016-05-11,39.15210723876953,42.459999084472656,43.20000076293945,42.119998931884766,42.189998626708984,3329000
2016-05-12,39.401092529296875,42.72999954223633,42.939998626708984,42.41999816894531,42.59000015258789,2504900
2016-05-13,39.299659729003906,42.619998931884766,42.93000030517578,42.38999938964844,42.54999923706055,2430600
2016-05-16,39.59473419189453,42.939998626708984,43.06999969482422,42.5,42.61000061035156,3979300
2016-05-17,40.95020294189453,44.40999984741211,45.34000015258789,43.630001068115234,44.959999084472656,7130400
2016-05-18,40.867218017578125,44.31999969482422,44.7400016784668,43.9900016784668,44.45000076293945,3476500
2016-05-19,41.08850860595703,44.560001373291016,44.81999969482422,43.97999954223633,44.06999969482422,3659500
2016-05-20,41.39280319213867,44.88999938964844,45.220001220703125,44.689998626708984,44.86000061035156,2567400
2016-05-23,41.097740173339844,44.56999969482422,44.959999084472656,44.529998779296875,44.88999938964844,1689700
2016-05-24,41.521888732910156,45.029998779296875,45.290000915527344,44.70000076293945,44.7599983215332,3236300
2016-05-25,41.88150405883789,45.41999816894531,45.61000061035156,45.119998931884766,45.119998931884766,2352400
2016-05-26,41.964500427246094,45.5099983215332,45.599998474121094,45.20000076293945,45.58000183105469,2569600
2016-05-27,42.250343322753906,45.81999969482422,45.849998474121094,45.369998931884766,45.54999923706055,1822700
2016-05-31,42.31489944458008,45.88999938964844,46.0,45.58000183105469,45.790000915527344,2256400
2016-06-01,42.37022018432617,45.95000076293945,46.099998474121094,45.45000076293945,45.75,1733600
2016-06-02,42.324119567871094,45.900001525878906,46.150001525878906,45.81999969482422,45.90999984741211,2209400
2016-06-03,42.158145904541016,45.720001220703125,45.849998474121094,45.189998626708984,45.72999954223633,2395100
2016-06-06,42.28723907470703,45.86000061035156,46.0099983215332,45.720001220703125,45.720001220703125,2359000
2016-06-07,42.18580627441406,45.75,45.95000076293945,45.61000061035156,45.810001373291016,1500400
2016-06-08,42.554649353027344,46.150001525878906,46.18000030517578,45.709999084472656,45.75,1552100
2016-06-09,42.49932861328125,46.09000015258789,46.18000030517578,45.880001068115234,45.97999954223633,1203900
2016-06-10,41.826175689697266,45.36000061035156,45.779998779296875,45.189998626708984,45.72999954223633,1261700
2016-06-13,41.42045593261719,44.91999816894531,45.52000045776367,44.90999984741211,45.31999969482422,1272800
2016-06-14,41.41123580932617,44.90999984741211,44.95000076293945,44.560001373291016,44.70000076293945,1624100
2016-06-15,41.43891143798828,44.939998626708984,45.380001068115234,44.900001525878906,45.11000061035156,2029200
2016-06-16,41.83540725708008,45.369998931884766,45.43000030517578,44.59000015258789,44.720001220703125,1784700
2016-06-17,41.826175689697266,45.36000061035156,45.41999816894531,44.869998931884766,45.41999816894531,3434800
2016-06-20,42.545413970947266,46.13999938964844,46.349998474121094,45.56999969482422,45.56999969482422,3161300
2016-06-21,42.56385803222656,46.15999984741211,46.33000183105469,45.7599983215332,46.209999084472656,2112900
2016-06-22,42.44398498535156,46.029998779296875,46.470001220703125,45.95000076293945,46.150001525878906,2411900
2016-06-23,43.0433464050293,46.68000030517578,46.68000030517578,46.38999938964844,46.5,1487900
2016-06-24,40.682777404785156,44.119998931884766,45.06999969482422,43.91999816894531,44.560001373291016,5263600
2016-06-27,38.96769332885742,42.2599983215332,43.709999084472656,41.97999954223633,43.630001068115234,4328100
2016-06-28,39.75148391723633,43.11000061035156,43.11000061035156,42.15999984741211,42.66999816894531,4300800
2016-06-29,40.3508415222168,43.7599983215332,43.97999954223633,43.189998626708984,43.54999923706055,2402600
2016-06-30,41.011863708496094,44.36000061035156,44.400001525878906,43.59000015258789,43.68000030517578,2181100
2016-07-01,41.2337532043457,44.599998474121094,44.79999923706055,44.310001373291016,44.36000061035156,1591500
2016-07-05,40.44791030883789,43.75,44.349998474121094,43.630001068115234,44.310001373291016,1813500
2016-07-06,41.113563537597656,44.470001220703125,44.54999923706055,43.36000061035156,43.650001525878906,2312100
2016-07-07,41.06734085083008,44.41999816894531,44.7400016784668,44.18000030517578,44.470001220703125,1860700
2016-07-08,42.04734420776367,45.47999954223633,45.54999923706055,44.86000061035156,44.86000061035156,1838100
2016-07-11,41.9733772277832,45.400001525878906,45.77000045776367,45.349998474121094,45.61000061035156,1094700
2016-07-12,43.0180778503418,46.529998779296875,46.65999984741211,45.63999938964844,45.77000045776367,2237700
2016-07-13,42.90715408325195,46.40999984741211,46.81999969482422,46.33000183105469,46.63999938964844,1852400
2016-07-14,43.26771545410156,46.79999923706055,46.97999954223633,46.689998626708984,46.86000061035156,1192500
2016-07-15,43.147518157958984,46.66999816894531,46.959999084472656,46.54999923706055,46.959999084472656,1202100
2016-07-18,43.26771545410156,46.79999923706055,46.880001068115234,46.34000015258789,46.599998474121094,1362900
2016-07-19,43.43412399291992,46.97999954223633,47.0,46.4900016784668,46.66999816894531,2583900
2016-07-20,43.46187210083008,47.0099983215332,47.18000030517578,46.81999969482422,46.959999084472656,2124600
2016-07-21,43.147518157958984,46.66999816894531,47.13999938964844,46.470001220703125,46.97999954223633,1218400
2016-07-22,43.064327239990234,46.58000183105469,46.790000915527344,46.41999816894531,46.720001220703125,1512400
2016-07-25,42.65752029418945,46.13999938964844,46.52000045776367,45.91999816894531,46.4900016784668,1719800
2016-07-26,43.40638732910156,46.95000076293945,46.95000076293945,45.790000915527344,46.209999084472656,1792700
2016-07-27,43.6929931640625,47.2599983215332,47.459999084472656,46.72999954223633,47.0,1572600
2016-07-28,43.92412567138672,47.5099983215332,47.75,47.02000045776367,47.189998626708984,1944800
2016-07-29,44.47883224487305,48.11000061035156,48.18000030517578,47.36000061035156,47.4900016784668,1881400
2016-08-01,44.25693893432617,47.869998931884766,48.11000061035156,47.619998931884766,48.11000061035156,1604600
2016-08-02,43.619014739990234,47.18000030517578,47.75,46.970001220703125,47.709999084472656,1595900
2016-08-03,43.53580856323242,47.09000015258789,47.18000030517578,46.900001525878906,47.099998474121094,1508900
2016-08-04,43.295433044433594,46.83000183105469,47.33000183105469,46.7400016784668,47.15999984741211,1700200
2016-08-05,43.9056282043457,47.4900016784668,47.540000915527344,47.099998474121094,47.099998474121094,1250700
2016-08-08,43.66525650024414,47.22999954223633,47.66999816894531,47.13999938964844,47.56999969482422,1311700
2016-08-09,43.868648529052734,47.45000076293945,47.630001068115234,47.11000061035156,47.11000061035156,1006200
2016-08-10,43.92412567138672,47.5099983215332,47.58000183105469,47.209999084472656,47.5099983215332,754100
2016-08-11,44.49732208251953,48.130001068115234,48.189998626708984,47.470001220703125,47.619998931884766,1377000
2016-08-12,44.50657272338867,48.13999938964844,48.20000076293945,47.70000076293945,47.970001220703125,1538600
2016-08-15,44.78392791748047,48.439998626708984,48.619998931884766,48.119998931884766,48.16999816894531,2323500
2016-08-16,44.636009216308594,48.279998779296875,48.540000915527344,48.119998931884766,48.27000045776367,3176000
2016-08-17,44.774681091308594,48.43000030517578,48.630001068115234,48.08000183105469,48.630001068115234,3154900
2016-08-18,43.193748474121094,46.720001220703125,47.34000015258789,46.09000015258789,46.880001068115234,4660000
2016-08-19,44.02580261230469,47.619998931884766,47.790000915527344,46.56999969482422,46.58000183105469,3340400
2016-08-22,43.98884201049805,47.58000183105469,47.849998474121094,47.380001068115234,47.630001068115234,1626800
2016-08-23,44.210723876953125,47.81999969482422,48.09000015258789,47.68000030517578,47.72999954223633,1645100
2016-08-24,43.175254821777344,46.70000076293945,47.81999969482422,46.630001068115234,47.7400016784668,2634700
2016-08-25,43.6929931640625,47.2599983215332,47.41999816894531,46.61000061035156,46.66999816894531,2160100
2016-08-26,43.74846649169922,47.31999969482422,47.790000915527344,47.06999969482422,47.40999984741211,1581200
2016-08-29,44.02580261230469,47.619998931884766,47.88999938964844,47.310001373291016,47.45000076293945,1333000
2016-08-30,43.58203887939453,47.13999938964844,47.810001373291016,47.08000183105469,47.65999984741211,2231200
2016-08-31,43.43412399291992,46.97999954223633,47.189998626708984,46.810001373291016,47.119998931884766,1676600
2016-09-01,43.4433708190918,46.9900016784668,47.220001220703125,46.810001373291016,47.029998779296875,1257900
2016-09-02,43.45261764526367,47.0,47.38999938964844,46.88999938964844,47.22999954223633,1424500
2016-09-06,43.40638732910156,46.95000076293945,47.11000061035156,46.720001220703125,46.900001525878906,1460900
2016-09-07,43.55430603027344,47.11000061035156,47.16999816894531,46.86000061035156,47.06999969482422,1542400
2016-09-08,43.471099853515625,47.02000045776367,47.15999984741211,46.939998626708984,47.06999969482422,884700
2016-09-09,41.49263000488281,44.880001068115234,46.529998779296875,44.869998931884766,46.5099983215332,2507000
2016-09-12,42.296958923339844,45.75,45.810001373291016,44.470001220703125,44.59000015258789,1835400
2016-09-13,41.5111198425293,44.900001525878906,45.41999816894531,44.61000061035156,45.36000061035156,3461800
2016-09-14,41.4741325378418,44.86000061035156,45.099998474121094,44.599998474121094,45.0099983215332,1604800
2016-09-15,42.01035690307617,45.439998626708984,45.68000030517578,44.810001373291016,44.86000061035156,1734000
2016-09-16,41.40943145751953,44.790000915527344,45.38999938964844,44.7400016784668,45.38999938964844,2592900
2016-09-19,41.55734634399414,44.95000076293945,45.47999954223633,44.86000061035156,44.900001525878906,1927900
2016-09-20,42.25997543334961,45.709999084472656,45.95000076293945,45.150001525878906,45.33000183105469,2333000
2016-09-21,42.56507110595703,46.040000915527344,46.25,45.40999984741211,45.97999954223633,1612600
2016-09-22,43.147518157958984,46.66999816894531,46.70000076293945,46.290000915527344,46.380001068115234,1306400
2016-09-23,43.09206771850586,46.61000061035156,46.869998931884766,46.310001373291016,46.43000030517578,1957000
2016-09-26,43.05506134033203,46.56999969482422,46.77000045776367,46.15999984741211,46.459999084472656,2639100
2016-09-27,43.175254821777344,46.70000076293945,46.709999084472656,46.22999954223633,46.529998779296875,1587100
2016-09-28,43.619014739990234,47.18000030517578,47.2599983215332,46.52000045776367,46.900001525878906,1502500
2016-09-29,42.90715408325195,46.40999984741211,47.27000045776367,46.13999938964844,47.04999923706055,1938200
2016-09-30,43.64396667480469,47.09000015258789,47.31999969482422,46.29999923706055,46.5,1754300
2016-10-03,43.69029998779297,47.13999938964844,47.22999954223633,46.81999969482422,46.81999969482422,1538800
2016-10-04,43.40299606323242,46.83000183105469,47.29999923706055,46.66999816894531,47.06999969482422,1764000
2016-10-05,43.699581146240234,47.150001525878906,47.310001373291016,46.93000030517578,47.040000915527344,1431900
2016-10-06,43.838592529296875,47.29999923706055,47.43000030517578,46.880001068115234,47.0099983215332,1772800
2016-10-07,43.912750244140625,47.380001068115234,47.4900016784668,46.9900016784668,47.33000183105469,1663100
2016-10-10,44.200050354003906,47.689998626708984,48.150001525878906,47.54999923706055,47.58000183105469,1544900
2016-10-11,42.346412658691406,45.689998626708984,47.189998626708984,45.41999816894531,47.189998626708984,2912500
2016-10-12,42.142520904541016,45.470001220703125,45.81999969482422,45.41999816894531,45.779998779296875,1736100
2016-10-13,41.855220794677734,45.15999984741211,45.31999969482422,44.7599983215332,44.84000015258789,1336000
2016-10-14,41.78104782104492,45.08000183105469,45.619998931884766,45.08000183105469,45.380001068115234,997100
2016-10-17,41.845951080322266,45.150001525878906,45.470001220703125,45.0,45.08000183105469,1160300
2016-10-18,42.11471176147461,45.439998626708984,45.83000183105469,45.27000045776367,45.70000076293945,1949100
2016-10-19,42.65227127075195,46.02000045776367,46.150001525878906,45.34000015258789,45.40999984741211,1769000
2016-10-20,42.680076599121094,46.04999923706055,46.220001220703125,45.650001525878906,46.0,1493600
2016-10-21,42.23520278930664,45.56999969482422,45.66999816894531,45.290000915527344,45.66999816894531,1011300
2016-10-24,42.49470520019531,45.849998474121094,45.95000076293945,45.63999938964844,45.880001068115234,1666400
2016-10-25,40.32594680786133,43.5099983215332,45.59000015258789,43.16999816894531,45.2599983215332,3949500
2016-10-26,40.196189880371094,43.369998931884766,43.81999969482422,43.2400016784668,43.41999816894531,2146200
2016-10-27,40.205474853515625,43.380001068115234,44.189998626708984,43.349998474121094,43.970001220703125,2392800
2016-10-28,40.05717086791992,43.220001220703125,43.869998931884766,43.11000061035156,43.380001068115234,1470500
2016-10-31,40.381561279296875,43.56999969482422,43.70000076293945,43.18000030517578,43.33000183105469,1556800
2016-11-01,40.30741500854492,43.4900016784668,44.11000061035156,43.13999938964844,43.72999954223633,2133100
2016-11-02,40.09425735473633,43.2599983215332,43.72999954223633,43.2400016784668,43.470001220703125,2240300
2016-11-03,40.46498107910156,43.65999984741211,44.0,43.18000030517578,43.33000183105469,2510100
2016-11-04,41.07667922973633,44.31999969482422,44.91999816894531,43.689998626708984,43.689998626708984,2220900
2016-11-07,42.36494827270508,45.709999084472656,45.7599983215332,44.95000076293945,44.9900016784668,1724000
2016-11-08,42.28155517578125,45.619998931884766,45.959999084472656,45.31999969482422,45.47999954223633,2136700
2016-11-09,42.578128814697266,45.939998626708984,46.09000015258789,44.4900016784668,45.40999984741211,3501200
2016-11-10,43.58835220336914,47.029998779296875,47.380001068115234,46.34000015258789,46.599998474121094,2558700
2016-11-11,42.976661682128906,46.369998931884766,46.869998931884766,46.209999084472656,46.77000045776367,2219300
2016-11-14,42.01276779174805,45.33000183105469,46.72999954223633,45.18000030517578,46.65999984741211,3443200
2016-11-15,42.077632904052734,45.400001525878906,46.0,44.95000076293945,45.33000183105469,4710200
2016-11-16,42.800567626953125,46.18000030517578,47.79999923706055,46.150001525878906,46.29999923706055,4026800
2016-11-17,42.578128814697266,45.939998626708984,46.15999984741211,45.54999923706055,46.15999984741211,2070600
2016-11-18,41.743988037109375,45.040000915527344,46.20000076293945,45.0099983215332,45.90999984741211,3148500
2016-11-21,41.67910385131836,44.970001220703125,45.2400016784668,44.650001525878906,45.220001220703125,2540100
2016-11-22,41.206424713134766,44.459999084472656,45.15999984741211,43.77000045776367,44.939998626708984,2831200
2016-11-23,41.38252639770508,44.650001525878906,44.779998779296875,43.970001220703125,44.18000030517578,1926300
2016-11-25,41.60496139526367,44.88999938964844,45.0099983215332,44.619998931884766,44.7400016784668,877100
2016-11-28,40.409358978271484,43.599998474121094,44.689998626708984,43.58000183105469,44.52000045776367,2241800
2016-11-29,41.22495651245117,44.47999954223633,44.630001068115234,43.52000045776367,43.599998474121094,1951900
2016-11-30,40.761558532714844,43.97999954223633,44.900001525878906,43.939998626708984,44.790000915527344,2238600
2016-12-01,40.047916412353516,43.209999084472656,44.099998474121094,42.91999816894531,44.08000183105469,2823100
2016-12-02,40.80790328979492,44.029998779296875,44.09000015258789,43.27000045776367,43.27000045776367,2153200
2016-12-05,41.27130126953125,44.529998779296875,44.689998626708984,44.209999084472656,44.209999084472656,2495000
2016-12-06,41.558624267578125,44.84000015258789,44.900001525878906,44.20000076293945,44.58000183105469,1136700
2016-12-07,41.697654724121094,44.9900016784668,44.9900016784668,44.11000061035156,44.560001373291016,1815200
2016-12-08,42.4483757019043,45.79999923706055,45.83000183105469,44.77000045776367,44.9900016784668,1848400
2016-12-09,42.911781311035156,46.29999923706055,46.31999969482422,45.849998474121094,45.90999984741211,1937500
2016-12-12,42.763484954833984,46.13999938964844,46.75,46.11000061035156,46.18000030517578,1851500
2016-12-13,42.99519348144531,46.38999938964844,46.61000061035156,46.15999984741211,46.310001373291016,1734700
2016-12-14,42.763484954833984,46.13999938964844,46.790000915527344,46.0,46.43000030517578,2044100
2016-12-15,43.152748107910156,46.560001373291016,46.77000045776367,45.91999816894531,46.08000183105469,1338900
2016-12-16,42.55031967163086,45.90999984741211,46.91999816894531,45.810001373291016,46.61000061035156,2103200
2016-12-19,42.105445861816406,45.43000030517578,46.220001220703125,45.36000061035156,45.88999938964844,1084200
2016-12-20,42.82837677001953,46.209999084472656,46.310001373291016,45.540000915527344,45.75,1552400
2016-12-21,42.670814514160156,46.040000915527344,46.36000061035156,45.86000061035156,46.209999084472656,1652300
2016-12-22,42.60593795776367,45.970001220703125,46.130001068115234,45.79999923706055,45.93000030517578,968300
2016-12-23,42.819087982177734,46.20000076293945,46.22999954223633,45.93000030517578,46.08000183105469,727700
2016-12-27,43.106407165527344,46.5099983215332,46.65999984741211,46.31999969482422,46.369998931884766,1535500
2016-12-28,42.37423324584961,45.720001220703125,46.70000076293945,45.68000030517578,46.5099983215332,1177300
2016-12-29,42.42256164550781,45.63999938964844,46.0,45.56999969482422,45.68000030517578,891000
2016-12-30,42.34819793701172,45.560001373291016,45.81999969482422,45.380001068115234,45.7599983215332,1216100
2017-01-03,43.21263885498047,46.4900016784668,46.75,45.7400016784668,45.93000030517578,1739600
2017-01-04,43.77963638305664,47.099998474121094,47.380001068115234,46.81999969482422,46.93000030517578,1821300
2017-01-05,43.25911331176758,46.540000915527344,47.06999969482422,46.36000061035156,47.04999923706055,1503700
2017-01-06,44.60689163208008,47.9900016784668,48.06999969482422,46.560001373291016,46.630001068115234,2883400
2017-01-09,44.74632263183594,48.13999938964844,48.560001373291016,47.90999984741211,48.0099983215332,2575300
2017-01-10,44.70913314819336,48.099998474121094,48.540000915527344,47.81999969482422,48.34000015258789,1560500
2017-01-11,45.77806854248047,49.25,49.47999954223633,47.95000076293945,48.029998779296875,5624300
2017-01-12,45.09953308105469,48.52000045776367,48.900001525878906,47.97999954223633,48.900001525878906,3276900
2017-01-13,45.25754928588867,48.689998626708984,48.849998474121094,48.40999984741211,48.599998474121094,1568500
2017-01-17,44.91362380981445,48.31999969482422,48.720001220703125,48.18000030517578,48.369998931884766,1938800
2017-01-18,44.84856414794922,48.25,48.72999954223633,48.0,48.66999816894531,1523500
2017-01-19,44.28156661987305,47.63999938964844,48.09000015258789,47.5099983215332,48.040000915527344,1346100
2017-01-20,44.26296615600586,47.619998931884766,47.93000030517578,47.40999984741211,47.83000183105469,1701700
2017-01-23,44.0491828918457,47.38999938964844,47.83000183105469,47.22999954223633,47.599998474121094,2013900
2017-01-24,44.01200866699219,47.349998474121094,48.209999084472656,47.04999923706055,47.77000045776367,2741900
2017-01-25,44.99728775024414,48.40999984741211,48.41999816894531,47.40999984741211,47.599998474121094,3073200
2017-01-26,44.77421188354492,48.16999816894531,48.43000030517578,47.91999816894531,48.41999816894531,1895400
2017-01-27,45.220367431640625,48.650001525878906,48.83000183105469,48.29999923706055,48.31999969482422,1527800
2017-01-30,44.30944061279297,47.66999816894531,48.54999923706055,47.38999938964844,48.47999954223633,2266500
2017-01-31,45.5178108215332,48.970001220703125,49.150001525878906,48.0099983215332,48.040000915527344,2552600
2017-02-01,45.787353515625,49.2599983215332,49.810001373291016,48.68000030517578,48.93000030517578,2244600
2017-02-02,45.4527473449707,48.900001525878906,49.0,48.470001220703125,48.880001068115234,1352200
2017-02-03,45.898895263671875,49.380001068115234,49.470001220703125,49.060001373291016,49.09000015258789,1191800
2017-02-06,45.796653747558594,49.27000045776367,49.380001068115234,48.959999084472656,49.130001068115234,952100
2017-02-07,46.14057159423828,49.63999938964844,49.779998779296875,49.2599983215332,49.41999816894531,2170700
2017-02-08,46.410133361816406,49.93000030517578,50.029998779296875,49.22999954223633,49.369998931884766,2107100
2017-02-09,46.91206741333008,50.470001220703125,50.79999923706055,49.93000030517578,49.93000030517578,2557700
2017-02-10,46.809818267822266,50.36000061035156,50.59000015258789,50.02000045776367,50.5099983215332,2092500
2017-02-13,46.95854187011719,50.52000045776367,50.88999938964844,50.41999816894531,50.630001068115234,1568300
2017-02-14,46.83768844604492,50.38999938964844,50.68000030517578,50.09000015258789,50.2400016784668,3546900
2017-02-15,47.980995178222656,51.619998931884766,51.84000015258789,50.619998931884766,51.13999938964844,5724500
2017-02-16,47.25597381591797,50.84000015258789,51.68000030517578,50.560001373291016,51.68000030517578,2550400
2017-02-17,47.99028396606445,51.630001068115234,51.63999938964844,50.58000183105469,50.650001525878906,2195500
2017-02-21,47.73002624511719,51.349998474121094,51.79999923706055,51.16999816894531,51.65999984741211,2037000
2017-02-22,47.72072219848633,51.34000015258789,51.720001220703125,51.189998626708984,51.310001373291016,1632400
2017-02-23,47.84156036376953,51.470001220703125,51.599998474121094,51.20000076293945,51.439998626708984,1006900
2017-02-24,48.09253692626953,51.7400016784668,51.83000183105469,51.33000183105469,51.380001068115234,1612700
2017-02-27,48.01818084716797,51.65999984741211,51.939998626708984,51.459999084472656,51.7400016784668,1195100
2017-02-28,47.68355178833008,51.29999923706055,51.650001525878906,51.22999954223633,51.52000045776367,1417800
2017-03-01,48.37138748168945,52.040000915527344,52.2599983215332,51.619998931884766,51.619998931884766,2026600
2017-03-02,47.75790786743164,51.380001068115234,52.08000183105469,51.33000183105469,52.040000915527344,1706400
2017-03-03,48.31562042236328,51.97999954223633,52.040000915527344,51.150001525878906,51.380001068115234,1824400
2017-03-06,47.63706970214844,51.25,51.81999969482422,51.18000030517578,51.63999938964844,1883700
2017-03-07,47.59989547729492,51.209999084472656,51.45000076293945,50.86000061035156,51.060001373291016,2233600
2017-03-08,47.785789489746094,51.40999984741211,51.56999969482422,50.95000076293945,51.2599983215332,1517600
2017-03-09,47.80439376831055,51.43000030517578,51.58000183105469,51.130001068115234,51.41999816894531,1259400
2017-03-10,48.473636627197266,52.150001525878906,52.36000061035156,51.47999954223633,51.689998626708984,1860500
2017-03-13,48.752479553222656,52.45000076293945,52.459999084472656,51.9900016784668,52.13999938964844,1376200
2017-03-14,48.529380798339844,52.209999084472656,52.2599983215332,51.959999084472656,52.220001220703125,1203400
2017-03-15,50.286163330078125,54.099998474121094,54.81999969482422,53.02000045776367,53.310001373291016,4118000
2017-03-16,49.310176849365234,53.04999923706055,54.04999923706055,52.83000183105469,53.43000030517578,2676900
2017-03-17,49.551856994628906,53.310001373291016,53.529998779296875,52.91999816894531,53.060001373291016,1936900
2017-03-20,49.40313720703125,53.150001525878906,53.630001068115234,53.0,53.310001373291016,1221400
2017-03-21,48.94767761230469,52.65999984741211,53.72999954223633,52.47999954223633,53.279998779296875,1492700
2017-03-22,49.38453674316406,53.130001068115234,53.470001220703125,52.650001525878906,52.790000915527344,1257100
2017-03-23,49.431026458740234,53.18000030517578,53.779998779296875,52.720001220703125,53.040000915527344,1717900
2017-03-24,49.33806610107422,53.08000183105469,54.04999923706055,52.84000015258789,54.04999923706055,2015300
2017-03-27,49.48678970336914,53.2400016784668,53.34000015258789,52.41999816894531,52.599998474121094,1446500
2017-03-28,49.67268753051758,53.439998626708984,53.61000061035156,53.099998474121094,53.290000915527344,1312700
2017-03-29,49.375247955322266,53.119998931884766,53.41999816894531,52.779998779296875,53.2599983215332,1469900
2017-03-30,49.56114959716797,53.31999969482422,53.43000030517578,52.900001525878906,53.130001068115234,1627400
2017-03-31,49.26483154296875,52.869998931884766,53.22999954223633,52.810001373291016,53.06999969482422,1705600
2017-04-03,49.572322845458984,53.20000076293945,53.209999084472656,52.72999954223633,52.900001525878906,1550200
2017-04-04,49.0318717956543,52.619998931884766,53.2400016784668,52.47999954223633,53.20000076293945,2017100
2017-04-05,49.11575698852539,52.709999084472656,53.220001220703125,52.70000076293945,52.720001220703125,1778300
2017-04-06,49.5257453918457,53.150001525878906,53.22999954223633,52.2599983215332,52.70000076293945,1548200
2017-04-07,49.23688888549805,52.84000015258789,53.06999969482422,52.70000076293945,53.06999969482422,1243600
2017-04-10,49.125064849853516,52.720001220703125,53.2599983215332,52.68000030517578,52.900001525878906,1025200
2017-04-11,49.22755432128906,52.83000183105469,52.900001525878906,52.369998931884766,52.70000076293945,1520700
2017-04-12,48.966644287109375,52.54999923706055,53.029998779296875,52.470001220703125,52.849998474121094,1258200
2017-04-13,48.76165008544922,52.33000183105469,52.7400016784668,52.310001373291016,52.43000030517578,864000
2017-04-17,49.814605712890625,53.459999084472656,53.709999084472656,52.43000030517578,52.630001068115234,1569200
2017-04-18,49.413917541503906,53.029998779296875,53.599998474121094,52.68000030517578,53.02000045776367,1241000
2017-04-19,49.45118713378906,53.06999969482422,53.41999816894531,52.95000076293945,53.349998474121094,2095700
2017-04-20,49.507102966308594,53.130001068115234,53.400001525878906,52.790000915527344,53.33000183105469,1570000
2017-04-21,49.6375617980957,53.27000045776367,53.38999938964844,52.84000015258789,53.2599983215332,2189400
2017-04-24,50.7277717590332,54.439998626708984,54.529998779296875,53.90999984741211,53.93000030517578,2257700
2017-04-25,51.072547912597656,54.810001373291016,55.189998626708984,54.5099983215332,54.75,2181900
2017-04-26,51.09119415283203,54.83000183105469,55.33000183105469,54.810001373291016,55.0,1835000
2017-04-27,51.6502799987793,55.43000030517578,55.5099983215332,54.83000183105469,54.93000030517578,1529000
2017-04-28,51.29618453979492,55.04999923706055,55.349998474121094,54.84000015258789,55.310001373291016,3078200
2017-05-01,51.99504470825195,55.79999923706055,55.9900016784668,55.36000061035156,55.5,1897000
2017-05-02,52.116180419921875,55.93000030517578,55.970001220703125,55.5099983215332,55.849998474121094,1693100
2017-05-03,52.33049011230469,56.15999984741211,56.2599983215332,55.61000061035156,55.68000030517578,1702600
2017-05-04,52.83367156982422,56.70000076293945,56.75,56.15999984741211,56.20000076293945,2615600
2017-05-05,52.77775955200195,56.63999938964844,56.959999084472656,56.59000015258789,56.849998474121094,1571500
2017-05-08,52.47957992553711,56.31999969482422,56.81999969482422,55.93000030517578,56.650001525878906,2190000
2017-05-09,52.992069244384766,56.869998931884766,56.88999938964844,56.290000915527344,56.41999816894531,1559200
2017-05-10,52.43299102783203,56.27000045776367,56.939998626708984,56.08000183105469,56.849998474121094,1566300
2017-05-11,52.395713806152344,56.22999954223633,56.380001068115234,55.79999923706055,56.130001068115234,1347600
2017-05-12,52.33049011230469,56.15999984741211,56.400001525878906,55.959999084472656,56.15999984741211,1578300
2017-05-15,52.83367156982422,56.70000076293945,56.7599983215332,56.0099983215332,56.06999969482422,1472200
2017-05-16,52.95479965209961,56.83000183105469,58.380001068115234,56.45000076293945,58.380001068115234,1032600
2017-05-17,51.96709442138672,55.77000045776367,56.83000183105469,55.66999816894531,56.83000183105469,1839700
2017-05-18,52.041629791259766,55.849998474121094,56.27000045776367,55.599998474121094,55.900001525878906,1935000
2017-05-19,52.302528381347656,56.130001068115234,56.31999969482422,55.86000061035156,56.09000015258789,1654400
2017-05-22,52.25593948364258,56.08000183105469,56.52000045776367,55.849998474121094,56.52000045776367,4264800
2017-05-23,54.66000747680664,58.65999984741211,59.97999954223633,58.0,59.79999923706055,7510600
2017-05-24,55.19115447998047,59.22999954223633,59.34000015258789,58.06999969482422,58.5,4060100
2017-05-25,55.256378173828125,59.29999923706055,59.70000076293945,58.91999816894531,59.529998779296875,2772200
2017-05-26,55.45206069946289,59.5099983215332,59.720001220703125,59.040000915527344,59.22999954223633,1534400
2017-05-30,56.25340270996094,60.369998931884766,60.47999954223633,59.40999984741211,59.540000915527344,2576400
2017-05-31,56.225460052490234,60.34000015258789,60.810001373291016,59.45000076293945,59.45000076293945,2552400
2017-06-01,56.588871002197266,60.72999954223633,60.77000045776367,59.810001373291016,60.0099983215332,2100400
2017-06-02,56.66341781616211,60.810001373291016,61.150001525878906,60.7599983215332,60.79999923706055,1665500
2017-06-05,56.2813720703125,60.400001525878906,60.84000015258789,60.33000183105469,60.79999923706055,1473300
2017-06-06,56.00181579589844,60.099998474121094,60.54999923706055,60.099998474121094,60.13999938964844,1968000
2017-06-07,56.49568557739258,60.630001068115234,60.77000045776367,59.97999954223633,60.2599983215332,1617500
2017-06-08,56.04840850830078,60.150001525878906,60.72999954223633,59.709999084472656,60.630001068115234,3486600
2017-06-09,55.17250442504883,59.209999084472656,60.45000076293945,59.130001068115234,60.310001373291016,2352300
2017-06-12,54.9675178527832,58.9900016784668,59.40999984741211,58.119998931884766,59.13999938964844,2579600
2017-06-13,55.23773956298828,59.279998779296875,59.63999938964844,58.93000030517578,59.06999969482422,1527000
2017-06-14,55.3309326171875,59.380001068115234,59.779998779296875,59.04999923706055,59.540000915527344,1202800
2017-06-15,55.17250442504883,59.209999084472656,59.290000915527344,58.81999969482422,59.220001220703125,1091800
2017-06-16,55.45206069946289,59.5099983215332,59.790000915527344,59.2400016784668,59.369998931884766,2157500
2017-06-19,56.42113494873047,60.54999923706055,60.66999816894531,59.58000183105469,59.58000183105469,2383700
2017-06-20,56.216148376464844,60.33000183105469,60.91999816894531,60.29999923706055,60.54999923706055,1821700
2017-06-21,55.712955474853516,59.790000915527344,60.529998779296875,59.66999816894531,60.310001373291016,2247900
2017-06-22,56.47704315185547,60.61000061035156,60.79999923706055,59.61000061035156,59.939998626708984,3473200
2017-06-23,55.69432830810547,59.77000045776367,60.59000015258789,59.5,60.59000015258789,2879800
2017-06-26,55.200469970703125,59.2400016784668,59.95000076293945,59.150001525878906,59.790000915527344,1535500
2017-06-27,54.86501693725586,58.880001068115234,59.56999969482422,58.84000015258789,59.130001068115234,1060300
2017-06-28,55.34955978393555,59.400001525878906,59.70000076293945,59.20000076293945,59.27000045776367,1191500
2017-06-29,54.91249465942383,58.79999923706055,59.630001068115234,58.4900016784668,59.349998474121094,1356800
2017-06-30,55.38877868652344,59.310001373291016,59.56999969482422,58.84000015258789,59.0,1593800
2017-07-03,55.22068405151367,59.130001068115234,59.97999954223633,59.130001068115234,59.59000015258789,1489600
2017-07-05,55.81837463378906,59.77000045776367,60.04999923706055,59.189998626708984,59.189998626708984,1639000
2017-07-06,55.30473327636719,59.220001220703125,59.77000045776367,59.06999969482422,59.459999084472656,2249500
2017-07-07,55.6876335144043,59.630001068115234,60.06999969482422,59.33000183105469,59.529998779296875,965400
2017-07-10,55.90242385864258,59.86000061035156,60.04999923706055,59.380001068115234,59.47999954223633,1146000
2017-07-11,55.84638595581055,59.79999923706055,60.15999984741211,59.459999084472656,59.9900016784668,2976000
2017-07-12,56.714900970458984,60.72999954223633,60.9900016784668,60.15999984741211,60.33000183105469,1439400
2017-07-13,57.14448547363281,61.189998626708984,61.310001373291016,60.66999816894531,61.25,2059600
2017-07-14,57.452674865722656,61.52000045776367,61.65999984741211,60.91999816894531,61.279998779296875,1285500
2017-07-17,57.480690002441406,61.54999923706055,61.84000015258789,61.400001525878906,61.599998474121094,1332700
2017-07-18,57.163169860839844,61.209999084472656,61.540000915527344,60.95000076293945,61.43000030517578,1520100
2017-07-19,57.321922302246094,61.380001068115234,61.63999938964844,61.16999816894531,61.31999969482422,1512200
2017-07-20,56.948368072509766,60.97999954223633,61.54999923706055,60.810001373291016,61.45000076293945,2009400
2017-07-21,57.31258010864258,61.369998931884766,61.599998474121094,60.7599983215332,60.83000183105469,1283200
2017-07-24,57.43400192260742,61.5,61.58000183105469,61.25,61.380001068115234,973800
2017-07-25,56.5374641418457,60.540000915527344,61.65999984741211,60.380001068115234,61.56999969482422,1692000
2017-07-26,55.77167510986328,59.720001220703125,60.810001373291016,59.38999938964844,60.58000183105469,2520700
2017-07-27,55.9491081237793,59.90999984741211,60.2400016784668,59.599998474121094,59.81999969482422,1945000
2017-07-28,56.10786819458008,60.08000183105469,60.22999954223633,59.61000061035156,59.90999984741211,1236400
2017-07-31,55.83704376220703,59.790000915527344,60.619998931884766,59.7599983215332,60.31999969482422,1038700
2017-08-01,55.97712707519531,59.939998626708984,60.290000915527344,59.810001373291016,60.040000915527344,1323600
2017-08-02,56.219932556152344,60.20000076293945,60.33000183105469,59.52000045776367,60.0,1121500
2017-08-03,56.37868881225586,60.369998931884766,60.439998626708984,59.970001220703125,60.150001525878906,982900
2017-08-04,56.154571533203125,60.130001068115234,60.7400016784668,60.0099983215332,60.52000045776367,778800
2017-08-07,56.845638275146484,60.869998931884766,60.88999938964844,60.0099983215332,60.15999984741211,975700
2017-08-08,56.16390609741211,60.13999938964844,60.97999954223633,60.08000183105469,60.66999816894531,1162300
2017-08-09,55.734317779541016,59.68000030517578,60.22999954223633,59.380001068115234,60.06999969482422,1965000
2017-08-10,54.69770812988281,58.56999969482422,59.5,58.220001220703125,59.349998474121094,2471500
2017-08-11,55.40745544433594,59.33000183105469,59.70000076293945,58.689998626708984,58.70000076293945,1511600
2017-08-14,55.67829132080078,59.619998931884766,60.040000915527344,59.54999923706055,59.79999923706055,2409800
2017-08-15,55.45415496826172,59.380001068115234,59.880001068115234,59.11000061035156,59.70000076293945,2933300
2017-08-16,58.031681060791016,62.13999938964844,62.41999816894531,60.7599983215332,62.150001525878906,6892000
2017-08-17,56.836299896240234,60.86000061035156,62.06999969482422,60.779998779296875,62.0,3501600
2017-08-18,57.20051574707031,61.25,61.720001220703125,60.279998779296875,60.7599983215332,2357900
2017-08-21,57.65812301635742,61.7400016784668,62.0,60.959999084472656,61.09000015258789,1486100
2017-08-22,58.79747009277344,62.959999084472656,63.02000045776367,61.849998474121094,61.869998931884766,1666400
2017-08-23,58.620025634765625,62.77000045776367,63.369998931884766,62.599998474121094,62.720001220703125,1445700
2017-08-24,58.535972595214844,62.68000030517578,63.150001525878906,62.349998474121094,62.869998931884766,1584500
2017-08-25,58.74143600463867,62.900001525878906,63.13999938964844,62.66999816894531,63.060001373291016,1352800
2017-08-28,59.2644157409668,63.459999084472656,63.58000183105469,62.970001220703125,63.099998474121094,1290400
2017-08-29,59.29242706298828,63.4900016784668,63.630001068115234,63.02000045776367,63.040000915527344,1206600
2017-08-30,59.67530822753906,63.900001525878906,63.93000030517578,63.38999938964844,63.400001525878906,1072500
2017-08-31,60.441104888916016,64.72000122070312,64.83000183105469,63.900001525878906,64.0,1930100
2017-09-01,60.12358093261719,64.37999725341797,65.18000030517578,64.20999908447266,64.9000015258789,1224600
2017-09-05,60.03952407836914,64.29000091552734,64.4800033569336,63.810001373291016,64.0199966430664,910200
2017-09-06,60.43177032470703,64.70999908447266,64.80999755859375,64.05000305175781,64.55999755859375,974500
2017-09-07,60.833335876464844,65.13999938964844,65.25,64.48999786376953,64.8499984741211,1075800
2017-09-08,60.72127914428711,65.0199966430664,65.68000030517578,64.83000183105469,65.1500015258789,1587700
2017-09-11,61.73921203613281,66.11000061035156,66.2699966430664,65.37999725341797,65.5,1770000
2017-09-12,61.7672119140625,66.13999938964844,66.41999816894531,65.88999938964844,66.2699966430664,1081900
2017-09-13,61.1135139465332,65.44000244140625,66.22000122070312,65.41000366210938,65.91000366210938,2042600
2017-09-14,61.33763885498047,65.68000030517578,65.87000274658203,65.16000366210938,65.30999755859375,1481000
2017-09-15,61.599143981933594,65.95999908447266,66.12999725341797,65.62000274658203,65.68000030517578,2296000
2017-09-18,61.711177825927734,66.08000183105469,66.30000305175781,65.69999694824219,66.08999633789062,1562000
2017-09-19,61.79524612426758,66.16999816894531,66.44999694824219,66.0,66.25,1238000
2017-09-20,61.72053146362305,66.08999633789062,66.36000061035156,65.7699966430664,66.30999755859375,1186000
2017-09-21,61.56174850463867,65.91999816894531,66.13999938964844,65.62999725341797,65.87999725341797,874800
2017-09-22,61.4310188293457,65.77999877929688,66.2699966430664,65.70999908447266,65.8499984741211,1296200
2017-09-25,60.4504508972168,64.7300033569336,65.9000015258789,64.44000244140625,65.80000305175781,1841800
2017-09-26,59.871437072753906,64.11000061035156,64.9000015258789,63.90999984741211,64.6500015258789,1615200
2017-09-27,60.1329231262207,64.38999938964844,64.66000366210938,64.05000305175781,64.2699966430664,1272500
2017-09-28,59.750022888183594,63.97999954223633,64.62000274658203,63.970001220703125,64.25,1126200
2017-09-29,59.955474853515625,64.19999694824219,64.27999877929688,63.720001220703125,64.0,1672800
2017-10-02,60.70601272583008,64.87000274658203,65.06999969482422,64.20999908447266,64.29000091552734,1693900
2017-10-03,60.96803283691406,65.1500015258789,65.77999877929688,65.05999755859375,65.05999755859375,1216400
2017-10-04,61.604373931884766,65.83000183105469,65.87000274658203,65.1500015258789,65.1500015258789,745600
2017-10-05,61.48273468017578,65.69999694824219,65.98999786376953,65.5199966430664,65.8499984741211,1974100
2017-10-06,62.10034942626953,66.36000061035156,66.37999725341797,65.66000366210938,65.68000030517578,1405100
2017-10-09,62.287532806396484,66.55999755859375,66.7699966430664,66.0199966430664,66.48999786376953,1542300
2017-10-10,62.32495880126953,66.5999984741211,66.86000061035156,66.22000122070312,66.68000030517578,1143100
2017-10-11,62.343658447265625,66.62000274658203,66.97000122070312,66.33999633789062,66.68000030517578,1794800
2017-10-12,63.20462417602539,67.54000091552734,67.5999984741211,66.54000091552734,66.6500015258789,1455000
2017-10-13,62.68994903564453,66.98999786376953,67.81999969482422,66.88999938964844,67.62999725341797,943100
2017-10-16,62.615047454833984,66.91000366210938,67.37000274658203,66.7699966430664,67.19999694824219,1473400
2017-10-17,61.87576675415039,66.12000274658203,66.68000030517578,65.98999786376953,66.68000030517578,1711800
2017-10-18,62.17524719238281,66.44000244140625,66.58000183105469,66.06999969482422,66.37999725341797,1150500
2017-10-19,62.58697509765625,66.87999725341797,66.97000122070312,66.05999755859375,66.44000244140625,1359100
2017-10-20,62.93320846557617,67.25,67.52999877929688,67.06999969482422,67.19000244140625,1506100
2017-10-23,62.7180061340332,67.0199966430664,67.68000030517578,66.93000030517578,67.44999694824219,1267600
2017-10-24,62.99872589111328,67.31999969482422,67.55000305175781,66.87999725341797,67.30999755859375,1975700
2017-10-25,63.064231872558594,67.38999938964844,68.5199966430664,67.02999877929688,67.9000015258789,1795000
2017-10-26,63.36370849609375,67.70999908447266,67.83000183105469,67.19999694824219,67.52999877929688,1417900
2017-10-27,63.60700607299805,67.97000122070312,68.01000213623047,67.41000366210938,67.80999755859375,1441000
2017-10-30,63.15780258178711,67.48999786376953,67.93000030517578,67.0999984741211,67.80000305175781,846600
2017-10-31,63.66316604614258,68.02999877929688,68.16999816894531,67.54000091552734,67.73999786376953,1614400
2017-11-01,63.65380096435547,68.0199966430664,68.44000244140625,67.83999633789062,68.19999694824219,1357300
2017-11-02,63.75672912597656,68.12999725341797,68.37999725341797,67.80999755859375,68.08000183105469,1856900
2017-11-03,63.981346130371094,68.37000274658203,68.66999816894531,68.01000213623047,68.08999633789062,1072300
2017-11-06,63.8409538269043,68.22000122070312,68.44999694824219,67.87000274658203,68.2699966430664,995700
2017-11-07,63.86905288696289,68.25,68.63999938964844,68.04000091552734,68.31999969482422,956500
2017-11-08,63.738033294677734,68.11000061035156,68.33000183105469,67.7699966430664,68.0999984741211,977600
2017-11-09,63.139129638671875,67.47000122070312,67.9800033569336,66.91000366210938,67.91999816894531,1665000
2017-11-10,62.521453857421875,66.80999755859375,67.58000183105469,66.69999694824219,67.3499984741211,1704300
2017-11-13,62.8209228515625,67.12999725341797,67.38999938964844,66.25,66.44999694824219,1536400
2017-11-14,63.12974548339844,67.45999908447266,67.80000305175781,66.88999938964844,66.9800033569336,2426200
2017-11-15,62.989356994628906,67.30999755859375,67.55999755859375,66.91000366210938,67.29000091552734,2042300
2017-11-16,64.32758331298828,68.73999786376953,68.94999694824219,67.44999694824219,67.5,2300400
2017-11-17,64.37437438964844,68.79000091552734,69.08999633789062,68.29000091552734,68.52999877929688,1823100
2017-11-20,65.4692611694336,69.95999908447266,70.2300033569336,68.94999694824219,69.27999877929688,4143500
2017-11-21,65.42247772216797,69.91000366210938,70.80999755859375,67.69999694824219,70.05000305175781,5330000
2017-11-22,64.28081512451172,68.69000244140625,69.37000274658203,68.30000305175781,69.13999938964844,3041600
2017-11-24,64.90782928466797,69.36000061035156,69.38999938964844,68.77999877929688,68.83999633789062,1015400
2017-11-27,64.86099243164062,69.30999755859375,69.48999786376953,69.16999816894531,69.22000122070312,1439300
2017-11-28,66.0588607788086,70.58999633789062,70.93000030517578,69.41999816894531,69.55999755859375,2473400
2017-11-29,64.28081512451172,68.69000244140625,70.83999633789062,68.44999694824219,70.5,1904000
2017-11-30,64.7955093383789,69.23999786376953,69.58999633789062,68.20999908447266,68.97000122070312,1922500
2017-12-01,64.28081512451172,68.69000244140625,70.0,67.2300033569336,69.19000244140625,2516500
2017-12-04,61.98805618286133,66.23999786376953,69.16999816894531,66.18000030517578,68.94000244140625,2899400
2017-12-05,61.604373931884766,65.83000183105469,67.0,65.7300033569336,66.19999694824219,2384000
2017-12-06,61.6605224609375,65.88999938964844,66.25,65.5999984741211,65.87999725341797,1690100
2017-12-07,62.42788314819336,66.70999908447266,66.87999725341797,65.7699966430664,65.91000366210938,2294500
2017-12-08,63.05488586425781,67.37999725341797,67.55000305175781,66.6500015258789,66.94000244140625,2195600
2017-12-11,62.699283599853516,67.0,67.75,66.4800033569336,67.43000030517578,2438600
2017-12-12,62.75542068481445,67.05999755859375,67.16000366210938,66.5,67.0,2181000
2017-12-13,62.39981460571289,66.68000030517578,67.66000366210938,66.63999938964844,67.2300033569336,1684600
2017-12-14,62.2407341003418,66.51000213623047,67.08999633789062,66.37000274658203,66.68000030517578,1774600
2017-12-15,63.27012252807617,67.61000061035156,67.86000061035156,66.69000244140625,67.0,2871900
2017-12-18,63.316925048828125,67.66000366210938,68.51000213623047,67.4800033569336,67.88999938964844,2306300
2017-12-19,63.40113830566406,67.75,68.05000305175781,67.48999786376953,67.94000244140625,1469400
2017-12-20,63.07361602783203,67.4000015258789,68.13999938964844,67.16000366210938,67.80999755859375,1363000
2017-12-21,63.185890197753906,67.5199966430664,67.87000274658203,67.2699966430664,67.51000213623047,1502200
2017-12-22,63.02680969238281,67.3499984741211,67.54000091552734,66.86000061035156,67.41000366210938,1221300
2017-12-26,62.93320846557617,67.25,67.44999694824219,67.05000305175781,67.30999755859375,532700
2017-12-27,62.98002243041992,67.30000305175781,67.45999908447266,67.1500015258789,67.20999908447266,1038600
2017-12-28,63.12040328979492,67.44999694824219,67.4800033569336,67.0199966430664,67.44000244140625,607000
2017-12-29,62.809959411621094,66.97000122070312,67.58000183105469,66.93000030517578,67.5,1064900
2018-01-02,63.40081787109375,67.5999984741211,67.88999938964844,67.33999633789062,67.41999816894531,1047800
2018-01-03,65.01396179199219,69.31999969482422,69.48999786376953,67.5999984741211,67.62000274658203,1698900
2018-01-04,64.52629089355469,68.80000305175781,69.81999969482422,68.77999877929688,69.54000091552734,2230700
2018-01-05,65.5579605102539,69.9000015258789,70.0999984741211,68.7300033569336,68.7300033569336,1632500
2018-01-08,65.69861602783203,70.05000305175781,70.33000183105469,69.55000305175781,69.7300033569336,1613400
2018-01-09,67.3117904663086,71.7699966430664,72.33000183105469,70.16999816894531,70.68000030517578,2666100
2018-01-10,66.39266967773438,70.79000091552734,71.44999694824219,70.11000061035156,71.44999694824219,2957200
2018-01-11,66.40203857421875,70.80000305175781,71.18000030517578,70.30000305175781,70.91999816894531,1511100
2018-01-12,67.27427673339844,71.7300033569336,71.86000061035156,70.5,70.7300033569336,1448100
2018-01-16,66.80532836914062,71.2300033569336,72.47000122070312,71.05999755859375,72.0199966430664,1702700
2018-01-17,67.58378601074219,72.05999755859375,72.30999755859375,71.58999633789062,71.72000122070312,1824500
2018-01-18,67.70572662353516,72.19000244140625,72.5,71.66999816894531,72.19999694824219,1828300
2018-01-19,68.53105926513672,73.06999969482422,73.22000122070312,72.05999755859375,72.4800033569336,2266100
2018-01-22,68.91557312011719,73.4800033569336,73.55000305175781,72.5999984741211,73.16999816894531,1963700
2018-01-23,68.8780517578125,73.44000244140625,74.08000183105469,73.25,74.05000305175781,1213400
2018-01-24,69.00934600830078,73.58000183105469,73.86000061035156,73.05000305175781,73.66000366210938,1754300
2018-01-25,69.27194213867188,73.86000061035156,74.48999786376953,73.6500015258789,74.16999816894531,1664100
2018-01-26,70.17235565185547,74.81999969482422,74.83000183105469,73.58999633789062,74.30000305175781,2386900
2018-01-29,69.90033721923828,74.52999877929688,75.0,74.30000305175781,74.4800033569336,1321900
2018-01-30,68.45600128173828,72.98999786376953,74.08000183105469,72.93000030517578,73.98999786376953,1817000
2018-01-31,68.86865997314453,73.43000030517578,74.38999938964844,73.23999786376953,73.7699966430664,2032800
2018-02-01,68.30595397949219,72.83000183105469,73.77999877929688,72.51000213623047,73.18000030517578,2008200
2018-02-02,66.8240966796875,71.25,72.76000213623047,71.22000122070312,72.31999969482422,1955700
2018-02-05,63.98230743408203,68.22000122070312,71.4800033569336,68.18000030517578,70.86000061035156,2860700
2018-02-06,64.19802856445312,68.44999694824219,68.83000183105469,66.12999725341797,66.95999908447266,4121200
2018-02-07,63.83225631713867,68.05999755859375,69.08000183105469,67.91000366210938,68.19000244140625,1988100
2018-02-08,61.00922775268555,65.05000305175781,68.16000366210938,65.02999877929688,68.08999633789062,4163400
2018-02-09,62.81930923461914,66.9800033569336,67.52999877929688,65.29000091552734,66.4000015258789,4517000
2018-02-12,64.17924499511719,68.43000030517578,69.05000305175781,67.37000274658203,67.45999908447266,4227600
2018-02-13,64.09484100341797,68.33999633789062,68.48999786376953,67.66000366210938,67.97000122070312,1825500
2018-02-14,65.3703842163086,69.69999694824219,69.88999938964844,67.62000274658203,67.80000305175781,3637800
2018-02-15,67.54623413085938,72.0199966430664,74.98999786376953,71.22000122070312,74.94000244140625,4899100
2018-02-16,67.49938201904297,71.97000122070312,72.69999694824219,71.62000274658203,71.97000122070312,2887100
2018-02-20,66.66464233398438,71.08000183105469,71.8499984741211,70.69999694824219,71.5,2580400
2018-02-21,66.8240966796875,71.25,72.69999694824219,70.97000122070312,71.12000274658203,1995600
2018-02-22,66.28950500488281,70.68000030517578,71.76000213623047,70.51000213623047,71.72000122070312,2403400
2018-02-23,66.30824279785156,70.69999694824219,71.37000274658203,70.05999755859375,71.1500015258789,4227000
2018-02-26,66.19572448730469,70.58000183105469,71.20999908447266,70.01000213623047,71.0,5947400
2018-02-27,64.71385955810547,69.0,70.91999816894531,69.0,70.75,3370500
2018-02-28,64.32933807373047,68.58999633789062,70.0,68.56999969482422,69.41999816894531,3289200
2018-03-01,63.194488525390625,67.37999725341797,68.80000305175781,66.79000091552734,68.47000122070312,2401800
2018-03-02,63.316410064697266,67.51000213623047,67.68000030517578,66.6500015258789,66.81999969482422,2057300
2018-03-05,63.353912353515625,67.55000305175781,67.8499984741211,66.51000213623047,67.25,1890900
2018-03-06,63.879154205322266,68.11000061035156,68.41999816894531,67.44999694824219,67.77999877929688,2944600
2018-03-07,65.3703842163086,69.69999694824219,69.86000061035156,67.30000305175781,67.36000061035156,3125800
2018-03-08,65.51106262207031,69.8499984741211,70.2699966430664,69.19000244140625,69.72000122070312,2453400
2018-03-09,66.71154022216797,71.12999725341797,71.5,70.0,70.2699966430664,2061200
2018-03-12,66.31763458251953,70.70999908447266,71.52999877929688,70.66999816894531,71.19999694824219,2049400
2018-03-13,66.28950500488281,70.68000030517578,71.5199966430664,70.41999816894531,71.0,1728100
2018-03-14,65.57669067382812,69.91999816894531,71.16000366210938,69.69000244140625,71.06999969482422,1866300
2018-03-15,65.82054138183594,70.18000030517578,70.66000366210938,69.87000274658203,70.08999633789062,2530400
2018-03-16,65.5579605102539,69.9000015258789,70.33999633789062,69.05000305175781,69.91999816894531,3378100
2018-03-19,65.0327377319336,69.33999633789062,70.30999755859375,69.05999755859375,69.79000091552734,2639400
2018-03-20,65.51106262207031,69.8499984741211,70.06999969482422,69.44999694824219,69.7699966430664,2379100
2018-03-21,65.08899688720703,69.4000015258789,70.08999633789062,69.36000061035156,69.87999725341797,1583200
2018-03-22,63.278926849365234,67.47000122070312,69.19999694824219,67.33000183105469,68.69999694824219,1690000
2018-03-23,61.95647430419922,66.05999755859375,67.7300033569336,65.94000244140625,67.58000183105469,2594100
2018-03-26,63.96352005004883,68.19999694824219,68.29000091552734,66.66000366210938,67.19999694824219,2263800
2018-03-27,62.83810043334961,67.0,68.62999725341797,66.54000091552734,68.4800033569336,2104500
2018-03-28,62.27535629272461,66.4000015258789,67.37999725341797,65.80999755859375,67.22000122070312,2267800
2018-03-29,62.74431610107422,66.9000015258789,67.58000183105469,66.11000061035156,66.75,2711300
2018-04-02,60.56261444091797,64.43000030517578,66.97000122070312,63.72999954223633,66.6500015258789,3085800
2018-04-03,61.49319839477539,65.41999816894531,65.87999725341797,64.62000274658203,64.94000244140625,2286100
2018-04-04,61.52140426635742,65.44999694824219,65.6500015258789,63.650001525878906,64.1500015258789,5084100
2018-04-05,61.737586975097656,65.68000030517578,66.30999755859375,65.5,65.81999969482422,2120200
2018-04-06,59.82945251464844,63.650001525878906,65.55999755859375,63.380001068115234,65.01000213623047,3578600
2018-04-09,61.27699279785156,65.19000244140625,66.25,64.08000183105469,64.91999816894531,2639800
2018-04-10,62.639976501464844,66.63999938964844,66.79000091552734,65.9000015258789,66.13999938964844,1872800
2018-04-11,62.11356735229492,66.08000183105469,66.5999984741211,65.81999969482422,65.9800033569336,1391400
2018-04-12,63.16634750366211,67.19999694824219,67.63999938964844,66.44999694824219,66.55999755859375,2180900
2018-04-13,63.175785064697266,67.20999908447266,67.66999816894531,66.87999725341797,67.5,2043900
2018-04-16,64.07811737060547,68.16999816894531,68.37000274658203,67.48999786376953,67.83000183105469,2887800
2018-04-17,64.3319320678711,68.44000244140625,68.8499984741211,68.06999969482422,68.5999984741211,2682600
2018-04-18,65.37529754638672,69.55000305175781,70.29000091552734,68.6500015258789,69.12000274658203,2678300
2018-04-19,63.8901252746582,67.97000122070312,69.58999633789062,67.36000061035156,69.4800033569336,2435100
2018-04-20,63.495323181152344,67.55000305175781,68.26000213623047,67.31999969482422,68.04000091552734,1917200
2018-04-23,63.9841194152832,68.06999969482422,68.66999816894531,67.52999877929688,67.70999908447266,2260600
2018-04-24,62.639976501464844,66.63999938964844,67.91000366210938,66.04000091552734,66.38999938964844,3701600
2018-04-25,61.850406646728516,65.80000305175781,67.08000183105469,64.91000366210938,66.69000244140625,4451600
2018-04-26,62.386173248291016,66.37000274658203,66.76000213623047,65.9000015258789,66.22000122070312,1978600
2018-04-27,62.30158233642578,66.27999877929688,66.55999755859375,65.95999908447266,66.33999633789062,1189200
2018-04-30,61.79397964477539,65.73999786376953,66.66000366210938,65.7300033569336,66.48999786376953,2277700
2018-05-01,62.26396560668945,66.23999786376953,66.3499984741211,65.48999786376953,65.62999725341797,3135100
2018-05-02,61.95379638671875,65.91000366210938,66.86000061035156,65.7699966430664,66.0,2240500
2018-05-03,62.35797882080078,66.33999633789062,66.45999908447266,64.86000061035156,65.7699966430664,2365900
2018-05-04,62.97835922241211,67.0,67.25,65.54000091552734,66.02999877929688,1330800
2018-05-07,63.34495162963867,67.38999938964844,67.9800033569336,67.06999969482422,67.16000366210938,1468700
2018-05-08,63.326171875,67.37000274658203,67.44000244140625,66.83999633789062,67.08000183105469,1916100
2018-05-09,64.0405044555664,68.12999725341797,68.41000366210938,67.1500015258789,67.37999725341797,2108500
2018-05-10,64.72669982910156,68.86000061035156,68.87999725341797,68.12000274658203,68.12000274658203,1844900
2018-05-11,65.28131866455078,69.44999694824219,69.5999984741211,68.91000366210938,69.19000244140625,1524200
2018-05-14,65.05570983886719,69.20999908447266,70.44999694824219,69.0,69.7300033569336,3322600
2018-05-15,58.74846267700195,62.5,64.0999984741211,60.70000076293945,61.84000015258789,14451200
2018-05-16,58.222076416015625,61.939998626708984,62.9900016784668,61.650001525878906,62.5099983215332,5872500
2018-05-17,59.773040771484375,63.59000015258789,63.90999984741211,61.7599983215332,61.97999954223633,5211300
2018-05-18,60.459224700927734,64.31999969482422,64.5999984741211,63.5099983215332,63.630001068115234,4163500
2018-05-21,61.61537170410156,65.55000305175781,65.98999786376953,64.68000030517578,64.75,4527300
2018-05-22,60.94800567626953,64.83999633789062,65.88999938964844,64.69000244140625,65.62000274658203,3415500
2018-05-23,60.65662384033203,64.52999877929688,65.0,64.20999908447266,64.20999908447266,3222400
2018-05-24,60.27123260498047,64.12000274658203,65.0,64.06999969482422,64.62000274658203,1525800
2018-05-25,59.35944747924805,63.150001525878906,64.11000061035156,62.84000015258789,63.939998626708984,1742000
2018-05-29,58.13748550415039,61.849998474121094,62.66999816894531,61.29999923706055,62.630001068115234,3559200
2018-05-30,58.927059173583984,62.689998626708984,63.060001373291016,62.0,62.2400016784668,1731500
2018-05-31,58.203277587890625,61.91999816894531,62.83000183105469,61.849998474121094,62.650001525878906,2510400
2018-06-01,59.011661529541016,62.779998779296875,63.22999954223633,62.439998626708984,62.470001220703125,2277900
2018-06-04,59.575653076171875,63.380001068115234,63.5099983215332,62.7599983215332,63.16999816894531,1958000
2018-06-05,59.70724105834961,63.52000045776367,63.869998931884766,63.09000015258789,63.459999084472656,1889500
2018-06-06,61.27699279785156,65.19000244140625,65.19000244140625,63.060001373291016,63.75,3177600
2018-06-07,61.31460952758789,65.2300033569336,66.08999633789062,64.80000305175781,65.41000366210938,2977200
2018-06-08,61.784584045410156,65.7300033569336,66.37000274658203,65.1500015258789,65.3499984741211,3853800
2018-06-11,62.16058349609375,66.12999725341797,66.75,65.58999633789062,65.68000030517578,3316700
2018-06-12,62.339168548583984,66.31999969482422,66.55000305175781,65.62999725341797,65.97000122070312,2007000
2018-06-13,62.28276824951172,66.26000213623047,66.68000030517578,65.97000122070312,66.5999984741211,4357700
2018-06-14,62.32976531982422,66.30999755859375,66.44999694824219,65.70999908447266,66.44999694824219,3487900
2018-06-15,62.16058349609375,66.12999725341797,66.23999786376953,65.19000244140625,66.11000061035156,4113200
2018-06-18,61.0702018737793,64.97000122070312,65.54000091552734,64.52999877929688,65.4800033569336,2563100
2018-06-19,59.70724105834961,63.52000045776367,64.44999694824219,63.20000076293945,64.22000122070312,4621400
2018-06-20,59.02104949951172,62.790000915527344,63.56999969482422,62.630001068115234,63.540000915527344,4942100
2018-06-21,59.25605773925781,63.040000915527344,63.220001220703125,62.27000045776367,62.810001373291016,4319400
2018-06-22,59.02104949951172,62.790000915527344,63.689998626708984,62.72999954223633,63.58000183105469,2893800
2018-06-25,57.5265007019043,61.20000076293945,62.689998626708984,60.79999923706055,62.459999084472656,2426800
2018-06-26,58.25967025756836,61.97999954223633,62.31999969482422,61.02000045776367,61.22999954223633,3655600
2018-06-27,57.470096588134766,61.13999938964844,63.0,61.099998474121094,62.2599983215332,2025800
2018-06-28,57.61109924316406,61.290000915527344,61.63999938964844,60.41999816894531,61.130001068115234,1564100
2018-06-29,58.128082275390625,61.84000015258789,62.470001220703125,61.56999969482422,61.68000030517578,1913800
2018-07-02,57.91985321044922,61.470001220703125,61.47999954223633,60.790000915527344,61.36000061035156,1526500
2018-07-03,57.712554931640625,61.25,62.09000015258789,61.060001373291016,61.93000030517578,864400
2018-07-05,58.23078536987305,61.79999923706055,61.88999938964844,60.90999984741211,61.47999954223633,2247500
2018-07-06,58.69248962402344,62.290000915527344,62.400001525878906,61.650001525878906,61.91999816894531,2269700
2018-07-09,59.47455978393555,63.119998931884766,63.31999969482422,62.43000030517578,62.43000030517578,1508600
2018-07-10,59.99279022216797,63.66999816894531,63.7400016784668,63.06999969482422,63.369998931884766,1924400
2018-07-11,59.22956848144531,62.86000061035156,63.279998779296875,62.59000015258789,62.59000015258789,1780500
2018-07-12,59.785491943359375,63.45000076293945,63.779998779296875,63.290000915527344,63.33000183105469,1748100
2018-07-13,59.71954345703125,63.380001068115234,63.83000183105469,63.209999084472656,63.52000045776367,963700
2018-07-16,59.097652435302734,62.720001220703125,63.22999954223633,62.630001068115234,63.22999954223633,929300
2018-07-17,59.399169921875,63.040000915527344,63.2599983215332,62.150001525878906,62.52000045776367,1469800
2018-07-18,59.3520622253418,62.9900016784668,63.22999954223633,62.75,63.029998779296875,1202300
2018-07-19,60.445064544677734,64.1500015258789,64.6500015258789,63.400001525878906,63.61000061035156,1726700
2018-07-20,60.16238784790039,63.849998474121094,64.33000183105469,63.68000030517578,63.83000183105469,1619900
2018-07-23,60.039894104003906,63.720001220703125,64.0,63.369998931884766,63.70000076293945,1417500
2018-07-24,61.048099517822266,64.79000091552734,65.3499984741211,63.689998626708984,63.939998626708984,2454400
2018-07-25,62.15055465698242,65.95999908447266,66.04000091552734,64.83999633789062,65.13999938964844,2925800
2018-07-26,62.894893646240234,66.75,66.83000183105469,65.81999969482422,66.0,2583500
2018-07-27,61.952640533447266,65.75,66.7699966430664,65.36000061035156,66.6500015258789,2638900
2018-07-30,60.8973388671875,64.62999725341797,66.06999969482422,64.51000213623047,65.87000274658203,1601200
2018-07-31,62.225894927978516,66.04000091552734,66.69000244140625,64.54000091552734,64.93000030517578,2539200
2018-08-01,61.22713851928711,64.9800033569336,66.16999816894531,64.62999725341797,65.83999633789062,2679200
2018-08-02,61.51922607421875,65.29000091552734,65.38999938964844,64.5,64.75,2263200
2018-08-03,61.93382263183594,65.7300033569336,65.79000091552734,64.95999908447266,65.5,1857300
2018-08-06,62.66876983642578,66.51000213623047,66.66000366210938,65.33000183105469,65.69999694824219,2873100
2018-08-07,63.752349853515625,67.66000366210938,67.94000244140625,66.62999725341797,66.83000183105469,2829000
2018-08-08,63.488521575927734,67.37999725341797,68.1500015258789,67.33999633789062,67.73999786376953,1681900
2018-08-09,62.83837890625,66.69000244140625,67.62000274658203,66.61000061035156,67.4800033569336,1727800
2018-08-10,62.433197021484375,66.26000213623047,66.87000274658203,65.93000030517578,66.81999969482422,2165900
2018-08-13,62.13167953491211,65.94000244140625,66.98999786376953,65.66999816894531,66.44000244140625,2983100
2018-08-14,62.894893646240234,66.75,67.26000213623047,66.05000305175781,66.05000305175781,3110100
2018-08-15,60.99158477783203,64.7300033569336,66.38999938964844,64.22000122070312,65.94000244140625,6071500
2018-08-16,61.71709060668945,65.5,65.66999816894531,64.80999755859375,65.04000091552734,3149500
2018-08-17,60.92560577392578,64.66000366210938,65.4800033569336,64.27999877929688,65.4800033569336,2449200
2018-08-20,60.74658203125,64.47000122070312,65.11000061035156,64.45999908447266,64.56999969482422,1619900
2018-08-21,61.18000793457031,64.93000030517578,65.4000015258789,64.62000274658203,64.73999786376953,2982800
2018-08-22,61.858421325683594,65.6500015258789,65.87000274658203,64.55000305175781,64.73999786376953,2565600
2018-08-23,61.89611053466797,65.69000244140625,65.98999786376953,65.52999877929688,65.69000244140625,2287700
2018-08-24,62.16935729980469,65.9800033569336,66.26000213623047,65.58999633789062,65.73999786376953,1904200
2018-08-27,62.26359939575195,66.08000183105469,66.3499984741211,65.86000061035156,66.33000183105469,1158800
2018-08-28,62.83837890625,66.69000244140625,67.30000305175781,66.3499984741211,66.41000366210938,2284300
2018-08-29,63.139896392822266,67.01000213623047,67.27999877929688,66.4000015258789,66.69000244140625,1852100
2018-08-30,63.375457763671875,67.26000213623047,67.6500015258789,66.86000061035156,67.0,2246300
2018-08-31,63.6392822265625,67.54000091552734,67.55000305175781,67.05000305175781,67.13999938964844,1582400
2018-09-04,63.384883880615234,67.2699966430664,67.55999755859375,66.8499984741211,67.33999633789062,1728000
2018-09-05,63.09275817871094,66.95999908447266,67.4000015258789,66.76000213623047,67.27999877929688,1859600
2018-09-06,63.46968460083008,67.36000061035156,67.55000305175781,66.83000183105469,67.0,1031500
2018-09-07,63.50737380981445,67.4000015258789,67.83000183105469,67.02999877929688,67.1500015258789,1585500
2018-09-10,64.00674438476562,67.93000030517578,68.41000366210938,67.72000122070312,67.81999969482422,2065700
2018-09-11,63.71467590332031,67.62000274658203,68.05999755859375,67.48999786376953,67.69999694824219,1676700
2018-09-12,63.987918853759766,67.91000366210938,68.01000213623047,67.25,67.5999984741211,1125400
2018-09-13,65.3259048461914,69.33000183105469,69.66000366210938,67.98999786376953,68.0999984741211,2495000
2018-09-14,64.87361907958984,68.8499984741211,69.41000366210938,68.55999755859375,69.27999877929688,1461100
2018-09-17,65.09033966064453,69.08000183105469,69.66000366210938,69.0,69.63999938964844,1816600
2018-09-18,64.94901275634766,68.93000030517578,69.2699966430664,68.41000366210938,69.0999984741211,1780400
2018-09-19,65.5426025390625,69.55999755859375,69.63999938964844,68.87999725341797,69.04000091552734,1183400
2018-09-20,67.02194213867188,71.12999725341797,71.16000366210938,69.69999694824219,69.7300033569336,2865600
2018-09-21,66.63561248779297,70.72000122070312,71.45999908447266,70.55999755859375,71.43000030517578,3119700
2018-09-24,65.91007232666016,69.94999694824219,70.68000030517578,69.69999694824219,70.68000030517578,2333600
2018-09-25,66.31526947021484,70.37999725341797,70.83000183105469,69.91000366210938,70.16999816894531,2090200
2018-09-26,66.26813507080078,70.33000183105469,70.98999786376953,70.05000305175781,70.56999969482422,1830300
2018-09-27,66.71097564697266,70.80000305175781,70.8499984741211,70.0999984741211,70.58000183105469,1581700
2018-09-28,66.46603393554688,70.54000091552734,71.0,70.45999908447266,70.69000244140625,2248100
2018-10-01,67.28654479980469,71.26000213623047,71.58000183105469,70.6500015258789,70.68000030517578,2837500
2018-10-02,67.68315887451172,71.68000030517578,71.7300033569336,70.9800033569336,71.23999786376953,2617500
2018-10-03,68.0986099243164,72.12000274658203,72.37000274658203,71.5999984741211,71.68000030517578,3203100
2018-10-04,66.72003173828125,70.66000366210938,72.12999725341797,70.4800033569336,71.91999816894531,2961800
2018-10-05,66.38008880615234,70.30000305175781,71.18000030517578,69.44999694824219,70.66999816894531,2376800
2018-10-08,65.62469482421875,69.5,70.05000305175781,68.97000122070312,69.95999908447266,2179400
2018-10-09,65.53971862792969,69.41000366210938,69.62999725341797,68.70999908447266,69.33999633789062,2179200
2018-10-10,62.952484130859375,66.66999816894531,69.41000366210938,66.61000061035156,69.41000366210938,3055700
2018-10-11,61.2717399597168,64.88999938964844,66.97000122070312,64.62000274658203,66.63999938964844,3624200
2018-10-12,62.546470642089844,66.23999786376953,67.02999877929688,65.30000305175781,66.0999984741211,3669500
2018-10-15,61.970489501953125,65.62999725341797,66.3499984741211,65.36000061035156,65.91999816894531,1602800
2018-10-16,63.69844436645508,67.45999908447266,67.56999969482422,65.98999786376953,66.25,1868300
2018-10-17,63.45294952392578,67.19999694824219,67.45999908447266,66.30999755859375,67.16999816894531,1991200
2018-10-18,62.083797454833984,65.75,67.19999694824219,65.26000213623047,67.12000274658203,2327300
2018-10-19,60.87516403198242,64.47000122070312,66.23999786376953,64.23999786376953,65.80999755859375,2418300
2018-10-22,60.69575500488281,64.27999877929688,64.83999633789062,63.540000915527344,64.69000244140625,2227900
2018-10-23,59.23219680786133,62.72999954223633,63.130001068115234,61.380001068115234,62.81999969482422,4219800
2018-10-24,57.721405029296875,61.130001068115234,63.7599983215332,61.0099983215332,62.91999816894531,3481200
2018-10-25,59.118873596191406,62.61000061035156,62.88999938964844,61.06999969482422,61.4900016784668,3318300
2018-10-26,59.23219680786133,62.72999954223633,63.11000061035156,61.130001068115234,61.81999969482422,3119900
2018-10-29,58.618446350097656,62.08000183105469,64.16999816894531,61.130001068115234,63.650001525878906,2919900
2018-10-30,60.09144973754883,63.63999938964844,63.720001220703125,61.68000030517578,62.349998474121094,3076700
2018-10-31,61.17732238769531,64.79000091552734,65.9800033569336,64.19000244140625,64.3499984741211,3820700
2018-11-01,61.58335876464844,65.22000122070312,65.33999633789062,64.58000183105469,65.06999969482422,1882400
2018-11-02,62.25375747680664,65.93000030517578,66.61000061035156,65.44000244140625,65.80000305175781,2272100
2018-11-05,62.234886169433594,65.91000366210938,66.38999938964844,65.2300033569336,66.02999877929688,2348700
2018-11-06,62.30097198486328,65.9800033569336,66.41999816894531,65.66999816894531,66.04000091552734,2287300
2018-11-07,64.4538345336914,68.26000213623047,68.37999725341797,66.27999877929688,66.51000213623047,2700600
2018-11-08,64.0100326538086,67.79000091552734,68.36000061035156,67.37999725341797,67.98999786376953,2444600
2018-11-09,63.51904296875,67.2699966430664,67.76000213623047,66.69999694824219,67.5999984741211,2573500
2018-11-12,60.90350341796875,64.5,66.25,64.44999694824219,66.16000366210938,3000000
2018-11-13,60.752403259277344,64.33999633789062,65.47000122070312,63.939998626708984,64.58999633789062,2216500
2018-11-14,59.9309196472168,63.470001220703125,64.83999633789062,63.279998779296875,64.63999938964844,4852600
2018-11-15,61.11124038696289,64.72000122070312,64.94999694824219,62.540000915527344,63.31999969482422,3846100
2018-11-16,61.36616516113281,64.98999786376953,65.5999984741211,64.37999725341797,64.37999725341797,2963300
2018-11-19,59.118873596191406,62.61000061035156,64.95999908447266,62.400001525878906,64.66999816894531,3392100
2018-11-20,63.755123138427734,67.5199966430664,68.43000030517578,64.93000030517578,66.25,8187200
2018-11-21,63.94395065307617,67.72000122070312,68.66999816894531,67.19000244140625,67.66000366210938,3557600
2018-11-23,64.4066162109375,68.20999908447266,68.61000061035156,67.04000091552734,67.04000091552734,1374300
2018-11-26,65.38866424560547,69.25,69.30000305175781,68.38999938964844,68.94000244140625,2406300
2018-11-27,65.49250793457031,69.36000061035156,69.5199966430664,68.69999694824219,68.87000274658203,2533600
2018-11-28,67.49430847167969,71.4800033569336,71.48999786376953,69.43000030517578,69.81999969482422,2661300
2018-11-29,67.57926940917969,71.56999969482422,72.18000030517578,71.2300033569336,71.2300033569336,2625800
2018-11-30,68.31580352783203,72.3499984741211,72.6500015258789,71.33999633789062,71.62999725341797,2279500
2018-12-03,70.50640869140625,74.66999816894531,74.79000091552734,73.19000244140625,73.33000183105469,4265200
2018-12-04,68.84455871582031,72.91000366210938,75.11000061035156,72.62999725341797,74.69999694824219,4263800
2018-12-06,67.90034484863281,71.91000366210938,71.93000030517578,69.9000015258789,71.19999694824219,3505900
2018-12-07,66.33287811279297,70.25,72.08999633789062,69.6500015258789,71.70999908447266,2184500
2018-12-10,66.65391540527344,70.58999633789062,70.70999908447266,68.56999969482422,70.43000030517578,2347200
2018-12-11,67.0882797241211,71.05000305175781,72.44000244140625,70.69999694824219,71.76000213623047,2926000
2018-12-12,67.74922943115234,71.75,73.04000091552734,71.5999984741211,72.16999816894531,2842900
2018-12-13,67.17325592041016,71.13999938964844,72.68000030517578,70.9000015258789,72.13999938964844,2200600
2018-12-14,65.49250793457031,69.36000061035156,70.61000061035156,69.12999725341797,70.41999816894531,1982700
2018-12-17,64.06670379638672,67.8499984741211,69.62999725341797,67.4000015258789,69.11000061035156,2241700
2018-12-18,64.19890594482422,67.98999786376953,69.02999877929688,67.38999938964844,68.44999694824219,2112000
2018-12-19,63.10356521606445,66.83000183105469,69.08999633789062,65.80999755859375,68.2699966430664,2845500
2018-12-20,61.55501937866211,65.19000244140625,66.45999908447266,64.58999633789062,66.33000183105469,3547800
2018-12-21,59.76096725463867,63.290000915527344,66.2300033569336,63.220001220703125,65.22000122070312,4683100
2018-12-24,59.175537109375,62.66999816894531,63.630001068115234,62.220001220703125,62.93000030517578,1668500
2018-12-26,61.88551712036133,65.54000091552734,65.58000183105469,62.7599983215332,62.93000030517578,1701800
2018-12-27,62.7730827331543,66.4800033569336,66.5,64.0,64.5,1655000
2018-12-28,62.436119079589844,65.95999908447266,67.12000274658203,65.70999908447266,66.9800033569336,1927700
2018-12-31,63.855987548828125,67.45999908447266,67.4800033569336,66.33999633789062,66.33999633789062,1572100
2019-01-02,62.180545806884766,65.69000244140625,66.56999969482422,65.30000305175781,66.5,2113300
2019-01-03,59.88983154296875,63.27000045776367,65.77999877929688,62.0,65.52999877929688,5383900
2019-01-04,61.96282196044922,65.45999908447266,65.94999694824219,64.08999633789062,64.08999633789062,3123700
2019-01-07,63.27855682373047,66.8499984741211,67.43000030517578,65.61000061035156,65.63999938964844,3235100
2019-01-08,64.20620727539062,67.83000183105469,68.20999908447266,66.69999694824219,67.58999633789062,1578100
2019-01-09,65.55034637451172,69.25,69.66000366210938,68.0,68.19999694824219,2442300
2019-01-10,66.16560363769531,69.9000015258789,69.94999694824219,68.5999984741211,69.05000305175781,1080900
2019-01-11,66.61996459960938,70.37999725341797,70.41000366210938,68.94000244140625,69.29000091552734,1210800
2019-01-14,66.02363586425781,69.75,70.29000091552734,69.66999816894531,69.72000122070312,2182700
2019-01-15,66.82823181152344,70.5999984741211,70.75,69.62000274658203,69.94999694824219,1793100
2019-01-16,66.2886734008789,70.02999877929688,71.12999725341797,69.97000122070312,70.81999969482422,1480300
2019-01-17,67.0364990234375,70.81999969482422,71.23999786376953,69.76000213623047,69.76000213623047,1225800
2019-01-18,68.08715057373047,71.93000030517578,72.30999755859375,70.8499984741211,71.29000091552734,1551700
2019-01-22,67.50975036621094,71.31999969482422,71.4800033569336,70.47000122070312,71.44000244140625,1972700
2019-01-23,67.8221206665039,71.6500015258789,72.8499984741211,70.73999786376953,71.94999694824219,2050300
2019-01-24,68.32381439208984,72.18000030517578,72.19999694824219,71.38999938964844,71.45999908447266,1509600
2019-01-25,69.7153091430664,73.6500015258789,73.7300033569336,72.55999755859375,72.79000091552734,2215300
2019-01-28,69.35558319091797,73.2699966430664,73.27999877929688,72.41000366210938,72.76000213623047,1729600
2019-01-29,69.63008880615234,73.55999755859375,74.05999755859375,73.19999694824219,73.69999694824219,1684500
2019-01-30,71.40963745117188,75.44000244140625,75.58999633789062,73.4800033569336,73.73999786376953,1679500
2019-01-31,71.9870834350586,76.05000305175781,76.30999755859375,74.66999816894531,75.20999908447266,2951300
2019-02-01,71.97758483886719,76.04000091552734,76.58999633789062,75.62000274658203,76.16000366210938,1343900
2019-02-04,71.96812438964844,76.02999877929688,76.2300033569336,75.31999969482422,76.18000030517578,2245900
2019-02-05,72.23314666748047,76.30999755859375,76.51000213623047,75.79000091552734,75.80000305175781,1593500
2019-02-06,72.22368621826172,76.30000305175781,76.69000244140625,76.0,76.11000061035156,1504900
2019-02-07,71.3055419921875,75.33000183105469,76.12000274658203,74.87000274658203,75.72000122070312,1660600
2019-02-08,71.75042724609375,75.80000305175781,75.80999755859375,74.76000213623047,75.06999969482422,1318100
2019-02-11,72.01547241210938,76.08000183105469,76.38999938964844,75.75,76.0,1018000
2019-02-12,72.95257568359375,77.06999969482422,77.25,76.43000030517578,76.80000305175781,2045500
2019-02-13,73.12295532226562,77.25,77.48999786376953,76.73999786376953,77.37000274658203,1376400
2019-02-14,72.90524291992188,77.0199966430664,77.27999877929688,76.5199966430664,77.0,1618100
2019-02-15,74.11686706542969,78.30000305175781,78.30999755859375,77.47000122070312,77.62999725341797,1919700
2019-02-19,73.37850952148438,77.5199966430664,78.31999969482422,77.41000366210938,78.0,2968000
2019-02-20,74.36297607421875,78.55999755859375,78.80000305175781,77.33000183105469,77.52999877929688,2076500
2019-02-21,73.72875213623047,77.88999938964844,78.58000183105469,76.5,77.66999816894531,3570800
2019-02-22,74.2304458618164,78.41999816894531,78.45999908447266,77.83000183105469,78.16000366210938,2797700
2019-02-25,75.10128784179688,79.33999633789062,79.83999633789062,78.8499984741211,78.9000015258789,1878000
2019-02-26,74.35350036621094,78.55000305175781,79.2699966430664,78.41999816894531,79.20999908447266,1992600
2019-02-27,75.177001953125,79.41999816894531,79.55000305175781,78.25,78.25,1254400
2019-02-28,75.19596862792969,79.44000244140625,79.75,78.88999938964844,79.18000030517578,1759100
2019-03-01,76.8997802734375,81.23999786376953,81.44000244140625,80.0,80.0,1625900
2019-03-04,75.84906005859375,80.12999725341797,81.76000213623047,79.52999877929688,81.5,3204100
2019-03-05,75.47991943359375,79.73999786376953,80.02999877929688,79.36000061035156,80.0199966430664,1405600
2019-03-06,74.54281616210938,78.75,79.9800033569336,78.7300033569336,79.81999969482422,1750500
2019-03-07,74.52387237548828,78.7300033569336,79.0999984741211,78.01000213623047,78.69000244140625,1818100
2019-03-08,73.81396484375,77.9800033569336,78.23999786376953,77.4000015258789,78.18000030517578,1483500
2019-03-11,75.06342315673828,79.30000305175781,79.47000122070312,78.26000213623047,78.27999877929688,1210900
2019-03-12,75.65977478027344,79.93000030517578,80.12999725341797,79.16000366210938,79.58000183105469,1532300
2019-03-13,75.84906005859375,80.12999725341797,80.73999786376953,80.0199966430664,80.22000122070312,1529100
2019-03-14,76.30342864990234,80.61000061035156,80.66999816894531,80.05999755859375,80.05999755859375,1268500
2019-03-15,76.76725006103516,81.0999984741211,81.43000030517578,80.83000183105469,80.86000061035156,1999100
2019-03-18,76.64421844482422,80.97000122070312,81.29000091552734,80.48999786376953,81.0999984741211,1617700
2019-03-19,76.8619384765625,81.19999694824219,81.7699966430664,81.02999877929688,81.2699966430664,1172600
2019-03-20,76.59687805175781,80.91999816894531,81.44000244140625,80.25,81.27999877929688,1768300
2019-03-21,77.61918640136719,82.0,82.2699966430664,80.55000305175781,80.55000305175781,986600
2019-03-22,74.76998138427734,78.98999786376953,81.68000030517578,78.97000122070312,81.54000091552734,1435800
2019-03-25,75.27168273925781,79.5199966430664,79.86000061035156,78.66000366210938,79.08999633789062,923000
2019-03-26,76.34129333496094,80.6500015258789,81.04000091552734,80.12999725341797,80.38999938964844,1428200
2019-03-27,74.77944946289062,79.0,80.7699966430664,78.88999938964844,80.5,1446100
2019-03-28,75.44206237792969,79.69999694824219,79.79000091552734,78.70999908447266,79.38999938964844,1615600
2019-03-29,76.0857162475586,80.37999725341797,80.66999816894531,79.94999694824219,80.16000366210938,1585100
2019-04-01,77.36052703857422,81.55999755859375,81.7699966430664,80.95999908447266,80.95999908447266,1522700
2019-04-02,76.962158203125,81.13999938964844,81.76000213623047,81.02999877929688,81.70999908447266,1203000
2019-04-03,77.7209701538086,81.94000244140625,82.0199966430664,81.45999908447266,81.54000091552734,2141000
2019-04-04,76.66812896728516,80.83000183105469,82.05000305175781,80.44000244140625,81.83999633789062,2180100
2019-04-05,77.2751693725586,81.47000122070312,81.91999816894531,81.05000305175781,81.19000244140625,1502900
2019-04-08,77.48384094238281,81.69000244140625,81.70999908447266,80.58000183105469,81.56999969482422,783300
2019-04-09,77.22774505615234,81.41999816894531,81.72000122070312,81.2699966430664,81.55999755859375,1254700
2019-04-10,77.47434997558594,81.68000030517578,82.23999786376953,81.44999694824219,81.44999694824219,982900
2019-04-11,76.90524291992188,81.08000183105469,81.91999816894531,80.88999938964844,81.87999725341797,1071500
2019-04-12,76.81037139892578,80.9800033569336,82.05999755859375,80.9000015258789,81.43000030517578,1249300
2019-04-15,76.26025390625,80.4000015258789,81.12999725341797,79.91000366210938,81.0,1627300
2019-04-16,73.55699920654297,77.55000305175781,80.95999908447266,77.19000244140625,80.81999969482422,3441500
2019-04-17,71.54613494873047,75.43000030517578,78.31999969482422,74.45999908447266,78.1500015258789,4472000
2019-04-18,72.24805450439453,76.16999816894531,76.54000091552734,75.30999755859375,75.7300033569336,2874100
2019-04-22,71.678955078125,75.56999969482422,76.72000122070312,75.12999725341797,75.93000030517578,2016000
2019-04-23,71.66947937011719,75.55999755859375,76.80000305175781,73.76000213623047,74.27999877929688,4607100
2019-04-24,71.88764190673828,75.79000091552734,76.62999725341797,75.43000030517578,75.83999633789062,1942700
2019-04-25,72.76974487304688,76.72000122070312,77.04000091552734,74.94000244140625,75.26000213623047,1481400
2019-04-26,73.43368530273438,77.41999816894531,77.45999908447266,76.30000305175781,76.9800033569336,1608900
2019-04-29,73.34833526611328,77.33000183105469,78.44000244140625,77.31999969482422,77.47000122070312,2177700
2019-04-30,74.45809936523438,78.5,78.58999633789062,77.37999725341797,77.44000244140625,1726200
2019-05-01,73.48114013671875,77.47000122070312,78.91999816894531,77.27999877929688,78.48999786376953,1078600
2019-05-02,74.17352294921875,78.19999694824219,78.33999633789062,77.1500015258789,77.41000366210938,946800
2019-05-03,75.2074203491211,79.29000091552734,79.55999755859375,78.58000183105469,78.58000183105469,1303200
2019-05-06,75.26432800292969,79.3499984741211,79.41000366210938,77.20999908447266,77.62000274658203,1624300
2019-05-07,72.72229766845703,76.66999816894531,78.7699966430664,76.02999877929688,78.58999633789062,1732200
2019-05-08,72.6654052734375,76.61000061035156,77.30000305175781,76.12999725341797,76.77999877929688,2243600
2019-05-09,73.03531646728516,77.0,77.05999755859375,74.8499984741211,75.66999816894531,1717500
2019-05-10,73.13015747070312,77.0999984741211,77.13999938964844,74.08999633789062,76.63999938964844,2849800
2019-05-13,70.03802490234375,73.83999633789062,75.91000366210938,73.2300033569336,75.75,3547300
2019-05-14,72.09630584716797,76.01000213623047,76.66999816894531,74.30000305175781,74.43000030517578,2557700
2019-05-15,64.15726470947266,67.63999938964844,69.9000015258789,66.23999786376953,67.36000061035156,14523800
2019-05-16,65.73180389404297,69.30000305175781,69.41999816894531,67.5999984741211,67.5999984741211,4567700
2019-05-17,65.55158233642578,69.11000061035156,69.87000274658203,68.19000244140625,68.44000244140625,3935700
2019-05-20,65.38084411621094,68.93000030517578,69.97000122070312,68.63999938964844,68.66000366210938,4029700
2019-05-21,64.80224609375,68.31999969482422,70.44000244140625,68.25,69.37000274658203,3928200
2019-05-22,64.47028350830078,67.97000122070312,68.63999938964844,67.51000213623047,68.16999816894531,4985400
2019-05-23,64.21417236328125,67.69999694824219,67.8499984741211,66.02999877929688,67.18000030517578,5358500
2019-05-24,64.84019470214844,68.36000061035156,69.88999938964844,68.08000183105469,68.13999938964844,3852900
2019-05-28,63.6260986328125,67.08000183105469,68.86000061035156,66.95999908447266,68.43000030517578,2984700
2019-05-29,63.83476638793945,67.30000305175781,67.98999786376953,66.58999633789062,66.58999633789062,3722100
2019-05-30,63.44587707519531,66.88999938964844,67.9000015258789,66.7300033569336,67.58999633789062,2947900
2019-05-31,63.5976448059082,67.05000305175781,67.55999755859375,66.06999969482422,66.23999786376953,2829300
2019-06-03,63.54072570800781,66.98999786376953,68.0999984741211,66.81999969482422,67.04000091552734,2560600
2019-06-04,64.45130920410156,67.94999694824219,68.0,66.41000366210938,67.66000366210938,4402800
2019-06-05,64.83071899414062,68.3499984741211,69.01000213623047,67.88999938964844,68.61000061035156,2289200
2019-06-06,65.59899139404297,69.16000366210938,69.68000030517578,68.5199966430664,68.5199966430664,2469000
2019-06-07,65.94046020507812,69.5199966430664,70.22000122070312,69.33000183105469,69.69999694824219,1547400
2019-06-10,66.6707992553711,70.29000091552734,70.55000305175781,69.36000061035156,69.68000030517578,1477100
2019-06-11,66.48111724853516,70.08999633789062,72.5999984741211,69.80999755859375,72.25,1748200
2019-06-12,66.6707992553711,70.29000091552734,70.29000091552734,68.93000030517578,70.08000183105469,1546800
2019-06-13,66.68029022216797,70.30000305175781,70.70999908447266,69.88999938964844,70.55999755859375,1886900
2019-06-14,66.36729431152344,69.97000122070312,70.44999694824219,69.73999786376953,70.30999755859375,1602700
2019-06-17,66.6707992553711,70.29000091552734,70.5999984741211,69.88999938964844,70.25,1149200
2019-06-18,68.20741271972656,71.91000366210938,72.22000122070312,70.56999969482422,70.80000305175781,2350400
2019-06-19,68.90929412841797,72.6500015258789,72.7300033569336,71.88999938964844,71.88999938964844,1916700
2019-06-20,69.54479217529297,73.31999969482422,73.41999816894531,72.36000061035156,73.22000122070312,2077800
2019-06-21,69.56378936767578,73.33999633789062,73.54000091552734,72.55000305175781,73.13999938964844,3096200
2019-06-24,69.37406158447266,73.13999938964844,73.68000030517578,72.26000213623047,73.33000183105469,1251600
2019-06-25,68.7765121459961,72.51000213623047,73.62999725341797,72.41000366210938,73.19000244140625,1340400
2019-06-26,68.425537109375,72.13999938964844,73.18000030517578,72.04000091552734,72.63999938964844,1583800
2019-06-27,69.42149353027344,73.19000244140625,73.27999877929688,72.19999694824219,72.55000305175781,1480200
2019-06-28,70.82528686523438,74.66999816894531,74.69999694824219,73.0999984741211,73.26000213623047,3159700
2019-07-01,72.03633880615234,75.77999877929688,75.88999938964844,74.91999816894531,75.5999984741211,2753200
2019-07-02,71.87474822998047,75.61000061035156,76.18000030517578,75.25,75.8499984741211,1877000
2019-07-03,73.00599670410156,76.80000305175781,76.93000030517578,75.69999694824219,75.86000061035156,1153100
2019-07-05,72.00782012939453,75.75,76.47000122070312,75.30000305175781,76.33999633789062,1493100
2019-07-08,70.19218444824219,73.83999633789062,75.98999786376953,73.5,75.52999877929688,2217400
2019-07-09,69.82144927978516,73.44999694824219,74.08000183105469,73.11000061035156,73.48999786376953,2092200
2019-07-10,69.74539947509766,73.37000274658203,73.94000244140625,73.12999725341797,73.58000183105469,1785200
2019-07-11,68.1959457397461,71.73999786376953,73.77999877929688,71.4800033569336,73.7699966430664,6562400
2019-07-12,68.11038208007812,71.6500015258789,72.2699966430664,70.83000183105469,71.27999877929688,2542400
2019-07-15,67.0647201538086,70.55000305175781,71.0199966430664,69.48999786376953,71.0199966430664,3955300
2019-07-16,66.49434661865234,69.94999694824219,70.36000061035156,69.33000183105469,70.0,3067200
2019-07-17,66.15213775634766,69.58999633789062,70.55999755859375,69.58999633789062,70.30999755859375,2402300
2019-07-18,66.66549682617188,70.12999725341797,70.61000061035156,69.66000366210938,70.01000213623047,2713000
2019-07-19,65.30612182617188,68.69999694824219,70.58000183105469,68.5999984741211,70.58000183105469,2694400
2019-07-22,65.67684936523438,69.08999633789062,69.47000122070312,68.45999908447266,68.91000366210938,3103300
2019-07-23,66.43732452392578,69.88999938964844,70.16999816894531,69.16000366210938,69.4000015258789,3304200
2019-07-24,66.14266204833984,69.58000183105469,69.58000183105469,68.62000274658203,69.25,3190400
2019-07-25,66.39932250976562,69.8499984741211,70.01000213623047,69.55000305175781,69.75,1904700
2019-07-26,66.06658172607422,69.5,70.19000244140625,69.3499984741211,70.12999725341797,2392600
2019-07-29,66.89361572265625,70.37000274658203,70.5,69.37999725341797,69.5,2750000
2019-07-30,66.6844711303711,70.1500015258789,70.18000030517578,68.0999984741211,69.25,2871800
2019-07-31,65.98104095458984,69.41000366210938,70.66000366210938,68.91999816894531,70.19000244140625,3846100
2019-08-01,65.79092407226562,69.20999908447266,70.68000030517578,68.38999938964844,69.62999725341797,2494100
2019-08-02,64.71676635742188,68.08000183105469,69.12999725341797,67.55999755859375,69.12000274658203,2803500
2019-08-05,62.60641098022461,65.86000061035156,67.16999816894531,65.66000366210938,66.83999633789062,3273100
2019-08-06,64.31747436523438,67.66000366210938,67.68000030517578,66.04000091552734,66.41000366210938,2436200
2019-08-07,64.61217498779297,67.97000122070312,68.2699966430664,66.4800033569336,66.87000274658203,2172900
2019-08-08,66.05706024169922,69.48999786376953,69.51000213623047,68.0999984741211,68.43000030517578,2014300
2019-08-09,65.24907684326172,68.63999938964844,68.94000244140625,67.81999969482422,68.94000244140625,1866200
2019-08-12,63.338356018066406,66.62999725341797,68.37999725341797,66.5,68.22000122070312,1961900
2019-08-13,64.29849243164062,67.63999938964844,68.77999877929688,66.5,66.91000366210938,3164300
2019-08-14,62.349754333496094,65.58999633789062,67.0199966430664,65.3499984741211,66.58000183105469,3509700
2019-08-15,66.15213775634766,69.58999633789062,72.6500015258789,69.41999816894531,71.94000244140625,6701000
2019-08-16,67.56852722167969,71.08000183105469,71.18000030517578,68.95999908447266,69.9000015258789,3367100
2019-08-19,68.20542907714844,71.75,72.27999877929688,71.5,71.93000030517578,2050400
2019-08-20,67.60655975341797,71.12000274658203,72.26000213623047,71.0999984741211,71.41999816894531,2171200
2019-08-21,68.63320922851562,72.19999694824219,72.33000183105469,71.19000244140625,71.95999908447266,1897400
2019-08-22,68.1959457397461,71.73999786376953,72.7699966430664,71.25,72.44999694824219,1644000
2019-08-23,66.11412811279297,69.55000305175781,71.66999816894531,69.25,71.5,2990000
2019-08-26,66.1996841430664,69.63999938964844,70.63999938964844,68.79000091552734,70.11000061035156,1827300
2019-08-27,66.0475845336914,69.4800033569336,70.33000183105469,69.11000061035156,70.05000305175781,2032300
2019-08-28,66.48487854003906,69.94000244140625,70.26000213623047,68.80999755859375,69.26000213623047,1674000
2019-08-29,67.20731353759766,70.69999694824219,71.29000091552734,70.4800033569336,70.80999755859375,1611200
2019-08-30,67.59706115722656,71.11000061035156,72.44999694824219,70.81999969482422,71.44999694824219,2356400
2019-09-03,66.931640625,70.41000366210938,71.04000091552734,69.4800033569336,70.69999694824219,2227800
2019-09-04,67.35942077636719,70.86000061035156,71.22000122070312,69.95999908447266,70.94000244140625,1820600
2019-09-05,69.88799285888672,73.5199966430664,73.70999908447266,71.63999938964844,71.63999938964844,2997900
2019-09-06,70.6104507446289,74.27999877929688,74.37000274658203,73.69000244140625,73.69000244140625,3117600
2019-09-09,70.51539611816406,74.18000030517578,74.58999633789062,73.66999816894531,74.38999938964844,2996900
2019-09-10,71.07624053955078,74.7699966430664,75.02999877929688,73.29000091552734,73.5,2838000
2019-09-11,73.18659210205078,76.98999786376953,77.01000213623047,75.06999969482422,75.06999969482422,2805500
2019-09-12,73.73795318603516,77.56999969482422,78.08999633789062,76.70999908447266,77.01000213623047,4009800
2019-09-13,74.0516128540039,77.9000015258789,78.05000305175781,77.18000030517578,77.58999633789062,2673400
2019-09-16,73.33869934082031,77.1500015258789,77.43000030517578,76.45999908447266,77.31999969482422,2874500
2019-09-17,72.625732421875,76.4000015258789,76.97000122070312,76.27999877929688,76.94999694824219,2716800
2019-09-18,73.73795318603516,77.56999969482422,77.56999969482422,75.75,76.36000061035156,1982600
2019-09-19,74.21321105957031,78.06999969482422,78.1500015258789,77.31999969482422,77.58000183105469,1743700
2019-09-20,74.11815643310547,77.97000122070312,78.73999786376953,77.91000366210938,78.22000122070312,4605500
2019-09-23,74.20372009277344,78.05999755859375,78.38999938964844,77.2699966430664,77.4800033569336,2217000
2019-09-24,72.21696472167969,75.97000122070312,78.38999938964844,75.63999938964844,78.29000091552734,4296700
2019-09-25,72.55918884277344,76.33000183105469,76.55999755859375,75.16000366210938,76.05000305175781,1739200
2019-09-26,72.73980712890625,76.5199966430664,76.95999908447266,76.08999633789062,76.44999694824219,1313300
2019-09-27,72.61621856689453,76.38999938964844,77.30999755859375,75.91999816894531,77.0199966430664,1639800
2019-09-30,73.00108337402344,76.62999725341797,77.11000061035156,76.33000183105469,76.37000274658203,1684600
2019-10-01,71.29584503173828,74.83999633789062,76.88999938964844,74.58999633789062,76.5,2189100
2019-10-02,69.87641143798828,73.3499984741211,74.54000091552734,72.9000015258789,74.31999969482422,1999400
2019-10-03,70.37178802490234,73.87000274658203,73.87999725341797,72.47000122070312,73.37999725341797,1869400
2019-10-04,72.2865982055664,75.87999725341797,75.91000366210938,74.05999755859375,74.08000183105469,1260800
2019-10-07,71.54354095458984,75.0999984741211,75.69000244140625,74.63999938964844,75.3499984741211,1048000
2019-10-08,69.05713653564453,72.48999786376953,73.97000122070312,71.7300033569336,73.97000122070312,3001900
2019-10-09,69.99075317382812,73.47000122070312,73.83999633789062,72.63999938964844,73.05000305175781,1499700
2019-10-10,70.49565887451172,74.0,74.43000030517578,73.43000030517578,73.43000030517578,1399900
2019-10-11,71.73407745361328,75.30000305175781,76.20999908447266,75.23999786376953,75.55000305175781,1200700
2019-10-14,71.6197280883789,75.18000030517578,75.80000305175781,74.98999786376953,75.18000030517578,829500
2019-10-15,72.1627426147461,75.75,76.36000061035156,75.68000030517578,75.80000305175781,844900
2019-10-16,71.70549011230469,75.2699966430664,75.87999725341797,74.95999908447266,75.30000305175781,2275500
2019-10-17,71.37206268310547,74.91999816894531,76.25,74.9000015258789,75.69000244140625,1650000
2019-10-18,71.03862762451172,74.56999969482422,74.81999969482422,73.7699966430664,74.0,2121900
2019-10-21,71.90555572509766,75.4800033569336,75.51000213623047,74.69000244140625,74.87999725341797,1641500
2019-10-22,71.1529541015625,74.69000244140625,76.33000183105469,74.63999938964844,75.68000030517578,1271800
2019-10-23,71.4292221069336,74.9800033569336,75.88999938964844,74.68000030517578,75.0199966430664,1778300
2019-10-24,71.44828796386719,75.0,75.11000061035156,74.45999908447266,75.02999877929688,1475100
2019-10-25,71.81982421875,75.38999938964844,75.97000122070312,74.12999725341797,74.69999694824219,835100
2019-10-28,72.5438003540039,76.1500015258789,76.55999755859375,75.69000244140625,75.69000244140625,1143900
2019-10-29,72.56287384033203,76.16999816894531,76.68000030517578,74.94000244140625,75.05000305175781,1113300
2019-10-30,72.51522827148438,76.12000274658203,76.1500015258789,75.23999786376953,76.04000091552734,914800
2019-10-31,72.1627426147461,75.75,76.12000274658203,75.0999984741211,76.0,970500
2019-11-01,73.32498168945312,76.97000122070312,77.3499984741211,76.31999969482422,76.51000213623047,1106300
2019-11-04,73.10587310791016,76.73999786376953,77.8499984741211,76.7300033569336,77.68000030517578,1010200
2019-11-05,71.97221374511719,75.55000305175781,76.91000366210938,75.47000122070312,76.81999969482422,2362700
2019-11-06,72.20088195800781,75.79000091552734,75.94000244140625,74.94000244140625,75.69999694824219,1355700
2019-11-07,72.31519317626953,75.91000366210938,76.37999725341797,75.68000030517578,76.33999633789062,860900
2019-11-08,73.01060485839844,76.63999938964844,76.6500015258789,75.6500015258789,75.9000015258789,1231500
2019-11-11,73.2106704711914,76.8499984741211,76.8499984741211,76.12999725341797,76.25,1149200
2019-11-12,73.40120697021484,77.05000305175781,77.55000305175781,76.72000122070312,77.0,1008400
2019-11-13,73.50598907470703,77.16000366210938,77.5,76.55999755859375,76.81999969482422,1096000
2019-11-14,73.12493133544922,76.76000213623047,77.44999694824219,76.4800033569336,77.20999908447266,1113500
2019-11-15,74.55390167236328,78.26000213623047,78.30999755859375,76.61000061035156,76.93000030517578,1700400
2019-11-18,74.24903106689453,77.94000244140625,78.5,77.5,78.13999938964844,1641200
2019-11-19,75.53512573242188,79.29000091552734,79.48999786376953,77.83999633789062,78.16999816894531,1704800
2019-11-20,74.80157470703125,78.5199966430664,79.36000061035156,78.20999908447266,79.16000366210938,2429800
2019-11-21,74.5920181274414,78.30000305175781,78.97000122070312,77.30999755859375,78.97000122070312,2142200
2019-11-22,75.37316131591797,79.12000274658203,79.19000244140625,78.2300033569336,78.61000061035156,1869700
2019-11-25,76.45917510986328,80.26000213623047,80.45999908447266,79.30000305175781,79.44999694824219,2640800
2019-11-26,77.11650848388672,80.94999694824219,81.02999877929688,77.95999908447266,78.56999969482422,5329900
2019-11-27,77.24034881591797,81.08000183105469,81.33999633789062,80.69000244140625,81.08000183105469,1628000
2019-11-29,76.94503021240234,80.7699966430664,81.23999786376953,80.47000122070312,80.95999908447266,835800
2019-12-02,76.544921875,80.3499984741211,80.98999786376953,80.0199966430664,80.77999877929688,1775600
2019-12-03,76.30677032470703,80.0999984741211,80.11000061035156,79.16999816894531,79.5199966430664,1978200
2019-12-04,77.09745025634766,80.93000030517578,81.0,80.18000030517578,80.30000305175781,1690900
2019-12-05,77.6690444946289,81.52999877929688,81.73999786376953,80.5,80.88999938964844,1900000
2019-12-06,78.31682586669922,82.20999908447266,82.41999816894531,81.81999969482422,82.23999786376953,1783400
2019-12-09,77.75477600097656,81.62000274658203,82.47000122070312,81.55000305175781,82.33999633789062,1913800
2019-12-10,79.00274658203125,82.93000030517578,83.80000305175781,82.69999694824219,82.9000015258789,3067700
2019-12-11,79.46952819824219,83.41999816894531,83.47000122070312,82.56999969482422,82.93000030517578,1718300
2019-12-12,80.7937240600586,84.80999755859375,84.9800033569336,83.16999816894531,83.48999786376953,1920800
2019-12-13,79.74579620361328,83.70999908447266,84.73999786376953,83.58999633789062,84.66999816894531,1811200
2019-12-16,80.45073699951172,84.44999694824219,84.97000122070312,84.0,84.47000122070312,1371200
2019-12-17,79.97444152832031,83.94999694824219,84.86000061035156,83.77999877929688,84.76000213623047,1653200
2019-12-18,79.47907257080078,83.43000030517578,84.05000305175781,83.36000061035156,83.75,2025500
2019-12-19,80.50790405273438,84.51000213623047,84.66999816894531,83.55999755859375,83.94999694824219,1696000
2019-12-20,81.15571594238281,85.19000244140625,85.30999755859375,84.31999969482422,84.94000244140625,2287800
2019-12-23,81.22240447998047,85.26000213623047,85.44000244140625,84.76000213623047,85.41999816894531,816000
2019-12-24,81.26049041748047,85.30000305175781,85.44999694824219,84.9800033569336,85.44999694824219,271900
2019-12-26,81.40338134765625,85.44999694824219,85.63999938964844,85.08999633789062,85.30999755859375,649100
2019-12-27,81.37484741210938,85.41999816894531,85.68000030517578,85.11000061035156,85.68000030517578,767700
2019-12-30,81.05023956298828,84.9000015258789,85.4000015258789,84.63999938964844,85.33999633789062,742800
2019-12-31,81.44166564941406,85.30999755859375,85.33999633789062,84.66999816894531,84.83999633789062,1176200
2020-01-02,82.05264282226562,85.94999694824219,86.3499984741211,85.19999694824219,85.9000015258789,1410500
2020-01-03,80.73519897460938,84.56999969482422,85.33000183105469,84.5,84.66999816894531,1118300
2020-01-06,80.97386932373047,84.81999969482422,84.81999969482422,83.5999984741211,84.0,1993200
2020-01-07,81.22207641601562,85.08000183105469,85.26000213623047,83.94000244140625,83.95999908447266,1684700
2020-01-08,82.02399444580078,85.91999816894531,86.47000122070312,85.19999694824219,85.95999908447266,1847600
2020-01-09,83.31278228759766,87.2699966430664,87.69999694824219,86.16999816894531,86.45999908447266,1912700
2020-01-10,83.6182632446289,87.58999633789062,88.23999786376953,87.31999969482422,87.72000122070312,1417000
2020-01-13,83.49414825439453,87.45999908447266,88.31999969482422,86.73999786376953,87.80999755859375,1630200
2020-01-14,84.00012969970703,87.98999786376953,88.20999908447266,86.69999694824219,87.2699966430664,1675200
2020-01-15,84.60154724121094,88.62000274658203,89.11000061035156,87.55000305175781,87.62999725341797,1630400
2020-01-16,85.40347290039062,89.45999908447266,89.48999786376953,88.86000061035156,89.12000274658203,1595900
2020-01-17,86.03353881835938,90.12000274658203,90.27999877929688,89.20999908447266,89.97000122070312,3718300
2020-01-21,85.54666137695312,89.61000061035156,90.1500015258789,89.45999908447266,89.80000305175781,2697400
2020-01-22,86.04309844970703,90.12999725341797,90.63999938964844,89.83999633789062,89.94000244140625,1665800
2020-01-23,85.03115844726562,89.06999969482422,89.9800033569336,88.66000366210938,89.62000274658203,1228300
2020-01-24,84.25787353515625,88.26000213623047,89.45999908447266,87.58000183105469,89.44999694824219,1164500
2020-01-27,82.63497924804688,86.55999755859375,87.16999816894531,86.20999908447266,86.54000091552734,1868000
2020-01-28,83.22685241699219,87.18000030517578,87.4800033569336,86.19000244140625,86.8499984741211,1652200
2020-01-29,83.28411865234375,87.23999786376953,88.36000061035156,87.1500015258789,87.55000305175781,1131500
2020-01-30,80.55382537841797,84.37999725341797,85.02999877929688,83.5999984741211,84.9000015258789,3026700
2020-01-31,78.81634521484375,82.55999755859375,84.33999633789062,82.33999633789062,84.02999877929688,2850400
2020-02-03,78.42496490478516,82.1500015258789,83.69000244140625,82.11000061035156,83.29000091552734,1919800
2020-02-04,79.73283386230469,83.5199966430664,83.9000015258789,82.77999877929688,82.8499984741211,1676000
2020-02-05,81.07888793945312,84.93000030517578,85.5,84.38999938964844,84.52999877929688,2345100
2020-02-06,80.97386932373047,84.81999969482422,85.38999938964844,84.58000183105469,85.30999755859375,835500
2020-02-07,79.398681640625,83.16999816894531,84.79000091552734,82.91999816894531,84.61000061035156,1447600
2020-02-10,80.6015625,84.43000030517578,84.63999938964844,82.93000030517578,83.04000091552734,2066900
2020-02-11,81.23161315917969,85.08999633789062,85.66999816894531,84.83999633789062,85.02999877929688,1543200
2020-02-12,81.55621337890625,85.43000030517578,86.05999755859375,85.29000091552734,85.4000015258789,1464200
2020-02-13,81.5943832397461,85.47000122070312,85.68000030517578,84.66000366210938,85.0999984741211,1596300
2020-02-14,81.92850494384766,85.81999969482422,85.86000061035156,85.12000274658203,85.72000122070312,1965400
2020-02-18,80.94524383544922,84.79000091552734,86.08000183105469,84.52999877929688,85.66000366210938,2872500
2020-02-19,81.4798355102539,85.3499984741211,85.83999633789062,83.44999694824219,84.69999694824219,4741300
2020-02-20,80.5156478881836,84.33999633789062,84.98999786376953,83.36000061035156,84.9000015258789,2543600
2020-02-21,81.21253967285156,85.06999969482422,85.08999633789062,83.4000015258789,83.9000015258789,1762500
2020-02-24,76.84976196289062,80.5,82.58999633789062,80.0199966430664,82.22000122070312,2919200
2020-02-25,74.4154052734375,77.94999694824219,80.87999725341797,77.69000244140625,80.69999694824219,2768000
2020-02-26,74.56812286376953,78.11000061035156,80.2699966430664,78.08999633789062,78.66000366210938,2526000
2020-02-27,73.91895294189453,77.43000030517578,80.30000305175781,76.37000274658203,76.68000030517578,2879400
2020-02-28,73.57530212402344,77.06999969482422,77.06999969482422,74.16999816894531,74.97000122070312,3755600
2020-03-02,78.25309753417969,81.97000122070312,82.0,77.23999786376953,77.30999755859375,3407500
2020-03-03,76.67791748046875,80.31999969482422,85.0,79.27999877929688,81.88999938964844,3017200
2020-03-04,80.52518463134766,84.3499984741211,84.43000030517578,80.72000122070312,81.7699966430664,1905300
2020-03-05,76.81156921386719,80.45999908447266,83.25,79.69999694824219,82.13999938964844,2322600
2020-03-06,74.99774932861328,78.55999755859375,78.9000015258789,76.5,77.94999694824219,2959900
2020-03-09,67.54186248779297,70.75,74.19000244140625,70.16999816894531,72.58999633789062,4598200
2020-03-10,69.60392761230469,72.91000366210938,73.62000274658203,69.66000366210938,73.05000305175781,3537300
2020-03-11,65.71847534179688,68.83999633789062,71.7300033569336,67.56999969482422,70.76000213623047,4985900
2020-03-12,60.54423904418945,63.41999816894531,67.13999938964844,62.15999984741211,64.0,5055000
2020-03-13,66.06214904785156,69.19999694824219,69.51000213623047,63.75,66.52999877929688,3261200
2020-03-16,61.222049713134766,64.12999725341797,66.62000274658203,61.130001068115234,63.40999984741211,4742800
2020-03-17,67.2459487915039,70.44000244140625,70.52999877929688,63.939998626708984,66.0199966430664,3341800
2020-03-18,65.74713134765625,68.87000274658203,69.87999725341797,65.18000030517578,65.19000244140625,4123900
2020-03-19,62.77814865112305,65.76000213623047,68.58999633789062,64.16999816894531,68.54000091552734,3430700
2020-03-20,63.446388244628906,66.45999908447266,71.0,64.95999908447266,65.98999786376953,3258400
2020-03-23,60.49650573730469,63.369998931884766,67.55999755859375,62.09000015258789,66.80000305175781,2989600
2020-03-24,63.96189880371094,67.0,68.18000030517578,64.5999984741211,65.52999877929688,2868900
2020-03-25,65.8712158203125,69.0,71.79000091552734,65.11000061035156,67.12000274658203,2628100
2020-03-26,70.377197265625,73.72000122070312,74.44999694824219,69.6500015258789,70.0,3267500
2020-03-27,67.69461059570312,70.91000366210938,73.20999908447266,70.27999877929688,71.55000305175781,1829800
2020-03-30,69.55137634277344,72.66999816894531,73.18000030517578,71.05999755859375,71.05999755859375,1486200
2020-03-31,68.54642486572266,71.62000274658203,72.80000305175781,70.5,72.33999633789062,1822100
2020-04-01,65.96229553222656,68.91999816894531,70.2300033569336,68.1500015258789,69.47000122070312,2173600
2020-04-02,69.18766784667969,72.29000091552734,72.44999694824219,68.13999938964844,68.2699966430664,1840300
2020-04-03,67.39791870117188,70.41999816894531,72.33000183105469,69.66000366210938,71.70999908447266,2052600
2020-04-06,71.16883850097656,74.36000061035156,74.98999786376953,72.25,72.97000122070312,2312000
2020-04-07,70.8530044555664,74.02999877929688,77.55999755859375,74.0199966430664,76.61000061035156,2458000
2020-04-08,73.3988265991211,76.69000244140625,77.16999816894531,72.75,74.16999816894531,2703000
2020-04-09,74.96846771240234,78.33000183105469,78.72000122070312,76.2300033569336,76.43000030517578,2399900
2020-04-13,72.93944549560547,76.20999908447266,77.98999786376953,75.0199966430664,77.44000244140625,1533000
2020-04-14,75.44701385498047,78.83000183105469,79.19999694824219,77.23999786376953,77.30000305175781,2650300
2020-04-15,73.743408203125,77.05000305175781,78.38999938964844,77.0,77.44000244140625,2721100
2020-04-16,75.37044525146484,78.75,78.91999816894531,76.47000122070312,78.05999755859375,1969300
2020-04-17,76.13611602783203,79.55000305175781,80.3499984741211,78.30999755859375,80.08999633789062,1313400
2020-04-20,74.04966735839844,77.37000274658203,79.05000305175781,76.9800033569336,79.05000305175781,1679400
2020-04-21,70.58500671386719,73.75,75.80000305175781,73.70999908447266,75.76000213623047,2848100
2020-04-22,71.94407653808594,75.16999816894531,75.58000183105469,73.77999877929688,74.75,2347400
2020-04-23,71.86750030517578,75.08999633789062,77.48999786376953,75.05000305175781,76.5999984741211,2097700
2020-04-24,72.4991683959961,75.75,75.91000366210938,74.0199966430664,75.62000274658203,1654300
2020-04-27,72.97771453857422,76.25,76.62000274658203,75.83999633789062,76.3499984741211,1295800
2020-04-28,72.21205139160156,75.44999694824219,77.0,75.33999633789062,77.0,1855900
2020-04-29,75.34172821044922,78.72000122070312,79.37999725341797,76.13999938964844,76.30000305175781,2409400
2020-04-30,73.37013244628906,76.66000366210938,78.44000244140625,75.98999786376953,77.95999908447266,1795200
2020-05-01,71.02525329589844,74.20999908447266,76.0999984741211,73.56999969482422,75.55000305175781,1618600
2020-05-04,71.36026000976562,74.55999755859375,74.62000274658203,73.41999816894531,74.27999877929688,1555400
2020-05-05,73.09258270263672,76.37000274658203,77.58000183105469,74.83000183105469,74.91000366210938,1476100
2020-05-06,74.52821350097656,77.87000274658203,78.83000183105469,76.6500015258789,76.69000244140625,2303600
2020-05-07,75.13115692138672,78.5,79.33000183105469,77.54000091552734,78.7699966430664,1190600
2020-05-08,76.28923034667969,79.70999908447266,80.33000183105469,79.19000244140625,79.66999816894531,2255000
2020-05-11,77.78227996826172,81.2699966430664,81.98999786376953,79.5,79.5999984741211,1691600
2020-05-12,76.42322540283203,79.8499984741211,82.30000305175781,79.77999877929688,81.58000183105469,2278900
2020-05-13,76.71992492675781,80.16000366210938,81.93000030517578,79.02999877929688,80.37999725341797,2664900
2020-05-14,78.13642120361328,81.63999938964844,81.66000366210938,78.72000122070312,79.29000091552734,2285900
2020-05-15,78.08853912353516,81.58999633789062,82.83000183105469,81.22000122070312,81.51000213623047,4529400
2020-05-18,80.0697250366211,83.66000366210938,84.38999938964844,82.29000091552734,83.23999786376953,2076000
2020-05-19,78.45223999023438,81.97000122070312,83.54000091552734,81.88999938964844,83.2300033569336,2099200
2020-05-20,78.20340728759766,81.70999908447266,82.9800033569336,81.47000122070312,82.9800033569336,2748100
2020-05-21,77.28460693359375,80.75,82.19000244140625,80.45999908447266,81.72000122070312,2576500
2020-05-22,81.33307647705078,84.9800033569336,87.66999816894531,84.19999694824219,85.0,5063100
2020-05-26,82.43370819091797,86.12999725341797,86.79000091552734,85.63999938964844,86.2300033569336,3173400
2020-05-27,82.4815902709961,86.18000030517578,86.4800033569336,84.37000274658203,86.30000305175781,1917600
2020-05-28,82.96969604492188,86.69000244140625,87.8499984741211,86.05999755859375,86.87000274658203,1908700
2020-05-29,84.35746002197266,88.13999938964844,88.48999786376953,86.47000122070312,87.16999816894531,2394500
2020-06-01,86.051513671875,89.91000366210938,89.9800033569336,87.94000244140625,88.04000091552734,2477600
2020-06-02,86.41521453857422,90.29000091552734,90.62999725341797,89.11000061035156,90.0,1682800
2020-06-03,86.60660552978516,90.48999786376953,91.13999938964844,90.26000213623047,90.6500015258789,1382500
2020-06-04,87.22872161865234,91.13999938964844,91.73999786376953,89.81999969482422,89.81999969482422,2227500
2020-06-05,86.5013427734375,90.37999725341797,93.04000091552734,90.08999633789062,92.12999725341797,2844700
2020-06-08,86.41521453857422,90.29000091552734,90.58999633789062,89.05999755859375,89.30999755859375,1804700
2020-06-09,85.9175033569336,89.7699966430664,90.51000213623047,89.31999969482422,90.08999633789062,1817300
2020-06-10,85.95580291748047,89.80999755859375,90.58000183105469,89.45999908447266,90.31999969482422,1410300
2020-06-11,81.38092041015625,85.02999877929688,88.62999725341797,85.0199966430664,88.62999725341797,2491300
2020-06-12,82.41458892822266,86.11000061035156,87.30000305175781,83.98999786376953,86.83000183105469,1520000
2020-06-15,83.22810363769531,86.95999908447266,87.27999877929688,83.70999908447266,84.4000015258789,1551400
2020-06-16,83.68750762939453,87.44000244140625,89.23999786376953,86.51000213623047,88.87999725341797,1049200
2020-06-17,84.14689636230469,87.91999816894531,88.75,87.45999908447266,87.8499984741211,900800
2020-06-18,84.42446899414062,88.20999908447266,88.5,87.26000213623047,87.43000030517578,1491500
2020-06-19,84.92215728759766,88.7300033569336,89.79000091552734,87.76000213623047,89.41000366210938,1784700
2020-06-22,84.73075103759766,88.52999877929688,89.06999969482422,87.7699966430664,88.63999938964844,1245500
2020-06-23,85.44853973388672,89.27999877929688,89.69999694824219,88.66000366210938,89.19000244140625,1160300
2020-06-24,82.84528350830078,86.55999755859375,89.08000183105469,86.31999969482422,89.08000183105469,1806600
2020-06-25,83.5152359008789,87.26000213623047,87.3499984741211,84.80000305175781,86.43000030517578,1350100
2020-06-26,82.21361541748047,85.9000015258789,87.55999755859375,85.5199966430664,87.2300033569336,2225800
2020-06-29,83.71939086914062,87.29000091552734,87.36000061035156,86.11000061035156,86.55999755859375,1302500
2020-06-30,84.75518035888672,88.37000274658203,88.87999725341797,87.23999786376953,87.33000183105469,1920200
2020-07-01,84.50582122802734,88.11000061035156,88.88999938964844,87.30000305175781,88.88999938964844,1137000
2020-07-02,85.0525131225586,88.68000030517578,89.48999786376953,88.55000305175781,88.83000183105469,1507700
2020-07-06,85.65673828125,89.30999755859375,90.63999938964844,89.0199966430664,89.0199966430664,1412200
2020-07-07,85.56083679199219,89.20999908447266,90.04000091552734,88.66999816894531,88.83999633789062,1441700
2020-07-08,85.87734985351562,89.54000091552734,90.33000183105469,89.12999725341797,89.5199966430664,1069600
2020-07-09,86.24179077148438,89.91999816894531,90.4000015258789,88.55999755859375,89.6500015258789,1133800
2020-07-10,85.76225280761719,89.41999816894531,89.87000274658203,88.56999969482422,89.8499984741211,938100
2020-07-13,85.60877990722656,89.26000213623047,91.23999786376953,88.6500015258789,89.97000122070312,1646200
2020-07-14,86.98028564453125,90.69000244140625,90.79000091552734,88.06999969482422,88.83000183105469,1361200
2020-07-15,89.08072662353516,92.87999725341797,93.05999755859375,91.08000183105469,91.73999786376953,1897100
2020-07-16,89.06153869628906,92.86000061035156,93.20999908447266,92.05999755859375,92.9800033569336,1226400
2020-07-17,90.50977325439453,94.37000274658203,94.51000213623047,92.69000244140625,93.41000366210938,3457700
2020-07-20,91.31542205810547,95.20999908447266,96.22000122070312,94.76000213623047,94.91000366210938,1236800
2020-07-21,92.0922622680664,96.0199966430664,96.44999694824219,95.16000366210938,95.56999969482422,2169100
2020-07-22,92.40876007080078,96.3499984741211,96.87999725341797,95.80999755859375,96.36000061035156,1313200
2020-07-23,92.70606994628906,96.66000366210938,98.08999633789062,96.31999969482422,96.58999633789062,1386300
2020-07-24,90.93177032470703,94.80999755859375,96.22000122070312,93.87000274658203,95.9800033569336,1142800
2020-07-27,93.29112243652344,97.2699966430664,97.54000091552734,94.9000015258789,94.95999908447266,1177100
2020-07-28,91.40174102783203,95.30000305175781,97.25,95.19999694824219,96.9800033569336,1373700
2020-07-29,93.12809753417969,97.0999984741211,97.66000366210938,95.5199966430664,95.80999755859375,1125300
2020-07-30,92.0059585571289,95.93000030517578,96.36000061035156,94.97000122070312,96.12000274658203,1663300
2020-07-31,92.38960266113281,96.33000183105469,96.41000366210938,94.7300033569336,95.94000244140625,1551800
2020-08-03,95.03669738769531,99.08999633789062,99.36000061035156,96.94000244140625,96.94000244140625,1994300
2020-08-04,93.5405044555664,97.52999877929688,98.98999786376953,96.88999938964844,98.70999908447266,779200
2020-08-05,93.88578033447266,97.88999938964844,98.83000183105469,97.69999694824219,98.08999633789062,955900
2020-08-06,93.46379852294922,97.44999694824219,98.25,95.80999755859375,97.72000122070312,1075300
2020-08-07,93.7802734375,97.77999877929688,97.83999633789062,96.87000274658203,97.06999969482422,897900
2020-08-10,93.16645050048828,97.13999938964844,97.95999908447266,96.94999694824219,97.83999633789062,900800
2020-08-11,92.36083221435547,96.30000305175781,97.62999725341797,96.19999694824219,97.22000122070312,1137000
2020-08-12,93.63641357421875,97.62999725341797,98.27999877929688,96.5199966430664,96.66000366210938,1318100
2020-08-13,94.72978210449219,98.7699966430664,99.12000274658203,97.18000030517578,97.55000305175781,1190800
2020-08-14,93.38703918457031,97.37000274658203,98.83000183105469,96.9000015258789,98.44999694824219,957400
2020-08-17,93.52133178710938,97.51000213623047,98.68000030517578,97.08999633789062,97.66999816894531,1989300
2020-08-18,93.85701751708984,97.86000061035156,98.70999908447266,97.11000061035156,97.70999908447266,2008700
2020-08-19,93.95289611816406,97.95999908447266,99.4000015258789,94.52999877929688,95.2300033569336,2830800
2020-08-20,93.7802734375,97.77999877929688,98.16999816894531,97.12000274658203,97.38999938964844,1428300
2020-08-21,94.27900695800781,98.30000305175781,98.31999969482422,97.2699966430664,97.87000274658203,1269300
2020-08-24,93.60765075683594,97.5999984741211,99.20999908447266,97.13999938964844,98.77999877929688,1154500
2020-08-25,94.3173828125,98.33999633789062,98.66000366210938,97.55999755859375,97.87000274658203,1061300
2020-08-26,95.26687622070312,99.33000183105469,99.7300033569336,98.05000305175781,98.18000030517578,1072300
2020-08-27,94.96953582763672,99.0199966430664,99.66000366210938,97.55999755859375,99.19000244140625,1236900
2020-08-28,95.81355285644531,99.9000015258789,99.93000030517578,98.54000091552734,99.0,866000
2020-08-31,96.31229400634766,100.41999816894531,101.04000091552734,99.75,99.9000015258789,1076900
2020-09-01,96.983642578125,101.12000274658203,101.29000091552734,100.25,100.91999816894531,1159700
2020-09-02,99.1895751953125,103.41999816894531,103.66000366210938,100.45999908447266,101.0,1462500
2020-09-03,95.5641860961914,99.63999938964844,103.20999908447266,99.04000091552734,103.08999633789062,1992800
2020-09-04,92.87871551513672,96.83999633789062,100.11000061035156,95.66000366210938,100.06999969482422,1753900
2020-09-08,91.24824523925781,95.13999938964844,96.47000122070312,94.76000213623047,96.11000061035156,1225600
2020-09-09,93.92413330078125,97.93000030517578,98.47000122070312,95.86000061035156,96.0999984741211,954400
2020-09-10,94.53794860839844,98.56999969482422,100.0999984741211,98.23999786376953,98.87999725341797,1933200
2020-09-11,94.56674194335938,98.5999984741211,99.62000274658203,98.0199966430664,98.70999908447266,1368600
2020-09-14,95.35321044921875,99.41999816894531,100.2300033569336,98.97000122070312,99.7300033569336,1207700
2020-09-15,96.26433563232422,100.37000274658203,101.0,99.72000122070312,99.72000122070312,1053800
2020-09-16,95.83273315429688,99.91999816894531,101.52999877929688,98.08000183105469,101.2300033569336,1365000
2020-09-17,95.52584075927734,99.5999984741211,100.45999908447266,98.58000183105469,99.25,1246400
2020-09-18,95.31483459472656,99.37999725341797,100.58999633789062,98.45999908447266,99.13999938964844,2162400
2020-09-21,94.11595153808594,98.12999725341797,98.55999755859375,96.5,98.18000030517578,927900
2020-09-22,94.5859146118164,98.62000274658203,98.9800033569336,97.48999786376953,97.83999633789062,845800
2020-09-23,92.94588470458984,96.91000366210938,98.91000366210938,96.56999969482422,98.5999984741211,1148700
2020-09-24,92.399169921875,96.33999633789062,96.97000122070312,95.44000244140625,96.56999969482422,1157600
2020-09-25,93.69395446777344,97.69000244140625,98.13999938964844,95.7699966430664,95.95999908447266,1028600
2020-09-28,95.43952941894531,99.51000213623047,99.7300033569336,98.12000274658203,98.63999938964844,1336600
2020-09-29,96.1204833984375,100.22000122070312,101.33000183105469,99.58999633789062,99.79000091552734,722400
2020-09-30,96.81101989746094,100.94000244140625,101.88999938964844,100.30999755859375,100.54000091552734,1362200
2020-10-01,97.07958221435547,101.22000122070312,102.41000366210938,100.54000091552734,101.7699966430664,723600
2020-10-02,95.91905975341797,100.01000213623047,101.27999877929688,99.80999755859375,100.20999908447266,712200
2020-10-05,99.08016204833984,103.12000274658203,103.45999908447266,100.95999908447266,100.98999786376953,803900
2020-10-06,97.64855194091797,101.62999725341797,103.33000183105469,101.4800033569336,103.12000274658203,1078000
2020-10-07,99.81039428710938,103.87999725341797,104.75,102.41999816894531,102.47000122070312,1322100
2020-10-08,100.07942962646484,104.16000366210938,104.38999938964844,103.12999725341797,104.19999694824219,765300
2020-10-09,101.61673736572266,105.76000213623047,106.0999984741211,104.55000305175781,104.83000183105469,709000
2020-10-12,101.29966735839844,105.43000030517578,107.0,105.31999969482422,106.44999694824219,1003700
2020-10-13,101.29006958007812,105.41999816894531,106.01000213623047,104.95999908447266,105.44000244140625,915500
2020-10-14,100.94416809082031,105.05999755859375,106.66999816894531,104.91999816894531,105.48999786376953,906700
2020-10-15,101.1939926147461,105.31999969482422,105.72000122070312,103.87999725341797,104.0999984741211,723000
2020-10-16,102.5199203491211,106.69999694824219,107.54000091552734,105.70999908447266,105.94999694824219,1039400
2020-10-19,101.35731506347656,105.48999786376953,107.62000274658203,105.23999786376953,106.77999877929688,636000
2020-10-20,101.47261810302734,105.61000061035156,106.94000244140625,105.55999755859375,105.88999938964844,771000
2020-10-21,100.72317504882812,104.83000183105469,106.69000244140625,104.12000274658203,105.91999816894531,894000
2020-10-22,102.58716583251953,106.7699966430664,107.08999633789062,105.11000061035156,105.31999969482422,1064700
2020-10-23,102.01065826416016,106.16999816894531,107.37999725341797,105.47000122070312,107.2300033569336,833900
2020-10-26,100.531005859375,104.62999725341797,105.81999969482422,103.75,105.38999938964844,1102000
2020-10-27,101.88578796386719,106.04000091552734,106.66000366210938,105.11000061035156,105.11000061035156,1111400
2020-10-28,97.67737579345703,101.66000366210938,105.37000274658203,101.58000183105469,104.41999816894531,1180800
2020-10-29,98.02326202392578,102.0199966430664,103.05999755859375,100.7699966430664,102.2699966430664,1421900
2020-10-30,98.09050750732422,102.08999633789062,102.3499984741211,100.6500015258789,101.7699966430664,2310000
2020-11-02,101.11709594726562,105.23999786376953,105.3499984741211,103.29000091552734,103.5199966430664,1572300
2020-11-03,102.83699798583984,107.02999877929688,108.11000061035156,106.13999938964844,106.43000030517578,1175000
2020-11-04,104.23979187011719,108.48999786376953,109.80000305175781,107.23999786376953,108.06999969482422,1357300
2020-11-05,106.01730346679688,110.33999633789062,111.93000030517578,109.66999816894531,110.56999969482422,1143100
2020-11-06,108.13114166259766,112.54000091552734,113.3499984741211,110.33000183105469,110.76000213623047,1036600
2020-11-09,108.09268951416016,112.5,117.5,112.38999938964844,116.16000366210938,2177900
2020-11-10,105.88280487060547,110.19999694824219,112.91000366210938,108.98999786376953,112.81999969482422,2124800
2020-11-11,105.1237564086914,109.41000366210938,111.79000091552734,108.83999633789062,111.13999938964844,1792800
2020-11-12,105.15258026123047,109.44000244140625,111.01000213623047,108.9000015258789,109.4000015258789,1094300
2020-11-13,105.85398864746094,110.16999816894531,111.54000091552734,109.77999877929688,110.45999908447266,1356800
2020-11-16,105.95005798339844,110.2699966430664,111.48999786376953,109.47000122070312,111.0,1656100
2020-11-17,105.5561294555664,109.86000061035156,110.7699966430664,109.25,110.5,1571500
2020-11-18,101.79928588867188,105.94999694824219,109.87999725341797,105.7300033569336,109.55000305175781,2047900
2020-11-19,104.42235565185547,108.68000030517578,108.95999908447266,105.19000244140625,106.73999786376953,1886400
2020-11-20,106.5457763671875,110.88999938964844,112.30000305175781,108.31999969482422,108.63999938964844,2775400
2020-11-23,107.81405639648438,112.20999908447266,112.41999816894531,109.55999755859375,111.4000015258789,3258700
2020-11-24,110.18729400634766,114.68000030517578,118.95999908447266,111.43000030517578,118.95999908447266,5559900
2020-11-25,109.87022399902344,114.3499984741211,116.95999908447266,113.41000366210938,116.08999633789062,2862500
2020-11-27,109.62041473388672,114.08999633789062,114.9800033569336,112.94000244140625,113.7699966430664,983700
2020-11-30,112.32032012939453,116.9000015258789,117.06999969482422,113.66999816894531,113.88999938964844,3778400
2020-12-01,110.84063720703125,115.36000061035156,118.37999725341797,115.04000091552734,117.58000183105469,1753700
2020-12-02,110.08160400390625,114.56999969482422,115.94999694824219,114.12999725341797,115.62999725341797,1735800
2020-12-03,109.1303939819336,113.58000183105469,115.41999816894531,113.16000366210938,114.1500015258789,1511400
2020-12-04,110.63888549804688,115.1500015258789,115.23999786376953,113.44999694824219,113.5999984741211,1118100
2020-12-07,109.91825866699219,114.4000015258789,116.44000244140625,114.12000274658203,115.19999694824219,2076700
2020-12-08,112.426025390625,117.01000213623047,117.33999633789062,114.33000183105469,114.33999633789062,1320600
2020-12-09,111.83992004394531,116.4000015258789,116.95999908447266,114.4800033569336,116.37999725341797,1717600
2020-12-10,114.15550994873047,118.80999755859375,119.9000015258789,116.33999633789062,116.94000244140625,1630500
2020-12-11,113.83843231201172,118.4800033569336,119.05999755859375,117.29000091552734,118.66999816894531,1400800
2020-12-14,112.16658020019531,116.73999786376953,120.23999786376953,116.73999786376953,118.61000061035156,1395200
2020-12-15,112.79113006591797,117.38999938964844,118.04000091552734,116.8499984741211,117.30000305175781,1973800
2020-12-16,112.64700317382812,117.23999786376953,117.73999786376953,116.4000015258789,117.58000183105469,1698600
2020-12-17,114.30923461914062,118.97000122070312,119.38999938964844,117.04000091552734,118.05000305175781,2166700
2020-12-18,114.62631225585938,119.30000305175781,119.86000061035156,118.44000244140625,119.2300033569336,3911800
2020-12-21,113.16584014892578,117.77999877929688,118.44999694824219,115.95999908447266,117.69999694824219,2082000
2020-12-22,112.77191925048828,117.37000274658203,118.43000030517578,116.8499984741211,118.0,1670400
2020-12-23,112.70465850830078,117.30000305175781,118.88999938964844,117.22000122070312,118.0,1202100
2020-12-24,112.71424865722656,117.30999755859375,118.37000274658203,116.83999633789062,117.04000091552734,733600
2020-12-28,113.2138900756836,117.83000183105469,118.77999877929688,116.66999816894531,118.51000213623047,1003100
2020-12-29,112.63739776611328,117.2300033569336,119.12000274658203,116.83000183105469,118.55999755859375,1007400
2020-12-30,112.79113006591797,117.38999938964844,118.9000015258789,117.33000183105469,117.86000061035156,1127000
2020-12-31,113.8480453491211,118.48999786376953,118.5999984741211,116.5999984741211,117.58999633789062,1307200
2021-01-04,114.1791000366211,118.63999938964844,120.08999633789062,117.11000061035156,118.94000244140625,2030700
2021-01-05,115.11261749267578,119.61000061035156,120.31999969482422,118.06999969482422,118.4800033569336,2344000
2021-01-06,118.26930236816406,122.88999938964844,123.87999725341797,118.20999908447266,118.69000244140625,2428500
2021-01-07,121.41635131835938,126.16000366210938,127.4800033569336,124.11000061035156,124.33000183105469,1775900
2021-01-08,122.2824935913086,127.05999755859375,127.63999938964844,125.8499984741211,126.48999786376953,1577200
2021-01-11,123.33151245117188,128.14999389648438,129.33999633789062,126.2300033569336,126.44999694824219,1746800
2021-01-12,122.19589233398438,126.97000122070312,128.38999938964844,126.19999694824219,128.3300018310547,1826400
2021-01-13,122.20551300048828,126.9800033569336,128.0500030517578,126.73999786376953,127.45999908447266,1530400
2021-01-14,121.29122924804688,126.02999877929688,128.19000244140625,125.81999969482422,127.2699966430664,924900
2021-01-15,121.46444702148438,126.20999908447266,127.12000274658203,124.73999786376953,125.94000244140625,2115400
2021-01-19,122.56160736083984,127.3499984741211,127.80000305175781,126.29000091552734,127.37999725341797,1677200
2021-01-20,123.29303741455078,128.11000061035156,128.9199981689453,127.36000061035156,127.70999908447266,1843000
2021-01-21,122.2247543334961,127.0,128.77999877929688,126.41999816894531,127.7699966430664,1612100
2021-01-22,121.5799560546875,126.33000183105469,127.80000305175781,126.30000305175781,127.08000183105469,1438700
2021-01-25,120.76191711425781,125.4800033569336,127.4800033569336,124.43000030517578,126.69000244140625,1365400
2021-01-26,119.26055145263672,123.91999816894531,125.94999694824219,123.87000274658203,125.5,1476600
2021-01-27,114.33307647705078,118.80000305175781,123.0,118.11000061035156,122.08000183105469,1923500
2021-01-28,116.98931121826172,121.55999755859375,122.66999816894531,118.77999877929688,119.0,1677900
2021-01-29,115.65157318115234,120.16999816894531,121.69000244140625,119.27999877929688,121.20999908447266,1822000
2021-02-01,116.2867431640625,120.83000183105469,122.08999633789062,120.18000030517578,120.69000244140625,1292700
2021-02-02,118.55802154541016,123.19000244140625,125.8499984741211,122.41999816894531,122.5,1489200
2021-02-03,117.5571060180664,122.1500015258789,124.5999984741211,121.9000015258789,123.5,1448400
2021-02-04,119.4049301147461,124.06999969482422,124.33999633789062,121.5999984741211,122.51000213623047,1251200
2021-02-05,118.54837799072266,123.18000030517578,125.95999908447266,123.11000061035156,124.51000213623047,1919700
2021-02-08,118.76973724365234,123.41000366210938,125.73999786376953,122.56999969482422,123.91999816894531,2065300
2021-02-09,118.60612487792969,123.23999786376953,123.48999786376953,122.36000061035156,123.41000366210938,1988300
2021-02-10,120.37696838378906,125.08000183105469,125.73999786376953,123.87999725341797,124.58999633789062,1112600
2021-02-11,122.1862564086914,126.95999908447266,127.26000213623047,125.11000061035156,125.69999694824219,1122200
2021-02-12,123.16792297363281,127.9800033569336,128.60000610351562,126.31999969482422,126.93000030517578,1278000
2021-02-16,123.13903045654297,127.94999694824219,131.0800018310547,127.8499984741211,129.30999755859375,2132500
2021-02-17,125.22745513916016,130.1199951171875,136.97999572753906,129.58999633789062,132.8000030517578,4214700
2021-02-18,122.87919616699219,127.68000030517578,130.38999938964844,127.58000183105469,129.0,1941400
2021-02-19,122.09966278076172,126.87000274658203,128.89999389648438,126.48999786376953,128.41000366210938,1263900
2021-02-22,118.85635375976562,123.5,126.16000366210938,123.08999633789062,125.94999694824219,1340100
2021-02-23,117.81695556640625,122.41999816894531,123.51000213623047,120.41000366210938,123.51000213623047,2125400
2021-02-24,120.31919860839844,125.0199966430664,125.41000366210938,122.01000213623047,122.26000213623047,1898400
2021-02-25,117.50900268554688,122.0999984741211,125.25,121.93000030517578,124.80999755859375,1430900
2021-02-26,117.4801254272461,122.06999969482422,123.51000213623047,120.6500015258789,122.93000030517578,1909700
2021-03-01,119.79952239990234,124.4800033569336,125.1500015258789,122.87999725341797,123.05000305175781,1404400
2021-03-02,118.99110412597656,123.63999938964844,125.88999938964844,123.16999816894531,124.56999969482422,1267300
2021-03-03,114.81428527832031,119.30000305175781,122.77999877929688,119.25,122.77999877929688,1612400
2021-03-04,110.66633605957031,114.98999786376953,118.83000183105469,113.33999633789062,118.69000244140625,2725000
2021-03-05,111.77310180664062,116.13999938964844,116.19000244140625,112.47000122070312,115.87999725341797,2441500
2021-03-08,111.71537017822266,116.08000183105469,118.95999908447266,115.2699966430664,116.30999755859375,2766600
2021-03-09,115.33396911621094,119.83999633789062,121.38999938964844,117.54000091552734,117.87000274658203,2291100
2021-03-10,115.47833251953125,119.98999786376953,122.20999908447266,119.69000244140625,120.58999633789062,1934600
2021-03-11,117.2491455078125,121.83000183105469,122.91999816894531,120.9000015258789,121.41999816894531,1818700
2021-03-12,116.87381744384766,121.44000244140625,122.02999877929688,119.27999877929688,120.56999969482422,1368700
2021-03-15,119.37606048583984,124.04000091552734,124.27999877929688,120.33999633789062,120.91999816894531,1230000
2021-03-16,118.37517547607422,123.0,125.30999755859375,122.44999694824219,124.75,1345500
2021-03-17,117.91319274902344,122.5199966430664,123.11000061035156,121.5,122.33999633789062,1453000
2021-03-18,117.98057556152344,122.58999633789062,123.94000244140625,122.12999725341797,123.5999984741211,2067500
2021-03-19,118.07681274414062,122.69000244140625,123.5,121.51000213623047,122.87000274658203,2597000
2021-03-22,118.96223449707031,123.61000061035156,123.83000183105469,121.72000122070312,122.16999816894531,1772900
2021-03-23,117.39352416992188,121.9800033569336,124.2300033569336,121.47000122070312,123.1500015258789,1338300
2021-03-24,116.29637145996094,120.83999633789062,122.95999908447266,120.73999786376953,122.12000274658203,1477500
2021-03-25,117.3165054321289,121.9000015258789,122.33000183105469,119.87999725341797,120.86000061035156,967300
2021-03-26,120.9159164428711,125.63999938964844,125.70999908447266,122.02999877929688,122.54000091552734,1441900
2021-03-29,120.70417022705078,125.41999816894531,125.81999969482422,123.73999786376953,124.87999725341797,1539700
2021-03-30,120.14596557617188,124.83999633789062,125.69999694824219,124.41000366210938,124.61000061035156,1033700
2021-03-31,122.35948944091797,127.13999938964844,128.47999572753906,125.94999694824219,125.94999694824219,1815500
2021-04-01,122.88882446289062,127.69000244140625,128.3000030517578,127.01000213623047,128.0,1126400
2021-04-05,125.30233001708984,130.0,130.61000061035156,129.0,129.0,1096300
2021-04-06,126.30474853515625,131.0399932861328,131.86000061035156,129.8699951171875,130.57000732421875,1623200
2021-04-07,124.66615295410156,129.33999633789062,130.57000732421875,128.52999877929688,130.25,954600
2021-04-08,125.9673843383789,130.69000244140625,131.72999572753906,129.8699951171875,130.25999450683594,925100
2021-04-09,127.143310546875,131.91000366210938,131.9199981689453,130.72999572753906,131.4600067138672,1552200
2021-04-12,126.52648162841797,131.27000427246094,132.17999267578125,130.83999633789062,131.44000244140625,1166300
2021-04-13,128.16500854492188,132.97000122070312,133.27000427246094,131.47000122070312,131.60000610351562,1593700
2021-04-14,127.20113372802734,131.97000122070312,133.22999572753906,130.9600067138672,133.10000610351562,1499300
2021-04-15,128.4637908935547,133.27999877929688,133.94000244140625,132.0,132.0,2121300
2021-04-16,129.71685791015625,134.5800018310547,134.63999938964844,133.16000366210938,134.0500030517578,4495400
2021-04-19,128.6758270263672,133.5,134.64999389648438,133.07000732421875,134.3800048828125,1071600
2021-04-20,127.6734619140625,132.4600067138672,133.5500030517578,131.82000732421875,133.0,1261200
2021-04-21,128.9939727783203,133.8300018310547,133.9499969482422,132.02000427246094,132.8800048828125,1173900
2021-04-22,129.66864013671875,134.52999877929688,135.4600067138672,133.8300018310547,134.02999877929688,1732700
2021-04-23,131.74093627929688,136.67999267578125,137.1199951171875,134.5,134.57000732421875,1495200
2021-04-26,132.37710571289062,137.33999633789062,137.8300018310547,136.67999267578125,137.2100067138672,1287400
2021-04-27,131.5481414794922,136.47999572753906,137.44000244140625,136.22999572753906,136.92999267578125,1752900
2021-04-28,129.9289093017578,134.8000030517578,136.50999450683594,134.7100067138672,136.0,1603900
2021-04-29,129.30233764648438,134.14999389648438,135.41000366210938,133.5399932861328,135.41000366210938,2135900
2021-04-30,128.810791015625,133.63999938964844,134.66000366210938,133.14999389648438,133.89999389648438,1514200
2021-05-03,128.37709045410156,133.19000244140625,134.30999755859375,132.61000061035156,134.2899932861328,1032000
2021-05-04,126.16981506347656,130.89999389648438,132.50999450683594,130.35000610351562,132.1199951171875,1752400
2021-05-05,128.55056762695312,133.3699951171875,134.08999633789062,131.25,132.08999633789062,1430600
2021-05-06,127.61557006835938,132.39999389648438,132.60000610351562,130.77000427246094,132.30999755859375,1150400
2021-05-07,129.06138610839844,133.89999389648438,134.82000732421875,133.19000244140625,133.19000244140625,1044200
2021-05-10,127.10476684570312,131.8699951171875,133.92999267578125,131.75999450683594,133.75999450683594,1034300
2021-05-11,126.67103576660156,131.4199981689453,131.83999633789062,129.3000030517578,130.27000427246094,1336600
2021-05-12,123.99146270751953,128.63999938964844,131.1699981689453,128.47000122070312,130.33999633789062,1256400
2021-05-13,125.32162475585938,130.02000427246094,130.75999450683594,129.25999450683594,129.61000061035156,805900
2021-05-14,126.41079711914062,131.14999389648438,131.69000244140625,130.4499969482422,130.47000122070312,775100
2021-05-17,125.4083480834961,130.11000061035156,131.0500030517578,129.91000366210938,130.83999633789062,886700
2021-05-18,124.09750366210938,128.75,129.9499969482422,128.67999267578125,129.9499969482422,1777600
2021-05-19,125.5047607421875,130.2100067138672,130.27999877929688,127.12999725341797,127.5999984741211,1119400
2021-05-20,127.37461853027344,132.14999389648438,132.7899932861328,130.61000061035156,130.61000061035156,1035100
2021-05-21,127.51921081542969,132.3000030517578,134.1300048828125,132.22000122070312,132.6699981689453,1445900
2021-05-24,128.5216064453125,133.33999633789062,134.41000366210938,132.52999877929688,133.50999450683594,1312300
2021-05-25,128.41561889648438,133.22999572753906,134.8000030517578,133.00999450683594,133.41000366210938,1890600
2021-05-26,128.4734344482422,133.2899932861328,138.0,133.25,136.3000030517578,2498400
2021-05-27,132.56983947753906,137.5399932861328,138.13999938964844,133.16000366210938,133.32000732421875,3699600
2021-05-28,133.13856506347656,138.1300048828125,139.2100067138672,138.0,138.60000610351562,1264400
2021-06-01,132.2421875,137.1999969482422,140.32000732421875,135.57000732421875,139.1699981689453,2015800
2021-06-02,131.63490295410156,136.57000732421875,138.22000122070312,135.8800048828125,137.1199951171875,1395700
2021-06-03,131.442138671875,136.3699951171875,136.91000366210938,135.74000549316406,136.0,1228700
2021-06-04,132.9168701171875,137.89999389648438,138.41000366210938,137.38999938964844,137.6999969482422,1069700
2021-06-07,132.6758575439453,137.64999389648438,138.5800018310547,137.3699951171875,138.08999633789062,936000
2021-06-08,133.73611450195312,138.75,138.9199981689453,137.57000732421875,138.60000610351562,1143900
2021-06-09,135.06629943847656,140.1300048828125,140.3699951171875,138.8699951171875,139.1300048828125,961400
2021-06-10,137.89036560058594,143.05999755859375,143.35000610351562,140.00999450683594,140.32000732421875,1462400
2021-06-11,138.34339904785156,143.52999877929688,143.60000610351562,141.89999389648438,143.36000061035156,995100
2021-06-14,139.17234802246094,144.38999938964844,144.42999267578125,142.75999450683594,143.5,934200
2021-06-15,139.39402770996094,144.6199951171875,145.16000366210938,144.0399932861328,144.85000610351562,1035800
2021-06-16,138.40122985839844,143.58999633789062,145.0800018310547,142.9199981689453,144.66000366210938,1680800
2021-06-17,141.61093139648438,146.9199981689453,147.67999267578125,143.49000549316406,143.49000549316406,2822400
2021-06-18,139.76991271972656,145.00999450683594,146.8300018310547,144.94000244140625,146.30999755859375,3220700
2021-06-21,141.1193389892578,146.41000366210938,146.69000244140625,143.72999572753906,145.4199981689453,1266100
2021-06-22,141.3313751220703,146.6300048828125,147.67999267578125,145.8300018310547,146.3699951171875,1366200
2021-06-23,141.9193878173828,147.24000549316406,148.05999755859375,146.42999267578125,146.72000122070312,1455700
2021-06-24,141.36997985839844,146.6699981689453,148.3300018310547,146.57000732421875,147.9199981689453,1426800
2021-06-25,141.95790100097656,147.27999877929688,147.75999450683594,146.2100067138672,147.00999450683594,8445100
2021-06-28,142.5843963623047,147.92999267578125,148.0399932861328,146.42999267578125,147.6300048828125,1645000
2021-06-29,143.43263244628906,148.80999755859375,148.83999633789062,147.52999877929688,147.57000732421875,816700
2021-06-30,142.46875,147.80999755859375,148.77999877929688,146.66000366210938,148.67999267578125,1259300
2021-07-01,142.44943237304688,147.7899932861328,148.3699951171875,147.00999450683594,147.77000427246094,1426500
2021-07-02,143.6308135986328,148.82000732421875,148.88999938964844,147.25,148.11000061035156,1400700
2021-07-06,143.7852020263672,148.97999572753906,149.22999572753906,148.47999572753906,149.22999572753906,1973300
2021-07-07,144.2774658203125,149.49000549316406,149.6199951171875,148.08999633789062,149.58999633789062,2286300
2021-07-08,143.6404571533203,148.8300018310547,148.9600067138672,147.27999877929688,148.07000732421875,1891700
2021-07-09,144.798583984375,150.02999877929688,150.22999572753906,148.9199981689453,149.49000549316406,1596800
2021-07-12,144.29672241210938,149.50999450683594,151.0,149.1699981689453,150.64999389648438,1480500
2021-07-13,144.0651092529297,149.27000427246094,149.5399932861328,148.19000244140625,149.11000061035156,1456500
2021-07-14,143.44744873046875,148.6300048828125,149.8699951171875,148.4600067138672,149.86000061035156,1218500
2021-07-15,143.7659454345703,148.9600067138672,149.30999755859375,147.83999633789062,148.33999633789062,1733600
2021-07-16,143.73696899414062,148.92999267578125,149.82000732421875,148.27000427246094,149.3300018310547,2169800
2021-07-19,142.43405151367188,147.5800018310547,147.97000122070312,146.9499969482422,147.66000366210938,1835100
2021-07-20,144.09408569335938,149.3000030517578,151.25,147.8300018310547,148.4499969482422,2246000
2021-07-21,143.75624084472656,148.9499969482422,149.91000366210938,147.60000610351562,149.49000549316406,2255700
2021-07-22,145.0592041015625,150.3000030517578,150.5,148.6699981689453,149.7100067138672,1972800
2021-07-23,146.9990692138672,152.30999755859375,152.41000366210938,150.42999267578125,150.58999633789062,2132000
2021-07-26,145.0109100341797,150.25,152.1699981689453,149.77000427246094,151.72999572753906,1767700
2021-07-27,144.7213897705078,149.9499969482422,150.0,148.86000061035156,149.2899932861328,2085700
2021-07-28,146.17877197265625,151.4600067138672,151.97000122070312,149.5,150.0,2179700
2021-07-29,147.3465576171875,152.6699981689453,153.4600067138672,151.4199981689453,151.99000549316406,1527300
2021-07-30,147.8870391845703,153.22999572753906,153.60000610351562,152.02000427246094,152.52000427246094,2310100
2021-08-02,147.73263549804688,153.07000732421875,154.3000030517578,152.52000427246094,154.0500030517578,1438300
2021-08-03,148.49505615234375,153.86000061035156,153.97000122070312,152.75999450683594,153.7100067138672,1859700
2021-08-04,148.89076232910156,154.27000427246094,154.7100067138672,153.49000549316406,153.9600067138672,1786700
2021-08-05,149.6339111328125,155.0399932861328,155.16000366210938,153.33999633789062,154.4600067138672,1667600
2021-08-06,150.2709197998047,155.6999969482422,155.88999938964844,154.47000122070312,154.75999450683594,1209300
2021-08-09,151.0815887451172,156.5399932861328,156.8000030517578,155.00999450683594,156.0800018310547,982900
2021-08-10,151.06231689453125,156.52000427246094,157.60000610351562,155.89999389648438,156.9199981689453,1575900
2021-08-11,151.06231689453125,156.52000427246094,156.99000549316406,155.85000610351562,156.69000244140625,1402500
2021-08-12,152.6354217529297,158.14999389648438,158.52000427246094,156.1199951171875,156.50999450683594,1376100
2021-08-13,153.67782592773438,159.22999572753906,159.27000427246094,157.38999938964844,158.39999389648438,1733200
2021-08-16,156.4187774658203,162.07000732421875,162.52000427246094,158.5,159.38999938964844,2154300
2021-08-17,155.2992401123047,160.91000366210938,161.83999633789062,159.2899932861328,161.72999572753906,2614200
2021-08-18,157.3356475830078,163.02000427246094,165.36000061035156,162.08999633789062,163.1999969482422,2860900
2021-08-19,161.823486328125,167.6699981689453,169.0800018310547,161.61000061035156,161.74000549316406,2179600
2021-08-20,162.26748657226562,168.1300048828125,170.74000549316406,167.0500030517578,167.8300018310547,2023300
2021-08-23,164.072265625,170.0,170.57000732421875,168.1300048828125,169.42999267578125,2061400
2021-08-24,164.6223907470703,170.57000732421875,171.2100067138672,169.22000122070312,170.22999572753906,1238600
2021-08-25,167.2572021484375,173.3000030517578,173.5399932861328,170.07000732421875,170.07000732421875,1411800
2021-08-26,167.537109375,173.58999633789062,174.47000122070312,172.10000610351562,173.38999938964844,1273400
2021-08-27,167.74940490722656,173.80999755859375,175.10000610351562,172.99000549316406,174.02999877929688,1185800
2021-08-30,170.56756591796875,176.72999572753906,177.1199951171875,173.86000061035156,173.86000061035156,1221400
2021-08-31,169.35154724121094,175.47000122070312,177.19000244140625,174.8300018310547,177.10000610351562,1733200
2021-09-01,169.3322296142578,175.4499969482422,175.74000549316406,174.3800048828125,175.0399932861328,1429000
2021-09-02,171.81265258789062,178.02000427246094,178.33999633789062,175.6999969482422,176.4499969482422,1194000
2021-09-03,173.02871704101562,179.27999877929688,179.57000732421875,177.02999877929688,177.6699981689453,971800
2021-09-07,171.5230712890625,177.72000122070312,179.3699951171875,176.7899932861328,179.27999877929688,1252000
2021-09-08,172.49786376953125,178.72999572753906,179.17999267578125,176.57000732421875,177.4199981689453,1174600
2021-09-09,171.05018615722656,177.22999572753906,179.36000061035156,177.02000427246094,179.07000732421875,1010000
2021-09-10,171.05018615722656,177.22999572753906,179.30999755859375,177.1699981689453,177.72000122070312,1086300
2021-09-13,166.07972717285156,172.0800018310547,178.0,170.22000122070312,177.66000366210938,2274300
2021-09-14,166.40789794921875,172.4199981689453,173.97999572753906,171.75999450683594,172.5500030517578,1337400
2021-09-15,167.73008728027344,173.7899932861328,175.1300048828125,171.38999938964844,172.07000732421875,1535300
2021-09-16,167.23789978027344,173.27999877929688,173.92999267578125,171.10000610351562,173.92999267578125,1142000
2021-09-17,167.87490844726562,173.94000244140625,177.36000061035156,172.8000030517578,173.9199981689453,2405700
2021-09-20,165.3655242919922,171.33999633789062,172.5800018310547,169.11000061035156,170.5,1599400
2021-09-21,165.4620361328125,171.44000244140625,173.60000610351562,171.19000244140625,172.3000030517578,1059800
2021-09-22,166.4272003173828,172.44000244140625,173.32000732421875,170.91000366210938,172.17999267578125,981000
2021-09-23,166.7456817626953,172.77000427246094,174.35000610351562,172.49000549316406,173.5,1654600
2021-09-24,166.38858032226562,172.39999389648438,173.0800018310547,171.1999969482422,172.08999633789062,1041900
2021-09-27,160.57847595214844,166.3800048828125,171.14999389648438,164.25999450683594,171.05999755859375,1419700
2021-09-28,154.32444763183594,159.89999389648438,164.3300018310547,158.7899932861328,164.19000244140625,2541000
2021-09-29,154.42095947265625,160.0,161.80999755859375,159.8300018310547,161.38999938964844,1268200
2021-09-30,152.037109375,157.52999877929688,162.47999572753906,157.4600067138672,161.22999572753906,1542800
2021-10-01,150.55075073242188,155.99000549316406,157.5,153.0500030517578,157.14999389648438,1881900
2021-10-04,147.23040771484375,152.36000061035156,156.3000030517578,151.25999450683594,155.24000549316406,1758300
2021-10-05,147.87789916992188,153.02999877929688,155.77999877929688,152.33999633789062,153.47999572753906,1494300
2021-10-06,148.47705078125,153.64999389648438,154.25999450683594,151.6199951171875,152.5500030517578,1794700
2021-10-07,150.09080505371094,155.32000732421875,157.47999572753906,154.9600067138672,155.05999755859375,1002800
2021-10-08,147.33676147460938,152.47000122070312,156.9199981689453,152.10000610351562,156.17999267578125,904100
2021-10-11,144.96925354003906,150.02000427246094,152.36000061035156,149.8800048828125,151.49000549316406,1106300
2021-10-12,142.96890258789062,147.9499969482422,151.17999267578125,146.3000030517578,151.17999267578125,1809900
2021-10-13,145.16250610351562,150.22000122070312,150.8800048828125,148.74000549316406,149.0800018310547,1509100
2021-10-14,147.45272827148438,152.58999633789062,153.47999572753906,151.6199951171875,151.6199951171875,1434100
2021-10-15,148.10983276367188,153.27000427246094,153.88999938964844,152.5500030517578,153.13999938964844,1397800
2021-10-18,149.56895446777344,154.77999877929688,155.4199981689453,152.38999938964844,153.6300048828125,1183600
2021-10-19,150.38070678710938,155.6199951171875,157.4600067138672,155.5500030517578,155.9600067138672,1025500
2021-10-20,152.28439331054688,157.58999633789062,158.1199951171875,156.30999755859375,156.92999267578125,1053000
2021-10-21,151.65626525878906,156.94000244140625,158.02000427246094,154.52999877929688,157.7100067138672,1405100
2021-10-22,152.651611328125,157.97000122070312,158.7100067138672,156.89999389648438,156.9499969482422,772200
2021-10-25,153.00914001464844,158.33999633789062,158.52000427246094,156.75,157.89999389648438,1088100
2021-10-26,152.86419677734375,158.19000244140625,159.9199981689453,157.0399932861328,159.6300048828125,1016400
2021-10-27,150.03285217285156,155.25999450683594,158.5,154.8300018310547,158.3000030517578,1472600
2021-10-28,150.5159912109375,155.75999450683594,157.7899932861328,154.19000244140625,155.97999572753906,1752600
2021-10-29,152.187744140625,157.49000549316406,157.57000732421875,154.44000244140625,155.1300048828125,1999800
2021-11-01,151.77224731445312,157.05999755859375,158.0,155.8000030517578,157.3800048828125,1329100
2021-11-02,152.53564453125,157.85000610351562,158.0,155.44000244140625,157.5500030517578,1714200
2021-11-03,152.8738555908203,158.1999969482422,158.2899932861328,154.57000732421875,158.02999877929688,1256500
2021-11-04,152.3423614501953,157.64999389648438,158.92999267578125,156.36000061035156,157.86000061035156,1015800
2021-11-05,151.14410400390625,156.41000366210938,156.80999755859375,152.42999267578125,156.57000732421875,1775500
2021-11-08,155.52163696289062,160.94000244140625,161.14999389648438,156.5500030517578,157.0,1467000
2021-11-09,154.4296112060547,159.80999755859375,162.22999572753906,159.52000427246094,160.94000244140625,1021000
2021-11-10,153.91751098632812,159.27999877929688,159.97999572753906,156.05999755859375,159.2100067138672,1093200
2021-11-11,153.44395446777344,158.7899932861328,161.0399932861328,157.92999267578125,160.27999877929688,935500
2021-11-12,155.46363830566406,160.8800048828125,161.05999755859375,157.7100067138672,159.72999572753906,1444800
2021-11-15,152.46798706054688,157.77999877929688,162.3300018310547,157.5,161.25,1121300
2021-11-16,155.95643615722656,161.38999938964844,163.0,156.9600067138672,157.0500030517578,1276300
2021-11-17,156.1013946533203,161.5399932861328,161.9199981689453,159.89999389648438,161.9199981689453,872400
2021-11-18,156.70053100585938,162.16000366210938,162.82000732421875,160.39999389648438,162.52999877929688,1475800
2021-11-19,158.7684783935547,164.3000030517578,165.07000732421875,162.6699981689453,163.00999450683594,1647600
2021-11-22,157.2996368408203,162.77999877929688,165.67999267578125,162.77999877929688,165.0,2110400
2021-11-23,149.56895446777344,154.77999877929688,159.32000732421875,151.77000427246094,155.88999938964844,3140600
2021-11-24,147.81991577148438,152.97000122070312,154.6699981689453,151.08999633789062,153.75999450683594,2291400
2021-11-26,146.95022583007812,152.07000732421875,159.08999633789062,151.57000732421875,153.2899932861328,1632200
2021-11-29,148.25477600097656,153.4199981689453,155.3800048828125,151.55999755859375,153.05999755859375,1734600
2021-11-30,145.81961059570312,150.89999389648438,155.7100067138672,149.6999969482422,153.35000610351562,3900500
2021-12-01,143.22019958496094,148.2100067138672,152.85000610351562,148.08999633789062,151.1199951171875,1800900
2021-12-02,145.90663146972656,150.99000549316406,152.47000122070312,147.72999572753906,147.91000366210938,1514100
2021-12-03,144.302490234375,149.3300018310547,153.0,147.72000122070312,151.82000732421875,1412600
2021-12-06,146.37039184570312,151.47000122070312,152.0399932861328,147.77999877929688,149.33999633789062,1803400
2021-12-07,148.62200927734375,153.8000030517578,156.24000549316406,152.61000061035156,152.83999633789062,1422700
2021-12-08,151.04745483398438,156.30999755859375,156.38999938964844,153.9499969482422,154.75999450683594,1491500
2021-12-09,149.4047088623047,154.61000061035156,158.0,154.50999450683594,156.5,1272300
2021-12-10,150.99916076660156,156.25999450683594,156.33999633789062,154.0800018310547,154.52999877929688,1463900
2021-12-13,151.02816772460938,156.2899932861328,157.89999389648438,155.13999938964844,157.33999633789062,1413800
2021-12-14,146.76661682128906,151.8800048828125,155.74000549316406,150.10000610351562,154.88999938964844,1869100
2021-12-15,149.11483764648438,154.30999755859375,154.58999633789062,150.6199951171875,152.75999450683594,2054900
2021-12-16,145.72299194335938,150.8000030517578,155.89999389648438,150.4600067138672,154.3000030517578,2085600
2021-12-17,146.3220977783203,151.4199981689453,152.58999633789062,148.0399932861328,150.35000610351562,2628700
2021-12-20,145.35577392578125,150.4199981689453,152.17999267578125,148.5399932861328,150.75999450683594,2027200
2021-12-21,148.776611328125,153.9600067138672,154.05999755859375,150.61000061035156,151.0,1496600
2021-12-22,151.5016632080078,156.77999877929688,157.16000366210938,154.25,154.4499969482422,1907900
2021-12-23,152.48733520507812,157.8000030517578,158.86000061035156,156.64999389648438,157.2899932861328,1411000
2021-12-27,153.3956756591797,158.74000549316406,159.83999633789062,157.19000244140625,158.82000732421875,951800
2021-12-28,153.82083129882812,159.17999267578125,159.7899932861328,158.1199951171875,159.67999267578125,764300
2021-12-29,155.24134826660156,160.64999389648438,161.38999938964844,159.17999267578125,159.8300018310547,833100
2021-12-30,155.46363830566406,160.8800048828125,162.6199951171875,160.60000610351562,161.11000061035156,771000
2021-12-31,154.2750244140625,159.64999389648438,161.4499969482422,159.52000427246094,160.35000610351562,1315500
2022-01-03,151.41090393066406,156.47999572753906,159.44000244140625,153.92999267578125,159.0,1606300
2022-01-04,146.29226684570312,151.19000244140625,155.6300048828125,149.6999969482422,155.49000549316406,2234000
2022-01-05,143.7861785888672,148.60000610351562,153.10000610351562,148.52999877929688,150.8300018310547,2370500
2022-01-06,144.28932189941406,149.1199951171875,149.9600067138672,145.5800018310547,148.85000610351562,2298300
2022-01-07,140.4479522705078,145.14999389648438,149.72999572753906,145.08999633789062,149.1199951171875,2058600
2022-01-10,140.45765686035156,145.16000366210938,145.30999755859375,140.86000061035156,143.2899932861328,2548100
2022-01-11,141.8896484375,146.63999938964844,146.94000244140625,143.80999755859375,145.0,2194200
2022-01-12,144.66668701171875,149.50999450683594,150.38999938964844,147.5500030517578,147.8000030517578,2250800
2022-01-13,140.46730041503906,145.1699981689453,149.5399932861328,144.85000610351562,149.4600067138672,1741800
2022-01-14,139.9931640625,144.67999267578125,145.14999389648438,142.36000061035156,144.0399932861328,2225400
2022-01-18,135.91954040527344,140.47000122070312,143.24000549316406,140.33999633789062,142.4199981689453,1907400
2022-01-19,135.88084411621094,140.42999267578125,143.60000610351562,140.25999450683594,140.6699981689453,1472100
2022-01-20,134.96160888671875,139.47999572753906,143.13999938964844,139.0500030517578,141.3800048828125,1861200
2022-01-21,133.05545043945312,137.50999450683594,140.49000549316406,137.49000549316406,139.5399932861328,1878600
2022-01-24,133.6456756591797,138.1199951171875,138.49000549316406,131.27999877929688,136.3800048828125,2155300
2022-01-25,130.21070861816406,134.57000732421875,136.6199951171875,132.64999389648438,135.36000061035156,1705300
2022-01-26,129.18499755859375,133.50999450683594,138.0500030517578,132.27000427246094,135.5399932861328,1999500
2022-01-27,127.81098937988281,132.08999633789062,136.36000061035156,131.67999267578125,135.27999877929688,1715800
2022-01-28,132.61997985839844,137.05999755859375,137.39999389648438,131.22000122070312,133.0,2174800
2022-01-31,134.8068084716797,139.32000732421875,139.47000122070312,136.97000122070312,137.32000732421875,1703000
2022-02-01,136.46144104003906,141.02999877929688,141.27000427246094,138.4499969482422,140.52999877929688,1655900
2022-02-02,139.5674285888672,144.24000549316406,144.75999450683594,140.77999877929688,140.99000549316406,1475700
2022-02-03,137.19677734375,141.7899932861328,143.77999877929688,141.00999450683594,142.0,914300
2022-02-04,136.5485076904297,141.1199951171875,142.35000610351562,139.6699981689453,141.47999572753906,1087400
2022-02-07,135.82281494140625,140.3699951171875,142.49000549316406,139.80999755859375,141.5,1444100
2022-02-08,136.24853515625,140.80999755859375,141.41000366210938,138.2899932861328,139.11000061035156,1515400
2022-02-09,139.76097106933594,144.44000244140625,145.10000610351562,142.14999389648438,142.72999572753906,1216900
2022-02-10,137.0709991455078,141.66000366210938,144.0399932861328,140.5800018310547,141.55999755859375,1063700
2022-02-11,132.7554931640625,137.1999969482422,142.50999450683594,136.24000549316406,141.1199951171875,1321900
2022-02-14,130.82998657226562,135.2100067138672,137.69000244140625,134.10000610351562,136.9600067138672,2205300
2022-02-15,131.50726318359375,135.91000366210938,138.05999755859375,134.72999572753906,137.25,2368200
2022-02-16,130.77186584472656,135.14999389648438,135.60000610351562,132.11000061035156,135.5500030517578,3187500
2022-02-17,126.03062438964844,130.25,134.63999938964844,129.7100067138672,134.63999938964844,2577800
2022-02-18,127.7723388671875,132.0500030517578,133.42999267578125,130.0,130.5,3614100
2022-02-22,126.26283264160156,130.49000549316406,132.69000244140625,129.25999450683594,130.8699951171875,3054800
2022-02-23,121.91830444335938,126.0,134.3699951171875,125.94999694824219,129.8800048828125,3938700
2022-02-24,123.9986572265625,128.14999389648438,128.6300048828125,123.05999755859375,123.69999694824219,3430200
2022-02-25,129.3979034423828,133.72999572753906,133.75,127.91999816894531,128.83999633789062,3144500
2022-02-28,126.13706970214844,130.36000061035156,132.8800048828125,129.16000366210938,132.02999877929688,3096400
2022-03-01,127.65620422363281,131.92999267578125,132.9199981689453,130.08999633789062,130.8300018310547,2634100
2022-03-02,128.8463592529297,133.16000366210938,133.9600067138672,131.8000030517578,132.67999267578125,1863100
2022-03-03,132.72640991210938,137.1699981689453,138.0,133.44000244140625,133.72999572753906,3592100
2022-03-04,129.55271911621094,133.88999938964844,137.1199951171875,132.13999938964844,135.85000610351562,3848500
2022-03-07,126.11769104003906,130.33999633789062,133.5500030517578,128.42999267578125,133.5500030517578,2376500
2022-03-08,125.13075256347656,129.32000732421875,132.5,127.54000091552734,128.63999938964844,2375500
2022-03-09,128.943115234375,133.25999450683594,133.94000244140625,131.19000244140625,132.85000610351562,1805500
2022-03-10,129.97845458984375,134.3300018310547,134.52000427246094,131.2899932861328,131.39999389648438,1933100
2022-03-11,126.08868408203125,130.30999755859375,136.44000244140625,130.16000366210938,135.42999267578125,1815700
2022-03-14,123.44711303710938,127.58000183105469,132.25999450683594,126.9000015258789,131.0,1737100
2022-03-15,126.05963897705078,130.27999877929688,131.14999389648438,128.8699951171875,129.22000122070312,1649200
2022-03-16,130.62673950195312,135.0,135.61000061035156,131.3000030517578,131.92999267578125,1673000
2022-03-17,132.38780212402344,136.82000732421875,136.85000610351562,133.61000061035156,134.0,1167900
2022-03-18,134.61329650878906,139.1199951171875,139.38999938964844,136.2100067138672,136.2100067138672,2766600
2022-03-21,133.66505432128906,138.13999938964844,139.7899932861328,137.00999450683594,137.6300048828125,1285100
2022-03-22,134.7777557373047,139.2899932861328,140.1999969482422,137.64999389648438,138.00999450683594,1977700
2022-03-23,129.83331298828125,134.17999267578125,137.9600067138672,133.4499969482422,137.85000610351562,1337400
2022-03-24,131.99107360839844,136.41000366210938,136.5800018310547,133.58999633789062,134.88999938964844,1346700
2022-03-25,131.31373596191406,135.7100067138672,137.66000366210938,133.6999969482422,137.3000030517578,1403700
2022-03-28,131.03314208984375,135.4199981689453,137.25,134.4600067138672,136.25,1568100
2022-03-29,133.9359588623047,138.4199981689453,139.32000732421875,137.2100067138672,138.22000122070312,1608600
2022-03-30,131.0718536376953,135.4600067138672,138.22000122070312,134.52000427246094,137.92999267578125,1439800
2022-03-31,128.04324340820312,132.3300018310547,136.7899932861328,132.2899932861328,135.1699981689453,3046400
2022-04-01,129.63009643554688,133.97000122070312,134.60000610351562,131.86000061035156,134.17999267578125,1466900
2022-04-04,130.647705078125,134.80999755859375,135.39999389648438,132.88999938964844,133.86000061035156,1388000
2022-04-05,129.14552307128906,133.25999450683594,135.4199981689453,132.85000610351562,134.08999633789062,1797200
2022-04-06,128.612548828125,132.7100067138672,133.32000732421875,129.86000061035156,132.00999450683594,2249500
2022-04-07,131.7331085205078,135.92999267578125,137.0800018310547,132.22999572753906,132.89999389648438,1956200
2022-04-08,130.70584106445312,134.8699951171875,136.99000549316406,134.64999389648438,135.7100067138672,2070900
2022-04-11,127.20729064941406,131.25999450683594,133.8800048828125,130.4600067138672,133.22000122070312,2308200
2022-04-12,121.51853942871094,125.38999938964844,132.19000244140625,125.02999877929688,131.69000244140625,2657500
2022-04-13,124.32899475097656,128.2899932861328,128.52999877929688,124.91000366210938,125.26000213623047,2735900
2022-04-14,122.53611755371094,126.44000244140625,128.9600067138672,125.56999969482422,128.4199981689453,3360700
2022-04-18,120.01640319824219,123.83999633789062,126.75,123.12999725341797,126.44000244140625,1597100
2022-04-19,122.62335205078125,126.52999877929688,126.83000183105469,123.69999694824219,123.70999908447266,1580000
2022-04-20,125.37565612792969,129.3699951171875,130.32000732421875,126.83999633789062,127.70999908447266,2026100
2022-04-21,121.42164611816406,125.29000091552734,131.02999877929688,124.8499984741211,130.36000061035156,2177700
2022-04-22,117.57421112060547,121.31999969482422,125.0999984741211,121.1500015258789,124.7699966430664,1947200
2022-04-25,117.70018768310547,121.44999694824219,121.61000061035156,118.2300033569336,119.52999877929688,2236900
2022-04-26,114.29856872558594,117.94000244140625,121.27999877929688,117.23999786376953,121.0,2931900
2022-04-27,114.04660034179688,117.68000030517578,120.8499984741211,117.52999877929688,118.19999694824219,2007500
2022-04-28,117.32223510742188,121.05999755859375,121.55999755859375,117.93000030517578,119.5199966430664,3152200
2022-04-29,115.58749389648438,119.2699966430664,123.88999938964844,119.05000305175781,120.70999908447266,2269200
2022-05-02,115.87825012207031,119.56999969482422,120.33999633789062,116.48999786376953,118.37999725341797,1756200
2022-05-03,118.620849609375,122.4000015258789,123.9800033569336,119.08999633789062,119.72000122070312,3217800
2022-05-04,122.40044403076172,126.30000305175781,126.69000244140625,121.44000244140625,121.69000244140625,2460400
2022-05-05,118.37859344482422,122.1500015258789,125.20999908447266,120.80000305175781,124.62000274658203,2123600
2022-05-06,117.34161376953125,121.08000183105469,121.87999725341797,118.0,120.87999725341797,1629000
2022-05-09,109.6176986694336,113.11000061035156,119.12999725341797,112.63999938964844,119.12999725341797,1861700
2022-05-10,113.03871154785156,116.63999938964844,117.94000244140625,113.13999938964844,115.44000244140625,2141800
2022-05-11,110.47052001953125,113.98999786376953,118.0,113.83999633789062,115.69999694824219,1607000
2022-05-12,112.54443359375,116.12999725341797,116.25,112.77999877929688,113.61000061035156,1338000
2022-05-13,115.69412231445312,119.37999725341797,120.72000122070312,117.2699966430664,117.37999725341797,1328400
2022-05-16,116.58570861816406,120.30000305175781,121.02999877929688,118.83000183105469,119.62999725341797,2011600
2022-05-17,119.27986145019531,123.08000183105469,123.69999694824219,121.44999694824219,122.69999694824219,2216200
2022-05-18,117.06057739257812,120.79000091552734,121.91000366210938,120.30999755859375,121.19000244140625,1336000
2022-05-19,118.620849609375,122.4000015258789,123.58000183105469,119.52999877929688,120.30999755859375,2310100
2022-05-20,121.26658630371094,125.12999725341797,125.58000183105469,122.44000244140625,124.02999877929688,2594600
2022-05-23,122.09033966064453,125.9800033569336,126.47000122070312,123.76000213623047,126.44999694824219,2037000
2022-05-24,120.56881713867188,124.41000366210938,126.0,123.80000305175781,125.31999969482422,2187700
2022-05-25,116.66323852539062,120.37999725341797,127.45999908447266,119.18000030517578,127.20999908447266,3524500
2022-05-26,120.02608489990234,123.8499984741211,124.22000122070312,120.72000122070312,120.75,1768000
2022-05-27,126.51924133300781,130.5500030517578,130.77000427246094,124.48999786376953,124.91999816894531,2698800
2022-05-31,123.62154388427734,127.55999755859375,130.07000732421875,126.72000122070312,128.91000366210938,3403100
2022-06-01,119.28955078125,123.08999633789062,128.97999572753906,122.43000030517578,127.86000061035156,1757600
2022-06-02,125.11398315429688,129.10000610351562,129.19000244140625,122.30000305175781,122.95999908447266,1444400
2022-06-03,124.52284240722656,128.49000549316406,128.72000122070312,126.41999816894531,127.62000274658203,1722800
2022-06-06,123.68939208984375,127.62999725341797,130.0,126.97000122070312,129.3800048828125,1310600
2022-06-07,124.920166015625,128.89999389648438,131.1999969482422,126.56999969482422,126.56999969482422,1236300
2022-06-08,122.92377471923828,126.83999633789062,128.63999938964844,126.4000015258789,127.87999725341797,1049500
2022-06-09,120.30713653564453,124.13999938964844,126.91999816894531,124.12999725341797,126.08999633789062,814400
2022-06-10,116.84735870361328,120.56999969482422,121.93000030517578,119.9000015258789,121.62999725341797,1379600
2022-06-13,112.6898193359375,116.27999877929688,117.69999694824219,115.37999725341797,116.4800033569336,1405800
2022-06-14,112.42815399169922,116.01000213623047,116.69999694824219,113.25,115.98999786376953,1314000
2022-06-15,112.87395477294922,116.47000122070312,117.7699966430664,113.7699966430664,117.23999786376953,1886300
2022-06-16,111.41057586669922,114.95999908447266,115.08000183105469,113.36000061035156,113.80000305175781,1601600
2022-06-17,109.23004150390625,112.70999908447266,116.7300033569336,112.66999816894531,114.7699966430664,2681500
2022-06-21,110.36392211914062,113.87999725341797,115.56999969482422,113.76000213623047,114.41000366210938,1588200
2022-06-22,110.28639221191406,113.80000305175781,115.08000183105469,112.5199966430664,112.66000366210938,2585300
2022-06-23,114.93818664550781,118.5999984741211,118.75,114.2699966430664,114.5999984741211,1801600
2022-06-24,117.5451431274414,121.29000091552734,121.3499984741211,118.44999694824219,119.94999694824219,3780400
2022-06-27,116.84735870361328,120.56999969482422,122.30000305175781,119.8499984741211,121.83000183105469,1805700
2022-06-28,113.44573974609375,117.05999755859375,121.23999786376953,116.72000122070312,120.44999694824219,1426100
2022-06-29,114.25979614257812,117.9000015258789,118.54000091552734,116.23999786376953,117.19000244140625,906600
2022-06-30,115.10293579101562,118.7699966430664,119.94999694824219,116.0,116.0,1612000
2022-07-01,115.7339859008789,119.20999908447266,119.76000213623047,116.69999694824219,118.79000091552734,1119800
2022-07-05,117.04460144042969,120.55999755859375,120.68000030517578,116.48999786376953,117.75,1484900
2022-07-06,117.64653778076172,121.18000030517578,122.33999633789062,120.55999755859375,120.80000305175781,1642300
2022-07-07,119.55911254882812,123.1500015258789,123.22000122070312,120.62000274658203,120.98999786376953,1221200
2022-07-08,118.937744140625,122.51000213623047,123.20999908447266,120.95999908447266,120.95999908447266,1267300
2022-07-11,119.52996826171875,123.12000274658203,123.45999908447266,121.01000213623047,121.61000061035156,1304400
2022-07-12,115.76309967041016,119.23999786376953,123.41000366210938,118.75,122.43000030517578,1196800
2022-07-13,115.19031524658203,118.6500015258789,119.69999694824219,116.86000061035156,117.41000366210938,1378000
2022-07-14,112.5010757446289,115.87999725341797,117.7300033569336,113.0199966430664,117.0999984741211,1347300
2022-07-15,115.36507415771484,118.83000183105469,118.87999725341797,116.0,117.77999877929688,969400
2022-07-18,111.75353240966797,115.11000061035156,119.38999938964844,114.45999908447266,118.94999694824219,1178200
2022-07-19,115.5883560180664,119.05999755859375,119.33999633789062,116.37000274658203,116.98999786376953,1296900
2022-07-20,116.3650131225586,119.86000061035156,121.20999908447266,119.25,119.93000030517578,1316600
2022-07-21,123.48128509521484,127.19000244140625,127.33999633789062,122.12000274658203,122.12000274658203,1682500
2022-07-22,121.39397430419922,125.04000091552734,128.5399932861328,124.30999755859375,127.41000366210938,1079500
2022-07-25,120.63671875,124.26000213623047,125.41000366210938,123.19000244140625,125.05000305175781,1044000
2022-07-26,121.52017974853516,125.16999816894531,125.62999725341797,123.37000274658203,124.66000366210938,1260000
2022-07-27,123.98614501953125,127.70999908447266,128.3300018310547,124.70999908447266,125.04000091552734,1395900
2022-07-28,127.28699493408203,131.11000061035156,131.82000732421875,126.77999877929688,128.1699981689453,1861400
2022-07-29,130.1897735595703,134.10000610351562,134.5,130.89999389648438,131.27000427246094,2214900
2022-08-01,129.5393524169922,133.42999267578125,135.22999572753906,133.25999450683594,133.50999450683594,1081700
2022-08-02,127.45204162597656,131.27999877929688,134.67999267578125,131.08999633789062,132.41000366210938,1398600
2022-08-03,130.63636779785156,134.55999755859375,135.25999450683594,133.02000427246094,133.4499969482422,2113200
2022-08-04,129.86944580078125,133.77000427246094,135.0,132.74000549316406,134.69000244140625,895600
2022-08-05,129.714111328125,133.61000061035156,133.83999633789062,131.75,132.27000427246094,675800
2022-08-08,128.65586853027344,132.52000427246094,134.4199981689453,132.13999938964844,134.1999969482422,1257100
2022-08-09,125.12200927734375,128.8800048828125,132.5,128.02000427246094,132.5,894700
2022-08-10,128.71412658691406,132.5800018310547,132.77000427246094,130.14999389648438,131.3699951171875,1022000
2022-08-11,128.10247802734375,131.9499969482422,135.1300048828125,131.58999633789062,132.91000366210938,1162500
2022-08-12,129.65585327148438,133.5500030517578,133.6300048828125,131.42999267578125,132.25999450683594,865800
2022-08-15,129.99560546875,133.89999389648438,134.6199951171875,132.6699981689453,133.27999877929688,1291100
2022-08-16,128.89859008789062,132.77000427246094,133.4199981689453,131.66000366210938,132.88999938964844,1810000
2022-08-17,138.1409912109375,142.2899932861328,149.0,140.02999877929688,148.83999633789062,4110100
2022-08-18,135.88864135742188,139.97000122070312,141.9600067138672,138.75999450683594,141.8800048828125,1740300
2022-08-19,133.60716247558594,137.6199951171875,139.72999572753906,137.25999450683594,139.35000610351562,1477500
2022-08-22,130.0344696044922,133.94000244140625,136.02999877929688,133.55999755859375,135.3000030517578,1250700
2022-08-23,128.7724151611328,132.63999938964844,134.10000610351562,132.0399932861328,133.11000061035156,1188300
2022-08-24,129.7723388671875,133.6699981689453,134.5399932861328,132.64999389648438,133.02000427246094,1020500
2022-08-25,132.0441131591797,136.00999450683594,136.0800018310547,133.99000549316406,135.3000030517578,969100
2022-08-26,126.08312225341797,129.8699951171875,136.0500030517578,129.77999877929688,136.0,1252700
2022-08-29,124.37448120117188,128.11000061035156,129.35000610351562,127.18000030517578,128.42999267578125,926000
2022-08-30,124.53951263427734,128.27999877929688,129.02000427246094,127.16000366210938,128.50999450683594,1772400
2022-08-31,124.51039123535156,128.25,130.22999572753906,128.0,129.3800048828125,1890700
2022-09-01,125.17053985595703,128.92999267578125,129.11000061035156,126.20999908447266,127.62999725341797,1282000
2022-09-02,124.27738189697266,128.00999450683594,130.27000427246094,127.12000274658203,129.7899932861328,1695900
2022-09-06,125.52978515625,129.3000030517578,130.57000732421875,127.72000122070312,129.3800048828125,1533500
2022-09-07,127.59765625,131.42999267578125,131.82000732421875,128.61000061035156,128.97000122070312,1254600
2022-09-08,131.248046875,135.19000244140625,135.27000427246094,130.7100067138672,130.92999267578125,1355100
2022-09-09,133.6168670654297,137.6300048828125,137.9199981689453,135.42999267578125,135.97999572753906,2425200
2022-09-12,135.79151916503906,139.8699951171875,140.0,137.22999572753906,137.52999877929688,1851100
2022-09-13,129.6461181640625,133.5399932861328,137.41000366210938,133.44000244140625,136.32000732421875,1587000
2022-09-14,129.3645782470703,133.25,135.36000061035156,132.10000610351562,133.8000030517578,1577000
2022-09-15,129.27723693847656,133.16000366210938,135.50999450683594,132.66000366210938,133.80999755859375,1446500
2022-09-16,126.1025619506836,129.88999938964844,132.1300048828125,128.27999877929688,132.1199951171875,2300600
2022-09-19,126.90837860107422,130.72000122070312,130.7899932861328,128.36000061035156,128.7899932861328,1059600
2022-09-20,124.4035873413086,128.13999938964844,129.60000610351562,126.81999969482422,129.10000610351562,1274700
2022-09-21,122.79199981689453,126.4800033569336,130.57000732421875,126.33000183105469,128.72999572753906,1105700
2022-09-22,120.76293182373047,124.38999938964844,126.04000091552734,123.76000213623047,125.55000305175781,1378600
2022-09-23,119.87948608398438,123.4800033569336,124.43000030517578,121.44000244140625,123.7300033569336,1481900
2022-09-26,118.74358367919922,122.30999755859375,124.25,121.62999725341797,123.18000030517578,1733100
2022-09-27,118.06400299072266,121.61000061035156,124.06999969482422,120.5999984741211,123.87000274658203,1040500
2022-09-28,120.11248016357422,123.72000122070312,124.43000030517578,121.5999984741211,122.7699966430664,1361200
2022-09-29,119.16104125976562,122.73999786376953,124.23999786376953,122.27999877929688,122.80999755859375,1312800
2022-09-30,118.00575256347656,121.55000305175781,125.12999725341797,121.37999725341797,123.0199966430664,1624200
2022-10-03,122.90725708007812,126.37999725341797,127.30000305175781,121.68000030517578,122.7300033569336,1343200
2022-10-04,127.79906463623047,131.41000366210938,131.55999755859375,128.57000732421875,128.7899932861328,1647800
2022-10-05,128.9952392578125,132.63999938964844,133.52999877929688,129.5,129.99000549316406,1567700
2022-10-06,128.5478515625,132.17999267578125,133.82000732421875,131.60000610351562,132.3000030517578,1218400
2022-10-07,123.9381332397461,127.44000244140625,130.92999267578125,126.95999908447266,130.4499969482422,1154700
2022-10-10,122.48905944824219,125.94999694824219,128.0500030517578,124.30999755859375,128.0500030517578,1246000
2022-10-11,122.1875991821289,125.63999938964844,127.88999938964844,124.16000366210938,125.0,1985300
2022-10-12,122.23622131347656,125.69000244140625,127.0999984741211,125.2699966430664,126.19999694824219,1069600
2022-10-13,124.38548278808594,127.9000015258789,128.8300018310547,122.3499984741211,123.0,1553600
2022-10-14,122.2459487915039,125.69999694824219,130.22000122070312,125.47000122070312,129.0,1217200
2022-10-17,126.97240447998047,130.55999755859375,131.08999633789062,127.37999725341797,127.37999725341797,1197900
2022-10-18,128.66456604003906,132.3000030517578,134.67999267578125,131.1999969482422,133.9199981689453,1038100
2022-10-19,125.41638946533203,128.9600067138672,130.27000427246094,127.23999786376953,130.11000061035156,1034000
2022-10-20,122.47933959960938,125.94000244140625,129.74000549316406,125.61000061035156,127.83000183105469,1897200
2022-10-21,126.31109619140625,129.8800048828125,130.1300048828125,124.81999969482422,126.37000274658203,1067000
2022-10-24,128.66456604003906,132.3000030517578,133.1300048828125,129.80999755859375,131.1300048828125,1045300
2022-10-25,130.80413818359375,134.5,135.10000610351562,132.3000030517578,132.3000030517578,1206000
2022-10-26,133.90647888183594,137.69000244140625,139.30999755859375,134.0,134.42999267578125,1381900
2022-10-27,132.73947143554688,136.49000549316406,137.99000549316406,135.3300018310547,137.25999450683594,930700
2022-10-28,134.9568328857422,138.77000427246094,139.1199951171875,135.02000427246094,136.3800048828125,901900
2022-10-31,134.54833984375,138.35000610351562,138.92999267578125,137.35000610351562,137.69000244140625,1307600
2022-11-01,137.0185546875,140.88999938964844,141.35000610351562,138.05999755859375,139.5,1182900
2022-11-02,131.552978515625,135.27000427246094,140.94000244140625,135.2100067138672,140.61000061035156,1806100
2022-11-03,130.7652130126953,134.4600067138672,135.8699951171875,130.66000366210938,133.77000427246094,1199400
2022-11-04,132.3406982421875,136.0800018310547,137.00999450683594,133.11000061035156,135.64999389648438,1272100
2022-11-07,134.23715209960938,138.02999877929688,138.0800018310547,135.55999755859375,136.85000610351562,1213600
2022-11-08,134.9373321533203,138.75,140.69000244140625,136.60000610351562,138.5,1028100
2022-11-09,133.23545837402344,137.0,139.4199981689453,136.66000366210938,138.30999755859375,971200
2022-11-10,142.27992248535156,146.3000030517578,146.72000122070312,142.52999877929688,142.8699951171875,1591900
2022-11-11,144.2346649169922,148.30999755859375,149.74000549316406,146.35000610351562,147.1199951171875,1227500
2022-11-14,142.35768127441406,146.3800048828125,149.7100067138672,146.3000030517578,149.00999450683594,1220300
2022-11-15,143.93316650390625,148.0,149.4600067138672,146.5,148.27000427246094,1299200
2022-11-16,143.0773468017578,147.1199951171875,148.75,146.35000610351562,148.19000244140625,1476700
2022-11-17,140.47100830078125,144.44000244140625,145.55999755859375,142.16000366210938,145.3300018310547,1465000
2022-11-18,142.1728973388672,146.19000244140625,147.9600067138672,144.14999389648438,146.67999267578125,1283400
2022-11-21,141.15176391601562,145.13999938964844,147.16000366210938,144.42999267578125,145.6199951171875,1691900
2022-11-22,152.5497283935547,156.86000061035156,157.44000244140625,151.97999572753906,151.97999572753906,3512500
2022-11-23,151.08120727539062,155.35000610351562,157.27999877929688,154.35000610351562,156.6699981689453,1444100
2022-11-25,152.64697265625,156.9600067138672,156.9600067138672,154.7100067138672,155.08999633789062,642700
2022-11-28,148.11502075195312,152.3000030517578,156.85000610351562,151.72999572753906,155.8699951171875,1386300
2022-11-29,146.79241943359375,150.94000244140625,152.89999389648438,150.49000549316406,151.8800048828125,954600
2022-11-30,150.7213897705078,154.97999572753906,154.97999572753906,149.10000610351562,151.3800048828125,2867700
2022-12-01,151.83004760742188,156.1199951171875,156.99000549316406,154.4199981689453,156.72999572753906,1372400
2022-12-02,151.39244079589844,155.6699981689453,156.72999572753906,153.58999633789062,153.97000122070312,1183200
2022-12-05,148.50401306152344,152.6999969482422,153.88999938964844,151.25,153.83999633789062,1124700
2022-12-06,147.1911163330078,151.35000610351562,153.0,149.91000366210938,152.14999389648438,1172300
2022-12-07,149.50572204589844,153.72999572753906,154.35000610351562,151.1300048828125,151.22999572753906,1011100
2022-12-08,151.98565673828125,156.27999877929688,156.99000549316406,153.47999572753906,154.4199981689453,1289900
2022-12-09,148.74716186523438,152.9499969482422,156.6999969482422,152.67999267578125,155.6699981689453,1020200
2022-12-12,151.061767578125,155.3300018310547,155.97999572753906,153.42999267578125,154.00999450683594,1071400
2022-12-13,153.32772827148438,157.66000366210938,160.25999450683594,156.75999450683594,159.1999969482422,1534200
2022-12-14,150.55604553222656,154.80999755859375,158.44000244140625,154.16000366210938,157.25999450683594,1344400
2022-12-15,146.71456909179688,150.86000061035156,153.0399932861328,150.24000549316406,152.80999755859375,1483900
2022-12-16,145.19744873046875,149.3000030517578,149.9499969482422,147.91000366210938,149.61000061035156,2436700
2022-12-19,142.91201782226562,146.9499969482422,149.1300048828125,146.24000549316406,148.91000366210938,1277300
2022-12-20,143.8650665283203,147.92999267578125,149.17999267578125,145.8800048828125,147.27000427246094,1548200
2022-12-21,145.96575927734375,150.08999633789062,150.27000427246094,147.88999938964844,148.94000244140625,1248100
2022-12-22,144.91539001464844,149.00999450683594,149.19000244140625,146.61000061035156,148.41000366210938,1166800
2022-12-23,145.12939453125,149.22999572753906,150.25,148.22000122070312,149.00999450683594,779400
2022-12-27,145.44058227539062,149.5500030517578,149.80999755859375,147.3000030517578,149.22999572753906,879500
2022-12-28,144.02072143554688,148.08999633789062,151.3699951171875,147.63999938964844,149.77999877929688,784300
2022-12-29,146.93826293945312,151.08999633789062,151.89999389648438,149.02000427246094,149.61000061035156,854400
2022-12-30,145.75491333007812,149.64999389648438,149.85000610351562,147.8300018310547,149.75999450683594,699800
2023-01-03,146.1347198486328,150.0399932861328,153.1300048828125,148.47000122070312,151.9600067138672,1414300
2023-01-04,147.72230529785156,151.6699981689453,153.0399932861328,150.24000549316406,151.64999389648438,1247400
2023-01-05,148.15086364746094,152.11000061035156,153.07000732421875,148.77000427246094,150.0,1714600
2023-01-06,143.82643127441406,147.6699981689453,154.63999938964844,143.00999450683594,154.36000061035156,2445000
2023-01-09,143.631591796875,147.47000122070312,151.27999877929688,147.1999969482422,149.69000244140625,1269600
2023-01-10,151.1896514892578,155.22999572753906,155.5500030517578,148.75,150.17999267578125,1565700
2023-01-11,154.05313110351562,158.1699981689453,158.5800018310547,155.22999572753906,155.22999572753906,1241900
2023-01-12,152.4168701171875,156.49000549316406,158.60000610351562,155.5800018310547,158.16000366210938,809100
2023-01-13,152.83566284179688,156.9199981689453,157.27999877929688,154.5,155.5399932861328,921700
2023-01-17,151.355224609375,155.39999389648438,158.11000061035156,155.02999877929688,156.67999267578125,1602200
2023-01-18,150.05984497070312,154.07000732421875,158.16000366210938,153.63999938964844,156.25999450683594,1150700
2023-01-19,148.89108276367188,152.8699951171875,154.9199981689453,152.13999938964844,153.5800018310547,1017400
2023-01-20,151.86170959472656,155.9199981689453,156.00999450683594,152.41000366210938,153.5,1343700
2023-01-23,154.91995239257812,159.05999755859375,159.58999633789062,155.6699981689453,156.0,974900
2023-01-24,151.6376953125,155.69000244140625,158.50999450683594,154.4600067138672,156.27000427246094,1121500
2023-01-25,151.70584106445312,155.75999450683594,156.5399932861328,152.8300018310547,154.0,736200
2023-01-26,152.1636199951172,156.22999572753906,157.66000366210938,155.19000244140625,156.97000122070312,776300
2023-01-27,151.6376953125,155.69000244140625,156.9600067138672,154.80999755859375,155.75,646200
2023-01-30,147.7904815673828,151.74000549316406,155.52000427246094,150.8800048828125,154.5,1401100
2023-01-31,148.12167358398438,152.0800018310547,153.4600067138672,150.2100067138672,151.61000061035156,1995400
2023-02-01,151.4039306640625,155.4499969482422,156.2899932861328,151.72000122070312,153.30999755859375,1499900
2023-02-02,151.45262145996094,155.5,157.30999755859375,154.77000427246094,156.66000366210938,1725600
2023-02-03,150.52734375,154.5500030517578,155.4199981689453,152.74000549316406,153.1699981689453,992800
2023-02-06,148.27749633789062,152.24000549316406,154.39999389648438,151.36000061035156,152.72999572753906,771500
2023-02-07,150.48838806152344,154.50999450683594,154.9600067138672,151.1300048828125,151.49000549316406,1126700
2023-02-08,150.40072631835938,154.4199981689453,155.1699981689453,153.22999572753906,153.63999938964844,1073500
2023-02-09,148.41384887695312,152.3800048828125,156.32000732421875,151.5399932861328,155.6699981689453,852200
2023-02-10,148.5794219970703,152.5500030517578,152.99000549316406,151.07000732421875,151.8000030517578,934800
2023-02-13,150.5760498046875,154.60000610351562,154.66000366210938,152.00999450683594,153.27000427246094,925400
2023-02-14,149.05665588378906,153.0399932861328,155.75,151.4499969482422,154.33999633789062,895400
2023-02-15,147.80023193359375,151.75,152.32000732421875,150.3000030517578,152.22000122070312,982400
2023-02-16,144.42054748535156,148.27999877929688,150.16000366210938,147.22999572753906,148.80999755859375,1101700
2023-02-17,144.4010467529297,148.25999450683594,148.94000244140625,146.49000549316406,147.25999450683594,1194800
2023-02-21,139.68702697753906,143.4199981689453,146.64999389648438,142.6300048828125,146.60000610351562,1693800
2023-02-22,138.38192749023438,142.0800018310547,143.44000244140625,140.9499969482422,143.3699951171875,1691300
2023-02-23,139.4727783203125,143.1999969482422,143.5800018310547,141.30999755859375,142.08999633789062,1511500
2023-02-24,137.52479553222656,141.1999969482422,142.24000549316406,138.72000122070312,141.4600067138672,1522100
2023-02-27,138.4792938232422,142.17999267578125,143.75999450683594,141.80999755859375,142.8800048828125,1149600
2023-02-28,138.27479553222656,141.97000122070312,143.3800048828125,141.38999938964844,141.75,2342500
2023-03-01,133.93084716796875,137.50999450683594,139.99000549316406,136.25,138.5800018310547,3132800
2023-03-02,137.9825897216797,141.6699981689453,141.72000122070312,136.0800018310547,136.3000030517578,1879200
2023-03-03,140.18377685546875,143.92999267578125,144.44000244140625,141.97999572753906,142.5399932861328,1147800
2023-03-06,139.501953125,143.22999572753906,145.44000244140625,142.67999267578125,143.35000610351562,1153600
2023-03-07,136.67747497558594,140.3300018310547,143.66000366210938,140.22999572753906,143.55999755859375,1088400
2023-03-08,137.23260498046875,140.89999389648438,141.5800018310547,139.3800048828125,140.14999389648438,1135900
2023-03-09,135.3138885498047,138.92999267578125,142.0,138.3000030517578,141.25999450683594,1328900
2023-03-10,132.18746948242188,135.72000122070312,139.44000244140625,134.7100067138672,139.19000244140625,1896000
2023-03-13,133.1322021484375,136.69000244140625,138.27999877929688,134.75999450683594,135.5500030517578,1771400
2023-03-14,134.79766845703125,138.39999389648438,139.60000610351562,136.42999267578125,138.44000244140625,1255400
2023-03-15,130.5414581298828,134.02999877929688,135.92999267578125,132.1999969482422,135.92999267578125,2016700
2023-03-16,133.25881958007812,136.82000732421875,137.0500030517578,132.3699951171875,133.97000122070312,1789300
2023-03-17,129.7135467529297,133.17999267578125,136.9199981689453,132.72999572753906,136.88999938964844,2046000
2023-03-20,131.03817749023438,134.5399932861328,135.3800048828125,132.72999572753906,133.13999938964844,1704500
2023-03-21,133.4438934326172,137.00999450683594,137.4199981689453,135.22000122070312,135.55999755859375,1392300
2023-03-22,130.24928283691406,133.72999572753906,137.5399932861328,133.60000610351562,136.9600067138672,1268500
2023-03-23,127.71696472167969,131.1300048828125,135.07000732421875,129.3699951171875,134.66000366210938,3297900
2023-03-24,128.5253448486328,131.9600067138672,131.97999572753906,128.22000122070312,130.13999938964844,1571600
2023-03-27,129.60646057128906,133.07000732421875,134.6199951171875,132.72999572753906,133.5800018310547,1216300
2023-03-28,129.17787170410156,132.6300048828125,133.30999755859375,132.00999450683594,132.5399932861328,942600
2023-03-29,130.3661346435547,133.85000610351562,134.24000549316406,132.6300048828125,133.9499969482422,1002800
2023-03-30,130.98948669433594,134.49000549316406,135.5399932861328,133.32000732421875,135.27000427246094,1468200
2023-03-31,134.73922729492188,138.33999633789062,138.72999572753906,134.86000061035156,135.39999389648438,2579800
2023-04-03,134.49050903320312,137.86000061035156,138.08999633789062,136.00999450683594,137.4199981689453,1551800
2023-04-04,134.83197021484375,138.2100067138672,139.11000061035156,137.52999877929688,138.25,1778700
2023-04-05,134.71484375,138.08999633789062,139.27000427246094,136.6699981689453,137.74000549316406,2312100
2023-04-06,134.65635681152344,138.02999877929688,138.1300048828125,136.58999633789062,138.00999450683594,1206200
2023-04-10,134.64659118652344,138.02000427246094,138.0800018310547,135.86000061035156,137.3800048828125,1104600
2023-04-11,135.13436889648438,138.52000427246094,139.92999267578125,138.14999389648438,138.8699951171875,1241100
2023-04-12,134.97825622558594,138.36000061035156,141.35000610351562,137.82000732421875,140.19000244140625,1058400
2023-04-13,137.82691955566406,141.27999877929688,141.47999572753906,138.99000549316406,139.17999267578125,1030900
2023-04-14,135.7977294921875,139.1999969482422,141.19000244140625,138.92999267578125,140.36000061035156,954300
2023-04-17,136.7635498046875,140.19000244140625,140.2100067138672,138.88999938964844,139.6199951171875,1115500
2023-04-18,135.60264587402344,139.0,140.99000549316406,138.2100067138672,140.72999572753906,1218900
2023-04-19,135.5343475341797,138.92999267578125,139.6199951171875,137.67999267578125,138.3699951171875,1178400
2023-04-20,132.21746826171875,135.52999877929688,137.0500030517578,134.8699951171875,136.86000061035156,1325900
2023-04-21,135.11483764648438,138.5,138.55999755859375,136.2100067138672,136.2100067138672,1533600
2023-04-24,135.0953369140625,138.47999572753906,139.52000427246094,138.08999633789062,138.8000030517578,856700
2023-04-25,127.1835708618164,130.3699951171875,136.77999877929688,129.72000122070312,136.5399932861328,2154900
2023-04-26,129.86636352539062,133.1199951171875,133.83999633789062,128.11000061035156,128.14999389648438,3003800
2023-04-27,129.99319458007812,133.25,133.86000061035156,131.3300018310547,132.9600067138672,1125300
2023-04-28,132.11988830566406,135.42999267578125,136.92999267578125,133.4499969482422,133.4499969482422,2032800
2023-05-01,132.75399780273438,136.0800018310547,137.13999938964844,135.75999450683594,136.02000427246094,1012900
2023-05-02,131.23214721679688,134.52000427246094,137.16000366210938,134.25999450683594,135.02000427246094,1629600
2023-05-03,131.4759979248047,134.77000427246094,136.5399932861328,134.6300048828125,135.88999938964844,1529100
2023-05-04,130.6077880859375,133.8800048828125,136.0399932861328,133.75999450683594,135.3800048828125,1103700
2023-05-05,130.04193115234375,133.3000030517578,135.41000366210938,131.91000366210938,135.3000030517578,1890100
2023-05-08,129.2127227783203,132.4499969482422,134.2100067138672,131.75,134.00999450683594,1005300
2023-05-09,124.23737335205078,127.3499984741211,128.5,125.36000061035156,128.5,3437100
2023-05-10,124.93002319335938,128.05999755859375,128.89999389648438,126.16000366210938,128.7100067138672,1255700
2023-05-11,124.53981018066406,127.66000366210938,127.69999694824219,125.47000122070312,127.16999816894531,1580600
2023-05-12,124.37394714355469,127.48999786376953,128.67999267578125,126.52999877929688,128.67999267578125,1422600
2023-05-15,124.86174011230469,127.98999786376953,128.19000244140625,126.75,127.94000244140625,1262800
2023-05-16,123.20327758789062,126.29000091552734,127.4000015258789,125.79000091552734,126.97000122070312,1190000
2023-05-17,124.64712524414062,127.7699966430664,127.79000091552734,125.77999877929688,127.04000091552734,1968200
2023-05-18,125.983642578125,129.13999938964844,129.3300018310547,126.48999786376953,127.6500015258789,1637000
2023-05-19,125.72022247314453,128.8699951171875,130.47000122070312,128.6199951171875,129.58999633789062,1480400
2023-05-22,125.93486022949219,129.08999633789062,129.75,128.2899932861328,128.66000366210938,1764500
2023-05-23,125.49586486816406,128.63999938964844,130.5399932861328,127.91000366210938,129.02999877929688,2784400
2023-05-24,118.0328140258789,120.98999786376953,121.08999633789062,113.27999877929688,115.19999694824219,6850400
2023-05-25,116.56949615478516,119.48999786376953,121.41000366210938,117.63999938964844,121.41000366210938,3218900
2023-05-26,117.47676086425781,120.41999816894531,120.72000122070312,118.37999725341797,120.06999969482422,2089100
2023-05-30,114.8525161743164,117.7300033569336,121.30999755859375,117.66999816894531,120.01000213623047,2094800
2023-05-31,112.84284210205078,115.66999816894531,117.1500015258789,114.80000305175781,116.98999786376953,3998800
2023-06-01,113.41844177246094,116.26000213623047,117.63999938964844,115.0,116.97000122070312,3966100
2023-06-02,115.33053588867188,118.22000122070312,118.41000366210938,116.0199966430664,117.7699966430664,3263100
2023-06-05,115.45735168457031,118.3499984741211,119.76000213623047,117.08999633789062,118.58000183105469,2129300
2023-06-06,114.56961059570312,117.44000244140625,119.22000122070312,116.63999938964844,118.77999877929688,1758800
2023-06-07,113.74037170410156,116.58999633789062,117.37000274658203,115.13999938964844,117.16999816894531,3643500
2023-06-08,111.88681030273438,114.69000244140625,116.9000015258789,114.66000366210938,115.93000030517578,2558600
2023-06-09,112.95991516113281,115.79000091552734,116.0,114.16000366210938,115.58000183105469,1981500
2023-06-12,115.64270782470703,118.54000091552734,118.6500015258789,115.81999969482422,115.86000061035156,2747800
2023-06-13,116.57923889160156,119.5,121.16000366210938,118.68000030517578,118.68000030517578,2502400
2023-06-14,116.48169708251953,119.4000015258789,120.97000122070312,118.9000015258789,119.98999786376953,2662900
2023-06-15,118.26696014404297,121.2300033569336,121.73999786376953,118.7300033569336,118.87999725341797,1791100
2023-06-16,118.16941833496094,121.12999725341797,123.18000030517578,120.62999725341797,122.0999984741211,3941300
2023-06-20,115.27200317382812,118.16000366210938,118.79000091552734,116.87999725341797,118.63999938964844,2108200
2023-06-21,115.4378433227539,118.33000183105469,119.11000061035156,117.2699966430664,117.79000091552734,1393400
2023-06-22,115.77928924560547,118.68000030517578,118.94999694824219,117.16999816894531,118.83999633789062,1736000
2023-06-23,116.50119018554688,119.41999816894531,119.70999908447266,117.58000183105469,117.76000213623047,2632600
2023-06-26,115.47686004638672,118.37000274658203,119.80000305175781,117.33999633789062,118.95999908447266,1673400
2023-06-27,114.17935943603516,117.04000091552734,118.95999908447266,116.7300033569336,118.47000122070312,2326100
2023-06-28,113.5257568359375,116.37000274658203,117.11000061035156,115.70999908447266,116.69999694824219,2196800
2023-06-29,115.1646957397461,118.05000305175781,118.25,116.06999969482422,116.16000366210938,1885800
2023-06-30,117.5349349975586,120.25,120.69000244140625,118.30000305175781,118.7300033569336,2487900
2023-07-03,116.62593841552734,119.31999969482422,120.8499984741211,119.22000122070312,120.0199966430664,996200
2023-07-05,116.80186462402344,119.5,120.27999877929688,118.61000061035156,118.94999694824219,1246200
2023-07-06,115.75602722167969,118.43000030517578,118.88999938964844,115.66000366210938,116.36000061035156,1626600
2023-07-07,114.35831451416016,117.0,119.08000183105469,116.88999938964844,117.66999816894531,1493300
2023-07-10,115.6875991821289,118.36000061035156,119.5199966430664,116.55999755859375,116.7300033569336,1889200
2023-07-11,115.8049087524414,118.4800033569336,118.9800033569336,117.63999938964844,118.30000305175781,1096700
2023-07-12,117.29059600830078,120.0,120.48999786376953,119.1500015258789,120.0,1595400
2023-07-13,116.65525817871094,119.3499984741211,120.87000274658203,118.98999786376953,120.76000213623047,1229800
2023-07-14,117.04621887207031,119.75,120.38999938964844,118.25,119.54000091552734,1225400
2023-07-17,115.58009338378906,118.25,119.9800033569336,117.66000366210938,119.94999694824219,1123000
2023-07-18,116.86048889160156,119.55999755859375,119.79000091552734,118.0,118.37999725341797,1362700
2023-07-19,120.30103302001953,123.08000183105469,123.33999633789062,119.86000061035156,120.01000213623047,2425400
2023-07-20,121.73784637451172,124.55000305175781,124.9000015258789,123.12999725341797,123.51000213623047,2278800
2023-07-21,124.73851776123047,127.62000274658203,128.3000030517578,123.13999938964844,124.55000305175781,3918200
2023-07-24,124.83627319335938,127.72000122070312,129.38999938964844,127.19000244140625,127.62000274658203,2001200
2023-07-25,124.43553161621094,127.30999755859375,129.5500030517578,124.1500015258789,125.0,2199400
2023-07-26,125.56934356689453,128.47000122070312,128.52999877929688,123.4000015258789,125.0,2507500
2023-07-27,123.80021667480469,126.66000366210938,130.0,126.63999938964844,129.8699951171875,2582500
2023-07-28,123.20398712158203,126.05000305175781,127.51000213623047,123.16000366210938,127.25,3138800
2023-07-31,119.02059173583984,121.7699966430664,124.44999694824219,121.22000122070312,124.37999725341797,2376100
2023-08-01,119.71459197998047,122.4800033569336,123.58000183105469,120.45999908447266,121.77999877929688,1655000
2023-08-02,124.82649993896484,127.70999908447266,128.72999572753906,121.51000213623047,122.0,2654700
2023-08-03,122.22654724121094,125.05000305175781,127.36000061035156,124.97000122070312,127.30000305175781,1742600
2023-08-04,123.44833374023438,126.30000305175781,127.16999816894531,125.08000183105469,125.44000244140625,1819500
2023-08-07,123.65361022949219,126.51000213623047,127.88999938964844,125.69999694824219,126.7300033569336,1487000
2023-08-08,125.45204162597656,128.35000610351562,128.6300048828125,125.06999969482422,126.69000244140625,2525200
2023-08-09,124.74830627441406,127.62999725341797,129.4199981689453,127.52999877929688,128.16000366210938,1786100
2023-08-10,124.76786041259766,127.6500015258789,129.99000549316406,127.30999755859375,128.0,1515900
2023-08-11,123.99568939208984,126.86000061035156,127.81999969482422,126.3499984741211,126.7699966430664,1256700
2023-08-14,123.7904281616211,126.6500015258789,128.0,125.19000244140625,125.43000030517578,1582400
2023-08-15,122.81301879882812,125.6500015258789,127.18000030517578,125.25,126.30999755859375,2274800
2023-08-16,118.61988067626953,121.36000061035156,123.6500015258789,120.37000274658203,121.98999786376953,3388800
2023-08-17,118.12138366699219,120.8499984741211,122.6500015258789,120.66000366210938,122.0,2180800
2023-08-18,116.5575180053711,119.25,120.7300033569336,119.04000091552734,120.19000244140625,1803900
2023-08-21,116.17632293701172,118.86000061035156,119.56999969482422,117.70999908447266,119.5,2249300
2023-08-22,114.98385620117188,117.63999938964844,118.61000061035156,117.33000183105469,117.8499984741211,1422300
2023-08-23,116.44023132324219,119.12999725341797,119.1500015258789,117.70999908447266,118.51000213623047,1289300
2023-08-24,116.79209899902344,119.48999786376953,120.77999877929688,118.58000183105469,119.36000061035156,2045900
2023-08-25,116.9778060913086,119.68000030517578,120.81999969482422,118.5199966430664,119.80000305175781,1273300
2023-08-28,117.21239471435547,119.91999816894531,120.94000244140625,119.33999633789062,119.94999694824219,1052400
2023-08-29,119.26496124267578,122.0199966430664,122.29000091552734,119.61000061035156,120.12999725341797,838300
2023-08-30,119.91006469726562,122.68000030517578,122.94000244140625,121.62999725341797,122.33999633789062,1157900
2023-08-31,118.33642578125,121.06999969482422,123.12000274658203,120.6500015258789,123.11000061035156,2875100
2023-09-01,119.15745544433594,121.91000366210938,123.68000030517578,121.54000091552734,122.69000244140625,840700
2023-09-05,116.04925537109375,118.7300033569336,122.54000091552734,118.66999816894531,121.63999938964844,1270600
2023-09-06,115.27709197998047,117.94000244140625,118.66000366210938,116.52999877929688,118.3499984741211,1668900
2023-09-07,113.63502502441406,116.26000213623047,118.01000213623047,116.08999633789062,117.97000122070312,1317000
2023-09-08,111.4162826538086,113.98999786376953,116.20999908447266,113.70999908447266,116.01000213623047,1789800
2023-09-11,110.5463638305664,113.0999984741211,114.38999938964844,112.62000274658203,114.29000091552734,2046900
2023-09-12,110.23358917236328,112.77999877929688,113.97000122070312,112.08000183105469,113.4000015258789,2035000
2023-09-13,110.86890411376953,113.43000030517578,115.9000015258789,109.0,110.0,2520500
2023-09-14,112.28618621826172,114.87999725341797,115.30999755859375,111.68000030517578,113.79000091552734,1815800
2023-09-15,113.29293060302734,115.91000366210938,121.91999816894531,113.43000030517578,114.43000030517578,6889600
2023-09-18,110.1456298828125,112.69000244140625,115.0,112.66000366210938,115.0,1818000
2023-09-19,109.77420043945312,112.30999755859375,113.2300033569336,111.72000122070312,112.37000274658203,2222400
2023-09-20,109.93058776855469,112.47000122070312,113.47000122070312,112.16999816894531,113.08000183105469,1744900
2023-09-21,107.25247192382812,109.7300033569336,112.19999694824219,109.5,112.02999877929688,1327900
2023-09-22,108.89453125,111.41000366210938,112.16000366210938,109.11000061035156,109.7300033569336,2050500
2023-09-25,109.41256713867188,111.94000244140625,112.02999877929688,110.52999877929688,110.76000213623047,987400
2023-09-26,108.22988891601562,110.7300033569336,112.25,110.68000030517578,110.87999725341797,1399800
2023-09-27,108.00506591796875,110.5,111.25,109.62000274658203,110.95999908447266,2268300
2023-09-28,109.47119903564453,112.0,112.68000030517578,110.44000244140625,110.4800033569336,1959900
2023-09-29,109.29528045654297,111.81999969482422,113.16999816894531,111.44999694824219,113.12000274658203,1830100
2023-10-02,108.61459350585938,110.9000015258789,111.80000305175781,109.7699966430664,110.9000015258789,1569000
2023-10-03,107.98778533935547,110.26000213623047,111.76000213623047,110.05000305175781,110.2300033569336,1543400
2023-10-04,109.36871337890625,111.66999816894531,111.88999938964844,109.37999725341797,110.41000366210938,1541700
2023-10-05,108.075927734375,110.3499984741211,112.23999786376953,108.7699966430664,112.08999633789062,1295700
2023-10-06,108.35993957519531,110.63999938964844,111.7699966430664,109.36000061035156,109.48999786376953,1796100
2023-10-09,108.98674011230469,111.27999877929688,111.30999755859375,109.12000274658203,109.97000122070312,1320300
2023-10-10,110.95533752441406,113.29000091552734,113.83000183105469,111.0199966430664,111.30999755859375,2183000
2023-10-11,111.04348754882812,113.37999725341797,113.5999984741211,112.05000305175781,113.41000366210938,1381500
2023-10-12,106.69497680664062,108.94000244140625,113.4000015258789,108.33000183105469,113.11000061035156,3622500
2023-10-13,108.23262786865234,110.51000213623047,110.61000061035156,106.81999969482422,108.0199966430664,2807600
2023-10-16,109.20223999023438,111.5,112.79000091552734,109.63999938964844,111.04000091552734,1675500
2023-10-17,110.08367156982422,112.4000015258789,112.91000366210938,109.20999908447266,110.0999984741211,1682800
2023-10-18,106.37178039550781,108.61000061035156,111.33000183105469,108.54000091552734,111.33000183105469,1803500
2023-10-19,107.25324249267578,109.51000213623047,111.37999725341797,108.86000061035156,109.25,2028900
2023-10-20,106.97901153564453,109.2300033569336,110.58999633789062,109.18000030517578,109.54000091552734,2367300
2023-10-23,107.08674621582031,109.33999633789062,109.91000366210938,107.4000015258789,108.0999984741211,2886000
2023-10-24,103.46297454833984,105.63999938964844,108.05999755859375,105.36000061035156,107.5,3204200
2023-10-25,101.2691421508789,103.4000015258789,104.16999816894531,100.08000183105469,102.9000015258789,2699600
2023-10-26,102.16038513183594,104.30999755859375,104.91000366210938,103.23999786376953,103.47000122070312,1599100
2023-10-27,100.6521224975586,102.7699966430664,104.77999877929688,102.4000015258789,104.54000091552734,2004000
2023-10-30,99.0851058959961,101.16999816894531,102.77999877929688,96.80000305175781,102.70999908447266,3684900
2023-10-31,101.2397689819336,103.37000274658203,104.19999694824219,101.94000244140625,103.0,2218800
2023-11-01,100.74028015136719,102.86000061035156,103.20999908447266,100.26000213623047,102.5,2284600
2023-11-02,102.31710052490234,104.47000122070312,104.63999938964844,102.69999694824219,103.97000122070312,1489000
2023-11-03,106.7733383178711,109.0199966430664,109.58999633789062,106.12000274658203,106.5,2511300
2023-11-06,105.31404113769531,107.52999877929688,109.5199966430664,107.16999816894531,108.80999755859375,1412000
2023-11-07,108.26200103759766,110.54000091552734,110.80999755859375,106.55000305175781,106.83999633789062,2142300
2023-11-08,107.13570404052734,109.38999938964844,111.56999969482422,108.45999908447266,110.88999938964844,1495000
2023-11-09,105.51970672607422,107.73999786376953,110.12000274658203,107.54000091552734,110.12000274658203,1481100
2023-11-10,106.23465728759766,108.47000122070312,108.4800033569336,104.08999633789062,107.72000122070312,1847800
2023-11-13,105.2454833984375,107.45999908447266,108.2699966430664,106.95999908447266,108.12999725341797,1200300
2023-11-14,109.30996704101562,111.61000061035156,112.29000091552734,109.45999908447266,109.55000305175781,2009700
2023-11-15,111.25895690917969,113.5999984741211,114.5199966430664,111.33000183105469,111.8499984741211,2021400
2023-11-16,111.8367919921875,114.19000244140625,114.5,113.55999755859375,113.94000244140625,1728100
2023-11-17,110.81822967529297,113.1500015258789,114.47000122070312,112.05999755859375,113.9800033569336,2700800
2023-11-20,111.63111877441406,113.9800033569336,114.5,112.38999938964844,113.25,3050000
2023-11-21,121.36627197265625,123.91999816894531,124.68000030517578,121.2300033569336,121.45999908447266,6085800
2023-11-22,121.43482208251953,123.98999786376953,125.4000015258789,123.80999755859375,123.87000274658203,2630700
2023-11-24,124.01063537597656,126.62000274658203,126.7699966430664,123.4800033569336,123.91999816894531,1226700
2023-11-27,122.4338150024414,125.01000213623047,126.68000030517578,124.88999938964844,125.9800033569336,2255400
2023-11-28,122.1399917602539,124.70999908447266,126.2699966430664,124.0999984741211,124.63999938964844,1949800
2023-11-29,124.96063995361328,127.58999633789062,127.7300033569336,125.58999633789062,125.58999633789062,2266200
2023-11-30,125.16631317138672,127.80000305175781,128.4499969482422,126.97000122070312,128.0,2442900
2023-12-01,126.13591003417969,128.7899932861328,129.00999450683594,126.51000213623047,127.33999633789062,1729600
2023-12-04,126.22405242919922,128.8800048828125,129.22000122070312,127.87000274658203,128.41000366210938,1543200
2023-12-05,125.24466705322266,127.87999725341797,128.6300048828125,125.7699966430664,127.80999755859375,1933600
2023-12-06,126.25345611572266,128.91000366210938,129.75999450683594,127.91999816894531,128.5,1816800
2023-12-07,126.02818298339844,128.67999267578125,130.47999572753906,127.80999755859375,129.1999969482422,1696600
2023-12-08,124.57868194580078,127.19999694824219,129.0,126.97000122070312,128.08999633789062,1438100
2023-12-11,126.31222534179688,128.97000122070312,129.6300048828125,127.22000122070312,127.62000274658203,1897100
2023-12-12,126.13591003417969,128.7899932861328,129.1999969482422,127.0,128.0500030517578,1453500
2023-12-13,130.98390197753906,133.74000549316406,134.0399932861328,128.77000427246094,129.08999633789062,1731400
2023-12-14,135.116943359375,137.9600067138672,138.1699981689453,135.0,135.0,2950500
2023-12-15,133.96127319335938,136.77999877929688,138.89999389648438,136.27999877929688,137.24000549316406,4876000
2023-12-18,134.69581604003906,137.52999877929688,138.19000244140625,136.86000061035156,137.58999633789062,1634700
2023-12-19,136.9092254638672,139.7899932861328,139.88999938964844,137.32000732421875,138.50999450683594,1523300
2023-12-20,135.3323974609375,138.17999267578125,141.24000549316406,138.13999938964844,139.7899932861328,2120900
2023-12-21,136.07675170898438,138.94000244140625,139.6699981689453,138.0,139.3800048828125,1685700
2023-12-22,136.6937713623047,139.57000732421875,140.36000061035156,138.7899932861328,139.61000061035156,1204100
2023-12-26,136.92881774902344,139.80999755859375,140.47000122070312,139.08999633789062,139.30999755859375,948400
2023-12-27,136.93861389160156,139.82000732421875,140.16000366210938,139.0800018310547,139.77999877929688,1182300
2023-12-28,136.88963317871094,139.77000427246094,140.80999755859375,139.64999389648438,140.5399932861328,892600
2023-12-29,136.3951873779297,139.02999877929688,139.6999969482422,138.36000061035156,139.07000732421875,1014400
2024-01-02,136.12051391601562,138.75,140.58999633789062,137.91000366210938,138.19000244140625,1441600
2024-01-03,128.67433166503906,131.16000366210938,138.0,131.07000732421875,138.0,2074500
2024-01-04,128.51736450195312,131.0,131.5,130.19000244140625,130.5500030517578,2446600
2024-01-05,128.08572387695312,130.55999755859375,131.9600067138672,128.6199951171875,130.0,1394000
2024-01-08,130.85226440429688,133.3800048828125,133.57000732421875,129.80999755859375,130.13999938964844,1311400
2024-01-09,128.2034454345703,130.67999267578125,135.64999389648438,130.00999450683594,132.27000427246094,1435000
2024-01-10,128.60565185546875,131.08999633789062,131.16000366210938,128.36000061035156,130.5800018310547,1326300
2024-01-11,127.22237396240234,129.67999267578125,130.67999267578125,127.9000015258789,130.5800018310547,2060500
2024-01-12,128.0660858154297,130.5399932861328,131.61000061035156,129.63999938964844,130.30999755859375,1285200
2024-01-16,128.05628967285156,130.52999877929688,130.80999755859375,128.60000610351562,129.13999938964844,1382100
2024-01-17,125.69194030761719,128.1199951171875,130.61000061035156,126.73999786376953,129.97999572753906,1257400
2024-01-18,127.98760986328125,130.4600067138672,130.72999572753906,127.52999877929688,128.02000427246094,1404800
2024-01-19,128.7332000732422,131.22000122070312,131.99000549316406,129.2100067138672,130.1699981689453,1523300
2024-01-22,130.0380096435547,132.5500030517578,132.72999572753906,131.25,131.5,1512300
2024-01-23,129.145263671875,131.63999938964844,133.94000244140625,130.3300018310547,133.63999938964844,854900
2024-01-24,127.32049560546875,129.77999877929688,132.8000030517578,129.42999267578125,132.41000366210938,1141900
2024-01-25,127.41861724853516,129.8800048828125,131.42999267578125,129.42999267578125,131.11000061035156,1120900
2024-01-26,128.50758361816406,130.99000549316406,134.22999572753906,130.63999938964844,133.7100067138672,1319800
2024-01-29,130.3126983642578,132.8300018310547,132.89999389648438,131.27999877929688,131.75,1407200
2024-01-30,131.73521423339844,134.27999877929688,134.52000427246094,132.69000244140625,132.8300018310547,1428700
2024-01-31,127.63441467285156,130.10000610351562,134.6199951171875,130.0,134.61000061035156,1101400
2024-02-01,130.52853393554688,133.0500030517578,133.0500030517578,129.25999450683594,130.05999755859375,862000
2024-02-02,130.45004272460938,132.97000122070312,133.9199981689453,130.30999755859375,131.83999633789062,1066300
2024-02-05,130.30288696289062,132.82000732421875,134.9499969482422,132.3800048828125,132.74000549316406,2374500
2024-02-06,133.2852783203125,135.86000061035156,136.10000610351562,131.07000732421875,132.64999389648438,1766600
2024-02-07,130.27342224121094,132.7899932861328,136.91000366210938,132.33999633789062,136.52000427246094,1758000
2024-02-08,131.52919006347656,134.07000732421875,134.82000732421875,132.1300048828125,132.4199981689453,1352500
2024-02-09,130.8130340576172,133.33999633789062,135.22999572753906,132.75999450683594,133.92999267578125,909700
2024-02-12,129.80255126953125,132.30999755859375,133.27999877929688,130.3800048828125,133.27999877929688,1231800
2024-02-13,127.30084228515625,129.75999450683594,131.63999938964844,128.25999450683594,130.33999633789062,1031100
2024-02-14,129.73391723632812,132.24000549316406,132.3300018310547,130.2100067138672,131.0,1405200
2024-02-15,132.1962890625,134.75,135.60000610351562,132.67999267578125,132.99000549316406,1514500
2024-02-16,132.2845916748047,134.83999633789062,136.27000427246094,133.58999633789062,133.58999633789062,1066800
2024-02-20,131.59783935546875,134.13999938964844,135.3300018310547,133.57000732421875,133.6699981689453,1563900
2024-02-21,132.76531982421875,135.3300018310547,135.4499969482422,133.1699981689453,133.36000061035156,1134700
2024-02-22,129.51805114746094,132.02000427246094,133.02999877929688,129.00999450683594,132.47999572753906,2664400
2024-02-23,129.52783203125,132.02999877929688,133.36000061035156,131.57000732421875,132.8000030517578,1878000
2024-02-26,128.99807739257812,131.49000549316406,132.9199981689453,130.8300018310547,131.77999877929688,1677500
2024-02-27,130.0380096435547,132.5500030517578,133.17999267578125,130.8699951171875,131.4499969482422,1772700
2024-02-28,134.41348266601562,137.00999450683594,139.8800048828125,136.35000610351562,139.8800048828125,2537100
2024-02-29,134.75685119628906,137.36000061035156,138.02999877929688,135.86000061035156,137.50999450683594,2622600
2024-03-01,136.42462158203125,139.05999755859375,139.14999389648438,134.6699981689453,137.02999877929688,1531000
2024-03-04,140.1526336669922,142.86000061035156,143.49000549316406,138.80999755859375,139.14999389648438,2169200
2024-03-05,141.61436462402344,144.35000610351562,146.39999389648438,143.0,143.0,2622500
2024-03-06,143.44895935058594,146.22000122070312,147.44000244140625,144.75,145.0,2357900
2024-03-07,146.48036193847656,149.30999755859375,149.63999938964844,147.08999633789062,147.08999633789062,1942900
2024-03-08,145.0676727294922,147.8699951171875,151.5800018310547,147.85000610351562,149.63999938964844,1588300
2024-03-11,144.4986572265625,147.2899932861328,149.27999877929688,146.1199951171875,148.0,1397600
2024-03-12,145.03823852539062,147.83999633789062,149.47999572753906,147.24000549316406,147.61000061035156,1192300
2024-03-13,145.01861572265625,147.82000732421875,149.10000610351562,147.5399932861328,148.1699981689453,2231500
2024-03-14,142.45809936523438,145.2100067138672,148.25,144.2899932861328,147.89999389648438,2098200
2024-03-15,144.68505859375,147.47999572753906,148.64999389648438,143.99000549316406,143.99000549316406,3775500
2024-03-18,143.32139587402344,146.08999633789062,148.36000061035156,145.89999389648438,147.8800048828125,2281300
2024-03-19,144.59674072265625,147.38999938964844,147.57000732421875,145.47000122070312,145.99000549316406,1976200
2024-03-20,144.48883056640625,147.27999877929688,147.7100067138672,146.3800048828125,147.2100067138672,1526500
2024-03-21,145.92117309570312,148.74000549316406,150.13999938964844,147.17999267578125,147.5800018310547,1574200
2024-03-22,144.65562438964844,147.4499969482422,149.27999877929688,146.4199981689453,148.85000610351562,1076600
2024-03-25,142.80145263671875,145.55999755859375,148.07000732421875,143.77999877929688,147.5399932861328,1710500
2024-03-26,141.67323303222656,144.41000366210938,146.25999450683594,144.3800048828125,145.61000061035156,2021000
2024-03-27,144.57713317871094,147.3699951171875,147.47999572753906,144.52999877929688,145.64999389648438,1212200
2024-03-28,142.75238037109375,145.50999450683594,147.67999267578125,145.36000061035156,147.5399932861328,2176500
2024-04-01,143.0334014892578,145.55999755859375,146.5,144.4199981689453,146.17999267578125,968300
2024-04-02,141.6675262451172,144.1699981689453,144.3300018310547,142.58999633789062,144.02000427246094,1376500
2024-04-03,141.23519897460938,143.72999572753906,144.85000610351562,142.7899932861328,143.77000427246094,1211200
2024-04-04,138.8866729736328,141.33999633789062,145.25999450683594,141.1300048828125,145.1199951171875,1183900
2024-04-05,141.618408203125,144.1199951171875,145.5,143.42999267578125,144.17999267578125,1655800
2024-04-08,141.9525146484375,144.4600067138672,145.7899932861328,143.00999450683594,143.8000030517578,1247300
2024-04-09,144.84149169921875,147.39999389648438,147.42999267578125,145.5,146.0,873700
2024-04-10,141.6577606201172,144.16000366210938,145.05999755859375,143.5500030517578,144.4199981689453,1051800
2024-04-11,142.483154296875,145.0,145.86000061035156,143.6699981689453,145.64999389648438,720100
2024-04-12,138.28726196289062,140.72999572753906,144.66000366210938,140.25999450683594,143.58999633789062,1124500
2024-04-15,137.78610229492188,140.22000122070312,143.25,139.02000427246094,142.30999755859375,1506000
2024-04-16,134.42547607421875,136.8000030517578,140.36000061035156,136.6300048828125,140.27999877929688,1345700
2024-04-17,132.21453857421875,134.5500030517578,137.4600067138672,132.8699951171875,137.24000549316406,2084100
2024-04-18,130.14117431640625,132.44000244140625,134.44000244140625,128.33999633789062,131.25999450683594,1936600
2024-04-19,130.42611694335938,132.72999572753906,133.74000549316406,132.14999389648438,133.05999755859375,1303400
2024-04-22,131.5856475830078,133.91000366210938,135.02000427246094,131.77999877929688,133.5399932861328,850500
2024-04-23,136.78382873535156,139.1999969482422,139.64999389648438,136.00999450683594,137.97999572753906,1979400
2024-04-24,135.103515625,137.49000549316406,139.88999938964844,136.2100067138672,138.33999633789062,1553200
2024-04-25,134.0029296875,136.3699951171875,137.2100067138672,134.1199951171875,137.05999755859375,940800
2024-04-26,135.34918212890625,137.74000549316406,138.36000061035156,135.0,136.4499969482422,754900
2024-04-29,137.16702270507812,139.58999633789062,139.8699951171875,137.8800048828125,138.25999450683594,781200
2024-04-30,134.66128540039062,137.0399932861328,139.64999389648438,136.97000122070312,138.60000610351562,1087300
2024-05-01,136.2826690673828,138.69000244140625,140.55999755859375,136.1300048828125,136.72000122070312,850400
2024-05-02,135.1329803466797,137.52000427246094,139.88999938964844,136.7100067138672,139.22999572753906,1146800
2024-05-03,137.02947998046875,139.4499969482422,140.9499969482422,138.41000366210938,139.69000244140625,1097900
2024-05-06,138.16934204101562,140.61000061035156,141.47000122070312,138.33999633789062,139.5399932861328,1639400
2024-05-07,138.81788635253906,141.27000427246094,142.14999389648438,139.75999450683594,141.1199951171875,1486800
2024-05-08,140.32131958007812,142.8000030517578,143.0,140.0399932861328,141.1199951171875,1423500
2024-05-09,142.62071228027344,145.13999938964844,145.47999572753906,142.82000732421875,143.11000061035156,1254000
2024-05-10,147.16050720214844,149.75999450683594,152.80999755859375,145.1199951171875,145.88999938964844,2246700
2024-05-13,145.19520568847656,147.75999450683594,150.25999450683594,147.17999267578125,149.52999877929688,1317700
2024-05-14,148.6541290283203,151.27999877929688,151.5500030517578,148.3800048828125,148.75,1679900
2024-05-15,151.40553283691406,154.0800018310547,154.5500030517578,152.50999450683594,153.0,1524600
2024-05-16,151.63153076171875,154.30999755859375,154.83999633789062,152.57000732421875,152.57000732421875,1325000
2024-05-17,151.5529327392578,154.22999572753906,155.35000610351562,153.02999877929688,154.50999450683594,1857000
2024-05-20,151.95584106445312,154.63999938964844,154.9499969482422,153.47000122070312,153.97000122070312,906200
2024-05-21,151.00265502929688,153.6699981689453,154.64999389648438,152.33999633789062,154.35000610351562,997100
2024-05-22,150.21652221679688,152.8699951171875,154.49000549316406,152.63999938964844,153.5800018310547,1231300
2024-05-23,147.9368133544922,150.5500030517578,152.47000122070312,150.11000061035156,152.47000122070312,1005200
2024-05-24,148.04489135742188,150.66000366210938,151.4600067138672,149.55999755859375,150.80999755859375,784300
2024-05-28,145.63743591308594,148.2100067138672,151.19000244140625,147.6999969482422,150.82000732421875,1366900
2024-05-29,142.95481872558594,145.47999572753906,146.99000549316406,144.75,146.74000549316406,1603200
2024-05-30,129.13885498046875,131.4199981689453,135.17999267578125,125.30000305175781,125.30000305175781,5138500
2024-05-31,128.1464080810547,130.41000366210938,134.07000732421875,129.55999755859375,131.0,5333100
2024-06-03,129.1191864013672,131.39999389648438,132.5800018310547,130.0,130.0,3114800
2024-06-04,128.57876586914062,130.85000610351562,132.25,130.27999877929688,131.24000549316406,2893700
2024-06-05,131.24171447753906,133.55999755859375,134.1999969482422,130.00999450683594,130.5399932861328,2707500
2024-06-06,130.5145721435547,132.82000732421875,134.35000610351562,132.27999877929688,132.4600067138672,2269600
2024-06-07,130.67176818847656,132.97999572753906,133.3800048828125,131.2899932861328,131.9499969482422,2365300
2024-06-10,130.72091674804688,133.02999877929688,133.85000610351562,132.25,132.8699951171875,1673200
2024-06-11,129.81689453125,132.11000061035156,132.99000549316406,131.49000549316406,132.63999938964844,2081600
2024-06-12,130.84866333007812,133.16000366210938,133.63999938964844,132.3300018310547,133.6300048828125,2399900
2024-06-13,128.3036346435547,130.57000732421875,133.0,130.0399932861328,132.58999633789062,2555400
2024-06-14,127.59612274169922,129.85000610351562,130.74000549316406,129.24000549316406,130.0,2163300
2024-06-17,129.54173278808594,131.8300018310547,132.07000732421875,129.5,131.11000061035156,2090500
2024-06-18,132.5584259033203,134.89999389648438,135.14999389648438,131.55999755859375,132.1300048828125,3453000
2024-06-20,130.42611694335938,132.72999572753906,134.64999389648438,132.52999877929688,133.25999450683594,2887400
2024-06-21,130.93711853027344,133.25,134.5,132.1999969482422,132.85000610351562,4449700
2024-06-24,132.73532104492188,135.0800018310547,137.7100067138672,134.33999633789062,135.3000030517578,3339500
2024-06-25,132.35211181640625,134.69000244140625,136.00999450683594,134.2899932861328,135.0,2310800
2024-06-26,130.7798614501953,133.08999633789062,135.2100067138672,132.75999450683594,133.99000549316406,1836800
2024-06-27,128.52964782714844,130.8000030517578,132.99000549316406,130.5800018310547,132.1999969482422,1898000
2024-06-28,127.37992095947266,129.6300048828125,133.0399932861328,128.38999938964844,131.66000366210938,9817600
2024-07-01,125.18864440917969,127.4000015258789,131.7899932861328,127.05999755859375,130.69000244140625,2364800
2024-07-02,123.82613372802734,125.77999877929688,128.57000732421875,125.44000244140625,127.43000030517578,1981100
2024-07-03,124.17070007324219,126.12999725341797,127.66000366210938,125.83000183105469,126.12000274658203,1288200
2024-07-05,124.40697479248047,126.37000274658203,126.61000061035156,125.29000091552734,126.4000015258789,1341700
2024-07-08,124.11164093017578,126.06999969482422,126.7300033569336,125.4000015258789,126.68000030517578,2091100
2024-07-09,123.47173309326172,125.41999816894531,126.23999786376953,124.16000366210938,126.23999786376953,1558900
2024-07-10,125.09610748291016,127.06999969482422,127.13999938964844,125.54000091552734,126.41999816894531,1837300
2024-07-11,128.78785705566406,130.82000732421875,131.5399932861328,127.87999725341797,128.8000030517578,1667200
2024-07-12,130.17593383789062,132.22999572753906,133.39999389648438,130.63999938964844,131.1699981689453,1477300
2024-07-15,128.97491455078125,131.00999450683594,133.13999938964844,130.77999877929688,132.00999450683594,1015700
2024-07-16,133.94647216796875,136.05999755859375,136.19000244140625,131.60000610351562,131.99000549316406,1064300
2024-07-17,131.42620849609375,133.5,136.0,133.4199981689453,135.16000366210938,1031200
2024-07-18,129.9199676513672,131.97000122070312,135.2100067138672,131.66000366210938,132.32000732421875,2783500
2024-07-19,129.73292541503906,131.77999877929688,132.77999877929688,130.2899932861328,131.9600067138672,1731400
2024-07-22,131.34742736816406,133.4199981689453,133.92999267578125,131.39999389648438,133.05999755859375,2009400
2024-07-23,128.6204833984375,130.64999389648438,137.66000366210938,130.49000549316406,137.61000061035156,1640800
2024-07-24,132.07598876953125,134.16000366210938,134.42999267578125,130.17999267578125,130.8699951171875,2066700
2024-07-25,132.8832244873047,134.97999572753906,138.3699951171875,133.4499969482422,133.9499969482422,1338900
2024-07-26,135.1868896484375,137.32000732421875,140.2899932861328,136.0800018310547,136.69000244140625,1717700
2024-07-29,135.24594116210938,137.3800048828125,137.77999877929688,135.6199951171875,137.58999633789062,1222600
2024-07-30,137.32318115234375,139.49000549316406,139.72999572753906,137.11000061035156,138.0399932861328,1428000
2024-07-31,139.20350646972656,141.39999389648438,144.0,139.7100067138672,140.38999938964844,2582700
2024-08-01,140.64083862304688,142.86000061035156,144.22000122070312,141.75,142.24000549316406,2896500
2024-08-02,136.88015747070312,139.0399932861328,143.1699981689453,135.75999450683594,141.97999572753906,2298400
2024-08-05,132.60757446289062,134.6999969482422,136.82000732421875,133.05999755859375,136.5500030517578,1885200
2024-08-06,134.14334106445312,136.25999450683594,138.9199981689453,134.27000427246094,135.4199981689453,1462000
2024-08-07,131.87908935546875,133.9600067138672,138.08999633789062,133.69000244140625,137.25,1553900
2024-08-08,134.6355743408203,136.75999450683594,137.22000122070312,133.77999877929688,134.14999389648438,976900
2024-08-09,134.77340698242188,136.89999389648438,137.86000061035156,136.10000610351562,136.83999633789062,737600
2024-08-12,133.4936065673828,135.60000610351562,136.80999755859375,134.47999572753906,136.80999755859375,1347200
2024-08-13,135.2853240966797,137.4199981689453,137.6999969482422,135.3300018310547,135.8300018310547,1158000
2024-08-14,133.91693115234375,136.02999877929688,138.69000244140625,135.8800048828125,137.92999267578125,1090000
2024-08-15,137.71697998046875,139.88999938964844,139.99000549316406,137.66000366210938,137.66000366210938,1120300
2024-08-16,137.8646240234375,140.0399932861328,140.89999389648438,138.52000427246094,139.7899932861328,1284800
2024-08-19,138.32733154296875,140.50999450683594,141.2899932861328,139.27999877929688,140.5500030517578,1714000
2024-08-20,137.57911682128906,139.75,141.5399932861328,139.42999267578125,140.60000610351562,1227700
2024-08-21,137.81541442871094,139.99000549316406,140.7899932861328,139.14999389648438,139.97999572753906,2263000
2024-08-22,138.0418243408203,140.22000122070312,145.4499969482422,138.14999389648438,145.3800048828125,2634500
2024-08-23,138.68173217773438,140.8699951171875,142.27000427246094,140.16000366210938,141.2100067138672,1735700
2024-08-26,138.30764770507812,140.49000549316406,141.17999267578125,139.9600067138672,141.11000061035156,1013200
2024-08-27,138.90817260742188,141.10000610351562,141.2100067138672,139.7100067138672,140.47999572753906,949700
2024-08-28,138.8687744140625,141.05999755859375,142.30999755859375,140.2899932861328,141.52999877929688,1089900
2024-08-29,140.3159637451172,142.52999877929688,143.44000244140625,141.11000061035156,142.07000732421875,1577400
2024-08-30,140.6998748779297,142.9199981689453,143.27000427246094,141.02000427246094,142.16000366210938,1570700
2024-09-03,136.80142211914062,138.9600067138672,143.27000427246094,138.05999755859375,141.6300048828125,1629200
2024-09-04,136.0138397216797,138.16000366210938,139.66000366210938,136.49000549316406,138.38999938964844,1368700
2024-09-05,136.2107391357422,138.36000061035156,139.05999755859375,136.92999267578125,138.36000061035156,1194600
2024-09-06,135.06874084472656,137.1999969482422,140.0,136.50999450683594,138.4499969482422,1298400
2024-09-09,135.94493103027344,138.08999633789062,139.5399932861328,137.14999389648438,138.8000030517578,1770300
2024-09-10,135.8858642578125,138.02999877929688,138.2100067138672,135.94000244140625,137.52999877929688,1357700
2024-09-11,136.5454559326172,138.6999969482422,138.86000061035156,134.75999450683594,137.33999633789062,1405500
2024-09-12,134.2713165283203,136.38999938964844,138.6199951171875,134.25,138.1999969482422,1616500
2024-09-13,135.17701721191406,137.30999755859375,137.61000061035156,136.3699951171875,136.80999755859375,917800
2024-09-16,136.16148376464844,138.30999755859375,139.77999877929688,137.5,138.27999877929688,887000
2024-09-17,136.20089721679688,138.35000610351562,139.77999877929688,137.38999938964844,138.66000366210938,1210200
2024-09-18,136.85061645507812,139.00999450683594,141.0,137.42999267578125,138.5,1390500
2024-09-19,139.74497985839844,141.9499969482422,143.44000244140625,141.4600067138672,141.85000610351562,1225900
2024-09-20,137.9138641357422,140.08999633789062,141.39999389648438,137.8800048828125,141.2100067138672,2613600
2024-09-23,137.61851501464844,139.7899932861328,141.14999389648438,138.60000610351562,141.14999389648438,2179500
2024-09-24,139.66619873046875,141.8699951171875,143.27000427246094,139.30999755859375,140.10000610351562,1930100
2024-09-25,137.27392578125,139.44000244140625,142.83999633789062,139.2100067138672,141.97000122070312,1437300
2024-09-26,144.46055603027344,146.74000549316406,146.9600067138672,140.5399932861328,141.25999450683594,2149700
2024-09-27,145.76002502441406,148.05999755859375,150.0800018310547,147.17999267578125,147.17999267578125,2213000
2024-09-30,146.1735076904297,148.47999572753906,148.8300018310547,146.7100067138672,147.6999969482422,1408300
2024-10-01,144.51303100585938,146.55999755859375,148.19000244140625,144.02000427246094,148.19000244140625,1408600
2024-10-02,144.4933319091797,146.5399932861328,147.64999389648438,145.11000061035156,146.27000427246094,1200100
2024-10-03,142.53111267089844,144.5500030517578,145.97999572753906,144.08999633789062,145.42999267578125,1100000
2024-10-04,142.9452362060547,144.97000122070312,146.55999755859375,144.1999969482422,146.1999969482422,1001100
2024-10-07,141.88031005859375,143.88999938964844,144.4499969482422,142.8300018310547,144.1300048828125,836700
2024-10-08,142.5902557373047,144.61000061035156,145.24000549316406,143.83999633789062,144.0,915000
2024-10-09,142.7776336669922,144.8000030517578,145.58999633789062,144.17999267578125,145.02999877929688,634700
2024-10-10,140.7463836669922,142.74000549316406,144.41000366210938,142.60000610351562,143.2100067138672,1288900
2024-10-11,141.81130981445312,143.82000732421875,145.05999755859375,143.05999755859375,143.05999755859375,1427400
2024-10-14,142.23529052734375,144.25,145.07000732421875,142.82000732421875,144.0,1765200
2024-10-15,142.5607147216797,144.5800018310547,146.66000366210938,144.07000732421875,144.35000610351562,1251200
2024-10-16,137.1670684814453,139.11000061035156,142.57000732421875,138.44000244140625,141.50999450683594,1702100
2024-10-17,135.5006866455078,137.4199981689453,142.52999877929688,136.47999572753906,141.80999755859375,1592900
2024-10-18,136.89100646972656,138.8300018310547,139.52000427246094,137.24000549316406,138.52999877929688,1185200
2024-10-21,134.84991455078125,136.75999450683594,138.80999755859375,136.22000122070312,138.35000610351562,975900
2024-10-22,131.59600830078125,133.4600067138672,134.75,131.97999572753906,134.69000244140625,1822700
2024-10-23,131.17202758789062,133.02999877929688,134.3000030517578,131.36000061035156,133.27000427246094,1657500
2024-10-24,128.86471557617188,130.69000244140625,133.30999755859375,130.69000244140625,133.13999938964844,1830100
2024-10-25,128.37167358398438,130.19000244140625,131.7100067138672,129.35000610351562,131.17999267578125,1248500
2024-10-28,129.70278930664062,131.5399932861328,132.22999572753906,130.33999633789062,131.75,1739800
2024-10-29,129.39715576171875,131.22999572753906,132.2899932861328,130.55999755859375,131.13999938964844,941500
2024-10-30,129.65353393554688,131.49000549316406,134.11000061035156,131.13999938964844,131.66000366210938,1550500
2024-10-31,128.489990234375,130.30999755859375,131.44000244140625,129.86000061035156,130.6699981689453,1596000
2024-11-01,134.9583740234375,136.8699951171875,140.97000122070312,135.27000427246094,139.13999938964844,2077700
2024-11-04,137.6995391845703,139.64999389648438,140.63999938964844,136.91000366210938,137.32000732421875,1795400
2024-11-05,138.4489288330078,140.41000366210938,140.7899932861328,137.24000549316406,138.17999267578125,1240500
2024-11-06,135.8556671142578,137.77999877929688,143.07000732421875,137.0399932861328,143.0,2528900
2024-11-07,137.6798095703125,139.6300048828125,140.07000732421875,137.57000732421875,138.7899932861328,2182800
2024-11-08,134.77102661132812,136.67999267578125,138.6699981689453,134.94000244140625,137.6699981689453,1918600
2024-11-11,131.99041748046875,133.86000061035156,137.4600067138672,133.1999969482422,137.07000732421875,5405500
2024-11-12,131.80307006835938,133.6699981689453,136.0399932861328,133.63999938964844,133.86000061035156,1490800
2024-11-13,132.40455627441406,134.27999877929688,134.8699951171875,132.19000244140625,133.25999450683594,1103100
2024-11-14,128.40126037597656,130.22000122070312,134.35000610351562,130.16000366210938,133.69000244140625,1971100
2024-11-15,125.29524993896484,127.06999969482422,129.7100067138672,125.81999969482422,129.47000122070312,2631100
2024-11-18,125.14733123779297,126.91999816894531,128.08999633789062,126.01000213623047,126.91999816894531,1445000
2024-11-19,123.93453216552734,125.69000244140625,127.12000274658203,125.12000274658203,125.77999877929688,1838200
2024-11-20,126.77430725097656,128.57000732421875,128.7100067138672,124.88999938964844,125.31999969482422,1696000
2024-11-21,130.21556091308594,132.05999755859375,132.19000244140625,129.05999755859375,129.7100067138672,2882100
2024-11-22,131.97068786621094,133.83999633789062,134.32000732421875,131.5,132.10000610351562,2067800
2024-11-25,132.61160278320312,134.49000549316406,135.61000061035156,133.75999450683594,134.52999877929688,3355400
2024-11-26,132.4932861328125,134.3699951171875,134.80999755859375,126.16999816894531,127.0199966430664,3443900
2024-11-27,136.21063232421875,138.13999938964844,139.0,134.24000549316406,134.69000244140625,2336900
2024-11-29,136.0430145263672,137.97000122070312,139.10000610351562,137.0800018310547,137.27000427246094,1183300
2024-12-02,137.6305389404297,139.5800018310547,140.02000427246094,137.10000610351562,137.8300018310547,1702200
2024-12-03,137.334716796875,139.27999877929688,139.60000610351562,136.6999969482422,138.80999755859375,1714800
2024-12-04,138.24185180664062,140.1999969482422,142.41000366210938,137.69000244140625,139.1999969482422,1948900
2024-12-05,135.94439697265625,137.8699951171875,140.57000732421875,137.55999755859375,139.0,1994500
2024-12-06,138.61654663085938,140.5800018310547,141.7899932861328,138.9600067138672,139.47000122070312,1297600
2024-12-09,141.98878479003906,144.0,144.57000732421875,140.44000244140625,140.80999755859375,1547300
2024-12-10,139.94769287109375,141.92999267578125,144.89999389648438,141.72999572753906,144.25,1261300
2024-12-11,139.21803283691406,141.19000244140625,143.58999633789062,141.1699981689453,142.86000061035156,1848700
2024-12-12,138.9419708251953,140.91000366210938,141.72000122070312,139.8800048828125,140.5,976300
2024-12-13,137.05860900878906,139.0,140.47000122070312,137.2899932861328,140.36000061035156,1474300
2024-12-16,135.74717712402344,137.6699981689453,139.94000244140625,137.0,138.6300048828125,1580700
2024-12-17,134.5541229248047,136.4600067138672,139.33999633789062,136.1999969482422,137.5800018310547,2430600
2024-12-18,131.15228271484375,133.00999450683594,137.57000732421875,132.91000366210938,136.9499969482422,1746900
2024-12-19,131.3297882080078,133.19000244140625,134.27000427246094,131.6199951171875,133.13999938964844,2166500
2024-12-20,132.63133239746094,134.50999450683594,135.52999877929688,133.22999572753906,133.22999572753906,4363900
2024-12-23,132.72006225585938,134.60000610351562,134.69000244140625,133.1699981689453,134.16000366210938,1194900
2024-12-24,134.19912719726562,136.10000610351562,136.10000610351562,134.14999389648438,134.60000610351562,370200
2024-12-26,133.93292236328125,135.8300018310547,135.97999572753906,134.97000122070312,135.00999450683594,556600
2024-12-27,133.64695739746094,135.5399932861328,136.22000122070312,134.58999633789062,134.6199951171875,631800
2024-12-30,132.54258728027344,134.4199981689453,135.58999633789062,133.24000549316406,134.39999389648438,993600
2024-12-31,132.70855712890625,134.33999633789062,135.91000366210938,134.02999877929688,134.80999755859375,719600
2025-01-02,131.80958557128906,133.42999267578125,135.72999572753906,132.8699951171875,135.2100067138672,953600
2025-01-03,134.04214477539062,135.69000244140625,136.0500030517578,132.75999450683594,133.4499969482422,1246900
2025-01-06,134.7731475830078,136.42999267578125,138.33999633789062,135.33999633789062,135.60000610351562,1047000
2025-01-07,135.74127197265625,137.41000366210938,140.27999877929688,135.97999572753906,136.8300018310547,1056700
2025-01-08,135.3362579345703,137.0,137.67999267578125,135.6300048828125,137.67999267578125,1684600
2025-01-10,135.80055236816406,137.47000122070312,140.13999938964844,134.7100067138672,134.75,1369900
2025-01-13,140.22613525390625,141.9499969482422,142.82000732421875,137.0,137.22000122070312,1562000
2025-01-14,141.6881561279297,143.42999267578125,145.3800048828125,140.14999389648438,142.0,2445400
2025-01-15,140.50271606445312,142.22999572753906,146.5,138.67999267578125,144.13999938964844,2328600
2025-01-16,142.96249389648438,144.72000122070312,145.11000061035156,140.42999267578125,142.77999877929688,1661400
2025-01-17,145.57041931152344,147.36000061035156,148.4600067138672,145.1999969482422,145.8800048828125,3210300
2025-01-21,150.7171630859375,152.57000732421875,153.17999267578125,148.00999450683594,148.6699981689453,2759600
2025-01-22,150.74679565429688,152.60000610351562,153.75999450683594,151.72000122070312,152.8300018310547,1730900
2025-01-23,150.59861755371094,152.4499969482422,152.9600067138672,148.17999267578125,152.8300018310547,1332000
2025-01-24,149.60089111328125,151.44000244140625,152.77000427246094,150.77999877929688,152.10000610351562,1844900
2025-01-27,149.126708984375,150.9600067138672,152.22000122070312,148.72999572753906,151.55999755859375,2229600
2025-01-28,148.5142364501953,150.33999633789062,153.24000549316406,150.2100067138672,152.61000061035156,1791600
2025-01-29,145.3037109375,147.08999633789062,149.89999389648438,146.5500030517578,148.99000549316406,1583200
2025-01-30,149.54161071777344,151.3800048828125,152.47999572753906,147.64999389648438,148.9499969482422,1496000
2025-01-31,149.67991638183594,151.52000427246094,153.83999633789062,150.5,150.9600067138672,1886600
2025-02-03,146.8250274658203,148.6300048828125,150.32000732421875,147.8800048828125,149.75999450683594,1637900
2025-02-04,145.2543182373047,147.0399932861328,148.64999389648438,146.27000427246094,148.02000427246094,1290900
2025-02-05,146.19277954101562,147.99000549316406,148.7100067138672,146.30999755859375,147.88999938964844,1348100
2025-02-06,145.84703063964844,147.63999938964844,148.61000061035156,146.1999969482422,147.02000427246094,1143000
2025-02-07,143.44654846191406,145.2100067138672,149.38999938964844,144.41000366210938,148.2100067138672,1557800
2025-02-10,141.94500732421875,143.69000244140625,145.85000610351562,141.8300018310547,145.5800018310547,1764700
2025-02-11,140.02854919433594,141.75,144.1999969482422,141.32000732421875,142.22999572753906,1134200
2025-02-12,136.4031219482422,138.0800018310547,139.8000030517578,136.39999389648438,138.77999877929688,2103600
2025-02-13,134.79293823242188,136.4499969482422,138.35000610351562,136.05999755859375,138.27000427246094,1395400
2025-02-14,133.03453063964844,134.6699981689453,137.16000366210938,134.30999755859375,136.99000549316406,1358700
2025-02-18,133.55810546875,135.1999969482422,136.19000244140625,133.94000244140625,134.50999450683594,2121000
2025-02-19,135.48443603515625,137.14999389648438,137.49000549316406,134.0500030517578,134.58999633789062,1738100
2025-02-20,135.12879943847656,136.7899932861328,138.5800018310547,136.10000610351562,137.66000366210938,872700
2025-02-21,133.7260284423828,135.3699951171875,137.52999877929688,135.14999389648438,136.86000061035156,1112200
2025-02-24,133.63714599609375,135.27999877929688,136.94000244140625,134.77000427246094,135.5,2037500
2025-02-25,132.55047607421875,134.17999267578125,136.27999877929688,133.1999969482422,135.14999389648438,2607000
2025-02-26,132.83700561523438,134.47000122070312,136.47000122070312,133.64999389648438,135.0,1539900
2025-02-27,125.53672790527344,127.08000183105469,131.32000732421875,125.80999755859375,128.77999877929688,3469100
2025-02-28,126.36651611328125,127.91999816894531,129.50999450683594,125.95999908447266,128.1999969482422,2852700
2025-03-03,124.79582977294922,126.33000183105469,129.0,125.63999938964844,129.0,2184500
2025-03-04,121.5655288696289,123.05999755859375,125.75,121.44999694824219,125.0,2524100
2025-03-05,124.97364044189453,126.51000213623047,127.30000305175781,122.29000091552734,122.4800033569336,2046900
2025-03-06,125.01315307617188,126.55000305175781,129.5,125.7699966430664,126.0,2300000
2025-03-07,125.16132354736328,126.69999694824219,128.10000610351562,124.4000015258789,125.94999694824219,2056100
2025-03-10,120.41962432861328,121.9000015258789,126.6500015258789,121.62000274658203,125.20999908447266,3412300
2025-03-11,119.56018829345703,121.02999877929688,123.27999877929688,119.30000305175781,122.58999633789062,2106600
2025-03-12,118.39452362060547,119.8499984741211,123.69999694824219,119.08000183105469,122.0999984741211,1807100
2025-03-13,115.90512084960938,117.33000183105469,120.08000183105469,117.16999816894531,119.0,1984800
2025-03-14,119.70836639404297,121.18000030517578,122.05000305175781,117.5,118.80999755859375,2978800
2025-03-17,121.00245666503906,122.48999786376953,123.5,120.77999877929688,121.0999984741211,2015400
2025-03-18,121.60504150390625,123.0999984741211,123.19999694824219,121.41999816894531,122.0999984741211,1415400
2025-03-19,120.7258529663086,122.20999908447266,123.23999786376953,121.30999755859375,122.55999755859375,1706100
2025-03-20,118.81929779052734,120.27999877929688,122.08000183105469,119.69000244140625,121.72000122070312,1620600
2025-03-21,119.28358459472656,120.75,120.77999877929688,117.91999816894531,119.37999725341797,3041400
2025-03-24,120.48876953125,121.97000122070312,124.43000030517578,120.88999938964844,121.87999725341797,1557400
2025-03-25,119.04650115966797,120.51000213623047,123.04000091552734,119.76000213623047,122.5999984741211,1605900
2025-03-26,118.44390869140625,119.9000015258789,121.13999938964844,119.05000305175781,120.72000122070312,2652900
2025-03-27,117.52521514892578,118.97000122070312,120.33000183105469,118.7300033569336,120.0,2075700
2025-03-28,115.27289581298828,116.69000244140625,119.66000366210938,116.36000061035156,119.20999908447266,1772900
2025-03-31,115.55937957763672,116.9800033569336,117.7300033569336,113.76000213623047,116.36000061035156,2014000
2025-04-01,112.90432739257812,114.05000305175781,116.47000122070312,113.36000061035156,116.41999816894531,2302800
2025-04-02,114.82481384277344,115.98999786376953,116.23999786376953,112.75,113.12000274658203,1947600
2025-04-03,108.56830596923828,109.66999816894531,113.9000015258789,109.56999969482422,113.0999984741211,3802400
2025-04-04,101.96531677246094,103.0,107.69999694824219,102.8499984741211,107.13999938964844,3826300
2025-04-07,102.54938507080078,103.58999633789062,107.0,98.51000213623047,102.62999725341797,3562900
2025-04-08,98.29258728027344,99.29000091552734,106.76000213623047,97.37000274658203,106.05999755859375,4525100
2025-04-09,105.9746322631836,107.05000305175781,107.30000305175781,96.43000030517578,98.05999755859375,4234600
2025-04-10,98.94595336914062,99.94999694824219,105.27999877929688,96.80999755859375,104.81999969482422,4977800
2025-04-11,101.67823028564453,102.70999908447266,103.33999633789062,98.86000061035156,101.1500015258789,2849100
2025-04-14,104.1333236694336,105.19000244140625,106.20999908447266,104.0,104.94000244140625,1906700
2025-04-15,102.08411407470703,103.12000274658203,105.25,102.54000091552734,104.30000305175781,1326700
2025-04-16,101.66831970214844,102.69999694824219,104.83000183105469,101.87000274658203,103.22000122070312,1454400
2025-04-17,101.45054626464844,102.4800033569336,103.5,101.36000061035156,102.62999725341797,1769900
2025-04-21,99.25284576416016,100.26000213623047,102.04000091552734,99.12000274658203,101.8499984741211,2321800
2025-04-22,101.77722930908203,102.80999755859375,103.94000244140625,101.19999694824219,102.0,2321500
2025-04-23,103.94522094726562,105.0,109.62000274658203,104.75,106.66999816894531,2236200
2025-04-24,105.94493865966797,107.0199966430664,107.08000183105469,103.16000366210938,105.41999816894531,1989400
2025-04-25,105.21236419677734,106.27999877929688,106.43000030517578,104.3499984741211,105.87000274658203,1120600
2025-04-28,105.79644012451172,106.87000274658203,108.55999755859375,105.38999938964844,107.3499984741211,1689700
2025-04-29,106.3805160522461,107.45999908447266,108.0199966430664,105.77999877929688,106.9000015258789,1201800
2025-04-30,106.51909637451172,107.5999984741211,107.94999694824219,105.44999694824219,106.95999908447266,1452200
2025-05-01,105.39056396484375,106.45999908447266,108.2300033569336,104.0999984741211,107.25,1523100
2025-05-02,107.53875732421875,108.62999725341797,110.33000183105469,107.44999694824219,109.23999786376953,1213100
2025-05-05,107.28136444091797,108.37000274658203,109.25,107.45999908447266,108.0999984741211,1385500
2025-05-06,104.18281555175781,105.23999786376953,108.20999908447266,104.36000061035156,107.25,1960600
2025-05-07,106.43990325927734,107.5199966430664,107.5999984741211,104.79000091552734,106.69000244140625,2143700
2025-05-08,107.60806274414062,108.69999694824219,110.6500015258789,106.55000305175781,108.0,2093300
2025-05-09,105.8558349609375,106.93000030517578,109.86000061035156,106.79000091552734,108.95999908447266,1369500
2025-05-12,114.38925170898438,115.55000305175781,115.70999908447266,110.44999694824219,110.80999755859375,2873100
2025-05-13,114.26055145263672,115.41999816894531,116.87999725341797,114.81999969482422,115.43000030517578,2845300
2025-05-14,110.39973449707031,111.5199966430664,115.5,111.27999877929688,114.94999694824219,2563400
2025-05-15,111.27088928222656,112.4000015258789,112.4000015258789,108.93000030517578,111.27999877929688,1873900
2025-05-16,112.62713623046875,113.7699966430664,113.83000183105469,110.81999969482422,112.27999877929688,1812000
2025-05-19,112.3004379272461,113.44000244140625,113.47000122070312,112.02999877929688,112.5,2086300
2025-05-20,112.34003448486328,113.4800033569336,114.13999938964844,112.66000366210938,113.44999694824219,2245800
2025-05-21,107.81594848632812,108.91000366210938,112.61000061035156,108.69999694824219,112.0,2859800
2025-05-22,108.57821655273438,109.68000030517578,110.19000244140625,107.97000122070312,108.36000061035156,2379800
2025-05-23,107.43975830078125,108.52999877929688,109.05999755859375,107.06999969482422,107.77999877929688,1691000
2025-05-27,110.14234924316406,111.26000213623047,111.7699966430664,109.97000122070312,110.75,2103900
2025-05-28,109.76615142822266,110.87999725341797,111.58000183105469,110.13999938964844,110.83000183105469,2733100
2025-05-29,112.14205169677734,113.27999877929688,116.98999786376953,113.0,116.94999694824219,3837400
2025-05-30,110.79570007324219,111.91999816894531,112.91000366210938,110.79000091552734,112.02999877929688,4753600
2025-06-02,109.93446350097656,111.05000305175781,111.41000366210938,110.02999877929688,111.13999938964844,1757000
2025-06-03,111.62728118896484,112.76000213623047,112.98999786376953,109.75,110.88999938964844,1491200
2025-06-04,113.78536987304688,114.94000244140625,115.29000091552734,112.88999938964844,113.36000061035156,2692800
2025-06-05,112.79542541503906,113.94000244140625,115.5,113.63999938964844,115.41999816894531,1875900
2025-06-06,114.6367416381836,115.80000305175781,116.0199966430664,114.77999877929688,115.41000366210938,1556400
2025-06-09,115.5672836303711,116.73999786376953,118.47000122070312,115.7699966430664,116.61000061035156,2147800
2025-06-10,119.30931854248047,120.5199966430664,121.16000366210938,117.12999725341797,117.9000015258789,3499500
2025-06-11,118.5173568725586,119.72000122070312,122.83000183105469,119.66999816894531,120.76000213623047,2752400
2025-06-12,117.71549987792969,118.91000366210938,120.05000305175781,118.52999877929688,118.9800033569336,1361500
2025-06-13,115.90388488769531,117.08000183105469,118.9000015258789,116.44999694824219,116.68000030517578,1652000
2025-06-16,117.82438659667969,119.0199966430664,119.33999633789062,115.56999969482422,117.69000244140625,1402800
2025-06-17,114.92382049560547,116.08999633789062,118.47000122070312,115.81999969482422,117.5,1577100
2025-06-18,114.35953521728516,115.5199966430664,116.87999725341797,114.66999816894531,116.08999633789062,1560300
2025-06-20,114.3991470336914,115.55999755859375,116.86000061035156,115.08000183105469,116.16999816894531,3043900
2025-06-23,114.96342468261719,116.12999725341797,116.2300033569336,113.69999694824219,114.94999694824219,1448400
2025-06-24,116.45825958251953,117.63999938964844,118.0,116.56999969482422,117.33000183105469,1945300
2025-06-25,117.42840576171875,118.62000274658203,119.77999877929688,116.97000122070312,117.11000061035156,1690000
2025-06-26,118.22036743164062,119.41999816894531,120.54000091552734,118.04000091552734,119.18000030517578,1488000
2025-06-27,117.97288513183594,119.16999816894531,120.20999908447266,118.18000030517578,120.0,1734700
2025-06-30,116.82453918457031,118.01000213623047,119.66000366210938,117.44999694824219,119.19000244140625,1602400
2025-07-01,119.49114227294922,120.44999694824219,123.16000366210938,116.83999633789062,117.44000244140625,1935700
2025-07-02,119.699462890625,120.66000366210938,121.58999633789062,119.45999908447266,121.0,1467100
2025-07-03,120.41373443603516,121.37999725341797,121.75,120.66999816894531,121.0,945000
2025-07-07,118.30068969726562,119.25,120.75,118.0999984741211,120.4000015258789,1459900
2025-07-08,120.04669189453125,121.01000213623047,123.11000061035156,119.27999877929688,119.58000183105469,1917000
2025-07-09,120.3343734741211,121.30000305175781,122.3499984741211,118.9000015258789,121.4000015258789,1806700
2025-07-10,123.18152618408203,124.16999816894531,126.44000244140625,120.94000244140625,121.62999725341797,2269500
2025-07-11,122.29861450195312,123.27999877929688,123.66000366210938,122.33999633789062,122.93000030517578,1383000
2025-07-14,119.12408447265625,120.08000183105469,121.86000061035156,119.2699966430664,121.83999633789062,2028700
2025-07-15,112.04093170166016,112.94000244140625,119.76000213623047,111.93000030517578,118.0,3950600
2025-07-16,112.52701568603516,113.43000030517578,114.45999908447266,111.86000061035156,113.45999908447266,2248800
2025-07-17,115.43370056152344,116.36000061035156,116.56999969482422,113.25,114.0999984741211,1552900
2025-07-18,113.08255767822266,113.98999786376953,117.19999694824219,113.52999877929688,116.81999969482422,1521800
2025-07-21,111.14808654785156,112.04000091552734,113.66000366210938,110.75,113.2300033569336,2060800
2025-07-22,115.26506042480469,116.19000244140625,117.05000305175781,112.13999938964844,112.8499984741211,1692000
2025-07-23,118.5189437866211,119.47000122070312,120.79000091552734,117.4800033569336,119.37999725341797,1939700
2025-07-24,119.39192962646484,120.3499984741211,122.75,119.43000030517578,119.43000030517578,1602800
2025-07-25,119.22329711914062,120.18000030517578,121.01000213623047,119.0199966430664,120.5,1972700
2025-07-28,118.58837890625,119.54000091552734,120.7699966430664,118.72000122070312,119.41000366210938,1679100
2025-07-29,118.88599395751953,119.83999633789062,120.51000213623047,118.86000061035156,119.75,1212200
2025-07-30,117.1102523803711,118.05000305175781,120.45999908447266,117.2300033569336,120.23999786376953,979100
2025-07-31,113.89602661132812,114.80999755859375,118.33999633789062,114.47000122070312,116.56999969482422,2339500
2025-08-01,112.59647369384766,113.5,114.31999969482422,111.19000244140625,113.44999694824219,1888600
2025-08-04,113.92578887939453,114.83999633789062,115.02999877929688,112.01000213623047,113.16999816894531,1343200
2025-08-05,113.97539520263672,114.88999938964844,115.43000030517578,114.25,114.80999755859375,1271000
2025-08-06,112.32862091064453,113.2300033569336,115.08000183105469,112.55999755859375,115.08000183105469,1058700
2025-08-07,113.07263946533203,113.9800033569336,114.91999816894531,113.16000366210938,114.5,1157400
2025-08-08,113.70755004882812,114.62000274658203,115.0,113.38999938964844,114.30999755859375,1129700
2025-08-11,113.22144317626953,114.12999725341797,115.66999816894531,113.7300033569336,115.04000091552734,1082300
2025-08-12,116.38604736328125,117.31999969482422,117.37000274658203,114.4000015258789,114.51000213623047,917400
2025-08-13,119.33241271972656,120.29000091552734,120.4000015258789,117.86000061035156,118.05999755859375,983500
2025-08-14,117.92372131347656,118.87000274658203,119.41000366210938,118.1500015258789,119.2300033569336,926300
2025-08-15,118.25109100341797,119.19999694824219,119.95999908447266,118.48999786376953,119.61000061035156,1238500
2025-08-18,117.2094497680664,118.1500015258789,119.5999984741211,118.1500015258789,119.12000274658203,1021100
2025-08-19,119.15384674072266,120.11000061035156,120.58999633789062,118.1500015258789,118.5,1313500
2025-08-20,118.16180419921875,119.11000061035156,120.45999908447266,118.27999877929688,119.87000274658203,1431900
2025-08-21,116.21741485595703,117.1500015258789,118.69999694824219,117.02999877929688,118.48999786376953,744700
2025-08-22,120.6617431640625,121.62999725341797,122.41000366210938,117.47000122070312,118.2699966430664,1291000
2025-08-25,118.20148468017578,119.1500015258789,121.69000244140625,118.4800033569336,121.5,1482500
2025-08-26,117.35826110839844,118.30000305175781,119.62999725341797,118.11000061035156,119.2300033569336,1898200
2025-08-27,117.74515533447266,118.69000244140625,119.19999694824219,117.51000213623047,118.5,1698600
2025-08-28,123.96524047851562,124.95999908447266,125.41999816894531,118.19999694824219,118.80000305175781,3886400
2025-08-29,124.65966796875,125.66000366210938,126.30000305175781,124.11000061035156,125.0,1781200
2025-09-02,124.21324157714844,125.20999908447266,125.5199966430664,121.80000305175781,124.87999725341797,2412700
2025-09-03,124.2231674194336,125.22000122070312,125.83000183105469,123.72000122070312,124.95999908447266,2497300
2025-09-04,127.45720672607422,128.47999572753906,128.8300018310547,123.80000305175781,125.0,2715400
2025-09-05,127.72506713867188,128.75,131.0,128.38999938964844,128.72000122070312,1633200
2025-09-08,127.1100082397461,128.1300048828125,128.4199981689453,126.27999877929688,127.4800033569336,2136200
2025-09-09,125.24496459960938,126.25,128.25999450683594,125.8499984741211,128.10000610351562,1470300
2025-09-10,123.13192749023438,124.12000274658203,126.72000122070312,124.01000213623047,125.91999816894531,1669500
2025-09-11,125.72114562988281,126.7300033569336,127.05000305175781,124.87000274658203,125.51000213623047,1474100
2025-09-12,122.25892639160156,123.23999786376953,126.52999877929688,123.12999725341797,126.44999694824219,1250800
2025-09-15,124.6299057006836,125.62999725341797,126.41000366210938,123.69999694824219,123.98999786376953,2084900
2025-09-16,126.17748260498047,127.19000244140625,127.58000183105469,125.0199966430664,125.62999725341797,1721100
2025-09-17,125.71121978759766,126.72000122070312,130.0800018310547,126.37999725341797,127.72000122070312,1921700
2025-09-18,126.60406494140625,127.62000274658203,128.5399932861328,126.76000213623047,127.76000213623047,1513200
2025-09-19,125.31440734863281,126.31999969482422,128.5500030517578,126.0199966430664,128.27999877929688,2844300
2025-09-22,125.32433319091797,126.33000183105469,126.62000274658203,125.16999816894531,125.5,976700
2025-09-23,124.93744659423828,125.94000244140625,126.98999786376953,125.9000015258789,126.16999816894531,1281500
2025-09-24,123.38986206054688,124.37999725341797,125.95999908447266,124.08000183105469,125.16999816894531,1239900
2025-09-25,120.91967010498047,121.88999938964844,123.66000366210938,120.77999877929688,123.66000366210938,1411800
2025-09-26,122.40773010253906,123.38999938964844,124.05000305175781,121.55000305175781,122.05000305175781,1167100
2025-09-29,122.76487731933594,123.75,124.2300033569336,122.56999969482422,123.76000213623047,1486100
2025-09-30,127.58393859863281,128.35000610351562,128.38999938964844,123.01000213623047,123.41999816894531,2417900
2025-10-01,137.75286865234375,138.5800018310547,138.97999572753906,128.19000244140625,128.33999633789062,4333300
2025-10-02,137.87216186523438,138.6999969482422,140.63999938964844,136.89999389648438,137.5500030517578,2228800
2025-10-03,140.79461669921875,141.63999938964844,143.08999633789062,138.85000610351562,139.0,2346000
2025-10-06,140.76478576660156,141.61000061035156,141.94000244140625,139.89999389648438,141.50999450683594,1538400
2025-10-07,137.7329864501953,138.55999755859375,142.27000427246094,138.44000244140625,141.86000061035156,1444600
2025-10-08,139.9695587158203,140.80999755859375,142.44000244140625,138.97000122070312,140.36000061035156,1698700
2025-10-09,139.27374267578125,140.11000061035156,140.94000244140625,138.47999572753906,140.27999877929688,1149900
2025-10-10,135.8045654296875,136.6199951171875,140.57000732421875,136.2899932861328,139.66000366210938,1968200
2025-10-13,137.40496826171875,138.22999572753906,139.83999633789062,136.75999450683594,137.85000610351562,1481500
2025-10-14,137.21609497070312,138.0399932861328,139.9199981689453,135.5399932861328,136.27000427246094,1142100
2025-10-15,138.8164825439453,139.64999389648438,140.22000122070312,137.35000610351562,138.67999267578125,1692500
2025-10-16,140.25784301757812,141.10000610351562,143.32000732421875,140.25999450683594,140.83999633789062,2180200
2025-10-17,141.07293701171875,141.9199981689453,142.24000549316406,139.02000427246094,139.75999450683594,1506500
2025-10-20,142.146484375,143.0,144.6300048828125,142.27000427246094,143.0,1580500
2025-10-21,144.81048583984375,145.67999267578125,149.5,144.27000427246094,145.3000030517578,1658400
2025-10-22,144.99935913085938,145.8699951171875,147.74000549316406,144.4600067138672,145.27999877929688,1495400
2025-10-23,146.5798797607422,147.4600067138672,148.3300018310547,145.60000610351562,146.3000030517578,1210000
2025-10-24,147.14646911621094,148.02999877929688,149.1199951171875,147.52999877929688,148.1199951171875,1135500
2025-10-27,145.71505737304688,146.58999633789062,148.64999389648438,146.52000427246094,148.27999877929688,1187900
2025-10-28,144.9794921875,145.85000610351562,147.27000427246094,144.6300048828125,145.74000549316406,1470100
2025-10-29,142.34530639648438,143.1999969482422,146.0500030517578,142.8699951171875,145.52000427246094,1902500
2025-10-30,142.5043487548828,143.36000061035156,145.27000427246094,142.2100067138672,142.92999267578125,1519600
2025-10-31,145.48643493652344,146.36000061035156,146.99000549316406,142.60000610351562,142.77999877929688,1487200
2025-11-03,143.826416015625,144.69000244140625,145.5800018310547,142.52999877929688,145.07000732421875,1785800
2025-11-04,145.20811462402344,146.0800018310547,148.7100067138672,143.5,143.5,2176600
2025-11-05,145.89398193359375,146.77000427246094,147.49000549316406,142.4600067138672,143.14999389648438,1664700
2025-11-06,146.6096954345703,147.49000549316406,148.00999450683594,145.10000610351562,145.7899932861328,1286000
2025-11-07,145.8641815185547,146.74000549316406,147.1199951171875,144.5800018310547,146.52000427246094,1027200
2025-11-10,145.48643493652344,146.36000061035156,147.8800048828125,145.10000610351562,146.92999267578125,1310500
2025-11-11,148.52818298339844,149.4199981689453,149.97999572753906,146.77999877929688,146.91000366210938,1218600
2025-11-12,150.6156463623047,151.52000427246094,152.6699981689453,148.77999877929688,149.91000366210938,2064500
2025-11-13,146.0132598876953,146.88999938964844,152.10000610351562,146.52000427246094,149.44000244140625,1940700
2025-11-14,145.94371032714844,146.82000732421875,148.0,144.5,145.32000732421875,1302600
2025-11-17,143.6574249267578,144.52000427246094,147.0399932861328,144.0500030517578,146.3699951171875,1445600
2025-11-18,142.98147583007812,143.83999633789062,145.2899932861328,140.24000549316406,143.24000549316406,2330800
2025-11-19,143.53811645507812,144.39999389648438,145.49000549316406,142.75999450683594,145.49000549316406,1848300
2025-11-20,144.19418334960938,145.05999755859375,147.36000061035156,143.9499969482422,147.16000366210938,1443700
2025-11-21,150.34725952148438,151.25,151.75999450683594,144.47000122070312,144.47000122070312,2469000
2025-11-24,152.68324279785156,153.60000610351562,153.60000610351562,150.47000122070312,151.89999389648438,3984500
2025-11-25,156.26174926757812,157.1999969482422,160.27000427246094,148.0,150.77999877929688,3698000
2025-11-26,153.44862365722656,154.3699951171875,158.1199951171875,154.02000427246094,155.74000549316406,3294300
2025-11-28,152.5838165283203,153.5,154.55999755859375,153.22000122070312,154.11000061035156,1531600
2025-12-01,149.20411682128906,150.10000610351562,153.9499969482422,149.19000244140625,152.5399932861328,2043900
2025-12-02,147.92181396484375,148.80999755859375,151.4600067138672,148.75,150.9600067138672,1653000
2025-12-03,148.36912536621094,149.25999450683594,151.42999267578125,149.10000610351562,149.77000427246094,2163100
2025-12-04,147.43475341796875,148.32000732421875,149.8000030517578,144.22000122070312,149.25999450683594,2865100
2025-12-05,144.6216278076172,145.49000549316406,149.0,144.75999450683594,148.7899932861328,2142100
2025-12-08,141.58984375,142.44000244140625,144.82000732421875,142.17999267578125,144.82000732421875,2195300
2025-12-09,139.80056762695312,140.63999938964844,142.77000427246094,140.22000122070312,142.3000030517578,2324500
2025-12-10,142.6136932373047,143.47000122070312,143.92999267578125,141.05999755859375,141.50999450683594,1864000
2025-12-11,142.0172576904297,142.8699951171875,143.8800048828125,142.13999938964844,143.57000732421875,1226100
2025-12-12,138.84629821777344,139.67999267578125,142.85000610351562,139.14999389648438,142.58999633789062,1961800
2025-12-15,139.7608184814453,140.60000610351562,143.3699951171875,139.72000122070312,141.82000732421875,2712100
2025-12-16,138.35923767089844,139.19000244140625,140.50999450683594,138.0399932861328,140.47999572753906,1798800
2025-12-17,135.84432983398438,136.66000366210938,139.30999755859375,136.27000427246094,138.6699981689453,2242000
2025-12-18,136.0828857421875,136.89999389648438,138.97999572753906,136.22999572753906,137.08999633789062,2693900
2025-12-19,136.42088317871094,137.24000549316406,138.27000427246094,136.42999267578125,137.2100067138672,4959100
2025-12-22,137.6932373046875,138.52000427246094,139.19000244140625,137.2100067138672,137.6199951171875,2038300
2025-12-23,137.53419494628906,138.36000061035156,138.9199981689453,137.63999938964844,138.1699981689453,1208700
2025-12-24,137.4944305419922,138.32000732421875,138.57000732421875,137.77000427246094,138.35000610351562,509000
2025-12-26,137.5640106201172,138.38999938964844,138.6300048828125,137.8699951171875,138.5,739300
2025-12-29,137.10675048828125,137.92999267578125,139.07000732421875,137.6199951171875,138.39999389648438,1640800
2025-12-30,136.79859924316406,137.6199951171875,138.16000366210938,136.8300018310547,137.57000732421875,2423100
2025-12-31,135.2578582763672,136.07000732421875,137.97000122070312,136.0399932861328,137.61000061035156,950000
2026-01-02,137.1266326904297,137.9499969482422,137.9499969482422,135.27000427246094,136.24000549316406,1650600
2026-01-05,142.076904296875,142.92999267578125,142.97000122070312,137.66000366210938,137.6699981689453,2981500
2026-01-06,146.98126220703125,147.60000610351562,148.55999755859375,142.1699981689453,142.17999267578125,2627700
2026-01-07,147.1903839111328,147.80999755859375,149.38999938964844,145.5500030517578,147.63999938964844,2279000
2026-01-08,145.1489715576172,145.75999450683594,148.74000549316406,145.3699951171875,146.74000549316406,1728700
2026-01-09,147.89739990234375,148.52000427246094,150.02999877929688,147.14999389648438,147.47999572753906,1818800
2026-01-12,147.36962890625,147.99000549316406,150.0,146.91000366210938,148.60000610351562,1127900
2026-01-13,145.70663452148438,146.32000732421875,150.10000610351562,143.13999938964844,148.57000732421875,2593400
2026-01-14,145.3083038330078,145.9199981689453,148.3699951171875,145.52000427246094,146.41000366210938,1684100
2026-01-15,144.22288513183594,144.8300018310547,146.89999389648438,144.67999267578125,146.58999633789062,1675000
2026-01-16,139.0546417236328,139.63999938964844,144.8800048828125,139.49000549316406,144.1999969482422,2603400
2026-01-20,135.26060485839844,135.8300018310547,138.77000427246094,134.6300048828125,138.0,3300700
2026-01-21,139.18408203125,139.77000427246094,140.47000122070312,136.02000427246094,136.22000122070312,1988100
2026-01-22,138.0488739013672,138.6300048828125,141.19000244140625,138.42999267578125,139.3000030517578,1453200
2026-01-23,134.48387145996094,135.0500030517578,138.3699951171875,133.9600067138672,138.0,1811600
2026-01-26,135.08135986328125,135.64999389648438,136.9600067138672,134.10000610351562,134.72000122070312,1551900
2026-01-27,135.38009643554688,135.9499969482422,137.08999633789062,134.05999755859375,134.49000549316406,1422500
2026-01-28,133.30880737304688,133.8699951171875,135.57000732421875,133.39999389648438,135.39999389648438,1682600
2026-01-29,132.71133422851562,133.27000427246094,133.30999755859375,129.6300048828125,132.75,1919100
2026-01-30,133.28890991210938,133.85000610351562,133.94000244140625,131.0800018310547,131.94000244140625,1808000
2026-02-02,134.82244873046875,135.38999938964844,135.57000732421875,132.1199951171875,132.6300048828125,1487800
2026-02-03,131.58607482910156,132.13999938964844,137.85000610351562,131.55999755859375,135.38999938964844,2462900
2026-02-04,132.42254638671875,132.97999572753906,134.8699951171875,132.30999755859375,132.30999755859375,1958400
2026-02-05,129.0965576171875,129.63999938964844,133.4499969482422,129.35000610351562,132.19000244140625,1480100
2026-02-06,129.03680419921875,129.5800018310547,131.42999267578125,128.6300048828125,130.32000732421875,1931000
2026-02-09,126.96552276611328,127.5,128.0,125.68000030517578,127.79000091552734,2233500
2026-02-10,128.459228515625,129.0,129.97999572753906,127.29000091552734,128.2899932861328,2124500
2026-02-11,128.35964965820312,128.89999389648438,129.55999755859375,127.13999938964844,128.02999877929688,2062400
2026-02-12,124.35650634765625,124.87999725341797,129.0,120.98999786376953,129.0,3440900
2026-02-13,125.28260803222656,125.80999755859375,127.7699966430664,125.0199966430664,125.5999984741211,1527900
2026-02-17,123.35073852539062,123.87000274658203,125.91000366210938,122.98999786376953,125.87000274658203,2110500
2026-02-18,126.40787506103516,126.94000244140625,126.98999786376953,123.05000305175781,123.63999938964844,1370400
2026-02-19,125.81038665771484,126.33999633789062,126.36000061035156,123.66000366210938,126.01000213623047,1892900
2026-02-20,122.38480377197266,122.9000015258789,125.80000305175781,122.05999755859375,125.19999694824219,4242900
2026-02-23,123.67935180664062,124.19999694824219,124.26000213623047,121.68000030517578,121.83000183105469,2359400
2026-02-24,123.8785171508789,124.4000015258789,125.83000183105469,123.12999725341797,124.51000213623047,2729600
2026-02-25,124.19717407226562,124.72000122070312,125.58999633789062,123.44000244140625,125.51000213623047,2469300
2026-02-26,120.46289825439453,120.97000122070312,124.41000366210938,114.48999786376953,121.88999938964844,6096600
2026-02-27,120.87117767333984,121.37999725341797,121.9800033569336,119.05000305175781,119.61000061035156,4333600
2026-03-02,117.67462921142578,118.16999816894531,119.4000015258789,117.61000061035156,118.8499984741211,3478000
2026-03-03,118.5409927368164,119.04000091552734,119.0999984741211,115.0,116.63999938964844,2770900
2026-03-04,120.03469848632812,120.54000091552734,121.16999816894531,119.25,119.58000183105469,2806100
2026-03-05,117.6148910522461,118.11000061035156,120.29000091552734,117.0999984741211,118.9000015258789,2657400
2026-03-06,114.58763122558594,115.06999969482422,116.7699966430664,114.91000366210938,116.66000366210938,2517300
2026-03-09,116.15104675292969,116.63999938964844,116.70999908447266,113.31999969482422,113.93000030517578,3207800
2026-03-10,114.94612121582031,115.43000030517578,117.04000091552734,114.45999908447266,115.51000213623047,2340100
2026-03-11,114.9361572265625,115.41999816894531,116.66999816894531,114.13999938964844,115.58000183105469,1547500
2026-03-12,111.16204833984375,111.62999725341797,114.19000244140625,110.88999938964844,113.51000213623047,2202800
2026-03-13,111.04254913330078,111.51000213623047,113.6500015258789,111.0199966430664,113.16999816894531,1720500
2026-03-16,111.36121368408203,111.83000183105469,114.06999969482422,111.43000030517578,113.18000030517578,1462900
2026-03-17,112.27735137939453,112.75,114.9000015258789,112.6500015258789,112.94000244140625,2284100
2026-03-18,111.0325927734375,111.5,112.41999816894531,110.33000183105469,111.69999694824219,2404400
2026-03-19,111.28154754638672,111.75,112.58999633789062,110.48999786376953,110.66999816894531,2759000
2026-03-20,110.83343505859375,111.30000305175781,112.52999877929688,110.18000030517578,111.56999969482422,4402500
2026-03-23,111.5504150390625,112.0199966430664,113.69999694824219,111.52999877929688,113.41999816894531,1975900
2026-03-24,113.72126770019531,114.19999694824219,115.23999786376953,110.02999877929688,110.58999633789062,2076900
2026-03-25,112.50639343261719,112.9800033569336,116.4000015258789,111.73999786376953,115.88999938964844,1704500
2026-03-26,113.00430297851562,113.4800033569336,114.5199966430664,113.2699966430664,113.86000061035156,2561800
2026-03-27,109.77787780761719,110.23999786376953,113.73999786376953,109.9000015258789,113.52999877929688,1269900
2026-03-30,111.54045867919922,112.01000213623047,112.97000122070312,111.06999969482422,111.55999755859375,1373500
2026-03-31,113.76119232177734,113.9800033569336,115.19999694824219,111.9000015258789,112.55000305175781,2469400
2026-04-01,114.32011413574219,114.54000091552734,115.72000122070312,113.8499984741211,114.01000213623047,1555300
2026-04-02,115.25830841064453,115.4800033569336,117.31999969482422,112.98999786376953,113.91000366210938,1111900
2026-04-06,114.6195297241211,114.83999633789062,115.68000030517578,113.0199966430664,115.13999938964844,1153700
2026-04-07,113.661376953125,113.87999725341797,114.55000305175781,112.9000015258789,113.94000244140625,1625000
2026-04-08,116.69554138183594,116.91999816894531,118.25,115.9800033569336,115.9800033569336,1384600
2026-04-09,115.1684799194336,115.38999938964844,116.25,113.63999938964844,115.97000122070312,1218700
2026-04-10,114.839111328125,115.05999755859375,116.83000183105469,114.52999877929688,115.44999694824219,1033200
2026-04-13,117.27442932128906,117.5,117.75,114.66999816894531,114.94000244140625,1795600
2026-04-14,120.15888214111328,120.38999938964844,121.62000274658203,117.77999877929688,118.04000091552734,2676900
2026-04-15,119.54006958007812,119.7699966430664,121.80999755859375,119.1500015258789,120.4000015258789,2035600
2026-04-16,118.02298736572266,118.25,121.08000183105469,117.62000274658203,120.02999877929688,1697800
2026-04-17,121.63603973388672,121.87000274658203,121.93000030517578,118.87999725341797,119.47000122070312,4012300
2026-04-20,120.727783203125,120.95999908447266,121.31999969482422,120.11000061035156,121.06999969482422,1252200
2026-04-21,121.8556137084961,122.08999633789062,124.88999938964844,120.86000061035156,121.55000305175781,1800100
2026-04-22,120.23873138427734,120.47000122070312,123.30000305175781,120.33999633789062,122.87000274658203,1800900
2026-04-23,114.2003402709961,114.41999816894531,116.79000091552734,111.9800033569336,116.5,2620100
2026-04-24,115.32817840576172,115.55000305175781,116.51000213623047,114.20999908447266,114.56999969482422,1496100
2026-04-27,115.39804077148438,115.62000274658203,117.33000183105469,115.18000030517578,115.18000030517578,1467300
2026-04-28,114.64948272705078,114.87000274658203,116.63999938964844,114.0999984741211,116.2300033569336,2079000
2026-04-29,111.08633422851562,111.30000305175781,115.52999877929688,110.30999755859375,114.19000244140625,2110100
2026-04-30,115.32817840576172,115.55000305175781,115.9800033569336,111.33000183105469,111.80999755859375,2237000
2026-05-01,114.3001480102539,114.5199966430664,116.27999877929688,113.83999633789062,116.12999725341797,1272500
2026-05-04,111.96464538574219,112.18000030517578,114.87000274658203,111.83000183105469,113.4800033569336,1948800
2026-05-05,117.30437469482422,117.52999877929688,119.30999755859375,114.27999877929688,115.38999938964844,3008300
2026-05-06,117.46406555175781,117.69000244140625,120.27999877929688,117.2300033569336,119.80999755859375,2734600
2026-05-07,118.42222595214844,118.6500015258789,119.58000183105469,117.5,117.62000274658203,2281400
2026-05-08,115.39804077148438,115.62000274658203,118.11000061035156,113.27999877929688,118.11000061035156,2688900
2026-05-11,111.24602508544922,111.45999908447266,115.8499984741211,111.43000030517578,115.80999755859375,2179600
2026-05-12,112.68326568603516,112.9000015258789,113.73999786376953,111.08999633789062,111.91999816894531,1649600
2026-05-13,112.52356719970703,112.73999786376953,114.7300033569336,111.95999908447266,112.83000183105469,2328800
2026-05-14,113.04257202148438,113.26000213623047,115.66000366210938,112.69999694824219,112.86000061035156,1503300
2026-05-15,111.48555755615234,111.69999694824219,113.08999633789062,111.44000244140625,112.30000305175781,1413400
2026-05-18,111.894775390625,112.11000061035156,113.58999633789062,110.80999755859375,111.94000244140625,1684900
2026-05-19,110.35773468017578,110.56999969482422,113.30000305175781,110.19999694824219,112.01000213623047,3142700
2026-05-20,113.56156921386719,113.77999877929688,113.83000183105469,108.3499984741211,111.19999694824219,3018200
2026-05-21,114.56963348388672,114.79000091552734,114.83000183105469,111.05999755859375,112.58999633789062,2416800
2026-05-22,114.73930358886719,114.95999908447266,116.36000061035156,113.68000030517578,115.02999877929688,2036500
2026-05-26,114.85907745361328,115.08000183105469,115.76000213623047,113.33999633789062,114.9800033569336,2839200
2026-05-27,115.61761474609375,115.83999633789062,118.4000015258789,115.0199966430664,116.0,2939100
2026-05-28,135.1201171875,135.3800048828125,139.35000610351562,131.0500030517578,133.0,6511900
2026-05-29,135.2698211669922,135.52999877929688,137.69000244140625,133.24000549316406,136.25,4986800
2026-06-01,135.7189483642578,135.97999572753906,137.05999755859375,132.8800048828125,133.5,2677900
2026-06-02,134.79074096679688,135.0500030517578,136.39999389648438,132.1300048828125,133.27999877929688,3021600
2026-06-03,137.13621520996094,137.39999389648438,138.99000549316406,133.64999389648438,134.22000122070312,2928200
2026-06-04,138.10435485839844,138.3699951171875,141.08999633789062,137.57000732421875,139.5,2126400
2026-06-05,135.17999267578125,135.44000244140625,139.0,134.91000366210938,137.9499969482422,2201100
2026-06-08,132.43527221679688,132.69000244140625,136.69000244140625,132.6199951171875,136.41000366210938,1745100
2026-06-09,135.21990966796875,135.47999572753906,137.63999938964844,134.25,134.25,2308300
2026-06-10,131.36732482910156,131.6199951171875,135.8699951171875,131.57000732421875,135.38999938964844,1991900
2026-06-11,129.30130004882812,129.5500030517578,131.69000244140625,127.47000122070312,131.4499969482422,2016200
2026-06-12,129.5907440185547,129.83999633789062,130.4199981689453,128.3000030517578,130.3300018310547,2288100
2026-06-15,130.33929443359375,130.58999633789062,132.1699981689453,129.41000366210938,130.9199981689453,1530100
2026-06-16,128.09361267089844,128.33999633789062,131.97000122070312,128.2899932861328,130.97999572753906,2354600
2026-06-17,124.09131622314453,124.33000183105469,128.64999389648438,123.69999694824219,127.62000274658203,2470700
2026-06-18,126.81607818603516,127.05999755859375,127.55999755859375,125.16999816894531,125.55999755859375,4334300
2026-06-22,126.2471694946289,126.48999786376953,127.9000015258789,125.56999969482422,126.69000244140625,2187100
2026-06-23,126.42682647705078,126.66999816894531,128.67999267578125,126.51000213623047,127.27999877929688,2117600
2026-06-24,131.37730407714844,131.6300048828125,132.72000122070312,128.25,129.0,2538900
2026-06-25,135.24984741210938,135.50999450683594,138.6300048828125,132.6999969482422,132.6999969482422,2026900
2026-06-26,135.74888610839844,136.00999450683594,137.5,134.97999572753906,135.1699981689453,3133300
2026-06-29,132.5749969482422,132.8300018310547,137.3800048828125,132.6199951171875,137.3800048828125,1921600
2026-06-30,132.8300018310547,132.8300018310547,133.22999572753906,129.6999969482422,132.99000549316406,2023300
2026-07-01,133.38999938964844,133.38999938964844,135.7100067138672,131.8800048828125,132.99000549316406,2575400
2026-07-02,130.69000244140625,130.69000244140625,134.47999572753906,130.3800048828125,134.11000061035156,2194200
2026-07-06,130.60000610351562,130.60000610351562,131.27999877929688,128.0500030517578,130.00999450683594,1999900
2026-07-07,131.13999938964844,131.13999938964844,132.7899932861328,129.99000549316406,131.82000732421875,2456400
2026-07-08,129.07000732421875,129.07000732421875,129.58999633789062,127.45999908447266,129.08999633789062,2141100
2026-07-09,133.58999633789062,133.58999633789062,133.74000549316406,127.87000274658203,129.19000244140625,2372800
2026-07-10,134.2899932861328,134.2899932861328,136.33999633789062,132.49000549316406,133.77999877929688,2175300
2026-07-13,134.0399932861328,134.0399932861328,134.99000549316406,132.6999969482422,133.0399932861328,1861400
2026-07-14,135.1999969482422,135.1999969482422,135.8000030517578,132.88999938964844,133.92999267578125,1683700
2026-07-15,134.7100067138672,134.7100067138672,136.91000366210938,133.8300018310547,136.0,1909000
2026-07-16,136.10000610351562,136.10000610351562,136.25999450683594,133.72999572753906,134.69000244140625,1752000
2026-07-17,131.4600067138672,131.4600067138672,135.8000030517578,130.94000244140625,134.4199981689453,4247300
2026-07-20,130.25999450683594,130.25999450683594,132.8300018310547,130.16000366210938,131.35000610351562,2470800
2026-07-21,132.86000061035156,132.86000061035156,134.7899932861328,125.0,126.38999938964844,2383900
2026-07-22,133.4600067138672,133.4600067138672,135.3699951171875,132.14999389648438,133.27999877929688,2662800
2026-07-23,139.74000549316406,139.74000549316406,141.9499969482422,137.52000427246094,139.25999450683594,2935800
2026-07-24,138.57000732421875,138.57000732421875,140.8800048828125,138.02000427246094,140.4600067138672,1516400
2026-07-27,137.88999938964844,137.88999938964844,139.05999755859375,136.13999938964844,137.58999633789062,1830500
2026-07-28,140.5399932861328,140.5399932861328,142.4199981689453,138.5800018310547,139.99000549316406,2277100
2026-07-29,140.3000030517578,140.3000030517578,142.00999450683594,139.1999969482422,139.1999969482422,1864600
2026-07-30,138.7100067138672,138.7100067138672,139.5,137.22999572753906,138.72000122070312,1955100
2026-07-31,138.3699951171875,138.3699951171875,139.5,135.77999877929688,138.47000122070312,1721100
2026-08-03,139.8000030517578,139.8000030517578,140.3699951171875,137.1300048828125,140.2899932861328,1795400
2026-08-04,139.1999969482422,139.1999969482422,141.0,136.66000366210938,140.11000061035156,1623700
2026-08-05,141.11000061035156,141.11000061035156,141.4600067138672,138.5500030517578,140.27999877929688,1266400
2026-08-06,141.33999633789062,141.33999633789062,141.8000030517578,139.2899932861328,141.5800018310547,1160400
2026-08-07,145.97000122070312,145.97000122070312,146.16000366210938,140.85000610351562,141.42999267578125,1525200
2026-08-10,148.72000122070312,148.72000122070312,148.82000732421875,145.4499969482422,146.25999450683594,1751900
2026-08-11,149.49000549316406,149.49000549316406,150.24000549316406,147.39999389648438,147.69000244140625,1199300
2026-08-12,148.24000549316406,148.24000549316406,149.3300018310547,147.3300018310547,148.94000244140625,1367500
2026-08-13,149.2899932861328,149.2899932861328,149.5800018310547,146.75999450683594,149.0,1026700
2026-08-14,148.52999877929688,148.52999877929688,149.4600067138672,147.3000030517578,148.52000427246094,983100
2026-08-17,148.4499969482422,148.4499969482422,149.1199951171875,147.19000244140625,147.80999755859375,964600
2026-08-18,148.44000244140625,148.44000244140625,149.77000427246094,147.74000549316406,149.19000244140625,1144825
