Price,Adj Close,Close,High,Low,Open,Volume
Ticker,ABBV,ABBV,ABBV,ABBV,ABBV,ABBV
Date,,,,,,
2013-01-02,20.415748596191406,35.119998931884766,35.400001525878906,34.099998474121094,34.91999816894531,13767900
2013-01-03,20.24717140197754,34.83000183105469,35.0,34.15999984741211,35.0,16739300
2013-01-04,19.991392135620117,34.38999938964844,34.88999938964844,34.25,34.619998931884766,21372100
2013-01-07,20.032079696655273,34.459999084472656,35.45000076293945,34.150001525878906,34.150001525878906,17897100
2013-01-08,19.596097946166992,33.709999084472656,34.63999938964844,33.36000061035156,34.290000915527344,17863300
2013-01-09,19.706558227539062,33.900001525878906,33.95000076293945,33.61000061035156,33.61000061035156,18800400
2013-01-10,19.764678955078125,34.0,34.0,33.33000183105469,33.65999984741211,15658100
2013-01-11,19.911733627319336,33.849998474121094,33.900001525878906,33.349998474121094,33.59000015258789,11191500
2013-01-14,20.052915573120117,34.09000015258789,34.25,33.79999923706055,34.0099983215332,11584900
2013-01-15,20.3529109954834,34.599998474121094,34.720001220703125,33.709999084472656,33.709999084472656,13040200
2013-01-16,20.905855178833008,35.540000915527344,35.540000915527344,34.45000076293945,34.470001220703125,16512700
2013-01-17,21.423500061035156,36.41999816894531,36.70000076293945,35.75,35.75,14424800
2013-01-18,21.952911376953125,37.31999969482422,37.31999969482422,36.040000915527344,36.43000030517578,17842200
2013-01-22,21.423500061035156,36.41999816894531,37.25,35.93000030517578,36.97999954223633,15809700
2013-01-23,22.23526382446289,37.79999923706055,37.84000015258789,36.5,36.90999984741211,10981600
2013-01-24,22.035263061523438,37.459999084472656,38.52000045776367,37.22999954223633,37.790000915527344,11327100
2013-01-25,22.117610931396484,37.599998474121094,37.84000015258789,36.63999938964844,37.52000045776367,8934600
2013-01-28,21.699970245361328,36.88999938964844,37.869998931884766,36.709999084472656,37.650001525878906,7140100
2013-01-29,21.94702911376953,37.310001373291016,37.459999084472656,36.25,36.709999084472656,8838500
2013-01-30,21.72350311279297,36.93000030517578,37.529998779296875,36.810001373291016,36.810001373291016,10841800
2013-01-31,21.582321166992188,36.689998626708984,36.93000030517578,36.27000045776367,36.84000015258789,10720700
2013-02-01,21.870559692382812,37.18000030517578,37.20000076293945,36.52000045776367,36.84000015258789,9527500
2013-02-04,21.929386138916016,37.279998779296875,37.29999923706055,36.54999923706055,36.63999938964844,6348000
2013-02-05,21.882326126098633,37.20000076293945,37.72999954223633,37.18000030517578,37.41999816894531,7284400
2013-02-06,21.847036361694336,37.13999938964844,37.279998779296875,36.86000061035156,36.959999084472656,5738900
2013-02-07,21.423500061035156,36.41999816894531,37.56999969482422,35.79999923706055,37.56999969482422,9872500
2013-02-08,21.323501586914062,36.25,36.41999816894531,35.83000183105469,36.369998931884766,13858700
2013-02-11,21.08820343017578,35.849998474121094,36.18000030517578,35.75,36.130001068115234,6032100
2013-02-12,20.835268020629883,35.41999816894531,35.900001525878906,35.20000076293945,35.77000045776367,7473800
2013-02-13,20.74703598022461,35.27000045776367,35.56999969482422,35.150001525878906,35.41999816894531,4859800
2013-02-14,21.511735916137695,36.56999969482422,36.72999954223633,35.0099983215332,35.04999923706055,7570100
2013-02-15,22.105854034423828,37.58000183105469,37.810001373291016,36.93000030517578,36.93000030517578,13296300
2013-02-19,22.46467399597168,38.189998626708984,38.33000183105469,37.11000061035156,37.540000915527344,8292700
2013-02-20,22.711732864379883,38.61000061035156,39.130001068115234,37.61000061035156,38.15999984741211,8096400
2013-02-21,22.81172752380371,38.779998779296875,39.029998779296875,38.189998626708984,38.4900016784668,7260900
2013-02-22,22.62349510192871,38.459999084472656,38.849998474121094,38.13999938964844,38.790000915527344,4490400
2013-02-25,21.982322692871094,37.369998931884766,38.61000061035156,37.369998931884766,38.540000915527344,4665600
2013-02-26,21.817617416381836,37.09000015258789,37.599998474121094,36.959999084472656,37.599998474121094,4463000
2013-02-27,21.605859756469727,36.72999954223633,36.97999954223633,36.400001525878906,36.970001220703125,12238400
2013-02-28,21.717622756958008,36.91999816894531,37.13999938964844,36.5,36.65999984741211,10321000
2013-03-01,22.24114990234375,37.810001373291016,38.06999969482422,36.54999923706055,36.79999923706055,8929400
2013-03-04,22.49408721923828,38.2400016784668,38.25,37.529998779296875,37.529998779296875,5420800
2013-03-05,22.064680099487305,37.5099983215332,38.56999969482422,37.290000915527344,38.45000076293945,6650400
2013-03-06,22.199974060058594,37.7400016784668,37.86000061035156,37.369998931884766,37.560001373291016,5489500
2013-03-07,22.05291748046875,37.4900016784668,38.0099983215332,37.439998626708984,37.650001525878906,4442500
2013-03-08,21.964679718017578,37.34000015258789,37.650001525878906,37.15999984741211,37.63999938964844,4114500
2013-03-11,22.158794403076172,37.66999816894531,38.150001525878906,37.08000183105469,37.25,4614400
2013-03-12,21.864683151245117,37.16999816894531,38.29999923706055,37.04999923706055,37.70000076293945,6523900
2013-03-13,21.864683151245117,37.16999816894531,37.59000015258789,37.040000915527344,37.20000076293945,3710600
2013-03-14,22.09408950805664,37.560001373291016,37.59000015258789,36.86000061035156,37.43000030517578,9859700
2013-03-15,22.647031784057617,38.5,38.540000915527344,37.279998779296875,37.439998626708984,12208300
2013-03-18,22.447036743164062,38.15999984741211,38.4900016784668,37.9900016784668,38.04999923706055,5178700
2013-03-19,22.56467628479004,38.36000061035156,38.400001525878906,37.84000015258789,38.25,5108400
2013-03-20,22.9764404296875,39.060001373291016,39.189998626708984,38.40999984741211,38.5,7072900
2013-03-21,22.641157150268555,38.4900016784668,38.970001220703125,38.47999954223633,38.81999969482422,4736100
2013-03-22,22.92350196838379,38.970001220703125,38.970001220703125,38.29999923706055,38.56999969482422,3323400
2013-03-25,23.129384994506836,39.31999969482422,39.52000045776367,38.93000030517578,39.119998931884766,6065000
2013-03-26,23.652910232543945,40.209999084472656,40.52000045776367,39.56999969482422,39.56999969482422,7249500
2013-03-27,23.617610931396484,40.150001525878906,40.290000915527344,39.65999984741211,40.220001220703125,4274800
2013-03-28,23.988203048706055,40.779998779296875,40.79999923706055,39.779998779296875,40.2599983215332,7263400
2013-04-01,24.188201904296875,41.119998931884766,41.13999938964844,39.959999084472656,39.959999084472656,5740000
2013-04-02,23.947025299072266,40.709999084472656,41.220001220703125,40.52000045776367,41.220001220703125,5510700
2013-04-03,23.864681243896484,40.56999969482422,41.45000076293945,40.349998474121094,40.75,4122100
2013-04-04,24.470561981201172,41.599998474121094,41.779998779296875,40.619998931884766,40.77000045776367,20687600
2013-04-05,24.29996681213379,41.310001373291016,41.5,41.09000015258789,41.310001373291016,14089800
2013-04-08,24.570560455322266,41.77000045776367,41.869998931884766,41.06999969482422,41.27000045776367,16449200
2013-04-09,25.029390335083008,42.54999923706055,43.560001373291016,41.79999923706055,41.959999084472656,8673900
2013-04-10,25.658790588378906,43.619998931884766,43.77000045776367,42.5,42.650001525878906,7809200
2013-04-11,25.646913528442383,43.20000076293945,43.709999084472656,43.11000061035156,43.41999816894531,6494100
2013-04-12,25.58161163330078,43.09000015258789,43.290000915527344,42.619998931884766,42.970001220703125,4199800
2013-04-15,24.602041244506836,41.439998626708984,43.029998779296875,41.40999984741211,42.869998931884766,7152500
2013-04-16,25.201658248901367,42.45000076293945,42.529998779296875,41.130001068115234,41.66999816894531,6998000
2013-04-17,25.076993942260742,42.2400016784668,42.43000030517578,41.41999816894531,42.13999938964844,5046200
2013-04-18,25.124488830566406,42.31999969482422,42.63999938964844,41.88999938964844,42.369998931884766,5009000
2013-04-19,25.16603660583496,42.38999938964844,42.58000183105469,42.20000076293945,42.5099983215332,6493200
2013-04-22,26.2406005859375,44.20000076293945,44.83000183105469,42.880001068115234,43.0,8531300
2013-04-23,26.798664093017578,45.13999938964844,46.31999969482422,44.400001525878906,44.61000061035156,9378100
2013-04-24,26.311838150024414,44.31999969482422,45.34000015258789,43.939998626708984,45.13999938964844,5541300
2013-04-25,26.26434898376465,44.2400016784668,44.790000915527344,43.7599983215332,44.75,5236900
2013-04-26,27.2142333984375,45.84000015258789,46.310001373291016,44.75,44.95000076293945,10096800
2013-04-29,26.852088928222656,45.22999954223633,45.93000030517578,45.04999923706055,45.83000183105469,6024700
2013-04-30,27.338911056518555,46.04999923706055,46.22999954223633,45.0099983215332,45.04999923706055,6798600
2013-05-01,27.04205894470215,45.54999923706055,46.09000015258789,45.54999923706055,45.7400016784668,6398100
2013-05-02,26.115928649902344,43.9900016784668,45.68000030517578,43.86000061035156,45.68000030517578,9649400
2013-05-03,26.525562286376953,44.68000030517578,44.77000045776367,43.83000183105469,44.310001373291016,4641200
2013-05-06,26.472139358520508,44.59000015258789,44.95000076293945,44.150001525878906,44.95000076293945,4085700
2013-05-07,26.662113189697266,44.90999984741211,45.0,44.41999816894531,44.5,3745600
2013-05-08,25.819089889526367,43.4900016784668,45.04999923706055,43.38999938964844,45.0099983215332,6973200
2013-05-09,26.26434898376465,44.2400016784668,44.45000076293945,43.25,43.34000015258789,5046900
2013-05-10,26.721477508544922,45.0099983215332,45.0099983215332,44.20000076293945,44.209999084472656,4455800
2013-05-13,26.442445755004883,44.540000915527344,44.790000915527344,44.16999816894531,44.790000915527344,3738400
2013-05-14,26.923330307006836,45.349998474121094,45.52000045776367,44.09000015258789,44.09000015258789,5760300
2013-05-15,27.327030181884766,46.029998779296875,46.93000030517578,45.47999954223633,45.720001220703125,6702500
2013-05-16,27.433895111083984,46.209999084472656,46.900001525878906,46.0099983215332,46.060001373291016,4605300
2013-05-17,28.003822326660156,47.16999816894531,47.34000015258789,45.849998474121094,46.029998779296875,5244800
2013-05-20,27.463579177856445,46.2599983215332,47.13999938964844,46.06999969482422,47.119998931884766,3537800
2013-05-21,27.62980079650879,46.540000915527344,46.959999084472656,46.16999816894531,46.189998626708984,4708800
2013-05-22,27.76041603088379,46.7599983215332,48.0,45.849998474121094,46.459999084472656,5203500
2013-05-23,27.65949058532715,46.59000015258789,46.95000076293945,46.02000045776367,46.119998931884766,3306200
2013-05-24,26.976762771606445,45.439998626708984,46.47999954223633,45.310001373291016,46.25,4511700
2013-05-28,26.947078704833984,45.38999938964844,46.040000915527344,44.70000076293945,45.88999938964844,6181800
2013-05-29,26.050615310668945,43.880001068115234,45.18000030517578,43.790000915527344,44.88999938964844,6908400
2013-05-30,26.448381423950195,44.54999923706055,45.119998931884766,44.06999969482422,44.06999969482422,4852200
2013-05-31,25.344144821166992,42.689998626708984,44.689998626708984,42.68000030517578,44.27000045776367,9308800
2013-06-03,25.741905212402344,43.36000061035156,43.58000183105469,42.75,42.880001068115234,7176800
2013-06-04,25.902202606201172,43.630001068115234,44.470001220703125,43.380001068115234,43.41999816894531,4528400
2013-06-05,25.551925659179688,43.040000915527344,43.900001525878906,42.689998626708984,43.4900016784668,4801300
2013-06-06,25.82501220703125,43.5,43.56999969482422,42.650001525878906,43.220001220703125,4261300
2013-06-07,26.121858596801758,44.0,44.27000045776367,43.5,43.720001220703125,5463200
2013-06-10,26.074363708496094,43.91999816894531,44.33000183105469,43.220001220703125,44.33000183105469,4702700
2013-06-11,25.878450393676758,43.59000015258789,44.04999923706055,43.04999923706055,43.310001373291016,3574800
2013-06-12,25.391643524169922,42.77000045776367,44.0,42.720001220703125,43.90999984741211,3742600
2013-06-13,25.61724281311035,43.150001525878906,43.20000076293945,40.099998474121094,42.41999816894531,6096500
2013-06-14,25.652854919433594,43.209999084472656,43.5,42.5,42.97999954223633,4078500
2013-06-17,25.53411293029785,43.0099983215332,43.5,42.68000030517578,43.400001525878906,3457700
2013-06-18,25.848770141601562,43.540000915527344,43.560001373291016,42.630001068115234,42.970001220703125,3644900
2013-06-19,25.551925659179688,43.040000915527344,43.83000183105469,43.0099983215332,43.560001373291016,3663300
2013-06-20,24.376447677612305,41.060001373291016,42.779998779296875,40.90999984741211,42.650001525878906,7474900
2013-06-21,25.302581787109375,42.619998931884766,42.709999084472656,41.20000076293945,41.65999984741211,9825700
2013-06-24,24.869205474853516,41.88999938964844,42.400001525878906,41.31999969482422,42.06999969482422,6042400
2013-06-25,25.30852508544922,42.630001068115234,42.77000045776367,41.61000061035156,42.150001525878906,4686900
2013-06-26,25.753786087036133,43.380001068115234,43.61000061035156,43.029998779296875,43.099998474121094,4733700
2013-06-27,25.60535430908203,43.130001068115234,43.97999954223633,42.7400016784668,43.560001373291016,5163900
2013-06-28,24.542675018310547,41.34000015258789,42.970001220703125,41.31999969482422,42.529998779296875,10753100
2013-07-01,24.70296859741211,41.61000061035156,41.93000030517578,41.06999969482422,41.400001525878906,4588200
2013-07-02,25.05917739868164,42.209999084472656,42.56999969482422,41.58000183105469,41.58000183105469,4365900
2013-07-03,25.0710506439209,42.22999954223633,42.310001373291016,41.61000061035156,41.880001068115234,2417500
2013-07-05,25.361949920654297,42.720001220703125,42.83000183105469,42.310001373291016,42.45000076293945,2743700
2013-07-08,25.931884765625,43.68000030517578,43.689998626708984,42.81999969482422,42.900001525878906,3978300
2013-07-09,25.71816062927246,43.31999969482422,44.22999954223633,43.25,44.0,3805700
2013-07-10,26.06842803955078,43.90999984741211,44.119998931884766,43.36000061035156,43.36000061035156,3080100
2013-07-11,26.230195999145508,43.779998779296875,44.11000061035156,43.33000183105469,43.939998626708984,4061400
2013-07-12,26.991098403930664,45.04999923706055,45.11000061035156,43.79999923706055,43.93000030517578,5693900
2013-07-15,26.73345947265625,44.619998931884766,44.970001220703125,44.540000915527344,44.95000076293945,3265800
2013-07-16,26.248167037963867,43.810001373291016,44.77000045776367,43.70000076293945,44.540000915527344,3714500
2013-07-17,26.338048934936523,43.959999084472656,44.150001525878906,43.7400016784668,43.970001220703125,3645400
2013-07-18,26.553730010986328,44.31999969482422,44.560001373291016,43.810001373291016,43.959999084472656,3043700
2013-07-19,26.673551559448242,44.52000045776367,44.90999984741211,44.119998931884766,44.4900016784668,4317900
2013-07-22,26.943174362182617,44.970001220703125,45.099998474121094,43.79999923706055,44.29999923706055,3810500
2013-07-23,26.54774284362793,44.310001373291016,45.09000015258789,44.22999954223633,44.91999816894531,3535100
2013-07-24,26.14631462097168,43.63999938964844,44.369998931884766,43.38999938964844,44.279998779296875,3088100
2013-07-25,26.50580406188965,44.2400016784668,44.43000030517578,43.349998474121094,43.40999984741211,4088500
2013-07-26,26.835329055786133,44.790000915527344,45.119998931884766,44.16999816894531,45.0099983215332,4491100
2013-07-29,26.997089385986328,45.060001373291016,45.45000076293945,44.470001220703125,44.720001220703125,4326200
2013-07-30,26.781410217285156,44.70000076293945,45.22999954223633,44.20000076293945,45.08000183105469,3619700
2013-07-31,27.248722076416016,45.47999954223633,45.90999984741211,44.810001373291016,44.84000015258789,6020600
2013-08-01,27.110931396484375,45.25,45.900001525878906,45.040000915527344,45.13999938964844,3652400
2013-08-02,27.152860641479492,45.31999969482422,45.41999816894531,44.810001373291016,45.11000061035156,3190700
2013-08-05,26.787397384643555,44.709999084472656,45.369998931884766,44.47999954223633,45.04999923706055,2953500
2013-08-06,26.889240264892578,44.880001068115234,44.9900016784668,44.41999816894531,44.41999816894531,4980600
2013-08-07,26.703514099121094,44.56999969482422,44.86000061035156,44.220001220703125,44.70000076293945,3299400
2013-08-08,26.997089385986328,45.060001373291016,45.18000030517578,44.61000061035156,44.86000061035156,2892400
2013-08-09,26.787397384643555,44.709999084472656,45.0,44.470001220703125,44.900001525878906,3290800
2013-08-12,26.985107421875,45.040000915527344,45.20000076293945,44.38999938964844,44.709999084472656,3826400
2013-08-13,26.919198989868164,44.93000030517578,45.18000030517578,44.68000030517578,45.119998931884766,2791800
2013-08-14,26.709508895874023,44.58000183105469,45.22999954223633,44.45000076293945,44.849998474121094,2990500
2013-08-15,25.888687133789062,43.209999084472656,44.619998931884766,43.130001068115234,44.599998474121094,4363100
2013-08-16,25.76286506652832,43.0,43.13999938964844,42.41999816894531,42.939998626708984,6093300
2013-08-19,25.98455810546875,43.369998931884766,43.810001373291016,42.95000076293945,43.0099983215332,3326900
2013-08-20,25.74489402770996,42.970001220703125,43.47999954223633,42.849998474121094,43.290000915527344,2803000
2013-08-21,25.349456787109375,42.310001373291016,42.880001068115234,42.25,42.81999969482422,4118800
2013-08-22,25.714929580688477,42.91999816894531,43.099998474121094,42.290000915527344,42.400001525878906,4077700
2013-08-23,26.02049446105957,43.43000030517578,43.5,42.849998474121094,43.0099983215332,2738100
2013-08-26,26.03248405456543,43.45000076293945,43.7400016784668,43.189998626708984,43.43000030517578,3493400
2013-08-27,25.54119300842285,42.630001068115234,43.09000015258789,42.599998474121094,43.02000045776367,4473000
2013-08-28,25.499252319335938,42.560001373291016,42.810001373291016,42.349998474121094,42.529998779296875,3009700
2013-08-29,25.535194396972656,42.619998931884766,43.09000015258789,42.2599983215332,42.31999969482422,2788900
2013-08-30,25.529205322265625,42.61000061035156,43.029998779296875,42.29999923706055,42.7599983215332,3170700
2013-09-03,25.51722526550293,42.59000015258789,43.279998779296875,42.310001373291016,43.0,2925600
2013-09-04,25.840757369995117,43.130001068115234,43.13999938964844,42.59000015258789,42.599998474121094,3190700
2013-09-05,26.068429946899414,43.5099983215332,43.65999984741211,43.0,43.029998779296875,3355500
2013-09-06,26.29610824584961,43.88999938964844,44.349998474121094,42.88999938964844,43.529998779296875,3992200
2013-09-09,26.6196346282959,44.43000030517578,44.439998626708984,43.5,43.880001068115234,3287500
2013-09-10,26.82933235168457,44.779998779296875,44.810001373291016,44.099998474121094,44.58000183105469,4282300
2013-09-11,26.931188583374023,44.95000076293945,44.970001220703125,44.38999938964844,44.810001373291016,3441700
2013-09-12,26.781410217285156,44.70000076293945,44.95000076293945,44.5,44.84000015258789,2597900
2013-09-13,26.895238876342773,44.88999938964844,44.88999938964844,44.43000030517578,44.709999084472656,2273500
2013-09-16,27.452430725097656,45.81999969482422,45.95000076293945,45.189998626708984,45.31999969482422,3531700
2013-09-17,28.51889991760254,47.599998474121094,47.70000076293945,45.86000061035156,45.91999816894531,7293800
2013-09-18,28.710620880126953,47.91999816894531,48.41999816894531,46.880001068115234,47.189998626708984,6689400
2013-09-19,28.399084091186523,47.400001525878906,48.22999954223633,47.310001373291016,48.209999084472656,5326500
2013-09-20,28.662687301635742,47.84000015258789,48.0,47.33000183105469,47.439998626708984,10495300
2013-09-23,28.219310760498047,47.099998474121094,47.560001373291016,46.93000030517578,47.560001373291016,3179500
2013-09-24,27.548297882080078,45.97999954223633,46.95000076293945,45.939998626708984,46.95000076293945,7162700
2013-09-25,27.158857345581055,45.33000183105469,46.15999984741211,45.02000045776367,46.09000015258789,4571900
2013-09-26,26.961149215698242,45.0,45.619998931884766,44.810001373291016,45.33000183105469,5033900
2013-09-27,26.559722900390625,44.33000183105469,44.900001525878906,44.02000045776367,44.869998931884766,6617300
2013-09-30,26.799373626708984,44.72999954223633,44.95000076293945,44.029998779296875,44.52000045776367,5818400
2013-10-01,27.440452575683594,45.79999923706055,45.900001525878906,44.810001373291016,44.810001373291016,4159700
2013-10-02,27.53032112121582,45.95000076293945,45.970001220703125,45.119998931884766,45.34000015258789,4056800
2013-10-03,27.56627082824707,46.0099983215332,46.34000015258789,45.099998474121094,45.599998474121094,7020800
2013-10-04,28.03958511352539,46.79999923706055,46.880001068115234,46.0,46.18000030517578,4141400
2013-10-07,27.61420249938965,46.09000015258789,46.97999954223633,46.09000015258789,46.119998931884766,4703700
2013-10-08,26.673551559448242,44.52000045776367,46.31999969482422,44.38999938964844,46.290000915527344,7091500
2013-10-09,26.847312927246094,44.810001373291016,45.310001373291016,44.31999969482422,44.720001220703125,5113000
2013-10-10,27.615062713623047,45.68000030517578,45.68000030517578,44.5099983215332,45.099998474121094,3967500
2013-10-11,27.5969295501709,45.650001525878906,45.70000076293945,44.959999084472656,45.70000076293945,2985700
2013-10-14,28.008005142211914,46.33000183105469,46.45000076293945,45.06999969482422,45.209999084472656,3377300
2013-10-15,27.85687828063965,46.08000183105469,46.380001068115234,45.75,46.04999923706055,3533300
2013-10-16,28.44931983947754,47.060001373291016,47.27000045776367,46.20000076293945,46.310001373291016,4399900
2013-10-17,29.120342254638672,48.16999816894531,48.31999969482422,46.95000076293945,46.95000076293945,7242400
2013-10-18,29.217086791992188,48.33000183105469,48.95000076293945,47.77000045776367,48.380001068115234,9212900
2013-10-21,29.22916603088379,48.349998474121094,48.54999923706055,47.7599983215332,48.08000183105469,4713200
2013-10-22,29.62211036682129,49.0,49.310001373291016,48.11000061035156,48.38999938964844,6937500
2013-10-23,29.217086791992188,48.33000183105469,48.86000061035156,48.279998779296875,48.7599983215332,4130300
2013-10-24,28.975261688232422,47.93000030517578,48.97999954223633,47.7400016784668,48.630001068115234,5077900
2013-10-25,29.80347442626953,49.29999923706055,49.83000183105469,48.560001373291016,49.099998474121094,6956800
2013-10-28,29.876012802124023,49.41999816894531,49.970001220703125,48.970001220703125,49.130001068115234,5555000
2013-10-29,30.099693298339844,49.790000915527344,50.20000076293945,49.47999954223633,49.47999954223633,5022900
2013-10-30,29.501203536987305,48.79999923706055,49.56999969482422,48.720001220703125,49.56999969482422,4011600
2013-10-31,29.289609909057617,48.45000076293945,49.0,48.439998626708984,48.68000030517578,4563700
2013-11-01,29.59794044494629,48.959999084472656,49.33000183105469,48.5,48.63999938964844,3866900
2013-11-04,29.477027893066406,48.7599983215332,49.189998626708984,48.0,49.189998626708984,4095600
2013-11-05,29.120342254638672,48.16999816894531,48.7599983215332,48.029998779296875,48.59000015258789,4095400
2013-11-06,29.047815322875977,48.04999923706055,48.7400016784668,48.0,48.5,4308100
2013-11-07,28.55813217163086,47.2400016784668,48.36000061035156,47.18000030517578,48.16999816894531,4444900
2013-11-08,29.035709381103516,48.029998779296875,48.099998474121094,46.83000183105469,47.130001068115234,5190900
2013-11-11,29.362171173095703,48.56999969482422,48.66999816894531,48.189998626708984,48.22999954223633,2282900
2013-11-12,28.70322608947754,47.47999954223633,48.47999954223633,47.279998779296875,48.45000076293945,5351100
2013-11-13,28.926895141601562,47.849998474121094,47.93000030517578,47.290000915527344,47.36000061035156,3745100
2013-11-14,29.041751861572266,48.040000915527344,48.470001220703125,47.689998626708984,47.9900016784668,3411800
2013-11-15,29.2835750579834,48.439998626708984,48.75,48.0,48.029998779296875,6257100
2013-11-18,29.54352378845215,48.869998931884766,49.959999084472656,48.72999954223633,48.88999938964844,8585700
2013-11-19,29.29566192626953,48.459999084472656,49.0,48.369998931884766,48.72999954223633,4050700
2013-11-20,28.987354278564453,47.95000076293945,48.540000915527344,47.83000183105469,48.41999816894531,3120300
2013-11-21,29.362171173095703,48.56999969482422,48.66999816894531,47.9900016784668,48.279998779296875,4459800
2013-11-22,29.585840225219727,48.939998626708984,49.13999938964844,48.56999969482422,48.650001525878906,5810100
2013-11-25,29.26542091369629,48.40999984741211,49.279998779296875,48.31999969482422,49.0,3343200
2013-11-26,29.38031005859375,48.599998474121094,49.18000030517578,48.310001373291016,48.380001068115234,4732300
2013-11-27,29.168712615966797,48.25,48.95000076293945,48.2400016784668,48.83000183105469,3414900
2013-11-29,29.289609909057617,48.45000076293945,48.93000030517578,48.06999969482422,48.43000030517578,4044300
2013-12-02,29.25334930419922,48.38999938964844,48.68000030517578,48.02000045776367,48.4900016784668,4321900
2013-12-03,30.2085018157959,49.970001220703125,50.2599983215332,48.970001220703125,49.130001068115234,9480100
2013-12-04,30.027145385742188,49.66999816894531,50.290000915527344,49.29999923706055,49.75,5309200
2013-12-05,30.081562042236328,49.7599983215332,50.06999969482422,49.04999923706055,49.41999816894531,5449100
2013-12-06,31.04276466369629,51.349998474121094,51.5,50.04999923706055,50.16999816894531,7285800
2013-12-09,30.9581298828125,51.209999084472656,51.810001373291016,50.77000045776367,51.45000076293945,5470800
2013-12-10,31.52033805847168,52.13999938964844,54.130001068115234,50.720001220703125,51.25,14906900
2013-12-11,31.84074592590332,52.66999816894531,53.25,52.02000045776367,52.66999816894531,10775500
2013-12-12,31.671476364135742,52.38999938964844,52.619998931884766,51.79999923706055,52.560001373291016,7766400
2013-12-13,31.65938377380371,52.369998931884766,52.599998474121094,51.84000015258789,52.29999923706055,6465300
2013-12-16,32.26392364501953,53.369998931884766,54.779998779296875,52.97999954223633,53.41999816894531,9846300
2013-12-17,32.42110824584961,53.630001068115234,53.91999816894531,53.0,53.43000030517578,7987300
2013-12-18,32.838226318359375,54.31999969482422,54.43000030517578,52.220001220703125,52.779998779296875,9635600
2013-12-19,31.816574096679688,52.630001068115234,53.209999084472656,52.02000045776367,53.209999084472656,8383400
2013-12-20,31.792390823364258,52.59000015258789,53.0099983215332,52.290000915527344,52.77000045776367,12471800
2013-12-23,31.786348342895508,52.58000183105469,52.939998626708984,52.2400016784668,52.72999954223633,4957700
2013-12-24,31.653348922729492,52.36000061035156,52.790000915527344,52.279998779296875,52.779998779296875,1747000
2013-12-26,32.03419876098633,52.9900016784668,53.060001373291016,52.34000015258789,52.59000015258789,2401500
2013-12-27,31.76820182800293,52.54999923706055,53.04999923706055,52.380001068115234,52.91999816894531,2354100
2013-12-30,32.04629135131836,53.0099983215332,53.029998779296875,52.599998474121094,52.72999954223633,2898800
2013-12-31,31.925376892089844,52.810001373291016,53.060001373291016,52.36000061035156,52.9900016784668,3019700
2014-01-02,31.423625946044922,51.97999954223633,52.33000183105469,51.52000045776367,52.119998931884766,4569100
2014-01-03,31.61707305908203,52.29999923706055,52.66999816894531,51.970001220703125,52.25,4794300
2014-01-06,30.462413787841797,50.38999938964844,52.70000076293945,50.029998779296875,52.70000076293945,11871100
2014-01-07,30.522878646850586,50.4900016784668,51.209999084472656,50.29999923706055,50.84000015258789,9719900
2014-01-08,30.44428825378418,50.36000061035156,51.11000061035156,50.2400016784668,50.630001068115234,6811100
2014-01-09,30.964176177978516,51.220001220703125,51.650001525878906,49.869998931884766,50.59000015258789,6960300
2014-01-10,30.77071189880371,50.900001525878906,51.4900016784668,50.7599983215332,51.27000045776367,5517700
2014-01-13,30.36248016357422,49.83000183105469,50.7400016784668,49.63999938964844,50.65999984741211,7055200
2014-01-14,30.831661224365234,50.599998474121094,50.880001068115234,49.630001068115234,49.939998626708984,6610800
2014-01-15,30.533084869384766,50.11000061035156,50.66999816894531,50.06999969482422,50.650001525878906,4728400
2014-01-16,30.77073097229004,50.5,50.619998931884766,50.02000045776367,50.099998474121094,4972300
2014-01-17,30.50263023376465,50.060001373291016,50.65999984741211,50.0099983215332,50.63999938964844,8606800
2014-01-21,30.4660701751709,50.0,50.91999816894531,49.90999984741211,50.2599983215332,5823000
2014-01-22,29.905494689941406,49.08000183105469,50.0,48.619998931884766,49.97999954223633,8181700
2014-01-23,29.777530670166016,48.869998931884766,49.060001373291016,48.38999938964844,48.7400016784668,7270500
2014-01-24,29.119470596313477,47.790000915527344,49.099998474121094,47.77000045776367,48.41999816894531,9197900
2014-01-27,28.534515380859375,46.83000183105469,47.83000183105469,46.41999816894531,47.790000915527344,10749800
2014-01-28,29.058534622192383,47.689998626708984,48.470001220703125,47.08000183105469,47.08000183105469,12298600
2014-01-29,29.009782791137695,47.61000061035156,47.84000015258789,46.97999954223633,47.150001525878906,7608500
2014-01-30,29.43630599975586,48.310001373291016,48.880001068115234,47.900001525878906,47.970001220703125,7669500
2014-01-31,29.996885299682617,49.22999954223633,50.54999923706055,49.06999969482422,49.939998626708984,12863500
2014-02-03,28.851362228393555,47.349998474121094,49.4900016784668,47.060001373291016,49.400001525878906,10314600
2014-02-04,29.216957092285156,47.95000076293945,47.970001220703125,46.95000076293945,47.18000030517578,9606100
2014-02-05,29.082916259765625,47.72999954223633,48.06999969482422,47.15999984741211,47.7599983215332,6987100
2014-02-06,29.204769134521484,47.93000030517578,48.18000030517578,47.45000076293945,47.88999938964844,4957800
2014-02-07,29.78972625732422,48.88999938964844,49.029998779296875,47.65999984741211,48.0,6979500
2014-02-10,30.191865921020508,49.54999923706055,50.189998626708984,48.720001220703125,48.75,7907500
2014-02-11,30.25889015197754,49.65999984741211,49.970001220703125,49.040000915527344,49.40999984741211,7217600
2014-02-12,30.80729103088379,50.560001373291016,50.93000030517578,49.59000015258789,49.630001068115234,6534500
2014-02-13,30.6793270111084,50.349998474121094,50.52000045776367,49.880001068115234,50.29999923706055,4946000
2014-02-14,30.910865783691406,50.72999954223633,50.90999984741211,50.16999816894531,50.560001373291016,4118700
2014-02-18,31.355676651000977,51.459999084472656,51.560001373291016,50.560001373291016,50.63999938964844,4984900
2014-02-19,31.19115447998047,51.189998626708984,51.86000061035156,50.63999938964844,51.16999816894531,5242800
2014-02-20,31.599397659301758,51.86000061035156,52.11000061035156,50.72999954223633,51.189998626708984,6078900
2014-02-21,31.09975814819336,51.040000915527344,51.970001220703125,51.0099983215332,51.81999969482422,5842700
2014-02-24,30.98398780822754,50.849998474121094,51.560001373291016,50.83000183105469,51.0099983215332,5693000
2014-02-25,30.904781341552734,50.720001220703125,51.130001068115234,50.5,50.93000030517578,5425000
2014-02-26,30.916963577270508,50.7400016784668,50.970001220703125,49.93000030517578,49.95000076293945,5710700
2014-02-27,31.020557403564453,50.90999984741211,50.91999816894531,50.470001220703125,50.599998474121094,5052900
2014-02-28,31.020557403564453,50.90999984741211,51.959999084472656,50.5099983215332,50.84000015258789,7095600
2014-03-03,30.520904541015625,50.09000015258789,50.86000061035156,49.790000915527344,50.34000015258789,6817700
2014-03-04,31.434885025024414,51.59000015258789,51.72999954223633,50.529998779296875,50.72999954223633,6198000
2014-03-05,31.501916885375977,51.70000076293945,52.119998931884766,51.29999923706055,51.68000030517578,5251100
2014-03-06,31.709089279174805,52.040000915527344,52.77000045776367,51.970001220703125,52.040000915527344,6529000
2014-03-07,31.355676651000977,51.459999084472656,52.5,51.0099983215332,52.25,5860700
2014-03-10,31.477540969848633,51.65999984741211,51.900001525878906,50.86000061035156,51.900001525878906,3086000
2014-03-11,31.532384872436523,51.75,52.13999938964844,51.5,51.68000030517578,3629800
2014-03-12,31.46534538269043,51.63999938964844,51.7400016784668,51.06999969482422,51.459999084472656,3924800
2014-03-13,31.270374298095703,51.31999969482422,52.099998474121094,51.13999938964844,51.88999938964844,4839400
2014-03-14,31.20334243774414,51.209999084472656,51.41999816894531,50.79999923706055,51.25,5466700
2014-03-17,31.672529220581055,51.97999954223633,52.189998626708984,51.2599983215332,51.470001220703125,3875500
2014-03-18,32.35496139526367,53.099998474121094,53.220001220703125,51.970001220703125,52.08000183105469,4712300
2014-03-19,32.36105728149414,53.11000061035156,53.529998779296875,52.439998626708984,53.09000015258789,6408600
2014-03-20,32.70838165283203,53.68000030517578,53.79999923706055,52.52000045776367,52.86000061035156,6922700
2014-03-21,32.574310302734375,53.459999084472656,54.72999954223633,53.09000015258789,54.220001220703125,12930500
2014-03-24,31.294750213623047,51.36000061035156,53.619998931884766,51.349998474121094,53.529998779296875,10161400
2014-03-25,31.495811462402344,51.689998626708984,52.099998474121094,51.5,51.68000030517578,6127200
2014-03-26,31.38005256652832,51.5,52.34000015258789,51.459999084472656,52.0,5684900
2014-03-27,31.477540969848633,51.65999984741211,51.84000015258789,51.43000030517578,51.529998779296875,4778000
2014-03-28,31.06319236755371,50.97999954223633,52.130001068115234,50.88999938964844,51.83000183105469,4208300
2014-03-31,31.31911277770996,51.400001525878906,51.70000076293945,50.95000076293945,51.34000015258789,4813100
2014-04-01,31.745634078979492,52.099998474121094,52.380001068115234,51.540000915527344,51.619998931884766,4250800
2014-04-02,32.50120544433594,53.34000015258789,53.40999984741211,51.9900016784668,52.099998474121094,6007200
2014-04-03,32.59868240356445,53.5,53.83000183105469,53.209999084472656,53.349998474121094,6841400
2014-04-04,31.80656623840332,52.20000076293945,54.439998626708984,52.04999923706055,53.779998779296875,7013200
2014-04-07,30.84384536743164,50.619998931884766,52.310001373291016,49.650001525878906,51.68000030517578,9146600
2014-04-08,29.91768455505371,49.099998474121094,50.869998931884766,48.93000030517578,50.349998474121094,8246900
2014-04-09,30.849943161010742,50.630001068115234,50.7599983215332,49.2599983215332,49.4900016784668,6018200
2014-04-10,28.851362228393555,47.349998474121094,50.27000045776367,47.290000915527344,50.08000183105469,13177200
2014-04-11,28.56241798400879,46.459999084472656,47.209999084472656,45.5,46.58000183105469,11465800
2014-04-14,28.789892196655273,46.83000183105469,47.5,46.209999084472656,47.099998474121094,7290800
2014-04-15,29.42311668395996,47.86000061035156,48.09000015258789,46.7599983215332,47.41999816894531,9531100
2014-04-16,29.582950592041016,48.119998931884766,48.84000015258789,47.619998931884766,48.58000183105469,7151000
2014-04-17,29.84730339050293,48.54999923706055,48.779998779296875,47.720001220703125,47.91999816894531,6196800
2014-04-21,30.388303756713867,49.43000030517578,49.45000076293945,48.400001525878906,48.5,4445000
2014-04-22,30.7448673248291,50.0099983215332,50.41999816894531,49.349998474121094,49.4900016784668,6613200
2014-04-23,30.824792861938477,50.13999938964844,50.2599983215332,49.38999938964844,50.13999938964844,6578300
2014-04-24,30.320674896240234,49.31999969482422,50.130001068115234,49.0,50.130001068115234,6628800
2014-04-25,30.210023880004883,49.13999938964844,50.97999954223633,48.95000076293945,50.209999084472656,7289100
2014-04-28,31.27358055114746,50.869998931884766,50.91999816894531,49.5,49.54999923706055,7932200
2014-04-29,31.580965042114258,51.369998931884766,51.529998779296875,50.7599983215332,50.939998626708984,5601300
2014-04-30,32.017452239990234,52.08000183105469,52.16999816894531,51.0,51.380001068115234,7430600
2014-05-01,31.72850227355957,51.61000061035156,52.099998474121094,51.40999984741211,51.88999938964844,4279800
2014-05-02,31.464153289794922,51.18000030517578,51.720001220703125,51.0,51.40999984741211,3341300
2014-05-05,31.574819564819336,51.36000061035156,51.369998931884766,50.310001373291016,50.9900016784668,2580300
2014-05-06,31.298171997070312,50.90999984741211,51.29999923706055,50.83000183105469,51.20000076293945,3353200
2014-05-07,32.453941345214844,52.790000915527344,52.869998931884766,51.27000045776367,52.380001068115234,7022600
2014-05-08,32.06050491333008,52.150001525878906,53.09000015258789,51.959999084472656,52.689998626708984,4092100
2014-05-09,32.12810516357422,52.2599983215332,52.349998474121094,51.08000183105469,52.06999969482422,5012500
2014-05-12,32.19573211669922,52.369998931884766,52.560001373291016,52.220001220703125,52.36000061035156,3626400
2014-05-13,32.091217041015625,52.20000076293945,52.5,51.91999816894531,52.45000076293945,4145200
2014-05-14,32.50313186645508,52.869998931884766,53.0,52.08000183105469,52.22999954223633,4878400
2014-05-15,32.392459869384766,52.689998626708984,53.06999969482422,52.41999816894531,52.959999084472656,6963800
2014-05-16,32.54001998901367,52.93000030517578,52.970001220703125,52.40999984741211,52.650001525878906,5826200
2014-05-19,33.265464782714844,54.11000061035156,54.209999084472656,52.709999084472656,52.84000015258789,6010500
2014-05-20,32.91502380371094,53.540000915527344,53.93000030517578,53.310001373291016,53.86000061035156,5021200
2014-05-21,32.74903106689453,53.27000045776367,53.84000015258789,53.099998474121094,53.5,4088000
2014-05-22,32.97035598754883,53.630001068115234,54.34000015258789,52.939998626708984,53.290000915527344,4486400
2014-05-23,33.167083740234375,53.95000076293945,54.380001068115234,53.84000015258789,53.939998626708984,3023500
2014-05-27,33.19166946411133,53.9900016784668,54.20000076293945,53.779998779296875,54.20000076293945,3816300
2014-05-28,33.240848541259766,54.06999969482422,54.61000061035156,53.81999969482422,53.959999084472656,4108300
2014-05-29,33.216270446777344,54.029998779296875,54.45000076293945,53.75,54.099998474121094,2768600
2014-05-30,33.40070343017578,54.33000183105469,54.43000030517578,53.88999938964844,53.97999954223633,4025600
2014-06-02,33.290042877197266,54.150001525878906,54.95000076293945,53.90999984741211,54.43000030517578,3635000
2014-06-03,33.42529296875,54.369998931884766,54.470001220703125,53.869998931884766,54.060001373291016,3078000
2014-06-04,33.55439376831055,54.58000183105469,54.63999938964844,53.66999816894531,53.91999816894531,3388200
2014-06-05,33.99702453613281,55.29999923706055,55.31999969482422,54.36000061035156,54.54999923706055,4847300
2014-06-06,33.87406539916992,55.099998474121094,55.400001525878906,54.88999938964844,55.31999969482422,3449800
2014-06-09,33.09945297241211,53.84000015258789,54.880001068115234,53.720001220703125,54.41999816894531,6297500
2014-06-10,33.17938232421875,53.970001220703125,54.08000183105469,52.290000915527344,53.13999938964844,8414700
2014-06-11,33.3392219543457,54.22999954223633,54.70000076293945,53.75,53.849998474121094,5386800
2014-06-12,32.98878860473633,53.65999984741211,54.25,53.459999084472656,54.220001220703125,3941600
2014-06-13,33.296180725097656,54.15999984741211,54.310001373291016,53.439998626708984,53.66999816894531,4413000
2014-06-16,33.19782638549805,54.0,54.310001373291016,53.45000076293945,54.18000030517578,4410400
2014-06-17,33.38227081298828,54.29999923706055,54.540000915527344,53.849998474121094,54.4900016784668,3385000
2014-06-18,33.548248291015625,54.56999969482422,54.61000061035156,54.0,54.27000045776367,3337300
2014-06-19,33.31462860107422,54.189998626708984,54.810001373291016,53.91999816894531,54.13999938964844,3952800
2014-06-20,32.767478942871094,53.29999923706055,55.619998931884766,53.15999984741211,55.619998931884766,13457700
2014-06-23,33.044124603271484,53.75,54.400001525878906,53.540000915527344,53.7599983215332,6235600
2014-06-24,32.945762634277344,53.59000015258789,53.95000076293945,53.43000030517578,53.7400016784668,5483500
2014-06-25,33.812599182128906,55.0,55.790000915527344,53.400001525878906,53.52000045776367,11085100
2014-06-26,34.74089813232422,56.5099983215332,56.540000915527344,54.970001220703125,55.06999969482422,10716400
2014-06-27,34.91304016113281,56.790000915527344,56.900001525878906,56.279998779296875,56.58000183105469,7490800
2014-06-30,34.6978645324707,56.439998626708984,56.88999938964844,56.099998474121094,56.5099983215332,6229700
2014-07-01,34.974517822265625,56.88999938964844,57.20000076293945,56.16999816894531,56.41999816894531,6869800
2014-07-02,35.72453689575195,58.11000061035156,58.11000061035156,56.91999816894531,57.459999084472656,6198500
2014-07-03,35.792171478271484,58.220001220703125,58.27000045776367,57.650001525878906,57.900001525878906,3828900
2014-07-07,35.288063049316406,57.400001525878906,58.150001525878906,57.38999938964844,57.90999984741211,4736300
2014-07-08,34.23678970336914,55.689998626708984,56.970001220703125,55.47999954223633,56.68000030517578,9297300
2014-07-09,33.81874465942383,55.0099983215332,55.63999938964844,54.81999969482422,55.560001373291016,11516300
2014-07-10,34.29827117919922,55.790000915527344,55.880001068115234,54.279998779296875,54.5,7553100
2014-07-11,34.04429626464844,54.959999084472656,56.599998474121094,54.47999954223633,55.34000015258789,13586800
2014-07-14,33.97616195678711,54.849998474121094,55.04999923706055,53.720001220703125,53.88999938964844,30823300
2014-07-15,33.10274887084961,53.439998626708984,54.689998626708984,53.38999938964844,54.52000045776367,16796400
2014-07-16,33.23283386230469,53.650001525878906,53.66999816894531,51.81999969482422,53.25,23291200
2014-07-17,33.15232467651367,53.52000045776367,55.0,52.880001068115234,53.209999084472656,18699000
2014-07-18,34.013328552246094,54.90999984741211,55.119998931884766,53.0,53.0,42456000
2014-07-21,33.44964599609375,54.0,54.45000076293945,53.90999984741211,54.13999938964844,22334900
2014-07-22,33.48060607910156,54.04999923706055,54.380001068115234,53.75,53.81999969482422,14724300
2014-07-23,33.74697494506836,54.47999954223633,54.810001373291016,54.06999969482422,54.47999954223633,15011300
2014-07-24,33.49919128417969,54.08000183105469,54.560001373291016,53.970001220703125,54.220001220703125,11712800
2014-07-25,32.94169998168945,53.18000030517578,54.4900016784668,53.029998779296875,54.400001525878906,11680900
2014-07-28,33.28858184814453,53.7400016784668,54.0,53.16999816894531,53.41999816894531,10466000
2014-07-29,33.09653854370117,53.43000030517578,53.65999984741211,53.2400016784668,53.54999923706055,16171500
2014-07-30,33.29478454589844,53.75,53.88999938964844,53.029998779296875,53.279998779296875,12680100
2014-07-31,32.42137908935547,52.34000015258789,53.400001525878906,52.29999923706055,53.130001068115234,15479900
2014-08-01,32.50810241699219,52.47999954223633,52.63999938964844,51.75,52.029998779296875,11593200
2014-08-04,33.009830474853516,53.290000915527344,53.400001525878906,52.369998931884766,52.58000183105469,10456300
2014-08-05,32.700111389160156,52.790000915527344,53.189998626708984,52.45000076293945,52.77000045776367,12783800
2014-08-06,32.241737365722656,52.04999923706055,52.65999984741211,51.369998931884766,51.47999954223633,18126200
2014-08-07,32.47711944580078,52.43000030517578,52.709999084472656,51.41999816894531,51.59000015258789,17171700
2014-08-08,32.71870422363281,52.81999969482422,52.88999938964844,52.290000915527344,52.720001220703125,13117700
2014-08-11,33.02223205566406,53.310001373291016,53.650001525878906,52.77000045776367,53.0,10074600
2014-08-12,32.731082916259766,52.84000015258789,53.29999923706055,52.56999969482422,53.220001220703125,8524600
2014-08-13,33.20185470581055,53.599998474121094,53.63999938964844,52.75,52.970001220703125,9029400
2014-08-14,33.56732940673828,54.189998626708984,54.22999954223633,53.529998779296875,53.619998931884766,7959800
2014-08-15,33.3876953125,53.900001525878906,54.59000015258789,53.58000183105469,54.34000015258789,10109300
2014-08-18,33.64165496826172,54.310001373291016,54.52000045776367,53.84000015258789,54.38999938964844,7370500
2014-08-19,34.24870300292969,55.290000915527344,55.310001373291016,54.18000030517578,54.47999954223633,9159300
2014-08-20,34.106239318847656,55.060001373291016,55.18000030517578,54.689998626708984,54.81999969482422,7612200
2014-08-21,34.04429626464844,54.959999084472656,55.119998931884766,54.68000030517578,54.790000915527344,8063200
2014-08-22,34.19296646118164,55.20000076293945,55.27000045776367,54.36000061035156,54.869998931884766,9314600
2014-08-25,34.60799789428711,55.869998931884766,55.91999816894531,55.18000030517578,55.380001068115234,7553500
2014-08-26,34.53364944458008,55.75,55.939998626708984,55.63999938964844,55.68000030517578,9309800
2014-08-27,34.502681732177734,55.70000076293945,55.849998474121094,55.400001525878906,55.849998474121094,11022600
2014-08-28,34.440738677978516,55.599998474121094,55.68000030517578,55.25,55.52000045776367,7277900
2014-08-29,34.242515563964844,55.279998779296875,55.79999923706055,55.2400016784668,55.75,7524400
2014-09-02,34.11243438720703,55.06999969482422,55.529998779296875,54.959999084472656,55.43000030517578,7354900
2014-09-03,34.384979248046875,55.5099983215332,55.529998779296875,54.83000183105469,55.15999984741211,7562100
2014-09-04,34.4035758972168,55.540000915527344,55.599998474121094,55.09000015258789,55.36000061035156,10019400
2014-09-05,34.65134048461914,55.939998626708984,55.939998626708984,54.869998931884766,55.4900016784668,9914300
2014-09-08,34.42214584350586,55.56999969482422,55.95000076293945,55.369998931884766,55.779998779296875,6568800
2014-09-09,35.27696990966797,56.95000076293945,57.18000030517578,55.43000030517578,55.529998779296875,17558900
2014-09-10,35.42564010620117,57.189998626708984,57.31999969482422,56.5099983215332,56.900001525878906,8740300
2014-09-11,35.834468841552734,57.849998474121094,57.880001068115234,56.849998474121094,57.0,9943900
2014-09-12,35.85304641723633,57.880001068115234,58.77000045776367,57.7400016784668,57.849998474121094,15556200
2014-09-15,35.884033203125,57.93000030517578,58.150001525878906,57.470001220703125,57.75,8632700
2014-09-16,36.29905319213867,58.599998474121094,58.70000076293945,57.459999084472656,57.630001068115234,9112400
2014-09-17,36.93087387084961,59.619998931884766,60.02000045776367,58.75,58.88999938964844,14389400
2014-09-18,36.825584411621094,59.45000076293945,59.650001525878906,59.099998474121094,59.599998474121094,10980500
2014-09-19,36.58400344848633,59.060001373291016,59.93000030517578,59.0099983215332,59.84000015258789,13986900
2014-09-22,36.367191314697266,58.709999084472656,59.29999923706055,58.40999984741211,59.22999954223633,9045900
2014-09-23,35.65483093261719,57.560001373291016,58.27000045776367,56.599998474121094,56.79999923706055,24204400
2014-09-24,36.577796936035156,59.04999923706055,59.349998474121094,57.61000061035156,57.65999984741211,15763800
2014-09-25,35.927391052246094,58.0,59.5,57.970001220703125,58.470001220703125,10079400
2014-09-26,36.664527893066406,59.189998626708984,59.2400016784668,58.099998474121094,58.540000915527344,15866000
2014-09-29,36.24948501586914,58.52000045776367,58.83000183105469,57.939998626708984,58.13999938964844,7640400
2014-09-30,35.77872848510742,57.7599983215332,58.810001373291016,57.72999954223633,58.2599983215332,8599000
2014-10-01,35.4504280090332,57.22999954223633,57.939998626708984,56.959999084472656,57.93000030517578,8431900
2014-10-02,35.1035270690918,56.66999816894531,57.70000076293945,56.13999938964844,57.540000915527344,8371500
2014-10-03,36.35478973388672,58.689998626708984,58.779998779296875,57.34000015258789,57.41999816894531,11675600
2014-10-06,35.8097038269043,57.810001373291016,58.9900016784668,57.65999984741211,58.59000015258789,7359900
2014-10-07,35.09115982055664,56.650001525878906,57.599998474121094,56.5099983215332,57.599998474121094,8923500
2014-10-08,36.13800048828125,58.34000015258789,58.45000076293945,56.18000030517578,56.540000915527344,10917200
2014-10-09,35.1345100402832,56.720001220703125,58.54999923706055,56.709999084472656,58.52000045776367,11911600
2014-10-10,34.30449676513672,54.970001220703125,56.66999816894531,54.95000076293945,55.9900016784668,12108700
2014-10-13,33.46202850341797,53.619998931884766,55.150001525878906,53.58000183105469,54.880001068115234,16908200
2014-10-14,33.780303955078125,54.130001068115234,54.84000015258789,53.02000045776367,53.59000015258789,14293600
2014-10-15,34.09232711791992,54.630001068115234,55.720001220703125,52.060001373291016,52.33000183105469,122740200
2014-10-16,33.01271057128906,52.900001525878906,55.900001525878906,52.84000015258789,55.79999923706055,61236700
2014-10-17,33.30600357055664,53.369998931884766,53.900001525878906,52.900001525878906,53.779998779296875,31891900
2014-10-20,33.95503234863281,54.40999984741211,54.59000015258789,52.25,52.560001373291016,17954600
2014-10-21,35.128257751464844,56.290000915527344,56.45000076293945,55.02000045776367,55.29999923706055,17522100
2014-10-22,35.50894546508789,56.900001525878906,57.45000076293945,56.2599983215332,56.959999084472656,16048100
2014-10-23,37.14397430419922,59.52000045776367,59.70000076293945,57.880001068115234,58.099998474121094,14729300
2014-10-24,37.6245002746582,60.290000915527344,60.40999984741211,59.34000015258789,59.34000015258789,10391600
2014-10-27,37.74930953979492,60.4900016784668,60.97999954223633,60.209999084472656,60.349998474121094,10010900
2014-10-28,38.02391052246094,60.93000030517578,61.130001068115234,60.439998626708984,60.7599983215332,9412500
2014-10-29,37.43104934692383,59.97999954223633,60.9900016784668,59.36000061035156,60.9900016784668,16547900
2014-10-30,38.17991638183594,61.18000030517578,61.43000030517578,59.90999984741211,60.0,11635300
2014-10-31,39.60276794433594,63.459999084472656,63.9900016784668,62.369998931884766,63.060001373291016,15009900
2014-11-03,39.47170639038086,63.25,63.900001525878906,62.939998626708984,63.65999984741211,8250800
2014-11-04,39.10352325439453,62.65999984741211,63.61000061035156,62.31999969482422,63.209999084472656,9741700
2014-11-05,39.02864074707031,62.540000915527344,63.66999816894531,62.20000076293945,63.4900016784668,6465000
2014-11-06,39.13472366333008,62.709999084472656,63.38999938964844,62.41999816894531,62.75,5152400
2014-11-07,38.379615783691406,61.5,62.33000183105469,61.310001373291016,62.310001373291016,7002600
2014-11-10,39.808719635009766,63.790000915527344,64.05999755859375,61.869998931884766,61.9900016784668,9513000
2014-11-11,39.84616470336914,63.849998474121094,64.19999694824219,63.5,63.689998626708984,5041200
2014-11-12,39.78998947143555,63.7599983215332,64.0199966430664,63.560001373291016,63.560001373291016,5366700
2014-11-13,39.70884704589844,63.630001068115234,64.79000091552734,63.400001525878906,64.25,4510200
2014-11-14,39.93975830078125,64.0,64.0,63.130001068115234,63.97999954223633,4684900
2014-11-17,40.58879089355469,65.04000091552734,65.41000366210938,64.02999877929688,64.08000183105469,7117100
2014-11-18,41.219085693359375,66.05000305175781,66.23999786376953,64.77999877929688,64.77999877929688,6432200
2014-11-19,40.8758430480957,65.5,66.1500015258789,65.22000122070312,65.87999725341797,5710900
2014-11-20,40.68239212036133,65.19000244140625,65.68000030517578,64.93000030517578,65.04000091552734,4975500
2014-11-21,42.036590576171875,67.36000061035156,67.36000061035156,65.75,66.41000366210938,9165900
2014-11-24,42.298709869384766,67.77999877929688,68.05999755859375,67.4000015258789,67.4000015258789,7730400
2014-11-25,42.47343063354492,68.05999755859375,68.20999908447266,67.1500015258789,67.63999938964844,7550800
2014-11-26,42.872833251953125,68.69999694824219,68.86000061035156,67.87999725341797,68.33999633789062,4046000
2014-11-28,43.184852600097656,69.19999694824219,69.4800033569336,68.88999938964844,69.0,2953700
2014-12-01,43.12870788574219,69.11000061035156,69.5,68.83000183105469,69.08000183105469,4885100
2014-12-02,43.228553771972656,69.2699966430664,69.48999786376953,68.6500015258789,68.87999725341797,6491500
2014-12-03,42.748023986816406,68.5,69.4800033569336,68.41000366210938,69.16999816894531,5817700
2014-12-04,43.415771484375,69.56999969482422,69.86000061035156,68.29000091552734,68.3499984741211,7665300
2014-12-05,43.503135681152344,69.70999908447266,70.16999816894531,69.33999633789062,69.5199966430664,4360100
2014-12-08,43.322166442871094,69.41999816894531,70.76000213623047,69.3499984741211,69.80999755859375,5452100
2014-12-09,43.147422790527344,69.13999938964844,69.19000244140625,67.61000061035156,68.20999908447266,6833800
2014-12-10,42.17389678955078,67.58000183105469,69.44000244140625,67.52999877929688,69.44000244140625,8575700
2014-12-11,41.830665588378906,67.02999877929688,67.95999908447266,66.23999786376953,66.4800033569336,9518000
2014-12-12,40.73231887817383,65.2699966430664,67.16999816894531,65.01000213623047,66.52999877929688,9215500
2014-12-15,40.95073318481445,65.62000274658203,66.47000122070312,64.80999755859375,65.75,7226000
2014-12-16,40.719825744628906,65.25,66.94000244140625,64.80000305175781,65.11000061035156,8545100
2014-12-17,41.5435791015625,66.56999969482422,66.73999786376953,65.08999633789062,65.5,5934900
2014-12-18,42.38607406616211,67.91999816894531,68.01000213623047,67.19999694824219,67.86000061035156,7184700
2014-12-19,42.2550163269043,67.70999908447266,68.62000274658203,66.83999633789062,67.69000244140625,12631000
2014-12-22,41.793216705322266,66.97000122070312,68.25,66.83000183105469,68.04000091552734,12876600
2014-12-23,40.15817642211914,64.3499984741211,67.31999969482422,64.0199966430664,67.2300033569336,12123000
2014-12-24,41.318931579589844,66.20999908447266,66.94999694824219,64.75,64.75,4705500
2014-12-26,41.79946517944336,66.9800033569336,67.23999786376953,66.51000213623047,66.51000213623047,4158200
2014-12-29,41.89930725097656,67.13999938964844,67.37000274658203,66.41999816894531,66.58000183105469,3872800
2014-12-30,41.37511444091797,66.30000305175781,67.16000366210938,66.0199966430664,66.7699966430664,5568800
2014-12-31,40.838409423828125,65.44000244140625,67.0999984741211,65.3499984741211,66.72000122070312,3917300
2015-01-02,41.119232177734375,65.88999938964844,66.4000015258789,65.44000244140625,65.44000244140625,5086100
2015-01-05,40.34539794921875,64.6500015258789,66.0999984741211,63.880001068115234,65.5,8007400
2015-01-06,40.14570236206055,64.33000183105469,65.75,63.70000076293945,65.62000274658203,5483700
2015-01-07,41.76824951171875,66.93000030517578,67.05000305175781,64.4800033569336,64.56999969482422,8283300
2015-01-08,42.20508575439453,67.62999725341797,68.29000091552734,67.41999816894531,68.16000366210938,7949000
2015-01-09,41.05058288574219,65.77999877929688,67.19999694824219,65.11000061035156,66.69000244140625,8779900
2015-01-12,41.03810119628906,65.76000213623047,66.93000030517578,65.30999755859375,66.33999633789062,6159800
2015-01-13,39.856075286865234,63.38999938964844,66.06999969482422,62.90999984741211,65.72000122070312,13908400
2015-01-14,40.05097961425781,63.70000076293945,64.06999969482422,61.86000061035156,62.619998931884766,9448300
2015-01-15,39.541690826416016,62.88999938964844,64.11000061035156,62.869998931884766,64.0,6149100
2015-01-16,40.579132080078125,64.54000091552734,64.62000274658203,62.63999938964844,62.95000076293945,8106000
2015-01-20,39.89379119873047,63.45000076293945,65.29000091552734,62.75,65.05999755859375,9065300
2015-01-21,39.422237396240234,62.70000076293945,63.45000076293945,62.279998779296875,63.099998474121094,7979500
2015-01-22,39.59828567504883,62.97999954223633,63.45000076293945,61.880001068115234,63.20000076293945,8941700
2015-01-23,39.25248336791992,62.43000030517578,63.65999984741211,62.349998474121094,63.65999984741211,6881100
2015-01-26,39.50396728515625,62.83000183105469,63.040000915527344,61.68000030517578,62.2599983215332,8181100
2015-01-27,39.67374038696289,63.099998474121094,63.5,62.20000076293945,62.33000183105469,6532300
2015-01-28,38.88780212402344,61.849998474121094,63.560001373291016,61.689998626708984,63.439998626708984,6910100
2015-01-29,39.686309814453125,63.119998931884766,63.380001068115234,61.59000015258789,62.119998931884766,8485600
2015-01-30,37.944679260253906,60.349998474121094,62.68000030517578,60.119998931884766,62.09000015258789,17582500
2015-02-02,38.16475296020508,60.70000076293945,61.4900016784668,58.650001525878906,61.4900016784668,11491100
2015-02-03,38.762054443359375,61.650001525878906,61.7599983215332,59.97999954223633,61.599998474121094,10721800
2015-02-04,35.781803131103516,56.90999984741211,58.95000076293945,56.650001525878906,58.95000076293945,31250600
2015-02-05,36.46085739135742,57.9900016784668,58.2599983215332,56.150001525878906,57.54999923706055,18964700
2015-02-06,35.7755241394043,56.900001525878906,57.83000183105469,56.689998626708984,57.709999084472656,13890900
2015-02-09,34.88270950317383,55.47999954223633,56.349998474121094,55.18000030517578,55.66999816894531,22522000
2015-02-10,35.76923751831055,56.88999938964844,57.0099983215332,55.599998474121094,55.93000030517578,18917000
2015-02-11,35.64347457885742,56.689998626708984,57.83000183105469,56.2599983215332,57.36000061035156,14681600
2015-02-12,35.86982345581055,57.04999923706055,57.58000183105469,56.15999984741211,57.400001525878906,11940900
2015-02-13,36.498565673828125,58.04999923706055,58.099998474121094,56.900001525878906,57.349998474121094,11303200
2015-02-17,36.91984176635742,58.720001220703125,59.0,57.900001525878906,58.95000076293945,12789700
2015-02-18,37.24677658081055,59.2400016784668,59.47999954223633,58.310001373291016,59.150001525878906,10781700
2015-02-19,37.09588623046875,59.0,59.08000183105469,58.650001525878906,58.91999816894531,8665500
2015-02-20,38.5419807434082,61.29999923706055,61.34000015258789,59.220001220703125,59.61000061035156,15534000
2015-02-23,38.083003997802734,60.56999969482422,61.900001525878906,60.2400016784668,61.540000915527344,11582700
2015-02-24,38.27164077758789,60.869998931884766,61.29999923706055,60.52000045776367,60.849998474121094,7900700
2015-02-25,38.11445999145508,60.619998931884766,61.099998474121094,60.209999084472656,61.099998474121094,9983900
2015-02-26,38.051570892333984,60.52000045776367,60.810001373291016,60.27000045776367,60.349998474121094,7328200
2015-02-27,38.03899383544922,60.5,60.9900016784668,60.369998931884766,60.529998779296875,8649100
2015-03-02,38.01383972167969,60.459999084472656,60.75,60.060001373291016,60.5,6150900
2015-03-03,37.48571014404297,59.619998931884766,60.45000076293945,59.439998626708984,60.349998474121094,7421000
2015-03-04,37.89438247680664,60.27000045776367,60.41999816894531,59.029998779296875,59.31999969482422,8536000
2015-03-05,35.75037384033203,56.86000061035156,59.47999954223633,56.650001525878906,57.209999084472656,47051800
2015-03-06,34.98330307006836,55.63999938964844,57.400001525878906,55.439998626708984,56.95000076293945,22853000
2015-03-09,34.92042922973633,55.540000915527344,56.029998779296875,55.2599983215332,55.93000030517578,14779900
2015-03-10,35.10905456542969,55.84000015258789,56.29999923706055,54.779998779296875,55.220001220703125,17907700
2015-03-11,35.599464416503906,56.619998931884766,56.880001068115234,55.65999984741211,56.189998626708984,14629000
2015-03-12,36.46713638305664,58.0,58.90999984741211,56.650001525878906,56.779998779296875,18227800
2015-03-13,36.46713638305664,58.0,58.869998931884766,57.349998474121094,58.119998931884766,10114500
2015-03-16,37.17131805419922,59.119998931884766,59.70000076293945,58.33000183105469,58.459999084472656,12098700
2015-03-17,37.554874420166016,59.72999954223633,60.18000030517578,58.70000076293945,58.720001220703125,10983600
2015-03-18,37.655460357666016,59.88999938964844,60.41999816894531,59.25,59.7599983215332,11889200
2015-03-19,38.47283172607422,61.189998626708984,61.47999954223633,59.9900016784668,60.09000015258789,14110500
2015-03-20,37.97612380981445,60.400001525878906,61.72999954223633,60.31999969482422,61.5,13313100
2015-03-23,38.02642059326172,60.47999954223633,61.189998626708984,59.619998931884766,60.04999923706055,7926400
2015-03-24,37.49199295043945,59.630001068115234,60.81999969482422,59.45000076293945,60.650001525878906,7970000
2015-03-25,36.6054573059082,58.220001220703125,60.09000015258789,58.209999084472656,60.08000183105469,11619200
2015-03-26,36.00814437866211,57.27000045776367,58.09000015258789,57.220001220703125,57.97999954223633,10853900
2015-03-27,36.24706268310547,57.650001525878906,58.04999923706055,57.310001373291016,57.630001068115234,6830100
2015-03-30,36.6180419921875,58.2400016784668,58.34000015258789,57.790000915527344,57.93000030517578,5781900
2015-03-31,36.80665588378906,58.540000915527344,58.810001373291016,57.709999084472656,58.0099983215332,12313600
2015-04-01,35.901268005371094,57.099998474121094,58.4900016784668,56.33000183105469,58.47999954223633,14903300
2015-04-02,35.84467697143555,57.0099983215332,57.810001373291016,56.900001525878906,57.439998626708984,8787000
2015-04-06,36.2219352722168,57.61000061035156,57.88999938964844,56.68000030517578,56.810001373291016,10280100
2015-04-07,36.7312126159668,58.41999816894531,58.75,57.790000915527344,58.25,10171500
2015-04-08,36.97643280029297,58.810001373291016,58.97999954223633,57.95000076293945,58.5,11075800
2015-04-09,37.92582321166992,60.31999969482422,60.43000030517578,59.04999923706055,59.20000076293945,12698000
2015-04-10,38.98211669921875,62.0,62.33000183105469,60.31999969482422,60.5,17894700
2015-04-13,38.79826354980469,61.20000076293945,62.15999984741211,61.060001373291016,61.810001373291016,11400900
2015-04-14,39.1279182434082,61.720001220703125,61.810001373291016,60.5099983215332,61.400001525878906,13071400
2015-04-15,39.32444381713867,62.029998779296875,62.70000076293945,61.970001220703125,62.099998474121094,11534200
2015-04-16,39.67946243286133,62.59000015258789,62.90999984741211,61.650001525878906,61.79999923706055,9815600
2015-04-17,39.489280700683594,62.290000915527344,62.790000915527344,61.869998931884766,62.119998931884766,9905600
2015-04-20,40.28173828125,63.540000915527344,64.0,62.79999923706055,62.90999984741211,12779200
2015-04-21,40.326107025146484,63.61000061035156,64.23999786376953,63.27000045776367,63.88999938964844,8457300
2015-04-22,40.90300369262695,64.5199966430664,64.7300033569336,63.560001373291016,63.599998474121094,13874300
2015-04-23,40.731842041015625,64.25,65.30999755859375,62.72999954223633,65.26000213623047,18405300
2015-04-24,41.88564682006836,66.06999969482422,66.37000274658203,64.13999938964844,64.30999755859375,14859500
2015-04-27,41.21998977661133,65.0199966430664,66.66000366210938,64.86000061035156,66.0199966430664,18141700
2015-04-28,42.15191650390625,66.48999786376953,66.48999786376953,64.19999694824219,64.5999984741211,13084900
2015-04-29,41.6067008972168,65.62999725341797,66.18000030517578,65.51000213623047,65.69999694824219,9864300
2015-04-30,40.99176025390625,64.66000366210938,65.91999816894531,64.31999969482422,65.38999938964844,10298600
2015-05-01,40.77621841430664,64.31999969482422,65.5,63.880001068115234,65.08999633789062,9870800
2015-05-04,41.00444412231445,64.68000030517578,65.44000244140625,64.01000213623047,64.31999969482422,8493500
2015-05-05,40.48459243774414,63.86000061035156,64.9000015258789,63.779998779296875,64.19999694824219,7635900
2015-05-06,40.535308837890625,63.939998626708984,64.52999877929688,63.400001525878906,64.11000061035156,8476300
2015-05-07,41.01712417602539,64.69999694824219,64.80999755859375,63.59000015258789,63.59000015258789,8638200
2015-05-08,41.359458923339844,65.23999786376953,65.80000305175781,64.9000015258789,65.0999984741211,7541100
2015-05-11,41.33409881591797,65.19999694824219,65.80000305175781,65.08000183105469,65.19000244140625,7978700
2015-05-12,41.08686065673828,64.80999755859375,65.2699966430664,64.58999633789062,64.75,5927000
2015-05-13,41.39750289916992,65.30000305175781,65.31999969482422,64.62999725341797,64.9800033569336,8519200
2015-05-14,41.82224655151367,65.97000122070312,66.2699966430664,64.94000244140625,65.86000061035156,5868900
2015-05-15,41.83491134643555,65.98999786376953,66.5199966430664,65.91000366210938,65.93000030517578,6786400
2015-05-18,41.594024658203125,65.61000061035156,65.91000366210938,65.13999938964844,65.79000091552734,7858100
2015-05-19,41.670101165771484,65.7300033569336,66.12000274658203,65.4000015258789,65.70999908447266,7674600
2015-05-20,41.77152633666992,65.88999938964844,66.19999694824219,65.38999938964844,65.91999816894531,9956000
2015-05-21,41.619380950927734,65.6500015258789,65.80999755859375,64.87000274658203,65.44999694824219,10553400
2015-05-22,41.51160430908203,65.4800033569336,65.87000274658203,65.30999755859375,65.4800033569336,14041500
2015-05-26,41.904659271240234,66.0999984741211,67.0,65.66000366210938,65.72000122070312,21034300
2015-05-27,42.716129302978516,67.37999725341797,67.98999786376953,66.56999969482422,66.75,40778800
2015-05-28,42.7731819152832,67.47000122070312,67.52999877929688,66.62999725341797,67.41999816894531,12891500
2015-05-29,42.215301513671875,66.58999633789062,67.5199966430664,66.38999938964844,67.22000122070312,9451000
2015-06-01,42.43083953857422,66.93000030517578,67.26000213623047,66.26000213623047,66.80000305175781,12426700
2015-06-02,42.234317779541016,66.62000274658203,67.2300033569336,66.33000183105469,66.69999694824219,11133200
2015-06-03,42.4815673828125,67.01000213623047,67.30000305175781,66.62000274658203,66.9000015258789,20804000
2015-06-04,42.741477966308594,67.41999816894531,67.87000274658203,66.5199966430664,66.55000305175781,10539000
2015-06-05,42.72880554199219,67.4000015258789,67.76000213623047,66.62000274658203,66.9800033569336,8908900
2015-06-08,42.976051330566406,67.79000091552734,68.19999694824219,67.52999877929688,67.86000061035156,10276700
2015-06-09,42.89997100830078,67.66999816894531,68.08000183105469,67.51000213623047,67.5199966430664,8132800
2015-06-10,43.261329650878906,68.23999786376953,68.44000244140625,67.54000091552734,67.66000366210938,7349300
2015-06-11,43.134552001953125,68.04000091552734,68.66999816894531,67.6500015258789,68.66999816894531,7552200
2015-06-12,42.50693130493164,67.05000305175781,67.93000030517578,66.58999633789062,67.88999938964844,8249900
2015-06-15,42.41817092895508,66.91000366210938,67.05000305175781,66.0999984741211,66.66000366210938,7028400
2015-06-16,42.32941818237305,66.7699966430664,67.4000015258789,66.62000274658203,66.72000122070312,5200700
2015-06-17,42.96337890625,67.7699966430664,67.98999786376953,66.87999725341797,66.97000122070312,7377100
2015-06-18,43.73046112060547,68.9800033569336,69.06999969482422,67.79000091552734,67.79000091552734,9079000
2015-06-19,44.047428131103516,69.4800033569336,69.75,68.5,68.5,9979500
2015-06-22,44.453163146972656,70.12000274658203,70.5999984741211,69.7300033569336,69.8499984741211,10124900
2015-06-23,44.38977813720703,70.0199966430664,70.48999786376953,69.56999969482422,70.01000213623047,8720000
2015-06-24,43.88261032104492,69.22000122070312,70.75,69.02999877929688,70.5199966430664,9308200
2015-06-25,44.26298141479492,69.81999969482422,70.37999725341797,69.29000091552734,69.66999816894531,6191200
2015-06-26,44.6687126159668,70.45999908447266,70.5999984741211,69.68000030517578,69.94999694824219,9669500
2015-06-29,42.58934783935547,67.18000030517578,70.0199966430664,67.08000183105469,69.2699966430664,12057200
2015-06-30,42.59567642211914,67.19000244140625,68.22000122070312,66.66000366210938,68.0,11459600
2015-07-01,43.4324951171875,68.51000213623047,68.5999984741211,67.68000030517578,67.9000015258789,7694900
2015-07-02,43.24231719970703,68.20999908447266,68.9000015258789,67.79000091552734,68.68000030517578,6245700
2015-07-06,43.2486572265625,68.22000122070312,69.0,67.48999786376953,67.52999877929688,17029100
2015-07-07,43.46420669555664,68.55999755859375,68.79000091552734,67.31999969482422,68.41999816894531,7821600
2015-07-08,42.89364242553711,67.66000366210938,68.44000244140625,67.58000183105469,67.79000091552734,5027200
2015-07-09,43.09016418457031,67.97000122070312,68.91999816894531,67.80000305175781,68.4800033569336,6516800
2015-07-10,43.88895797729492,69.2300033569336,69.5,68.52999877929688,68.94000244140625,6891400
2015-07-13,44.431819915771484,69.56999969482422,69.69999694824219,69.16999816894531,69.41999816894531,5507000
2015-07-14,44.57870101928711,69.80000305175781,70.5199966430664,69.4000015258789,69.70999908447266,6628300
2015-07-15,44.54676818847656,69.75,70.04000091552734,69.30999755859375,69.80999755859375,16761400
2015-07-16,44.7000617980957,69.98999786376953,70.30000305175781,69.83000183105469,70.13999938964844,6843800
2015-07-17,44.7000617980957,69.98999786376953,70.12999725341797,69.69999694824219,69.98999786376953,6141200
2015-07-20,45.21738815307617,70.80000305175781,71.11000061035156,69.86000061035156,70.0,9633000
2015-07-21,45.05131149291992,70.54000091552734,71.5999984741211,70.22000122070312,70.80999755859375,5028500
2015-07-22,45.064090728759766,70.55999755859375,70.6500015258789,70.02999877929688,70.26000213623047,5701700
2015-07-23,45.038543701171875,70.5199966430664,70.93000030517578,70.13999938964844,70.25,5636600
2015-07-24,43.480220794677734,68.08000183105469,69.0199966430664,67.3499984741211,67.52999877929688,13495200
2015-07-27,44.28491973876953,69.33999633789062,70.95999908447266,68.45999908447266,68.45999908447266,12841500
2015-07-28,45.49199295043945,71.2300033569336,71.44000244140625,69.08000183105469,69.5,10098300
2015-07-29,45.198211669921875,70.7699966430664,71.51000213623047,70.73999786376953,71.29000091552734,6793300
2015-07-30,44.80864334106445,70.16000366210938,70.87999725341797,69.2699966430664,70.86000061035156,6820400
2015-07-31,44.71282196044922,70.01000213623047,70.37999725341797,69.7300033569336,70.37999725341797,6181300
2015-08-03,44.534019470214844,69.7300033569336,70.79000091552734,69.27999877929688,70.19000244140625,9872300
2015-08-04,44.67451095581055,69.94999694824219,70.38999938964844,69.66999816894531,70.04000091552734,5410900
2015-08-05,44.898048400878906,70.30000305175781,70.63999938964844,70.05000305175781,70.0999984741211,10090200
2015-08-06,44.2210578918457,69.23999786376953,70.77999877929688,68.80000305175781,70.37000274658203,6172200
2015-08-07,43.825077056884766,68.62000274658203,69.30000305175781,67.7699966430664,69.08000183105469,6214500
2015-08-10,44.201900482177734,69.20999908447266,69.43000030517578,68.5,68.91999816894531,8189400
2015-08-11,43.58877182006836,68.25,69.29000091552734,67.94000244140625,68.5,7473200
2015-08-12,43.90810012817383,68.75,68.91999816894531,67.23999786376953,67.83000183105469,8337600
2015-08-13,43.773990631103516,68.54000091552734,69.08999633789062,68.20999908447266,68.68000030517578,7184900
2015-08-14,43.8442497253418,68.6500015258789,69.44000244140625,68.41000366210938,68.55999755859375,5864800
2015-08-17,44.30409622192383,69.37000274658203,69.81999969482422,68.30000305175781,68.70999908447266,17669900
2015-08-18,43.978370666503906,68.86000061035156,69.73999786376953,68.66999816894531,69.41999816894531,6376500
2015-08-19,43.805931091308594,68.58999633789062,69.08000183105469,68.20999908447266,68.75,6270300
2015-08-20,43.09700012207031,67.4800033569336,68.43000030517578,67.4800033569336,68.0,9600900
2015-08-21,42.08791732788086,65.9000015258789,67.16000366210938,65.83000183105469,66.73999786376953,16277100
2015-08-24,40.523189544677734,63.45000076293945,64.8499984741211,53.869998931884766,61.16999816894531,24292600
2015-08-25,38.77325439453125,60.709999084472656,65.12000274658203,60.650001525878906,65.11000061035156,15267000
2015-08-26,40.32521057128906,63.13999938964844,63.220001220703125,60.880001068115234,62.470001220703125,15289600
2015-08-27,41.20017623901367,64.51000213623047,64.5999984741211,63.0,64.02999877929688,12592100
2015-08-28,40.8616943359375,63.97999954223633,64.77999877929688,63.439998626708984,63.90999984741211,7316400
2015-08-31,39.858985900878906,62.40999984741211,64.30999755859375,62.25,64.13999938964844,15581100
2015-09-01,38.63914108276367,60.5,61.630001068115234,60.15999984741211,61.0,12703200
2015-09-02,38.94569778442383,60.97999954223633,61.599998474121094,60.279998779296875,61.560001373291016,12044500
2015-09-03,39.328887939453125,61.58000183105469,62.279998779296875,61.349998474121094,61.45000076293945,11777400
2015-09-04,38.172916412353516,59.77000045776367,60.79999923706055,58.959999084472656,60.650001525878906,9281400
2015-09-08,38.68384552001953,60.56999969482422,60.939998626708984,59.90999984741211,60.220001220703125,9263200
2015-09-09,37.847198486328125,59.2599983215332,61.52000045776367,59.11000061035156,61.52000045776367,8436900
2015-09-10,38.051578521728516,59.58000183105469,60.130001068115234,58.88999938964844,59.36000061035156,9306600
2015-09-11,37.90467071533203,59.349998474121094,59.7599983215332,58.970001220703125,59.619998931884766,9365400
2015-09-14,37.642822265625,58.939998626708984,59.619998931884766,57.540000915527344,59.43000030517578,9095600
2015-09-15,37.80887985229492,59.20000076293945,59.439998626708984,58.369998931884766,58.97999954223633,10474700
2015-09-16,38.00685119628906,59.5099983215332,59.63999938964844,58.630001068115234,59.5,8044200
2015-09-17,38.23039627075195,59.86000061035156,60.91999816894531,59.38999938964844,59.560001373291016,10281700
2015-09-18,39.098976135253906,61.220001220703125,61.83000183105469,58.970001220703125,59.41999816894531,28957000
2015-09-21,37.93022537231445,59.38999938964844,61.7400016784668,59.290000915527344,61.2400016784668,11038100
2015-09-22,36.87642288208008,57.7400016784668,58.2599983215332,56.90999984741211,58.16999816894531,14192000
2015-09-23,36.678443908691406,57.43000030517578,58.400001525878906,57.150001525878906,57.900001525878906,9827000
2015-09-24,36.12919998168945,56.56999969482422,57.47999954223633,55.91999816894531,56.93000030517578,8625500
2015-09-25,35.59910583496094,55.7400016784668,57.880001068115234,55.08000183105469,57.84000015258789,8673500
2015-09-28,33.52983093261719,52.5,55.43000030517578,52.34000015258789,55.38999938964844,15123000
2015-09-29,33.71503448486328,52.790000915527344,54.189998626708984,51.880001068115234,53.099998474121094,12842800
2015-09-30,34.74968338012695,54.40999984741211,54.5,53.36000061035156,53.540000915527344,11895500
2015-10-01,35.20952224731445,55.130001068115234,55.22999954223633,53.93000030517578,54.68000030517578,9255800
2015-10-02,35.65019226074219,55.81999969482422,55.849998474121094,53.720001220703125,53.869998931884766,6942600
2015-10-05,36.19944381713867,56.68000030517578,56.95000076293945,55.439998626708984,56.38999938964844,9332800
2015-10-06,35.177589416503906,55.08000183105469,56.66999816894531,53.959999084472656,56.2599983215332,9008300
2015-10-07,35.52885437011719,55.630001068115234,56.54999923706055,53.90999984741211,54.849998474121094,11056100
2015-10-08,35.79070281982422,56.040000915527344,56.15999984741211,54.79999923706055,55.130001068115234,6737300
2015-10-09,35.53523254394531,55.63999938964844,56.5,55.470001220703125,56.18000030517578,7178500
2015-10-12,35.61826705932617,55.77000045776367,56.27000045776367,55.52000045776367,55.79999923706055,6515000
2015-10-13,34.677207946777344,53.79999923706055,55.36000061035156,53.709999084472656,55.16999816894531,9467900
2015-10-14,34.7674446105957,53.939998626708984,54.619998931884766,53.56999969482422,54.09000015258789,8727400
2015-10-15,36.18546676635742,56.13999938964844,56.20000076293945,53.849998474121094,54.31999969482422,7781600
2015-10-16,36.43685531616211,56.529998779296875,56.970001220703125,55.790000915527344,56.290000915527344,7342800
2015-10-19,36.19837188720703,56.15999984741211,56.70000076293945,55.689998626708984,56.290000915527344,6463000
2015-10-20,35.34111785888672,54.83000183105469,56.380001068115234,54.630001068115234,56.150001525878906,6494600
2015-10-21,34.6965446472168,53.83000183105469,55.61000061035156,53.06999969482422,55.279998779296875,11638800
2015-10-22,31.112808227539062,48.27000045776367,54.439998626708984,45.45000076293945,53.880001068115234,46517700
2015-10-23,32.44704055786133,50.34000015258789,51.72999954223633,48.63999938964844,49.40999984741211,26214800
2015-10-26,33.43320846557617,51.869998931884766,52.47999954223633,49.349998474121094,50.16999816894531,13890400
2015-10-27,33.89085006713867,52.58000183105469,53.4900016784668,52.0099983215332,52.0099983215332,11710800
2015-10-28,34.32914733886719,53.2599983215332,53.84000015258789,52.08000183105469,52.81999969482422,7869000
2015-10-29,34.87057113647461,54.099998474121094,55.18000030517578,53.02000045776367,53.20000076293945,9304400
2015-10-30,38.383399963378906,59.54999923706055,60.72999954223633,57.65999984741211,57.869998931884766,27465600
2015-11-02,40.852081298828125,63.380001068115234,64.19999694824219,61.439998626708984,61.599998474121094,17008700
2015-11-03,40.23976516723633,62.43000030517578,63.720001220703125,61.91999816894531,63.119998931884766,8754700
2015-11-04,41.122779846191406,63.79999923706055,64.1500015258789,62.29999923706055,62.43000030517578,10342600
2015-11-05,40.45888900756836,62.77000045776367,64.18000030517578,61.689998626708984,63.70000076293945,10237200
2015-11-06,41.33547592163086,64.12999725341797,64.30000305175781,62.130001068115234,62.25,7261100
2015-11-09,40.755393981933594,63.22999954223633,64.12999725341797,63.11000061035156,63.619998931884766,8239400
2015-11-10,40.15595245361328,62.29999923706055,63.619998931884766,62.279998779296875,63.33000183105469,6897600
2015-11-11,39.22779083251953,60.86000061035156,62.27000045776367,60.56999969482422,62.20000076293945,8212500
2015-11-12,38.821712493896484,60.22999954223633,61.72999954223633,60.150001525878906,60.790000915527344,7765500
2015-11-13,38.583221435546875,59.86000061035156,60.970001220703125,58.88999938964844,60.0099983215332,7834400
2015-11-16,38.679901123046875,60.0099983215332,60.810001373291016,59.560001373291016,59.7400016784668,6965100
2015-11-17,38.91841506958008,60.380001068115234,61.72999954223633,59.72999954223633,60.099998474121094,8405400
2015-11-18,39.311588287353516,60.9900016784668,61.060001373291016,59.849998474121094,60.2599983215332,5470200
2015-11-19,39.02796936035156,60.54999923706055,61.72999954223633,60.13999938964844,61.220001220703125,5571200
2015-11-20,39.38892364501953,61.11000061035156,61.36000061035156,60.56999969482422,60.939998626708984,7490200
2015-11-23,39.414710998535156,61.150001525878906,61.529998779296875,60.84000015258789,61.310001373291016,6405000
2015-11-24,39.40180587768555,61.130001068115234,61.650001525878906,60.529998779296875,60.560001373291016,5213500
2015-11-25,38.86039352416992,60.290000915527344,61.130001068115234,60.209999084472656,61.099998474121094,4879800
2015-11-27,38.67346954345703,60.0,60.45000076293945,59.61000061035156,60.16999816894531,2404100
2015-11-30,37.48103332519531,58.150001525878906,60.209999084472656,57.959999084472656,59.959999084472656,12660200
2015-12-01,38.041805267333984,59.02000045776367,59.099998474121094,57.15999984741211,58.22999954223633,11290500
2015-12-02,37.2038688659668,57.720001220703125,59.38999938964844,57.369998931884766,59.16999816894531,7663000
2015-12-03,36.172576904296875,56.119998931884766,57.75,55.529998779296875,57.709999084472656,9701500
2015-12-04,36.855804443359375,57.18000030517578,57.47999954223633,56.20000076293945,56.5,6748100
2015-12-07,36.26927185058594,56.27000045776367,57.9900016784668,55.7599983215332,57.900001525878906,7890900
2015-12-08,36.527095794677734,56.66999816894531,56.869998931884766,55.5099983215332,55.560001373291016,6896200
2015-12-09,36.11456298828125,56.029998779296875,57.439998626708984,55.720001220703125,56.279998779296875,6207900
2015-12-10,35.95343780517578,55.779998779296875,56.650001525878906,55.650001525878906,56.0,6736900
2015-12-11,34.83190155029297,54.040000915527344,55.779998779296875,53.849998474121094,55.779998779296875,9388600
2015-12-14,35.73428726196289,55.439998626708984,55.47999954223633,53.2400016784668,53.709999084472656,9419500
2015-12-15,36.34659957885742,56.38999938964844,57.0,55.90999984741211,56.150001525878906,6990000
2015-12-16,37.14586639404297,57.630001068115234,57.689998626708984,56.20000076293945,56.66999816894531,6282500
2015-12-17,36.34017562866211,56.380001068115234,57.93000030517578,56.349998474121094,57.65999984741211,7848900
2015-12-18,35.92765426635742,55.7400016784668,56.099998474121094,55.36000061035156,55.900001525878906,13807000
2015-12-21,36.22414016723633,56.20000076293945,56.2599983215332,55.70000076293945,56.0,4572100
2015-12-22,37.12008285522461,57.59000015258789,57.9900016784668,56.41999816894531,56.540000915527344,8390800
2015-12-23,37.75820541381836,58.58000183105469,58.61000061035156,57.61000061035156,57.880001068115234,6634400
2015-12-24,37.68085479736328,58.459999084472656,58.72999954223633,58.0,58.380001068115234,2152900
2015-12-28,37.86777877807617,58.75,58.970001220703125,57.7599983215332,58.27000045776367,5585800
2015-12-29,38.318965911865234,59.45000076293945,59.70000076293945,59.02000045776367,59.02000045776367,5073900
2015-12-30,38.544551849365234,59.79999923706055,60.119998931884766,59.310001373291016,59.400001525878906,5220300
2015-12-31,38.1836051940918,59.2400016784668,59.93000030517578,59.20000076293945,59.5,6104800
2016-01-04,37.13298034667969,57.61000061035156,58.31999969482422,56.400001525878906,58.060001373291016,10308400
2016-01-05,36.9782829284668,57.369998931884766,58.25,56.81999969482422,57.9900016784668,7179600
2016-01-06,36.98472213745117,57.380001068115234,57.560001373291016,56.18000030517578,56.369998931884766,8952700
2016-01-07,36.87515640258789,57.209999084472656,57.84000015258789,56.34000015258789,56.52000045776367,9292600
2016-01-08,35.869651794433594,55.650001525878906,57.810001373291016,55.47999954223633,57.54999923706055,7985200
2016-01-11,34.72877883911133,53.880001068115234,55.97999954223633,52.83000183105469,55.86000061035156,10483300
2016-01-12,35.3475456237793,54.84000015258789,54.970001220703125,53.56999969482422,54.470001220703125,6799600
2016-01-13,33.33493423461914,51.18000030517578,54.619998931884766,50.97999954223633,54.54999923706055,10432200
2016-01-14,35.536434173583984,54.560001373291016,56.83000183105469,50.709999084472656,51.31999969482422,16704900
2016-01-15,37.34712600708008,57.34000015258789,57.40999984741211,53.0099983215332,53.0099983215332,27008800
2016-01-19,35.816497802734375,54.9900016784668,57.72999954223633,54.22999954223633,57.529998779296875,13644500
2016-01-20,37.2233772277832,57.150001525878906,57.93000030517578,53.70000076293945,54.209999084472656,11993100
2016-01-21,38.01148223876953,58.36000061035156,58.77000045776367,56.91999816894531,57.290000915527344,12097000
2016-01-22,38.317604064941406,58.83000183105469,59.43000030517578,57.81999969482422,59.099998474121094,10383800
2016-01-25,38.20035171508789,58.650001525878906,59.810001373291016,58.18000030517578,59.029998779296875,9681900
2016-01-26,37.94633865356445,58.2599983215332,59.27000045776367,57.209999084472656,59.0099983215332,7421100
2016-01-27,37.19732666015625,57.11000061035156,58.93000030517578,56.45000076293945,58.36000061035156,9077700
2016-01-28,36.37663269042969,55.849998474121094,57.72999954223633,54.779998779296875,57.22999954223633,10521100
2016-01-29,35.75788497924805,54.900001525878906,55.310001373291016,53.41999816894531,53.41999816894531,17768700
2016-02-01,35.425697326660156,54.38999938964844,54.880001068115234,52.5099983215332,54.15999984741211,11693300
2016-02-02,35.13912582397461,53.95000076293945,54.779998779296875,53.31999969482422,53.63999938964844,7918300
2016-02-03,37.021461486816406,56.84000015258789,57.18000030517578,54.04999923706055,54.529998779296875,16435700
2016-02-04,36.9693489074707,56.7599983215332,57.310001373291016,55.36000061035156,56.7400016784668,10351200
2016-02-05,34.59851837158203,53.119998931884766,56.34000015258789,52.619998931884766,56.25,13263200
2016-02-08,34.4487190246582,52.88999938964844,54.099998474121094,51.939998626708984,52.58000183105469,9369400
2016-02-09,34.833003997802734,53.47999954223633,53.939998626708984,52.060001373291016,52.310001373291016,7655800
2016-02-10,34.33799362182617,52.720001220703125,54.689998626708984,52.54999923706055,54.11000061035156,9302800
2016-02-11,33.98627471923828,52.18000030517578,53.119998931884766,51.81999969482422,52.29999923706055,8551100
2016-02-12,34.24680709838867,52.58000183105469,52.970001220703125,51.599998474121094,52.529998779296875,9976200
2016-02-16,34.8525276184082,53.5099983215332,53.869998931884766,52.72999954223633,53.439998626708984,8313000
2016-02-17,35.829524993896484,55.0099983215332,55.150001525878906,53.349998474121094,54.34000015258789,10005600
2016-02-18,35.52992630004883,54.54999923706055,55.529998779296875,54.16999816894531,55.529998779296875,6555000
2016-02-19,35.36056900024414,54.290000915527344,55.0,53.97999954223633,54.5,8532500
2016-02-22,36.00538635253906,55.279998779296875,55.31999969482422,53.7400016784668,54.290000915527344,9381800
2016-02-23,35.86860656738281,55.06999969482422,56.310001373291016,55.0,55.70000076293945,8629700
2016-02-24,35.75136947631836,54.88999938964844,55.06999969482422,54.0099983215332,54.65999984741211,6633800
2016-02-25,36.604618072509766,56.20000076293945,56.22999954223633,54.43000030517578,55.16999816894531,7076300
2016-02-26,36.47434997558594,56.0,56.790000915527344,55.79999923706055,56.2599983215332,5298000
2016-02-29,35.56898880004883,54.61000061035156,56.0,54.470001220703125,55.869998931884766,8395100
2016-03-01,36.6957893371582,56.34000015258789,56.34000015258789,54.2400016784668,54.779998779296875,7106000
2016-03-02,36.27893829345703,55.70000076293945,56.43000030517578,55.400001525878906,56.16999816894531,7054800
2016-03-03,36.42874526977539,55.93000030517578,56.09000015258789,55.150001525878906,55.689998626708984,9283900
2016-03-04,36.57204818725586,56.150001525878906,56.70000076293945,55.29999923706055,56.0,6439700
2016-03-07,36.73487091064453,56.400001525878906,56.5,54.83000183105469,55.70000076293945,7741800
2016-03-08,36.03144836425781,55.31999969482422,56.470001220703125,55.22999954223633,56.18000030517578,5303700
2016-03-09,36.72836685180664,56.38999938964844,56.650001525878906,55.040000915527344,55.5099983215332,8402500
2016-03-10,36.6241569519043,56.22999954223633,57.369998931884766,55.31999969482422,56.560001373291016,5627900
2016-03-11,37.60114288330078,57.72999954223633,57.869998931884766,56.349998474121094,56.400001525878906,6537400
2016-03-14,37.262447357177734,57.209999084472656,57.72999954223633,56.970001220703125,57.66999816894531,4650800
2016-03-15,36.226837158203125,55.619998931884766,56.93000030517578,55.130001068115234,56.650001525878906,5779600
2016-03-16,36.67625427246094,56.310001373291016,56.540000915527344,55.25,55.58000183105469,6245400
2016-03-17,36.03144836425781,55.31999969482422,56.459999084472656,54.40999984741211,56.459999084472656,8308800
2016-03-18,36.84559631347656,56.56999969482422,56.599998474121094,54.79999923706055,55.59000015258789,11029800
2016-03-21,36.48086166381836,56.0099983215332,56.779998779296875,55.72999954223633,56.52000045776367,6632900
2016-03-22,37.45133590698242,57.5,57.540000915527344,55.75,55.75,7661600
2016-03-23,36.708824157714844,56.36000061035156,57.5,56.220001220703125,57.15999984741211,5116400
2016-03-24,36.55249786376953,56.119998931884766,56.25,55.66999816894531,56.13999938964844,5278900
2016-03-28,36.545989990234375,56.11000061035156,56.70000076293945,55.79999923706055,56.349998474121094,3803100
2016-03-29,37.158241271972656,57.04999923706055,57.099998474121094,55.220001220703125,56.099998474121094,4567900
2016-03-30,37.125675201416016,57.0,57.529998779296875,56.720001220703125,57.43000030517578,3650300
2016-03-31,37.2038459777832,57.119998931884766,57.459999084472656,56.81999969482422,57.02000045776367,4930300
2016-04-01,37.39921951293945,57.41999816894531,57.56999969482422,56.36000061035156,56.58000183105469,4525700
2016-04-04,38.565101623535156,59.209999084472656,59.400001525878906,57.4900016784668,57.63999938964844,8108100
2016-04-05,38.12872314453125,58.540000915527344,59.560001373291016,58.09000015258789,58.540000915527344,6779400
2016-04-06,39.00800704956055,59.88999938964844,59.900001525878906,58.52000045776367,58.52000045776367,6322800
2016-04-07,38.62372970581055,59.29999923706055,59.900001525878906,58.7599983215332,59.41999816894531,7827600
2016-04-08,38.083133697509766,58.470001220703125,59.79999923706055,58.16999816894531,59.4900016784668,5750000
2016-04-11,38.1026611328125,58.5,59.25,58.25,58.59000015258789,4894000
2016-04-12,39.00800704956055,59.88999938964844,60.04999923706055,58.689998626708984,58.97999954223633,7243700
2016-04-13,38.8370361328125,59.060001373291016,60.0,58.70000076293945,59.869998931884766,7023000
2016-04-14,38.98170471191406,59.279998779296875,59.4900016784668,59.0,59.150001525878906,5185600
2016-04-15,39.13295364379883,59.5099983215332,59.7400016784668,58.779998779296875,59.54999923706055,4660800
2016-04-18,39.376251220703125,59.880001068115234,60.31999969482422,59.29999923706055,59.5,6089400
2016-04-19,39.566951751708984,60.16999816894531,61.22999954223633,59.66999816894531,60.09000015258789,6149300
2016-04-20,39.77080535888672,60.47999954223633,61.11000061035156,59.959999084472656,60.16999816894531,4443600
2016-04-21,40.356056213378906,61.369998931884766,61.43000030517578,60.540000915527344,60.56999969482422,5702400
2016-04-22,40.38893127441406,61.41999816894531,61.9900016784668,60.959999084472656,61.29999923706055,5103000
2016-04-25,40.093017578125,60.970001220703125,61.29999923706055,60.75,61.130001068115234,4320500
2016-04-26,40.06671142578125,60.93000030517578,61.290000915527344,60.529998779296875,60.959999084472656,4281700
2016-04-27,39.91548538208008,60.70000076293945,61.47999954223633,60.25,60.93000030517578,6679200
2016-04-28,40.24427795410156,61.20000076293945,62.099998474121094,57.529998779296875,58.560001373291016,16235400
2016-04-29,40.11274719238281,61.0,61.45000076293945,60.47999954223633,61.029998779296875,13052700
2016-05-02,40.40209197998047,61.439998626708984,62.0,60.70000076293945,60.790000915527344,9512000
2016-05-03,40.61907958984375,61.77000045776367,62.09000015258789,60.720001220703125,60.9900016784668,9316600
2016-05-04,40.415245056152344,61.459999084472656,61.650001525878906,61.0099983215332,61.29999923706055,8691400
2016-05-05,40.99391555786133,62.34000015258789,62.400001525878906,61.09000015258789,61.40999984741211,8646200
2016-05-06,41.105712890625,62.5099983215332,62.75,61.650001525878906,62.0,10880700
2016-05-09,41.88823699951172,63.70000076293945,63.869998931884766,62.279998779296875,62.36000061035156,9917400
2016-05-10,41.91453552246094,63.7400016784668,63.7599983215332,63.31999969482422,63.5099983215332,12103400
2016-05-11,41.23064422607422,62.70000076293945,63.83000183105469,62.63999938964844,63.77000045776367,9375200
2016-05-12,41.09255599975586,62.4900016784668,63.06999969482422,62.38999938964844,62.86000061035156,9589500
2016-05-13,40.770328521728516,62.0,62.86000061035156,61.81999969482422,62.150001525878906,7339600
2016-05-16,41.06624221801758,62.45000076293945,62.619998931884766,61.5,61.90999984741211,6707400
2016-05-17,39.619564056396484,60.25,62.790000915527344,58.5,62.439998626708984,31528900
2016-05-18,39.757652282714844,60.459999084472656,60.79999923706055,59.560001373291016,59.869998931884766,10622000
2016-05-19,38.98170471191406,59.279998779296875,60.349998474121094,58.900001525878906,60.060001373291016,9917900
2016-05-20,39.25130844116211,59.689998626708984,60.04999923706055,59.029998779296875,59.630001068115234,11259400
2016-05-23,38.9948616027832,59.29999923706055,59.84000015258789,59.130001068115234,59.75,6468900
2016-05-24,39.91548538208008,60.70000076293945,60.90999984741211,59.52000045776367,59.72999954223633,8888100
2016-05-25,40.25742721557617,61.220001220703125,61.470001220703125,60.790000915527344,61.08000183105469,5857600
2016-05-26,40.70457458496094,61.900001525878906,62.16999816894531,60.900001525878906,61.0,6537100
2016-05-27,41.237220764160156,62.709999084472656,63.20000076293945,61.900001525878906,61.9900016784668,5768000
2016-05-31,41.38188934326172,62.93000030517578,63.4900016784668,62.63999938964844,62.709999084472656,7147900
2016-06-01,41.31613540649414,62.83000183105469,63.16999816894531,62.630001068115234,62.93000030517578,5284400
2016-06-02,42.802276611328125,65.08999633789062,65.1500015258789,62.83000183105469,62.869998931884766,11628000
2016-06-03,42.74309539794922,65.0,65.37000274658203,63.75,64.76000213623047,10621600
2016-06-06,41.3095588684082,62.81999969482422,62.9900016784668,61.869998931884766,62.130001068115234,16403400
2016-06-07,41.493675231933594,63.099998474121094,63.59000015258789,62.29999923706055,62.59000015258789,10980100
2016-06-08,40.5927848815918,61.72999954223633,62.29999923706055,61.369998931884766,62.209999084472656,13173000
2016-06-09,39.948368072509766,60.75,62.16999816894531,60.52000045776367,61.5,11503700
2016-06-10,40.11274719238281,61.0,61.0099983215332,59.720001220703125,59.9900016784668,11052300
2016-06-13,39.40913009643555,59.93000030517578,61.38999938964844,59.849998474121094,60.459999084472656,11673600
2016-06-14,39.389400482177734,59.900001525878906,60.380001068115234,59.15999984741211,59.459999084472656,11560200
2016-06-15,39.718204498291016,60.400001525878906,61.27000045776367,60.0099983215332,60.290000915527344,7739300
2016-06-16,40.0469970703125,60.900001525878906,60.939998626708984,59.90999984741211,59.93000030517578,7011200
2016-06-17,39.46173858642578,60.0099983215332,60.970001220703125,59.56999969482422,60.880001068115234,12574700
2016-06-20,39.52748489379883,60.11000061035156,61.18000030517578,60.060001373291016,60.63999938964844,7076500
2016-06-21,39.442012786865234,59.97999954223633,60.400001525878906,59.75,60.20000076293945,6366500
2016-06-22,39.71162796020508,60.38999938964844,61.18000030517578,59.91999816894531,60.0,6718600
2016-06-23,40.31660079956055,61.310001373291016,61.31999969482422,60.619998931884766,60.86000061035156,5328200
2016-06-24,39.36310958862305,59.86000061035156,60.599998474121094,59.18000030517578,59.2599983215332,9878500
2016-06-27,38.587162017822266,58.68000030517578,59.68000030517578,58.33000183105469,59.380001068115234,7945500
2016-06-28,39.44858932495117,59.9900016784668,60.130001068115234,59.150001525878906,59.279998779296875,9897600
2016-06-29,40.64539337158203,61.810001373291016,62.029998779296875,60.22999954223633,60.58000183105469,9308000
2016-06-30,40.71115493774414,61.90999984741211,62.02000045776367,61.13999938964844,61.790000915527344,7920600
2016-07-01,41.237220764160156,62.709999084472656,63.220001220703125,61.83000183105469,61.97999954223633,6533700
2016-07-05,40.71773910522461,61.91999816894531,62.709999084472656,61.77000045776367,62.5,6293600
2016-07-06,41.671226501464844,63.369998931884766,63.7599983215332,61.79999923706055,61.84000015258789,9202200
2016-07-07,41.71068572998047,63.43000030517578,63.75,63.209999084472656,63.599998474121094,7081900
2016-07-08,42.19071960449219,64.16000366210938,64.4800033569336,62.7400016784668,63.47999954223633,7921700
2016-07-11,42.315670013427734,64.3499984741211,64.98999786376953,64.06999969482422,64.25,9641500
2016-07-12,43.07189178466797,65.5,65.80999755859375,64.31999969482422,64.66999816894531,11870500
2016-07-13,42.96575927734375,64.7699966430664,65.04000091552734,64.25,64.80999755859375,7684200
2016-07-14,42.202877044677734,63.619998931884766,64.13999938964844,62.939998626708984,63.70000076293945,12090100
2016-07-15,42.00387954711914,63.31999969482422,64.16999816894531,63.130001068115234,63.81999969482422,8827500
2016-07-18,42.163089752197266,63.560001373291016,63.77000045776367,63.18000030517578,63.22999954223633,6384800
2016-07-19,42.00387954711914,63.31999969482422,63.970001220703125,63.09000015258789,63.40999984741211,5794500
2016-07-20,42.0635871887207,63.40999984741211,63.900001525878906,63.33000183105469,63.56999969482422,7502800
2016-07-21,42.38199234008789,63.88999938964844,64.0,63.16999816894531,63.22999954223633,6145500
2016-07-22,42.328922271728516,63.810001373291016,64.08999633789062,63.58000183105469,64.0,4972900
2016-07-25,42.66724395751953,64.31999969482422,64.5,63.709999084472656,63.90999984741211,7241200
2016-07-26,42.75347137451172,64.44999694824219,64.7300033569336,63.959999084472656,64.41000366210938,4885200
2016-07-27,43.05198669433594,64.9000015258789,65.11000061035156,64.31999969482422,64.41999816894531,6220400
2016-07-28,42.93257522583008,64.72000122070312,65.05999755859375,63.93000030517578,64.79000091552734,6556100
2016-07-29,43.93425750732422,66.2300033569336,66.4000015258789,65.1500015258789,65.2699966430664,10525000
2016-08-01,44.40523910522461,66.94000244140625,67.08000183105469,66.2300033569336,66.2300033569336,7599000
2016-08-02,44.29910659790039,66.77999877929688,67.05999755859375,66.05000305175781,66.93000030517578,8763200
2016-08-03,44.1597900390625,66.56999969482422,67.0,66.22000122070312,66.80999755859375,6355100
2016-08-04,43.8480339050293,66.0999984741211,66.9800033569336,66.08000183105469,66.58000183105469,4901900
2016-08-05,44.139892578125,66.54000091552734,66.5999984741211,66.12000274658203,66.1500015258789,5045600
2016-08-08,44.0072135925293,66.33999633789062,66.66999816894531,65.75,66.37999725341797,5309300
2016-08-09,44.28583526611328,66.76000213623047,67.25,66.25,66.33999633789062,5717300
2016-08-10,44.066925048828125,66.43000030517578,66.95999908447266,66.19000244140625,66.69999694824219,4506100
2016-08-11,44.4118766784668,66.94999694824219,67.11000061035156,66.69999694824219,66.86000061035156,4246600
2016-08-12,44.57107925415039,67.19000244140625,67.38999938964844,66.55000305175781,66.86000061035156,5215400
2016-08-15,44.70375061035156,67.38999938964844,68.12000274658203,67.31999969482422,67.47000122070312,5215400
2016-08-16,44.272579193115234,66.73999786376953,67.61000061035156,66.5,67.12999725341797,7147600
2016-08-17,44.332275390625,66.83000183105469,67.3499984741211,66.3499984741211,66.69000244140625,7945400
2016-08-18,44.2924690246582,66.7699966430664,67.43000030517578,66.55000305175781,66.56999969482422,8205800
2016-08-19,44.51137924194336,67.0999984741211,67.18000030517578,66.51000213623047,66.56999969482422,6709400
2016-08-22,44.45167922973633,67.01000213623047,67.79000091552734,66.91999816894531,67.30999755859375,7884800
2016-08-23,43.89445114135742,66.16999816894531,67.48999786376953,65.98999786376953,67.26000213623047,10227800
2016-08-24,43.15812683105469,65.05999755859375,66.52999877929688,64.83999633789062,66.30999755859375,8551100
2016-08-25,42.93257522583008,64.72000122070312,65.43000030517578,64.2699966430664,65.04000091552734,6379000
2016-08-26,42.85961151123047,64.61000061035156,65.0199966430664,64.20999908447266,64.68000030517578,7041600
2016-08-29,42.79327392578125,64.51000213623047,65.08999633789062,64.19000244140625,64.83999633789062,5099200
2016-08-30,42.56109619140625,64.16000366210938,64.70999908447266,64.11000061035156,64.54000091552734,5531800
2016-08-31,42.52128601074219,64.0999984741211,64.44999694824219,63.5,64.20999908447266,6750000
2016-09-01,42.47486114501953,64.02999877929688,64.13999938964844,63.61000061035156,64.0999984741211,5126700
2016-09-02,42.534576416015625,64.12000274658203,64.4800033569336,63.869998931884766,64.37000274658203,4100800
2016-09-06,42.85961151123047,64.61000061035156,64.9000015258789,64.05000305175781,64.69999694824219,6286300
2016-09-07,43.09840774536133,64.97000122070312,65.13999938964844,64.29000091552734,64.37000274658203,5714300
2016-09-08,42.49475860595703,64.05999755859375,64.1500015258789,63.439998626708984,63.959999084472656,8238800
2016-09-09,42.030418395996094,63.36000061035156,64.0,63.060001373291016,63.220001220703125,8848500
2016-09-12,42.50802993774414,64.08000183105469,64.2300033569336,62.65999984741211,62.97999954223633,6653000
2016-09-13,42.017147064208984,63.34000015258789,64.1500015258789,63.0099983215332,63.65999984741211,7640400
2016-09-14,42.017147064208984,63.34000015258789,63.959999084472656,63.060001373291016,63.40999984741211,5890000
2016-09-15,42.023780822753906,63.349998474121094,63.81999969482422,62.91999816894531,63.16999816894531,7806800
2016-09-16,41.97072982788086,63.27000045776367,63.790000915527344,63.16999816894531,63.529998779296875,11165300
2016-09-19,41.73190689086914,62.90999984741211,63.709999084472656,62.83000183105469,63.619998931884766,7903500
2016-09-20,41.97734069824219,63.279998779296875,63.54999923706055,62.7599983215332,63.36000061035156,4826500
2016-09-21,42.52128601074219,64.0999984741211,64.25,63.20000076293945,63.4900016784668,7587400
2016-09-22,43.17139434814453,65.08000183105469,65.19999694824219,64.08000183105469,64.12000274658203,5416100
2016-09-23,43.10505294799805,64.9800033569336,65.33000183105469,64.75,65.05000305175781,5154200
2016-09-26,42.50139236450195,64.06999969482422,64.87999725341797,64.0199966430664,64.5199966430664,5567700
2016-09-27,42.833072662353516,64.56999969482422,64.75,63.689998626708984,63.95000076293945,4358300
2016-09-28,42.600894927978516,64.22000122070312,64.94000244140625,63.88999938964844,64.94000244140625,5645600
2016-09-29,41.672203063964844,62.81999969482422,64.30999755859375,62.79999923706055,64.30000305175781,6431200
2016-09-30,41.83803176879883,63.06999969482422,63.2599983215332,62.45000076293945,62.66999816894531,7325400
2016-10-03,41.944183349609375,63.22999954223633,63.290000915527344,62.25,63.02000045776367,4239600
2016-10-04,41.79161071777344,63.0,63.529998779296875,62.54999923706055,63.310001373291016,4719400
2016-10-05,42.05031204223633,63.38999938964844,63.75,63.0,63.08000183105469,4442500
2016-10-06,41.678836822509766,62.83000183105469,63.209999084472656,62.560001373291016,63.15999984741211,4446100
2016-10-07,41.74516677856445,62.93000030517578,63.58000183105469,62.5,63.099998474121094,3812700
2016-10-10,41.99724578857422,63.310001373291016,63.65999984741211,62.91999816894531,63.06999969482422,3135300
2016-10-11,41.386959075927734,62.38999938964844,63.2599983215332,62.04999923706055,63.08000183105469,5308400
2016-10-12,40.978572845458984,61.209999084472656,62.22999954223633,61.02000045776367,62.0,4563800
2016-10-13,40.93840408325195,61.150001525878906,61.61000061035156,60.68000030517578,60.959999084472656,5988600
2016-10-14,40.28231430053711,60.16999816894531,61.52000045776367,60.150001525878906,61.45000076293945,5606500
2016-10-17,40.26223373413086,60.13999938964844,60.709999084472656,59.86000061035156,60.099998474121094,6138700
2016-10-18,41.20619583129883,61.54999923706055,61.619998931884766,60.400001525878906,60.619998931884766,6655100
2016-10-19,41.12586212158203,61.43000030517578,62.15999984741211,61.16999816894531,62.040000915527344,5588900
2016-10-20,41.34679412841797,61.7599983215332,61.97999954223633,61.33000183105469,61.45000076293945,4391300
2016-10-21,40.82459259033203,60.97999954223633,61.439998626708984,60.650001525878906,61.380001068115234,4341700
2016-10-24,40.91832733154297,61.119998931884766,61.68000030517578,61.02000045776367,61.130001068115234,3934800
2016-10-25,41.20619583129883,61.54999923706055,61.65999984741211,60.95000076293945,61.060001373291016,6432800
2016-10-26,40.85137939453125,61.02000045776367,61.709999084472656,60.709999084472656,61.5099983215332,4560800
2016-10-27,41.14595413208008,61.459999084472656,61.720001220703125,60.599998474121094,61.45000076293945,6612500
2016-10-28,38.56177520751953,57.599998474121094,58.38999938964844,55.060001373291016,57.54999923706055,24865300
2016-10-31,37.34333038330078,55.779998779296875,57.29999923706055,55.720001220703125,57.060001373291016,14185800
2016-11-01,37.7918701171875,56.45000076293945,56.61000061035156,55.68000030517578,56.0,9799400
2016-11-02,38.01949691772461,56.790000915527344,57.189998626708984,56.400001525878906,56.459999084472656,9746200
2016-11-03,37.416969299316406,55.88999938964844,57.290000915527344,55.849998474121094,57.119998931884766,9842600
2016-11-04,37.51739501953125,56.040000915527344,56.869998931884766,55.869998931884766,56.06999969482422,11187000
2016-11-07,39.43877410888672,58.90999984741211,61.15999984741211,56.63999938964844,56.810001373291016,17763100
2016-11-08,39.3718376159668,58.810001373291016,59.61000061035156,58.029998779296875,58.79999923706055,9353200
2016-11-09,41.9359245300293,62.63999938964844,64.69000244140625,60.40999984741211,64.0999984741211,18694000
2016-11-10,42.846412658691406,64.0,65.05000305175781,62.790000915527344,63.060001373291016,15948700
2016-11-11,42.243865966796875,63.099998474121094,63.849998474121094,62.790000915527344,63.540000915527344,10201600
2016-11-14,42.15685272216797,62.970001220703125,63.63999938964844,62.25,63.400001525878906,8315700
2016-11-15,42.089900970458984,62.869998931884766,63.38999938964844,61.97999954223633,63.38999938964844,5610300
2016-11-16,41.19950485229492,61.540000915527344,62.970001220703125,61.41999816894531,62.66999816894531,6571200
2016-11-17,41.30662155151367,61.70000076293945,61.9900016784668,61.130001068115234,61.75,4879500
2016-11-18,40.51664352416992,60.52000045776367,62.13999938964844,60.38999938964844,61.650001525878906,7023200
2016-11-21,40.449684143066406,60.41999816894531,60.79999923706055,60.20000076293945,60.70000076293945,6328300
2016-11-22,39.452171325683594,58.93000030517578,60.560001373291016,58.61000061035156,60.4900016784668,8518600
2016-11-23,40.28902053833008,60.18000030517578,60.380001068115234,58.599998474121094,58.810001373291016,5546600
2016-11-25,40.50993728637695,60.5099983215332,60.66999816894531,59.66999816894531,60.040000915527344,2941600
2016-11-28,39.80698776245117,59.459999084472656,59.939998626708984,59.0099983215332,59.130001068115234,6274600
2016-11-29,41.23297119140625,61.59000015258789,62.099998474121094,59.52000045776367,59.70000076293945,11858800
2016-11-30,40.70409393310547,60.79999923706055,61.84000015258789,60.630001068115234,61.630001068115234,9025200
2016-12-01,39.60615539550781,59.15999984741211,60.83000183105469,58.75,60.83000183105469,8266200
2016-12-02,39.78691101074219,59.43000030517578,60.0,58.95000076293945,59.189998626708984,8020700
2016-12-05,40.7442626953125,60.86000061035156,61.220001220703125,59.56999969482422,59.599998474121094,10227700
2016-12-06,41.25305938720703,61.619998931884766,61.720001220703125,60.33000183105469,60.7599983215332,7610400
2016-12-07,40.16181945800781,59.9900016784668,60.650001525878906,58.79999923706055,60.2599983215332,13095600
2016-12-08,40.77104949951172,60.900001525878906,60.97999954223633,59.09000015258789,60.02000045776367,9192300
2016-12-09,41.19950485229492,61.540000915527344,61.93000030517578,60.91999816894531,61.189998626708984,7102900
2016-12-12,41.53425598144531,62.040000915527344,62.45000076293945,61.5099983215332,61.529998779296875,5984500
2016-12-13,41.50076675415039,61.9900016784668,62.439998626708984,61.36000061035156,62.33000183105469,8599600
2016-12-14,41.28654098510742,61.66999816894531,62.29999923706055,61.5099983215332,61.54999923706055,5115700
2016-12-15,41.52083969116211,62.02000045776367,62.11000061035156,61.54999923706055,61.79999923706055,6416900
2016-12-16,41.65475082397461,62.220001220703125,62.4900016784668,61.83000183105469,62.119998931884766,10555800
2016-12-19,41.65475082397461,62.220001220703125,63.33000183105469,62.119998931884766,62.369998931884766,5976800
2016-12-20,41.61458206176758,62.15999984741211,62.709999084472656,61.75,62.34000015258789,5751800
2016-12-21,41.13924789428711,61.45000076293945,62.40999984741211,61.43000030517578,62.22999954223633,5498700
2016-12-22,41.27984619140625,61.65999984741211,61.91999816894531,61.349998474121094,61.58000183105469,5626000
2016-12-23,41.73508834838867,62.34000015258789,62.400001525878906,61.470001220703125,61.779998779296875,4795900
2016-12-27,41.84220504760742,62.5,63.02000045776367,62.40999984741211,62.52000045776367,5396200
2016-12-28,41.68822479248047,62.27000045776367,62.75,62.25,62.5099983215332,5190400
2016-12-29,41.996192932128906,62.72999954223633,63.060001373291016,62.38999938964844,62.38999938964844,4990000
2016-12-30,41.92253875732422,62.619998931884766,62.93000030517578,62.40999984741211,62.72999954223633,5999200
2017-01-03,41.78194046020508,62.40999984741211,63.029998779296875,61.939998626708984,62.91999816894531,9328200
2017-01-04,42.3710823059082,63.290000915527344,63.79999923706055,62.63999938964844,62.63999938964844,8674800
2017-01-05,42.69243621826172,63.77000045776367,63.95000076293945,63.029998779296875,63.380001068115234,5359400
2017-01-06,42.7058219909668,63.790000915527344,64.0,63.52000045776367,63.880001068115234,4722300
2017-01-09,42.98699951171875,64.20999908447266,64.37999725341797,63.75,63.79999923706055,8794500
2017-01-10,42.893272399902344,64.06999969482422,64.5,63.77000045776367,64.05000305175781,6523500
2017-01-11,41.34471130371094,61.13999938964844,63.650001525878906,60.59000015258789,63.380001068115234,13565200
2017-01-12,41.43938064575195,61.279998779296875,61.43000030517578,60.41999816894531,60.77000045776367,8194400
2017-01-13,41.91950988769531,61.9900016784668,62.40999984741211,61.04999923706055,61.349998474121094,7295100
2017-01-17,41.83159637451172,61.86000061035156,62.040000915527344,61.099998474121094,61.75,8446700
2017-01-18,41.69635009765625,61.65999984741211,62.13999938964844,61.31999969482422,61.7599983215332,5519400
2017-01-19,41.50700378417969,61.380001068115234,61.880001068115234,61.119998931884766,61.45000076293945,5384200
2017-01-20,41.351470947265625,61.150001525878906,61.77000045776367,61.08000183105469,61.40999984741211,6730000
2017-01-23,41.22298812866211,60.959999084472656,61.2599983215332,60.68000030517578,61.02000045776367,5244700
2017-01-24,40.966026306152344,60.58000183105469,60.93000030517578,59.66999816894531,60.90999984741211,6642000
2017-01-25,41.50700378417969,61.380001068115234,61.630001068115234,60.34000015258789,60.599998474121094,8052800
2017-01-26,41.432613372802734,61.27000045776367,61.900001525878906,61.06999969482422,61.15999984741211,7765300
2017-01-27,40.57381820678711,60.0,61.25,59.52000045776367,60.0,14151200
2017-01-30,40.864593505859375,60.43000030517578,60.470001220703125,59.27000045776367,59.90999984741211,7792700
2017-01-31,41.324424743652344,61.11000061035156,61.31999969482422,59.75,60.0099983215332,8149800
2017-02-01,41.17565155029297,60.88999938964844,61.099998474121094,60.27000045776367,61.06999969482422,5888700
2017-02-02,41.17565155029297,60.88999938964844,61.119998931884766,60.47999954223633,60.650001525878906,5365300
2017-02-03,41.02688217163086,60.66999816894531,61.060001373291016,60.439998626708984,60.900001525878906,6470300
2017-02-06,41.01335525512695,60.650001525878906,60.970001220703125,60.349998474121094,60.5099983215332,5358100
2017-02-07,40.9525032043457,60.560001373291016,60.869998931884766,60.400001525878906,60.650001525878906,4210300
2017-02-08,40.925453186035156,60.52000045776367,61.02000045776367,60.04999923706055,60.13999938964844,5357800
2017-02-09,41.14183807373047,60.84000015258789,61.0,60.41999816894531,60.52000045776367,4324600
2017-02-10,40.85782241821289,60.41999816894531,61.0,60.27000045776367,60.849998474121094,5749200
2017-02-13,40.91868209838867,60.5099983215332,60.86000061035156,60.43000030517578,60.58000183105469,6396000
2017-02-14,41.128326416015625,60.81999969482422,60.97999954223633,60.150001525878906,60.439998626708984,13562200
2017-02-15,41.68959045410156,61.650001525878906,61.84000015258789,60.400001525878906,60.91999816894531,8927600
2017-02-16,41.57463073730469,61.47999954223633,61.90999984741211,60.810001373291016,61.66999816894531,5662000
2017-02-17,41.770729064941406,61.77000045776367,62.08000183105469,61.16999816894531,61.540000915527344,8124400
2017-02-21,41.811309814453125,61.83000183105469,62.11000061035156,61.5,61.84000015258789,8503500
2017-02-22,41.49348068237305,61.36000061035156,61.95000076293945,61.29999923706055,61.720001220703125,6422200
2017-02-23,41.88569259643555,61.939998626708984,62.2400016784668,61.45000076293945,61.68000030517578,8057700
2017-02-24,41.98712921142578,62.09000015258789,62.22999954223633,61.4900016784668,61.91999816894531,6536400
2017-02-27,42.07503890991211,62.220001220703125,62.369998931884766,61.68000030517578,62.02000045776367,5214100
2017-02-28,41.81807327270508,61.84000015258789,62.400001525878906,61.689998626708984,62.11000061035156,6756100
2017-03-01,42.48752975463867,62.83000183105469,62.93000030517578,61.95000076293945,62.15999984741211,7737400
2017-03-02,42.77155685424805,63.25,63.599998474121094,62.599998474121094,62.779998779296875,8190000
2017-03-03,42.83241653442383,63.34000015258789,63.529998779296875,62.83000183105469,63.11000061035156,6125800
2017-03-06,42.97442626953125,63.54999923706055,63.849998474121094,62.880001068115234,63.0,6837000
2017-03-07,43.06909942626953,63.689998626708984,64.13999938964844,62.970001220703125,63.13999938964844,9638000
2017-03-08,43.37338638305664,64.13999938964844,64.68000030517578,63.5,63.75,7049700
2017-03-09,43.616844177246094,64.5,64.72000122070312,64.05000305175781,64.13999938964844,6957000
2017-03-10,44.55004119873047,65.87999725341797,66.44999694824219,65.11000061035156,65.30000305175781,12788100
2017-03-13,44.52975082397461,65.8499984741211,65.94000244140625,65.30000305175781,65.87000274658203,7577400
2017-03-14,44.40802764892578,65.66999816894531,66.05000305175781,65.5999984741211,65.87999725341797,3727200
2017-03-15,45.003116607666016,66.55000305175781,66.79000091552734,65.68000030517578,65.69999694824219,5241200
2017-03-16,44.563560485839844,65.9000015258789,66.44999694824219,65.55000305175781,66.4000015258789,5162800
2017-03-17,44.421566009521484,65.69000244140625,66.08999633789062,65.5,66.04000091552734,11288000
2017-03-20,44.49592971801758,65.80000305175781,66.01000213623047,65.55999755859375,65.77999877929688,4252100
2017-03-21,44.19163513183594,65.3499984741211,66.0,65.04000091552734,65.95999908447266,5187400
2017-03-22,44.30659484863281,65.5199966430664,65.7300033569336,65.0999984741211,65.37999725341797,5662600
2017-03-23,44.39451217651367,65.6500015258789,66.06999969482422,65.36000061035156,65.5199966430664,4099500
2017-03-24,44.37422180175781,65.62000274658203,66.11000061035156,65.31999969482422,65.51000213623047,4056300
2017-03-27,44.698814392089844,66.0999984741211,66.27999877929688,65.23999786376953,65.37000274658203,4962300
2017-03-28,44.61766815185547,65.9800033569336,66.20999908447266,65.63999938964844,65.95999908447266,5067400
2017-03-29,44.47566223144531,65.7699966430664,66.2699966430664,65.68000030517578,65.94999694824219,3649900
2017-03-30,44.266029357910156,65.45999908447266,65.81999969482422,65.25,65.76000213623047,3749600
2017-03-31,44.06315994262695,65.16000366210938,65.5199966430664,65.1500015258789,65.45999908447266,4057800
2017-04-03,43.9752311706543,65.02999877929688,65.58999633789062,64.87999725341797,65.23999786376953,5229600
2017-04-04,44.02933883666992,65.11000061035156,65.30000305175781,64.83000183105469,65.12000274658203,3457900
2017-04-05,43.92791748046875,64.95999908447266,65.76000213623047,64.86000061035156,65.2300033569336,4396300
2017-04-06,44.00905227661133,65.08000183105469,65.19000244140625,64.6500015258789,65.02999877929688,4628400
2017-04-07,44.320125579833984,65.54000091552734,65.93000030517578,64.83000183105469,65.05999755859375,6089300
2017-04-10,43.9346809387207,64.97000122070312,65.77999877929688,64.91000366210938,65.5,7136200
2017-04-11,43.83222579956055,64.18000030517578,64.43000030517578,63.31999969482422,64.43000030517578,5404500
2017-04-12,43.96198654174805,64.37000274658203,64.41000366210938,63.66999816894531,64.16999816894531,6122000
2017-04-13,43.79806900024414,64.12999725341797,64.72000122070312,64.08000183105469,64.23999786376953,3896700
2017-04-17,43.9210090637207,64.30999755859375,64.97000122070312,64.05999755859375,64.79000091552734,4189500
2017-04-18,43.47026443481445,63.650001525878906,64.08000183105469,63.119998931884766,64.02999877929688,4755800
2017-04-19,43.333675384521484,63.45000076293945,63.93000030517578,63.310001373291016,63.900001525878906,4057100
2017-04-20,43.55904769897461,63.779998779296875,64.0,63.290000915527344,63.720001220703125,5708600
2017-04-21,43.58637619018555,63.81999969482422,64.29000091552734,63.54999923706055,63.7599983215332,4154900
2017-04-24,44.16004180908203,64.66000366210938,65.16000366210938,64.26000213623047,64.4000015258789,7121000
2017-04-25,44.46055221557617,65.0999984741211,65.62999725341797,64.81999969482422,64.94000244140625,5352900
2017-04-26,44.41957473754883,65.04000091552734,65.91999816894531,65.0199966430664,65.19000244140625,5008900
2017-04-27,45.123023986816406,66.06999969482422,67.5,65.12000274658203,65.44999694824219,11692900
2017-04-28,45.03422927856445,65.94000244140625,66.31999969482422,65.44000244140625,66.05999755859375,5521100
2017-05-01,45.40304183959961,66.4800033569336,66.66999816894531,65.94000244140625,66.0,4575800
2017-05-02,45.50547409057617,66.62999725341797,66.68000030517578,66.18000030517578,66.51000213623047,4342800
2017-05-03,45.580596923828125,66.73999786376953,66.87999725341797,66.20999908447266,66.44999694824219,4993400
2017-05-04,45.91524887084961,67.2300033569336,67.4000015258789,66.62000274658203,66.73999786376953,4287400
2017-05-05,45.7513427734375,66.98999786376953,67.22000122070312,66.31999969482422,67.19000244140625,4587800
2017-05-08,45.218624114990234,66.20999908447266,66.94999694824219,66.13999938964844,66.94000244140625,4497400
2017-05-09,45.19131851196289,66.16999816894531,66.94999694824219,65.86000061035156,66.19999694824219,4395200
2017-05-10,45.061561584472656,65.9800033569336,66.2300033569336,65.36000061035156,66.16000366210938,5140200
2017-05-11,44.59714126586914,65.30000305175781,65.95999908447266,64.66000366210938,65.9000015258789,7853800
2017-05-12,45.11618423461914,66.05999755859375,66.19000244140625,65.20999908447266,65.2699966430664,6093500
2017-05-15,45.53279113769531,66.66999816894531,66.8499984741211,65.94999694824219,66.06999969482422,8527900
2017-05-16,45.655723571777344,66.8499984741211,66.91999816894531,66.33000183105469,66.7300033569336,6313500
2017-05-17,44.64494705200195,65.37000274658203,66.8499984741211,64.61000061035156,66.8499984741211,12771400
2017-05-18,44.822509765625,65.62999725341797,66.0999984741211,65.19999694824219,65.37000274658203,6001000
2017-05-19,44.78836441040039,65.58000183105469,66.01000213623047,65.30999755859375,65.73999786376953,6731800
2017-05-22,44.69275665283203,65.44000244140625,65.62000274658203,64.80000305175781,65.55000305175781,5541700
2017-05-23,44.9659309387207,65.83999633789062,66.26000213623047,65.43000030517578,65.44000244140625,4676500
2017-05-24,45.027400970458984,65.93000030517578,66.12000274658203,65.56999969482422,65.79000091552734,3174600
2017-05-25,45.29375457763672,66.31999969482422,66.56999969482422,65.80000305175781,66.05999755859375,4058300
2017-05-26,45.11618423461914,66.05999755859375,66.41000366210938,65.8499984741211,66.13999938964844,4083000
2017-05-30,45.088863372802734,66.0199966430664,66.19999694824219,65.80999755859375,65.88999938964844,4803900
2017-05-31,45.088863372802734,66.0199966430664,66.41000366210938,65.61000061035156,66.23999786376953,6935800
2017-06-01,45.56010818481445,66.70999908447266,66.72000122070312,66.12000274658203,66.26000213623047,4554700
2017-06-02,45.92890930175781,67.25,67.30999755859375,66.62000274658203,66.80999755859375,5646000
2017-06-05,46.10647201538086,67.51000213623047,67.86000061035156,66.87999725341797,67.25,4918100
2017-06-06,46.35234069824219,67.87000274658203,68.0999984741211,67.37000274658203,67.4800033569336,5494500
2017-06-07,46.95333480834961,68.75,69.31999969482422,68.01000213623047,68.01000213623047,8406300
2017-06-08,46.96017837524414,68.76000213623047,69.05000305175781,68.33000183105469,68.75,6082500
2017-06-09,47.5816535949707,69.66999816894531,69.83000183105469,68.72000122070312,68.80000305175781,6159800
2017-06-12,47.486045837402344,69.52999877929688,69.9000015258789,69.25,69.79000091552734,6084300
2017-06-13,47.5816535949707,69.66999816894531,70.02999877929688,69.41999816894531,69.62000274658203,5269000
2017-06-14,48.162174224853516,70.5199966430664,70.79000091552734,69.37000274658203,69.4800033569336,6639100
2017-06-15,48.21681213378906,70.5999984741211,70.6500015258789,69.87999725341797,70.33999633789062,4682700
2017-06-16,48.5241584777832,71.05000305175781,71.12000274658203,70.48999786376953,70.80000305175781,9342300
2017-06-19,48.72219467163086,71.33999633789062,71.58999633789062,70.94000244140625,71.11000061035156,6396300
2017-06-20,48.6402587890625,71.22000122070312,71.80999755859375,71.16000366210938,71.44000244140625,6542800
2017-06-21,48.72219467163086,71.33999633789062,71.69999694824219,71.05000305175781,71.11000061035156,6096800
2017-06-22,49.97885513305664,73.18000030517578,73.66999816894531,71.41000366210938,71.48999786376953,9998900
2017-06-23,49.610042572021484,72.63999938964844,73.48999786376953,72.26000213623047,73.19999694824219,7064500
2017-06-26,49.6783447265625,72.73999786376953,72.94000244140625,72.41000366210938,72.79000091552734,4019500
2017-06-27,49.439308166503906,72.38999938964844,73.05999755859375,72.25,72.69999694824219,4490600
2017-06-28,49.80128479003906,72.91999816894531,73.54000091552734,72.58000183105469,72.72000122070312,4196200
2017-06-29,49.50077819824219,72.4800033569336,73.16999816894531,71.91000366210938,73.1500015258789,4444700
2017-06-30,49.521270751953125,72.51000213623047,72.81999969482422,72.20999908447266,72.56999969482422,4729100
2017-07-03,49.459800720214844,72.41999816894531,72.98999786376953,72.37000274658203,72.76000213623047,2570700
2017-07-05,49.50077819824219,72.4800033569336,72.73999786376953,71.98999786376953,72.4800033569336,4751900
2017-07-06,48.98855972290039,71.7300033569336,72.44999694824219,71.41000366210938,72.23999786376953,4372100
2017-07-07,49.193443298339844,72.02999877929688,72.11000061035156,71.62999725341797,72.11000061035156,4333700
2017-07-10,49.0568733215332,71.83000183105469,72.22000122070312,71.58000183105469,71.80000305175781,3158300
2017-07-11,49.06367492675781,71.83999633789062,72.16999816894531,71.33000183105469,71.88999938964844,3535100
2017-07-12,49.532257080078125,71.87999725341797,72.12999725341797,71.30000305175781,71.51000213623047,4860200
2017-07-13,50.0490837097168,72.62999725341797,72.9000015258789,71.66999816894531,71.94000244140625,5189800
2017-07-14,50.37986373901367,73.11000061035156,73.2300033569336,72.51000213623047,72.62000274658203,4335700
2017-07-17,50.097328186035156,72.69999694824219,73.47000122070312,72.69000244140625,73.0999984741211,3461600
2017-07-18,49.7734489440918,72.2300033569336,72.86000061035156,71.75,72.62999725341797,5269100
2017-07-19,50.14556884765625,72.7699966430664,72.7699966430664,72.0199966430664,72.4800033569336,3904100
2017-07-20,51.000057220458984,74.01000213623047,74.22000122070312,72.94000244140625,72.98999786376953,5329700
2017-07-21,51.42729187011719,74.62999725341797,75.04000091552734,73.8499984741211,73.9800033569336,4961500
2017-07-24,50.93113708496094,73.91000366210938,74.75,73.83999633789062,74.62999725341797,5497800
2017-07-25,49.97328186035156,72.5199966430664,74.55000305175781,72.47000122070312,74.4000015258789,6354200
2017-07-26,50.02153015136719,72.58999633789062,72.69000244140625,71.94999694824219,72.37000274658203,4877000
2017-07-27,49.42891311645508,71.7300033569336,72.80000305175781,70.87999725341797,72.77999877929688,7389300
2017-07-28,48.53997802734375,70.44000244140625,72.44000244140625,69.37999725341797,71.63999938964844,8012400
2017-07-31,48.174766540527344,69.91000366210938,70.58000183105469,69.83000183105469,70.5199966430664,7770400
2017-08-01,48.498634338378906,70.37999725341797,70.83999633789062,69.8499984741211,70.02999877929688,6681700
2017-08-02,48.72602462768555,70.70999908447266,70.73999786376953,69.93000030517578,70.25,4922200
2017-08-03,48.91897201538086,70.98999786376953,71.01000213623047,70.36000061035156,70.61000061035156,4400400
2017-08-04,48.91897201538086,70.98999786376953,71.37000274658203,70.3499984741211,71.16999816894531,4732500
2017-08-07,49.077476501464844,71.22000122070312,71.2300033569336,70.63999938964844,70.94000244140625,3551100
2017-08-08,49.2497444152832,71.47000122070312,71.91000366210938,71.01000213623047,71.33000183105469,4398000
2017-08-09,49.628726959228516,72.0199966430664,72.13999938964844,71.0999984741211,71.26000213623047,4536300
2017-08-10,48.53997802734375,70.44000244140625,72.19000244140625,70.38999938964844,72.01000213623047,5940300
2017-08-11,48.670902252197266,70.62999725341797,71.01000213623047,70.43000030517578,70.73999786376953,3248300
2017-08-14,48.80183029174805,70.81999969482422,71.29000091552734,70.69999694824219,71.2300033569336,2648800
2017-08-15,48.47105407714844,70.33999633789062,71.13999938964844,70.27999877929688,71.08000183105469,3724100
2017-08-16,48.52619934082031,70.41999816894531,70.75,70.11000061035156,70.48999786376953,4751600
2017-08-17,48.13340759277344,69.8499984741211,70.68000030517578,69.83000183105469,70.5999984741211,5086000
2017-08-18,48.20920181274414,69.95999908447266,70.44000244140625,69.47000122070312,69.5199966430664,4016400
2017-08-21,48.71913528442383,70.69999694824219,70.83000183105469,69.91000366210938,69.91999816894531,4666400
2017-08-22,49.44268035888672,71.75,71.87999725341797,70.76000213623047,70.91000366210938,3589000
2017-08-23,49.28419876098633,71.5199966430664,71.9000015258789,71.2699966430664,71.29000091552734,3071300
2017-08-24,49.690757751464844,72.11000061035156,72.30999755859375,71.4000015258789,71.72000122070312,4088300
2017-08-25,49.94573211669922,72.4800033569336,72.77999877929688,72.20999908447266,72.22000122070312,3871200
2017-08-28,50.524566650390625,73.31999969482422,73.56999969482422,72.55999755859375,72.66999816894531,4574400
2017-08-29,50.91735076904297,73.88999938964844,73.9000015258789,72.77999877929688,72.77999877929688,3390800
2017-08-30,50.938026428222656,73.91999816894531,74.18000030517578,73.58000183105469,73.62000274658203,3189100
2017-08-31,51.888973236083984,75.30000305175781,75.4000015258789,73.91999816894531,74.11000061035156,6177600
2017-09-01,51.9716796875,75.41999816894531,76.0,75.26000213623047,75.58999633789062,3831700
2017-09-05,51.85451889038086,75.25,75.58000183105469,74.7300033569336,75.38999938964844,6309100
2017-09-06,53.09489822387695,77.05000305175781,77.45999908447266,75.3499984741211,75.61000061035156,7755200
2017-09-07,56.35434341430664,81.77999877929688,82.44999694824219,77.0,77.29000091552734,15377300
2017-09-08,58.807518005371094,85.33999633789062,86.08999633789062,81.11000061035156,81.29000091552734,14809100
2017-09-11,59.9514045715332,87.0,87.0999984741211,84.37999725341797,84.45999908447266,12687000
2017-09-12,60.46822738647461,87.75,87.97000122070312,86.5,86.97000122070312,11155600
2017-09-13,60.96438217163086,88.47000122070312,88.83999633789062,87.41999816894531,87.58000183105469,9172200
2017-09-14,61.481204986572266,89.22000122070312,89.31999969482422,88.1500015258789,88.2300033569336,10272200
2017-09-15,60.20637893676758,87.37000274658203,89.69000244140625,86.5199966430664,89.38999938964844,20441500
2017-09-18,58.7937126159668,85.31999969482422,87.80999755859375,85.08000183105469,87.47000122070312,9656700
2017-09-19,59.51728439331055,86.37000274658203,86.66000366210938,85.37999725341797,85.54000091552734,7786400
2017-09-20,60.23394012451172,87.41000366210938,87.4800033569336,86.25,86.4000015258789,6559400
2017-09-21,60.23394012451172,87.41000366210938,87.69999694824219,86.66999816894531,87.36000061035156,7340300
2017-09-22,60.282161712646484,87.4800033569336,87.75,86.7699966430664,87.22000122070312,6807000
2017-09-25,59.65510177612305,86.56999969482422,87.77999877929688,86.4000015258789,86.91999816894531,8287000
2017-09-26,58.81438446044922,85.3499984741211,86.91000366210938,85.16000366210938,86.3499984741211,5862400
2017-09-27,58.400936126708984,84.75,85.38999938964844,83.19000244140625,85.3499984741211,6581200
2017-09-28,61.302040100097656,88.95999908447266,90.94999694824219,86.37999725341797,86.66999816894531,14809300
2017-09-29,61.23310852050781,88.86000061035156,89.3499984741211,87.66999816894531,88.69000244140625,6769400
2017-10-02,62.28744888305664,90.38999938964844,90.41000366210938,88.91000366210938,89.73999786376953,6600100
2017-10-03,61.81196594238281,89.69999694824219,90.63999938964844,89.0199966430664,90.44000244140625,4286900
2017-10-04,61.94978713989258,89.9000015258789,90.44000244140625,89.30999755859375,89.5199966430664,3251200
2017-10-05,62.142723083496094,90.18000030517578,90.55999755859375,89.4800033569336,89.69000244140625,4382900
2017-10-06,62.35635757446289,90.48999786376953,91.33000183105469,89.94999694824219,90.19999694824219,3461800
2017-10-09,62.55621337890625,90.77999877929688,91.19000244140625,90.1500015258789,90.56999969482422,4331500
2017-10-10,62.82495880126953,91.16999816894531,91.22000122070312,89.69999694824219,90.70999908447266,3560200
2017-10-11,63.65875244140625,92.37999725341797,92.61000061035156,90.97000122070312,91.47000122070312,6298500
2017-10-12,63.43669891357422,91.41999816894531,91.98999786376953,90.91000366210938,91.7699966430664,4818200
2017-10-13,62.91627502441406,90.66999816894531,91.8499984741211,90.54000091552734,91.41000366210938,6803900
2017-10-16,63.173030853271484,91.04000091552734,91.98999786376953,90.55999755859375,91.01000213623047,4640300
2017-10-17,63.957130432128906,92.16999816894531,92.77999877929688,90.94999694824219,91.08999633789062,5280500
2017-10-18,66.64253234863281,96.04000091552734,96.44000244140625,92.19999694824219,92.3499984741211,10979700
2017-10-19,66.9478530883789,96.4800033569336,96.62000274658203,94.51000213623047,95.5,9303700
2017-10-20,66.68417358398438,96.0999984741211,98.26000213623047,94.88999938964844,96.77999877929688,6882600
2017-10-23,65.58087158203125,94.51000213623047,96.0,94.44999694824219,95.93000030517578,4483900
2017-10-24,63.624061584472656,91.69000244140625,94.13999938964844,90.7699966430664,94.0,10301100
2017-10-25,63.67954635620117,91.7699966430664,92.08000183105469,90.7300033569336,91.77999877929688,6924800
2017-10-26,62.14603042602539,89.55999755859375,91.86000061035156,85.23999786376953,91.86000061035156,10307500
2017-10-27,63.79059982299805,91.93000030517578,94.97000122070312,90.75,92.69999694824219,9066300
2017-10-30,63.11750793457031,90.95999908447266,92.05999755859375,88.91000366210938,91.69999694824219,6526200
2017-10-31,62.62482833862305,90.25,91.81999969482422,90.04000091552734,90.87999725341797,7065600
2017-11-01,64.1445083618164,92.44000244140625,93.33999633789062,90.2699966430664,90.77999877929688,7048800
2017-11-02,63.159141540527344,91.0199966430664,92.33999633789062,90.19000244140625,92.08000183105469,4981900
2017-11-03,64.05428314208984,92.30999755859375,92.55999755859375,90.91000366210938,91.30000305175781,3620800
2017-11-06,64.50533294677734,92.95999908447266,93.58000183105469,91.41999816894531,92.22000122070312,5633600
2017-11-07,65.19921875,93.95999908447266,95.68000030517578,92.95999908447266,92.9800033569336,7014000
2017-11-08,66.41354370117188,95.70999908447266,96.37000274658203,93.83999633789062,94.30999755859375,6802600
2017-11-09,66.5384521484375,95.88999938964844,96.37000274658203,95.26000213623047,95.29000091552734,5187000
2017-11-10,66.21925354003906,95.43000030517578,95.94000244140625,93.55999755859375,95.3499984741211,6170100
2017-11-13,66.00414276123047,95.12000274658203,95.41999816894531,94.04000091552734,95.37000274658203,4035700
2017-11-14,65.74738311767578,94.75,94.91000366210938,93.12000274658203,94.63999938964844,4717300
2017-11-15,65.0604476928711,93.76000213623047,94.69999694824219,92.72000122070312,94.62999725341797,4745700
2017-11-16,65.55310821533203,94.47000122070312,95.16999816894531,93.27999877929688,94.44000244140625,4301600
2017-11-17,64.95634460449219,93.61000061035156,94.48999786376953,93.56999969482422,93.80000305175781,3386400
2017-11-20,64.94941711425781,93.5999984741211,94.30999755859375,92.88999938964844,93.91999816894531,4352200
2017-11-21,65.69883728027344,94.68000030517578,95.4000015258789,93.5999984741211,93.69999694824219,4346200
2017-11-22,65.55310821533203,94.47000122070312,95.4000015258789,94.22000122070312,94.69000244140625,2560700
2017-11-24,65.72657012939453,94.72000122070312,94.97000122070312,93.55000305175781,94.0,1932900
2017-11-27,66.21231079101562,95.41999816894531,95.62999725341797,94.44000244140625,94.69000244140625,3044600
2017-11-28,66.21231079101562,95.41999816894531,96.88999938964844,94.83000183105469,95.94000244140625,5105400
2017-11-29,66.4898910522461,95.81999969482422,96.3499984741211,95.02999877929688,95.76000213623047,4081400
2017-11-30,67.25318145751953,96.91999816894531,97.52999877929688,96.20999908447266,96.36000061035156,7889600
2017-12-01,66.83683776855469,96.31999969482422,98.5199966430664,94.30000305175781,97.19000244140625,4823200
2017-12-04,66.07353973388672,95.22000122070312,96.6500015258789,94.6500015258789,96.37000274658203,4934400
2017-12-05,66.20538330078125,95.41000366210938,96.72000122070312,95.0,96.27999877929688,5553000
2017-12-06,65.50453186035156,94.4000015258789,95.79000091552734,93.47000122070312,95.69999694824219,5114200
2017-12-07,65.39350128173828,94.23999786376953,94.56999969482422,92.9000015258789,94.02999877929688,4524500
2017-12-08,66.58009338378906,95.94999694824219,96.54000091552734,94.62000274658203,95.68000030517578,5297000
2017-12-11,66.94093322753906,96.47000122070312,97.30999755859375,95.7699966430664,96.38999938964844,4181100
2017-12-12,66.82295989990234,96.30000305175781,96.69000244140625,94.76000213623047,95.72000122070312,4195200
2017-12-13,67.55154418945312,97.3499984741211,98.87000274658203,96.5999984741211,96.5999984741211,6148700
2017-12-14,66.82295989990234,96.30000305175781,97.44000244140625,95.6500015258789,97.33000183105469,3985800
2017-12-15,67.6209487915039,97.44999694824219,97.87999725341797,96.63999938964844,96.86000061035156,11564700
2017-12-18,68.1344223022461,98.19000244140625,99.0999984741211,97.55000305175781,97.66999816894531,4768300
2017-12-19,67.94707489013672,97.91999816894531,98.55000305175781,97.69999694824219,98.41999816894531,2817700
2017-12-20,67.59318542480469,97.41000366210938,98.9000015258789,97.22000122070312,97.86000061035156,3411900
2017-12-21,67.94013977050781,97.91000366210938,98.3499984741211,97.72000122070312,97.81999969482422,2249500
2017-12-22,68.14830780029297,98.20999908447266,98.69000244140625,97.70999908447266,97.86000061035156,2835600
2017-12-26,67.82911682128906,97.75,98.36000061035156,97.05000305175781,98.1500015258789,2363800
2017-12-27,68.06502532958984,98.08999633789062,98.2300033569336,97.44000244140625,97.7300033569336,1927300
2017-12-28,67.85686492919922,97.79000091552734,98.38999938964844,97.5199966430664,98.19000244140625,1870400
2017-12-29,67.10743713378906,96.70999908447266,98.43000030517578,96.70999908447266,98.13999938964844,3214400
2018-01-02,68.287109375,98.41000366210938,98.9000015258789,96.75,97.13999938964844,4561300
2018-01-03,69.355712890625,99.94999694824219,100.0999984741211,98.04000091552734,98.55000305175781,4702300
2018-01-04,68.96015930175781,99.37999725341797,100.12000274658203,98.3499984741211,100.06999969482422,3579000
2018-01-05,70.16062927246094,101.11000061035156,101.19999694824219,98.55999755859375,99.33999633789062,4599300
2018-01-08,69.03649139404297,99.48999786376953,101.27999877929688,98.18000030517578,101.27999877929688,5582000
2018-01-09,69.55693817138672,100.23999786376953,100.66000366210938,98.69999694824219,99.48999786376953,4055400
2018-01-10,69.17527770996094,99.69000244140625,100.19999694824219,99.18000030517578,99.6500015258789,4608600
2018-01-11,69.3779525756836,99.2699966430664,99.48999786376953,98.55999755859375,99.37000274658203,4240900
2018-01-12,70.12576293945312,100.33999633789062,100.63999938964844,98.66000366210938,99.33999633789062,4372600
2018-01-16,71.62837982177734,102.48999786376953,103.0,100.0,100.26000213623047,8528600
2018-01-17,72.93527221679688,104.36000061035156,104.83999633789062,102.55000305175781,103.0,5384900
2018-01-18,72.5508804321289,103.80999755859375,104.8499984741211,103.44000244140625,104.29000091552734,6371200
2018-01-19,73.13096618652344,104.63999938964844,104.87000274658203,103.55000305175781,104.33000183105469,4991300
2018-01-22,74.42388916015625,106.48999786376953,106.54000091552734,104.45999908447266,104.69999694824219,4538100
2018-01-23,73.64813232421875,105.37999725341797,106.97000122070312,105.02999877929688,106.16999816894531,5095300
2018-01-24,73.73899841308594,105.51000213623047,106.2300033569336,104.0999984741211,105.26000213623047,4436500
2018-01-25,75.6888656616211,108.30000305175781,108.37000274658203,105.73999786376953,105.94999694824219,6327500
2018-01-26,86.10922241210938,123.20999908447266,125.86000061035156,113.5,114.5,19614500
2018-01-29,85.48017883300781,122.30999755859375,124.1500015258789,118.9800033569336,121.5,10182700
2018-01-30,80.98637390136719,115.87999725341797,121.44999694824219,115.87000274658203,119.41999816894531,11851400
2018-01-31,78.42847442626953,112.22000122070312,116.5,111.29000091552734,116.20999908447266,15744800
2018-02-01,81.30786895751953,116.33999633789062,117.52999877929688,112.2300033569336,112.23999786376953,9943500
2018-02-02,80.49018859863281,115.16999816894531,117.93000030517578,114.91999816894531,115.5,7184400
2018-02-05,76.53451538085938,109.51000213623047,115.54000091552734,109.4000015258789,113.0,9827800
2018-02-06,77.71562957763672,111.19999694824219,113.5199966430664,101.0,104.91000366210938,14107800
2018-02-07,79.40691375732422,113.62000274658203,116.8499984741211,111.37999725341797,111.5199966430664,10030800
2018-02-08,75.81465911865234,108.4800033569336,114.0,108.31999969482422,113.33000183105469,7212400
2018-02-09,77.7855224609375,111.30000305175781,112.75,106.41000366210938,109.56999969482422,8909300
2018-02-12,78.22581481933594,111.93000030517578,113.33000183105469,110.6500015258789,112.56999969482422,4823300
2018-02-13,78.17689514160156,111.86000061035156,112.41000366210938,110.38999938964844,111.54000091552734,5316200
2018-02-14,79.02950286865234,113.08000183105469,113.66999816894531,110.27999877929688,111.04000091552734,6189100
2018-02-15,80.30148315429688,114.9000015258789,116.33000183105469,112.37999725341797,113.62000274658203,7401100
2018-02-16,82.88736724853516,118.5999984741211,119.19999694824219,115.19999694824219,115.2300033569336,8717000
2018-02-20,82.45404815673828,117.9800033569336,121.55000305175781,117.22000122070312,117.72000122070312,8751400
2018-02-21,82.40512084960938,117.91000366210938,121.30000305175781,117.8499984741211,118.48999786376953,5122500
2018-02-22,82.1604995727539,117.55999755859375,119.7300033569336,116.58000183105469,118.56999969482422,5185700
2018-02-23,82.99219512939453,118.75,119.30999755859375,116.88999938964844,118.41000366210938,4685700
2018-02-26,84.94206237792969,121.54000091552734,121.72000122070312,119.04000091552734,119.2699966430664,4473500
2018-02-27,82.64971160888672,118.26000213623047,122.0,118.16000366210938,121.20999908447266,4754300
2018-02-28,80.95144653320312,115.83000183105469,120.0,115.77999877929688,119.0,6660000
2018-03-01,79.56066131591797,113.83999633789062,116.61000061035156,111.80999755859375,115.91000366210938,7148900
2018-03-02,80.39932250976562,115.04000091552734,115.47000122070312,111.88999938964844,112.94000244140625,5439700
2018-03-05,80.83262634277344,115.66000366210938,116.31999969482422,112.88999938964844,114.0,3975700
2018-03-06,80.0638427734375,114.55999755859375,116.30000305175781,113.83000183105469,116.01000213623047,3650500
2018-03-07,80.17568969726562,114.72000122070312,114.98999786376953,112.20999908447266,112.58000183105469,5286200
2018-03-08,81.77610778808594,117.01000213623047,117.75,114.3499984741211,115.0,6179400
2018-03-09,83.36956787109375,119.29000091552734,119.66000366210938,117.66999816894531,117.8499984741211,5835600
2018-03-12,82.67768096923828,118.30000305175781,119.58999633789062,117.93000030517578,119.4000015258789,4892900
2018-03-13,83.6910629272461,119.75,121.44999694824219,118.7300033569336,119.26000213623047,5403200
2018-03-14,83.1249771118164,118.94000244140625,120.66999816894531,117.94999694824219,120.33999633789062,3556100
2018-03-15,80.32245635986328,114.93000030517578,119.5,114.87999725341797,119.0,5812400
2018-03-16,79.4698257446289,113.70999908447266,116.7300033569336,113.58999633789062,114.88999938964844,8879300
2018-03-19,78.29569244384766,112.02999877929688,114.9800033569336,110.44000244140625,113.73999786376953,8598900
2018-03-20,78.72900390625,112.6500015258789,114.1500015258789,112.08999633789062,112.9000015258789,4933800
2018-03-21,78.58921813964844,112.44999694824219,113.79000091552734,111.7300033569336,113.08000183105469,4618000
2018-03-22,68.56027221679688,98.0999984741211,104.5,95.5199966430664,104.19000244140625,26861200
2018-03-23,68.11297607421875,97.45999908447266,100.31999969482422,97.37000274658203,98.98999786376953,14253600
2018-03-26,66.58944702148438,95.27999877929688,99.91000366210938,91.76000213623047,99.48999786376953,13760600
2018-03-27,64.30411529541016,92.01000213623047,95.72000122070312,91.12000274658203,95.5,10821300
2018-03-28,65.88356018066406,94.2699966430664,96.8499984741211,91.58000183105469,92.19000244140625,11154200
2018-03-29,66.14912414550781,94.6500015258789,95.54000091552734,93.5,94.5199966430664,7399400
2018-04-02,63.919700622558594,91.45999908447266,94.63999938964844,90.30000305175781,94.0,7816500
2018-04-03,63.31167221069336,90.58999633789062,92.45999908447266,88.22000122070312,92.33999633789062,10449200
2018-04-04,64.95404052734375,92.94000244140625,93.41000366210938,88.62999725341797,88.70999908447266,8841700
2018-04-05,64.44385528564453,92.20999908447266,93.2699966430664,91.6500015258789,93.06999969482422,7045000
2018-04-06,62.74558639526367,89.77999877929688,92.7699966430664,88.79000091552734,91.44999694824219,6761200
2018-04-09,63.23480987548828,90.4800033569336,93.37999725341797,90.41999816894531,91.38999938964844,8302100
2018-04-10,65.42927551269531,93.62000274658203,94.38999938964844,90.93000030517578,91.5,6253700
2018-04-11,65.4432601928711,93.63999938964844,94.4800033569336,92.4000015258789,92.58000183105469,7135700
2018-04-12,65.0478286743164,92.12000274658203,93.70999908447266,92.06999969482422,93.70999908447266,6402500
2018-04-13,64.84305572509766,91.83000183105469,92.63999938964844,91.08999633789062,92.62999725341797,4630000
2018-04-16,65.38677978515625,92.5999984741211,93.48999786376953,92.30999755859375,92.88999938964844,3922500
2018-04-17,66.08582305908203,93.58999633789062,94.01000213623047,92.62000274658203,93.19999694824219,4474700
2018-04-18,66.6012954711914,94.31999969482422,94.5999984741211,93.0199966430664,94.0,5289700
2018-04-19,65.6762924194336,93.01000213623047,94.52999877929688,91.4000015258789,94.43000030517578,4972900
2018-04-20,65.38677978515625,92.5999984741211,93.80000305175781,92.0199966430664,93.41000366210938,4754800
2018-04-23,65.78926086425781,93.16999816894531,93.80000305175781,92.7300033569336,92.93000030517578,4716300
2018-04-24,64.51119995117188,91.36000061035156,93.4800033569336,90.44000244140625,92.94999694824219,6378300
2018-04-25,64.87128448486328,91.87000274658203,92.27999877929688,90.5199966430664,90.95999908447266,5487800
2018-04-26,68.80438995361328,97.44000244140625,98.55000305175781,93.58000183105469,94.0,12594400
2018-04-27,69.71530151367188,98.7300033569336,99.3499984741211,96.37000274658203,97.44000244140625,6117600
2018-04-30,68.17595672607422,96.55000305175781,99.41999816894531,96.5199966430664,99.05000305175781,7449400
2018-05-01,72.07372283935547,102.06999969482422,103.37000274658203,101.18000030517578,102.0999984741211,11910500
2018-05-02,70.87333679199219,100.37000274658203,101.76000213623047,99.95999908447266,101.16999816894531,7625600
2018-05-03,70.8097915649414,100.27999877929688,100.7699966430664,98.7699966430664,100.19999694824219,7699500
2018-05-04,70.73209381103516,100.16999816894531,100.93000030517578,99.12000274658203,99.9000015258789,5224400
2018-05-07,70.3508071899414,99.62999725341797,101.2699966430664,99.23999786376953,100.75,6151500
2018-05-08,70.18838500976562,99.4000015258789,99.77999877929688,98.69999694824219,99.12999725341797,7620900
2018-05-09,71.44528198242188,101.18000030517578,102.04000091552734,98.9000015258789,99.44000244140625,5665600
2018-05-10,72.62449645996094,102.8499984741211,103.80999755859375,101.93000030517578,102.58000183105469,5369700
2018-05-11,73.56363677978516,104.18000030517578,104.69000244140625,102.04000091552734,103.45999908447266,6358900
2018-05-14,74.77111053466797,105.88999938964844,106.30000305175781,104.33000183105469,104.4000015258789,8471700
2018-05-15,73.56363677978516,104.18000030517578,105.55999755859375,103.58999633789062,105.37999725341797,8387600
2018-05-16,74.17091369628906,105.04000091552734,105.6500015258789,104.19999694824219,104.45999908447266,8296700
2018-05-17,74.36862182617188,105.31999969482422,105.41000366210938,104.20999908447266,105.0999984741211,6702900
2018-05-18,74.83468627929688,105.9800033569336,106.77999877929688,105.11000061035156,105.2699966430664,5328000
2018-05-21,75.01119995117188,106.2300033569336,107.25,105.94999694824219,107.0,5797300
2018-05-22,75.01119995117188,106.2300033569336,107.23999786376953,106.0999984741211,106.55000305175781,9456800
2018-05-23,74.56634521484375,105.5999984741211,106.31999969482422,104.73999786376953,105.8499984741211,12816600
2018-05-24,72.82926177978516,103.13999938964844,104.55000305175781,101.61000061035156,104.55000305175781,13164500
2018-05-25,71.37467956542969,101.08000183105469,103.13999938964844,99.55000305175781,102.29000091552734,25301700
2018-05-29,70.23782348632812,99.47000122070312,101.58999633789062,98.93000030517578,100.2699966430664,25494700
2018-05-30,72.73748779296875,103.01000213623047,103.16000366210938,100.83000183105469,101.86000061035156,31273400
2018-05-31,69.86359405517578,98.94000244140625,101.0999984741211,98.5,100.93000030517578,18910900
2018-06-01,69.23513793945312,98.05000305175781,99.43000030517578,97.9000015258789,97.93000030517578,14837300
2018-06-04,69.97654724121094,99.0999984741211,99.45999908447266,97.62000274658203,98.4800033569336,10922500
2018-06-05,70.07542419433594,99.23999786376953,100.33999633789062,98.76000213623047,99.11000061035156,10199000
2018-06-06,70.59793090820312,99.9800033569336,99.98999786376953,98.31999969482422,99.25,4933500
2018-06-07,70.13190460205078,99.31999969482422,100.33000183105469,98.87000274658203,100.25,5092500
2018-06-08,70.91570281982422,100.43000030517578,100.5,99.0,99.27999877929688,4012900
2018-06-11,70.44963836669922,99.7699966430664,101.08000183105469,99.41000366210938,100.55999755859375,5770100
2018-06-12,69.84239196777344,98.91000366210938,100.12000274658203,98.73999786376953,99.80000305175781,8060400
2018-06-13,68.90324401855469,97.58000183105469,99.2300033569336,97.51000213623047,98.91999816894531,7816200
2018-06-14,69.72940063476562,98.75,98.91999816894531,97.75,98.37999725341797,4648700
2018-06-15,70.3084487915039,99.56999969482422,99.87000274658203,98.0,98.7699966430664,20806200
2018-06-18,69.53878784179688,98.4800033569336,99.33000183105469,98.30999755859375,99.1500015258789,6425600
2018-06-19,69.2068862915039,98.01000213623047,98.37999725341797,96.93000030517578,97.88999938964844,5528300
2018-06-20,69.3763427734375,98.25,99.55000305175781,97.83999633789062,98.22000122070312,5842700
2018-06-21,67.4698257446289,95.55000305175781,97.98999786376953,95.26000213623047,97.70999908447266,7225000
2018-06-22,66.01522064208984,93.48999786376953,96.11000061035156,93.43000030517578,96.05999755859375,9454800
2018-06-25,65.70451354980469,93.05000305175781,94.37999725341797,92.0999984741211,93.47000122070312,5573100
2018-06-26,65.0478286743164,92.12000274658203,93.86000061035156,92.08000183105469,93.36000061035156,5117100
2018-06-27,64.61711883544922,91.51000213623047,93.2699966430664,91.47000122070312,92.36000061035156,5833000
2018-06-28,65.26673126220703,92.43000030517578,92.61000061035156,90.80999755859375,91.33999633789062,6698900
2018-06-29,65.42207336425781,92.6500015258789,94.45999908447266,92.55999755859375,92.83999633789062,6787900
2018-07-02,65.74687194824219,93.11000061035156,93.30000305175781,91.8499984741211,92.05999755859375,3854500
2018-07-03,66.09996795654297,93.61000061035156,94.37000274658203,93.12000274658203,93.58000183105469,2452400
2018-07-05,66.71429443359375,94.4800033569336,95.05999755859375,93.94999694824219,94.45999908447266,4744000
2018-07-06,68.43721771240234,96.91999816894531,97.06999969482422,94.95999908447266,95.19999694824219,5867400
2018-07-09,68.5219497680664,97.04000091552734,98.3499984741211,96.91999816894531,97.9800033569336,5953100
2018-07-10,69.79296112060547,98.83999633789062,98.94999694824219,96.68000030517578,97.11000061035156,5119900
2018-07-11,67.05321502685547,94.95999908447266,97.5,94.87000274658203,96.26000213623047,6230000
2018-07-12,68.2016830444336,95.61000061035156,95.66999816894531,94.0999984741211,94.91999816894531,4672000
2018-07-13,68.92928314208984,96.62999725341797,96.86000061035156,94.94000244140625,94.95999908447266,3712400
2018-07-16,68.65821838378906,96.25,96.81999969482422,95.26000213623047,96.76000213623047,3783500
2018-07-17,68.05902099609375,95.41000366210938,97.16999816894531,95.33000183105469,96.2699966430664,5107500
2018-07-18,67.33856201171875,94.4000015258789,95.43000030517578,94.33000183105469,95.2699966430664,5521900
2018-07-19,64.16421508789062,89.94999694824219,93.27999877929688,87.76000213623047,93.22000122070312,19747200
2018-07-20,63.4223518371582,88.91000366210938,89.63999938964844,86.76000213623047,88.70999908447266,11791900
2018-07-23,63.771881103515625,89.4000015258789,89.98999786376953,88.63999938964844,89.16999816894531,6316800
2018-07-24,65.2984390258789,91.54000091552734,91.61000061035156,89.75,90.51000213623047,7965000
2018-07-25,66.42549133300781,93.12000274658203,93.51000213623047,91.08000183105469,91.08000183105469,7494300
2018-07-26,67.01043701171875,93.94000244140625,94.55999755859375,92.54000091552734,93.94999694824219,6812400
2018-07-27,64.59934997558594,90.55999755859375,92.2699966430664,88.7699966430664,91.33999633789062,12905800
2018-07-30,65.23422241210938,91.44999694824219,91.54000091552734,89.37999725341797,90.66999816894531,6466000
2018-07-31,65.79061889648438,92.2300033569336,92.62999725341797,91.33000183105469,91.6500015258789,8691800
2018-08-01,66.989013671875,93.91000366210938,94.4800033569336,92.27999877929688,92.29000091552734,5330400
2018-08-02,67.8521499633789,95.12000274658203,95.86000061035156,93.41000366210938,93.58000183105469,6023200
2018-08-03,68.8579330444336,96.52999877929688,96.8499984741211,94.81999969482422,94.88999938964844,4876100
2018-08-06,69.23600769042969,97.05999755859375,97.55000305175781,95.73999786376953,96.26000213623047,5134200
2018-08-07,67.09600830078125,94.05999755859375,98.3499984741211,93.73999786376953,97.30000305175781,8890900
2018-08-08,66.86064147949219,93.7300033569336,94.08000183105469,92.87000274658203,93.5199966430664,4535100
2018-08-09,68.10182189941406,95.47000122070312,96.13999938964844,93.47000122070312,94.19999694824219,6176100
2018-08-10,68.33722686767578,95.80000305175781,96.73999786376953,95.30999755859375,95.3499984741211,4446800
2018-08-13,69.03629302978516,96.77999877929688,97.58000183105469,95.80999755859375,96.0,5920000
2018-08-14,68.42279052734375,95.91999816894531,97.3499984741211,95.73999786376953,96.72000122070312,5580800
2018-08-15,69.51420593261719,97.44999694824219,97.79000091552734,95.61000061035156,95.91999816894531,6861500
2018-08-16,70.06349182128906,98.22000122070312,98.6500015258789,97.05999755859375,97.83999633789062,6332900
2018-08-17,70.48435974121094,98.80999755859375,99.1500015258789,96.41999816894531,98.22000122070312,6307300
2018-08-20,69.64260864257812,97.62999725341797,100.2300033569336,97.47000122070312,99.33000183105469,6172500
2018-08-21,69.72107696533203,97.73999786376953,98.05000305175781,96.80000305175781,97.86000061035156,3528400
2018-08-22,69.64974975585938,97.63999938964844,98.31999969482422,97.12999725341797,97.83999633789062,2963300
2018-08-23,69.30022430419922,97.1500015258789,97.8499984741211,96.88999938964844,97.69000244140625,2137500
2018-08-24,69.47854614257812,97.4000015258789,97.58999633789062,96.55000305175781,97.13999938964844,2996100
2018-08-27,69.9207992553711,98.0199966430664,98.30000305175781,97.30000305175781,98.11000061035156,2456000
2018-08-28,69.37869262695312,97.26000213623047,98.69999694824219,97.0999984741211,97.79000091552734,3515400
2018-08-29,69.60694885253906,97.58000183105469,97.83000183105469,96.02999877929688,97.43000030517578,3637100
2018-08-30,69.04341125488281,96.79000091552734,97.7300033569336,96.55999755859375,97.5,3434400
2018-08-31,68.46561431884766,95.9800033569336,96.69000244140625,95.72000122070312,96.25,4703100
2018-09-04,67.45268249511719,94.55999755859375,95.97000122070312,94.08000183105469,95.97000122070312,4456100
2018-09-05,67.90206146240234,95.19000244140625,95.25,94.08999633789062,94.33999633789062,5188800
2018-09-06,66.86775207519531,93.73999786376953,95.08000183105469,92.79000091552734,94.79000091552734,5416300
2018-09-07,67.17448425292969,94.16999816894531,94.3499984741211,91.5999984741211,93.6500015258789,4051700
2018-09-10,66.92481231689453,93.81999969482422,95.16999816894531,93.69999694824219,94.9800033569336,3156800
2018-09-11,66.46830749511719,93.18000030517578,93.7300033569336,92.87999725341797,93.72000122070312,2638500
2018-09-12,66.51107025146484,93.23999786376953,93.94000244140625,92.04000091552734,92.38999938964844,3304700
2018-09-13,68.71527099609375,96.33000183105469,96.37000274658203,93.41000366210938,93.41999816894531,4850700
2018-09-14,68.25162506103516,95.68000030517578,96.4000015258789,94.91999816894531,96.29000091552734,3446000
2018-09-17,68.03047943115234,95.37000274658203,96.16000366210938,94.80000305175781,95.4000015258789,3987200
2018-09-18,66.06169128417969,92.61000061035156,96.05999755859375,92.41000366210938,95.3499984741211,10240500
2018-09-19,64.927490234375,91.0199966430664,92.23999786376953,90.4000015258789,91.70999908447266,8451400
2018-09-20,66.11161804199219,92.68000030517578,93.12000274658203,90.62000274658203,91.43000030517578,5991200
2018-09-21,65.81202697753906,92.26000213623047,93.33000183105469,92.05000305175781,92.8499984741211,9953500
2018-09-24,66.63948822021484,93.41999816894531,93.9800033569336,91.94999694824219,92.30000305175781,5910300
2018-09-25,66.89627838134766,93.77999877929688,94.63999938964844,93.4000015258789,93.4800033569336,5303900
2018-09-26,67.18161010742188,94.18000030517578,95.11000061035156,93.8499984741211,94.29000091552734,4656200
2018-09-27,67.1530990600586,94.13999938964844,94.88999938964844,93.95999908447266,94.3499984741211,3028600
2018-09-28,67.46696472167969,94.58000183105469,95.16000366210938,93.83999633789062,94.0,4527900
2018-10-01,67.76654052734375,95.0,95.63999938964844,94.33000183105469,94.73999786376953,3763800
2018-10-02,67.21727752685547,94.2300033569336,95.3499984741211,93.47000122070312,95.33999633789062,6792200
2018-10-03,68.48701477050781,96.01000213623047,96.5999984741211,94.5999984741211,94.63999938964844,4796800
2018-10-04,66.9390869140625,93.83999633789062,95.80999755859375,93.26000213623047,95.80999755859375,4425400
2018-10-05,67.32426452636719,94.37999725341797,95.2699966430664,92.91000366210938,94.0999984741211,4190100
2018-10-08,67.63101959228516,94.80999755859375,95.37000274658203,93.75,94.06999969482422,3305500
2018-10-09,67.45982360839844,94.56999969482422,95.26000213623047,93.80000305175781,94.70999908447266,3625600
2018-10-10,66.39694213867188,93.08000183105469,95.38999938964844,92.98999786376953,93.8499984741211,5310800
2018-10-11,64.69921112060547,90.69999694824219,93.37999725341797,89.61000061035156,93.0,9994400
2018-10-12,65.38414001464844,90.69000244140625,91.08000183105469,88.9000015258789,90.70999908447266,5709600
2018-10-15,64.29547882080078,89.18000030517578,90.5999984741211,89.18000030517578,90.51000213623047,4827900
2018-10-16,66.26371765136719,91.91000366210938,91.9800033569336,89.52999877929688,89.77999877929688,3787100
2018-10-17,66.52325439453125,92.2699966430664,92.41000366210938,90.83000183105469,91.81999969482422,2857400
2018-10-18,64.81458282470703,89.9000015258789,92.4000015258789,89.22000122070312,91.8499984741211,4422300
2018-10-19,63.42313003540039,87.97000122070312,89.98999786376953,87.97000122070312,89.26000213623047,7059400
2018-10-22,60.75553512573242,84.2699966430664,88.52999877929688,83.5,88.52999877929688,7621100
2018-10-23,59.81109619140625,82.95999908447266,84.58999633789062,81.5,82.58000183105469,8096200
2018-10-24,57.251678466796875,79.41000366210938,83.12999725341797,79.26000213623047,82.83999633789062,8689100
2018-10-25,58.92430877685547,81.7300033569336,83.19000244140625,79.66000366210938,80.4000015258789,9173500
2018-10-26,58.24658966064453,80.79000091552734,81.52999877929688,79.43000030517578,81.0199966430664,6181500
2018-10-29,58.657554626464844,81.36000061035156,83.16999816894531,79.94000244140625,82.1500015258789,4343900
2018-10-30,58.823360443115234,81.58999633789062,82.87999725341797,80.12999725341797,81.93000030517578,5243100
2018-10-31,56.12696838378906,77.8499984741211,81.58000183105469,77.73999786376953,80.9800033569336,14068500
2018-11-01,57.82843780517578,80.20999908447266,80.6500015258789,77.5,77.70999908447266,10671700
2018-11-02,57.359825134277344,79.55999755859375,84.41999816894531,78.76000213623047,84.18000030517578,12781500
2018-11-05,59.53712844848633,82.58000183105469,83.83000183105469,79.2699966430664,79.44999694824219,10315600
2018-11-06,60.31575393676758,83.66000366210938,84.2300033569336,82.30999755859375,82.7300033569336,7945500
2018-11-07,62.69493865966797,86.95999908447266,87.22000122070312,84.13999938964844,84.1500015258789,10378000
2018-11-08,63.250099182128906,87.7300033569336,89.70999908447266,87.0,87.12999725341797,9333200
2018-11-09,64.01432037353516,88.79000091552734,89.52999877929688,87.55999755859375,87.83000183105469,9169800
2018-11-12,64.66316223144531,89.69000244140625,89.88999938964844,88.5,88.75,9344700
2018-11-13,63.60335159301758,88.22000122070312,90.87999725341797,88.19999694824219,90.0,7237200
2018-11-14,63.66825485229492,88.30999755859375,89.4000015258789,86.44999694824219,89.05000305175781,7268200
2018-11-15,64.98759460449219,90.13999938964844,90.29000091552734,85.95999908447266,87.62999725341797,10365700
2018-11-16,65.98974609375,91.52999877929688,92.0,89.19999694824219,89.7300033569336,8691100
2018-11-19,64.51178741455078,89.4800033569336,92.33999633789062,89.11000061035156,91.29000091552734,5971700
2018-11-20,63.509647369384766,88.08999633789062,89.70999908447266,87.86000061035156,89.0,5372900
2018-11-21,62.11096954345703,86.1500015258789,88.77999877929688,85.37000274658203,88.5,6532500
2018-11-23,61.73604202270508,85.62999725341797,86.55000305175781,84.9000015258789,85.5999984741211,1612800
2018-11-26,62.175865173339844,86.23999786376953,87.25,85.20999908447266,86.38999938964844,5227900
2018-11-27,63.21406173706055,87.68000030517578,87.69999694824219,85.5,86.22000122070312,4338300
2018-11-28,64.1224594116211,88.94000244140625,88.95999908447266,86.55999755859375,88.04000091552734,3953600
2018-11-29,64.82178497314453,89.91000366210938,90.33000183105469,88.36000061035156,89.01000213623047,3838000
2018-11-30,67.96517944335938,94.2699966430664,94.2699966430664,89.87000274658203,90.26000213623047,12031700
2018-12-03,67.52539825439453,93.66000366210938,94.72000122070312,92.81999969482422,94.31999969482422,6673900
2018-12-04,65.2832260131836,90.55000305175781,94.9800033569336,90.4000015258789,93.91999816894531,7008400
2018-12-06,65.12460327148438,90.33000183105469,90.4800033569336,87.16999816894531,89.69999694824219,8734300
2018-12-07,62.69493865966797,86.95999908447266,90.0,86.37000274658203,89.93000030517578,6737700
2018-12-10,63.16357421875,87.61000061035156,87.87999725341797,84.5999984741211,86.66999816894531,5229400
2018-12-11,63.567298889160156,88.16999816894531,89.44000244140625,86.66000366210938,88.62000274658203,5098100
2018-12-12,63.8773193359375,88.5999984741211,90.16999816894531,88.36000061035156,89.31999969482422,4185100
2018-12-13,63.23565673828125,87.70999908447266,89.98999786376953,87.37000274658203,89.37000274658203,4078600
2018-12-14,61.72164535522461,85.61000061035156,87.16000366210938,85.08000183105469,86.80000305175781,5461600
2018-12-17,61.231380462646484,84.93000030517578,86.87999725341797,84.19999694824219,85.06999969482422,5958200
2018-12-18,60.25809097290039,83.58000183105469,85.5,82.80000305175781,85.45999908447266,5288600
2018-12-19,60.21484375,83.5199966430664,86.30000305175781,82.6500015258789,84.33000183105469,5510800
2018-12-20,61.548606872558594,85.37000274658203,86.4800033569336,82.41000366210938,82.98999786376953,9453300
2018-12-21,61.224185943603516,84.91999816894531,88.70999908447266,83.22000122070312,84.62999725341797,16044700
2018-12-24,60.67626190185547,84.16000366210938,86.44000244140625,83.5999984741211,84.8499984741211,5097900
2018-12-26,64.19454193115234,89.04000091552734,89.08999633789062,84.62000274658203,84.73999786376953,6225000
2018-12-27,64.82178497314453,89.91000366210938,89.93000030517578,86.86000061035156,87.94999694824219,7272800
2018-12-28,65.69415283203125,91.12000274658203,92.81999969482422,90.0,90.08999633789062,6037700
2018-12-31,66.465576171875,92.19000244140625,92.98999786376953,91.2300033569336,91.5999984741211,5722100
2019-01-02,64.33154296875,89.2300033569336,91.26000213623047,88.41999816894531,91.23999786376953,6908400
2019-01-03,62.211891174316406,86.29000091552734,88.80000305175781,86.08000183105469,88.63999938964844,7653200
2019-01-04,64.2161865234375,89.06999969482422,89.13999938964844,86.2699966430664,87.75,8910600
2019-01-07,65.15343475341797,90.37000274658203,90.76000213623047,89.19999694824219,90.06999969482422,7281500
2019-01-08,65.45621490478516,90.79000091552734,92.30000305175781,90.4000015258789,91.19999694824219,7478300
2019-01-09,63.307743072509766,87.80999755859375,91.38999938964844,87.45999908447266,90.87999725341797,9971900
2019-01-10,63.588932037353516,88.19999694824219,88.87999725341797,87.12000274658203,87.87999725341797,6527700
2019-01-11,63.66825485229492,88.30999755859375,88.30999755859375,87.54000091552734,87.54000091552734,5318100
2019-01-14,61.85832214355469,84.76000213623047,86.97000122070312,84.48999786376953,86.97000122070312,6368500
2019-01-15,62.39838790893555,85.5,85.68000030517578,84.44999694824219,84.93000030517578,7295500
2019-01-16,62.434879302978516,85.55000305175781,86.38999938964844,85.44999694824219,85.66000366210938,4927000
2019-01-17,63.63906478881836,87.19999694824219,87.69000244140625,85.41999816894531,85.54000091552734,6438700
2019-01-18,65.3176040649414,89.5,89.79000091552734,86.91999816894531,88.44999694824219,6190000
2019-01-22,64.70458221435547,88.66000366210938,89.36000061035156,87.9000015258789,88.86000061035156,5664600
2019-01-23,64.55130767822266,88.44999694824219,89.27999877929688,87.69999694824219,88.83999633789062,4969300
2019-01-24,62.67570877075195,85.87999725341797,88.44000244140625,85.0999984741211,88.33000183105469,8372600
2019-01-25,58.77855682373047,80.54000091552734,82.61000061035156,79.43000030517578,82.51000213623047,21308600
2019-01-28,56.297210693359375,77.13999938964844,80.0999984741211,76.68000030517578,80.0,14718800
2019-01-29,56.53804397583008,77.47000122070312,78.16000366210938,75.7699966430664,77.02999877929688,13909000
2019-01-30,57.69846725463867,79.05999755859375,79.19000244140625,76.9800033569336,77.69000244140625,9277200
2019-01-31,58.5960807800293,80.29000091552734,81.30999755859375,78.70999908447266,78.94999694824219,11563900
2019-02-01,58.749359130859375,80.5,80.7300033569336,79.11000061035156,80.25,6759500
2019-02-04,57.311641693115234,78.52999877929688,80.36000061035156,77.5199966430664,80.30000305175781,10205600
2019-02-05,58.158206939697266,79.69000244140625,80.05999755859375,78.22000122070312,78.55999755859375,7965500
2019-02-06,57.713016510009766,79.08000183105469,79.88999938964844,78.79000091552734,79.5999984741211,4907200
2019-02-07,57.778717041015625,79.16999816894531,79.22000122070312,77.80999755859375,78.3499984741211,5877500
2019-02-08,58.14360809326172,79.66999816894531,79.86000061035156,78.88999938964844,79.02999877929688,4598900
2019-02-11,58.216590881347656,79.7699966430664,80.18000030517578,79.16999816894531,79.88999938964844,4803500
2019-02-12,58.33336639404297,79.93000030517578,80.12000274658203,78.56999969482422,79.98999786376953,6620100
2019-02-13,58.96098709106445,80.79000091552734,81.31999969482422,80.29000091552734,80.33999633789062,4237200
2019-02-14,58.76394271850586,80.5199966430664,80.68000030517578,79.72000122070312,80.44999694824219,3436300
2019-02-15,59.004791259765625,80.8499984741211,81.69999694824219,80.16000366210938,81.12999725341797,6295400
2019-02-19,58.76394271850586,80.5199966430664,81.5199966430664,80.2300033569336,80.5,5674700
2019-02-20,58.37715148925781,79.98999786376953,80.5999984741211,79.13999938964844,80.52999877929688,5564100
2019-02-21,57.472198486328125,78.75,79.91000366210938,78.0999984741211,79.73999786376953,6360800
2019-02-22,58.39905548095703,80.0199966430664,80.19000244140625,78.23999786376953,79.16000366210938,5022700
2019-02-25,58.5960807800293,80.29000091552734,80.62000274658203,79.87999725341797,80.45999908447266,5511800
2019-02-26,58.75666427612305,80.51000213623047,80.86000061035156,80.0199966430664,80.19999694824219,4283100
2019-02-27,57.95387649536133,79.41000366210938,80.13999938964844,78.80000305175781,80.13999938964844,4175500
2019-02-28,57.82979965209961,79.23999786376953,79.70999908447266,78.75,79.45999908447266,6310800
2019-03-01,58.45741653442383,80.0999984741211,80.8499984741211,79.27999877929688,79.7699966430664,8567900
2019-03-04,57.990360260009766,79.45999908447266,80.7300033569336,79.11000061035156,80.4000015258789,5872500
2019-03-05,57.588966369628906,78.91000366210938,79.9000015258789,78.72000122070312,79.37999725341797,5933100
2019-03-06,56.99052810668945,78.08999633789062,79.12999725341797,77.55999755859375,79.12999725341797,5293200
2019-03-07,57.09998321533203,78.23999786376953,79.12000274658203,77.44000244140625,77.7699966430664,6642500
2019-03-08,56.61832809448242,77.58000183105469,78.04000091552734,77.08999633789062,77.66999816894531,6189100
2019-03-11,56.98323059082031,78.08000183105469,78.30999755859375,77.2699966430664,77.56999969482422,8078100
2019-03-12,57.464908599853516,78.73999786376953,79.13999938964844,78.05000305175781,78.4800033569336,6128800
2019-03-13,57.603553771972656,78.93000030517578,79.30000305175781,78.1500015258789,78.91999816894531,5984500
2019-03-14,58.34796142578125,79.94999694824219,80.4000015258789,78.41000366210938,79.0,6161800
2019-03-15,59.362396240234375,81.33999633789062,81.45999908447266,79.11000061035156,80.05999755859375,12751100
2019-03-18,58.85884094238281,80.6500015258789,81.75,80.27999877929688,81.33999633789062,5550100
2019-03-19,58.98289108276367,80.81999969482422,81.29000091552734,79.51000213623047,80.33000183105469,6335500
2019-03-20,58.698272705078125,80.43000030517578,80.91000366210938,80.05999755859375,80.72000122070312,5360900
2019-03-21,59.28942108154297,81.23999786376953,81.30999755859375,79.26000213623047,79.87999725341797,5159200
2019-03-22,58.209312438964844,79.76000213623047,81.98999786376953,79.69000244140625,80.77999877929688,4992500
2019-03-25,58.02686309814453,79.51000213623047,80.04000091552734,78.41000366210938,79.5,4008400
2019-03-26,58.939125061035156,80.76000213623047,81.19000244140625,79.80000305175781,79.8499984741211,4921900
2019-03-27,58.30415344238281,79.88999938964844,81.0,79.80000305175781,81.0,4006200
2019-03-28,58.35526657104492,79.95999908447266,80.48999786376953,79.5,80.33000183105469,3071000
2019-03-29,58.815032958984375,80.58999633789062,80.9000015258789,79.95999908447266,80.08000183105469,7105900
2019-04-01,58.95368957519531,80.77999877929688,81.11000061035156,79.97000122070312,80.9800033569336,4759400
2019-04-02,60.624961853027344,83.06999969482422,83.48999786376953,80.80000305175781,80.88999938964844,6355800
2019-04-03,60.63224792480469,83.08000183105469,84.7300033569336,82.79000091552734,83.62000274658203,6083500
2019-04-04,60.435211181640625,82.80999755859375,83.37999725341797,82.06999969482422,83.04000091552734,4827900
2019-04-05,60.902305603027344,83.44999694824219,84.18000030517578,82.66999816894531,82.81999969482422,3996300
2019-04-08,61.28905487060547,83.9800033569336,84.0,82.77999877929688,83.69999694824219,3499200
2019-04-09,60.34762954711914,82.69000244140625,83.77999877929688,82.5,83.7699966430664,3712700
2019-04-10,60.537391662597656,82.94999694824219,83.37999725341797,82.5999984741211,83.19999694824219,3641900
2019-04-11,59.67619323730469,81.7699966430664,83.25,81.2300033569336,83.19999694824219,9094200
2019-04-12,59.7353630065918,80.77999877929688,81.80999755859375,79.83999633789062,80.66999816894531,5011500
2019-04-15,59.92023849487305,81.02999877929688,81.51000213623047,80.37000274658203,80.95999908447266,3495500
2019-04-16,59.313865661621094,80.20999908447266,81.30000305175781,80.0199966430664,81.11000061035156,3624700
2019-04-17,57.664825439453125,77.9800033569336,80.19999694824219,77.55000305175781,80.0999984741211,6817100
2019-04-18,57.361629486083984,77.56999969482422,78.20999908447266,76.80999755859375,78.05999755859375,7784900
2019-04-22,57.79052734375,78.1500015258789,79.0999984741211,77.5,77.5999984741211,5358600
2019-04-23,58.16764831542969,78.66000366210938,79.66000366210938,77.75,78.1500015258789,9920600
2019-04-24,58.17505645751953,78.66999816894531,79.58999633789062,78.44000244140625,79.2300033569336,7056400
2019-04-25,58.67050552368164,79.33999633789062,80.47000122070312,76.91000366210938,80.05000305175781,10442900
2019-04-26,58.93674087524414,79.69999694824219,80.6500015258789,79.4000015258789,79.66999816894531,5790000
2019-04-29,59.380428314208984,80.30000305175781,80.9800033569336,79.91000366210938,80.45999908447266,6444500
2019-04-30,58.70748519897461,79.38999938964844,80.69000244140625,78.68000030517578,80.68000030517578,9367400
2019-05-01,58.33774185180664,78.88999938964844,79.68000030517578,78.61000061035156,79.5999984741211,5231700
2019-05-02,58.027156829833984,78.47000122070312,78.77999877929688,77.5999984741211,78.7300033569336,5206300
2019-05-03,58.20463180541992,78.70999908447266,78.80000305175781,78.25,78.72000122070312,4527300
2019-05-06,58.61135482788086,79.26000213623047,79.5199966430664,77.33999633789062,77.75,5413200
2019-05-07,57.64262771606445,77.94999694824219,78.98999786376953,77.16999816894531,78.5999984741211,4275300
2019-05-08,57.67219543457031,77.98999786376953,78.88999938964844,77.31999969482422,77.94999694824219,3820700
2019-05-09,57.6130485534668,77.91000366210938,78.12999725341797,76.7300033569336,77.51000213623047,3792200
2019-05-10,57.272884368896484,77.44999694824219,77.7300033569336,75.62000274658203,77.44999694824219,4731800
2019-05-13,56.84400177001953,76.87000274658203,77.30000305175781,76.16999816894531,76.30000305175781,3858400
2019-05-14,58.00497817993164,78.44000244140625,79.36000061035156,77.0,77.16000366210938,6365200
2019-05-15,58.256412506103516,78.77999877929688,79.1500015258789,77.4800033569336,78.51000213623047,4795700
2019-05-16,58.78883743286133,79.5,80.75,78.70999908447266,78.9800033569336,5404700
2019-05-17,58.75923538208008,79.45999908447266,80.08000183105469,78.0199966430664,78.52999877929688,4756400
2019-05-20,59.02545166015625,79.81999969482422,80.38999938964844,78.91000366210938,79.0199966430664,4395500
2019-05-21,59.80931091308594,80.87999725341797,81.5,80.31999969482422,80.33000183105469,4841900
2019-05-22,60.33433532714844,81.58999633789062,81.75,79.87999725341797,80.51000213623047,4219500
2019-05-23,60.00897979736328,81.1500015258789,81.62999725341797,80.31999969482422,80.38999938964844,3299100
2019-05-24,59.20294189453125,80.05999755859375,81.0999984741211,79.87000274658203,81.08999633789062,3872700
2019-05-28,57.70180130004883,78.02999877929688,80.0999984741211,77.91999816894531,80.0,6557800
2019-05-29,57.723976135253906,78.05999755859375,78.27999877929688,77.0999984741211,77.56999969482422,4182200
2019-05-30,57.391204833984375,77.61000061035156,78.58999633789062,77.12999725341797,78.5199966430664,3533100
2019-05-31,56.72568130493164,76.70999908447266,77.56999969482422,76.4000015258789,77.30999755859375,4003200
2019-06-03,55.97880935668945,75.69999694824219,76.83999633789062,73.80999755859375,76.62999725341797,8434400
2019-06-04,56.7552490234375,76.75,77.44000244140625,75.9000015258789,76.13999938964844,6447100
2019-06-05,56.9844856262207,77.05999755859375,78.16999816894531,76.66000366210938,77.41000366210938,3804400
2019-06-06,56.991886138916016,77.06999969482422,77.72000122070312,76.86000061035156,77.16000366210938,4032800
2019-06-07,57.258094787597656,77.43000030517578,78.37999725341797,77.08000183105469,77.48999786376953,4829100
2019-06-10,56.903141021728516,76.94999694824219,77.75,76.5999984741211,77.45999908447266,3969400
2019-06-11,57.805301666259766,78.16999816894531,78.9000015258789,77.48999786376953,77.48999786376953,4210200
2019-06-12,58.10111618041992,78.56999969482422,79.25,78.18000030517578,78.25,4165700
2019-06-13,58.38211441040039,78.94999694824219,79.19999694824219,78.30000305175781,78.93000030517578,2924900
2019-06-14,58.189842224121094,78.69000244140625,79.33999633789062,78.20999908447266,78.94999694824219,4075900
2019-06-17,58.16028594970703,78.6500015258789,79.05000305175781,78.4000015258789,78.4000015258789,3083200
2019-06-18,57.8644905090332,78.25,79.19999694824219,77.01000213623047,78.87999725341797,5433500
2019-06-19,57.391204833984375,77.61000061035156,78.4800033569336,77.29000091552734,78.4000015258789,6147300
2019-06-20,57.9310302734375,78.33999633789062,79.16999816894531,78.08000183105469,78.23999786376953,5347000
2019-06-21,58.256412506103516,78.77999877929688,79.08000183105469,76.43000030517578,78.1500015258789,10516900
2019-06-24,58.01235580444336,78.44999694824219,79.30999755859375,77.8499984741211,78.41000366210938,5182700
2019-06-25,48.583980560302734,65.69999694824219,70.66999816894531,65.05999755859375,70.47000122070312,90131800
2019-06-26,50.284793853759766,68.0,68.41000366210938,66.80000305175781,67.23999786376953,42093800
2019-06-27,51.76375961303711,70.0,70.5999984741211,68.0999984741211,68.16000366210938,22129200
2019-06-28,53.775142669677734,72.72000122070312,72.73999786376953,70.33000183105469,70.58000183105469,21381500
2019-07-01,54.27799987792969,73.4000015258789,73.8499984741211,72.27999877929688,73.5,18010900
2019-07-02,54.891761779785156,74.2300033569336,74.25,72.31999969482422,73.19999694824219,12862200
2019-07-03,55.431583404541016,74.95999908447266,74.97000122070312,73.77999877929688,74.3499984741211,7434100
2019-07-05,53.97480392456055,72.98999786376953,74.79000091552734,72.61000061035156,74.6500015258789,10854900
2019-07-08,52.66592025756836,71.22000122070312,73.0,70.87999725341797,72.5199966430664,13487400
2019-07-09,52.680702209472656,71.23999786376953,72.44999694824219,70.88999938964844,71.18000030517578,11832500
2019-07-10,52.983882904052734,71.6500015258789,71.73999786376953,70.95999908447266,71.58000183105469,9170400
2019-07-11,52.680702209472656,71.23999786376953,72.4000015258789,69.8499984741211,72.30000305175781,13001000
2019-07-12,52.76328659057617,70.27999877929688,70.30000305175781,68.54000091552734,70.30000305175781,12903000
2019-07-15,52.75578689575195,70.2699966430664,71.0199966430664,69.69999694824219,70.30999755859375,10253300
2019-07-16,51.922447204589844,69.16000366210938,70.30000305175781,69.12999725341797,70.1500015258789,10141600
2019-07-17,51.291805267333984,68.31999969482422,69.86000061035156,68.30999755859375,69.33000183105469,12205000
2019-07-18,51.239253997802734,68.25,68.94999694824219,68.0,68.56999969482422,8573300
2019-07-19,51.456966400146484,68.54000091552734,68.81999969482422,68.0999984741211,68.13999938964844,9806900
2019-07-22,51.051570892333984,68.0,68.75,67.83999633789062,68.5,9961800
2019-07-23,50.84886169433594,67.7300033569336,68.44000244140625,67.5999984741211,68.0,8025300
2019-07-24,50.646148681640625,67.45999908447266,67.88999938964844,66.76000213623047,67.7699966430664,12595300
2019-07-25,50.04555130004883,66.66000366210938,67.87000274658203,66.5,67.45999908447266,12403500
2019-07-26,50.87138366699219,67.76000213623047,69.13999938964844,67.37000274658203,67.63999938964844,12259300
2019-07-29,50.43593215942383,67.18000030517578,68.41000366210938,66.87999725341797,67.87000274658203,10117300
2019-07-30,50.43593215942383,67.18000030517578,67.52999877929688,66.26000213623047,66.91999816894531,8143700
2019-07-31,50.01551818847656,66.62000274658203,67.37999725341797,65.62999725341797,66.91000366210938,11300000
2019-08-01,49.399898529052734,65.80000305175781,67.19999694824219,65.11000061035156,66.93000030517578,13106700
2019-08-02,49.06205749511719,65.3499984741211,65.79000091552734,65.02999877929688,65.5,9653900
2019-08-05,48.97196578979492,65.2300033569336,66.12000274658203,64.54000091552734,64.9800033569336,11618800
2019-08-06,48.626609802246094,64.7699966430664,65.83999633789062,64.29000091552734,65.2699966430664,10248700
2019-08-07,48.39387130737305,64.45999908447266,64.9000015258789,63.310001373291016,64.37999725341797,10532100
2019-08-08,49.13711929321289,65.44999694824219,65.44999694824219,64.33000183105469,64.79000091552734,7427400
2019-08-09,49.2347297668457,65.58000183105469,66.87000274658203,64.29000091552734,65.37000274658203,10893500
2019-08-12,48.44642639160156,64.52999877929688,65.4800033569336,64.08000183105469,65.23999786376953,5258900
2019-08-13,48.80680465698242,65.01000213623047,65.93000030517578,64.63999938964844,64.86000061035156,7082500
2019-08-14,47.67314529418945,63.5,64.98999786376953,63.5,64.5,9373300
2019-08-15,47.28275680541992,62.97999954223633,64.23999786376953,62.65999984741211,64.12000274658203,9195700
2019-08-16,48.37135696411133,64.43000030517578,64.80999755859375,63.06999969482422,63.5099983215332,8348100
2019-08-19,49.97046661376953,66.55999755859375,66.87999725341797,64.97000122070312,65.04000091552734,9826300
2019-08-20,49.85785675048828,66.41000366210938,68.45999908447266,66.33000183105469,67.37999725341797,12037900
2019-08-21,50.70621109008789,67.54000091552734,67.91999816894531,66.5999984741211,67.33999633789062,7615700
2019-08-22,50.69119644165039,67.5199966430664,68.02999877929688,66.80999755859375,67.87000274658203,6495700
2019-08-23,49.527523040771484,65.97000122070312,67.79000091552734,65.4800033569336,67.27999877929688,8904700
2019-08-26,49.89540100097656,66.45999908447266,66.93000030517578,66.08000183105469,66.43000030517578,4841100
2019-08-27,49.30229568481445,65.66999816894531,66.9800033569336,65.48999786376953,66.66999816894531,7591200
2019-08-28,49.60260772705078,66.06999969482422,66.37999725341797,65.4000015258789,65.56999969482422,6872800
2019-08-29,49.715213775634766,66.22000122070312,67.02999877929688,65.95999908447266,66.7300033569336,6011900
2019-08-30,49.35485076904297,65.73999786376953,66.43000030517578,65.48999786376953,66.4000015258789,6415100
2019-09-03,49.09959030151367,65.4000015258789,65.80000305175781,64.93000030517578,65.77999877929688,7915700
2019-09-04,49.8353271484375,66.37999725341797,66.41999816894531,64.44000244140625,65.66999816894531,9618300
2019-09-05,50.323326110839844,67.02999877929688,67.30000305175781,66.43000030517578,66.63999938964844,5602400
2019-09-06,50.76627731323242,67.62000274658203,68.12000274658203,67.0,67.26000213623047,7502500
2019-09-09,50.07557678222656,66.69999694824219,68.0,66.30999755859375,67.95999908447266,10310900
2019-09-10,51.18669509887695,68.18000030517578,68.18000030517578,65.6500015258789,66.06999969482422,12155700
2019-09-11,52.17019271850586,69.48999786376953,69.73999786376953,68.05999755859375,68.37999725341797,8369100
2019-09-12,53.17620849609375,70.83000183105469,71.16999816894531,70.19000244140625,70.76000213623047,9560100
2019-09-13,52.935970306396484,70.51000213623047,71.51000213623047,70.4800033569336,71.1500015258789,8135600
2019-09-16,52.98851776123047,70.58000183105469,70.95999908447266,69.72000122070312,70.37000274658203,5992000
2019-09-17,53.75429153442383,71.5999984741211,72.08999633789062,70.36000061035156,70.51000213623047,9013500
2019-09-18,53.506553649902344,71.2699966430664,71.81999969482422,70.80999755859375,71.68000030517578,6252600
2019-09-19,53.806846618652344,71.66999816894531,71.91000366210938,71.20999908447266,71.4000015258789,5541200
2019-09-20,54.347389221191406,72.38999938964844,73.0,72.0,72.0,12968700
2019-09-23,54.752803802490234,72.93000030517578,73.77999877929688,72.05000305175781,72.33000183105469,8092300
2019-09-24,54.7678108215332,72.94999694824219,73.83000183105469,72.16999816894531,73.83000183105469,8223800
2019-09-25,54.12217330932617,72.08999633789062,73.23999786376953,72.0199966430664,72.87999725341797,5922700
2019-09-26,55.57863235473633,74.02999877929688,74.45999908447266,72.62000274658203,72.94999694824219,10324100
2019-09-27,56.194252014160156,74.8499984741211,75.13999938964844,73.91999816894531,74.20999908447266,7677300
2019-09-30,56.847412109375,75.72000122070312,76.44000244140625,74.94999694824219,74.94999694824219,8315100
2019-10-01,54.9780387878418,73.2300033569336,76.02999877929688,72.94000244140625,75.88999938964844,10910800
2019-10-02,54.15217590332031,72.12999725341797,73.0,71.56999969482422,72.88999938964844,8380500
2019-10-03,55.44350051879883,73.8499984741211,73.94000244140625,72.04000091552734,72.05999755859375,6228500
2019-10-04,56.0516242980957,74.66000366210938,75.05999755859375,73.94999694824219,74.22000122070312,7007500
2019-10-07,55.80384826660156,74.33000183105469,75.2699966430664,74.08000183105469,74.72000122070312,5163500
2019-10-08,55.203250885009766,73.52999877929688,74.75,73.41999816894531,73.87999725341797,6121500
2019-10-09,55.03058624267578,73.30000305175781,74.62000274658203,73.25,74.06999969482422,5851000
2019-10-10,55.89395523071289,74.44999694824219,74.62999725341797,73.19999694824219,73.22000122070312,7329400
2019-10-11,56.084373474121094,73.62999725341797,74.33999633789062,73.56999969482422,73.97000122070312,7164900
2019-10-14,56.18341064453125,73.76000213623047,74.16999816894531,73.38999938964844,73.6500015258789,5040900
2019-10-15,56.747066497802734,74.5,74.9800033569336,73.80000305175781,74.19999694824219,6028300
2019-10-16,56.937503814697266,74.75,74.9800033569336,74.33999633789062,74.37999725341797,8288300
2019-10-17,57.234554290771484,75.13999938964844,76.18000030517578,74.6500015258789,74.98999786376953,6811300
2019-10-18,58.240013122558594,76.45999908447266,77.16999816894531,75.20999908447266,75.23999786376953,9480200
2019-10-21,58.879852294921875,77.30000305175781,77.8499984741211,75.8499984741211,76.87999725341797,7839100
2019-10-22,59.31401062011719,77.87000274658203,78.66000366210938,77.75,78.05000305175781,6062000
2019-10-23,59.22260665893555,77.75,78.0199966430664,77.19000244140625,77.79000091552734,6136700
2019-10-24,58.49898147583008,76.80000305175781,77.88999938964844,76.25,77.83999633789062,5699300
2019-10-25,58.293331146240234,76.52999877929688,76.79000091552734,76.22000122070312,76.38999938964844,5497000
2019-10-28,59.664405822753906,78.33000183105469,78.37999725341797,76.48999786376953,76.66999816894531,7146400
2019-10-29,59.771034240722656,78.47000122070312,78.73999786376953,77.58999633789062,78.11000061035156,6391500
2019-10-30,60.67745590209961,79.66000366210938,79.79000091552734,78.01000213623047,78.51000213623047,7222500
2019-10-31,60.59367370605469,79.55000305175781,79.73999786376953,78.73999786376953,79.70999908447266,10009400
2019-11-01,62.26942825317383,81.75,82.18000030517578,79.12999725341797,80.02999877929688,13356300
2019-11-04,63.213932037353516,82.98999786376953,83.31999969482422,82.13999938964844,82.94999694824219,9127900
2019-11-05,62.33798599243164,81.83999633789062,83.4000015258789,81.47000122070312,83.16999816894531,7475600
2019-11-06,62.52077865600586,82.08000183105469,82.25,80.3499984741211,81.7699966430664,9303600
2019-11-07,62.46748352050781,82.01000213623047,82.58999633789062,81.08000183105469,82.20999908447266,6561500
2019-11-08,64.9049301147461,85.20999908447266,85.45999908447266,82.08999633789062,82.0999984741211,11364100
2019-11-11,65.24769592285156,85.66000366210938,85.68000030517578,83.9000015258789,84.94999694824219,8726300
2019-11-12,65.8418197631836,86.44000244140625,88.27999877929688,85.55000305175781,85.5999984741211,12165900
2019-11-13,66.00941467285156,86.66000366210938,87.2699966430664,85.33000183105469,85.73999786376953,5798800
2019-11-14,66.74824523925781,87.62999725341797,87.75,85.93000030517578,86.4800033569336,5425600
2019-11-15,67.50997161865234,88.62999725341797,89.19000244140625,87.26000213623047,88.0999984741211,8036700
2019-11-18,67.58613586425781,88.7300033569336,89.41000366210938,88.31999969482422,88.33999633789062,5772300
2019-11-19,67.80702209472656,89.0199966430664,90.41000366210938,88.91000366210938,89.26000213623047,7504800
2019-11-20,66.42070770263672,87.19999694824219,88.72000122070312,86.54000091552734,88.72000122070312,10933000
2019-11-21,65.90275573730469,86.5199966430664,86.87000274658203,85.55000305175781,86.79000091552734,9614100
2019-11-22,65.54475402832031,86.05000305175781,86.79000091552734,85.30999755859375,86.63999938964844,7784700
2019-11-25,66.8472671508789,87.76000213623047,87.87999725341797,86.05999755859375,86.8499984741211,9522100
2019-11-26,66.81681823730469,87.72000122070312,88.19000244140625,86.93000030517578,88.1500015258789,6431400
2019-11-27,67.28145599365234,88.33000183105469,88.80999755859375,87.61000061035156,87.86000061035156,4711800
2019-11-29,66.82443237304688,87.7300033569336,88.08999633789062,87.22000122070312,88.0,3042800
2019-12-02,66.291259765625,87.02999877929688,88.02999877929688,87.0,87.83999633789062,6526400
2019-12-03,65.4686050415039,85.94999694824219,86.4800033569336,85.58999633789062,85.95999908447266,10054500
2019-12-04,66.42070770263672,87.19999694824219,87.55000305175781,86.12000274658203,86.18000030517578,6174600
2019-12-05,66.05509948730469,86.72000122070312,87.25,86.26000213623047,87.25,6072100
2019-12-06,66.25315856933594,86.9800033569336,87.70999908447266,86.77999877929688,87.20999908447266,6044600
2019-12-09,65.8418197631836,86.44000244140625,87.72000122070312,86.37999725341797,87.22000122070312,5582700
2019-12-10,65.93323516845703,86.55999755859375,86.94999694824219,86.20999908447266,86.91999816894531,7816000
2019-12-11,66.03987121582031,86.69999694824219,87.26000213623047,86.2300033569336,86.69999694824219,7326400
2019-12-12,67.58613586425781,88.7300033569336,88.94000244140625,86.75,86.76000213623047,6260500
2019-12-13,66.90821838378906,87.83999633789062,89.08999633789062,87.33000183105469,88.77999877929688,5975200
2019-12-16,68.11932373046875,89.43000030517578,90.12000274658203,88.26000213623047,88.37999725341797,6723300
2019-12-17,68.61445617675781,90.08000183105469,90.16999816894531,89.06999969482422,90.0,8750000
2019-12-18,68.04316711425781,89.33000183105469,90.18000030517578,89.0199966430664,90.05000305175781,6490100
2019-12-19,67.61660766601562,88.7699966430664,89.68000030517578,88.55999755859375,89.68000030517578,5447000
2019-12-20,68.01268768310547,89.29000091552734,91.98999786376953,89.1500015258789,90.4000015258789,19134800
2019-12-23,68.74390411376953,90.25,90.47000122070312,89.33000183105469,89.52999877929688,5907200
2019-12-24,68.4392318725586,89.8499984741211,90.4000015258789,89.43000030517578,90.4000015258789,1798800
2019-12-26,68.42401885986328,89.83000183105469,90.72000122070312,89.44999694824219,90.19999694824219,4066700
2019-12-27,67.94414520263672,89.19999694824219,90.27999877929688,88.83000183105469,89.9800033569336,4087800
2019-12-30,67.42616271972656,88.5199966430664,89.7300033569336,88.16000366210938,89.22000122070312,7014800
2019-12-31,67.44140625,88.54000091552734,88.5999984741211,87.87999725341797,88.20999908447266,4702100
2020-01-02,68.21074676513672,89.55000305175781,89.56999969482422,88.51000213623047,89.08000183105469,5639200
2020-01-03,67.56327819824219,88.69999694824219,89.38999938964844,87.9000015258789,88.16999816894531,5988500
2020-01-06,68.09647369384766,89.4000015258789,89.62000274658203,87.9800033569336,88.22000122070312,6786600
2020-01-07,67.7080078125,88.88999938964844,89.54000091552734,88.26000213623047,88.93000030517578,7242500
2020-01-08,68.18788146972656,89.5199966430664,90.05999755859375,88.87000274658203,89.1500015258789,7696800
2020-01-09,68.71345520019531,90.20999908447266,90.2300033569336,89.05000305175781,90.01000213623047,7518000
2020-01-10,67.83749389648438,89.05999755859375,90.29000091552734,88.83000183105469,90.2300033569336,8581400
2020-01-13,67.42616271972656,88.5199966430664,89.5,87.91999816894531,89.5,9292200
2020-01-14,68.09008026123047,88.19999694824219,88.44000244140625,86.7699966430664,87.0999984741211,8876900
2020-01-15,68.90840911865234,89.26000213623047,89.87999725341797,88.18000030517578,88.18000030517578,8490100
2020-01-16,68.90840911865234,89.26000213623047,89.80000305175781,88.91999816894531,89.30999755859375,7073200
2020-01-17,67.93568420410156,88.0,89.2699966430664,87.79000091552734,89.12999725341797,10122300
2020-01-21,67.92796325683594,87.98999786376953,88.52999877929688,87.56999969482422,87.68000030517578,13552000
2020-01-22,67.3258056640625,87.20999908447266,88.16999816894531,87.1500015258789,88.02999877929688,6438900
2020-01-23,65.8281478881836,85.2699966430664,87.06999969482422,84.98999786376953,87.05000305175781,12266800
2020-01-24,64.49259948730469,83.54000091552734,85.4800033569336,82.76000213623047,85.43000030517578,13215400
2020-01-27,64.86314392089844,84.0199966430664,85.93000030517578,84.0,85.05000305175781,13832000
2020-01-28,64.67015075683594,83.7699966430664,84.98999786376953,83.63999938964844,84.98999786376953,8614400
2020-01-29,64.23011016845703,83.19999694824219,84.0,83.12999725341797,83.80000305175781,5703200
2020-01-30,63.133888244628906,81.77999877929688,82.79000091552734,81.18000030517578,82.58000183105469,10870000
2020-01-31,62.54714584350586,81.0199966430664,81.72000122070312,80.41000366210938,81.54000091552734,13870100
2020-02-03,63.53531265258789,82.30000305175781,82.5999984741211,80.91999816894531,81.30999755859375,10143700
2020-02-04,65.12564086914062,84.36000061035156,84.70999908447266,83.58999633789062,83.58999633789062,8251500
2020-02-05,66.8780517578125,86.62999725341797,87.13999938964844,84.87999725341797,85.05999755859375,10020600
2020-02-06,67.30264282226562,87.18000030517578,87.95999908447266,86.22000122070312,87.88999938964844,7769700
2020-02-07,71.24755859375,92.29000091552734,92.9800033569336,88.87999725341797,89.73999786376953,19090300
2020-02-10,73.14665985107422,94.75,95.5,92.11000061035156,92.36000061035156,13998300
2020-02-11,74.11165618896484,96.0,97.08000183105469,95.01000213623047,95.26000213623047,10682800
2020-02-12,75.4935531616211,97.79000091552734,97.86000061035156,95.70999908447266,95.9800033569336,10591000
2020-02-13,73.60985565185547,95.3499984741211,97.36000061035156,95.2300033569336,96.8499984741211,10613000
2020-02-14,72.60627746582031,94.05000305175781,95.30000305175781,93.7699966430664,95.2300033569336,11175800
2020-02-18,72.2666015625,93.61000061035156,94.5,93.26000213623047,93.66999816894531,9406300
2020-02-19,72.6757583618164,94.13999938964844,94.79000091552734,93.0199966430664,93.7699966430664,6349100
2020-02-20,72.7452392578125,94.2300033569336,94.38999938964844,92.58999633789062,93.93000030517578,5446200
2020-02-21,73.30879211425781,94.95999908447266,95.5199966430664,93.37999725341797,93.95999908447266,6676000
2020-02-24,71.90377044677734,93.13999938964844,93.87000274658203,92.1500015258789,92.16999816894531,10705100
2020-02-25,68.84663391113281,89.18000030517578,93.45999908447266,88.11000061035156,93.31999969482422,11366400
2020-02-26,68.2522201538086,88.41000366210938,91.18000030517578,88.19000244140625,88.62000274658203,9786900
2020-02-27,65.94393157958984,85.41999816894531,89.44999694824219,84.19999694824219,86.19000244140625,14184100
2020-02-28,66.16781616210938,85.70999908447266,85.70999908447266,81.58000183105469,82.79000091552734,18450000
2020-03-02,68.46837615966797,88.69000244140625,88.77999877929688,83.55000305175781,86.0,12171100
2020-03-03,67.60372924804688,87.56999969482422,90.9000015258789,85.66000366210938,89.44000244140625,12660900
2020-03-04,70.8306884765625,91.75,91.86000061035156,88.94999694824219,89.2699966430664,16590400
2020-03-05,69.95059967041016,90.61000061035156,91.70999908447266,89.43000030517578,90.05999755859375,9688400
2020-03-06,68.5687255859375,88.81999969482422,89.76000213623047,87.26000213623047,88.7300033569336,12664600
2020-03-09,65.8281478881836,85.2699966430664,87.33999633789062,82.43000030517578,84.0,15806200
2020-03-10,67.57284545898438,87.52999877929688,88.22000122070312,83.76000213623047,88.19000244140625,12965800
2020-03-11,65.50390625,84.8499984741211,86.63999938964844,83.56999969482422,85.80000305175781,10382200
2020-03-12,60.68666458129883,78.61000061035156,81.29000091552734,77.05999755859375,78.8499984741211,19935700
2020-03-13,65.90534210205078,85.37000274658203,86.31999969482422,80.69000244140625,83.36000061035156,21867700
2020-03-16,57.336181640625,74.2699966430664,82.18000030517578,73.58000183105469,79.0,20916000
2020-03-17,56.371177673339844,73.0199966430664,77.70999908447266,69.98999786376953,75.70999908447266,23205000
2020-03-18,54.83490753173828,71.02999877929688,71.38999938964844,64.69000244140625,70.0,23712800
2020-03-19,54.85808181762695,71.05999755859375,74.8499984741211,65.33000183105469,69.0999984741211,19739900
2020-03-20,53.12880325317383,68.81999969482422,73.0,66.80999755859375,73.0,18844500
2020-03-23,49.79377365112305,64.5,67.75,62.54999923706055,67.37999725341797,19219000
2020-03-24,52.10204315185547,67.48999786376953,71.81999969482422,67.08999633789062,68.16000366210938,18376300
2020-03-25,52.42629623413086,67.91000366210938,70.68000030517578,65.55000305175781,67.91999816894531,20017300
2020-03-26,56.99649429321289,73.83000183105469,74.30999755859375,68.76000213623047,68.81999969482422,15979400
2020-03-27,56.10097885131836,72.66999816894531,75.05999755859375,70.70999908447266,71.62999725341797,12293300
2020-03-30,58.08503341674805,75.23999786376953,76.23999786376953,73.47000122070312,73.5199966430664,10671600
2020-03-31,58.81841278076172,76.19000244140625,77.91999816894531,74.44000244140625,75.4000015258789,20474400
2020-04-01,56.67997741699219,73.41999816894531,73.98999786376953,71.43000030517578,72.12000274658203,12948000
2020-04-02,58.000091552734375,75.12999725341797,75.5,71.45999908447266,72.77999877929688,8077800
2020-04-03,56.64139175415039,73.37000274658203,75.44000244140625,72.55000305175781,74.6500015258789,8062700
2020-04-06,58.46330261230469,75.7300033569336,77.26000213623047,74.02999877929688,75.73999786376953,10266500
2020-04-07,58.2008171081543,75.38999938964844,78.58000183105469,75.25,78.37999725341797,11591700
2020-04-08,60.64805603027344,78.55999755859375,78.9800033569336,74.77999877929688,76.44000244140625,12218500
2020-04-09,61.56673812866211,79.75,80.08000183105469,78.55999755859375,78.55999755859375,9425900
2020-04-13,61.99134063720703,80.30000305175781,81.33000183105469,78.66000366210938,80.66000366210938,9293500
2020-04-14,64.34967041015625,82.12999725341797,82.8499984741211,80.29000091552734,80.62000274658203,11072700
2020-04-15,64.10680389404297,81.81999969482422,83.04000091552734,79.62000274658203,80.51000213623047,8977300
2020-04-16,64.13813018798828,81.86000061035156,83.72000122070312,81.58000183105469,82.7300033569336,10326900
2020-04-17,65.38391876220703,83.44999694824219,84.79000091552734,82.5,84.0,10734800
2020-04-20,65.8070297241211,83.98999786376953,85.33000183105469,82.62999725341797,83.54000091552734,9126300
2020-04-21,62.9628791809082,80.36000061035156,82.97000122070312,80.0199966430664,82.51000213623047,9627500
2020-04-22,63.832584381103516,81.47000122070312,82.44999694824219,80.7300033569336,81.2300033569336,7033300
2020-04-23,64.27915954589844,82.04000091552734,83.83000183105469,81.95999908447266,82.18000030517578,7869600
2020-04-24,65.49359893798828,83.58999633789062,83.66999816894531,82.3499984741211,82.87000274658203,6770700
2020-04-27,66.35546875,84.69000244140625,84.91999816894531,83.77999877929688,84.02999877929688,9209700
2020-04-28,64.84329223632812,82.76000213623047,85.97000122070312,82.37000274658203,85.69999694824219,8341000
2020-04-29,65.6268081665039,83.76000213623047,84.75,82.13999938964844,83.72000122070312,8231700
2020-04-30,64.4045181274414,82.19999694824219,83.26000213623047,81.2300033569336,82.97000122070312,15535800
2020-05-01,64.90596008300781,82.83999633789062,84.2300033569336,80.5,81.94999694824219,12705300
2020-05-04,64.13813018798828,81.86000061035156,82.83999633789062,81.12000274658203,82.22000122070312,6833000
2020-05-05,66.88825988769531,85.37000274658203,86.4800033569336,82.5999984741211,82.94999694824219,10927000
2020-05-06,66.92742156982422,85.41999816894531,88.1500015258789,85.25,86.27999877929688,17042600
2020-05-07,65.98722076416016,84.22000122070312,86.83999633789062,83.55999755859375,86.5199966430664,11941800
2020-05-08,65.78350830078125,83.95999908447266,84.66000366210938,82.44999694824219,84.41999816894531,20188100
2020-05-11,68.87052917480469,87.9000015258789,88.45999908447266,83.9800033569336,85.08000183105469,19219800
2020-05-12,70.87632751464844,90.45999908447266,92.2300033569336,88.47000122070312,90.0,23492300
2020-05-13,69.63055419921875,88.87000274658203,92.23999786376953,87.7300033569336,90.73999786376953,23562600
2020-05-14,70.46890258789062,89.94000244140625,90.4800033569336,87.43000030517578,87.62000274658203,13379500
2020-05-15,71.07220458984375,90.70999908447266,91.1500015258789,89.41999816894531,90.01000213623047,14071200
2020-05-18,71.66768646240234,91.47000122070312,93.66000366210938,91.30999755859375,92.0,16300200
2020-05-19,71.45613098144531,91.19999694824219,91.6500015258789,89.55999755859375,91.26000213623047,9892500
2020-05-20,71.44828796386719,91.19000244140625,92.54000091552734,89.9000015258789,92.12999725341797,10661500
2020-05-21,72.88211822509766,93.0199966430664,93.12999725341797,90.3499984741211,91.27999877929688,10393200
2020-05-22,72.16128540039062,92.0999984741211,93.01000213623047,91.7300033569336,92.87000274658203,5507000
2020-05-26,71.07220458984375,90.70999908447266,93.56999969482422,90.30999755859375,93.44999694824219,11869800
2020-05-27,70.50023651123047,89.9800033569336,91.0,88.55999755859375,90.54000091552734,12529500
2020-05-28,70.53939819335938,90.02999877929688,91.19000244140625,90.0,90.87000274658203,8765900
2020-05-29,72.6078872680664,92.66999816894531,92.88999938964844,89.5999984741211,91.0,13758800
2020-06-01,71.06437683105469,90.69999694824219,93.05999755859375,90.69000244140625,92.05000305175781,8486500
2020-06-02,71.33078002929688,91.04000091552734,91.69999694824219,90.05000305175781,90.97000122070312,9413300
2020-06-03,71.2132339477539,90.88999938964844,91.5,89.5999984741211,91.47000122070312,8588400
2020-06-04,72.89778900146484,93.04000091552734,93.4800033569336,90.25,90.27999877929688,9525700
2020-06-05,73.53242492675781,93.8499984741211,95.54000091552734,92.80999755859375,93.5,9630100
2020-06-08,74.11222076416016,94.58999633789062,95.01000213623047,92.80999755859375,92.91000366210938,6621400
2020-06-09,75.35015869140625,96.16999816894531,96.66000366210938,94.76000213623047,94.94999694824219,9555900
2020-06-10,75.92211151123047,96.9000015258789,99.3499984741211,96.80000305175781,96.98999786376953,11138300
2020-06-11,72.28665924072266,92.26000213623047,96.88999938964844,92.02999877929688,95.69000244140625,12584800
2020-06-12,72.443359375,92.45999908447266,94.73999786376953,91.02999877929688,93.73999786376953,8010100
2020-06-15,72.92910766601562,93.08000183105469,94.02999877929688,90.77999877929688,91.2699966430664,7120200
2020-06-16,75.26398468017578,96.05999755859375,96.19999694824219,93.4800033569336,94.86000061035156,9366100
2020-06-17,75.01325988769531,95.73999786376953,97.0999984741211,95.2699966430664,96.8499984741211,6212200
2020-06-18,75.39717102050781,96.2300033569336,96.44999694824219,95.26000213623047,95.55999755859375,4571600
2020-06-19,75.77326202392578,96.70999908447266,98.19999694824219,95.75,97.72000122070312,9210900
2020-06-22,76.21202087402344,97.2699966430664,97.30000305175781,95.81999969482422,96.63999938964844,6004300
2020-06-23,76.24337768554688,97.30999755859375,99.0999984741211,97.05000305175781,98.41999816894531,6715600
2020-06-24,74.54315948486328,95.13999938964844,97.16000366210938,94.3499984741211,96.45999908447266,9025100
2020-06-25,75.99263763427734,96.98999786376953,97.06999969482422,94.31999969482422,95.18000030517578,6411700
2020-06-26,75.31884002685547,96.12999725341797,97.02999877929688,95.04000091552734,96.88999938964844,14568400
2020-06-29,75.56169128417969,96.44000244140625,97.33000183105469,95.68000030517578,96.5,6676400
2020-06-30,76.92501831054688,98.18000030517578,98.87999725341797,95.83000183105469,95.97000122070312,8112500
2020-07-01,77.67720031738281,99.13999938964844,99.66000366210938,97.5,98.5,6522900
2020-07-02,77.4734878540039,98.87999725341797,99.98999786376953,97.86000061035156,99.44999694824219,6158800
2020-07-06,77.57533264160156,99.01000213623047,99.80000305175781,97.94999694824219,99.63999938964844,7039000
2020-07-07,77.84172058105469,99.3499984741211,100.69000244140625,98.55999755859375,98.68000030517578,6345600
2020-07-08,77.78689575195312,99.27999877929688,100.56999969482422,98.55000305175781,99.75,6154400
2020-07-09,76.73697662353516,97.94000244140625,99.77999877929688,96.80999755859375,99.08000183105469,5817300
2020-07-10,75.86729431152344,96.83000183105469,98.33000183105469,96.36000061035156,98.05999755859375,6202500
2020-07-13,76.67431640625,97.86000061035156,99.55999755859375,96.91999816894531,97.36000061035156,8507400
2020-07-14,78.4111099243164,98.87000274658203,99.0999984741211,95.94000244140625,96.97000122070312,6765600
2020-07-15,79.68798828125,100.4800033569336,100.4800033569336,98.81999969482422,100.0,5661600
2020-07-16,79.24385833740234,99.91999816894531,100.2300033569336,98.80999755859375,99.69000244140625,4269200
2020-07-17,79.9655532836914,100.83000183105469,101.27999877929688,99.91999816894531,100.29000091552734,6890900
2020-07-20,78.94249725341797,99.54000091552734,101.25,99.26000213623047,100.76000213623047,4823300
2020-07-21,77.24530792236328,97.4000015258789,99.80999755859375,97.16999816894531,99.80999755859375,8239000
2020-07-22,77.48324584960938,97.69999694824219,98.27999877929688,96.93000030517578,97.80000305175781,4441800
2020-07-23,77.74494934082031,98.02999877929688,98.91999816894531,97.44999694824219,98.23999786376953,5127200
2020-07-24,77.01531982421875,97.11000061035156,98.19000244140625,96.45999908447266,98.05000305175781,5169400
2020-07-27,77.05496215820312,97.16000366210938,97.88999938964844,96.26000213623047,96.3499984741211,5030700
2020-07-28,76.69808959960938,96.70999908447266,97.62000274658203,96.45999908447266,97.0,5941800
2020-07-29,76.9360122680664,97.01000213623047,97.4000015258789,96.63999938964844,96.87000274658203,5512000
2020-07-30,76.166748046875,96.04000091552734,96.73999786376953,95.41000366210938,96.30999755859375,6411500
2020-07-31,75.27055358886719,94.91000366210938,97.25,93.55000305175781,95.54000091552734,14613000
2020-08-03,76.08743286132812,95.94000244140625,97.16999816894531,95.05999755859375,95.19000244140625,6919000
2020-08-04,74.77886199951172,94.29000091552734,96.02999877929688,94.05999755859375,95.91999816894531,7865100
2020-08-05,73.95404815673828,93.25,94.80000305175781,93.12999725341797,94.47000122070312,6918900
2020-08-06,73.41476440429688,92.56999969482422,93.6500015258789,91.77999877929688,93.31999969482422,7269300
2020-08-07,73.69233703613281,92.91999816894531,93.0,92.19999694824219,92.69000244140625,5226600
2020-08-10,73.26409149169922,92.37999725341797,93.66999816894531,92.1500015258789,92.62999725341797,7623600
2020-08-11,73.49407196044922,92.66999816894531,93.29000091552734,92.12999725341797,92.30999755859375,7208400
2020-08-12,75.74638366699219,95.51000213623047,95.58000183105469,93.33000183105469,93.44999694824219,7705600
2020-08-13,75.08815002441406,94.68000030517578,95.5,94.01000213623047,95.13999938964844,6004200
2020-08-14,75.39743041992188,95.06999969482422,95.66999816894531,94.54000091552734,95.37999725341797,5488100
2020-08-17,76.41258239746094,96.3499984741211,97.26000213623047,95.26000213623047,95.29000091552734,7251400
2020-08-18,75.85742950439453,95.6500015258789,96.69999694824219,95.1500015258789,96.62000274658203,4557400
2020-08-19,76.21430969238281,96.0999984741211,97.41999816894531,95.8499984741211,97.11000061035156,7672000
2020-08-20,75.50055694580078,95.19999694824219,96.02999877929688,94.68000030517578,95.48999786376953,6798000
2020-08-21,75.23089599609375,94.86000061035156,95.31999969482422,94.31999969482422,95.19999694824219,5269000
2020-08-24,74.95333099365234,94.51000213623047,95.23999786376953,94.18000030517578,94.9000015258789,4103600
2020-08-25,74.59645080566406,94.05999755859375,94.79000091552734,93.91000366210938,94.20999908447266,6710000
2020-08-26,74.8264389038086,94.3499984741211,94.41000366210938,92.94000244140625,93.5,5682800
2020-08-27,74.78680419921875,94.30000305175781,95.05999755859375,93.66999816894531,94.33000183105469,5271500
2020-08-28,74.68367767333984,94.16999816894531,94.6500015258789,93.52999877929688,94.5199966430664,4938300
2020-08-31,75.95259094238281,95.7699966430664,96.01000213623047,94.01000213623047,94.12000274658203,9932300
2020-09-01,73.15306091308594,92.23999786376953,95.91999816894531,91.29000091552734,95.5199966430664,15783600
2020-09-02,74.50921630859375,93.94999694824219,94.23999786376953,91.9000015258789,92.06999969482422,9139200
2020-09-03,72.859619140625,91.87000274658203,94.30999755859375,91.08999633789062,93.87999725341797,8921900
2020-09-04,72.859619140625,91.87000274658203,93.12999725341797,90.58000183105469,92.08000183105469,9444800
2020-09-08,71.55104064941406,90.22000122070312,91.86000061035156,89.44999694824219,91.5199966430664,8563900
2020-09-09,72.66928100585938,91.62999725341797,92.43000030517578,90.51000213623047,90.86000061035156,5373500
2020-09-10,71.09901428222656,89.6500015258789,91.41000366210938,89.4800033569336,91.06999969482422,10403600
2020-09-11,71.13863372802734,89.69999694824219,90.33999633789062,89.04000091552734,89.80999755859375,8385800
2020-09-14,71.76518249511719,90.48999786376953,91.26000213623047,89.45999908447266,90.05000305175781,5212300
2020-09-15,72.0982666015625,90.91000366210938,91.9800033569336,90.63999938964844,91.4000015258789,3851300
2020-09-16,71.20210266113281,89.77999877929688,91.2699966430664,89.69000244140625,91.0199966430664,6304400
2020-09-17,71.08312225341797,89.62999725341797,90.80999755859375,89.18000030517578,89.30000305175781,5604700
2020-09-18,71.46380615234375,90.11000061035156,90.5,88.86000061035156,89.48999786376953,10076300
2020-09-21,70.65487670898438,89.08999633789062,89.43000030517578,87.16999816894531,89.13999938964844,7328300
2020-09-22,70.26625061035156,88.5999984741211,88.94999694824219,87.93000030517578,88.9000015258789,5306100
2020-09-23,69.10839080810547,87.13999938964844,89.2699966430664,87.12000274658203,89.0,6253000
2020-09-24,68.1329116821289,85.91000366210938,87.0,85.31999969482422,87.0,9980800
2020-09-25,68.38667297363281,86.2300033569336,86.86000061035156,85.45999908447266,86.0,9935600
2020-09-28,69.21941375732422,87.27999877929688,88.19999694824219,86.87000274658203,87.29000091552734,6306900
2020-09-29,68.91010284423828,86.88999938964844,87.27999877929688,86.30999755859375,87.11000061035156,5508900
2020-09-30,69.46526336669922,87.58999633789062,88.44000244140625,86.80999755859375,87.0,8209300
2020-10-01,69.10839080810547,87.13999938964844,88.16999816894531,86.7300033569336,88.16999816894531,8777300
2020-10-02,68.29946899414062,86.12000274658203,87.3499984741211,86.05000305175781,86.5,5554300
2020-10-05,69.73490142822266,87.93000030517578,88.18000030517578,86.20999908447266,86.48999786376953,5984200
2020-10-06,68.11703491210938,85.88999938964844,88.05999755859375,85.70999908447266,87.97000122070312,8743800
2020-10-07,69.05287170410156,87.06999969482422,87.30000305175781,86.02999877929688,86.16000366210938,5899700
2020-10-08,69.26699829101562,87.33999633789062,88.58000183105469,86.91999816894531,87.2699966430664,5535100
2020-10-09,69.55250549316406,87.69999694824219,88.69999694824219,87.3499984741211,87.41000366210938,6005800
2020-10-12,70.04419708251953,88.31999969482422,88.5999984741211,87.31999969482422,88.16999816894531,7314900
2020-10-13,69.65558624267578,87.83000183105469,88.80000305175781,87.47000122070312,88.01000213623047,7851700
2020-10-14,69.18936920166016,86.06999969482422,87.11000061035156,85.9000015258789,86.83000183105469,5863900
2020-10-15,68.51411437988281,85.2300033569336,85.73999786376953,84.95999908447266,85.41000366210938,6190900
2020-10-16,69.35012817382812,86.2699966430664,87.1500015258789,85.76000213623047,85.88999938964844,5358500
2020-10-19,67.7745361328125,84.30999755859375,86.79000091552734,84.12999725341797,86.58999633789062,10288000
2020-10-20,67.72631072998047,84.25,84.83000183105469,83.41999816894531,84.19000244140625,6932100
2020-10-21,66.6330337524414,82.88999938964844,84.13999938964844,82.55999755859375,83.58000183105469,9776900
2020-10-22,67.7745361328125,84.30999755859375,84.88999938964844,82.91999816894531,83.0199966430664,8080100
2020-10-23,67.79865264892578,84.33999633789062,85.1500015258789,83.94000244140625,84.63999938964844,4238700
2020-10-26,67.4610366821289,83.91999816894531,84.31999969482422,82.80999755859375,84.08999633789062,7986300
2020-10-27,66.48833465576172,82.70999908447266,84.26000213623047,82.68000030517578,84.0,6705600
2020-10-28,64.7037353515625,80.48999786376953,82.20999908447266,80.23999786376953,81.3499984741211,11480200
2020-10-29,64.84845733642578,80.66999816894531,81.37000274658203,79.11000061035156,80.5,8876700
2020-10-30,68.40959167480469,85.0999984741211,86.13999938964844,83.0,83.19999694824219,18089100
2020-11-02,70.94181823730469,88.25,88.54000091552734,86.0,86.02999877929688,10781400
2020-11-03,70.70867156982422,87.95999908447266,89.38999938964844,87.43000030517578,89.13999938964844,8518800
2020-11-04,75.96601104736328,94.5,97.48999786376953,92.66999816894531,93.13999938964844,25849000
2020-11-05,75.31488037109375,93.69000244140625,95.5199966430664,93.0,95.36000061035156,8013000
2020-11-06,74.63959503173828,92.8499984741211,93.6500015258789,91.70999908447266,92.9800033569336,7006900
2020-11-09,76.46438598632812,95.12000274658203,96.94999694824219,94.66999816894531,95.73999786376953,11028900
2020-11-10,79.47891235351562,98.87000274658203,99.12999725341797,95.62999725341797,96.01000213623047,12267200
2020-11-11,78.90013885498047,98.1500015258789,99.87000274658203,97.7699966430664,99.1500015258789,9476500
2020-11-12,78.45801544189453,97.5999984741211,97.75,96.27999877929688,97.5,7646600
2020-11-13,79.61559295654297,99.04000091552734,99.55000305175781,97.4000015258789,97.41000366210938,6888600
2020-11-16,79.06895446777344,98.36000061035156,100.54000091552734,98.33000183105469,99.95999908447266,8611300
2020-11-17,79.75225830078125,99.20999908447266,100.26000213623047,98.73999786376953,99.37000274658203,11593500
2020-11-18,79.35835266113281,98.72000122070312,100.29000091552734,98.68000030517578,100.0,8880600
2020-11-19,80.12202453613281,99.66999816894531,100.1500015258789,98.58999633789062,98.76000213623047,7550300
2020-11-20,81.06255340576172,100.83999633789062,101.83000183105469,98.62000274658203,99.94999694824219,9682500
2020-11-23,82.13973999023438,102.18000030517578,102.76000213623047,101.06999969482422,101.94000244140625,7541500
2020-11-24,83.57066345214844,103.95999908447266,104.81999969482422,102.58000183105469,102.87999725341797,9322200
2020-11-25,83.7635726928711,104.19999694824219,104.45999908447266,103.38999938964844,103.81999969482422,6368100
2020-11-27,84.3182373046875,104.88999938964844,105.80000305175781,104.30000305175781,104.9800033569336,4418800
2020-11-30,84.0690689086914,104.58000183105469,105.41999816894531,103.6500015258789,105.12000274658203,20726500
2020-12-01,83.63494110107422,104.04000091552734,106.37999725341797,104.04000091552734,105.05000305175781,7623500
2020-12-02,84.39862060546875,104.98999786376953,105.37999725341797,103.31999969482422,104.0,5492200
2020-12-03,84.19766235351562,104.73999786376953,105.69999694824219,104.30000305175781,105.0,4693600
2020-12-04,86.23950958251953,107.27999877929688,107.30999755859375,105.0199966430664,105.0199966430664,7235800
2020-12-07,85.08192443847656,105.83999633789062,107.20999908447266,104.95999908447266,107.04000091552734,6532500
2020-12-08,86.569091796875,107.69000244140625,108.3499984741211,105.5999984741211,105.69999694824219,6688200
2020-12-09,87.35688781738281,108.66999816894531,109.1500015258789,107.62999725341797,107.9000015258789,7350700
2020-12-10,86.4083251953125,107.48999786376953,109.06999969482422,106.66999816894531,109.05999755859375,6285700
2020-12-11,85.48387145996094,106.33999633789062,107.41999816894531,105.58000183105469,107.01000213623047,5205200
2020-12-14,83.7635726928711,104.19999694824219,108.06999969482422,104.08999633789062,107.43000030517578,8272700
2020-12-15,82.65422821044922,102.81999969482422,105.44999694824219,102.31999969482422,105.44000244140625,12101000
2020-12-16,84.1172866821289,104.63999938964844,105.41000366210938,101.9000015258789,102.5,9182100
2020-12-17,84.3182373046875,104.88999938964844,105.5,104.11000061035156,104.86000061035156,6360600
2020-12-18,83.96453094482422,104.44999694824219,105.05999755859375,103.19999694824219,105.02999877929688,13906800
2020-12-21,83.36967468261719,103.70999908447266,103.91999816894531,101.55000305175781,102.76000213623047,6664600
2020-12-22,82.6381607055664,102.80000305175781,103.5,102.01000213623047,103.41000366210938,4002900
2020-12-23,83.02400970458984,103.27999877929688,103.93000030517578,102.91000366210938,103.05999755859375,3659100
2020-12-24,83.00794982910156,103.26000213623047,103.38999938964844,102.5999984741211,103.11000061035156,1378600
2020-12-28,83.1606674194336,103.44999694824219,103.87999725341797,102.72000122070312,103.6500015258789,3948900
2020-12-29,84.1655044555664,104.69999694824219,105.37000274658203,103.94999694824219,103.94999694824219,5096400
2020-12-30,84.62371826171875,105.2699966430664,106.2300033569336,105.0999984741211,105.11000061035156,5328400
2020-12-31,86.13499450683594,107.1500015258789,107.27999877929688,104.8499984741211,105.26000213623047,6148100
2021-01-04,84.73627471923828,105.41000366210938,107.3499984741211,103.86000061035156,107.18000030517578,9523400
2021-01-05,85.61248016357422,106.5,107.0199966430664,104.62999725341797,105.41000366210938,6823800
2021-01-06,84.87291717529297,105.58000183105469,107.19000244140625,104.18000030517578,104.75,11017500
2021-01-07,85.78131866455078,106.70999908447266,107.05999755859375,105.56999969482422,106.11000061035156,8196000
2021-01-08,86.2314682006836,107.2699966430664,107.52999877929688,105.76000213623047,106.83999633789062,5345900
2021-01-11,87.63825225830078,109.0199966430664,109.55999755859375,107.06999969482422,107.06999969482422,6334200
2021-01-12,88.24919128417969,109.77999877929688,110.77999877929688,109.12000274658203,109.22000122070312,6106900
2021-01-13,90.39552307128906,112.44999694824219,113.41000366210938,109.69999694824219,109.80000305175781,9821300
2021-01-14,90.785888671875,111.62999725341797,112.69000244140625,109.5,110.69999694824219,8268800
2021-01-15,89.88314819335938,110.5199966430664,111.55999755859375,109.4800033569336,111.19999694824219,9196200
2021-01-19,91.23319244384766,112.18000030517578,112.30999755859375,110.26000213623047,111.25,7723800
2021-01-20,91.59103393554688,112.62000274658203,113.0999984741211,111.47000122070312,112.91000366210938,6554600
2021-01-21,90.4849853515625,111.26000213623047,112.75,110.76000213623047,112.62999725341797,5417000
2021-01-22,90.1596908569336,110.86000061035156,111.5999984741211,109.4800033569336,110.6500015258789,5185500
2021-01-25,89.86690521240234,110.5,111.2300033569336,109.20999908447266,109.7300033569336,6928200
2021-01-26,88.48432922363281,108.80000305175781,111.30000305175781,108.55999755859375,111.30000305175781,5554600
2021-01-27,83.59656524658203,102.79000091552734,106.69999694824219,102.58999633789062,106.27999877929688,11887900
2021-01-28,84.75139617919922,104.20999908447266,105.13999938964844,103.11000061035156,104.0,8534300
2021-01-29,83.34442138671875,102.4800033569336,104.48999786376953,101.80999755859375,104.0,9380400
2021-02-01,83.19805145263672,102.30000305175781,103.88999938964844,101.86000061035156,103.0,7518200
2021-02-02,84.14957427978516,103.47000122070312,104.30999755859375,102.5,102.87999725341797,10481300
2021-02-03,86.97978210449219,106.94999694824219,107.56999969482422,104.01000213623047,106.19999694824219,12101900
2021-02-04,88.26473999023438,108.52999877929688,108.87999725341797,105.25,106.87000274658203,9077800
2021-02-05,88.42740631103516,108.7300033569336,110.2699966430664,108.44000244140625,109.62999725341797,7251000
2021-02-08,86.89031982421875,106.83999633789062,108.9800033569336,105.80999755859375,108.88999938964844,9199100
2021-02-09,85.71917724609375,105.4000015258789,106.5,105.11000061035156,106.0,5506900
2021-02-10,84.62127685546875,104.05000305175781,106.12999725341797,103.72000122070312,105.9800033569336,7446000
2021-02-11,84.37728118896484,103.75,104.68000030517578,103.31999969482422,104.56999969482422,5090100
2021-02-12,84.9384536743164,104.44000244140625,104.56999969482422,103.1500015258789,103.76000213623047,3738400
2021-02-16,84.7432632446289,104.19999694824219,106.19000244140625,104.0199966430664,105.33000183105469,5637300
2021-02-17,86.44303131103516,106.29000091552734,106.75,104.1500015258789,104.69999694824219,6940400
2021-02-18,86.2559585571289,106.05999755859375,106.61000061035156,105.20999908447266,105.31999969482422,5386600
2021-02-19,85.40202331542969,105.01000213623047,106.69999694824219,104.91000366210938,106.2300033569336,6702400
2021-02-22,87.0692367553711,107.05999755859375,107.68000030517578,104.2300033569336,104.66000366210938,10272500
2021-02-23,86.42675018310547,106.2699966430664,107.5999984741211,105.95999908447266,106.97000122070312,7058600
2021-02-24,88.3948745727539,108.69000244140625,109.44000244140625,105.5999984741211,106.0,7626200
2021-02-25,87.28883361816406,107.33000183105469,109.30000305175781,107.06999969482422,108.4800033569336,6237600
2021-02-26,87.62223815917969,107.73999786376953,108.58000183105469,105.36000061035156,107.68000030517578,9250000
2021-03-01,88.16714477539062,108.41000366210938,109.20999908447266,108.06999969482422,108.52999877929688,4709500
2021-03-02,87.71170806884766,107.8499984741211,109.37999725341797,107.80999755859375,108.8499984741211,5487000
2021-03-03,86.78461456298828,106.70999908447266,107.13999938964844,105.45999908447266,106.86000061035156,7218700
2021-03-04,85.92251586914062,105.6500015258789,107.75,104.94999694824219,106.5,7503700
2021-03-05,86.77644348144531,106.69999694824219,106.98999786376953,104.06999969482422,106.01000213623047,7277800
2021-03-08,86.2966079711914,106.11000061035156,108.16000366210938,105.80000305175781,106.8499984741211,6049400
2021-03-09,86.84965515136719,106.79000091552734,108.69000244140625,106.44000244140625,106.4800033569336,6857500
2021-03-10,87.8337173461914,108.0,108.36000061035156,107.05000305175781,107.38999938964844,5762600
2021-03-11,87.72798156738281,107.87000274658203,108.62999725341797,107.33999633789062,108.12999725341797,4671400
2021-03-12,88.01262664794922,108.22000122070312,108.58000183105469,107.37000274658203,107.80000305175781,5341200
2021-03-15,89.67172241210938,110.26000213623047,110.36000061035156,108.36000061035156,108.66999816894531,6642200
2021-03-16,90.14341735839844,110.83999633789062,111.08000183105469,109.9000015258789,109.94999694824219,5570200
2021-03-17,85.42640686035156,105.04000091552734,105.08999633789062,102.80000305175781,103.76000213623047,19445600
2021-03-18,84.39354705810547,103.7699966430664,104.98999786376953,103.41999816894531,104.0,8675100
2021-03-19,84.10891723632812,103.41999816894531,104.43000030517578,102.91999816894531,103.93000030517578,10899100
2021-03-22,86.1258316040039,105.9000015258789,106.4000015258789,102.87999725341797,103.5,7627200
2021-03-23,85.26375579833984,104.83999633789062,105.94000244140625,104.51000213623047,105.37000274658203,6111600
2021-03-24,83.81610870361328,103.05999755859375,105.33000183105469,103.05000305175781,104.81999969482422,9420100
2021-03-25,84.4830093383789,103.87999725341797,104.1500015258789,102.05000305175781,102.9000015258789,6281500
2021-03-26,86.19087982177734,105.9800033569336,106.12000274658203,103.83999633789062,103.87000274658203,6596900
2021-03-29,86.80084228515625,106.7300033569336,107.0,105.48999786376953,105.76000213623047,5472700
2021-03-30,86.84965515136719,106.79000091552734,107.02999877929688,105.87000274658203,106.86000061035156,5354100
2021-03-31,88.01262664794922,108.22000122070312,109.18000030517578,106.80000305175781,106.87999725341797,9048000
2021-04-01,88.25660705566406,108.5199966430664,108.9800033569336,107.31999969482422,108.91999816894531,5091700
2021-04-05,86.32100677490234,106.13999938964844,109.08000183105469,105.4000015258789,109.08000183105469,10584400
2021-04-06,85.70294189453125,105.37999725341797,106.27999877929688,104.87999725341797,105.8499984741211,8522500
2021-04-07,85.56466674804688,105.20999908447266,106.12999725341797,104.16999816894531,105.52999877929688,8037300
2021-04-08,86.28849029541016,106.0999984741211,106.91999816894531,105.3499984741211,105.4000015258789,5881800
2021-04-09,87.4596176147461,107.54000091552734,107.72000122070312,106.05000305175781,106.38999938964844,5977500
2021-04-12,88.03702545166016,108.25,108.56999969482422,107.36000061035156,107.81999969482422,5647500
2021-04-13,88.01262664794922,108.22000122070312,108.36000061035156,107.02999877929688,108.02999877929688,6165100
2021-04-14,87.17298889160156,105.9000015258789,106.66999816894531,105.58000183105469,106.22000122070312,7766700
2021-04-15,87.98793029785156,106.88999938964844,106.94999694824219,105.62000274658203,105.98999786376953,5730500
2021-04-16,88.82756805419922,107.91000366210938,108.55000305175781,107.13999938964844,107.48999786376953,8207700
2021-04-19,89.4037857055664,108.61000061035156,108.7300033569336,107.12000274658203,107.97000122070312,4542900
2021-04-20,89.74950408935547,109.02999877929688,109.55999755859375,108.05000305175781,108.12000274658203,5411800
2021-04-21,91.20650482177734,110.80000305175781,111.44000244140625,109.3499984741211,109.79000091552734,6181100
2021-04-22,90.58912658691406,110.05000305175781,111.08999633789062,109.61000061035156,110.6500015258789,5046000
2021-04-23,91.68394470214844,111.37999725341797,111.7699966430664,109.55000305175781,109.70999908447266,4611000
2021-04-26,91.69218444824219,111.38999938964844,112.04000091552734,110.8499984741211,111.55999755859375,5202300
2021-04-27,91.73333740234375,111.44000244140625,111.8499984741211,110.58000183105469,111.25,3522900
2021-04-28,92.13667297363281,111.93000030517578,112.56999969482422,111.31999969482422,111.68000030517578,5116000
2021-04-29,91.28060913085938,110.88999938964844,112.61000061035156,110.33000183105469,112.37999725341797,6766700
2021-04-30,91.78271484375,111.5,112.30999755859375,110.11000061035156,111.47000122070312,10575400
2021-05-03,94.40038299560547,114.68000030517578,115.0999984741211,111.58999633789062,112.4000015258789,9138200
2021-05-04,93.75830078125,113.9000015258789,115.94000244140625,113.05000305175781,114.62000274658203,8151400
2021-05-05,95.30584716796875,115.77999877929688,116.27999877929688,113.94999694824219,114.30999755859375,7021400
2021-05-06,95.55280303955078,116.08000183105469,116.18000030517578,114.16000366210938,115.0,5803800
2021-05-07,95.28117370605469,115.75,116.93000030517578,114.95999908447266,116.37999725341797,6808200
2021-05-10,95.66803741455078,116.22000122070312,117.19999694824219,115.97000122070312,116.37999725341797,7093300
2021-05-11,94.57322692871094,114.88999938964844,116.56999969482422,114.37999725341797,115.4800033569336,5784600
2021-05-12,94.630859375,114.95999908447266,116.0,114.44000244140625,114.8499984741211,6208300
2021-05-13,95.98084259033203,116.5999984741211,117.19999694824219,115.01000213623047,115.55000305175781,6558200
2021-05-14,95.84092712402344,116.43000030517578,117.58999633789062,116.37999725341797,117.36000061035156,6268500
2021-05-17,96.21955871582031,116.88999938964844,117.70999908447266,116.55999755859375,116.7699966430664,6183200
2021-05-18,96.48298645019531,117.20999908447266,117.9000015258789,115.31999969482422,116.11000061035156,8174900
2021-05-19,95.36349487304688,115.8499984741211,116.5,114.37999725341797,116.45999908447266,6433600
2021-05-20,96.4006576538086,117.11000061035156,117.33999633789062,115.12000274658203,115.33999633789062,5526100
2021-05-21,95.58573913574219,116.12000274658203,118.27999877929688,116.05999755859375,117.5199966430664,5577800
2021-05-24,95.4128646850586,115.91000366210938,116.80999755859375,115.58999633789062,116.58999633789062,4821300
2021-05-25,94.30158996582031,114.55999755859375,116.0,114.19000244140625,115.97000122070312,6574200
2021-05-26,94.41683197021484,114.69999694824219,114.73999786376953,113.76000213623047,114.52999877929688,5802600
2021-05-27,92.45772552490234,112.31999969482422,115.19999694824219,112.0199966430664,115.12000274658203,26406000
2021-05-28,93.18209838867188,113.19999694824219,114.4800033569336,112.86000061035156,113.33000183105469,7104300
2021-06-01,92.3671646118164,112.20999908447266,113.98999786376953,112.04000091552734,113.69999694824219,6846200
2021-06-02,91.70040893554688,111.4000015258789,112.66000366210938,110.8499984741211,112.41000366210938,8100700
2021-06-03,92.3671646118164,112.20999908447266,112.41000366210938,110.6500015258789,111.12000274658203,6286100
2021-06-04,92.49063110351562,112.36000061035156,113.11000061035156,112.16000366210938,112.4000015258789,4255400
2021-06-07,93.02569580078125,113.01000213623047,114.11000061035156,112.33000183105469,112.70999908447266,5570100
2021-06-08,92.47417449951172,112.33999633789062,113.08999633789062,111.81999969482422,112.68000030517578,4114200
2021-06-09,93.84061431884766,114.0,114.41999816894531,112.73999786376953,112.87999725341797,4884000
2021-06-10,95.68450164794922,116.23999786376953,116.98999786376953,114.1500015258789,114.36000061035156,6263800
2021-06-11,95.00953674316406,115.41999816894531,116.36000061035156,114.87000274658203,116.23999786376953,4471400
2021-06-14,94.9930419921875,115.4000015258789,115.4800033569336,114.19000244140625,115.06999969482422,4427600
2021-06-15,95.3470230102539,115.83000183105469,115.94000244140625,114.5199966430664,115.36000061035156,3590500
2021-06-16,95.10008239746094,115.52999877929688,116.52999877929688,115.16999816894531,116.22000122070312,6670200
2021-06-17,94.58145904541016,114.9000015258789,115.88999938964844,114.02999877929688,114.9800033569336,4172300
2021-06-18,93.11625671386719,113.12000274658203,114.19999694824219,113.05000305175781,113.63999938964844,7415400
2021-06-21,94.4415283203125,114.7300033569336,115.25,112.7699966430664,113.69000244140625,4666100
2021-06-22,94.41683197021484,114.69999694824219,115.27999877929688,113.87999725341797,114.48999786376953,4359900
2021-06-23,93.84061431884766,114.0,115.02999877929688,113.94999694824219,114.55000305175781,3837300
2021-06-24,94.44977569580078,114.73999786376953,116.19000244140625,114.26000213623047,114.41999816894531,7712300
2021-06-25,93.00099182128906,112.9800033569336,113.58999633789062,112.13999938964844,112.9000015258789,11709400
2021-06-28,93.0174789428711,113.0,114.11000061035156,112.83999633789062,113.26000213623047,5141800
2021-06-29,92.44124603271484,112.30000305175781,112.75,111.61000061035156,112.6500015258789,5795100
2021-06-30,92.72110748291016,112.63999938964844,112.91999816894531,111.62999725341797,112.20999908447266,5042600
2021-07-01,94.05464935302734,114.26000213623047,114.55000305175781,112.88999938964844,112.94999694824219,5306900
2021-07-02,94.8037109375,115.16999816894531,115.48999786376953,113.88999938964844,114.5199966430664,5719500
2021-07-06,95.26469421386719,115.7300033569336,115.9000015258789,114.7699966430664,115.16999816894531,7172100
2021-07-07,96.10431671142578,116.75,116.97000122070312,115.30999755859375,115.91000366210938,6695100
2021-07-08,95.77503967285156,116.3499984741211,116.80999755859375,115.68000030517578,115.76000213623047,3948800
2021-07-09,95.9643783569336,116.58000183105469,117.33000183105469,116.11000061035156,116.30000305175781,4823400
2021-07-12,96.82870483398438,117.62999725341797,118.3499984741211,116.62000274658203,116.80000305175781,8148400
2021-07-13,97.05918884277344,117.91000366210938,118.08999633789062,116.69000244140625,117.58999633789062,6540300
2021-07-14,97.68345642089844,117.36000061035156,117.55000305175781,116.38999938964844,116.87000274658203,6543400
2021-07-15,97.53363037109375,117.18000030517578,117.48999786376953,115.75,116.80999755859375,4544600
2021-07-16,97.79998779296875,117.5,118.33000183105469,116.91999816894531,117.91000366210938,6826100
2021-07-19,96.06871795654297,115.41999816894531,117.0,113.73999786376953,116.66999816894531,6762000
2021-07-20,96.59309387207031,116.05000305175781,117.7300033569336,115.45999908447266,115.55000305175781,5581400
2021-07-21,97.37548065185547,116.98999786376953,117.06999969482422,115.79000091552734,116.63999938964844,4133800
2021-07-22,97.833251953125,117.54000091552734,117.91000366210938,116.38999938964844,116.63999938964844,6257000
2021-07-23,98.37429809570312,118.19000244140625,118.66999816894531,117.56999969482422,117.9800033569336,4411100
2021-07-26,98.04134368896484,117.79000091552734,118.47000122070312,117.2699966430664,118.12999725341797,3730100
2021-07-27,98.18285369873047,117.95999908447266,118.30000305175781,116.76000213623047,117.79000091552734,3773100
2021-07-28,98.67394256591797,118.55000305175781,118.93000030517578,117.30000305175781,117.62999725341797,5650400
2021-07-29,98.9402847290039,118.87000274658203,119.12999725341797,118.1500015258789,119.02999877929688,4632200
2021-07-30,96.80117797851562,116.30000305175781,119.1500015258789,116.12000274658203,119.0,9017200
2021-08-02,96.09366607666016,115.44999694824219,117.23999786376953,115.41000366210938,116.88999938964844,9245500
2021-08-03,96.75955200195312,116.25,116.30999755859375,114.88999938964844,115.66999816894531,5902700
2021-08-04,95.78570556640625,115.08000183105469,116.5199966430664,114.91000366210938,115.77999877929688,4602000
2021-08-05,95.81900787353516,115.12000274658203,115.55999755859375,114.44999694824219,115.12999725341797,5132400
2021-08-06,95.2613525390625,114.44999694824219,115.55000305175781,114.43000030517578,115.26000213623047,5340400
2021-08-09,94.93672943115234,114.05999755859375,115.19000244140625,113.73999786376953,114.58000183105469,5277900
2021-08-10,95.56932067871094,114.81999969482422,115.02999877929688,112.91999816894531,114.19999694824219,5120800
2021-08-11,94.65373229980469,113.72000122070312,115.33999633789062,113.55000305175781,115.16000366210938,6840400
2021-08-12,96.25182342529297,115.63999938964844,115.7300033569336,113.91000366210938,113.95999908447266,4863600
2021-08-13,96.95099639892578,116.4800033569336,116.76000213623047,115.69999694824219,115.81999969482422,4416400
2021-08-16,98.55741119384766,118.41000366210938,118.62000274658203,116.70999908447266,117.0,8180500
2021-08-17,99.59783172607422,119.66000366210938,119.73999786376953,118.0,118.08000183105469,6551700
2021-08-18,97.62519073486328,117.29000091552734,119.91999816894531,117.18000030517578,119.16999816894531,5586900
2021-08-19,98.15788269042969,117.93000030517578,118.95999908447266,116.20999908447266,116.20999908447266,6145200
2021-08-20,98.89866638183594,118.81999969482422,119.47000122070312,117.6500015258789,118.0999984741211,4112500
2021-08-23,99.34812927246094,119.36000061035156,120.44999694824219,119.22000122070312,119.80000305175781,4748300
2021-08-24,99.61449432373047,119.68000030517578,119.72000122070312,118.41999816894531,119.72000122070312,3831500
2021-08-25,100.21377563476562,120.4000015258789,121.4000015258789,118.87000274658203,119.86000061035156,5241100
2021-08-26,100.21377563476562,120.4000015258789,121.25,120.1500015258789,120.86000061035156,5035400
2021-08-27,99.53125,119.58000183105469,120.63999938964844,119.41999816894531,120.33999633789062,4279900
2021-08-30,100.35525512695312,120.56999969482422,120.9000015258789,119.54000091552734,119.83999633789062,3260900
2021-08-31,100.5300521850586,120.77999877929688,121.16999816894531,120.02999877929688,120.83000183105469,6021800
2021-09-01,93.44683074951172,112.2699966430664,121.52999877929688,106.0999984741211,121.0,50943200
2021-09-02,93.23875427246094,112.0199966430664,113.73999786376953,110.81999969482422,113.55000305175781,14719200
2021-09-03,92.90581512451172,111.62000274658203,112.06999969482422,111.0199966430664,111.18000030517578,5364800
2021-09-07,90.75005340576172,109.02999877929688,111.56999969482422,108.31999969482422,110.44999694824219,12694200
2021-09-08,91.85707092285156,110.36000061035156,110.9000015258789,107.72000122070312,108.05999755859375,10823200
2021-09-09,89.28514099121094,107.2699966430664,109.73999786376953,107.19999694824219,109.44000244140625,10337100
2021-09-10,88.79407501220703,106.68000030517578,108.31999969482422,106.36000061035156,107.4800033569336,7620100
2021-09-13,89.45993041992188,107.4800033569336,108.7699966430664,106.80999755859375,107.38999938964844,7398900
2021-09-14,88.62760162353516,106.4800033569336,108.06999969482422,106.25,107.98999786376953,6102700
2021-09-15,89.70130920410156,107.7699966430664,108.80000305175781,106.02999877929688,106.58999633789062,7444300
2021-09-16,89.95933532714844,108.08000183105469,108.75,106.52999877929688,108.23999786376953,5821800
2021-09-17,89.66800689697266,107.7300033569336,108.25,107.0999984741211,107.5,14157200
2021-09-20,88.5610122680664,106.4000015258789,107.48999786376953,105.55999755859375,106.0999984741211,7103400
2021-09-21,89.18525695800781,107.1500015258789,107.41000366210938,106.19999694824219,106.25,6400400
2021-09-22,88.56932830810547,106.41000366210938,107.58000183105469,105.93000030517578,107.01000213623047,6319100
2021-09-23,89.36004638671875,107.36000061035156,108.2699966430664,106.6500015258789,106.98999786376953,5847800
2021-09-24,89.11866760253906,107.06999969482422,108.05000305175781,106.44000244140625,106.87000274658203,5836100
2021-09-27,89.6596908569336,107.72000122070312,108.63999938964844,107.0199966430664,107.12999725341797,4969600
2021-09-28,89.34339141845703,107.33999633789062,108.62000274658203,107.04000091552734,107.62000274658203,6445600
2021-09-29,90.59190368652344,108.83999633789062,109.58000183105469,107.4800033569336,107.8499984741211,6270100
2021-09-30,89.7845458984375,107.87000274658203,110.41999816894531,107.77999877929688,109.19999694824219,7886400
2021-10-01,90.80000305175781,109.08999633789062,109.69000244140625,106.87000274658203,108.25,8611500
2021-10-04,90.5003662109375,108.7300033569336,110.19999694824219,107.69000244140625,108.83999633789062,9779200
2021-10-05,91.14957427978516,109.51000213623047,110.58000183105469,109.0999984741211,109.38999938964844,7146900
2021-10-06,90.99142456054688,109.31999969482422,109.66999816894531,108.1500015258789,109.30000305175781,5710300
2021-10-07,92.28154754638672,110.87000274658203,111.79000091552734,109.55999755859375,109.77999877929688,7842600
2021-10-08,92.53960418701172,111.18000030517578,111.75,110.63999938964844,111.05000305175781,5019800
2021-10-11,91.84041595458984,110.33999633789062,111.4000015258789,110.27999877929688,111.13999938964844,4613800
2021-10-12,90.36717987060547,108.56999969482422,110.26000213623047,108.16000366210938,110.12000274658203,6305800
2021-10-13,90.33389282226562,108.52999877929688,109.04000091552734,108.0,108.58999633789062,5471100
2021-10-14,91.74917602539062,108.91000366210938,108.98999786376953,107.80000305175781,107.95999908447266,7289500
2021-10-15,92.10297393798828,109.33000183105469,109.95999908447266,109.08000183105469,109.1500015258789,4634500
2021-10-18,90.50237274169922,107.43000030517578,108.98999786376953,107.08999633789062,108.98999786376953,7949400
2021-10-19,90.51921844482422,107.44999694824219,108.06999969482422,106.86000061035156,107.75,4614900
2021-10-20,91.32794189453125,108.41000366210938,109.11000061035156,107.5,107.5,5626800
2021-10-21,91.622802734375,108.76000213623047,108.94999694824219,107.1500015258789,108.41000366210938,4811800
2021-10-22,91.94292449951172,109.13999938964844,109.22000122070312,108.30999755859375,108.66999816894531,4614400
2021-10-25,91.40377807617188,108.5,109.13999938964844,107.75,109.08000183105469,5697400
2021-10-26,92.23777770996094,109.48999786376953,109.58000183105469,108.19999694824219,108.80999755859375,5047400
2021-10-27,91.31952667236328,108.4000015258789,109.72000122070312,108.16999816894531,109.58000183105469,4875300
2021-10-28,92.38941192626953,109.66999816894531,109.9000015258789,108.19999694824219,108.38999938964844,5193300
2021-10-29,96.6015853881836,114.66999816894531,114.91999816894531,111.41999816894531,112.08999633789062,16545000
2021-11-01,96.71951293945312,114.80999755859375,115.72000122070312,113.56999969482422,115.25,7096800
2021-11-02,98.16849517822266,116.52999877929688,117.69000244140625,115.16000366210938,115.25,10357800
2021-11-03,99.04463195800781,117.56999969482422,117.61000061035156,116.23999786376953,116.52999877929688,6186900
2021-11-04,98.61498260498047,117.05999755859375,117.72000122070312,116.33000183105469,117.56999969482422,4912200
2021-11-05,98.7160873413086,117.18000030517578,117.31999969482422,115.5,116.7300033569336,4635800
2021-11-08,97.77255249023438,116.05999755859375,117.44999694824219,115.77999877929688,117.19999694824219,7015000
2021-11-09,97.39346313476562,115.61000061035156,116.58999633789062,115.41000366210938,116.23999786376953,3146800
2021-11-10,98.35382843017578,116.75,117.0999984741211,115.38999938964844,115.4000015258789,4981100
2021-11-11,98.25273895263672,116.62999725341797,117.48999786376953,116.29000091552734,116.94000244140625,3120900
2021-11-12,98.53915405273438,116.97000122070312,117.4000015258789,116.43000030517578,117.4000015258789,2740300
2021-11-15,98.42965698242188,116.83999633789062,117.80000305175781,116.22000122070312,116.94999694824219,3941000
2021-11-16,98.07581329345703,116.41999816894531,117.47000122070312,116.33999633789062,116.61000061035156,3476400
2021-11-17,98.85928344726562,117.3499984741211,117.62000274658203,116.25,116.5999984741211,4361500
2021-11-18,98.6234130859375,117.06999969482422,118.37000274658203,116.63999938964844,117.41000366210938,3160300
2021-11-19,97.92420196533203,116.23999786376953,117.80000305175781,115.86000061035156,117.62999725341797,5885800
2021-11-22,97.4271469116211,115.6500015258789,117.33999633789062,115.01000213623047,115.94999694824219,3975800
2021-11-23,100.1482162475586,118.87999725341797,119.33000183105469,116.1500015258789,116.55999755859375,8948300
2021-11-24,99.962890625,118.66000366210938,119.23999786376953,118.08000183105469,118.68000030517578,5792800
2021-11-26,98.15165710449219,116.51000213623047,118.11000061035156,115.83000183105469,117.61000061035156,5016700
2021-11-29,98.47177124023438,116.88999938964844,117.91999816894531,116.58000183105469,116.83000183105469,4372500
2021-11-30,97.11544799804688,115.27999877929688,116.79000091552734,115.0999984741211,116.68000030517578,8172100
2021-12-01,97.64618682861328,115.91000366210938,118.9800033569336,115.61000061035156,115.77999877929688,6287500
2021-12-02,98.45492553710938,116.87000274658203,117.5999984741211,115.5999984741211,116.25,4919800
2021-12-03,100.12294006347656,118.8499984741211,119.0,117.0,117.73999786376953,6428100
2021-12-06,102.22901916503906,121.3499984741211,122.44999694824219,119.20999908447266,119.62999725341797,8939900
2021-12-07,102.36380004882812,121.51000213623047,122.13999938964844,121.0,121.9800033569336,6123300
2021-12-08,102.66707611083984,121.87000274658203,122.44000244140625,120.75,121.95999908447266,5278100
2021-12-09,104.58781433105469,124.1500015258789,124.45999908447266,122.0999984741211,122.20999908447266,8082300
2021-12-10,105.69983673095703,125.47000122070312,126.01000213623047,123.72000122070312,123.72000122070312,7059500
2021-12-13,106.57595825195312,126.51000213623047,127.73999786376953,125.19999694824219,125.19999694824219,7834200
2021-12-14,107.2330551147461,127.29000091552734,127.8499984741211,125.37999725341797,125.69999694824219,6381400
2021-12-15,109.70980834960938,130.22999572753906,130.77999877929688,127.5999984741211,128.25,9585600
2021-12-16,111.01557922363281,131.77999877929688,133.27999877929688,129.91000366210938,130.10000610351562,9569000
2021-12-17,109.12010955810547,129.52999877929688,131.02000427246094,129.3699951171875,130.83999633789062,12631100
2021-12-20,110.24055480957031,130.86000061035156,131.38999938964844,128.22999572753906,128.50999450683594,7119200
2021-12-21,109.47393035888672,129.9499969482422,131.35000610351562,129.14999389648438,131.22999572753906,6085900
2021-12-22,111.2430191040039,132.0500030517578,132.5800018310547,129.77999877929688,129.91000366210938,7070900
2021-12-23,112.1191635131836,133.08999633789062,133.77000427246094,132.1699981689453,132.3300018310547,5702300
2021-12-27,113.2311782836914,134.41000366210938,134.47999572753906,133.16000366210938,133.19000244140625,4436800
2021-12-28,113.21430206298828,134.38999938964844,135.25999450683594,133.74000549316406,134.5500030517578,4237200
2021-12-29,114.03145599365234,135.36000061035156,135.8699951171875,134.0800018310547,134.61000061035156,5594300
2021-12-30,114.51166534423828,135.92999267578125,136.8300018310547,135.6300048828125,135.75,6354300
2021-12-31,114.0651626586914,135.39999389648438,136.2100067138672,135.3000030517578,136.0399932861328,3963400
2022-01-03,114.08201599121094,135.4199981689453,135.6999969482422,133.50999450683594,135.41000366210938,6839800
2022-01-04,113.86298370361328,135.16000366210938,136.22000122070312,134.3800048828125,135.3300018310547,6298300
2022-01-05,114.46110534667969,135.8699951171875,138.14999389648438,135.0,135.0,7724900
2022-01-06,113.92193603515625,135.22999572753906,136.66000366210938,135.16000366210938,136.39999389648438,4667000
2022-01-07,113.62712097167969,134.8800048828125,135.83999633789062,134.1300048828125,135.25,8630300
2022-01-10,114.89918518066406,136.38999938964844,136.89999389648438,134.57000732421875,135.0800018310547,9794400
2022-01-11,115.38777923583984,136.97000122070312,137.08999633789062,134.8000030517578,135.85000610351562,7159400
2022-01-12,115.65737915039062,137.2899932861328,137.38999938964844,136.02999877929688,136.52000427246094,6589300
2022-01-13,113.64861297607422,133.52000427246094,135.1199951171875,132.89999389648438,135.0,8386400
2022-01-14,115.64884948730469,135.8699951171875,136.0500030517578,132.2899932861328,133.35000610351562,10484500
2022-01-18,116.42341613769531,136.77999877929688,137.97999572753906,135.27999877929688,135.50999450683594,12341900
2022-01-19,115.08706665039062,135.2100067138672,137.5,134.83999633789062,136.41000366210938,6196700
2022-01-20,113.2315444946289,133.02999877929688,134.8000030517578,132.75,134.5,6612800
2022-01-21,112.3377914428711,131.97999572753906,134.25,131.6699981689453,133.05999755859375,7583000
2022-01-24,112.49101257324219,132.16000366210938,133.25,128.25999450683594,132.82000732421875,13733800
2022-01-25,113.2825927734375,133.08999633789062,134.32000732421875,130.7899932861328,131.49000549316406,10296500
2022-01-26,114.25291442871094,134.22999572753906,135.47999572753906,132.8300018310547,133.2899932861328,8040300
2022-01-27,115.73397064208984,135.97000122070312,138.3000030517578,135.36000061035156,135.5,8869100
2022-01-28,117.39376831054688,137.9199981689453,137.97999572753906,134.60000610351562,135.99000549316406,8014400
2022-01-31,116.51705932617188,136.88999938964844,137.1699981689453,135.6199951171875,136.82000732421875,10300000
2022-02-01,116.61067962646484,137.0,137.83999633789062,136.0399932861328,137.3699951171875,7413900
2022-02-02,117.98958587646484,138.6199951171875,139.41000366210938,133.0500030517578,135.41000366210938,11363100
2022-02-03,119.78551483154297,140.72999572753906,141.7100067138672,139.0399932861328,139.5,10272700
2022-02-04,119.71746826171875,140.64999389648438,142.8000030517578,139.22999572753906,140.14999389648438,6921500
2022-02-07,121.31766510009766,142.52999877929688,143.00999450683594,140.3300018310547,141.1699981689453,9597800
2022-02-08,122.1518325805664,143.50999450683594,143.60000610351562,141.25,142.02999877929688,7559500
2022-02-09,121.887939453125,143.1999969482422,143.97999572753906,142.83999633789062,143.97999572753906,5989100
2022-02-10,121.47087097167969,142.7100067138672,144.4199981689453,142.30999755859375,143.14999389648438,7333400
2022-02-11,120.87508392333984,142.00999450683594,143.61000061035156,141.5399932861328,142.86000061035156,6475200
2022-02-14,121.71772003173828,143.0,143.19000244140625,139.44000244140625,141.77999877929688,9931900
2022-02-15,123.21576690673828,144.75999450683594,145.4600067138672,143.1999969482422,143.35000610351562,9530100
2022-02-16,124.16056823730469,145.8699951171875,147.22000122070312,144.16000366210938,144.74000549316406,8028900
2022-02-17,123.39452362060547,144.97000122070312,145.47000122070312,143.5800018310547,144.8000030517578,5486600
2022-02-18,122.59439849853516,144.02999877929688,145.72999572753906,143.3699951171875,144.69000244140625,7585900
2022-02-22,123.89673614501953,145.55999755859375,146.35000610351562,141.25,141.25,11576800
2022-02-23,124.91812896728516,146.75999450683594,148.35000610351562,145.36000061035156,146.22000122070312,9271000
2022-02-24,123.64990997314453,145.27000427246094,145.6999969482422,143.47000122070312,143.61000061035156,12070200
2022-02-25,127.28437805175781,149.5399932861328,150.36000061035156,146.0500030517578,146.1300048828125,8320700
2022-02-28,125.77781677246094,147.77000427246094,148.0800018310547,145.75999450683594,146.64999389648438,11090600
2022-03-01,125.70970916748047,147.69000244140625,149.5,146.2100067138672,147.6699981689453,7489900
2022-03-02,127.30992889404297,149.57000732421875,151.25,147.22000122070312,147.6999969482422,8247200
2022-03-03,128.02491760253906,150.41000366210938,150.7899932861328,148.85000610351562,149.80999755859375,5408400
2022-03-04,128.15257263183594,150.55999755859375,150.67999267578125,148.10000610351562,148.60000610351562,5389500
2022-03-07,127.20777130126953,149.4499969482422,150.75,148.19000244140625,149.0,7137700
2022-03-08,125.2500991821289,147.14999389648438,149.88999938964844,146.36000061035156,149.0,8817500
2022-03-09,126.6885757446289,148.83999633789062,150.11000061035156,147.75999450683594,148.25999450683594,5368900
2022-03-10,126.96946716308594,149.1699981689453,149.75,147.6999969482422,148.07000732421875,4635700
2022-03-11,126.87581634521484,149.05999755859375,150.39999389648438,148.97999572753906,149.33999633789062,5171400
2022-03-14,129.46339416503906,152.10000610351562,152.97000122070312,149.02000427246094,150.72999572753906,8647200
2022-03-15,132.68084716796875,155.8800048828125,156.42999267578125,152.16000366210938,152.25999450683594,8384300
2022-03-16,132.8255157470703,156.0500030517578,156.82000732421875,153.52000427246094,156.5,7178900
2022-03-17,134.98753356933594,158.58999633789062,158.61000061035156,156.2100067138672,157.1699981689453,7227900
2022-03-18,135.50669860839844,159.1999969482422,159.44000244140625,157.13999938964844,158.0,9912800
2022-03-21,136.23020935058594,160.0500030517578,160.9499969482422,158.99000549316406,159.9499969482422,5825000
2022-03-22,136.1961669921875,160.00999450683594,160.3000030517578,158.02000427246094,160.0500030517578,5756600
2022-03-23,134.84278869628906,158.4199981689453,161.17999267578125,158.36000061035156,160.00999450683594,6300600
2022-03-24,136.42596435546875,160.27999877929688,160.72999572753906,158.85000610351562,159.22000122070312,4638100
2022-03-25,137.3197021484375,161.3300018310547,161.97999572753906,160.22999572753906,160.5500030517578,5129400
2022-03-28,137.86448669433594,161.97000122070312,162.02999877929688,159.52999877929688,160.61000061035156,4516500
2022-03-29,138.043212890625,162.17999267578125,163.27999877929688,161.2899932861328,162.99000549316406,6154100
2022-03-30,139.3795623779297,163.75,164.35000610351562,161.72000122070312,161.72000122070312,5151800
2022-03-31,137.983642578125,162.11000061035156,164.66000366210938,162.10000610351562,162.92999267578125,8670100
2022-04-01,138.4687957763672,162.67999267578125,163.07000732421875,160.10000610351562,162.14999389648438,5703300
2022-04-04,137.79638671875,161.88999938964844,163.83999633789062,161.4600067138672,162.5,6892400
2022-04-05,139.10719299316406,163.42999267578125,165.9600067138672,161.83999633789062,161.88999938964844,6683300
2022-04-06,143.7716064453125,168.91000366210938,169.27000427246094,163.8000030517578,164.49000549316406,8810800
2022-04-07,147.49124145507812,173.27999877929688,174.58999633789062,167.5399932861328,167.6699981689453,7469000
2022-04-08,148.9212188720703,174.9600067138672,175.91000366210938,172.5,173.0,7204200
2022-04-11,144.5546875,169.8300018310547,175.0399932861328,169.32000732421875,174.89999389648438,8163200
2022-04-12,142.4097137451172,167.30999755859375,170.55999755859375,166.2100067138672,169.30999755859375,8279700
2022-04-13,136.44378662109375,158.9499969482422,165.0,156.4499969482422,165.0,18312600
2022-04-14,139.32806396484375,162.30999755859375,163.8699951171875,156.82000732421875,157.85000610351562,11074800
2022-04-18,136.79574584960938,159.36000061035156,162.7899932861328,158.75,161.9600067138672,6500200
2022-04-19,134.2119140625,156.35000610351562,160.5,153.7100067138672,160.39999389648438,9359900
2022-04-20,134.5123748779297,156.6999969482422,158.10000610351562,155.52000427246094,156.36000061035156,6250000
2022-04-21,136.07467651367188,158.52000427246094,160.3800048828125,155.35000610351562,157.0,7903300
2022-04-22,133.04449462890625,154.99000549316406,158.32000732421875,154.33999633789062,157.27999877929688,7938300
2022-04-25,134.1690216064453,156.3000030517578,156.63999938964844,152.83999633789062,154.83999633789062,6932600
2022-04-26,134.0659942626953,156.17999267578125,159.69000244140625,155.82000732421875,156.44000244140625,6787800
2022-04-27,135.3020782470703,157.6199951171875,159.5,154.55999755859375,156.55999755859375,6039100
2022-04-28,134.17759704589844,156.30999755859375,158.44000244140625,154.33999633789062,158.36000061035156,7465000
2022-04-29,126.08283233642578,146.8800048828125,149.86000061035156,139.92999267578125,149.55999755859375,25155900
2022-05-02,126.93263244628906,147.8699951171875,148.89999389648438,143.44000244140625,146.64999389648438,9690800
2022-05-03,128.41770935058594,149.60000610351562,150.74000549316406,147.9499969482422,148.0500030517578,6163400
2022-05-04,130.12591552734375,151.58999633789062,152.3699951171875,147.58999633789062,148.17999267578125,5791500
2022-05-05,130.63233947753906,152.17999267578125,153.32000732421875,150.0399932861328,152.77000427246094,6869300
2022-05-06,131.19032287597656,152.8300018310547,153.52000427246094,149.00999450683594,149.67999267578125,6145600
2022-05-09,129.58514404296875,150.9600067138672,153.5399932861328,148.92999267578125,151.6199951171875,6969000
2022-05-10,130.55516052246094,152.08999633789062,154.52999877929688,150.50999450683594,151.27000427246094,6525200
2022-05-11,130.44351196289062,151.9600067138672,154.75999450683594,150.94000244140625,151.02000427246094,5630000
2022-05-12,132.44361877441406,154.2899932861328,154.35000610351562,150.14999389648438,153.3800048828125,6914800
2022-05-13,131.76547241210938,153.5,154.38999938964844,151.89999389648438,153.4199981689453,6398500
2022-05-16,133.45652770996094,155.47000122070312,156.88999938964844,153.27000427246094,153.92999267578125,6565600
2022-05-17,132.8642120361328,154.77999877929688,155.7899932861328,152.85000610351562,155.3800048828125,6032200
2022-05-18,130.84698486328125,152.42999267578125,155.6999969482422,151.75,154.7899932861328,6498100
2022-05-19,130.2375030517578,151.72000122070312,152.39999389648438,149.27999877929688,151.1999969482422,5994800
2022-05-20,129.62806701660156,151.00999450683594,153.52000427246094,147.80999755859375,152.3300018310547,6746400
2022-05-23,127.06999206542969,148.02999877929688,152.0,147.19000244140625,151.64999389648438,6886400
2022-05-24,127.99706268310547,149.11000061035156,151.35000610351562,146.61000061035156,147.02999877929688,6367200
2022-05-25,130.44351196289062,151.9600067138672,152.99000549316406,149.7899932861328,150.36000061035156,5042600
2022-05-26,129.2503204345703,150.57000732421875,153.07000732421875,150.38999938964844,151.6300048828125,6659300
2022-05-27,128.7610626220703,150.0,150.0500030517578,147.75,149.52000427246094,8405000
2022-05-31,126.50346374511719,147.3699951171875,148.8800048828125,146.6699981689453,148.63999938964844,11227800
2022-06-01,125.34459686279297,146.02000427246094,147.88999938964844,144.32000732421875,147.7899932861328,5597900
2022-06-02,125.9712142944336,146.75,147.07000732421875,142.89999389648438,146.64999389648438,5998900
2022-06-03,126.33174133300781,147.1699981689453,148.2100067138672,146.75,146.75,4891800
2022-06-06,125.78239440917969,146.52999877929688,147.82000732421875,145.66000366210938,147.0,3912400
2022-06-07,128.02284240722656,149.13999938964844,149.35000610351562,145.8699951171875,146.9199981689453,4991200
2022-06-08,128.11727905273438,149.25,149.85000610351562,148.25,148.89999389648438,4835200
2022-06-09,124.83814239501953,145.42999267578125,150.52000427246094,145.3000030517578,149.72000122070312,5642900
2022-06-10,122.92388916015625,143.1999969482422,144.6300048828125,142.14999389648438,144.33999633789062,5464700
2022-06-13,119.6791000366211,139.4199981689453,142.07000732421875,138.77999877929688,140.86000061035156,5997000
2022-06-14,118.13399505615234,137.6199951171875,140.66000366210938,136.32000732421875,139.44000244140625,5861800
2022-06-15,118.53743743896484,138.08999633789062,139.08999633789062,136.22999572753906,136.57000732421875,5981800
2022-06-16,119.44731140136719,139.14999389648438,139.2899932861328,135.75999450683594,136.5399932861328,6963400
2022-06-17,118.70051574707031,138.27999877929688,139.52999877929688,137.19000244140625,137.60000610351562,10429900
2022-06-21,123.1556396484375,143.47000122070312,143.97000122070312,139.6999969482422,139.9499969482422,7160500
2022-06-22,126.66648864746094,147.55999755859375,150.10000610351562,143.61000061035156,143.72000122070312,7995700
2022-06-23,128.28897094726562,149.4499969482422,150.8000030517578,147.5399932861328,148.72000122070312,7795000
2022-06-24,130.76971435546875,152.33999633789062,152.74000549316406,149.6199951171875,150.88999938964844,8527600
2022-06-27,131.45645141601562,153.13999938964844,155.4499969482422,152.75,153.0,5377300
2022-06-28,130.89849853515625,152.49000549316406,155.1199951171875,151.38999938964844,153.1699981689453,5735700
2022-06-29,132.3148651123047,154.13999938964844,156.6199951171875,153.35000610351562,153.89999389648438,6140900
2022-06-30,131.47361755371094,153.16000366210938,154.0399932861328,150.8699951171875,153.1699981689453,7289500
2022-07-01,132.02297973632812,153.8000030517578,153.86000061035156,151.4600067138672,153.0800018310547,4620000
2022-07-05,132.1345977783203,153.92999267578125,154.0500030517578,149.66000366210938,151.89999389648438,5478800
2022-07-06,130.93283081054688,152.52999877929688,154.99000549316406,151.69000244140625,154.61000061035156,5113600
2022-07-07,130.47787475585938,152.0,152.5800018310547,150.00999450683594,150.1999969482422,6516100
2022-07-08,131.20748901367188,152.85000610351562,155.25,151.7899932861328,152.0,4078400
2022-07-11,131.53369140625,153.22999572753906,154.5,152.27999877929688,152.27999877929688,4491000
2022-07-12,130.87277221679688,152.4600067138672,154.57000732421875,152.05999755859375,153.0,5319500
2022-07-13,130.60659790039062,152.14999389648438,153.8300018310547,151.3000030517578,152.0,5221200
2022-07-14,130.3466796875,150.44000244140625,151.00999450683594,148.49000549316406,148.88999938964844,7576900
2022-07-15,133.1019744873047,153.6199951171875,153.8699951171875,151.42999267578125,151.83999633789062,4873000
2022-07-18,129.59292602539062,149.57000732421875,154.47000122070312,148.88999938964844,153.8000030517578,6838400
2022-07-19,129.74020385742188,149.74000549316406,150.22999572753906,148.8000030517578,150.0,5647100
2022-07-20,127.9640121459961,147.69000244140625,150.4499969482422,147.33999633789062,149.52999877929688,5315700
2022-07-21,128.01596069335938,147.75,147.83999633789062,146.02000427246094,147.24000549316406,4066800
2022-07-22,128.6398162841797,148.47000122070312,149.2899932861328,147.5800018310547,148.47000122070312,3639700
2022-07-25,130.15611267089844,150.22000122070312,150.94000244140625,148.50999450683594,148.5399932861328,4347000
2022-07-26,130.71926879882812,150.8699951171875,153.55999755859375,150.3300018310547,151.14999389648438,4900600
2022-07-27,130.9618682861328,151.14999389648438,151.5,148.92999267578125,149.5,4145800
2022-07-28,129.7488555908203,149.75,152.41000366210938,146.6199951171875,151.44000244140625,6572300
2022-07-29,124.34228515625,143.50999450683594,146.3000030517578,139.0500030517578,145.44000244140625,17754700
2022-08-01,121.49169921875,140.22000122070312,142.83999633789062,139.14999389648438,141.50999450683594,8523900
2022-08-02,121.6390151977539,140.38999938964844,142.83999633789062,140.10000610351562,141.17999267578125,5197100
2022-08-03,122.34081268310547,141.1999969482422,143.02000427246094,140.64999389648438,141.72000122070312,5474200
2022-08-04,120.36534118652344,138.9199981689453,142.5800018310547,138.69000244140625,142.08999633789062,7071700
2022-08-05,119.60289764404297,138.0399932861328,139.91000366210938,137.9499969482422,139.0500030517578,5371100
2022-08-08,121.59567260742188,140.33999633789062,140.8000030517578,137.77000427246094,138.0399932861328,4854600
2022-08-09,121.51770782470703,140.25,142.24000549316406,139.8800048828125,140.67999267578125,3819700
2022-08-10,122.11554718017578,140.94000244140625,141.05999755859375,139.0,140.91000366210938,4075300
2022-08-11,123.10330200195312,142.0800018310547,142.8699951171875,139.66000366210938,140.22999572753906,5972800
2022-08-12,123.55384063720703,142.60000610351562,143.08999633789062,140.27000427246094,141.88999938964844,5208700
2022-08-15,123.28522491455078,142.2899932861328,143.27999877929688,140.4199981689453,143.11000061035156,4513200
2022-08-16,123.51050567626953,142.5500030517578,143.97999572753906,142.0800018310547,142.11000061035156,3852300
2022-08-17,122.54875946044922,141.44000244140625,142.75999450683594,140.5500030517578,141.4199981689453,3605200
2022-08-18,122.41880798339844,141.2899932861328,141.5800018310547,139.82000732421875,141.49000549316406,3525200
2022-08-19,122.90401458740234,141.85000610351562,143.36000061035156,141.4600067138672,141.77999877929688,4530700
2022-08-22,121.59567260742188,140.33999633789062,142.66000366210938,139.9600067138672,141.97000122070312,4023500
2022-08-23,120.45197296142578,139.02000427246094,140.85000610351562,138.4499969482422,139.64999389648438,3768100
2022-08-24,119.49026489257812,137.91000366210938,139.4600067138672,137.6999969482422,139.0500030517578,5018900
2022-08-25,120.72059631347656,139.3300018310547,139.55999755859375,137.6699981689453,138.77000427246094,3301200
2022-08-26,118.13860321044922,136.35000610351562,139.85000610351562,136.25,138.88999938964844,3838800
2022-08-29,117.58409118652344,135.7100067138672,136.72000122070312,134.75999450683594,136.1999969482422,3835800
2022-08-30,117.4454345703125,135.5500030517578,136.49000549316406,134.88999938964844,135.13999938964844,4337100
2022-08-31,116.50104522705078,134.4600067138672,136.0399932861328,134.1699981689453,135.69000244140625,5789600
2022-09-01,119.95811462402344,138.4499969482422,138.58999633789062,134.10000610351562,134.63999938964844,4521000
2022-09-02,118.0779800415039,136.27999877929688,139.39999389648438,135.80999755859375,138.66000366210938,3601600
2022-09-06,119.21298217773438,137.58999633789062,139.35000610351562,136.24000549316406,137.3000030517578,4810600
2022-09-07,120.18341827392578,138.7100067138672,139.0399932861328,135.33999633789062,137.5500030517578,4141700
2022-09-08,121.75165557861328,140.52000427246094,140.57000732421875,138.64999389648438,139.63999938964844,3988300
2022-09-09,122.53143310546875,141.4199981689453,142.1699981689453,140.10000610351562,140.39999389648438,4427000
2022-09-12,123.24192810058594,142.24000549316406,142.8699951171875,140.32000732421875,141.00999450683594,4938400
2022-09-13,120.0274429321289,138.52999877929688,141.92999267578125,137.49000549316406,140.5500030517578,6195900
2022-09-14,120.91120910644531,139.5500030517578,140.44000244140625,138.27000427246094,139.1699981689453,4673600
2022-09-15,123.4758529663086,142.50999450683594,143.89999389648438,139.38999938964844,139.99000549316406,6416900
2022-09-16,124.81881713867188,144.05999755859375,144.85000610351562,141.36000061035156,143.39999389648438,13887500
2022-09-19,123.60582733154297,142.66000366210938,143.86000061035156,141.42999267578125,143.63999938964844,5042500
2022-09-20,122.83470916748047,141.77000427246094,142.49000549316406,140.3699951171875,141.82000732421875,4532900
2022-09-21,121.56969451904297,140.30999755859375,143.6300048828125,140.2899932861328,142.14999389648438,5076100
2022-09-22,123.9090805053711,143.00999450683594,144.4600067138672,140.0,140.2100067138672,6161000
2022-09-23,123.95237731933594,143.05999755859375,143.4199981689453,140.9499969482422,142.07000732421875,5751600
2022-09-26,122.34949493408203,141.2100067138672,142.8000030517578,140.11000061035156,142.0800018310547,5697800
2022-09-27,122.7913589477539,141.72000122070312,145.5399932861328,141.2899932861328,142.58999633789062,5598000
2022-09-28,125.28669738769531,144.60000610351562,145.32000732421875,142.6199951171875,144.22000122070312,5226700
2022-09-29,123.6578140258789,142.72000122070312,145.25,141.8300018310547,144.85000610351562,5509400
2022-09-30,116.28445434570312,134.2100067138672,142.32000732421875,134.08999633789062,142.1999969482422,15359000
2022-10-03,119.84548950195312,138.32000732421875,138.8000030517578,135.30999755859375,135.8800048828125,7437500
2022-10-04,123.0252914428711,141.99000549316406,142.72000122070312,137.75999450683594,139.2100067138672,6612300
2022-10-05,124.18634796142578,143.3300018310547,144.47000122070312,141.11000061035156,141.47000122070312,4777900
2022-10-06,121.55236053466797,140.2899932861328,142.99000549316406,139.89999389648438,142.7899932861328,5124800
2022-10-07,120.22671508789062,138.75999450683594,140.0500030517578,137.5500030517578,139.00999450683594,4648800
2022-10-10,119.83679962158203,138.30999755859375,139.58999633789062,136.8699951171875,139.02999877929688,3830800
2022-10-11,122.60943603515625,141.50999450683594,143.67999267578125,138.02000427246094,138.02000427246094,5675100
2022-10-12,121.28377532958984,139.97999572753906,143.05999755859375,139.92999267578125,141.63999938964844,4528000
2022-10-13,125.09111785888672,142.9199981689453,143.17999267578125,136.27000427246094,136.6999969482422,5066200
2022-10-14,125.10862731933594,142.94000244140625,144.47999572753906,142.2100067138672,142.60000610351562,5290500
2022-10-17,126.39527130126953,144.41000366210938,144.92999267578125,142.10000610351562,142.64999389648438,4016200
2022-10-18,126.56156158447266,144.60000610351562,145.8699951171875,143.52999877929688,145.22999572753906,3540400
2022-10-19,125.27494049072266,143.1300048828125,145.4499969482422,142.30999755859375,144.8000030517578,3333300
2022-10-20,125.0998764038086,142.92999267578125,144.0399932861328,142.42999267578125,143.16000366210938,3880100
2022-10-21,128.7146759033203,147.05999755859375,147.75999450683594,142.42999267578125,143.33999633789062,5419400
2022-10-24,132.06687927246094,150.88999938964844,151.52999877929688,148.6999969482422,148.7100067138672,5139700
2022-10-25,131.13038635253906,149.82000732421875,150.60000610351562,147.2899932861328,148.02999877929688,5229400
2022-10-26,133.48475646972656,152.50999450683594,152.88999938964844,150.6999969482422,151.00999450683594,4727900
2022-10-27,134.351318359375,153.5,153.99000549316406,152.05999755859375,153.75999450683594,6850400
2022-10-28,129.19606018066406,147.61000061035156,148.97999572753906,142.33999633789062,145.92999267578125,10812200
2022-10-31,128.1370086669922,146.39999389648438,146.77999877929688,144.0800018310547,145.1699981689453,8604800
2022-11-01,128.5833740234375,146.91000366210938,147.6999969482422,144.5500030517578,146.66000366210938,6351200
2022-11-02,126.49152374267578,144.52000427246094,148.0800018310547,144.47999572753906,147.02999877929688,5345000
2022-11-03,126.40399169921875,144.4199981689453,145.4199981689453,143.02999877929688,144.0,3850700
2022-11-04,127.1567153930664,145.27999877929688,145.5800018310547,143.0800018310547,145.35000610351562,4623700
2022-11-07,129.6249237060547,148.10000610351562,148.8000030517578,144.6999969482422,145.27999877929688,4304000
2022-11-08,130.0012969970703,148.52999877929688,151.6300048828125,147.9600067138672,148.8300018310547,4637500
2022-11-09,129.20481872558594,147.6199951171875,150.57000732421875,147.0399932861328,148.58999633789062,4573700
2022-11-10,131.04286193847656,149.72000122070312,150.66000366210938,147.75,150.66000366210938,5607700
2022-11-11,131.42794799804688,150.16000366210938,150.52000427246094,145.75,149.5399932861328,6786400
2022-11-14,132.8108673095703,151.74000549316406,154.5399932861328,150.97999572753906,150.97999572753906,7077100
2022-11-15,133.9486846923828,153.0399932861328,153.4199981689453,149.9600067138672,153.38999938964844,5909500
2022-11-16,132.92462158203125,151.8699951171875,156.69000244140625,151.22999572753906,153.44000244140625,7358700
2022-11-17,133.17845153808594,152.16000366210938,153.07000732421875,149.97000122070312,150.97000122070312,5069500
2022-11-18,135.6466522216797,154.97999572753906,155.63999938964844,153.6699981689453,153.6699981689453,5691100
2022-11-21,137.51095581054688,157.11000061035156,158.6300048828125,154.42999267578125,155.39999389648438,6492100
2022-11-22,139.8566436767578,159.7899932861328,159.8800048828125,157.55999755859375,157.69000244140625,5351100
2022-11-23,139.50653076171875,159.38999938964844,160.94000244140625,158.82000732421875,159.9499969482422,3221100
2022-11-25,139.70782470703125,159.6199951171875,160.75,159.24000549316406,159.58999633789062,1661900
2022-11-28,138.6663055419922,158.42999267578125,160.72999572753906,157.8300018310547,160.0,3902800
2022-11-29,138.46498107910156,158.1999969482422,159.42999267578125,157.2100067138672,158.30999755859375,3689000
2022-11-30,141.07321166992188,161.17999267578125,161.17999267578125,156.4600067138672,158.7899932861328,12342500
2022-12-01,141.46710205078125,161.6300048828125,163.1999969482422,159.97999572753906,161.0,5827800
2022-12-02,143.24386596679688,163.66000366210938,163.75999450683594,160.50999450683594,160.72000122070312,4304900
2022-12-05,143.48895263671875,163.94000244140625,165.19000244140625,162.88999938964844,162.88999938964844,4859400
2022-12-06,143.29640197753906,163.72000122070312,164.38999938964844,161.5500030517578,164.02999877929688,5480400
2022-12-07,144.76678466796875,165.39999389648438,165.52999877929688,163.25999450683594,163.69000244140625,4637800
2022-12-08,145.28318786621094,165.99000549316406,166.22999572753906,164.27999877929688,165.39999389648438,4274400
2022-12-09,142.71873474121094,163.05999755859375,167.75,162.80999755859375,166.75999450683594,4644800
2022-12-12,144.69677734375,165.32000732421875,165.49000549316406,162.75,163.2100067138672,4109400
2022-12-13,144.23287963867188,164.7899932861328,167.5,164.6699981689453,166.9499969482422,5050400
2022-12-14,144.29415893554688,164.86000061035156,165.97999572753906,162.8300018310547,164.60000610351562,4485400
2022-12-15,142.7537384033203,163.10000610351562,164.61000061035156,161.9499969482422,163.88999938964844,5268300
2022-12-16,140.46055603027344,160.47999572753906,163.32000732421875,160.47999572753906,162.0500030517578,18905500
2022-12-19,141.3445587158203,161.49000549316406,162.22999572753906,160.05999755859375,160.77999877929688,4033400
2022-12-20,140.54811096191406,160.5800018310547,161.85000610351562,160.07000732421875,161.61000061035156,4221000
2022-12-21,141.97474670410156,162.2100067138672,162.72999572753906,160.36000061035156,161.4499969482422,3707200
2022-12-22,142.9025115966797,163.27000427246094,163.38999938964844,161.52999877929688,161.8699951171875,3606000
2022-12-23,142.7537384033203,163.10000610351562,163.82000732421875,162.3300018310547,163.38999938964844,2685100
2022-12-27,142.65744018554688,162.99000549316406,163.80999755859375,161.77999877929688,163.49000549316406,2669200
2022-12-28,141.9922637939453,162.22999572753906,164.69000244140625,162.11000061035156,163.6999969482422,2944500
2022-12-29,142.2810821533203,162.55999755859375,163.8800048828125,162.19000244140625,162.9600067138672,3112500
2022-12-30,141.44960021972656,161.61000061035156,162.85000610351562,159.82000732421875,162.22999572753906,3680400
2023-01-03,142.12351989746094,162.3800048828125,163.02000427246094,160.80999755859375,162.0399932861328,4937500
2023-01-04,143.27012634277344,163.69000244140625,164.27999877929688,161.50999450683594,162.39999389648438,4440400
2023-01-05,143.09507751464844,163.49000549316406,164.49000549316406,162.33999633789062,163.08999633789062,3516000
2023-01-06,145.77334594726562,166.5500030517578,168.11000061035156,164.1199951171875,164.83999633789062,5099100
2023-01-09,141.4933624267578,161.66000366210938,166.27999877929688,160.8800048828125,165.89999389648438,7833000
2023-01-10,139.72532653808594,159.63999938964844,162.4199981689453,158.3000030517578,162.22999572753906,5936200
2023-01-11,137.56346130371094,157.1699981689453,159.33999633789062,155.05999755859375,159.22000122070312,7492000
2023-01-12,134.49749755859375,152.22000122070312,155.25999450683594,151.72000122070312,155.0,7665100
2023-01-13,135.716796875,153.60000610351562,153.80999755859375,151.33999633789062,152.08999633789062,6019300
2023-01-17,135.03646850585938,152.8300018310547,155.10000610351562,152.5800018310547,153.8000030517578,8507000
2023-01-18,131.8291015625,149.1999969482422,152.4199981689453,149.07000732421875,152.1199951171875,6190800
2023-01-19,131.39613342285156,148.7100067138672,150.5399932861328,147.3300018310547,148.9499969482422,7169900
2023-01-20,132.17367553710938,149.58999633789062,149.7100067138672,147.14999389648438,149.42999267578125,7059000
2023-01-23,131.2547607421875,148.5500030517578,150.42999267578125,148.0500030517578,149.86000061035156,7616400
2023-01-24,130.494873046875,147.69000244140625,148.8699951171875,146.44000244140625,148.0800018310547,5171400
2023-01-25,130.583251953125,147.7899932861328,147.97999572753906,146.5,147.3800048828125,5744300
2023-01-26,130.23866271972656,147.39999389648438,148.6999969482422,147.11000061035156,147.9199981689453,4577800
2023-01-27,129.2490692138672,146.27999877929688,147.67999267578125,146.00999450683594,147.30999755859375,4591500
2023-01-30,128.6923828125,145.64999389648438,147.1199951171875,145.25999450683594,145.8699951171875,4573400
2023-01-31,130.54788208007812,147.75,147.85000610351562,144.41000366210938,145.6300048828125,5628700
2023-02-01,129.5318145751953,146.60000610351562,147.44000244140625,145.25,146.6300048828125,5439900
2023-02-02,127.9767074584961,144.83999633789062,145.92999267578125,143.44000244140625,145.92999267578125,6160800
2023-02-03,128.2947998046875,145.1999969482422,146.8000030517578,144.6999969482422,145.9199981689453,6553000
2023-02-06,128.13577270507812,145.02000427246094,146.3300018310547,144.80999755859375,145.74000549316406,4297000
2023-02-07,128.24179077148438,145.13999938964844,145.4600067138672,143.66000366210938,144.5800018310547,5401900
2023-02-08,127.77348327636719,144.61000061035156,146.35000610351562,144.47000122070312,145.41000366210938,5753800
2023-02-09,131.3872833251953,148.6999969482422,153.6999969482422,147.89999389648438,148.5,12216900
2023-02-10,134.34727478027344,152.0500030517578,153.17999267578125,148.77000427246094,149.69000244140625,8956700
2023-02-13,135.83168029785156,153.72999572753906,153.77999877929688,151.25999450683594,152.02000427246094,5602600
2023-02-14,134.82440185546875,152.58999633789062,154.0,151.75999450683594,153.9199981689453,4662800
2023-02-15,133.47251892089844,151.05999755859375,153.49000549316406,150.8300018310547,152.6199951171875,5648100
2023-02-16,132.1206512451172,149.52999877929688,150.5,148.72999572753906,149.11000061035156,3757500
2023-02-17,133.6934051513672,151.30999755859375,151.38999938964844,148.61000061035156,149.14999389648438,4562400
2023-02-21,134.3031005859375,152.0,153.02000427246094,149.82000732421875,149.82000732421875,8466100
2023-02-22,133.12794494628906,150.6699981689453,152.14999389648438,150.24000549316406,151.0,6041700
2023-02-23,134.36495971679688,152.07000732421875,153.57000732421875,149.1699981689453,150.89999389648438,5993300
2023-02-24,134.930419921875,152.7100067138672,152.97999572753906,150.91000366210938,151.3000030517578,5621100
2023-02-27,136.31761169433594,154.27999877929688,154.75,153.10000610351562,153.25999450683594,6828800
2023-02-28,135.98187255859375,153.89999389648438,154.3699951171875,152.6199951171875,153.9600067138672,7561700
2023-03-01,137.1923828125,155.27000427246094,155.5800018310547,152.3699951171875,152.75999450683594,5485800
2023-03-02,136.40599060058594,154.3800048828125,155.77000427246094,154.2100067138672,155.22999572753906,4567800
2023-03-03,137.89039611816406,156.05999755859375,156.1699981689453,154.00999450683594,154.3300018310547,4851200
2023-03-06,137.20123291015625,155.27999877929688,156.4600067138672,154.5399932861328,155.7899932861328,4051900
2023-03-07,135.1248016357422,152.92999267578125,155.6699981689453,152.0500030517578,155.57000732421875,4606900
2023-03-08,132.1824951171875,149.60000610351562,153.74000549316406,148.5399932861328,152.7899932861328,5860100
2023-03-09,130.19448852539062,147.35000610351562,150.91000366210938,146.57000732421875,150.07000732421875,5350200
2023-03-10,132.2797088623047,149.7100067138672,150.63999938964844,147.47000122070312,147.83999633789062,6825500
2023-03-13,134.2589111328125,151.9499969482422,153.32000732421875,149.0,149.0,7653800
2023-03-14,135.93771362304688,153.85000610351562,153.99000549316406,151.4600067138672,151.9499969482422,6644100
2023-03-15,136.12322998046875,154.05999755859375,154.3800048828125,151.72999572753906,152.17999267578125,6304600
2023-03-16,137.21888732910156,155.3000030517578,155.9199981689453,152.50999450683594,153.1999969482422,6331200
2023-03-17,136.26461791992188,154.22000122070312,156.07000732421875,151.8800048828125,155.77999877929688,42756400
2023-03-20,137.9434051513672,156.1199951171875,156.33999633789062,154.4600067138672,154.52000427246094,4408200
2023-03-21,138.51773071289062,156.77000427246094,157.0500030517578,155.10000610351562,156.63999938964844,4675700
2023-03-22,135.7786407470703,153.6699981689453,156.8800048828125,153.61000061035156,155.67999267578125,4376900
2023-03-23,137.21888732910156,155.3000030517578,156.5,154.02000427246094,154.10000610351562,4584000
2023-03-24,139.62220764160156,158.02000427246094,158.47999572753906,154.58999633789062,155.27999877929688,4678700
2023-03-27,139.1980743408203,157.5399932861328,159.13999938964844,157.3800048828125,158.8300018310547,3887800
2023-03-28,139.825439453125,158.25,158.60000610351562,157.4499969482422,157.8000030517578,3532500
2023-03-29,139.60452270507812,158.0,159.6999969482422,156.36000061035156,158.97999572753906,3959900
2023-03-30,139.53384399414062,157.9199981689453,158.52999877929688,157.4199981689453,158.00999450683594,3635800
2023-03-31,140.81503295898438,159.3699951171875,159.57000732421875,157.72999572753906,158.42999267578125,4957300
2023-04-03,141.74276733398438,160.4199981689453,160.47000122070312,157.7899932861328,158.25,4389400
2023-04-04,141.1772918701172,159.77999877929688,161.72999572753906,159.52999877929688,160.50999450683594,4224400
2023-04-05,142.07855224609375,160.8000030517578,161.6699981689453,159.00999450683594,160.0,5743000
2023-04-06,142.7412109375,161.5500030517578,162.19000244140625,160.6199951171875,160.8000030517578,5498300
2023-04-10,142.50265502929688,161.27999877929688,162.05999755859375,160.2100067138672,161.7100067138672,3309500
2023-04-11,142.5910186767578,161.3800048828125,162.58999633789062,161.19000244140625,161.49000549316406,2875800
2023-04-12,143.4569091796875,162.36000061035156,163.47999572753906,161.60000610351562,162.1199951171875,4005000
2023-04-13,145.0708770751953,162.69000244140625,162.86000061035156,160.5500030517578,161.0,3868500
2023-04-14,144.0900115966797,161.58999633789062,163.0,160.92999267578125,162.63999938964844,3473100
2023-04-17,143.72442626953125,161.17999267578125,162.1999969482422,160.64999389648438,161.9199981689453,4354100
2023-04-18,142.30661010742188,159.58999633789062,161.22999572753906,158.41000366210938,161.0,4996200
2023-04-19,143.75119018554688,161.2100067138672,161.44000244140625,158.52000427246094,158.6699981689453,4826900
2023-04-20,144.2238006591797,161.74000549316406,161.77000427246094,160.5800018310547,161.17999267578125,3808100
2023-04-21,144.8212127685547,162.41000366210938,163.19000244140625,162.02000427246094,162.58999633789062,4812100
2023-04-24,146.3103485107422,164.0800018310547,164.36000061035156,162.3300018310547,162.57000732421875,4728900
2023-04-25,147.04156494140625,164.89999389648438,166.1999969482422,164.49000549316406,164.80999755859375,5506200
2023-04-26,144.27728271484375,161.8000030517578,163.25999450683594,160.5,162.67999267578125,5192000
2023-04-27,132.74755859375,148.8699951171875,153.8699951171875,147.16000366210938,153.8699951171875,17063000
2023-04-28,134.75390625,151.1199951171875,151.38999938964844,147.44000244140625,147.97000122070312,7123800
2023-05-01,137.0634002685547,153.7100067138672,154.7100067138672,150.82000732421875,150.83999633789062,5601000
2023-05-02,135.1997528076172,151.6199951171875,155.02000427246094,151.1999969482422,153.5500030517578,5135600
2023-05-03,133.08642578125,149.25,151.50999450683594,148.4499969482422,151.07000732421875,6815300
2023-05-04,131.401123046875,147.36000061035156,149.0,146.35000610351562,149.0,5694300
2023-05-05,131.99853515625,148.02999877929688,149.3800048828125,147.13999938964844,148.5399932861328,4447700
2023-05-08,131.48135375976562,147.4499969482422,148.1999969482422,146.74000549316406,148.14999389648438,3689500
2023-05-09,130.9285125732422,146.8300018310547,148.4600067138672,146.27000427246094,147.41000366210938,4201600
2023-05-10,130.56289672851562,146.4199981689453,146.97999572753906,145.14999389648438,146.52000427246094,4127300
2023-05-11,130.71449279785156,146.58999633789062,147.57000732421875,145.19000244140625,147.2899932861328,4300400
2023-05-12,131.21383666992188,147.14999389648438,147.60000610351562,146.07000732421875,146.7899932861328,3526500
2023-05-15,130.71449279785156,146.58999633789062,148.89999389648438,145.66000366210938,147.6699981689453,4391800
2023-05-16,127.77188110351562,143.2899932861328,146.94000244140625,143.22999572753906,145.86000061035156,4685400
2023-05-17,127.82537078857422,143.35000610351562,143.52000427246094,140.52000427246094,143.02000427246094,5482000
2023-05-18,127.90565490722656,143.44000244140625,143.55999755859375,141.97999572753906,142.61000061035156,4791200
2023-05-19,129.39479064941406,145.11000061035156,145.8000030517578,143.8000030517578,143.86000061035156,5610300
2023-05-22,129.20748901367188,144.89999389648438,146.66000366210938,143.77999877929688,145.47000122070312,3867300
2023-05-23,127.08527374267578,142.52000427246094,144.82000732421875,142.33999633789062,144.4499969482422,5121900
2023-05-24,125.8636245727539,141.14999389648438,142.94000244140625,140.94000244140625,142.58999633789062,4143500
2023-05-25,123.60762786865234,138.6199951171875,140.1999969482422,138.25999450683594,140.02999877929688,6986600
2023-05-26,122.66242218017578,137.55999755859375,139.85000610351562,137.10000610351562,138.72000122070312,7590300
2023-05-30,121.66373443603516,136.44000244140625,136.83999633789062,135.25,135.49000549316406,7671500
2023-05-31,123.01912689208984,137.9600067138672,138.7100067138672,135.77000427246094,136.6199951171875,12579100
2023-06-01,118.98860168457031,133.44000244140625,135.25999450683594,131.10000610351562,135.25999450683594,11895600
2023-06-02,122.04713439941406,136.8699951171875,136.97000122070312,133.5,133.7100067138672,6661600
2023-06-05,122.03825378417969,136.86000061035156,138.30999755859375,136.2899932861328,137.0,4276200
2023-06-06,120.76309204101562,135.42999267578125,137.5399932861328,134.6300048828125,137.47000122070312,4359900
2023-06-07,121.71723175048828,136.5,137.05999755859375,134.25999450683594,134.89999389648438,4645200
2023-06-08,122.73375701904297,137.63999938964844,137.88999938964844,136.0,137.0,4714200
2023-06-09,123.21527862548828,138.17999267578125,139.19000244140625,137.0800018310547,137.55999755859375,4359500
2023-06-12,122.81401824951172,137.72999572753906,139.6699981689453,136.91000366210938,139.5800018310547,4888500
2023-06-13,123.3311996459961,138.30999755859375,138.47000122070312,137.1999969482422,137.50999450683594,4229100
2023-06-14,121.4764633178711,136.22999572753906,139.27000427246094,136.0800018310547,138.80999755859375,6128300
2023-06-15,121.1733169555664,135.88999938964844,136.83999633789062,135.4600067138672,136.75,6614900
2023-06-16,123.62547302246094,138.63999938964844,138.9199981689453,136.49000549316406,136.6999969482422,14616000
2023-06-20,122.89427185058594,137.82000732421875,138.9499969482422,136.66000366210938,137.10000610351562,4868800
2023-06-21,122.03825378417969,136.86000061035156,137.42999267578125,134.67999267578125,136.75,5828400
2023-06-22,122.5286865234375,137.41000366210938,137.89999389648438,135.88999938964844,137.14999389648438,4826900
2023-06-23,121.20002746582031,135.9199981689453,138.69000244140625,135.6699981689453,137.3000030517578,7395600
2023-06-26,120.33509063720703,134.9499969482422,136.14999389648438,133.69000244140625,136.14999389648438,6468100
2023-06-27,118.23960876464844,132.60000610351562,134.8800048828125,132.52000427246094,134.8800048828125,7839900
2023-06-28,118.1593246459961,132.50999450683594,133.1699981689453,130.9600067138672,132.60000610351562,6911900
2023-06-29,118.8013687133789,133.22999572753906,133.91000366210938,132.1300048828125,132.3699951171875,4947600
2023-06-30,120.138916015625,134.72999572753906,135.92999267578125,132.8000030517578,133.47000122070312,8711300
2023-07-03,120.38858795166016,135.00999450683594,135.42999267578125,133.14999389648438,134.0,2674600
2023-07-05,122.71592712402344,137.6199951171875,137.8800048828125,134.63999938964844,135.17999267578125,6903300
2023-07-06,122.3860092163086,137.25,138.27999877929688,136.44000244140625,137.47999572753906,6091000
2023-07-07,120.82553100585938,135.5,137.64999389648438,135.35000610351562,137.14999389648438,6873200
2023-07-10,119.9249038696289,134.49000549316406,136.08999633789062,134.05999755859375,135.41000366210938,5153300
2023-07-11,120.8879623413086,135.57000732421875,135.75999450683594,133.67999267578125,134.0,5144800
2023-07-12,120.36183166503906,134.97999572753906,136.60000610351562,134.7899932861328,135.82000732421875,4944100
2023-07-13,120.44297790527344,133.58999633789062,134.10000610351562,132.6999969482422,132.92999267578125,4631800
2023-07-14,122.62482452392578,136.00999450683594,136.6199951171875,134.1199951171875,134.72999572753906,5544100
2023-07-17,121.5609359741211,134.8300018310547,136.22999572753906,134.55999755859375,135.82000732421875,4033000
2023-07-18,123.13873291015625,136.5800018310547,137.89999389648438,134.7100067138672,134.8000030517578,5392800
2023-07-19,124.13044738769531,137.67999267578125,138.05999755859375,136.9499969482422,137.24000549316406,4784200
2023-07-20,128.19664001464844,142.19000244140625,142.72000122070312,138.5500030517578,138.83999633789062,7009800
2023-07-21,129.5941162109375,143.74000549316406,144.17999267578125,141.94000244140625,142.1999969482422,5654300
2023-07-24,129.08920288085938,143.17999267578125,144.42999267578125,142.83999633789062,143.10000610351562,4468700
2023-07-25,127.69176483154297,141.6300048828125,142.92999267578125,141.32000732421875,142.39999389648438,4778200
2023-07-26,127.9351806640625,141.89999389648438,142.27999877929688,140.52000427246094,141.42999267578125,5006800
2023-07-27,134.20120239257812,148.85000610351562,151.3699951171875,144.47999572753906,144.47999572753906,13664400
2023-07-28,136.00436401367188,150.85000610351562,151.75999450683594,148.55999755859375,149.9199981689453,8000300
2023-07-31,134.85935974121094,149.5800018310547,150.5,147.6199951171875,150.42999267578125,9109200
2023-08-01,133.92172241210938,148.5399932861328,150.8699951171875,147.83999633789062,150.0,4409600
2023-08-02,134.6790313720703,149.3800048828125,150.57000732421875,148.11000061035156,148.11000061035156,5756400
2023-08-03,134.38150024414062,149.0500030517578,149.36000061035156,148.17999267578125,148.9600067138672,4674300
2023-08-04,133.19143676757812,147.72999572753906,150.57000732421875,147.16000366210938,148.97000122070312,4231200
2023-08-07,135.5355682373047,150.3300018310547,150.8800048828125,147.8000030517578,148.0,3800600
2023-08-08,134.89540100097656,149.6199951171875,151.75,148.9199981689453,150.77999877929688,4013400
2023-08-09,135.93226623535156,150.77000427246094,152.05999755859375,149.91000366210938,150.49000549316406,3737100
2023-08-10,136.53631591796875,151.44000244140625,152.83999633789062,150.57000732421875,151.1999969482422,3275800
2023-08-11,137.2034454345703,152.17999267578125,153.5,151.72000122070312,151.9499969482422,3454800
2023-08-14,137.2846221923828,152.27000427246094,153.13999938964844,151.57000732421875,153.02000427246094,2570900
2023-08-15,137.14935302734375,152.1199951171875,152.89999389648438,150.7899932861328,151.57000732421875,3636300
2023-08-16,136.63548278808594,151.5500030517578,153.60000610351562,151.3800048828125,152.58999633789062,3214900
2023-08-17,135.25604248046875,150.02000427246094,151.91000366210938,149.9199981689453,151.16000366210938,5285700
2023-08-18,135.36424255371094,150.13999938964844,150.92999267578125,149.22999572753906,150.2899932861328,4050900
2023-08-21,135.38229370117188,150.16000366210938,150.35000610351562,148.8800048828125,149.7100067138672,3944800
2023-08-22,133.6512451171875,148.24000549316406,150.0,147.97000122070312,150.0,3209300
2023-08-23,132.6053924560547,147.0800018310547,149.0,145.94000244140625,148.6699981689453,5414800
2023-08-24,132.19967651367188,146.6300048828125,147.82000732421875,146.35000610351562,146.9199981689453,3986300
2023-08-25,132.2537841796875,146.69000244140625,147.6699981689453,146.1999969482422,147.02000427246094,3275100
2023-08-28,132.92091369628906,147.42999267578125,148.07000732421875,146.77000427246094,147.08999633789062,2806900
2023-08-29,133.06520080566406,147.58999633789062,148.91000366210938,146.5,147.99000549316406,3419100
2023-08-30,133.72332763671875,148.32000732421875,148.8000030517578,146.89999389648438,148.1199951171875,3486400
2023-08-31,132.49720764160156,146.9600067138672,148.7100067138672,146.8699951171875,148.38999938964844,4110700
2023-09-01,133.6151580810547,148.1999969482422,148.88999938964844,147.36000061035156,147.36000061035156,3357800
2023-09-05,131.72183227539062,146.10000610351562,148.9600067138672,145.86000061035156,148.5,3911100
2023-09-06,131.2800750732422,145.61000061035156,146.1199951171875,143.74000549316406,146.10000610351562,5304300
2023-09-07,134.2552947998047,148.91000366210938,149.0,145.8699951171875,146.14999389648438,5142100
2023-09-08,134.3544464111328,149.02000427246094,149.75999450683594,148.1999969482422,149.0,4339800
2023-09-11,134.3724822998047,149.0399932861328,149.41000366210938,148.4199981689453,148.86000061035156,2911600
2023-09-12,134.57984924316406,149.27000427246094,149.60000610351562,147.6199951171875,149.5,2424800
2023-09-13,136.2838592529297,151.16000366210938,152.39999389648438,149.0500030517578,149.4199981689453,5953700
2023-09-14,138.51979064941406,153.63999938964844,154.69000244140625,151.8000030517578,152.00999450683594,6336900
2023-09-15,137.14935302734375,152.1199951171875,154.6999969482422,151.92999267578125,152.77999877929688,8868300
2023-09-18,138.79026794433594,153.94000244140625,153.97000122070312,152.10000610351562,153.0800018310547,2967600
2023-09-19,138.3845672607422,153.49000549316406,154.63999938964844,151.60000610351562,153.88999938964844,3509700
2023-09-20,138.4927520751953,153.61000061035156,154.8800048828125,153.3699951171875,154.05999755859375,2744800
2023-09-21,138.33047485351562,153.42999267578125,154.85000610351562,152.66000366210938,153.67999267578125,3660300
2023-09-22,137.7083740234375,152.74000549316406,153.89999389648438,152.52000427246094,153.89999389648438,3049200
2023-09-25,139.43038940429688,154.64999389648438,154.74000549316406,151.66000366210938,152.44000244140625,3740000
2023-09-26,138.76324462890625,153.91000366210938,154.60000610351562,153.3300018310547,154.39999389648438,3936300
2023-09-27,138.0599822998047,153.1300048828125,154.0,151.61000061035156,153.83999633789062,3621300
2023-09-28,137.26658630371094,152.25,153.8300018310547,151.3699951171875,153.63999938964844,3697400
2023-09-29,134.39053344726562,149.05999755859375,152.52999877929688,148.8300018310547,152.4600067138672,5581600
2023-10-02,133.66024780273438,148.25,148.86000061035156,146.72000122070312,148.47000122070312,3827800
2023-10-03,132.92091369628906,147.42999267578125,147.99000549316406,145.35000610351562,147.8300018310547,4580900
2023-10-04,133.1553497314453,147.69000244140625,148.0800018310547,146.30999755859375,146.57000732421875,3159600
2023-10-05,132.93896484375,147.4499969482422,149.52999877929688,147.08999633789062,147.92999267578125,3599500
2023-10-06,133.6512451171875,148.24000549316406,149.3300018310547,146.1199951171875,146.49000549316406,5370100
2023-10-09,134.43560791015625,149.11000061035156,149.75,147.16000366210938,148.27000427246094,2903300
2023-10-10,134.2372589111328,148.88999938964844,149.55999755859375,148.0399932861328,149.38999938964844,3729000
2023-10-11,134.64297485351562,149.33999633789062,150.39999389648438,148.77000427246094,149.1300048828125,3189800
2023-10-12,135.04367065429688,148.3000030517578,148.60000610351562,147.00999450683594,148.1300048828125,4554400
2023-10-13,134.7340545654297,147.9600067138672,149.66000366210938,147.33999633789062,148.9499969482422,4304700
2023-10-16,134.0692596435547,147.22999572753906,149.5,146.9199981689453,148.22000122070312,3704400
2023-10-17,135.84498596191406,149.17999267578125,149.66000366210938,147.14999389648438,147.3300018310547,5372400
2023-10-18,135.93605041503906,149.27999877929688,149.61000061035156,148.33999633789062,149.27000427246094,4910500
2023-10-19,132.5121612548828,145.52000427246094,148.5500030517578,143.3300018310547,148.5500030517578,6147100
2023-10-20,133.15866088867188,146.22999572753906,147.50999450683594,145.27999877929688,145.27999877929688,4223800
2023-10-23,131.79275512695312,144.72999572753906,146.4199981689453,144.1999969482422,146.16000366210938,3903300
2023-10-24,133.2315216064453,146.30999755859375,146.97000122070312,145.10000610351562,145.14999389648438,3362900
2023-10-25,132.27537536621094,145.25999450683594,146.89999389648438,144.82000732421875,146.11000061035156,5461500
2023-10-26,132.2207489013672,145.1999969482422,145.9499969482422,144.22999572753906,144.86000061035156,5569400
2023-10-27,126.51122283935547,138.92999267578125,143.0,136.02999877929688,138.77000427246094,9427200
2023-10-30,129.20663452148438,141.88999938964844,145.7100067138672,140.6699981689453,140.6699981689453,9258500
2023-10-31,128.5601043701172,141.17999267578125,142.22000122070312,139.67999267578125,142.08999633789062,10394000
2023-11-01,129.7347869873047,142.47000122070312,143.7100067138672,141.75,141.86000061035156,4207800
2023-11-02,130.4541473388672,143.25999450683594,143.77000427246094,140.50999450683594,141.30999755859375,4066800
2023-11-03,128.77862548828125,141.4199981689453,143.9499969482422,140.88999938964844,143.9499969482422,5414500
2023-11-06,128.5782928466797,141.1999969482422,142.3699951171875,140.97999572753906,141.88999938964844,4377000
2023-11-07,129.45249938964844,142.16000366210938,142.17999267578125,140.57000732421875,141.52000427246094,5024400
2023-11-08,129.33412170410156,142.02999877929688,143.88999938964844,141.9199981689453,143.44000244140625,5299100
2023-11-09,125.70076751708984,138.0399932861328,141.60000610351562,135.85000610351562,141.0,14970300
2023-11-10,126.20162963867188,138.58999633789062,139.36000061035156,136.39999389648438,138.64999389648438,4586400
2023-11-13,126.24716186523438,138.63999938964844,139.16000366210938,137.42999267578125,138.58999633789062,4454700
2023-11-14,125.718994140625,138.05999755859375,140.10000610351562,137.9600067138672,138.92999267578125,4509200
2023-11-15,125.30011749267578,137.60000610351562,138.25,136.3000030517578,138.25,6473200
2023-11-16,125.91932678222656,138.27999877929688,138.82000732421875,137.0500030517578,138.27999877929688,5257000
2023-11-17,125.9375228881836,138.3000030517578,138.8800048828125,137.3800048828125,138.36000061035156,4332300
2023-11-20,125.94662475585938,138.30999755859375,138.69000244140625,137.13999938964844,137.52999877929688,4490000
2023-11-21,126.32909393310547,138.72999572753906,139.36000061035156,137.8300018310547,138.72999572753906,4690800
2023-11-22,126.09232330322266,138.47000122070312,139.83999633789062,138.3300018310547,139.05999755859375,3428500
2023-11-24,126.27445983886719,138.6699981689453,140.0800018310547,138.4600067138672,140.0,1636500
2023-11-27,126.65692138671875,139.08999633789062,139.3800048828125,137.7899932861328,138.6999969482422,5529400
2023-11-28,125.73719787597656,138.0800018310547,139.66000366210938,137.9199981689453,139.0500030517578,5347200
2023-11-29,126.11965942382812,138.5,139.08999633789062,137.64999389648438,138.02000427246094,3996500
2023-11-30,129.66192626953125,142.38999938964844,142.6999969482422,138.00999450683594,138.00999450683594,9297400
2023-12-01,130.59075927734375,143.41000366210938,144.10000610351562,142.27999877929688,142.5399932861328,4903400
2023-12-04,131.26461791992188,144.14999389648438,145.49000549316406,143.27000427246094,143.41000366210938,4845300
2023-12-05,131.64707946777344,144.57000732421875,145.0800018310547,142.66000366210938,144.11000061035156,3961700
2023-12-06,133.29527282714844,146.3800048828125,147.07000732421875,144.72999572753906,144.7899932861328,4978800
2023-12-07,134.74314880371094,147.97000122070312,148.3800048828125,145.1999969482422,147.63999938964844,7225100
2023-12-08,135.93605041503906,149.27999877929688,150.07000732421875,148.0,148.07000732421875,5695200
2023-12-11,137.72084045410156,151.24000549316406,152.7100067138672,150.63999938964844,150.6699981689453,6343500
2023-12-12,139.54208374023438,153.24000549316406,153.58999633789062,150.1699981689453,151.72999572753906,5882200
2023-12-13,140.50732421875,154.3000030517578,154.77000427246094,152.72999572753906,152.97999572753906,8104500
2023-12-14,141.03549194335938,154.8800048828125,155.16000366210938,152.75999450683594,154.36000061035156,7869600
2023-12-15,140.2705535888672,154.0399932861328,155.88999938964844,153.11000061035156,154.74000549316406,15203000
2023-12-18,139.70596313476562,153.4199981689453,154.35000610351562,151.75,153.0,5379600
2023-12-19,139.86990356445312,153.60000610351562,154.47999572753906,152.4499969482422,153.58999633789062,5476700
2023-12-20,138.13058471679688,151.69000244140625,154.2100067138672,151.5399932861328,153.99000549316406,4716400
2023-12-21,138.95018005371094,152.58999633789062,152.91000366210938,151.2899932861328,152.0500030517578,4036100
2023-12-22,141.0901336669922,154.94000244140625,155.4600067138672,153.08999633789062,153.2899932861328,3373400
2023-12-26,140.7987060546875,154.6199951171875,155.27999877929688,154.1300048828125,154.25,2073400
2023-12-27,141.03549194335938,154.8800048828125,154.97000122070312,153.72000122070312,154.0500030517578,3747400
2023-12-28,140.91709899902344,154.75,155.6300048828125,154.5399932861328,155.25,2601200
2023-12-29,141.117431640625,154.97000122070312,155.2100067138672,154.41000366210938,154.5399932861328,3712000
2024-01-02,145.53390502929688,159.82000732421875,160.13999938964844,154.77000427246094,154.89999389648438,8059900
2024-01-03,146.11669921875,160.4600067138672,161.75,159.83999633789062,160.58999633789062,5301400
2024-01-04,147.0272979736328,161.4600067138672,162.2899932861328,159.42999267578125,160.30999755859375,8332200
2024-01-05,147.64651489257812,162.13999938964844,163.02999877929688,160.61000061035156,161.3300018310547,5607600
2024-01-08,146.99993896484375,161.42999267578125,162.77000427246094,159.77999877929688,162.17999267578125,6001600
2024-01-09,147.80133056640625,162.30999755859375,163.47000122070312,160.83999633789062,161.42999267578125,4454000
2024-01-10,150.1506805419922,164.88999938964844,165.0800018310547,161.8800048828125,162.27000427246094,6609900
2024-01-11,149.13990783691406,163.77999877929688,165.1199951171875,163.08999633789062,164.25,4591500
2024-01-12,149.2961883544922,162.39999389648438,163.3000030517578,162.17999267578125,162.75,4971400
2024-01-16,148.45042419433594,161.47999572753906,162.3000030517578,161.02000427246094,161.97999572753906,4747700
2024-01-17,148.96522521972656,162.0399932861328,162.9499969482422,161.52000427246094,161.75,4423100
2024-01-18,150.12356567382812,163.3000030517578,163.66000366210938,161.0,161.16000366210938,5074300
2024-01-19,151.47496032714844,164.77000427246094,164.8699951171875,162.60000610351562,163.91000366210938,5863000
2024-01-22,152.044921875,165.38999938964844,165.4499969482422,163.75999450683594,164.44000244140625,4864000
2024-01-23,153.98468017578125,167.5,167.52999877929688,164.05999755859375,164.4499969482422,5784700
2024-01-24,150.96934509277344,164.22000122070312,167.9499969482422,164.05999755859375,167.77000427246094,5422200
2024-01-25,151.805908203125,165.1300048828125,165.2100067138672,163.1999969482422,164.0,4465800
2024-01-26,151.13479614257812,164.39999389648438,165.86000061035156,163.5,165.27000427246094,4654300
2024-01-29,150.68435668945312,163.91000366210938,166.75999450683594,163.67999267578125,165.85000610351562,4704100
2024-01-30,151.6128387451172,164.9199981689453,164.97999572753906,163.25999450683594,164.22000122070312,3819600
2024-01-31,151.13479614257812,164.39999389648438,165.86000061035156,163.9499969482422,165.75,4993900
2024-02-01,154.06741333007812,167.58999633789062,167.67999267578125,162.6699981689453,163.6999969482422,5584400
2024-02-02,155.06027221679688,168.6699981689453,172.85000610351562,165.22999572753906,169.4199981689453,7870400
2024-02-05,157.4412841796875,171.25999450683594,173.1300048828125,168.4499969482422,169.83999633789062,6486700
2024-02-06,159.30747985839844,173.2899932861328,173.9600067138672,169.77000427246094,171.64999389648438,7037400
2024-02-07,160.8887176513672,175.00999450683594,175.55999755859375,173.32000732421875,174.00999450683594,6409100
2024-02-08,160.6864776611328,174.7899932861328,175.91000366210938,174.3000030517578,174.35000610351562,5709100
2024-02-09,160.03375244140625,174.0800018310547,175.39999389648438,173.0500030517578,175.07000732421875,3502700
2024-02-12,159.105224609375,173.07000732421875,174.75999450683594,172.22999572753906,173.5399932861328,3477100
2024-02-13,159.30747985839844,173.2899932861328,175.1999969482422,171.97000122070312,174.4600067138672,5480400
2024-02-14,160.34629821777344,174.4199981689453,174.86000061035156,172.67999267578125,173.05999755859375,4348500
2024-02-15,162.3411865234375,176.58999633789062,176.74000549316406,173.80999755859375,174.02000427246094,5276200
2024-02-16,163.16859436035156,177.49000549316406,178.9199981689453,176.07000732421875,176.88999938964844,6689900
2024-02-20,161.5690155029297,175.75,178.67999267578125,175.52000427246094,175.8300018310547,5484100
2024-02-21,161.00820922851562,175.13999938964844,176.6300048828125,173.5,176.2899932861328,3818500
2024-02-22,162.48829650878906,176.75,177.33999633789062,173.13999938964844,174.77999877929688,4852300
2024-02-23,163.72019958496094,178.08999633789062,178.91000366210938,177.00999450683594,177.25999450683594,3941800
2024-02-26,164.3821258544922,178.80999755859375,179.7899932861328,178.0,178.83999633789062,4327400
2024-02-27,164.5475616455078,178.99000549316406,179.52999877929688,176.97999572753906,178.77000427246094,3888500
2024-02-28,163.637451171875,178.0,179.88999938964844,176.88999938964844,179.85000610351562,4331300
2024-02-29,161.8447723388672,176.0500030517578,178.02000427246094,175.38999938964844,177.8699951171875,7485700
2024-03-01,164.47402954101562,178.91000366210938,179.19000244140625,175.75,176.0500030517578,4028700
2024-03-04,162.7640838623047,177.0500030517578,179.97999572753906,176.27999877929688,178.35000610351562,4723600
2024-03-05,164.703857421875,179.16000366210938,179.58999633789062,177.7899932861328,177.7899932861328,5309800
2024-03-06,166.45053100585938,181.05999755859375,182.16000366210938,178.10000610351562,178.39999389648438,6047100
2024-03-07,166.00006103515625,180.57000732421875,182.4199981689453,179.5399932861328,182.19000244140625,6125200
2024-03-08,164.41885375976562,178.85000610351562,182.13999938964844,178.67999267578125,179.74000549316406,6195600
2024-03-11,165.13592529296875,179.6300048828125,181.25999450683594,178.24000549316406,178.41000366210938,5134800
2024-03-12,166.32183837890625,180.9199981689453,182.88999938964844,179.69000244140625,179.72000122070312,5391100
2024-03-13,165.3473663330078,179.86000061035156,182.50999450683594,179.4199981689453,182.5,5987900
2024-03-14,166.57925415039062,181.1999969482422,182.0399932861328,178.66000366210938,180.16000366210938,6999400
2024-03-15,163.52716064453125,177.8800048828125,180.5800018310547,177.5399932861328,179.83999633789062,20957800
2024-03-18,164.0879364013672,178.49000549316406,179.8800048828125,177.57000732421875,179.00999450683594,8569000
2024-03-19,165.16351318359375,179.66000366210938,179.92999267578125,178.19000244140625,178.19000244140625,7625600
2024-03-20,162.04702758789062,176.27000427246094,179.22999572753906,175.72999572753906,179.22000122070312,7326600
2024-03-21,163.1777801513672,177.5,177.74000549316406,175.8800048828125,176.80999755859375,5743600
2024-03-22,164.05113220214844,178.4499969482422,178.99000549316406,176.77999877929688,177.22999572753906,4084400
2024-03-25,164.12469482421875,178.52999877929688,179.1999969482422,178.1300048828125,179.0,4366400
2024-03-26,164.73141479492188,179.19000244140625,179.77000427246094,178.3800048828125,179.22999572753906,4392400
2024-03-27,165.79783630371094,180.35000610351562,180.5800018310547,178.80999755859375,179.8000030517578,5073500
2024-03-28,167.40664672851562,182.10000610351562,182.3000030517578,180.3000030517578,181.0,5418700
2024-04-01,166.17474365234375,180.75999450683594,181.89999389648438,179.24000549316406,181.8800048828125,3502100
2024-04-02,166.11038208007812,180.69000244140625,181.02999877929688,178.50999450683594,179.38999938964844,4523800
2024-04-03,163.02151489257812,177.3300018310547,181.60000610351562,176.60000610351562,180.72000122070312,5893000
2024-04-04,154.35238647460938,167.89999389648438,177.6999969482422,167.4499969482422,177.64999389648438,10539000
2024-04-05,156.28294372558594,170.0,171.0399932861328,167.2899932861328,168.0,7030100
2024-04-08,156.0990753173828,169.8000030517578,171.97000122070312,168.39999389648438,169.2100067138672,4745000
2024-04-09,156.41165161132812,170.13999938964844,170.5500030517578,167.39999389648438,169.72999572753906,5933200
2024-04-10,155.39122009277344,169.02999877929688,169.9600067138672,167.36000061035156,168.58999633789062,3231700
2024-04-11,154.00308227539062,167.52000427246094,169.3699951171875,167.22999572753906,169.1999969482422,3307000
2024-04-12,150.5791473388672,162.27999877929688,164.4499969482422,160.0,164.4499969482422,7029400
2024-04-15,150.01312255859375,161.6699981689453,164.6999969482422,161.5,164.52000427246094,5433700
2024-04-16,150.82037353515625,162.5399932861328,163.74000549316406,162.0800018310547,162.17999267578125,4881300
2024-04-17,152.40708923339844,164.25,164.74000549316406,163.22999572753906,164.14999389648438,4792200
2024-04-18,152.78750610351562,164.66000366210938,167.44000244140625,164.42999267578125,164.9600067138672,4480100
2024-04-19,154.4113311767578,166.41000366210938,166.60000610351562,163.25,165.02000427246094,5532400
2024-04-22,155.78463745117188,167.88999938964844,169.58999633789062,166.9199981689453,167.67999267578125,5580700
2024-04-23,157.31565856933594,169.5399932861328,170.3699951171875,168.22000122070312,168.58999633789062,4084100
2024-04-24,155.70111083984375,167.8000030517578,169.11000061035156,166.74000549316406,168.52000427246094,4074700
2024-04-25,155.22789001464844,167.2899932861328,169.2899932861328,165.57000732421875,167.66000366210938,5503700
2024-04-26,148.11090087890625,159.6199951171875,167.4600067138672,157.64999389648438,167.08999633789062,10721700
2024-04-29,149.87393188476562,161.52000427246094,161.5500030517578,158.55999755859375,159.58999633789062,6219000
2024-04-30,150.9131622314453,162.63999938964844,163.0500030517578,159.69000244140625,161.27000427246094,5484800
2024-05-01,150.0594940185547,161.72000122070312,163.69000244140625,161.13999938964844,162.08999633789062,5176400
2024-05-02,149.21511840820312,160.80999755859375,162.44000244140625,158.1199951171875,162.1699981689453,5904300
2024-05-03,151.98023986816406,163.7899932861328,164.25,160.74000549316406,161.16000366210938,5849900
2024-05-06,150.99668884277344,162.72999572753906,164.6300048828125,161.0,164.41000366210938,5834600
2024-05-07,150.82968139648438,162.5500030517578,163.99000549316406,161.88999938964844,163.36000061035156,5301700
2024-05-08,148.8810577392578,160.4499969482422,162.89999389648438,159.8699951171875,162.13999938964844,5906700
2024-05-09,148.8346710205078,160.39999389648438,161.32000732421875,160.02000427246094,160.80999755859375,3570000
2024-05-10,149.159423828125,160.75,161.44000244140625,160.35000610351562,160.7100067138672,3509500
2024-05-13,149.6512451171875,161.27999877929688,162.57000732421875,160.8000030517578,161.27999877929688,3505900
2024-05-14,149.93885803222656,161.58999633789062,162.25,159.72000122070312,161.64999389648438,4025000
2024-05-15,151.98023986816406,163.7899932861328,164.4199981689453,161.8699951171875,162.30999755859375,5261300
2024-05-16,152.4998779296875,164.35000610351562,164.92999267578125,162.17999267578125,163.4499969482422,4642000
2024-05-17,154.42062377929688,166.4199981689453,166.49000549316406,164.49000549316406,165.38999938964844,5152200
2024-05-20,152.6947021484375,164.55999755859375,166.4199981689453,164.41000366210938,166.00999450683594,3058700
2024-05-21,151.18223571777344,162.92999267578125,165.7100067138672,162.5,165.3699951171875,3645200
2024-05-22,148.10165405273438,159.61000061035156,161.94000244140625,159.17999267578125,161.57000732421875,6904900
2024-05-23,146.84896850585938,158.25999450683594,160.0399932861328,157.75999450683594,159.02999877929688,5672900
2024-05-24,145.73550415039062,157.05999755859375,158.77999877929688,156.36000061035156,158.36000061035156,3691700
2024-05-28,144.13951110839844,155.33999633789062,156.35000610351562,153.9499969482422,156.35000610351562,5533500
2024-05-29,143.629150390625,154.7899932861328,156.3800048828125,153.67999267578125,154.88999938964844,4254500
2024-05-30,145.03956604003906,156.30999755859375,156.42999267578125,153.5800018310547,154.64999389648438,4311100
2024-05-31,149.61410522460938,161.24000549316406,161.63999938964844,156.1999969482422,156.64999389648438,15664400
2024-06-03,148.6398162841797,160.19000244140625,163.19000244140625,158.8300018310547,160.0,4467800
2024-06-04,150.44920349121094,162.13999938964844,162.80999755859375,159.77000427246094,160.19000244140625,4215500
2024-06-05,153.51129150390625,165.44000244140625,165.97999572753906,162.16000366210938,162.89999389648438,5100500
2024-06-06,156.41561889648438,168.57000732421875,168.8800048828125,164.35000610351562,165.49000549316406,5186700
2024-06-07,157.2042999267578,169.4199981689453,170.33999633789062,167.7899932861328,169.0,3781700
2024-06-10,158.16934204101562,170.4600067138672,170.75,167.69000244140625,169.0,4247500
2024-06-11,155.60833740234375,167.6999969482422,170.63999938964844,167.4199981689453,170.25,3790200
2024-06-12,154.1143798828125,166.08999633789062,168.5399932861328,165.02999877929688,167.8800048828125,4725600
2024-06-13,154.55050659179688,166.55999755859375,166.89999389648438,165.0,166.0,3690800
2024-06-14,156.43414306640625,168.58999633789062,169.24000549316406,166.0,166.47000122070312,4377600
2024-06-17,157.445556640625,169.67999267578125,170.39999389648438,167.36000061035156,168.39999389648438,4076000
2024-06-18,159.00442504882812,171.36000061035156,173.00999450683594,169.8699951171875,170.44000244140625,4250900
2024-06-20,159.7189178466797,172.1300048828125,172.80999755859375,170.02000427246094,171.17999267578125,5847500
2024-06-21,158.1043701171875,170.38999938964844,172.92999267578125,169.58999633789062,172.6999969482422,12228100
2024-06-24,160.28492736816406,172.74000549316406,173.41000366210938,170.6999969482422,171.1300048828125,6249900
2024-06-25,158.4384307861328,170.75,173.41000366210938,170.6199951171875,172.10000610351562,4844600
2024-06-26,158.8095703125,171.14999389648438,172.35000610351562,170.14999389648438,170.2899932861328,5576100
2024-06-27,156.80531311035156,168.99000549316406,171.55999755859375,167.75,171.2899932861328,5382000
2024-06-28,159.15292358398438,171.52000427246094,171.82000732421875,169.0500030517578,169.99000549316406,24463400
2024-07-01,158.08578491210938,170.3699951171875,173.8800048828125,169.5399932861328,171.27000427246094,5194500
2024-07-02,153.9937744140625,165.9600067138672,168.6300048828125,165.4499969482422,168.6300048828125,5965500
2024-07-03,152.02664184570312,163.83999633789062,167.10000610351562,163.52000427246094,166.08999633789062,3527600
2024-07-05,155.19076538085938,167.25,167.30999755859375,163.6300048828125,164.72000122070312,5978300
2024-07-08,154.51341247558594,166.52000427246094,167.72000122070312,165.6199951171875,166.5399932861328,3500200
2024-07-09,155.93309020996094,168.0500030517578,168.52999877929688,164.86000061035156,167.02000427246094,4224600
2024-07-10,156.01658630371094,168.13999938964844,168.4499969482422,166.11000061035156,167.4499969482422,3887800
2024-07-11,157.65899658203125,169.91000366210938,170.35000610351562,167.35000610351562,167.52000427246094,3689500
2024-07-12,158.00228881835938,170.27999877929688,171.6300048828125,169.89999389648438,170.6300048828125,4133500
2024-07-15,157.3468017578125,168.02999877929688,170.3699951171875,167.4199981689453,168.91000366210938,2395100
2024-07-16,158.4424285888672,169.1999969482422,169.85000610351562,167.25999450683594,168.60000610351562,3829500
2024-07-17,164.12649536132812,175.27000427246094,175.74000549316406,169.50999450683594,169.50999450683594,6983200
2024-07-18,160.2590789794922,171.13999938964844,176.67999267578125,170.72000122070312,174.4499969482422,5957800
2024-07-19,161.36404418945312,172.32000732421875,173.85000610351562,171.22000122070312,173.6699981689453,4293600
2024-07-22,162.57203674316406,173.61000061035156,174.72999572753906,172.0,173.32000732421875,4066900
2024-07-23,162.1412811279297,173.14999389648438,174.58999633789062,172.77000427246094,173.32000732421875,2933800
2024-07-24,165.00674438476562,176.2100067138672,176.60000610351562,172.9499969482422,173.1999969482422,6117700
2024-07-25,170.58778381347656,182.1699981689453,186.11000061035156,171.8000030517578,177.0,9442200
2024-07-26,173.3876953125,185.16000366210938,186.85000610351562,182.11000061035156,183.4499969482422,6948800
2024-07-29,170.37242126464844,181.94000244140625,186.1300048828125,180.52999877929688,184.0399932861328,5458500
2024-07-30,174.90469360351562,186.77999877929688,187.7100067138672,182.60000610351562,183.58999633789062,6032200
2024-07-31,173.53750610351562,185.32000732421875,187.5,183.4499969482422,186.38999938964844,6473900
2024-08-01,177.64840698242188,189.7100067138672,190.97000122070312,186.77000427246094,187.77000427246094,6595500
2024-08-02,177.25511169433594,189.2899932861328,193.91000366210938,186.4600067138672,190.97999572753906,6303900
2024-08-05,172.63851928710938,184.36000061035156,189.2899932861328,183.0399932861328,187.4499969482422,6459300
2024-08-06,173.90274047851562,185.7100067138672,187.82000732421875,183.0800018310547,185.42999267578125,4273200
2024-08-07,175.58828735351562,187.50999450683594,189.58999633789062,185.97999572753906,187.89999389648438,6351000
2024-08-08,178.29452514648438,190.39999389648438,190.7100067138672,186.9199981689453,186.9199981689453,5744600
2024-08-09,177.8544158935547,189.92999267578125,191.00999450683594,188.10000610351562,190.77999877929688,3206500
2024-08-12,178.08851623535156,190.17999267578125,190.57000732421875,187.6999969482422,190.0800018310547,4808300
2024-08-13,179.07177734375,191.22999572753906,191.94000244140625,189.3800048828125,190.55999755859375,3477300
2024-08-14,180.729248046875,193.0,193.35000610351562,190.47000122070312,191.0,4153400
2024-08-15,181.10379028320312,193.39999389648438,194.99000549316406,191.2899932861328,194.49000549316406,4719900
2024-08-16,181.57200622558594,193.89999389648438,194.25,192.27000427246094,193.8800048828125,3674900
2024-08-19,184.35316467285156,196.8699951171875,197.17999267578125,193.35000610351562,193.39999389648438,4309300
2024-08-20,183.67897033691406,196.14999389648438,197.47999572753906,194.1300048828125,197.1199951171875,3631800
2024-08-21,184.0347900390625,196.52999877929688,197.33999633789062,195.6699981689453,196.44000244140625,4250400
2024-08-22,183.88497924804688,196.3699951171875,197.5399932861328,195.35000610351562,197.00999450683594,3676700
2024-08-23,184.98995971679688,197.5500030517578,197.97999572753906,196.22999572753906,197.25,4720300
2024-08-26,184.88694763183594,197.44000244140625,197.97000122070312,196.07000732421875,197.55999755859375,4182300
2024-08-27,183.46359252929688,195.9199981689453,198.3000030517578,195.17999267578125,197.99000549316406,2504500
2024-08-28,182.9766387939453,195.39999389648438,196.22999572753906,194.02999877929688,195.52000427246094,3910200
2024-08-29,182.7706298828125,195.17999267578125,196.44000244140625,193.85000610351562,196.0,4538300
2024-08-30,183.8287811279297,196.30999755859375,196.5,194.1699981689453,195.25,3820800
2024-09-03,185.12103271484375,197.69000244140625,199.9499969482422,196.10000610351562,196.13999938964844,4872400
2024-09-04,184.48428344726562,197.00999450683594,199.8800048828125,196.44000244140625,198.67999267578125,4214300
2024-09-05,180.59812927246094,192.86000061035156,197.1300048828125,192.16000366210938,196.9600067138672,5902800
2024-09-06,181.10379028320312,193.39999389648438,194.74000549316406,192.8300018310547,193.47000122070312,4312600
2024-09-09,183.93179321289062,196.4199981689453,196.61000061035156,193.94000244140625,194.97000122070312,3606900
2024-09-10,186.67550659179688,199.35000610351562,199.47000122070312,192.91000366210938,196.1199951171875,6333300
2024-09-11,182.21812438964844,194.58999633789062,197.67999267578125,193.4199981689453,197.67999267578125,4909300
2024-09-12,181.68438720703125,194.02000427246094,195.07000732421875,191.27000427246094,194.77999877929688,4165200
2024-09-13,181.86228942871094,194.2100067138672,194.58999633789062,191.80999755859375,193.86000061035156,2718100
2024-09-16,183.28564453125,195.72999572753906,196.16000366210938,194.4600067138672,195.82000732421875,3235700
2024-09-17,181.15061950683594,193.4499969482422,196.0800018310547,191.82000732421875,194.8000030517578,3534100
2024-09-18,180.6730499267578,192.94000244140625,195.5800018310547,191.77999877929688,193.1300048828125,3236800
2024-09-19,181.30979919433594,193.6199951171875,194.16000366210938,191.9600067138672,193.42999267578125,3929300
2024-09-20,181.16934204101562,193.47000122070312,193.82000732421875,192.1300048828125,193.0,11661200
2024-09-23,181.5064697265625,193.8300018310547,194.3000030517578,192.1999969482422,193.6999969482422,3178000
2024-09-24,181.206787109375,193.50999450683594,195.2100067138672,191.58999633789062,192.9499969482422,4286500
2024-09-25,179.09986877441406,191.25999450683594,194.57000732421875,190.9600067138672,194.0,5589300
2024-09-26,179.69915771484375,191.89999389648438,192.8699951171875,189.6199951171875,190.10000610351562,6215700
2024-09-27,182.40541076660156,194.7899932861328,196.1300048828125,190.27000427246094,192.60000610351562,4891900
2024-09-30,184.92437744140625,197.47999572753906,197.6199951171875,194.3699951171875,194.85000610351562,4550200
2024-10-01,184.43746948242188,196.9600067138672,198.97000122070312,196.4199981689453,197.64999389648438,3924600
2024-10-02,184.3063507080078,196.82000732421875,197.0,194.4499969482422,195.66000366210938,2946900
2024-10-03,183.02345275878906,195.4499969482422,197.0500030517578,194.74000549316406,196.8699951171875,3453800
2024-10-04,181.9372100830078,194.2899932861328,195.63999938964844,193.0500030517578,195.10000610351562,4749700
2024-10-07,181.30044555664062,193.61000061035156,195.08999633789062,192.83999633789062,194.4199981689453,5033800
2024-10-08,180.73858642578125,193.00999450683594,195.0,192.25,194.33999633789062,4419000
2024-10-09,182.3679656982422,194.75,194.88999938964844,191.9499969482422,192.85000610351562,4478900
2024-10-10,181.99339294433594,194.35000610351562,194.82000732421875,193.27999877929688,194.5399932861328,3562500
2024-10-11,181.8435516357422,194.19000244140625,195.24000549316406,193.5800018310547,195.0,2973000
2024-10-14,183.2107391357422,195.64999389648438,196.33999633789062,193.66000366210938,194.24000549316406,3623900
2024-10-15,181.09640502929688,191.86000061035156,196.25,191.22000122070312,194.72999572753906,6553500
2024-10-16,179.77496337890625,190.4600067138672,191.0399932861328,188.72999572753906,190.4499969482422,5576000
2024-10-17,177.99099731445312,188.57000732421875,191.6199951171875,188.4600067138672,190.5399932861328,4419000
2024-10-18,178.26470947265625,188.86000061035156,189.69000244140625,188.16000366210938,188.97000122070312,5607900
2024-10-21,176.07485961914062,186.5399932861328,189.3800048828125,185.88999938964844,188.7100067138672,4496500
2024-10-22,178.17031860351562,188.75999450683594,189.10000610351562,186.22999572753906,186.32000732421875,4210400
2024-10-23,177.33969116210938,187.8800048828125,189.27000427246094,187.5,188.6999969482422,4266700
2024-10-24,179.0103759765625,189.64999389648438,190.47000122070312,188.1699981689453,188.42999267578125,6741800
2024-10-25,177.31137084960938,187.85000610351562,189.8800048828125,187.1699981689453,189.67999267578125,4017400
2024-10-28,179.03871154785156,189.67999267578125,190.13999938964844,187.52000427246094,188.08999633789062,5383700
2024-10-29,178.82159423828125,189.4499969482422,191.16000366210938,188.52000427246094,190.49000549316406,6131500
2024-10-30,190.19558715820312,201.5,202.35000610351562,188.5500030517578,191.6199951171875,10396400
2024-10-31,192.43263244628906,203.8699951171875,207.32000732421875,201.4199981689453,201.97000122070312,8829300
2024-11-01,192.13059997558594,203.5500030517578,204.72999572753906,202.32000732421875,204.3699951171875,4493900
2024-11-04,189.223388671875,200.47000122070312,204.24000549316406,200.22000122070312,203.7899932861328,3531800
2024-11-05,190.365478515625,201.67999267578125,202.4199981689453,198.35000610351562,200.49000549316406,5109300
2024-11-06,189.91241455078125,201.1999969482422,206.14999389648438,200.85000610351562,205.7899932861328,7194800
2024-11-07,189.26113891601562,200.50999450683594,202.32000732421875,199.22000122070312,201.9499969482422,4520200
2024-11-08,188.30780029296875,199.5,201.88999938964844,199.47999572753906,201.16000366210938,4596900
2024-11-11,164.6442413330078,174.42999267578125,178.57000732421875,172.6999969482422,178.57000732421875,20760300
2024-11-12,161.4916229248047,171.08999633789062,176.6300048828125,171.02999877929688,176.00999450683594,10557000
2024-11-13,160.7931365966797,170.35000610351562,172.63999938964844,169.64999389648438,171.6699981689453,8483500
2024-11-14,160.11354064941406,169.6300048828125,171.6199951171875,168.58999633789062,170.0,8442500
2024-11-15,155.7338409423828,164.99000549316406,169.6300048828125,164.72000122070312,169.6300048828125,11265400
2024-11-18,156.9514617919922,166.27999877929688,166.74000549316406,164.8000030517578,165.6199951171875,8336900
2024-11-19,157.22520446777344,166.57000732421875,167.10000610351562,163.80999755859375,165.27000427246094,5246000
2024-11-20,158.3484344482422,167.75999450683594,167.91000366210938,165.64999389648438,166.91000366210938,7135600
2024-11-21,162.09573364257812,171.72999572753906,172.4600067138672,166.9199981689453,168.58999633789062,6847700
2024-11-22,167.02284240722656,176.9499969482422,178.86000061035156,173.5,174.33999633789062,11328600
2024-11-25,167.12672424316406,177.05999755859375,180.19000244140625,176.75,177.02000427246094,12465000
2024-11-26,170.97781372070312,181.13999938964844,181.64999389648438,176.6699981689453,177.08999633789062,6947500
2024-11-27,172.80899047851562,183.0800018310547,184.24000549316406,180.88999938964844,181.13999938964844,5271500
2024-11-29,172.66738891601562,182.92999267578125,183.5399932861328,182.5,183.13999938964844,2710700
2024-12-02,171.5724639892578,181.77000427246094,182.6999969482422,178.86000061035156,182.27999877929688,3936600
2024-12-03,171.31761169433594,181.5,183.50999450683594,181.47999572753906,182.27999877929688,4107600
2024-12-04,166.5603790283203,176.4600067138672,180.4499969482422,175.91000366210938,180.10000610351562,6125500
2024-12-05,166.28663635253906,176.1699981689453,176.72000122070312,173.52999877929688,174.97999572753906,5444200
2024-12-06,166.30552673339844,176.19000244140625,176.74000549316406,174.16000366210938,176.0,4839600
2024-12-09,166.66421508789062,176.57000732421875,178.1300048828125,174.3800048828125,175.58999633789062,4394500
2024-12-10,165.814697265625,175.6699981689453,176.9199981689453,173.8300018310547,175.52999877929688,4089600
2024-12-11,164.58763122558594,174.3699951171875,176.0,173.83999633789062,175.9600067138672,9492200
2024-12-12,163.4738006591797,173.19000244140625,175.91000366210938,171.99000549316406,174.91000366210938,4999500
2024-12-13,163.64370727539062,173.3699951171875,174.9199981689453,172.38999938964844,173.25,5471600
2024-12-16,162.00135803222656,171.6300048828125,173.33999633789062,170.52999877929688,171.6699981689453,8157900
2024-12-17,165.5409698486328,175.3800048828125,176.5,170.2100067138672,170.5800018310547,7664700
2024-12-18,163.3133544921875,173.02000427246094,176.5,172.82000732421875,176.02999877929688,5471600
2024-12-19,161.8975372314453,171.52000427246094,173.8800048828125,170.33999633789062,172.92999267578125,6110500
2024-12-20,165.72975158691406,175.5800018310547,176.8000030517578,170.66000366210938,171.7899932861328,18950900
2024-12-23,168.38209533691406,178.38999938964844,178.64999389648438,174.6300048828125,175.2899932861328,6945600
2024-12-24,169.90176391601562,180.0,180.1699981689453,177.83999633789062,178.41000366210938,2692800
2024-12-26,169.14666748046875,179.1999969482422,180.35000610351562,178.6300048828125,179.02000427246094,2759300
2024-12-27,168.0233917236328,178.00999450683594,179.66000366210938,177.2899932861328,177.9199981689453,2745400
2024-12-30,166.31492614746094,176.1999969482422,177.33999633789062,175.50999450683594,177.02000427246094,3405700
2024-12-31,167.73081970214844,177.6999969482422,177.83999633789062,175.9199981689453,176.35000610351562,3326400
2025-01-02,169.3731689453125,179.44000244140625,179.77999877929688,177.89999389648438,178.66000366210938,4092000
2025-01-03,171.0532989501953,181.22000122070312,181.57000732421875,178.8000030517578,179.66000366210938,4380200
2025-01-06,169.9961700439453,180.10000610351562,181.97999572753906,179.25999450683594,180.77999877929688,6302100
2025-01-07,169.4581298828125,179.52999877929688,182.1699981689453,178.38999938964844,179.6300048828125,5905200
2025-01-08,168.4859161376953,178.5,179.24000549316406,176.17999267578125,179.1999969482422,4488500
2025-01-10,165.3427276611328,175.1699981689453,177.5399932861328,173.3300018310547,176.86000061035156,5372200
2025-01-13,166.8246612548828,176.74000549316406,177.97999572753906,174.33999633789062,175.16000366210938,4734100
2025-01-14,165.70143127441406,175.5500030517578,176.77999877929688,174.08999633789062,176.61000061035156,4779100
2025-01-15,163.26226806640625,171.35000610351562,174.4600067138672,168.72000122070312,173.52000427246094,8048700
2025-01-16,165.50132751464844,173.6999969482422,173.9600067138672,170.52000427246094,171.4499969482422,5236000
2025-01-17,163.4623565673828,171.55999755859375,173.99000549316406,171.27000427246094,172.8800048828125,7852500
2025-01-21,164.46278381347656,172.61000061035156,175.66000366210938,171.22000122070312,172.16000366210938,7548500
2025-01-22,161.21376037597656,169.1999969482422,170.8699951171875,168.05999755859375,170.3000030517578,9465000
2025-01-23,162.61434936523438,170.6699981689453,170.69000244140625,168.47999572753906,170.4600067138672,7116200
2025-01-24,162.26182556152344,170.3000030517578,171.11000061035156,169.25,169.32000732421875,5584900
2025-01-27,168.55027770996094,176.89999389648438,177.4499969482422,172.58999633789062,172.66000366210938,6985200
2025-01-28,166.55894470214844,174.80999755859375,177.16000366210938,173.72999572753906,176.8000030517578,5603700
2025-01-29,166.98768615722656,175.25999450683594,176.9199981689453,174.3000030517578,174.5,3748300
2025-01-30,167.35928344726562,175.64999389648438,176.1199951171875,173.97999572753906,176.00999450683594,5209200
2025-01-31,175.2198944091797,183.89999389648438,191.77000427246094,183.6699981689453,187.3000030517578,11926500
2025-02-03,181.1653594970703,190.13999938964844,191.66000366210938,182.14999389648438,183.17999267578125,9830000
2025-02-04,180.9843292236328,189.9499969482422,191.14999389648438,187.0500030517578,187.6300048828125,7377800
2025-02-05,182.69937133789062,191.75,193.3800048828125,189.9199981689453,190.52000427246094,6449600
2025-02-06,183.86178588867188,192.97000122070312,194.49000549316406,190.55999755859375,191.89999389648438,4586400
2025-02-07,181.60365295410156,190.60000610351562,193.86000061035156,190.44000244140625,193.16000366210938,3805900
2025-02-10,181.35592651367188,190.33999633789062,191.4600067138672,189.08999633789062,191.4600067138672,3685700
2025-02-11,182.7755889892578,191.8300018310547,191.92999267578125,188.25999450683594,189.8000030517578,3977000
2025-02-12,183.890380859375,193.0,194.3699951171875,190.38999938964844,190.5,4525000
2025-02-13,184.3191375732422,193.4499969482422,194.27999877929688,191.42999267578125,194.27999877929688,4108900
2025-02-14,183.7665252685547,192.8699951171875,195.17999267578125,192.77999877929688,193.9499969482422,3976900
2025-02-18,186.98696899414062,196.25,197.02000427246094,190.6699981689453,192.0,6065500
2025-02-19,188.0350341796875,197.35000610351562,198.11000061035156,196.00999450683594,196.7899932861328,4888700
2025-02-20,191.39842224121094,200.8800048828125,201.36000061035156,196.8300018310547,198.0,5067000
2025-02-21,192.5417938232422,202.0800018310547,203.97999572753906,200.02000427246094,200.32000732421875,5889400
2025-02-24,194.4473876953125,204.0800018310547,205.5,201.27999877929688,201.8300018310547,6305000
2025-02-25,194.5045623779297,204.13999938964844,206.00999450683594,202.35000610351562,205.17999267578125,7746800
2025-02-26,193.42788696289062,203.00999450683594,203.8300018310547,201.42999267578125,203.58999633789062,4766700
2025-02-27,195.34300231933594,205.02000427246094,206.8000030517578,202.25,203.05999755859375,5696900
2025-02-28,199.1637420654297,209.02999877929688,209.60000610351562,204.41000366210938,205.1199951171875,13136400
2025-03-03,201.4980926513672,211.47999572753906,212.3000030517578,208.91000366210938,209.97999572753906,7016400
2025-03-04,197.9536895751953,207.75999450683594,215.66000366210938,207.6699981689453,214.47000122070312,7554000
2025-03-05,201.55528259277344,211.5399932861328,212.17999267578125,206.0,207.07000732421875,5752800
2025-03-06,200.80258178710938,210.75,211.97999572753906,208.5,211.4499969482422,4346000
2025-03-07,204.17547607421875,214.2899932861328,214.99000549316406,209.0,211.11000061035156,6806100
2025-03-10,206.43362426757812,216.66000366210938,218.66000366210938,209.1999969482422,209.99000549316406,8604000
2025-03-11,203.50852966308594,213.58999633789062,216.66000366210938,212.41000366210938,216.66000366210938,7144500
2025-03-12,202.05075073242188,212.05999755859375,213.8699951171875,209.30999755859375,212.0,6139800
2025-03-13,201.56480407714844,211.5500030517578,213.8000030517578,210.67999267578125,212.0,5559500
2025-03-14,201.7744140625,211.77000427246094,212.82000732421875,208.2899932861328,209.77999877929688,4511600
2025-03-17,204.3470001220703,214.47000122070312,215.5,209.52000427246094,212.22000122070312,5075400
2025-03-18,203.75625610351562,213.85000610351562,215.17999267578125,212.27000427246094,214.47000122070312,5088200
2025-03-19,202.2317657470703,212.25,214.5,210.77999877929688,214.02999877929688,5412900
2025-03-20,201.9554443359375,211.9600067138672,213.4199981689453,211.11000061035156,213.00999450683594,5836100
2025-03-21,200.09747314453125,210.00999450683594,212.8800048828125,208.74000549316406,211.72999572753906,16657700
2025-03-24,199.29714965820312,209.1699981689453,211.02000427246094,207.5,209.38999938964844,7393800
2025-03-25,191.8367462158203,201.33999633789062,209.25999450683594,199.3800048828125,209.22000122070312,10089100
2025-03-26,191.79859924316406,201.3000030517578,203.1199951171875,196.49000549316406,203.1199951171875,6742900
2025-03-27,193.1515655517578,202.72000122070312,203.67999267578125,201.3000030517578,202.02000427246094,4995300
2025-03-28,195.6002655029297,205.2899932861328,206.02000427246094,201.58999633789062,202.72999572753906,6478100
2025-03-31,199.63063049316406,209.52000427246094,210.80999755859375,204.42999267578125,204.42999267578125,11093700
2025-04-01,196.53402709960938,206.27000427246094,212.14999389648438,205.60000610351562,210.52000427246094,7853200
2025-04-02,195.50502014160156,205.19000244140625,207.22000122070312,200.33999633789062,207.22000122070312,9262800
2025-04-03,192.12255859375,201.63999938964844,210.69000244140625,201.24000549316406,210.3000030517578,7593100
2025-04-04,178.13546752929688,186.9600067138672,200.0,186.1699981689453,200.0,13505200
2025-04-07,177.74481201171875,186.5500030517578,188.1999969482422,176.27999877929688,181.02999877929688,12581100
2025-04-08,167.37835693359375,175.6699981689453,188.38999938964844,172.32000732421875,187.60000610351562,12517100
2025-04-09,171.3515167236328,179.83999633789062,180.60000610351562,164.38999938964844,168.3000030517578,18977800
2025-04-10,165.97772216796875,174.1999969482422,178.0,164.97000122070312,177.75,13970000
2025-04-11,166.78762817382812,175.0500030517578,176.97000122070312,169.3300018310547,173.80999755859375,9047700
2025-04-14,170.64646911621094,179.10000610351562,180.19000244140625,176.1999969482422,177.44000244140625,7164400
2025-04-15,170.01181030273438,176.8000030517578,180.5,176.30999755859375,177.6999969482422,8078500
2025-04-16,165.08836364746094,171.67999267578125,176.85000610351562,169.75,176.52999877929688,9459300
2025-04-17,166.3480987548828,172.99000549316406,175.1999969482422,171.91000366210938,172.57000732421875,8998100
2025-04-21,163.62673950195312,170.16000366210938,174.1699981689453,168.5399932861328,173.47000122070312,7364600
2025-04-22,167.1077423095703,173.77999877929688,174.66000366210938,170.91000366210938,171.0800018310547,6191900
2025-04-23,170.252197265625,177.0500030517578,178.14999389648438,174.39999389648438,175.0,7119700
2025-04-24,173.44473266601562,180.3699951171875,181.49000549316406,176.11000061035156,177.61000061035156,8789400
2025-04-25,178.916259765625,186.05999755859375,188.6999969482422,179.99000549316406,187.1199951171875,10482100
2025-04-28,184.95510864257812,192.33999633789062,193.1199951171875,187.63999938964844,188.0,10408000
2025-04-29,186.0802001953125,193.50999450683594,195.5399932861328,190.5800018310547,192.58999633789062,6671400
2025-04-30,187.60919189453125,195.10000610351562,195.77999877929688,191.00999450683594,194.49000549316406,8400700
2025-05-01,185.91673278808594,193.33999633789062,195.82000732421875,189.8000030517578,192.8800048828125,5823600
2025-05-02,190.8497772216797,198.47000122070312,198.97999572753906,194.6300048828125,195.1699981689453,6424800
2025-05-05,188.54193115234375,196.07000732421875,198.5,195.02999877929688,198.47000122070312,5121500
2025-05-06,179.9644012451172,187.14999389648438,195.82000732421875,185.74000549316406,195.5,9392000
2025-05-07,180.8683319091797,188.08999633789062,190.17999267578125,186.75,188.1699981689453,5771700
2025-05-08,178.45469665527344,185.5800018310547,186.66000366210938,181.63999938964844,184.1300048828125,8816700
2025-05-09,177.51231384277344,184.60000610351562,189.77000427246094,184.22999572753906,185.75,7806100
2025-05-12,182.77230834960938,190.07000732421875,192.69000244140625,180.0,180.0,12792700
2025-05-13,180.7817840576172,188.0,189.75999450683594,185.41000366210938,189.02999877929688,7523800
2025-05-14,170.627197265625,177.44000244140625,187.64999389648438,176.60000610351562,186.52000427246094,12212000
2025-05-15,174.7044219970703,181.67999267578125,182.11000061035156,176.57000732421875,178.02000427246094,12073300
2025-05-16,176.95457458496094,184.02000427246094,184.07000732421875,180.52000427246094,181.3000030517578,6152800
2025-05-19,178.57969665527344,185.7100067138672,185.8000030517578,182.50999450683594,184.22000122070312,5216700
2025-05-20,177.75271606445312,184.85000610351562,186.0,183.63999938964844,184.86000061035156,5505100
2025-05-21,174.81982421875,181.8000030517578,184.80999755859375,181.5399932861328,183.92999267578125,5140900
2025-05-22,175.53138732910156,182.5399932861328,183.55999755859375,180.25,181.41000366210938,4689200
2025-05-23,176.2237548828125,183.25999450683594,184.1199951171875,181.72000122070312,182.3699951171875,4027000
2025-05-27,178.58932495117188,185.72000122070312,185.99000549316406,183.89999389648438,184.27000427246094,5726700
2025-05-28,176.06027221679688,183.08999633789062,186.10000610351562,182.3699951171875,185.35000610351562,4787800
2025-05-29,178.49313354492188,185.6199951171875,186.75,182.69000244140625,183.4600067138672,4925900
2025-05-30,178.96434020996094,186.11000061035156,186.69000244140625,183.00999450683594,185.0,11609000
2025-06-02,179.81053161621094,186.99000549316406,186.99000549316406,183.16000366210938,185.72999572753906,4435600
2025-06-03,180.06056213378906,187.25,188.72999572753906,184.82000732421875,186.89999389648438,5335600
2025-06-04,180.14710998535156,187.33999633789062,190.17999267578125,187.27000427246094,188.41000366210938,4382200
2025-06-05,180.27212524414062,187.47000122070312,188.60000610351562,185.0500030517578,187.5,4417900
2025-06-06,182.54150390625,189.8300018310547,190.49000549316406,188.3000030517578,188.49000549316406,3607800
2025-06-09,181.89724731445312,189.16000366210938,191.7899932861328,189.00999450683594,190.50999450683594,4661500
2025-06-10,182.22418212890625,189.5,191.8800048828125,188.8000030517578,189.0399932861328,4087500
2025-06-11,184.1473846435547,191.5,192.72000122070312,189.05999755859375,189.33999633789062,3908000
2025-06-12,185.0320587158203,192.4199981689453,193.58999633789062,187.41000366210938,192.1999969482422,5781400
2025-06-13,183.74351501464844,191.0800018310547,193.47000122070312,190.2899932861328,191.55999755859375,4965700
2025-06-16,183.53195190429688,190.86000061035156,191.66000366210938,188.92999267578125,190.89999389648438,4203900
2025-06-17,178.3585205078125,185.47999572753906,190.61000061035156,185.02999877929688,189.16000366210938,4733900
2025-06-18,178.36814880371094,185.49000549316406,187.1199951171875,183.6999969482422,185.25,3573200
2025-06-20,178.18544006347656,185.3000030517578,187.10000610351562,184.16000366210938,186.08999633789062,12158100
2025-06-23,176.70455932617188,183.75999450683594,185.8000030517578,182.3000030517578,184.49000549316406,5157900
2025-06-24,178.4258270263672,185.5500030517578,186.13999938964844,183.19000244140625,184.52000427246094,4074400
2025-06-25,178.27197265625,185.38999938964844,187.08999633789062,184.63999938964844,185.3000030517578,4471100
2025-06-26,179.6182403564453,186.7899932861328,188.99000549316406,185.7899932861328,186.52999877929688,5734000
2025-06-27,175.31024169921875,182.30999755859375,188.0,181.72999572753906,187.89999389648438,29264700
2025-06-30,178.49313354492188,185.6199951171875,186.25,181.75,182.42999267578125,6482600
2025-07-01,182.6953582763672,189.99000549316406,191.75999450683594,184.38999938964844,185.00999450683594,5937600
2025-07-02,183.42617797851562,190.75,192.58999633789062,189.52999877929688,189.6999969482422,4658200
2025-07-03,182.0126190185547,189.27999877929688,191.47000122070312,188.8699951171875,191.14999389648438,3706200
2025-07-07,180.42599487304688,187.6300048828125,191.38999938964844,186.8300018310547,189.44000244140625,11049100
2025-07-08,182.48382568359375,189.77000427246094,193.0,186.6699981689453,186.7899932861328,7106900
2025-07-09,183.30116271972656,190.6199951171875,191.08999633789062,188.32000732421875,188.5,5594100
2025-07-10,187.51300048828125,195.0,197.5,189.55999755859375,190.5,6049400
2025-07-11,185.06089782714844,192.4499969482422,194.0,191.16000366210938,193.88999938964844,4991000
2025-07-14,184.1666259765625,191.52000427246094,192.6699981689453,190.0399932861328,191.72000122070312,4072800
2025-07-15,180.78163146972656,186.38999938964844,190.6699981689453,185.00999450683594,190.2100067138672,6729200
2025-07-16,184.84555053710938,190.5800018310547,191.38999938964844,186.5,186.9199981689453,6202600
2025-07-17,185.640869140625,191.39999389648438,192.1199951171875,188.25999450683594,189.0,4853100
2025-07-18,183.5652618408203,189.25999450683594,192.33999633789062,188.57000732421875,191.50999450683594,5332000
2025-07-21,179.28797912597656,184.85000610351562,189.89999389648438,184.6300048828125,189.6199951171875,4954800
2025-07-22,181.47998046875,187.11000061035156,188.1999969482422,184.89999389648438,184.94000244140625,4432100
2025-07-23,184.8164825439453,190.5500030517578,190.8000030517578,186.77000427246094,187.0500030517578,4344500
2025-07-24,185.0880584716797,190.8300018310547,192.24000549316406,189.99000549316406,190.75999450683594,3462700
2025-07-25,184.55459594726562,190.27999877929688,191.39999389648438,188.52999877929688,191.39999389648438,3786800
2025-07-28,182.84754943847656,188.52000427246094,191.2100067138672,187.63999938964844,191.2100067138672,3776900
2025-07-29,185.46630859375,191.22000122070312,192.49000549316406,187.86000061035156,189.14999389648438,6715500
2025-07-30,183.61376953125,189.30999755859375,192.6999969482422,188.00999450683594,191.77000427246094,5008400
2025-07-31,183.33251953125,189.02000427246094,198.8300018310547,187.6199951171875,197.05999755859375,10347900
2025-08-01,189.34593200683594,195.22000122070312,197.05999755859375,189.7899932861328,189.9199981689453,8082000
2025-08-04,191.2566680908203,197.19000244140625,197.3699951171875,193.72000122070312,194.80999755859375,4217500
2025-08-05,192.57574462890625,198.5500030517578,199.88999938964844,196.47999572753906,197.5500030517578,4153400
2025-08-06,190.39344787597656,196.3000030517578,198.0500030517578,194.6699981689453,197.22999572753906,4057200
2025-08-07,192.87643432617188,198.86000061035156,199.8300018310547,196.5,197.0500030517578,4683300
2025-08-08,192.09078979492188,198.0500030517578,200.3300018310547,197.13999938964844,199.0800018310547,4101700
2025-08-11,192.66302490234375,198.63999938964844,199.42999267578125,196.88999938964844,198.17999267578125,6067800
2025-08-12,192.66302490234375,198.63999938964844,200.02000427246094,197.0500030517578,198.08999633789062,3049800
2025-08-13,195.4078826904297,201.47000122070312,201.72000122070312,199.2100067138672,199.75999450683594,3558500
2025-08-14,198.5212860107422,204.67999267578125,205.05999755859375,200.86000061035156,201.8000030517578,4635400
2025-08-15,200.4708251953125,206.69000244140625,206.83999633789062,204.32000732421875,205.91000366210938,4430900
2025-08-18,200.35443115234375,206.57000732421875,208.33999633789062,205.9600067138672,206.60000610351562,6083500
2025-08-19,199.98587036132812,206.19000244140625,207.8000030517578,205.10000610351562,206.52999877929688,3975500
2025-08-20,202.85679626464844,209.14999389648438,211.69000244140625,206.64999389648438,206.64999389648438,5782100
2025-08-21,203.19625854492188,209.5,212.4499969482422,208.8699951171875,209.13999938964844,5323900
2025-08-22,204.26318359375,210.60000610351562,211.47000122070312,207.1199951171875,210.83999633789062,5516900
2025-08-25,201.30494689941406,207.5500030517578,211.3000030517578,207.0500030517578,210.3000030517578,2796200
2025-08-26,202.090576171875,208.36000061035156,208.5800018310547,206.57000732421875,207.52000427246094,3702900
2025-08-27,201.79959106445312,208.05999755859375,210.4199981689453,207.80999755859375,208.82000732421875,3459100
2025-08-28,201.66380310058594,207.9199981689453,208.00999450683594,205.49000549316406,207.64999389648438,4523100
2025-08-29,204.06919860839844,210.39999389648438,211.0,207.89999389648438,208.0,4264700
2025-09-02,205.54345703125,211.9199981689453,212.16000366210938,208.99000549316406,210.13999938964844,4335500
2025-09-03,205.48526000976562,211.86000061035156,213.4199981689453,211.47999572753906,212.4199981689453,3973500
2025-09-04,206.59095764160156,213.0,214.19000244140625,211.66000366210938,212.25,3531600
2025-09-05,206.1641845703125,212.55999755859375,214.33999633789062,211.0,212.5500030517578,4465400
2025-09-08,203.4775390625,209.7899932861328,212.0,207.61000061035156,210.99000549316406,5525500
2025-09-09,204.0885772705078,210.4199981689453,210.72000122070312,209.1199951171875,209.52999877929688,3097100
2025-09-10,205.27188110351562,211.63999938964844,212.27000427246094,208.44000244140625,210.22999572753906,4520600
2025-09-11,213.5937042236328,220.22000122070312,221.77000427246094,216.75,220.35000610351562,7647700
2025-09-12,211.770263671875,218.33999633789062,220.3800048828125,218.22999572753906,219.1199951171875,4418800
2025-09-15,211.062255859375,217.61000061035156,219.60000610351562,214.30999755859375,219.60000610351562,5162100
2025-09-16,209.7528533935547,216.25999450683594,218.7100067138672,215.83999633789062,218.3300018310547,4251000
2025-09-17,214.16595458984375,220.80999755859375,221.5500030517578,217.3000030517578,219.10000610351562,5258400
2025-09-18,215.3104705810547,221.99000549316406,222.07000732421875,219.9199981689453,221.07000732421875,4445600
2025-09-19,215.77601623535156,222.47000122070312,223.49000549316406,221.58999633789062,222.4199981689453,14415100
2025-09-22,215.8924102783203,222.58999633789062,225.16000366210938,221.42999267578125,222.4600067138672,5990700
2025-09-23,215.91180419921875,222.61000061035156,224.39999389648438,221.92999267578125,222.00999450683594,4629900
2025-09-24,213.37063598632812,219.99000549316406,222.24000549316406,218.5399932861328,222.0,5074500
2025-09-25,211.96426391601562,218.5399932861328,222.25999450683594,218.02999877929688,220.10000610351562,6666000
2025-09-26,213.97198486328125,220.61000061035156,221.47999572753906,217.6699981689453,220.6300048828125,4185600
2025-09-29,216.4452362060547,223.16000366210938,223.24000549316406,219.7899932861328,220.75,4958400
2025-09-30,224.57310485839844,231.5399932861328,232.35000610351562,222.57000732421875,223.05999755859375,9187300
2025-10-01,237.02676391601562,244.3800048828125,244.80999755859375,232.0,233.63999938964844,12243100
2025-10-02,229.44204711914062,236.55999755859375,242.6699981689453,234.52000427246094,240.88999938964844,8107700
2025-10-03,226.87179565429688,233.91000366210938,238.83999633789062,233.7100067138672,236.89999389648438,6547300
2025-10-06,223.26373291015625,230.19000244140625,232.9499969482422,227.9199981689453,231.7100067138672,11940300
2025-10-07,225.82427978515625,232.8300018310547,234.0800018310547,227.58999633789062,231.2899932861328,4901000
2025-10-08,224.28213500976562,231.24000549316406,233.0,229.67999267578125,231.47999572753906,5412800
2025-10-09,223.74867248535156,230.69000244140625,233.7899932861328,230.6199951171875,233.27000427246094,4607600
2025-10-10,223.5643768310547,230.5,234.67999267578125,230.5,231.50999450683594,6156900
2025-10-13,223.37042236328125,230.3000030517578,233.80999755859375,229.22000122070312,230.0,5411900
2025-10-14,222.23561096191406,229.1300048828125,230.64999389648438,227.50999450683594,228.07000732421875,5527600
2025-10-15,220.9949493408203,226.22000122070312,228.9499969482422,225.32000732421875,227.1999969482422,5459400
2025-10-16,221.6299285888672,226.8699951171875,228.11000061035156,225.4600067138672,226.22000122070312,4737500
2025-10-17,224.26759338378906,229.57000732421875,230.7100067138672,226.80999755859375,227.52000427246094,7150000
2025-10-20,226.70005798339844,232.05999755859375,232.25999450683594,230.0,231.0,5246700
2025-10-21,226.0455322265625,231.38999938964844,232.80999755859375,229.8300018310547,232.14999389648438,3298100
2025-10-22,223.39813232421875,228.67999267578125,232.16000366210938,228.42999267578125,231.6699981689453,3523500
2025-10-23,222.97805786132812,228.25,229.86000061035156,227.25,228.99000549316406,5818000
2025-10-24,222.72409057617188,227.99000549316406,229.0399932861328,226.25,228.77999877929688,3554700
2025-10-27,222.7631378173828,228.02999877929688,228.60000610351562,227.1199951171875,227.9499969482422,2784400
2025-10-28,222.28443908691406,227.5399932861328,228.39999389648438,224.30999755859375,227.0,3724200
2025-10-29,219.9398956298828,225.13999938964844,228.0,224.0399932861328,227.6199951171875,5469300
2025-10-30,222.92919921875,228.1999969482422,229.64999389648438,226.41000366210938,227.0500030517578,5020700
2025-10-31,213.00387573242188,218.0399932861328,223.8699951171875,216.0,223.0,10825300
2025-11-03,207.06431579589844,211.9600067138672,219.0,211.69000244140625,216.67999267578125,8874300
2025-11-04,210.90353393554688,215.88999938964844,217.0800018310547,212.3699951171875,212.3699951171875,6184000
2025-11-05,211.7632293701172,216.77000427246094,217.42999267578125,212.60000610351562,215.74000549316406,4928200
2025-11-06,213.9807891845703,219.0399932861328,219.67999267578125,215.64999389648438,215.88999938964844,6615300
2025-11-07,214.0980224609375,219.16000366210938,220.99000549316406,217.08999633789062,219.30999755859375,4647900
2025-11-10,213.65841674804688,218.7100067138672,219.86000061035156,216.14999389648438,217.0,4530800
2025-11-11,219.9691925048828,225.1699981689453,225.4199981689453,219.0,219.0,4802400
2025-11-12,227.843017578125,233.22999572753906,234.0,225.2899932861328,225.39999389648438,8583200
2025-11-13,226.92474365234375,232.2899932861328,239.2899932861328,232.16000366210938,233.74000549316406,7968500
2025-11-14,226.99313354492188,232.36000061035156,235.0,230.32000732421875,233.61000061035156,5461500
2025-11-17,228.5952606201172,234.0,235.35000610351562,229.22999572753906,233.25999450683594,5023100
2025-11-18,228.46824645996094,233.8699951171875,237.19000244140625,232.11000061035156,235.0,6232600
2025-11-19,227.53042602539062,232.91000366210938,238.14999389648438,230.36000061035156,233.5399932861328,7618400
2025-11-20,224.1503448486328,229.4499969482422,234.9499969482422,228.0,233.25999450683594,4283600
2025-11-21,230.82257080078125,236.27999877929688,238.00999450683594,230.13999938964844,230.5500030517578,8017600
2025-11-24,224.20895385742188,229.50999450683594,237.6199951171875,228.47999572753906,236.0,10225900
2025-11-25,226.44606018066406,231.8000030517578,234.0800018310547,230.30999755859375,230.32000732421875,7134100
2025-11-26,222.40170288085938,227.66000366210938,232.47999572753906,226.63999938964844,232.0399932861328,5920800
2025-11-28,222.44076538085938,227.6999969482422,228.08999633789062,225.50999450683594,226.85000610351562,2655600
2025-12-01,219.9105987548828,225.11000061035156,229.49000549316406,223.97999572753906,227.19000244140625,5208300
2025-12-02,219.1876678466797,224.3699951171875,226.6300048828125,223.11000061035156,224.82000732421875,5096700
2025-12-03,224.92210388183594,230.24000549316406,230.7899932861328,224.52000427246094,224.83999633789062,4872900
2025-12-04,223.4274444580078,228.7100067138672,230.94000244140625,227.58999633789062,230.11000061035156,3732900
2025-12-05,220.85818481445312,226.0800018310547,229.25,225.0500030517578,228.92999267578125,3985200
2025-12-08,217.966552734375,223.1199951171875,226.1199951171875,222.38999938964844,226.0800018310547,4006100
2025-12-09,217.8395538330078,222.99000549316406,224.82000732421875,220.22999572753906,223.88999938964844,4267900
2025-12-10,219.9789581298828,225.17999267578125,225.97999572753906,221.0,225.0,8735200
2025-12-11,218.8066864013672,223.97999572753906,225.9600067138672,222.24000549316406,225.5399932861328,4170600
2025-12-12,218.1619415283203,223.32000732421875,223.82000732421875,221.10000610351562,223.69000244140625,5467600
2025-12-15,222.19654846191406,227.4499969482422,228.3000030517578,223.55999755859375,224.24000549316406,5971900
2025-12-16,218.50384521484375,223.6699981689453,226.83999633789062,221.91000366210938,226.41000366210938,6405900
2025-12-17,219.12905883789062,224.30999755859375,226.41000366210938,222.86000061035156,223.8800048828125,5243400
2025-12-18,217.67347717285156,222.82000732421875,226.25999450683594,222.7899932861328,224.0,4760400
2025-12-19,221.5811004638672,226.82000732421875,229.47000122070312,222.35000610351562,222.9499969482422,18968800
2025-12-22,222.6459197998047,227.91000366210938,228.64999389648438,224.25,226.11000061035156,4828100
2025-12-23,223.5055694580078,228.7899932861328,230.7899932861328,227.91000366210938,228.22000122070312,3612100
2025-12-24,224.58018493652344,229.88999938964844,230.8000030517578,228.97999572753906,229.4600067138672,1744900
2025-12-26,224.66810607910156,229.97999572753906,230.61000061035156,228.67999267578125,229.82000732421875,1593900
2025-12-29,225.50823974609375,230.83999633789062,232.02000427246094,229.74000549316406,230.14999389648438,3803000
2025-12-30,224.43365478515625,229.74000549316406,231.2100067138672,228.6199951171875,230.77000427246094,2348000
2025-12-31,223.2125244140625,228.49000549316406,230.25,228.42999267578125,229.74000549316406,3196900
2026-01-02,224.01358032226562,229.30999755859375,230.74000549316406,225.7100067138672,228.74000549316406,3336800
2026-01-05,215.09445190429688,220.17999267578125,227.24000549316406,217.86000061035156,227.0,9341300
2026-01-06,218.75784301757812,223.92999267578125,224.1999969482422,219.5500030517578,219.75,9151700
2026-01-07,228.02865600585938,233.4199981689453,237.0399932861328,224.74000549316406,225.24000549316406,10285400
2026-01-08,218.95323181152344,224.1300048828125,231.5399932861328,223.1199951171875,231.1300048828125,9365900
2026-01-09,214.99676513671875,220.0800018310547,225.1199951171875,219.0,223.75,6714200
2026-01-12,214.9576873779297,220.0399932861328,222.49000549316406,218.38999938964844,221.19000244140625,6546100
2026-01-13,215.6512908935547,220.75,220.75,215.85000610351562,219.52999877929688,4872600
2026-01-14,216.7649688720703,221.88999938964844,223.33999633789062,217.0,221.0,8426400
2026-01-15,211.74366760253906,216.75,223.02999877929688,215.8300018310547,222.52000427246094,6954200
2026-01-16,211.08389282226562,214.35000610351562,217.35000610351562,213.8800048828125,215.61000061035156,8649700
2026-01-20,210.7786102294922,214.0399932861328,214.0399932861328,209.9600067138672,211.6999969482422,8251400
2026-01-21,212.8564453125,216.14999389648438,218.0,211.57000732421875,212.47000122070312,10727100
2026-01-22,214.78659057617188,218.11000061035156,219.0500030517578,214.75999450683594,216.27999877929688,5650900
2026-01-23,215.9190673828125,219.25999450683594,219.82000732421875,215.8800048828125,217.25999450683594,5816400
2026-01-26,217.40606689453125,220.77000427246094,221.47999572753906,218.5,219.11000061035156,6553400
2026-01-27,220.51791381835938,223.92999267578125,226.86000061035156,220.64999389648438,220.8800048828125,5747400
2026-01-28,215.3380584716797,218.6699981689453,224.02999877929688,216.6999969482422,223.60000610351562,5215800
2026-01-29,217.07122802734375,220.42999267578125,224.13999938964844,218.0,218.0,7834000
2026-01-30,219.61192321777344,223.00999450683594,224.02000427246094,219.55999755859375,220.50999450683594,6622200
2026-02-02,222.2018585205078,225.63999938964844,229.7899932861328,224.4199981689453,224.85000610351562,5413000
2026-02-03,222.2215576171875,225.66000366210938,228.6999969482422,223.63999938964844,223.9499969482422,8158500
2026-02-04,213.80181884765625,217.11000061035156,220.85000610351562,204.27000427246094,209.77999877929688,15319700
2026-02-05,215.68272399902344,219.02000427246094,219.8699951171875,214.0399932861328,216.89999389648438,10794000
2026-02-06,220.0255126953125,223.42999267578125,225.82000732421875,218.5,218.75,6067100
2026-02-09,219.8581085205078,223.25999450683594,223.9600067138672,220.1199951171875,223.4199981689453,6767700
2026-02-10,219.0506134033203,222.44000244140625,225.80999755859375,221.94000244140625,223.75,6044500
2026-02-11,217.52423095703125,220.88999938964844,224.14999389648438,218.0500030517578,222.27000427246094,8072400
2026-02-12,224.0335235595703,227.5,229.0500030517578,220.91000366210938,221.57000732421875,8712000
2026-02-13,227.97256469726562,231.5,234.74000549316406,228.0,228.4199981689453,8252200
2026-02-17,229.3118438720703,232.86000061035156,235.25,231.19000244140625,232.66000366210938,7336400
2026-02-18,225.23492431640625,228.72000122070312,234.0,226.07000732421875,234.0,5495100
2026-02-19,220.9315185546875,224.35000610351562,229.3699951171875,223.02000427246094,228.97000122070312,5410800
2026-02-20,221.38449096679688,224.80999755859375,226.69000244140625,223.11000061035156,225.0399932861328,6830300
2026-02-23,225.98333740234375,229.47999572753906,231.42999267578125,225.7899932861328,225.82000732421875,5463200
2026-02-24,224.95919799804688,228.44000244140625,230.75999450683594,227.6699981689453,229.0,4880800
2026-02-25,223.4623565673828,226.9199981689453,232.5500030517578,226.47999572753906,229.7100067138672,5410900
2026-02-26,221.26632690429688,224.69000244140625,227.77999877929688,221.1300048828125,227.58999633789062,5331300
2026-02-27,228.54373168945312,232.0800018310547,232.27000427246094,225.05999755859375,225.10000610351562,8018100
2026-03-02,230.6905059814453,234.25999450683594,235.66000366210938,231.89999389648438,233.66000366210938,7438800
2026-03-03,230.29660034179688,233.86000061035156,235.7100067138672,230.24000549316406,233.36000061035156,6595700
2026-03-04,232.5911102294922,236.19000244140625,237.11000061035156,232.0800018310547,233.55999755859375,5380800
2026-03-05,228.80963134765625,232.35000610351562,234.8000030517578,228.0,233.4199981689453,9423100
2026-03-06,226.60374450683594,230.11000061035156,231.60000610351562,226.8000030517578,230.36000061035156,6139600
2026-03-09,223.98428344726562,227.4499969482422,230.67999267578125,223.22999572753906,229.97000122070312,7915800
2026-03-10,223.5509796142578,227.00999450683594,231.27000427246094,226.16000366210938,227.66000366210938,6466800
2026-03-11,224.2107696533203,227.67999267578125,229.2899932861328,225.3000030517578,226.0500030517578,5299200
2026-03-12,221.9359588623047,225.3699951171875,227.80999755859375,223.57000732421875,225.1199951171875,7607000
2026-03-13,216.33267211914062,219.67999267578125,228.6199951171875,219.44000244140625,226.88999938964844,5676100
2026-03-16,218.07569885253906,221.4499969482422,224.3699951171875,220.32000732421875,221.08999633789062,3991800
2026-03-17,216.41143798828125,219.75999450683594,223.27999877929688,219.75999450683594,222.0399932861328,4405700
2026-03-18,205.1654510498047,208.33999633789062,219.0,207.60000610351562,218.5,8597000
2026-03-19,203.0876007080078,206.22999572753906,210.42999267578125,204.3000030517578,208.3699951171875,7006800
2026-03-20,201.94529724121094,205.07000732421875,207.77999877929688,203.05999755859375,206.27000427246094,27982400
2026-03-23,201.8074188232422,204.92999267578125,208.6199951171875,203.22000122070312,207.36000061035156,7419900
2026-03-24,202.0733184814453,205.1999969482422,206.00999450683594,201.8000030517578,203.0399932861328,6990500
2026-03-25,204.02313232421875,207.17999267578125,209.67999267578125,205.86000061035156,206.86000061035156,6000100
2026-03-26,207.90309143066406,211.1199951171875,211.4499969482422,205.75999450683594,207.19000244140625,4576300
2026-03-27,206.2093048095703,209.39999389648438,213.49000549316406,209.1199951171875,211.4199981689453,5654000
2026-03-30,209.87261962890625,213.1199951171875,213.94000244140625,210.77999877929688,212.25999450683594,7491200
2026-03-31,214.17604064941406,217.49000549316406,219.1699981689453,214.85000610351562,215.05999755859375,8311700
2026-04-01,211.70428466796875,214.97999572753906,220.4499969482422,213.75,218.3699951171875,5702800
2026-04-02,205.6578369140625,208.83999633789062,214.55999755859375,207.7100067138672,213.99000549316406,5151100
2026-04-06,203.5406036376953,206.69000244140625,209.0,205.3000030517578,207.0399932861328,4929100
2026-04-07,203.22547912597656,206.3699951171875,206.49000549316406,201.66000366210938,206.22999572753906,8801600
2026-04-08,208.36593627929688,211.58999633789062,212.22000122070312,204.55999755859375,206.25999450683594,5477500
2026-04-09,209.16358947753906,212.39999389648438,213.50999450683594,208.74000549316406,209.47999572753906,4477800
2026-04-10,204.7715606689453,207.94000244140625,214.10000610351562,207.75,213.5500030517578,4633200
2026-04-13,203.32395935058594,206.47000122070312,208.0800018310547,203.00999450683594,206.42999267578125,7532500
2026-04-14,207.0561981201172,210.25999450683594,210.4199981689453,204.05999755859375,204.8000030517578,6199400
2026-04-15,206.9469757080078,208.4199981689453,209.82000732421875,205.5500030517578,208.99000549316406,5952100
2026-04-16,207.51295471191406,208.99000549316406,209.66000366210938,206.52000427246094,207.77999877929688,5075400
2026-04-17,206.9072723388672,208.3800048828125,212.35000610351562,207.82000732421875,209.66000366210938,8986600
2026-04-20,202.27027893066406,203.7100067138672,208.3300018310547,202.83999633789062,207.94000244140625,5774300
2026-04-21,203.67030334472656,205.1199951171875,206.1999969482422,200.9199981689453,204.00999450683594,7772100
2026-04-22,199.08294677734375,200.5,205.99000549316406,199.80999755859375,205.1699981689453,7646200
2026-04-23,199.52976989746094,200.9499969482422,202.75999450683594,200.41000366210938,201.0500030517578,7461100
2026-04-24,197.3056182861328,198.7100067138672,200.25,197.13999938964844,198.92999267578125,7605800
2026-04-27,195.98501586914062,197.3800048828125,201.4199981689453,196.22999572753906,198.0,7467600
2026-04-28,196.29281616210938,197.69000244140625,199.17999267578125,196.44000244140625,198.6699981689453,6313100
2026-04-29,202.44898986816406,203.88999938964844,205.8300018310547,190.75,192.0,10406300
2026-04-30,209.8264923095703,211.32000732421875,214.8699951171875,208.1699981689453,209.0,10319200
2026-05-01,205.1398468017578,206.60000610351562,211.0,205.57000732421875,211.0,6343100
2026-05-04,206.68882751464844,208.16000366210938,208.33999633789062,204.8699951171875,205.7100067138672,4579300
2026-05-05,204.65330505371094,206.11000061035156,209.52000427246094,205.8300018310547,208.97000122070312,4490500
2026-05-06,203.5809326171875,205.02999877929688,207.00999450683594,203.55999755859375,206.11000061035156,7290000
2026-05-07,201.27734375,202.7100067138672,207.0,202.02999877929688,204.9199981689453,6681100
2026-05-08,200.1255340576172,201.5500030517578,202.39999389648438,200.02000427246094,201.9199981689453,4915400
2026-05-11,201.34683227539062,202.77999877929688,205.3800048828125,202.00999450683594,202.00999450683594,4931700
2026-05-12,206.39093017578125,207.86000061035156,211.32000732421875,203.50999450683594,204.58999633789062,7044100
2026-05-13,207.0264129638672,208.5,209.52999877929688,204.3000030517578,206.86000061035156,5705700
2026-05-14,209.28038024902344,210.77000427246094,213.50999450683594,208.35000610351562,209.5,5006500
2026-05-15,208.90306091308594,210.38999938964844,214.9199981689453,209.02000427246094,213.10000610351562,5385000
2026-05-18,207.92999267578125,209.41000366210938,211.36000061035156,207.67999267578125,210.3699951171875,5069000
2026-05-19,212.24923706054688,213.75999450683594,215.8000030517578,208.72999572753906,209.89999389648438,7220300
2026-05-20,210.799560546875,212.3000030517578,214.5,211.5,213.36000061035156,5129000
2026-05-21,212.9840087890625,214.5,215.63999938964844,209.5,210.9499969482422,3813800
2026-05-22,214.17552185058594,215.6999969482422,220.00999450683594,215.6999969482422,217.0,5406100
2026-05-26,211.61375427246094,213.1199951171875,217.0500030517578,211.91000366210938,215.9199981689453,4706700
2026-05-27,213.8776397705078,215.39999389648438,215.94000244140625,211.36000061035156,213.1199951171875,4640100
2026-05-28,217.08482360839844,218.6300048828125,219.3800048828125,215.89999389648438,215.89999389648438,5189300
2026-05-29,216.18125915527344,217.72000122070312,219.60000610351562,214.89999389648438,219.02000427246094,7618500
2026-06-01,211.4250946044922,212.92999267578125,216.5,211.50999450683594,215.25999450683594,4858400
2026-06-02,213.8776397705078,215.39999389648438,216.57000732421875,208.99000549316406,211.00999450683594,5861800
2026-06-03,215.59542846679688,217.1300048828125,219.5399932861328,213.72999572753906,214.8000030517578,5667500
2026-06-04,223.3502197265625,224.94000244140625,224.99000549316406,219.83999633789062,222.5,6782000
2026-06-05,225.62403869628906,227.22999572753906,230.47000122070312,226.0,227.3699951171875,6248900
2026-06-08,221.4934539794922,223.07000732421875,228.5800018310547,221.1699981689453,226.75,4915600
2026-06-09,223.8268280029297,225.4199981689453,227.13999938964844,221.72000122070312,224.8000030517578,4257500
2026-06-10,223.3601531982422,224.9499969482422,227.13999938964844,224.1199951171875,226.92999267578125,4147300
2026-06-11,223.18142700195312,224.77000427246094,227.5500030517578,224.0399932861328,226.00999450683594,4569000
2026-06-12,226.12049865722656,227.72999572753906,228.39999389648438,224.32000732421875,227.5,4086500
2026-06-15,220.02389526367188,221.58999633789062,226.5,220.0,226.0,5261900
2026-06-16,220.89767456054688,222.47000122070312,223.5,219.14999389648438,223.30999755859375,5945500
2026-06-17,219.66644287109375,221.22999572753906,222.83999633789062,218.8300018310547,222.39999389648438,5624200
2026-06-18,214.95994567871094,216.49000549316406,222.35000610351562,215.3699951171875,221.3699951171875,9646100
2026-06-22,228.38438415527344,230.00999450683594,232.32000732421875,221.94000244140625,221.94000244140625,9912800
2026-06-23,233.10081481933594,234.75999450683594,235.30999755859375,231.3000030517578,232.97000122070312,7365600
2026-06-24,233.2299041748047,234.88999938964844,237.36000061035156,232.85000610351562,236.35000610351562,7311000
2026-06-25,241.4215850830078,243.13999938964844,244.61000061035156,233.66000366210938,233.66000366210938,10278100
2026-06-26,251.55943298339844,253.35000610351562,253.35000610351562,244.66000366210938,245.25999450683594,52635100
2026-06-29,252.5126495361328,254.30999755859375,255.99000549316406,249.1999969482422,253.0500030517578,9760500
2026-06-30,249.86151123046875,251.63999938964844,255.5,250.10000610351562,255.0,6999700
2026-07-01,249.28561401367188,251.05999755859375,251.8000030517578,247.55999755859375,250.75,6988000
2026-07-02,259.2248840332031,261.07000732421875,261.6400146484375,250.50999450683594,252.3000030517578,7113400
2026-07-06,252.95945739746094,254.75999450683594,260.9200134277344,253.60000610351562,259.9200134277344,8580200
2026-07-07,252.85023498535156,254.64999389648438,260.3500061035156,254.27000427246094,257.2099914550781,8238300
2026-07-08,250.95375061035156,252.74000549316406,255.82000732421875,250.6999969482422,253.25,7578700
2026-07-09,248.1437530517578,249.91000366210938,254.86000061035156,247.99000549316406,251.1999969482422,5526000
2026-07-10,246.32667541503906,248.0800018310547,251.66000366210938,245.0500030517578,251.00999450683594,5780700
2026-07-13,246.2472381591797,248.0,249.74000549316406,244.61000061035156,248.3699951171875,4156400
2026-07-14,243.0500030517578,244.77999877929688,246.4199981689453,243.19000244140625,245.99000549316406,5246800
2026-07-15,244.11000061035156,244.11000061035156,247.75,243.07000732421875,243.32000732421875,6389000
2026-07-16,254.38999938964844,254.38999938964844,254.5399932861328,243.5,244.75,6555500
2026-07-17,254.49000549316406,254.49000549316406,260.9599914550781,254.2899932861328,257.0,6872400
2026-07-20,253.3800048828125,253.3800048828125,256.1499938964844,252.67999267578125,253.10000610351562,4332400
2026-07-21,256.1000061035156,256.1000061035156,257.05999755859375,252.60000610351562,253.6999969482422,4819300
2026-07-22,253.3000030517578,253.3000030517578,257.80999755859375,252.25,257.80999755859375,4953200
2026-07-23,256.9200134277344,256.9200134277344,258.3800048828125,253.10000610351562,253.97999572753906,4622700
2026-07-24,259.3599853515625,259.3599853515625,260.2200012207031,256.7699890136719,258.5400085449219,4195000
2026-07-27,256.9100036621094,256.9100036621094,262.1000061035156,256.7799987792969,259.0,5404400
2026-07-28,263.20001220703125,263.20001220703125,266.9200134277344,261.45001220703125,262.8299865722656,7058400
2026-07-29,263.29998779296875,263.29998779296875,267.4700012207031,262.760009765625,264.2099914550781,5562300
2026-07-30,257.4100036621094,257.4100036621094,259.8900146484375,253.50999450683594,258.3800048828125,6403400
2026-07-31,250.94000244140625,250.94000244140625,255.52000427246094,247.0,252.5399932861328,7258200
2026-08-03,245.10000610351562,245.10000610351562,256.20001220703125,244.44000244140625,251.4499969482422,7435600
2026-08-04,243.8000030517578,243.8000030517578,246.91000366210938,242.38999938964844,246.74000549316406,8028800
2026-08-05,246.1999969482422,246.1999969482422,249.3800048828125,243.75999450683594,247.0,5193700
2026-08-06,243.8699951171875,243.8699951171875,249.9499969482422,241.1999969482422,249.0399932861328,4570200
2026-08-07,246.0399932861328,246.0399932861328,246.75999450683594,241.9499969482422,243.6199951171875,4930700
2026-08-10,247.97000122070312,247.97000122070312,248.00999450683594,244.02999877929688,245.64999389648438,4209500
2026-08-12,248.75999450683594,248.75999450683594,250.08999633789062,245.52000427246094,245.97999572753906,3780500
2026-08-13,250.82000732421875,250.82000732421875,255.3000030517578,249.35000610351562,252.94000244140625,4370400
2026-08-14,249.4600067138672,249.4600067138672,250.61000061035156,247.67999267578125,250.60000610351562,4195000
2026-08-17,250.3300018310547,250.3300018310547,251.49000549316406,248.30999755859375,249.49000549316406,4648600
2026-08-18,258.9200134277344,258.9200134277344,259.17999267578125,252.41000366210938,253.92999267578125,3756593
