Price,Adj Close,Close,High,Low,Open,Volume
Ticker,AET,AET,AET,AET,AET,AET
Date,,,,,,
1995-12-14,7.843266487121582,8.71875,8.71875,8.5625,8.5625,3943200
1995-12-15,8.025996208190918,8.921875,8.921875,8.796875,8.8125,2577000
1995-12-18,7.913547039031982,8.796875,8.90625,8.765625,8.90625,1046000
1995-12-19,7.899492263793945,8.78125,8.8125,8.71875,8.765625,1140000
1995-12-20,8.054107666015625,8.953125,8.984375,8.8125,8.8125,745400
1995-12-21,8.054107666015625,8.953125,9.0,8.9375,8.96875,646400
1995-12-22,8.12439250946045,9.03125,9.0625,8.953125,8.953125,828200
1995-12-26,8.08222484588623,8.984375,9.0,8.953125,8.984375,212600
1995-12-27,7.927600383758545,8.8125,8.96875,8.765625,8.953125,815800
1995-12-28,7.899492263793945,8.78125,8.78125,8.703125,8.765625,272800
1995-12-29,7.787046432495117,8.65625,8.78125,8.609375,8.78125,493400
1996-01-02,7.829214572906494,8.703125,8.75,8.546875,8.59375,1095000
1996-01-03,7.857326030731201,8.734375,8.734375,8.65625,8.71875,1899800
1996-01-04,7.843266487121582,8.71875,8.8125,8.671875,8.71875,1872400
1996-01-05,7.899492263793945,8.78125,8.78125,8.703125,8.71875,1389000
1996-01-08,7.857326030731201,8.734375,8.75,8.71875,8.75,397400
1996-01-09,7.815155029296875,8.6875,8.734375,8.65625,8.71875,455200
1996-01-10,7.604316234588623,8.453125,8.6875,8.453125,8.65625,1247600
1996-01-11,7.548091411590576,8.390625,8.5,8.359375,8.453125,1925200
1996-01-12,7.618370056152344,8.46875,8.46875,8.296875,8.40625,736800
1996-01-15,7.885434627532959,8.765625,8.765625,8.453125,8.46875,943400
1996-01-16,8.025996208190918,8.921875,8.9375,8.765625,8.765625,2128400
1996-01-17,8.025996208190918,8.921875,8.921875,8.84375,8.890625,1992200
1996-01-18,8.12439250946045,9.03125,9.125,8.921875,8.921875,2147800
1996-01-19,8.307117462158203,9.234375,9.421875,9.015625,9.03125,2725000
1996-01-22,8.307117462158203,9.234375,9.296875,9.140625,9.203125,1090600
1996-01-23,8.307117462158203,9.234375,9.234375,9.1875,9.234375,739800
1996-01-24,8.236837387084961,9.15625,9.25,9.125,9.125,1090800
1996-01-25,8.29306411743164,9.21875,9.234375,9.15625,9.171875,720800
1996-01-26,8.307117462158203,9.234375,9.25,9.15625,9.203125,647800
1996-01-29,8.377397537231445,9.3125,9.328125,9.21875,9.21875,502400
1996-01-30,8.377397537231445,9.3125,9.34375,9.234375,9.3125,1089200
1996-01-31,8.377397537231445,9.3125,9.34375,9.265625,9.28125,908600
1996-02-01,8.349286079406738,9.28125,9.3125,9.203125,9.3125,917000
1996-02-02,8.377397537231445,9.3125,9.328125,9.28125,9.328125,746000
1996-02-05,8.349286079406738,9.28125,9.3125,9.140625,9.28125,516200
1996-02-06,8.405511856079102,9.34375,9.375,9.25,9.3125,819600
1996-02-07,8.349286079406738,9.28125,9.390625,9.25,9.3125,1113600
1996-02-08,8.377397537231445,9.3125,9.328125,9.265625,9.28125,1408200
1996-02-09,8.18061351776123,9.09375,9.265625,9.03125,9.234375,1340400
1996-02-12,8.166558265686035,9.078125,9.078125,8.984375,9.03125,1867600
1996-02-13,8.335232734680176,9.265625,9.3125,9.078125,9.078125,1266800
1996-02-14,8.236837387084961,9.15625,9.34375,9.109375,9.28125,958400
1996-02-15,8.208725929260254,9.125,9.234375,9.109375,9.109375,591600
1996-02-16,8.18061351776123,9.09375,9.125,9.046875,9.109375,716400
1996-02-20,8.01193904876709,8.90625,8.90625,8.90625,8.90625,0
1996-02-21,8.01193904876709,8.90625,9.03125,8.828125,8.875,1399800
1996-02-22,8.096277236938477,9.0,9.0,9.0,9.0,0
1996-02-23,8.08222484588623,8.984375,9.0625,8.921875,9.0,983400
1996-02-26,8.068166732788086,8.96875,9.03125,8.953125,9.015625,850000
1996-02-27,8.040054321289062,8.9375,9.015625,8.828125,9.0,725600
1996-02-28,8.040054321289062,8.9375,9.046875,8.9375,8.9375,1080800
1996-02-29,8.503901481628418,9.453125,9.46875,8.9375,8.9375,3140000
1996-03-01,8.461732864379883,9.40625,9.5,9.3125,9.46875,1903800
1996-03-04,8.574178695678711,9.53125,9.609375,9.390625,9.4375,507600
1996-03-05,8.588237762451172,9.546875,9.578125,9.414061546325684,9.46875,600600
1996-03-06,8.827193260192871,9.8125,9.828125,9.5,9.53125,1345000
1996-03-07,8.827193260192871,9.8125,9.84375,9.71875,9.78125,841400
1996-03-08,8.503901481628418,9.453125,9.75,9.4375,9.65625,976000
1996-03-11,8.447677612304688,9.390625,9.46875,9.265625,9.4375,1066000
1996-03-12,8.461732864379883,9.40625,9.453125,9.25,9.359375,1262200
1996-03-13,8.51795482635498,9.46875,9.53125,9.359375,9.4375,741200
1996-03-14,8.433619499206543,9.375,9.453125,9.34375,9.453125,490000
1996-03-15,8.475787162780762,9.421875,9.421875,9.28125,9.359375,504600
1996-03-18,8.574178695678711,9.53125,9.5625,9.390625,9.4375,928600
1996-03-19,8.560125350952148,9.515625,9.546875,9.484375,9.5,1950400
1996-03-20,8.588237762451172,9.546875,9.59375,9.515625,9.515625,633200
1996-03-21,8.532013893127441,9.484375,9.5625,9.484375,9.53125,277400
1996-03-22,8.560125350952148,9.515625,9.53125,9.421875,9.5,254600
1996-03-25,8.574178695678711,9.53125,9.546875,9.46875,9.5,425200
1996-03-26,8.51795482635498,9.46875,9.515625,9.390625,9.484375,397400
1996-03-27,8.560125350952148,9.515625,9.578125,9.453125,9.484375,732800
1996-03-28,8.630406379699707,9.59375,9.65625,9.5,9.53125,695600
1996-03-29,8.489847183227539,9.4375,9.609375,9.4375,9.609375,926400
1996-04-01,8.096277236938477,9.0,9.4375,8.75,9.375,1352400
1996-04-02,8.096277236938477,9.0,9.140625,8.984375,9.046875,1980400
1996-04-03,8.194668769836426,9.109375,9.125,8.96875,9.0,2165800
1996-04-04,8.447677612304688,9.390625,9.390625,9.125,9.125,5092000
1996-04-08,8.279006004333496,9.203125,9.234375,9.046875,9.234375,2075400
1996-04-09,8.068166732788086,8.96875,9.28125,8.828125,9.25,2188800
1996-04-10,7.8713812828063965,8.75,8.984375,8.671875,8.984375,2037200
1996-04-11,7.927600383758545,8.8125,8.8125,8.5625,8.796875,3334400
1996-04-12,8.12439250946045,9.03125,9.0625,8.859375,8.890625,2126200
1996-04-15,8.208725929260254,9.125,9.140625,8.984375,9.015625,1237600
1996-04-16,8.110332489013672,9.015625,9.15625,8.984375,9.15625,2089600
1996-04-17,7.983829021453857,8.875,8.984375,8.84375,8.96875,1499600
1996-04-18,7.955717086791992,8.84375,8.890625,8.796875,8.890625,1110600
1996-04-19,7.8713812828063965,8.75,8.875,8.734375,8.875,975800
1996-04-22,8.040054321289062,8.9375,8.9375,8.75,8.8125,2913600
1996-04-23,7.997886657714844,8.890625,8.90625,8.859375,8.90625,1088600
1996-04-24,7.955717086791992,8.84375,8.9375,8.796875,8.9375,2099400
1996-04-25,7.997886657714844,8.890625,8.890625,8.84375,8.859375,2342000
1996-04-26,8.01193904876709,8.90625,8.953125,8.84375,8.90625,3493400
1996-04-29,8.01193904876709,8.90625,8.9375,8.859375,8.9375,1495200
1996-04-30,8.01193904876709,8.90625,8.953125,8.890625,8.90625,1671200
1996-05-01,7.983829021453857,8.875,8.953125,8.875,8.890625,3062800
1996-05-02,7.702708721160889,8.5625,8.875,8.5,8.875,3296400
1996-05-03,7.632427215576172,8.484375,8.5625,8.390625,8.546875,2551400
1996-05-06,7.56214714050293,8.40625,8.546875,8.34375,8.546875,1478600
1996-05-07,7.548091411590576,8.390625,8.46875,8.390625,8.421875,1379600
1996-05-08,7.660540580749512,8.515625,8.53125,8.359375,8.375,2989200
1996-05-09,7.618370056152344,8.46875,8.53125,8.453125,8.5,1041400
1996-05-10,7.843266487121582,8.71875,8.71875,8.5,8.515625,1490000
1996-05-13,7.885434627532959,8.765625,8.8125,8.734375,8.734375,2110800
1996-05-14,7.983829021453857,8.875,8.921875,8.734375,8.78125,1820400
1996-05-15,7.997886657714844,8.890625,8.984375,8.875,8.90625,1880200
1996-05-16,7.96977424621582,8.859375,8.890625,8.8125,8.859375,854000
1996-05-17,8.054107666015625,8.953125,9.0,8.84375,8.859375,1158800
1996-05-20,8.208725929260254,9.125,9.171875,8.96875,8.96875,1767200
1996-05-21,8.233323097229004,9.152342796325684,9.34375,9.109375,9.15625,2317200
1996-05-22,8.391454696655273,9.328125,9.34375,9.234375,9.28125,1838200
1996-05-23,8.41956615447998,9.359375,9.53125,9.265625,9.328125,1267600
1996-05-24,8.391454696655273,9.328125,9.375,9.3125,9.375,386800
1996-05-28,8.321173667907715,9.25,9.328125,9.234375,9.328125,1342800
1996-05-29,8.250893592834473,9.171875,9.28125,9.171875,9.21875,1063800
1996-05-30,8.236837387084961,9.15625,9.21875,9.0625,9.171875,768800
1996-05-31,8.29306411743164,9.21875,9.265625,9.09375,9.171875,1316800
1996-06-03,8.264952659606934,9.1875,9.234375,9.171875,9.21875,1068200
1996-06-04,8.321173667907715,9.25,9.265625,9.203125,9.21875,882800
1996-06-05,8.29306411743164,9.21875,9.234375,9.203125,9.234375,557200
1996-06-06,8.321173667907715,9.25,9.34375,9.25,9.25,1757600
1996-06-07,8.08222484588623,8.984375,9.140625,8.90625,9.125,2122600
1996-06-10,8.040054321289062,8.9375,8.953125,8.84375,8.9375,2997600
1996-06-11,8.208725929260254,9.125,9.140625,8.953125,8.953125,1655200
1996-06-12,8.166558265686035,9.078125,9.21875,9.078125,9.171875,1339200
1996-06-13,8.194668769836426,9.109375,9.203125,9.078125,9.078125,1694400
1996-06-14,8.236837387084961,9.15625,9.171875,9.078125,9.109375,1398800
1996-06-17,8.194668769836426,9.109375,9.171875,9.015625,9.171875,2156400
1996-06-18,8.279006004333496,9.203125,9.234375,9.078125,9.078125,2536000
1996-06-19,8.307117462158203,9.234375,9.28125,9.1875,9.1875,3366800
1996-06-20,8.194668769836426,9.109375,9.25,9.0625,9.25,2979400
1996-06-21,8.166558265686035,9.078125,9.125,8.8125,9.109375,1616800
1996-06-24,8.138445854187012,9.046875,9.078125,8.984375,9.078125,1229000
1996-06-25,8.12439250946045,9.03125,9.078125,9.0,9.0,2520200
1996-06-26,8.068166732788086,8.96875,9.0,8.921875,9.0,1289600
1996-06-27,8.068166732788086,8.96875,9.0,8.921875,9.0,1747000
1996-06-28,8.040054321289062,8.9375,9.015625,8.9375,8.984375,700000
1996-07-01,8.279006004333496,9.203125,9.234375,8.953125,8.953125,1878400
1996-07-02,8.152502059936523,9.0625,9.203125,9.046875,9.203125,820000
1996-07-03,8.054107666015625,8.953125,9.046875,8.921875,9.046875,1370000
1996-07-05,7.857326030731201,8.734375,8.890625,8.734375,8.890625,1050000
1996-07-08,7.857326030731201,8.734375,8.75,8.421875,8.75,2042400
1996-07-09,7.604316234588623,8.453125,8.484375,8.3125,8.453125,2703800
1996-07-10,7.477810859680176,8.3125,8.328125,8.09375,8.3125,2661000
1996-07-11,7.337250232696533,8.15625,8.15625,6.96875,7.25,2850400
1996-07-12,6.873403072357178,7.640625,7.859375,7.640625,7.6875,6471200
1996-07-15,7.070187091827393,7.859375,7.859375,7.515625,7.859375,5511400
1996-07-16,6.845290184020996,7.609375,7.671875,7.421875,7.609375,4408800
1996-07-17,6.789066314697266,7.546875,7.703125,7.546875,7.6875,5428800
1996-07-18,6.901514053344727,7.671875,7.8125,7.640625,7.65625,3380200
1996-07-19,6.985849380493164,7.765625,7.765625,7.59375,7.765625,3073800
1996-07-22,6.901514053344727,7.671875,7.6875,7.53125,7.671875,3047200
1996-07-23,6.8171772956848145,7.578125,7.578125,7.484375,7.5625,2997800
1996-07-24,6.746898651123047,7.5,7.546875,7.34375,7.40625,4953800
1996-07-25,6.662561416625977,7.40625,7.453125,7.34375,7.40625,1040200
1996-07-26,6.662561416625977,7.40625,7.53125,7.40625,7.5,1950600
1996-07-29,6.746898651123047,7.5,7.53125,7.453125,7.5,918000
1996-07-30,6.718784809112549,7.46875,7.484375,7.265625,7.484375,4248600
1996-07-31,6.606338024139404,7.34375,7.359375,7.21875,7.359375,2516400
1996-08-01,6.536056041717529,7.265625,7.28125,7.203125,7.265625,2988000
1996-08-02,6.522000789642334,7.25,7.375,7.25,7.3125,442400
1996-08-05,6.676617622375488,7.421875,7.59375,7.421875,7.4375,3067600
1996-08-06,6.845290184020996,7.609375,7.78125,7.609375,7.671875,2835000
1996-08-07,6.985849380493164,7.765625,8.125,7.765625,7.796875,3996800
1996-08-08,7.252913951873779,8.0625,8.203125,8.046875,8.0625,1166600
1996-08-09,7.252913951873779,8.0625,8.0625,8.0625,8.0625,0
1996-08-12,7.252913951873779,8.0625,8.0625,8.0625,8.0625,0
1996-08-13,7.252913951873779,8.0625,8.0625,8.0625,8.0625,0
1996-08-14,7.252913951873779,8.0625,8.0625,8.0625,8.0625,0
1996-08-15,7.449697017669678,8.28125,8.28125,8.15625,8.15625,80000
1996-08-16,7.449697017669678,8.28125,8.59375,8.28125,8.3125,1618000
1996-08-19,7.6886515617370605,8.546875,8.6875,8.546875,8.5625,1843600
1996-08-20,7.73082160949707,8.59375,8.609375,8.453125,8.578125,1521200
1996-08-21,7.618370056152344,8.46875,8.484375,8.359375,8.40625,1740000
1996-08-22,7.618370056152344,8.46875,8.5,8.4375,8.46875,867800
1996-08-23,7.618370056152344,8.46875,8.46875,8.390625,8.46875,593400
1996-08-26,7.534036636352539,8.375,8.421875,8.375,8.390625,1000600
1996-08-27,7.548091411590576,8.390625,8.40625,8.34375,8.375,751800
1996-08-28,7.548091411590576,8.390625,8.453125,8.359375,8.421875,479000
1996-08-29,7.463756084442139,8.296875,8.359375,8.234375,8.296875,687800
1996-08-30,7.463756084442139,8.296875,8.296875,8.171875,8.28125,877800
1996-09-03,7.309140205383301,8.125,8.203125,8.0625,8.1875,882400
1996-09-04,7.548091411590576,8.390625,8.421875,8.078125,8.125,2113600
1996-09-05,7.4918694496154785,8.328125,8.40625,8.28125,8.375,1212400
1996-09-06,7.421586990356445,8.25,8.46875,8.234375,8.359375,1368800
1996-09-09,7.646485805511475,8.5,8.546875,8.25,8.25,947400
1996-09-10,7.618370056152344,8.46875,8.515625,8.421875,8.515625,1073200
1996-09-11,7.646485805511475,8.5,8.53125,8.453125,8.453125,572800
1996-09-12,7.744876861572266,8.609375,8.640625,8.5,8.5,1203400
1996-09-13,7.885434627532959,8.765625,8.78125,8.6875,8.703125,1303800
1996-09-16,7.941658973693848,8.828125,8.84375,8.765625,8.78125,924200
1996-09-17,7.829214572906494,8.703125,8.8125,8.6875,8.8125,1320400
1996-09-18,7.716765880584717,8.578125,8.703125,8.546875,8.703125,487400
1996-09-19,7.632427215576172,8.484375,8.5625,8.46875,8.5625,538000
1996-09-20,7.604316234588623,8.453125,8.484375,8.4375,8.46875,1409000
1996-09-23,7.604316234588623,8.453125,8.46875,8.375,8.453125,742000
1996-09-24,7.604316234588623,8.453125,8.5,8.4375,8.453125,1013600
1996-09-25,7.674597263336182,8.53125,8.546875,8.28125,8.421875,1416600
1996-09-26,7.73082160949707,8.59375,8.609375,8.484375,8.5625,1624600
1996-09-27,7.885434627532959,8.765625,8.796875,8.59375,8.625,1303000
1996-09-30,7.913547039031982,8.796875,8.859375,8.75,8.75,845400
1996-10-01,7.843266487121582,8.71875,8.765625,8.671875,8.765625,2686200
1996-10-02,7.8713812828063965,8.75,8.765625,8.671875,8.734375,4796000
1996-10-03,7.758932113647461,8.625,8.75,8.609375,8.75,6586200
1996-10-04,7.885434627532959,8.765625,8.78125,8.625,8.625,1762400
1996-10-07,7.829214572906494,8.703125,8.78125,8.6875,8.78125,749200
1996-10-08,7.758932113647461,8.625,8.703125,8.59375,8.703125,844200
1996-10-09,7.618370056152344,8.46875,8.546875,8.4375,8.53125,2497400
1996-10-10,7.5199785232543945,8.359375,8.453125,8.296875,8.453125,2192000
1996-10-11,7.421586990356445,8.25,8.359375,8.140625,8.359375,3737200
1996-10-14,7.421586990356445,8.25,8.25,8.171875,8.25,1498800
1996-10-15,7.3934736251831055,8.21875,8.25,8.203125,8.25,606200
1996-10-16,7.351305961608887,8.171875,8.21875,8.109375,8.21875,1422400
1996-10-17,7.281026840209961,8.09375,8.203125,8.0625,8.1875,2120800
1996-10-18,7.2107462882995605,8.015625,8.09375,7.984375,8.09375,1591200
1996-10-21,7.2388596534729,8.046875,8.078125,8.0,8.015625,2291400
1996-10-22,7.1123552322387695,7.90625,8.0625,7.890625,8.0625,1114800
1996-10-23,6.99990701675415,7.78125,7.890625,7.703125,7.890625,2540200
1996-10-24,6.7609543800354,7.515625,7.796875,7.515625,7.796875,1740000
1996-10-25,7.0982985496521,7.890625,8.03125,7.625,7.625,2958200
1996-10-28,7.0139617919921875,7.796875,7.90625,7.78125,7.890625,1977400
1996-10-29,7.12640905380249,7.921875,8.015625,7.765625,7.828125,2217600
1996-10-30,7.534036636352539,8.375,8.390625,8.0,8.046875,1722600
1996-10-31,7.5199785232543945,8.359375,8.46875,8.328125,8.34375,2140600
1996-11-01,7.435641765594482,8.265625,8.359375,8.234375,8.359375,874800
1996-11-04,7.379418849945068,8.203125,8.265625,8.171875,8.25,1131600
1996-11-05,7.379418849945068,8.203125,8.265625,8.1875,8.21875,1443400
1996-11-06,7.4918694496154785,8.328125,8.359375,8.234375,8.25,2300600
1996-11-07,7.646485805511475,8.5,8.578125,8.328125,8.34375,1548600
1996-11-08,7.702708721160889,8.5625,8.703125,8.53125,8.53125,2987000
1996-11-11,7.702708721160889,8.5625,8.640625,8.5625,8.578125,1470000
1996-11-12,7.702708721160889,8.5625,8.59375,8.546875,8.578125,515200
1996-11-13,7.758932113647461,8.625,8.65625,8.484375,8.578125,811400
1996-11-14,7.829214572906494,8.703125,8.71875,8.625,8.65625,1424400
1996-11-15,7.829214572906494,8.703125,8.734375,8.671875,8.734375,777400
1996-11-18,7.801100730895996,8.671875,8.703125,8.625,8.671875,482800
1996-11-19,7.801100730895996,8.671875,8.6875,8.640625,8.640625,1262800
1996-11-20,7.801100730895996,8.671875,8.71875,8.65625,8.6875,529800
1996-11-21,7.815155029296875,8.6875,8.703125,8.640625,8.671875,658200
1996-11-22,8.025996208190918,8.921875,8.96875,8.703125,8.703125,1747800
1996-11-25,8.12439250946045,9.03125,9.0625,8.9375,8.9375,2630800
1996-11-26,8.025996208190918,8.921875,9.03125,8.890625,9.015625,1884200
1996-11-27,8.138445854187012,9.046875,9.046875,8.890625,8.953125,676000
1996-11-29,8.110332489013672,9.015625,9.109375,9.015625,9.109375,554600
1996-12-02,8.08222484588623,8.984375,9.015625,8.890625,9.015625,727000
1996-12-03,8.096277236938477,9.0,9.078125,8.984375,9.015625,1031200
1996-12-04,8.12439250946045,9.03125,9.046875,8.921875,9.03125,959600
1996-12-05,8.321173667907715,9.25,9.265625,9.046875,9.0625,2183800
1996-12-06,8.503901481628418,9.453125,9.5,9.140625,9.1875,3504800
1996-12-09,8.461732864379883,9.40625,9.453125,9.359375,9.453125,1879800
1996-12-10,8.461732864379883,9.40625,9.5625,9.359375,9.421875,2145000
1996-12-11,8.377397537231445,9.3125,9.40625,9.25,9.359375,1474600
1996-12-12,8.166558265686035,9.078125,9.3125,9.078125,9.296875,1044400
1996-12-13,8.152502059936523,9.0625,9.125,9.015625,9.125,1259600
1996-12-16,8.222782135009766,9.140625,9.25,9.0,9.078125,1280800
1996-12-17,8.41956615447998,9.359375,9.359375,9.109375,9.15625,1157600
1996-12-18,8.489847183227539,9.4375,9.4375,9.359375,9.390625,1532600
1996-12-19,8.503901481628418,9.453125,9.5,9.421875,9.4375,1377600
1996-12-20,8.447677612304688,9.390625,9.546875,9.375,9.546875,2372800
1996-12-23,8.447677612304688,9.390625,9.390625,9.390625,9.390625,0
1996-12-24,8.911527633666992,9.90625,9.90625,9.578125,9.59375,1477000
1996-12-26,8.953695297241211,9.953125,10.015625,9.90625,10.0,1188600
1996-12-27,9.009921073913574,10.015625,10.046875,9.953125,9.953125,914000
1996-12-30,9.178589820861816,10.203125,10.3125,9.984375,10.015625,2074200
1996-12-31,8.995861053466797,10.0,10.15625,9.96875,10.078125,861000
1997-01-02,8.770966529846191,9.75,9.953125,9.6875,9.953125,1760400
1997-01-03,9.066143035888672,10.078125,10.109375,9.828125,9.84375,2010400
1997-01-06,8.883416175842285,9.875,10.046875,9.875,10.015625,1112200
1997-01-07,8.78502368927002,9.765625,9.875,9.734375,9.875,1381800
1997-01-08,8.813136100769043,9.796875,9.859375,9.75,9.8125,2828600
1997-01-09,8.742854118347168,9.71875,9.828125,9.71875,9.8125,785400
1997-01-10,8.742854118347168,9.71875,9.765625,9.59375,9.640625,1236800
1997-01-13,8.41956615447998,9.359375,9.75,9.25,9.75,2379000
1997-01-14,8.349286079406738,9.28125,9.53125,9.125,9.390625,3811600
1997-01-15,8.475787162780762,9.421875,9.546875,9.265625,9.296875,1680400
1997-01-16,8.560125350952148,9.515625,9.609375,9.328125,9.453125,2330800
1997-01-17,8.503901481628418,9.453125,9.65625,9.359375,9.578125,1670200
1997-01-20,8.321173667907715,9.25,9.484375,9.203125,9.484375,2416600
1997-01-21,8.41956615447998,9.359375,9.53125,9.265625,9.265625,1733800
1997-01-22,8.532013893127441,9.484375,9.5,9.34375,9.390625,1418600
1997-01-23,8.54607105255127,9.5,9.734375,9.484375,9.578125,1607400
1997-01-24,8.532013893127441,9.484375,9.640625,9.4375,9.515625,1237600
1997-01-27,8.405511856079102,9.34375,9.484375,9.328125,9.484375,1169800
1997-01-28,8.335232734680176,9.265625,9.484375,9.25,9.40625,1662600
1997-01-29,8.363340377807617,9.296875,9.328125,9.234375,9.234375,884200
1997-01-30,8.54607105255127,9.5,9.53125,9.3125,9.3125,491200
1997-01-31,8.883416175842285,9.875,10.03125,9.515625,9.515625,1503400
1997-02-03,9.009921073913574,10.015625,10.03125,9.9375,10.03125,1683000
1997-02-04,9.262930870056152,10.296875,10.296875,9.96875,9.96875,1817200
1997-02-05,8.770966529846191,9.75,10.203125,9.65625,10.1875,761600
1997-02-06,8.700684547424316,9.671875,9.828125,9.578125,9.78125,1891800
1997-02-07,8.770966529846191,9.75,9.828125,9.6875,9.734375,2135000
1997-02-10,8.953695297241211,9.953125,9.984375,9.765625,9.765625,1934400
1997-02-11,8.995861053466797,10.0,10.03125,9.953125,9.96875,1315600
1997-02-12,9.248876571655273,10.28125,10.296875,9.984375,9.984375,1325600
1997-02-13,9.670552253723145,10.75,10.84375,10.296875,10.3125,2530600
1997-02-14,9.726777076721191,10.8125,11.125,10.75,10.75,3656200
1997-02-18,9.52999210357666,10.59375,10.859375,10.578125,10.859375,1554800
1997-02-19,9.656497955322266,10.734375,10.75,10.578125,10.640625,1443200
1997-02-20,9.544047355651855,10.609375,10.671875,10.578125,10.671875,940800
1997-02-21,9.55810546875,10.625,10.671875,10.578125,10.625,439200
1997-02-24,9.642441749572754,10.71875,10.734375,10.5625,10.59375,1048000
1997-02-25,9.614325523376465,10.6875,10.703125,10.59375,10.703125,822400
1997-02-26,9.40349006652832,10.453125,10.6875,10.390625,10.671875,1264200
1997-02-27,9.431600570678711,10.484375,10.640625,10.421875,10.453125,1179200
1997-02-28,9.319154739379883,10.359375,10.515625,10.359375,10.375,913400
1997-03-03,9.52999210357666,10.59375,10.609375,10.28125,10.296875,1140200
1997-03-04,9.586216926574707,10.65625,10.734375,10.625,10.625,1436000
1997-03-05,9.6986665725708,10.78125,10.796875,10.65625,10.65625,1487200
1997-03-06,9.656497955322266,10.734375,10.875,10.625,10.84375,1272200
1997-03-07,10.106290817260742,11.234375,11.234375,10.75,10.78125,1451600
1997-03-10,10.246850967407227,11.390625,11.40625,11.203125,11.25,1632400
1997-03-11,10.387412071228027,11.546875,11.640625,11.421875,11.59375,1547200
1997-03-12,10.443636894226074,11.609375,11.671875,11.5,11.53125,1247000
1997-03-13,10.120346069335938,11.25,11.59375,11.25,11.59375,1121000
1997-03-14,10.218737602233887,11.359375,11.46875,11.25,11.265625,776400
1997-03-17,10.106290817260742,11.234375,11.421875,11.21875,11.28125,1121800
1997-03-18,10.050067901611328,11.171875,11.234375,11.125,11.234375,579800
1997-03-19,9.853282928466797,10.953125,11.203125,10.953125,11.140625,1066200
1997-03-20,9.909503936767578,11.015625,11.171875,10.859375,10.9375,1009800
1997-03-21,9.923562049865723,11.03125,11.125,10.953125,11.09375,922000
1997-03-24,9.867337226867676,10.96875,11.109375,10.90625,11.0625,792200
1997-03-25,10.120346069335938,11.25,11.28125,10.984375,10.984375,1561000
1997-03-26,10.078176498413086,11.203125,11.359375,11.1875,11.21875,880200
1997-03-27,9.82517147064209,10.921875,11.25,10.890625,11.25,1116600
1997-03-31,9.656497955322266,10.734375,10.921875,10.671875,10.890625,953200
1997-04-01,9.684608459472656,10.765625,10.796875,10.625,10.671875,1047200
1997-04-02,9.684608459472656,10.765625,11.03125,10.703125,10.734375,934600
1997-04-03,9.768943786621094,10.859375,10.9375,10.671875,10.765625,727800
1997-04-04,9.6986665725708,10.78125,10.859375,10.734375,10.796875,1042400
1997-04-07,9.614325523376465,10.6875,10.859375,10.6875,10.796875,686200
1997-04-08,9.628384590148926,10.703125,10.71875,10.609375,10.6875,1012000
1997-04-09,9.600273132324219,10.671875,10.84375,10.640625,10.765625,490400
1997-04-10,9.6986665725708,10.78125,10.953125,10.625,10.671875,744000
1997-04-11,9.48782730102539,10.546875,10.859375,10.53125,10.71875,1363400
1997-04-14,9.684608459472656,10.765625,10.859375,10.46875,10.46875,948800
1997-04-15,9.951674461364746,11.0625,11.078125,10.78125,10.828125,1248200
1997-04-16,10.1343994140625,11.265625,11.28125,10.96875,11.03125,1529600
1997-04-17,9.895448684692383,11.0,11.21875,11.0,11.21875,741600
1997-04-18,9.670552253723145,10.75,11.046875,10.71875,11.015625,1360400
1997-04-21,9.586216926574707,10.65625,10.953125,10.65625,10.734375,1275200
1997-04-22,9.642441749572754,10.71875,10.765625,10.59375,10.671875,694400
1997-04-23,9.628384590148926,10.703125,10.890625,10.6875,10.6875,558200
1997-04-24,9.48782730102539,10.546875,10.8125,10.546875,10.734375,466600
1997-04-25,9.445653915405273,10.5,10.640625,10.46875,10.546875,488200
1997-04-28,9.431600570678711,10.484375,10.640625,10.453125,10.484375,725000
1997-04-29,10.078176498413086,11.203125,11.21875,10.65625,10.671875,664200
1997-04-30,10.246850967407227,11.390625,11.46875,11.125,11.125,1220600
1997-05-01,10.106290817260742,11.234375,11.3125,11.078125,11.3125,1030400
1997-05-02,10.106290817260742,11.234375,11.328125,11.171875,11.203125,439400
1997-05-05,10.19062614440918,11.328125,11.390625,11.125,11.25,1106000
1997-05-06,10.780977249145508,11.984375,12.21875,11.5625,11.5625,4131400
1997-05-07,10.865315437316895,12.078125,12.40625,11.953125,11.953125,2338000
1997-05-08,11.033990859985352,12.265625,12.40625,11.953125,12.0,2653400
1997-05-09,11.076156616210938,12.3125,12.5,12.265625,12.28125,1824000
1997-05-12,11.174551963806152,12.421875,12.515625,12.390625,12.4375,1265400
1997-05-13,11.090211868286133,12.328125,12.546875,12.328125,12.359375,1302800
1997-05-14,10.977767944335938,12.203125,12.4375,12.140625,12.375,877800
1997-05-15,10.893428802490234,12.109375,12.234375,12.078125,12.21875,713800
1997-05-16,10.654475212097168,11.84375,12.15625,11.828125,12.09375,1129800
1997-05-19,10.851258277893066,12.0625,12.1875,11.71875,11.796875,764000
1997-05-20,10.851258277893066,12.0625,12.09375,11.84375,12.046875,882000
1997-05-21,10.612309455871582,11.796875,12.015625,11.71875,12.0,1375600
1997-05-22,10.654475212097168,11.84375,11.875,11.796875,11.859375,421000
1997-05-23,10.710699081420898,11.90625,11.9375,11.828125,11.828125,917600
1997-05-27,10.72475814819336,11.921875,11.984375,11.84375,11.875,692600
1997-05-28,10.654475212097168,11.84375,11.90625,11.78125,11.90625,559000
1997-05-29,10.780977249145508,11.984375,12.03125,11.828125,11.890625,635800
1997-05-30,11.329164505004883,12.59375,12.734375,11.890625,11.921875,1090800
1997-06-02,11.244831085205078,12.5,12.609375,12.46875,12.5625,1028600
1997-06-03,11.14643669128418,12.390625,12.703125,12.390625,12.421875,1522600
1997-06-04,11.357276916503906,12.625,12.78125,12.375,12.375,840000
1997-06-05,11.582174301147461,12.875,13.046875,12.625,12.625,944600
1997-06-06,11.83518123626709,13.15625,13.25,12.90625,12.90625,2116000
1997-06-09,12.130362510681152,13.484375,13.625,13.15625,13.15625,1984400
1997-06-10,12.088191032409668,13.4375,13.5625,13.390625,13.5625,1221600
1997-06-11,12.200640678405762,13.5625,13.6875,13.4375,13.4375,1045800
1997-06-12,12.481762886047363,13.875,13.9375,13.546875,13.578125,1121400
1997-06-13,12.664487838745117,14.078125,14.078125,13.8125,13.859375,853600
1997-06-16,12.29903507232666,13.671875,13.953125,13.578125,13.859375,1934200
1997-06-17,12.29903507232666,13.671875,13.78125,13.65625,13.671875,1256400
1997-06-18,12.017908096313477,13.359375,13.640625,13.359375,13.625,750600
1997-06-19,12.284976959228516,13.65625,13.65625,13.390625,13.390625,1149800
1997-06-20,12.158472061157227,13.515625,13.734375,13.515625,13.703125,943800
1997-06-23,12.031967163085938,13.375,13.578125,13.359375,13.484375,772000
1997-06-24,12.158472061157227,13.515625,13.625,13.046875,13.28125,1642800
1997-06-25,12.038996696472168,13.382811546325684,13.578125,13.328125,13.484375,1201800
1997-06-26,11.982771873474121,13.320311546325684,13.484375,13.21875,13.453125,579200
1997-06-27,11.687591552734375,12.992186546325684,13.390625,12.921875,13.34375,1876800
1997-06-30,11.511896133422852,12.796875,12.90625,12.703125,12.90625,1256800
1997-07-01,11.525952339172363,12.8125,12.992186546325684,12.8125,12.828125,997400
1997-07-02,11.62434196472168,12.921875,12.984375,12.804686546325684,12.890625,1435400
1997-07-03,11.849238395690918,13.171875,13.21875,13.078125,13.078125,876800
1997-07-07,11.729761123657227,13.039061546325684,13.289061546325684,13.015625,13.242186546325684,1064600
1997-07-08,11.814096450805664,13.132811546325684,13.132811546325684,12.960936546325684,13.03125,901800
1997-07-09,11.61731243133545,12.914061546325684,13.25,12.890625,13.203125,892600
1997-07-10,11.62434196472168,12.921875,13.054686546325684,12.890625,12.890625,968400
1997-07-11,11.800042152404785,13.117186546325684,13.195311546325684,12.9375,12.9375,625800
1997-07-14,11.722738265991211,13.03125,13.234375,12.96875,13.125,760200
1997-07-15,11.722738265991211,13.03125,13.03125,13.03125,13.03125,0
1997-07-16,12.09521770477295,13.445311546325684,13.492186546325684,13.078125,13.078125,1603800
1997-07-17,12.017908096313477,13.359375,13.546875,13.273436546325684,13.46875,1060200
1997-07-18,11.729761123657227,13.039061546325684,13.484375,13.007811546325684,13.359375,940800
1997-07-21,11.940604209899902,13.273436546325684,13.40625,13.09375,13.125,1125800
1997-07-22,12.074134826660156,13.421875,13.523436546325684,13.296875,13.304686546325684,761600
1997-07-23,12.467704772949219,13.859375,13.859375,13.484375,13.5,1139800
1997-07-24,12.938579559326172,14.382811546325684,14.484375,13.796875,13.90625,1238000
1997-07-25,12.664487838745117,14.078125,14.351561546325684,13.890625,14.351561546325684,1058200
1997-07-28,12.404452323913574,13.789061546325684,14.085936546325684,13.765625,14.054686546325684,602400
1997-07-29,12.74882698059082,14.171875,14.1875,13.6875,13.78125,755600
1997-07-30,12.854243278503418,14.289061546325684,14.398436546325684,14.140625,14.15625,1096800
1997-07-31,12.812073707580566,14.242186546325684,14.359375,14.171875,14.273436546325684,450600
1997-08-01,12.819104194641113,14.25,14.265625,13.953125,14.21875,612600
1997-08-04,13.156451225280762,14.625,14.765625,14.234375,14.234375,1914200
1997-08-05,11.554059982299805,12.84375,13.25,12.8125,13.125,9054400
1997-08-06,11.441614151000977,12.71875,13.125,12.570311546325684,13.125,6572800
1997-08-07,10.879374504089355,12.09375,12.640625,12.09375,12.5,8847800
1997-08-08,10.977767944335938,12.203125,12.25,11.859375,11.875,6357200
1997-08-11,10.9918212890625,12.21875,12.28125,12.101561546325684,12.21875,2910000
1997-08-12,10.970736503601074,12.195311546325684,12.390625,12.1875,12.3125,2598000
1997-08-13,10.823145866394043,12.03125,12.328125,11.976561546325684,12.296875,5136200
1997-08-14,10.88640022277832,12.101561546325684,12.234375,11.976561546325684,12.117186546325684,2332800
1997-08-15,10.766922950744629,11.96875,12.179686546325684,11.96875,12.085936546325684,1755200
1997-08-18,10.717726707458496,11.914061546325684,12.03125,11.84375,12.03125,1515600
1997-08-19,10.619333267211914,11.804686546325684,11.914061546325684,11.789061546325684,11.914061546325684,1617200
1997-08-20,10.570140838623047,11.75,11.796875,11.65625,11.796875,2652000
1997-08-21,10.499858856201172,11.671875,11.828125,11.65625,11.75,1393800
1997-08-22,10.499858856201172,11.671875,11.671875,11.546875,11.625,2129000
1997-08-25,10.69664192199707,11.890625,11.898436546325684,11.65625,11.65625,1629000
1997-08-26,10.795035362243652,12.0,12.054686546325684,11.8125,11.875,2380000
1997-08-27,10.900456428527832,12.117186546325684,12.15625,12.007811546325684,12.007811546325684,2464600
1997-08-28,10.802062034606934,12.007811546325684,12.117186546325684,12.0,12.117186546325684,808200
1997-08-29,10.731782913208008,11.929686546325684,12.15625,11.929686546325684,12.0,716800
1997-09-02,10.998847007751465,12.226561546325684,12.234375,11.898436546325684,11.898436546325684,792800
1997-09-03,11.167518615722656,12.414061546325684,12.625,12.25,12.257811546325684,1076600
1997-09-04,11.2307710647583,12.484375,12.5625,12.359375,12.414061546325684,1120000
1997-09-05,11.371333122253418,12.640625,12.6875,12.5625,12.6875,1727800
1997-09-08,11.406474113464355,12.679686546325684,12.78125,12.625,12.625,1137000
1997-09-09,11.469728469848633,12.75,12.765625,12.640625,12.71875,1383800
1997-09-10,11.399445533752441,12.671875,12.734375,12.648436546325684,12.734375,966000
1997-09-11,11.244831085205078,12.5,12.59375,12.398436546325684,12.59375,1156600
1997-09-12,11.469728469848633,12.75,12.796875,12.515625,12.625,2765200
1997-09-15,11.589200973510742,12.882811546325684,12.929686546325684,12.726561546325684,12.75,1597800
1997-09-16,11.905463218688965,13.234375,13.273436546325684,12.90625,12.921875,1541000
1997-09-17,11.926549911499023,13.257811546325684,13.28125,13.132811546325684,13.203125,987000
1997-09-18,11.933577537536621,13.265625,13.367186546325684,13.21875,13.257811546325684,933200
1997-09-19,11.76490592956543,13.078125,13.273436546325684,12.976561546325684,13.273436546325684,907400
1997-09-22,11.554059982299805,12.84375,13.078125,12.796875,13.078125,859600
1997-09-23,10.534998893737793,11.710936546325684,12.8125,11.59375,12.8125,16393200
1997-09-24,10.415521621704102,11.578125,11.84375,11.265625,11.65625,5895000
1997-09-25,10.1343994140625,11.265625,11.59375,11.242186546325684,11.5625,4552600
1997-09-26,10.18359661102295,11.320311546325684,11.375,11.195311546325684,11.3125,1845600
1997-09-29,9.10831069946289,10.125,10.601561546325684,10.03125,10.578125,12506200
1997-09-30,9.15750789642334,10.179686546325684,10.1875,9.953125,10.117186546325684,6401400
1997-10-01,8.967748641967773,9.96875,10.242186546325684,9.921875,10.21875,3671000
1997-10-02,8.799081802368164,9.78125,9.984375,9.6875,9.90625,3500600
1997-10-03,8.763937950134277,9.742186546325684,9.890625,9.632811546325684,9.875,3196800
1997-10-06,8.763937950134277,9.742186546325684,9.820311546325684,9.65625,9.75,2693200
1997-10-07,9.023978233337402,10.03125,10.03125,9.601561546325684,9.742186546325684,4122000
1997-10-08,8.897472381591797,9.890625,10.078125,9.765625,10.078125,3658000
1997-10-09,8.883416175842285,9.875,9.960936546325684,9.765625,9.8125,2777800
1997-10-10,8.83421516418457,9.820311546325684,9.9375,9.773436546325684,9.8125,1395400
1997-10-13,8.981804847717285,9.984375,10.078125,9.84375,9.84375,3093800
1997-10-14,8.918557167053223,9.914061546325684,10.046875,9.8125,10.007811546325684,1665600
1997-10-15,8.862329483032227,9.851561546325684,10.039061546325684,9.835936546325684,9.9375,1518600
1997-10-16,8.637434959411621,9.601561546325684,9.921875,9.53125,9.851561546325684,1647400
1997-10-17,8.41253662109375,9.351561546325684,9.617186546325684,9.1875,9.53125,3382000
1997-10-20,8.496874809265137,9.445311546325684,9.5,9.359375,9.46875,1964600
1997-10-21,8.700684547424316,9.671875,9.679686546325684,9.484375,9.5,1609600
1997-10-22,8.637434959411621,9.601561546325684,9.734375,9.515625,9.671875,914600
1997-10-23,8.574178695678711,9.53125,9.617186546325684,9.375,9.375,1429200
1997-10-24,8.461732864379883,9.40625,9.625,9.375,9.625,2088000
1997-10-27,7.758932113647461,8.625,9.203125,8.5625,9.0625,1972200
1997-10-28,8.089247703552246,8.992186546325684,9.078125,8.515625,8.625,2690200
1997-10-29,8.159526824951172,9.070311546325684,9.257811546325684,8.984375,8.992186546325684,1263200
1997-10-30,8.04708194732666,8.945311546325684,9.0625,8.867186546325684,8.9375,618200
1997-10-31,7.990858554840088,8.882811546325684,9.109375,8.859375,9.03125,1265200
1997-11-03,8.173585891723633,9.085936546325684,9.132811546325684,8.9375,8.96875,1203600
1997-11-04,8.328200340270996,9.257811546325684,9.265625,8.875,9.046875,2634200
1997-11-05,8.10330581665039,9.007811546325684,9.28125,8.984375,9.28125,1555600
1997-11-06,8.166558265686035,9.078125,9.21875,9.0,9.0625,1992200
1997-11-07,8.349286079406738,9.28125,9.320311546325684,8.9375,9.0,1547400
1997-11-10,8.510927200317383,9.460936546325684,9.53125,9.375,9.375,2660200
1997-11-11,8.75691032409668,9.734375,9.789061546325684,9.492186546325684,9.492186546325684,1540000
1997-11-12,8.658516883850098,9.625,9.78125,9.617186546325684,9.640625,1727800
1997-11-13,8.637434959411621,9.601561546325684,9.679686546325684,9.554686546325684,9.625,965000
1997-11-14,8.714741706848145,9.6875,9.773436546325684,9.5625,9.625,893400
1997-11-17,8.869359970092773,9.859375,9.945311546325684,9.695311546325684,9.695311546325684,1017000
1997-11-18,8.806105613708496,9.789061546325684,9.914061546325684,9.78125,9.828125,586000
1997-11-19,8.792049407958984,9.773436546325684,9.929686546325684,9.734375,9.796875,995600
1997-11-20,8.763937950134277,9.742186546325684,9.859375,9.71875,9.773436546325684,745600
1997-11-21,8.742854118347168,9.71875,9.796875,9.640625,9.742186546325684,772600
1997-11-24,8.553096771240234,9.507811546325684,9.664061546325684,9.507811546325684,9.625,696400
1997-11-25,8.41253662109375,9.351561546325684,9.453125,9.335936546325684,9.40625,1064200
1997-11-26,8.41956615447998,9.359375,9.453125,9.34375,9.382811546325684,591400
1997-11-28,8.475787162780762,9.421875,9.492186546325684,9.390625,9.421875,174400
1997-12-01,8.714741706848145,9.6875,9.742186546325684,9.445311546325684,9.476561546325684,785200
1997-12-02,8.83421516418457,9.820311546325684,9.84375,9.695311546325684,9.703125,885000
1997-12-03,9.023978233337402,10.03125,10.0625,9.726561546325684,9.796875,1143800
1997-12-04,8.946667671203613,9.945311546325684,10.125,9.945311546325684,10.03125,1240200
1997-12-05,8.981804847717285,9.984375,10.054686546325684,9.890625,9.890625,655800
1997-12-08,8.890443801879883,9.882811546325684,10.085936546325684,9.875,10.03125,650800
1997-12-09,8.967748641967773,9.96875,10.03125,9.851561546325684,9.875,647600
1997-12-10,8.897472381591797,9.890625,9.90625,9.71875,9.71875,923600
1997-12-11,8.78502368927002,9.765625,9.882811546325684,9.648436546325684,9.875,919600
1997-12-12,8.876387596130371,9.867186546325684,9.929686546325684,9.757811546325684,9.796875,797000
1997-12-15,9.038031578063965,10.046875,10.09375,9.851561546325684,9.859375,809400
1997-12-16,8.953695297241211,9.953125,10.125,9.9375,10.09375,722200
1997-12-17,8.869359970092773,9.859375,9.984375,9.859375,9.953125,553200
1997-12-18,7.815155029296875,8.6875,8.96875,8.382811546325684,8.96875,7699600
1997-12-19,7.639454364776611,8.492186546325684,8.679686546325684,8.484375,8.59375,3141800
1997-12-22,7.548091411590576,8.390625,8.53125,8.289061546325684,8.492186546325684,1302800
1997-12-23,7.56214714050293,8.40625,8.5,8.328125,8.40625,1615000
1997-12-24,7.534036636352539,8.375,8.4375,8.304686546325684,8.390625,604200
1997-12-26,7.5762038230896,8.421875,8.460936546325684,8.375,8.375,391200
1997-12-29,7.583230018615723,8.429686546325684,8.46875,8.351561546325684,8.421875,1207400
1997-12-30,7.8713812828063965,8.75,8.828125,8.429686546325684,8.429686546325684,2701600
1997-12-31,7.934632301330566,8.820311546325684,8.929686546325684,8.75,8.78125,1282800
1998-01-02,7.8713812828063965,8.75,8.890625,8.71875,8.835936546325684,645400
1998-01-05,7.913547039031982,8.796875,8.867186546325684,8.71875,8.8125,2839600
1998-01-06,8.131414413452148,9.039061546325684,9.085936546325684,8.796875,8.796875,1614800
1998-01-07,8.187642097473145,9.101561546325684,9.101561546325684,8.875,9.039061546325684,864000
1998-01-08,7.997886657714844,8.890625,9.09375,8.828125,9.09375,528200
1998-01-09,7.829214572906494,8.703125,8.9375,8.625,8.859375,1243200
1998-01-12,7.9205756187438965,8.804686546325684,8.804686546325684,8.546875,8.59375,1049400
1998-01-13,7.906520843505859,8.789061546325684,8.835936546325684,8.710936546325684,8.835936546325684,412000
1998-01-14,7.8924641609191895,8.773436546325684,8.84375,8.726561546325684,8.8125,648400
1998-01-15,8.040054321289062,8.9375,8.976561546325684,8.765625,8.773436546325684,787400
1998-01-16,8.08222484588623,8.984375,9.070311546325684,8.953125,9.0,721400
1998-01-20,8.187642097473145,9.101561546325684,9.109375,8.984375,8.984375,853400
1998-01-21,8.250893592834473,9.171875,9.25,9.0625,9.070311546325684,1062000
1998-01-22,8.363340377807617,9.296875,9.328125,9.148436546325684,9.15625,1335800
1998-01-23,8.3141450881958,9.242186546325684,9.367186546325684,9.195311546325684,9.328125,478000
1998-01-26,8.41956615447998,9.359375,9.359375,9.226561546325684,9.226561546325684,720400
1998-01-27,8.553096771240234,9.507811546325684,9.640625,9.429686546325684,9.4375,1018400
1998-01-28,8.496874809265137,9.445311546325684,9.484375,9.328125,9.484375,923000
1998-01-29,8.454705238342285,9.398436546325684,9.53125,9.359375,9.382811546325684,755000
1998-01-30,8.264952659606934,9.1875,9.40625,9.164061546325684,9.367186546325684,791400
1998-02-02,8.623381614685059,9.585936546325684,9.65625,9.359375,9.359375,1564200
1998-02-03,8.59526252746582,9.554686546325684,9.585936546325684,9.445311546325684,9.5625,1376600
1998-02-04,8.904500961303711,9.898436546325684,9.921875,9.546875,9.546875,2425400
1998-02-05,8.995861053466797,10.0,10.070311546325684,9.914061546325684,9.984375,1788400
1998-02-06,9.038031578063965,10.046875,10.109375,9.945311546325684,9.96875,649400
1998-02-09,9.333209037780762,10.375,10.375,10.117186546325684,10.125,864200
1998-02-10,9.312124252319336,10.351561546325684,10.484375,10.296875,10.421875,1450400
1998-02-11,9.354291915893555,10.398436546325684,10.546875,10.351561546325684,10.351561546325684,1539600
1998-02-12,9.40349006652832,10.453125,10.460936546325684,10.359375,10.40625,1265000
1998-02-13,9.47376823425293,10.53125,10.554686546325684,10.390625,10.484375,751400
1998-02-17,9.466740608215332,10.523436546325684,10.523436546325684,10.460936546325684,10.5,1836200
1998-02-18,9.508907318115234,10.570311546325684,10.578125,10.5,10.5,1934200
1998-02-19,9.50188159942627,10.5625,10.570311546325684,10.5,10.5625,468600
1998-02-20,9.677579879760742,10.757811546325684,10.796875,10.609375,10.640625,1196400
1998-02-23,9.6986665725708,10.78125,10.78125,10.6875,10.765625,685800
1998-02-24,9.761914253234863,10.851561546325684,10.867186546325684,10.757811546325684,10.78125,1080600
1998-02-25,9.860308647155762,10.960936546325684,11.0625,10.859375,10.875,1153200
1998-02-26,9.853282928466797,10.953125,11.054686546325684,10.945311546325684,10.960936546325684,697400
1998-02-27,9.82517147064209,10.921875,10.9375,10.84375,10.9375,815200
1998-03-02,9.719749450683594,10.804686546325684,10.890625,10.734375,10.890625,1382200
1998-03-03,9.677579879760742,10.757811546325684,10.796875,10.726561546325684,10.75,1292000
1998-03-04,9.410516738891602,10.460936546325684,10.742186546325684,10.453125,10.742186546325684,1259000
1998-03-05,9.262930870056152,10.296875,10.359375,10.125,10.328125,2348800
1998-03-06,9.361319541931152,10.40625,10.578125,10.28125,10.359375,749400
1998-03-09,9.2699556350708,10.304686546325684,10.421875,10.257811546325684,10.40625,945600
1998-03-10,9.206704139709473,10.234375,10.40625,10.234375,10.390625,1001400
1998-03-11,9.319154739379883,10.359375,10.398436546325684,10.1875,10.25,991000
1998-03-12,9.431600570678711,10.484375,10.59375,10.359375,10.367186546325684,504200
1998-03-13,9.480796813964844,10.539061546325684,10.671875,10.523436546325684,10.53125,895400
1998-03-16,9.508907318115234,10.570311546325684,10.59375,10.539061546325684,10.539061546325684,899600
1998-03-17,9.635412216186523,10.710936546325684,10.710936546325684,10.601561546325684,10.601561546325684,825600
1998-03-18,9.57918930053711,10.648436546325684,10.703125,10.546875,10.617186546325684,407800
1998-03-19,9.565131187438965,10.632811546325684,10.71875,10.59375,10.648436546325684,724600
1998-03-20,9.57918930053711,10.648436546325684,10.679686546325684,10.601561546325684,10.65625,699200
1998-03-23,9.438630104064941,10.492186546325684,10.59375,10.492186546325684,10.570311546325684,411000
1998-03-24,9.410516738891602,10.460936546325684,10.539061546325684,10.40625,10.5,888800
1998-03-25,9.34726333618164,10.390625,10.546875,10.351561546325684,10.460936546325684,931000
1998-03-26,9.10128116607666,10.117186546325684,10.359375,10.054686546325684,10.359375,1552200
1998-03-27,9.262930870056152,10.296875,10.3125,10.078125,10.164061546325684,858200
1998-03-30,9.248876571655273,10.28125,10.296875,10.226561546325684,10.265625,631800
1998-03-31,9.382403373718262,10.429686546325684,10.5625,10.226561546325684,10.265625,675800
1998-04-01,9.494853019714355,10.554686546325684,10.554686546325684,10.40625,10.414061546325684,609200
1998-04-02,9.754890441894531,10.84375,10.890625,10.507811546325684,10.523436546325684,1333400
1998-04-03,9.916534423828125,11.023436546325684,11.171875,10.875,10.921875,1499200
1998-04-06,9.832196235656738,10.929686546325684,11.171875,10.78125,10.921875,3000800
1998-04-07,9.79002857208252,10.882811546325684,10.929686546325684,10.8125,10.929686546325684,941000
1998-04-08,9.740833282470703,10.828125,10.914061546325684,10.789061546325684,10.898436546325684,470200
1998-04-09,9.783001899719238,10.875,10.9375,10.8125,10.875,899400
1998-04-13,9.614325523376465,10.6875,10.804686546325684,10.59375,10.796875,1111000
1998-04-14,9.593243598937988,10.664061546325684,10.6875,10.59375,10.65625,930800
1998-04-15,9.754890441894531,10.84375,10.921875,10.664061546325684,10.664061546325684,894400
1998-04-16,9.600273132324219,10.671875,10.84375,10.570311546325684,10.84375,1046000
1998-04-17,9.47376823425293,10.53125,10.609375,10.460936546325684,10.609375,807600
1998-04-20,9.382403373718262,10.429686546325684,10.546875,10.421875,10.53125,1010000
1998-04-21,9.396459579467773,10.445311546325684,10.5,10.359375,10.5,732000
1998-04-22,9.319154739379883,10.359375,10.460936546325684,10.328125,10.445311546325684,885200
1998-04-23,9.171564102172852,10.195311546325684,10.367186546325684,10.140625,10.367186546325684,859200
1998-04-24,9.059112548828125,10.070311546325684,10.296875,9.992186546325684,10.171875,957800
1998-04-27,8.777993202209473,9.757811546325684,10.0,9.703125,10.0,994400
1998-04-28,8.728797912597656,9.703125,9.859375,9.625,9.828125,635800
1998-04-29,8.862329483032227,9.851561546325684,9.859375,9.703125,9.703125,558400
1998-04-30,9.087228775024414,10.101561546325684,10.117186546325684,9.9375,9.953125,755800
1998-05-01,9.199678421020508,10.226561546325684,10.226561546325684,10.125,10.171875,521800
1998-05-04,9.227785110473633,10.257811546325684,10.3125,10.226561546325684,10.257811546325684,693200
1998-05-05,9.2699556350708,10.304686546325684,10.320311546325684,10.242186546325684,10.265625,465000
1998-05-06,9.05208683013916,10.0625,10.59375,10.023436546325684,10.59375,1871400
1998-05-07,9.094254493713379,10.109375,10.25,10.03125,10.25,1346200
1998-05-08,9.066143035888672,10.078125,10.140625,10.039061546325684,10.109375,739800
1998-05-11,9.05208683013916,10.0625,10.125,10.015625,10.109375,801800
1998-05-12,8.911527633666992,9.90625,10.0625,9.84375,10.0625,2283800
1998-05-13,8.876387596130371,9.867186546325684,9.960936546325684,9.804686546325684,9.953125,999600
1998-05-14,8.78502368927002,9.765625,9.84375,9.742186546325684,9.78125,603200
1998-05-15,8.693655967712402,9.664061546325684,9.75,9.625,9.75,748400
1998-05-18,8.70771312713623,9.679686546325684,9.820311546325684,9.648436546325684,9.671875,1082600
1998-05-19,8.827193260192871,9.8125,9.8125,9.71875,9.734375,1931400
1998-05-20,8.9396390914917,9.9375,9.984375,9.851561546325684,9.875,1702800
1998-05-21,9.05208683013916,10.0625,10.09375,9.992186546325684,10.0,945200
1998-05-22,9.066143035888672,10.078125,10.085936546325684,10.03125,10.0625,565200
1998-05-26,8.890443801879883,9.882811546325684,10.015625,9.882811546325684,10.015625,715200
1998-05-27,8.799081802368164,9.78125,9.875,9.65625,9.804686546325684,1003400
1998-05-28,8.911527633666992,9.90625,9.992186546325684,9.773436546325684,9.859375,1029000
1998-05-29,8.792049407958984,9.773436546325684,9.96875,9.765625,9.898436546325684,1141400
1998-06-01,8.827193260192871,9.8125,9.90625,9.726561546325684,9.75,530400
1998-06-02,8.869359970092773,9.859375,9.921875,9.804686546325684,9.820311546325684,696600
1998-06-03,8.848268508911133,9.835936546325684,9.90625,9.828125,9.859375,345600
1998-06-04,8.981804847717285,9.984375,10.0625,9.820311546325684,9.820311546325684,593200
1998-06-05,8.841246604919434,9.828125,9.921875,9.695311546325684,9.875,1219200
1998-06-08,8.827193260192871,9.8125,9.960936546325684,9.804686546325684,9.828125,394600
1998-06-09,8.911527633666992,9.90625,9.953125,9.820311546325684,9.820311546325684,350000
1998-06-10,8.862329483032227,9.851561546325684,9.960936546325684,9.8125,9.890625,563400
1998-06-11,8.75691032409668,9.734375,9.859375,9.734375,9.820311546325684,578000
1998-06-12,8.532013893127441,9.484375,9.734375,9.414061546325684,9.6875,1316800
1998-06-15,8.29306411743164,9.21875,9.453125,9.21875,9.453125,996200
1998-06-16,8.250893592834473,9.171875,9.273436546325684,9.09375,9.226561546325684,1198000
1998-06-17,8.335232734680176,9.265625,9.320311546325684,9.15625,9.1875,1240000
1998-06-18,8.3141450881958,9.242186546325684,9.335936546325684,9.226561546325684,9.3125,1021800
1998-06-19,8.349286079406738,9.28125,9.351561546325684,9.21875,9.242186546325684,1132200
1998-06-22,8.01896858215332,8.914061546325684,9.179686546325684,8.914061546325684,9.125,1121600
1998-06-23,8.166558265686035,9.078125,9.148436546325684,8.914061546325684,8.914061546325684,1694000
1998-06-24,8.384421348571777,9.320311546325684,9.421875,9.109375,9.109375,1590000
1998-06-25,8.250893592834473,9.171875,9.375,9.15625,9.351561546325684,968400
1998-06-26,8.35631275177002,9.289061546325684,9.34375,9.226561546325684,9.265625,766200
1998-06-29,8.447677612304688,9.390625,9.484375,9.296875,9.296875,697800
1998-06-30,8.588237762451172,9.546875,9.710936546325684,9.390625,9.390625,1216400
1998-07-01,8.714741706848145,9.6875,9.726561546325684,9.625,9.625,1280600
1998-07-02,8.70771312713623,9.679686546325684,9.820311546325684,9.664061546325684,9.703125,764400
1998-07-06,8.672575950622559,9.640625,9.84375,9.609375,9.6875,636000
1998-07-07,8.770966529846191,9.75,9.78125,9.664061546325684,9.71875,657000
1998-07-08,8.714741706848145,9.6875,9.734375,9.617186546325684,9.734375,679400
1998-07-09,8.75691032409668,9.734375,9.804686546325684,9.617186546325684,9.6875,686800
1998-07-10,8.827193260192871,9.8125,9.875,9.695311546325684,9.75,454000
1998-07-13,8.862329483032227,9.851561546325684,9.953125,9.78125,9.8125,433200
1998-07-14,9.031005859375,10.039061546325684,10.148436546325684,9.84375,9.84375,952000
1998-07-15,8.911527633666992,9.90625,10.078125,9.90625,10.007811546325684,818400
1998-07-16,8.841246604919434,9.828125,9.898436546325684,9.695311546325684,9.859375,620200
1998-07-17,8.946667671203613,9.945311546325684,9.976561546325684,9.875,9.890625,360600
1998-07-20,8.792049407958984,9.773436546325684,9.984375,9.765625,9.984375,437000
1998-07-21,8.616349220275879,9.578125,9.890625,9.554686546325684,9.804686546325684,529800
1998-07-22,8.370368003845215,9.304686546325684,9.578125,9.304686546325684,9.554686546325684,703400
1998-07-23,8.12439250946045,9.03125,9.34375,9.015625,9.34375,1339000
1998-07-24,8.187642097473145,9.101561546325684,9.28125,9.046875,9.046875,627400
1998-07-27,8.377397537231445,9.3125,9.328125,9.007811546325684,9.109375,920800
1998-07-28,8.089247703552246,8.992186546325684,9.28125,8.921875,9.28125,1058200
1998-07-29,8.089247703552246,8.992186546325684,9.054686546325684,8.9375,8.960936546325684,723600
1998-07-30,7.8924641609191895,8.773436546325684,9.03125,8.75,9.015625,1752200
1998-07-31,7.79407262802124,8.664061546325684,8.875,8.5625,8.804686546325684,973400
1998-08-03,7.639454364776611,8.492186546325684,8.65625,8.429686546325684,8.648436546325684,964000
1998-08-04,7.330224514007568,8.148436546325684,8.492186546325684,8.148436546325684,8.484375,706000
1998-08-05,7.822183609008789,8.695311546325684,9.046875,8.4375,8.4375,4139000
1998-08-06,7.765960693359375,8.632811546325684,8.90625,8.40625,8.625,3109800
1998-08-07,7.723793029785156,8.585936546325684,8.71875,8.578125,8.71875,1278800
1998-08-10,7.527005195617676,8.367186546325684,8.671875,8.359375,8.570311546325684,1154200
1998-08-11,7.569173812866211,8.414061546325684,8.414061546325684,8.125,8.140625,1370600
1998-08-12,7.667566776275635,8.523436546325684,8.640625,8.515625,8.515625,1491600
1998-08-13,7.597286701202393,8.445311546325684,8.53125,8.4375,8.515625,1236200
1998-08-14,7.590261459350586,8.4375,8.523436546325684,8.351561546325684,8.515625,1043200
1998-08-17,7.618370056152344,8.46875,8.476561546325684,8.429686546325684,8.4375,799200
1998-08-18,7.611341953277588,8.460936546325684,8.523436546325684,8.4375,8.46875,975400
1998-08-19,7.625398635864258,8.476561546325684,8.53125,8.4375,8.5,1081600
1998-08-20,7.639454364776611,8.492186546325684,8.601561546325684,8.382811546325684,8.46875,1600200
1998-08-21,7.6535115242004395,8.507811546325684,8.507811546325684,8.359375,8.375,1138800
1998-08-24,7.625398635864258,8.476561546325684,8.617186546325684,8.421875,8.523436546325684,812400
1998-08-25,7.667566776275635,8.523436546325684,8.601561546325684,8.492186546325684,8.539061546325684,729400
1998-08-26,7.604316234588623,8.453125,8.570311546325684,8.40625,8.484375,583200
1998-08-27,7.266971111297607,8.078125,8.421875,7.96875,8.421875,1242600
1998-08-28,7.1123552322387695,7.90625,8.0625,7.875,8.015625,656200
1998-08-31,6.767980575561523,7.523437023162842,7.9375,7.523437023162842,7.9375,993000
1998-09-01,7.259942054748535,8.070311546325684,8.109375,7.648437023162842,7.6875,1725000
1998-09-02,7.337250232696533,8.15625,8.265625,8.03125,8.046875,913600
1998-09-03,7.259942054748535,8.070311546325684,8.140625,7.875,8.140625,1199800
1998-09-04,7.316166877746582,8.132811546325684,8.203125,8.09375,8.109375,791400
1998-09-08,7.463756084442139,8.296875,8.390625,8.21875,8.265625,694800
1998-09-09,7.351305961608887,8.171875,8.28125,8.15625,8.28125,651600
1998-09-10,7.084242343902588,7.875,8.0625,7.75,8.0625,2398000
1998-09-11,7.344278812408447,8.164061546325684,8.164061546325684,7.773437023162842,7.820312023162842,1056600
1998-09-14,7.744876861572266,8.609375,8.710936546325684,8.226561546325684,8.226561546325684,950800
1998-09-15,7.723793029785156,8.585936546325684,8.59375,8.46875,8.570311546325684,759600
1998-09-16,7.765960693359375,8.632811546325684,8.65625,8.539061546325684,8.601561546325684,641600
1998-09-17,7.927600383758545,8.8125,8.9375,8.476561546325684,8.601561546325684,998800
1998-09-18,7.962743759155273,8.851561546325684,8.875,8.804686546325684,8.820311546325684,1873400
1998-09-21,8.145471572875977,9.054686546325684,9.0625,8.679686546325684,8.765625,1370000
1998-09-22,8.35631275177002,9.289061546325684,9.304686546325684,9.125,9.125,1297200
1998-09-23,8.41956615447998,9.359375,9.367186546325684,9.164061546325684,9.289061546325684,943400
1998-09-24,8.41253662109375,9.351561546325684,9.40625,9.304686546325684,9.3125,791200
1998-09-25,8.41253662109375,9.351561546325684,9.367186546325684,9.289061546325684,9.289061546325684,815600
1998-09-28,8.307117462158203,9.234375,9.414061546325684,9.234375,9.34375,603600
1998-09-29,8.145471572875977,9.054686546325684,9.21875,9.015625,9.1875,753400
1998-09-30,7.815155029296875,8.6875,9.0625,8.6875,9.023436546325684,974400
1998-10-01,7.3934736251831055,8.21875,8.609375,8.21875,8.5,1661400
1998-10-02,7.421586990356445,8.25,8.453125,8.1875,8.1875,1646600
1998-10-05,7.386445045471191,8.210936546325684,8.234375,8.148436546325684,8.21875,1235200
1998-10-06,7.555119514465332,8.398436546325684,8.523436546325684,8.210936546325684,8.226561546325684,560600
1998-10-07,7.323194980621338,8.140625,8.398436546325684,8.09375,8.398436546325684,1007000
1998-10-08,7.147494316101074,7.945312023162842,8.070311546325684,7.835937023162842,7.96875,1100600
1998-10-09,7.4005045890808105,8.226561546325684,8.234375,7.882812023162842,7.976562023162842,623600
1998-10-12,7.632427215576172,8.484375,8.53125,8.265625,8.273436546325684,737800
1998-10-13,7.569173812866211,8.414061546325684,8.585936546325684,8.390625,8.492186546325684,492600
1998-10-14,7.5199785232543945,8.359375,8.523436546325684,8.351561546325684,8.351561546325684,1270200
1998-10-15,7.5199785232543945,8.359375,8.4375,8.203125,8.265625,1364400
1998-10-16,7.512950420379639,8.351561546325684,8.46875,8.28125,8.390625,1262200
1998-10-19,7.3934736251831055,8.21875,8.4375,8.140625,8.367186546325684,1088600
1998-10-20,7.54106330871582,8.382811546325684,8.484375,8.226561546325684,8.226561546325684,1911200
1998-10-21,7.583230018615723,8.429686546325684,8.460936546325684,8.335936546325684,8.375,1341400
1998-10-22,7.527005195617676,8.367186546325684,8.4375,8.320311546325684,8.4375,1383000
1998-10-23,7.4426727294921875,8.273436546325684,8.34375,8.171875,8.320311546325684,1716600
1998-10-26,7.5199785232543945,8.359375,8.5625,8.25,8.25,1490200
1998-10-27,7.590261459350586,8.4375,8.4375,8.265625,8.359375,1391800
1998-10-28,7.435641765594482,8.265625,8.382811546325684,8.234375,8.375,441000
1998-10-29,7.96977424621582,8.859375,8.921875,8.3125,8.3125,1861800
1998-10-30,8.391454696655273,9.328125,9.4375,9.007811546325684,9.0625,2150400
1998-11-02,8.700684547424316,9.671875,9.804686546325684,9.375,9.375,1639600
1998-11-03,8.827193260192871,9.8125,9.992186546325684,9.632811546325684,9.632811546325684,1257400
1998-11-04,8.890443801879883,9.882811546325684,10.25,9.664061546325684,10.0,3013000
1998-11-05,9.080196380615234,10.09375,10.179686546325684,9.695311546325684,9.71875,1867200
1998-11-06,9.07317066192627,10.085936546325684,10.226561546325684,9.984375,10.015625,817800
1998-11-09,9.023978233337402,10.03125,10.09375,10.0,10.09375,733600
1998-11-10,8.876387596130371,9.867186546325684,10.03125,9.851561546325684,9.992186546325684,1184600
1998-11-11,8.679600715637207,9.648436546325684,9.929686546325684,9.632811546325684,9.867186546325684,1392800
1998-11-12,8.567154884338379,9.523436546325684,9.734375,9.5,9.632811546325684,1613600
1998-11-13,8.54607105255127,9.5,9.632811546325684,9.484375,9.554686546325684,1012000
1998-11-16,8.693655967712402,9.664061546325684,9.710936546325684,9.484375,9.554686546325684,977800
1998-11-17,8.75691032409668,9.734375,9.90625,9.648436546325684,9.679686546325684,703000
1998-11-18,8.918557167053223,9.914061546325684,9.921875,9.554686546325684,9.6875,719600
1998-11-19,8.988831520080566,9.992186546325684,10.046875,9.84375,9.914061546325684,759200
1998-11-20,9.066143035888672,10.078125,10.140625,10.039061546325684,10.046875,1184000
1998-11-23,9.234816551208496,10.265625,10.34375,10.015625,10.109375,1089400
1998-11-24,9.234816551208496,10.265625,10.34375,10.242186546325684,10.242186546325684,781800
1998-11-25,9.016946792602539,10.023436546325684,10.273436546325684,10.015625,10.273436546325684,465000
1998-11-27,9.016946792602539,10.023436546325684,10.09375,9.9375,10.046875,313000
1998-11-30,8.693655967712402,9.664061546325684,10.015625,9.664061546325684,10.0,591400
1998-12-01,8.841246604919434,9.828125,9.867186546325684,9.585936546325684,9.601561546325684,774000
1998-12-02,8.9396390914917,9.9375,9.992186546325684,9.765625,9.796875,917600
1998-12-03,8.827193260192871,9.8125,9.945311546325684,9.710936546325684,9.9375,779800
1998-12-04,8.946667671203613,9.945311546325684,9.992186546325684,9.765625,9.8125,722800
1998-12-07,9.227785110473633,10.257811546325684,10.335936546325684,9.960936546325684,9.960936546325684,1610000
1998-12-08,9.213730812072754,10.242186546325684,10.25,10.132811546325684,10.234375,1390200
1998-12-09,9.087228775024414,10.101561546325684,10.242186546325684,10.070311546325684,10.242186546325684,902000
1998-12-10,8.904500961303711,9.898436546325684,10.273436546325684,9.789061546325684,10.101561546325684,3472600
1998-12-11,8.799081802368164,9.78125,9.851561546325684,9.523436546325684,9.851561546325684,1318200
1998-12-14,8.68663215637207,9.65625,9.695311546325684,9.59375,9.625,1054400
1998-12-15,8.74988079071045,9.726561546325684,9.742186546325684,9.640625,9.65625,883000
1998-12-16,8.820162773132324,9.804686546325684,9.914061546325684,9.65625,9.75,676200
1998-12-17,9.016946792602539,10.023436546325684,10.046875,9.757811546325684,9.757811546325684,916200
1998-12-18,8.974778175354004,9.976561546325684,10.171875,9.914061546325684,10.125,1184000
1998-12-21,8.932609558105469,9.929686546325684,10.21875,9.929686546325684,9.953125,1260800
1998-12-22,8.953695297241211,9.953125,10.054686546325684,9.84375,9.921875,752400
1998-12-23,8.946667671203613,9.945311546325684,10.171875,9.90625,10.015625,687200
1998-12-24,8.925580978393555,9.921875,9.953125,9.859375,9.921875,173200
1998-12-28,8.918557167053223,9.914061546325684,9.953125,9.75,9.90625,669400
1998-12-29,9.094254493713379,10.109375,10.203125,9.90625,9.921875,727600
1998-12-30,8.974778175354004,9.976561546325684,10.109375,9.945311546325684,10.078125,523800
1998-12-31,8.841246604919434,9.828125,10.140625,9.828125,9.984375,773400
1999-01-04,9.002890586853027,10.007811546325684,10.1875,9.929686546325684,9.929686546325684,1006000
1999-01-05,9.234816551208496,10.265625,10.304686546325684,9.976561546325684,10.0,1520200
1999-01-06,9.551074028015137,10.617186546325684,10.617186546325684,10.328125,10.34375,1470800
1999-01-07,9.930587768554688,11.039061546325684,11.046875,10.515625,10.515625,2338200
1999-01-08,10.099260330200195,11.226561546325684,11.25,10.976561546325684,11.09375,1367400
1999-01-11,10.106290817260742,11.234375,11.320311546325684,11.085936546325684,11.226561546325684,1706200
1999-01-12,10.007899284362793,11.125,11.242186546325684,11.125,11.203125,749800
1999-01-13,9.895448684692383,11.0,11.046875,10.828125,11.0,1041600
1999-01-14,9.537017822265625,10.601561546325684,10.984375,10.578125,10.984375,1269000
1999-01-15,9.691636085510254,10.773436546325684,10.804686546325684,10.578125,10.617186546325684,1097400
1999-01-19,9.888420104980469,10.992186546325684,11.0,10.734375,10.859375,948000
1999-01-20,9.614325523376465,10.6875,10.992186546325684,10.6875,10.992186546325684,1088400
1999-01-21,9.227785110473633,10.257811546325684,10.671875,10.257811546325684,10.632811546325684,1608000
1999-01-22,9.220759391784668,10.25,10.320311546325684,10.148436546325684,10.257811546325684,1160200
1999-01-25,9.262930870056152,10.296875,10.398436546325684,10.125,10.25,823400
1999-01-26,9.368346214294434,10.414061546325684,10.453125,10.304686546325684,10.304686546325684,742600
1999-01-27,9.389432907104492,10.4375,10.546875,10.414061546325684,10.453125,670600
1999-01-28,9.797059059143066,10.890625,10.9375,10.460936546325684,10.5,996600
1999-01-29,10.1343994140625,11.265625,11.429686546325684,10.945311546325684,11.109375,1202000
1999-02-01,9.719749450683594,10.804686546325684,11.375,10.765625,11.375,1188200
1999-02-02,9.40349006652832,10.453125,10.84375,10.40625,10.804686546325684,609800
1999-02-03,9.326177597045898,10.367186546325684,10.5,10.328125,10.453125,940200
1999-02-04,9.305099487304688,10.34375,10.421875,10.265625,10.367186546325684,1285400
1999-02-05,9.05208683013916,10.0625,10.367186546325684,10.039061546325684,10.328125,948000
1999-02-08,9.094254493713379,10.109375,10.210936546325684,10.070311546325684,10.109375,1237400
1999-02-09,8.714741706848145,9.6875,10.117186546325684,9.6875,10.117186546325684,1582400
1999-02-10,8.728797912597656,9.703125,9.734375,9.554686546325684,9.6875,1671800
1999-02-11,8.841246604919434,9.828125,9.828125,9.6875,9.75,950800
1999-02-12,8.770966529846191,9.75,9.90625,9.5625,9.796875,865400
1999-02-16,9.002890586853027,10.007811546325684,10.15625,9.75,9.75,1151400
1999-02-17,8.792049407958984,9.773436546325684,10.078125,9.75,10.03125,934200
1999-02-18,8.792049407958984,9.773436546325684,9.898436546325684,9.710936546325684,9.84375,748200
1999-02-19,8.658516883850098,9.625,9.796875,9.5625,9.78125,1199800
1999-02-22,8.827193260192871,9.8125,10.0,9.578125,9.617186546325684,1083600
1999-02-23,8.68663215637207,9.65625,10.0,9.40625,9.617186546325684,1123800
1999-02-24,8.679600715637207,9.648436546325684,9.90625,9.617186546325684,9.65625,755400
1999-02-25,8.623381614685059,9.585936546325684,9.648436546325684,9.40625,9.648436546325684,1238200
1999-02-26,8.321173667907715,9.25,9.585936546325684,9.21875,9.585936546325684,989400
1999-03-01,8.363340377807617,9.296875,9.3125,9.046875,9.25,1058200
1999-03-02,8.637434959411621,9.601561546325684,9.703125,9.398436546325684,9.398436546325684,803400
1999-03-03,8.728797912597656,9.703125,9.742186546325684,9.53125,9.570311546325684,740800
1999-03-04,8.68663215637207,9.65625,9.710936546325684,9.53125,9.703125,767000
1999-03-05,8.728797912597656,9.703125,9.796875,9.578125,9.75,655400
1999-03-08,8.637434959411621,9.601561546325684,9.75,9.5,9.71875,696800
1999-03-09,8.679600715637207,9.648436546325684,9.71875,9.546875,9.59375,918000
1999-03-10,8.855306625366211,9.84375,9.84375,9.570311546325684,9.648436546325684,535000
1999-03-11,8.967748641967773,9.96875,10.179686546325684,9.90625,9.921875,698600
1999-03-12,8.981804847717285,9.984375,10.054686546325684,9.90625,10.0,913000
1999-03-15,9.206704139709473,10.234375,10.234375,10.03125,10.125,801800
1999-03-16,9.276983261108398,10.3125,10.375,10.171875,10.375,994600
1999-03-17,9.255901336669922,10.289061546325684,10.335936546325684,10.15625,10.3125,470000
1999-03-18,9.2699556350708,10.304686546325684,10.304686546325684,10.171875,10.257811546325684,461800
1999-03-19,9.12939453125,10.148436546325684,10.34375,10.132811546325684,10.3125,761800
1999-03-22,9.220759391784668,10.25,10.3125,10.007811546325684,10.140625,738800
1999-03-23,9.05208683013916,10.0625,10.273436546325684,10.015625,10.25,877800
1999-03-24,9.07317066192627,10.085936546325684,10.21875,10.007811546325684,10.03125,942200
1999-03-25,8.974778175354004,9.976561546325684,10.210936546325684,9.890625,10.109375,896200
1999-03-26,9.031005859375,10.039061546325684,10.078125,9.820311546325684,9.945311546325684,538600
1999-03-29,9.206704139709473,10.234375,10.382811546325684,10.1875,10.265625,1016200
1999-03-30,9.192646980285645,10.21875,10.28125,10.023436546325684,10.265625,608600
1999-03-31,9.333209037780762,10.375,10.40625,10.1875,10.21875,1374400
1999-04-01,9.368346214294434,10.414061546325684,10.453125,10.328125,10.453125,995600
1999-04-05,9.47376823425293,10.53125,10.539061546325684,10.367186546325684,10.367186546325684,368800
1999-04-06,9.136422157287598,10.15625,10.335936546325684,10.101561546325684,10.335936546325684,415800
1999-04-07,9.05208683013916,10.0625,10.21875,10.015625,10.21875,878200
1999-04-08,8.777993202209473,9.757811546325684,9.921875,9.640625,9.859375,1886200
1999-04-09,8.841246604919434,9.828125,10.0,9.75,9.84375,822600
1999-04-12,8.953695297241211,9.953125,9.984375,9.828125,9.921875,612400
1999-04-13,8.883416175842285,9.875,9.921875,9.8125,9.921875,1098200
1999-04-14,8.813136100769043,9.796875,9.953125,9.796875,9.875,845200
1999-04-15,8.651488304138184,9.617186546325684,9.835936546325684,9.578125,9.804686546325684,741000
1999-04-16,8.567154884338379,9.523436546325684,9.671875,9.4375,9.523436546325684,964200
1999-04-19,8.532013893127441,9.484375,9.695311546325684,9.4375,9.546875,1498600
1999-04-20,8.75691032409668,9.734375,9.8125,9.4375,9.578125,866200
1999-04-21,8.988831520080566,9.992186546325684,10.0,9.820311546325684,9.90625,1571600
1999-04-22,9.045058250427246,10.054686546325684,10.179686546325684,9.90625,9.90625,584400
1999-04-23,9.48782730102539,10.546875,10.65625,10.039061546325684,10.039061546325684,1186600
1999-04-26,9.227785110473633,10.257811546325684,10.5625,10.25,10.546875,765800
1999-04-27,9.206704139709473,10.234375,10.304686546325684,10.140625,10.289061546325684,1366200
1999-04-28,10.345242500305176,11.5,11.65625,10.703125,10.75,5241000
1999-04-29,9.937618255615234,11.046875,11.625,10.90625,11.53125,3658400
1999-04-30,9.860308647155762,10.960936546325684,11.148436546325684,10.8125,11.03125,1477600
1999-05-03,10.239823341369629,11.382811546325684,11.523436546325684,10.882811546325684,10.882811546325684,1653400
1999-05-04,10.169540405273438,11.304686546325684,11.554686546325684,11.25,11.382811546325684,891400
1999-05-05,10.513916969299316,11.6875,11.6875,11.21875,11.3125,993600
1999-05-06,10.499858856201172,11.671875,11.742186546325684,11.507811546325684,11.703125,1034200
1999-05-07,10.682584762573242,11.875,12.023436546325684,11.671875,11.6875,1277400
1999-05-10,11.160491943359375,12.40625,12.484375,11.890625,11.890625,2244600
1999-05-11,10.907486915588379,12.125,12.46875,11.953125,12.398436546325684,5488600
1999-05-12,10.96370792388916,12.1875,12.335936546325684,12.015625,12.335936546325684,1423000
1999-05-13,10.844229698181152,12.054686546325684,12.296875,12.0,12.25,723000
1999-05-14,10.577165603637695,11.757811546325684,12.03125,11.710936546325684,11.9375,1066600
1999-05-17,10.457690238952637,11.625,11.71875,11.429686546325684,11.640625,1378200
1999-05-18,10.422550201416016,11.585936546325684,11.929686546325684,11.507811546325684,11.59375,799400
1999-05-19,10.766922950744629,11.96875,12.242186546325684,11.578125,11.578125,1327200
1999-05-20,11.019932746887207,12.25,12.359375,11.648436546325684,11.929686546325684,1613000
1999-05-21,11.076156616210938,12.3125,12.398436546325684,12.226561546325684,12.25,1033200
1999-05-24,10.640419006347656,11.828125,12.34375,11.710936546325684,12.25,1019600
1999-05-25,10.450660705566406,11.617186546325684,11.71875,11.390625,11.625,1590400
1999-05-26,10.162511825561523,11.296875,11.585936546325684,11.1875,11.585936546325684,1348800
1999-05-27,10.225765228271484,11.367186546325684,11.484375,11.203125,11.257811546325684,810600
1999-05-28,10.211709976196289,11.351561546325684,11.375,11.148436546325684,11.335936546325684,768600
1999-06-01,10.303071975708008,11.453125,11.460936546325684,11.0625,11.328125,647800
1999-06-02,10.464716911315918,11.632811546325684,11.671875,11.46875,11.46875,1285200
1999-06-03,10.310100555419922,11.460936546325684,11.617186546325684,11.382811546325684,11.609375,933200
1999-06-04,10.225765228271484,11.367186546325684,11.492186546325684,11.289061546325684,11.484375,755000
1999-06-07,10.506885528564453,11.679686546325684,11.78125,11.390625,11.390625,839200
1999-06-08,10.570140838623047,11.75,11.765625,11.59375,11.625,920400
1999-06-09,10.612309455871582,11.796875,11.875,11.671875,11.875,988800
1999-06-10,10.584198951721191,11.765625,11.78125,11.609375,11.78125,1021400
1999-06-11,10.5631103515625,11.742186546325684,11.960936546325684,11.6875,11.6875,757600
1999-06-14,10.837206840515137,12.046875,12.085936546325684,11.734375,11.8125,1110400
1999-06-15,10.612309455871582,11.796875,12.09375,11.640625,11.8125,1057600
1999-06-16,10.647449493408203,11.835936546325684,12.03125,11.804686546325684,11.945311546325684,749200
1999-06-17,10.851258277893066,12.0625,12.148436546325684,11.835936546325684,11.851561546325684,852800
1999-06-18,10.520942687988281,11.695311546325684,11.734375,11.453125,11.65625,2667800
1999-06-21,10.506885528564453,11.679686546325684,11.773436546325684,11.5625,11.664061546325684,1436600
1999-06-22,10.085203170776367,11.210936546325684,11.734375,11.210936546325684,11.710936546325684,1086800
1999-06-23,10.429579734802246,11.59375,11.601561546325684,11.101561546325684,11.28125,1407400
1999-06-24,10.232791900634766,11.375,11.5,11.289061546325684,11.5,1265800
1999-06-25,10.000869750976562,11.117186546325684,11.320311546325684,10.953125,11.203125,1425400
1999-06-28,9.965731620788574,11.078125,11.289061546325684,11.078125,11.164061546325684,1289800
1999-06-29,10.057096481323242,11.179686546325684,11.179686546325684,11.0,11.054686546325684,1544000
1999-06-30,10.057096481323242,11.179686546325684,11.273436546325684,11.0,11.179686546325684,1203000
1999-07-01,9.965731620788574,11.078125,11.171875,11.023436546325684,11.070311546325684,636200
1999-07-02,10.036009788513184,11.15625,11.242186546325684,11.03125,11.0625,857400
1999-07-06,9.853282928466797,10.953125,11.15625,10.914061546325684,11.125,738400
1999-07-07,9.663527488708496,10.742186546325684,11.15625,10.453125,11.125,1526000
1999-07-08,9.909503936767578,11.015625,11.171875,10.757811546325684,10.765625,1585600
1999-07-09,9.965731620788574,11.078125,11.085936546325684,10.828125,10.875,988200
1999-07-12,9.832196235656738,10.929686546325684,10.992186546325684,10.859375,10.96875,1325800
1999-07-13,9.684608459472656,10.765625,10.921875,10.75,10.90625,907800
1999-07-14,9.649471282958984,10.726561546325684,10.820311546325684,10.59375,10.773436546325684,1088400
1999-07-15,9.797059059143066,10.890625,10.96875,10.796875,10.796875,1721200
1999-07-16,9.719749450683594,10.804686546325684,10.9375,10.796875,10.859375,749800
1999-07-19,9.79002857208252,10.882811546325684,10.984375,10.859375,10.859375,631600
1999-07-20,9.895448684692383,11.0,11.078125,10.882811546325684,10.890625,919600
1999-07-21,9.614325523376465,10.6875,11.078125,10.632811546325684,10.890625,849000
1999-07-22,9.642441749572754,10.71875,10.90625,10.71875,10.75,787600
1999-07-23,9.60730266571045,10.679686546325684,10.859375,10.65625,10.75,526600
1999-07-26,9.832196235656738,10.929686546325684,10.96875,10.648436546325684,10.648436546325684,621400
1999-07-27,9.804084777832031,10.898436546325684,11.117186546325684,10.8125,10.9375,665200
1999-07-28,9.628384590148926,10.703125,10.90625,10.703125,10.84375,386000
1999-07-29,9.417547225952148,10.46875,10.75,10.398436546325684,10.609375,851800
1999-07-30,9.241843223571777,10.273436546325684,10.546875,10.195311546325684,10.5,759800
1999-08-02,9.333209037780762,10.375,10.507811546325684,10.3125,10.3125,1070200
1999-08-03,9.009921073913574,10.015625,10.421875,9.914061546325684,10.375,1399200
1999-08-04,9.023978233337402,10.03125,10.179686546325684,9.9375,10.046875,1138200
1999-08-05,9.445653915405273,10.5,10.53125,10.078125,10.078125,1154000
1999-08-06,9.171564102172852,10.195311546325684,10.539061546325684,10.046875,10.46875,1322800
1999-08-09,9.143451690673828,10.164061546325684,10.273436546325684,10.09375,10.226561546325684,955000
1999-08-10,9.066143035888672,10.078125,10.179686546325684,10.078125,10.148436546325684,998000
1999-08-11,9.080196380615234,10.09375,10.171875,10.015625,10.078125,607000
1999-08-12,9.07317066192627,10.085936546325684,10.203125,10.078125,10.125,771400
1999-08-13,8.890443801879883,9.882811546325684,10.085936546325684,9.8125,10.054686546325684,901400
1999-08-16,8.967748641967773,9.96875,10.039061546325684,9.851561546325684,9.914061546325684,612000
1999-08-17,9.07317066192627,10.085936546325684,10.164061546325684,9.96875,9.96875,721800
1999-08-18,8.883416175842285,9.875,10.117186546325684,9.867186546325684,10.117186546325684,504000
1999-08-19,8.799081802368164,9.78125,9.84375,9.695311546325684,9.84375,657400
1999-08-20,8.78502368927002,9.765625,9.789061546325684,9.578125,9.789061546325684,967200
1999-08-23,8.918557167053223,9.914061546325684,10.078125,9.78125,9.78125,741000
1999-08-24,9.016946792602539,10.023436546325684,10.078125,9.9375,9.9375,581400
1999-08-25,9.094254493713379,10.109375,10.203125,10.0,10.117186546325684,655000
1999-08-26,8.74988079071045,9.726561546325684,10.0625,9.726561546325684,10.015625,790600
1999-08-27,9.10128116607666,10.117186546325684,10.25,9.671875,9.703125,1918400
1999-08-30,8.967748641967773,9.96875,10.054686546325684,9.945311546325684,10.0,1154200
1999-08-31,8.742854118347168,9.71875,10.0,9.679686546325684,9.976561546325684,852000
1999-09-01,8.855306625366211,9.84375,9.945311546325684,9.726561546325684,9.734375,386200
1999-09-02,8.742854118347168,9.71875,9.828125,9.695311546325684,9.828125,780600
1999-09-03,9.009921073913574,10.015625,10.03125,9.835936546325684,9.835936546325684,592400
1999-09-07,8.9396390914917,9.9375,9.96875,9.789061546325684,9.96875,380000
1999-09-08,8.981804847717285,9.984375,10.023436546325684,9.835936546325684,9.90625,510400
1999-09-09,8.658516883850098,9.625,10.023436546325684,9.4375,9.90625,1726800
1999-09-10,8.54607105255127,9.5,9.65625,9.484375,9.648436546325684,985800
1999-09-13,8.370368003845215,9.304686546325684,9.546875,9.289061546325684,9.5,773600
1999-09-14,8.286031723022461,9.210936546325684,9.421875,9.164061546325684,9.25,1044200
1999-09-15,8.482819557189941,9.429686546325684,9.59375,9.25,9.25,1686000
1999-09-16,8.553096771240234,9.507811546325684,9.554686546325684,9.34375,9.429686546325684,681800
1999-09-17,8.567154884338379,9.523436546325684,9.625,9.507811546325684,9.546875,926000
1999-09-20,8.363340377807617,9.296875,9.523436546325684,9.28125,9.523436546325684,1254600
1999-09-21,7.955717086791992,8.84375,9.203125,8.757811546325684,9.203125,1398800
1999-09-22,7.836239337921143,8.710936546325684,8.929686546325684,8.5,8.898436546325684,1620400
1999-09-23,7.850295543670654,8.726561546325684,8.835936546325684,8.5,8.710936546325684,1171000
1999-09-24,7.8713812828063965,8.75,8.835936546325684,8.71875,8.734375,1694000
1999-09-27,7.527005195617676,8.367186546325684,8.84375,8.320311546325684,8.835936546325684,1812400
1999-09-28,6.971793174743652,7.75,7.75,7.5,7.75,6671800
1999-09-29,6.711758136749268,7.460937023162842,7.632812023162842,7.375,7.632812023162842,4878800
1999-09-30,5.4537434577941895,6.0625,7.09375,6.0,7.0625,10072200
1999-10-01,5.741890907287598,6.382812023162842,6.492187023162842,5.8125,6.0,9635000
1999-10-04,5.587275505065918,6.210937023162842,6.382812023162842,6.1875,6.382812023162842,5358400
1999-10-05,5.692693710327148,6.328125,6.328125,6.03125,6.125,4737000
1999-10-06,5.938675403594971,6.601562023162842,6.601562023162842,6.335937023162842,6.375,5375800
1999-10-07,5.924618721008301,6.585937023162842,6.734375,6.492187023162842,6.59375,3013400
1999-10-08,5.90353536605835,6.5625,6.703125,6.453125,6.585937023162842,2795000
1999-10-11,5.931646347045898,6.59375,6.625,6.507812023162842,6.546875,2581400
1999-10-12,5.90353536605835,6.5625,6.6875,6.53125,6.53125,1480200
1999-10-13,5.805144309997559,6.453125,6.5,6.375,6.375,2393000
1999-10-14,6.100320339202881,6.78125,6.78125,6.375,6.375,3809200
1999-10-15,5.952731132507324,6.617187023162842,6.648437023162842,6.375,6.515625,3702000
1999-10-18,6.015983581542969,6.6875,6.734375,6.421875,6.570312023162842,1624400
1999-10-19,5.875422477722168,6.53125,6.84375,6.515625,6.570312023162842,1639800
1999-10-20,5.798114776611328,6.445312023162842,6.585937023162842,6.421875,6.5,1531200
1999-10-21,5.798114776611328,6.445312023162842,6.59375,6.320312023162842,6.320312023162842,1842200
1999-10-22,5.706751346588135,6.34375,6.5,6.34375,6.34375,2818000
1999-10-25,5.6505279541015625,6.28125,6.34375,6.242187023162842,6.3125,3522800
1999-10-26,5.538078308105469,6.15625,6.289062023162842,6.148437023162842,6.289062023162842,2456400
1999-10-27,5.755947589874268,6.398437023162842,6.414062023162842,6.164062023162842,6.171875,3397000
1999-10-28,5.4537434577941895,6.0625,6.335937023162842,5.9375,6.1875,6927200
1999-10-29,5.6505279541015625,6.28125,6.429687023162842,5.992187023162842,6.070312023162842,3238600
1999-11-01,5.840282440185547,6.492187023162842,6.742187023162842,6.289062023162842,6.289062023162842,3171400
1999-11-02,6.184656143188477,6.875,6.953125,6.601562023162842,6.625,3638400
1999-11-03,6.072207927703857,6.75,7.109375,6.6875,7.109375,2744000
1999-11-04,5.875422477722168,6.53125,6.796875,6.492187023162842,6.78125,3627800
1999-11-05,6.00895357131958,6.679687023162842,6.679687023162842,6.492187023162842,6.617187023162842,2781000
1999-11-08,6.486860275268555,7.210937023162842,7.390625,7.039062023162842,7.171875,3757000
1999-11-09,6.3181867599487305,7.023437023162842,7.25,6.945312023162842,7.171875,2020200
1999-11-10,6.3181867599487305,7.023437023162842,7.140625,6.9375,7.0,1293800
1999-11-11,6.360357284545898,7.070312023162842,7.117187023162842,7.007812023162842,7.03125,1296200
1999-11-12,6.437664985656738,7.15625,7.1875,7.070312023162842,7.101562023162842,1323600
1999-11-15,6.507944583892822,7.234375,7.265625,7.140625,7.15625,1566400
1999-11-16,6.683645248413086,7.429687023162842,7.5625,7.40625,7.40625,2322400
1999-11-17,6.8171772956848145,7.578125,7.625,7.328125,7.414062023162842,3039600
1999-11-18,6.627420425415039,7.367187023162842,7.578125,7.328125,7.578125,2166600
1999-11-19,6.402524471282959,7.117187023162842,7.34375,7.070312023162842,7.117187023162842,2388000
1999-11-22,6.3181867599487305,7.023437023162842,7.148437023162842,6.859375,7.148437023162842,1633400
1999-11-23,6.1916823387146,6.882812023162842,7.023437023162842,6.84375,7.023437023162842,1183200
1999-11-24,6.1776275634765625,6.867187023162842,7.046875,6.820312023162842,6.882812023162842,2100000
1999-11-26,6.198710918426514,6.890625,6.921875,6.835937023162842,6.835937023162842,578800
1999-11-29,6.142488479614258,6.828125,6.921875,6.8125,6.859375,1293000
1999-11-30,6.142488479614258,6.828125,6.96875,6.828125,6.84375,2318200
1999-12-01,6.072207927703857,6.75,6.90625,6.703125,6.835937023162842,1386800
1999-12-02,6.493887901306152,7.21875,7.25,6.890625,7.0,3195000
1999-12-03,6.7539262771606445,7.507812023162842,7.507812023162842,7.3125,7.507812023162842,2271400
1999-12-06,6.655532360076904,7.398437023162842,7.484375,7.34375,7.484375,1420000
1999-12-07,6.297104835510254,7.0,7.414062023162842,7.0,7.398437023162842,1748400
1999-12-08,6.3181867599487305,7.023437023162842,7.09375,6.90625,7.03125,1687000
1999-12-09,6.135458946228027,6.820312023162842,7.117187023162842,6.796875,7.03125,2304200
1999-12-10,5.966788291931152,6.632812023162842,6.742187023162842,6.601562023162842,6.6875,2245600
1999-12-13,6.072207927703857,6.75,6.851562023162842,6.640625,6.640625,1874600
1999-12-14,5.994898796081543,6.664062023162842,6.75,6.648437023162842,6.6875,1318200
1999-12-15,5.952731132507324,6.617187023162842,6.648437023162842,6.59375,6.648437023162842,1140400
1999-12-16,5.889479160308838,6.546875,6.617187023162842,6.445312023162842,6.609375,2721000
1999-12-17,5.7910871505737305,6.4375,6.578125,6.421875,6.578125,1323800
1999-12-20,5.622415542602539,6.25,6.3125,6.171875,6.3125,2903200
1999-12-21,5.748918056488037,6.390625,6.539062023162842,6.25,6.25,1476600
1999-12-22,6.149517059326172,6.835937023162842,6.875,6.375,6.382812023162842,2207800
1999-12-23,6.093291759490967,6.773437023162842,6.929687023162842,6.75,6.890625,1384400
1999-12-27,6.128432273864746,6.8125,6.914062023162842,6.773437023162842,6.773437023162842,1056800
1999-12-28,6.1706013679504395,6.859375,6.898437023162842,6.796875,6.828125,561400
1999-12-29,6.128432273864746,6.8125,6.890625,6.765625,6.820312023162842,529200
1999-12-30,6.233851909637451,6.929687023162842,6.960937023162842,6.796875,6.8125,413000
1999-12-31,6.276019096374512,6.976562023162842,6.984375,6.898437023162842,6.898437023162842,418400
2000-01-03,6.247908592224121,6.945312023162842,6.976562023162842,6.890625,6.921875,1309400
2000-01-04,6.142488479614258,6.828125,6.875,6.796875,6.875,3311800
2000-01-05,6.100320339202881,6.78125,6.921875,6.78125,6.875,1526200
2000-01-06,6.107347011566162,6.789062023162842,6.835937023162842,6.726562023162842,6.835937023162842,4074200
2000-01-07,6.507944583892822,7.234375,7.273437023162842,6.78125,6.875,4485200
2000-01-10,6.388467788696289,7.101562023162842,7.117187023162842,7.039062023162842,7.09375,2570000
2000-01-11,6.395495891571045,7.109375,7.328125,7.046875,7.09375,2280800
2000-01-12,6.374413013458252,7.085937023162842,7.289062023162842,7.078125,7.1875,1211600
2000-01-13,6.444692611694336,7.164062023162842,7.242187023162842,7.039062023162842,7.117187023162842,1511200
2000-01-14,6.325215816497803,7.03125,7.179687023162842,7.007812023162842,7.164062023162842,1719600
2000-01-18,6.325215816497803,7.03125,7.109375,6.9375,6.96875,1066000
2000-01-19,6.297104835510254,7.0,7.117187023162842,6.992187023162842,6.992187023162842,1196600
2000-01-20,6.254936695098877,6.953125,7.03125,6.953125,6.96875,1323000
2000-01-21,6.261964797973633,6.960937023162842,7.0,6.9375,7.0,1442600
2000-01-24,6.226822376251221,6.921875,6.984375,6.914062023162842,6.984375,1241600
2000-01-25,6.219794750213623,6.914062023162842,6.953125,6.890625,6.953125,1799000
2000-01-26,6.2127685546875,6.90625,6.9375,6.875,6.9375,1146000
2000-01-27,6.023011684417725,6.695312023162842,6.976562023162842,6.664062023162842,6.96875,1234200
2000-01-28,6.015983581542969,6.6875,6.765625,6.65625,6.710937023162842,1085800
2000-01-31,5.987870693206787,6.65625,6.6875,6.625,6.65625,920400
2000-02-01,6.3322434425354,7.039062023162842,7.234375,6.820312023162842,6.820312023162842,3234600
2000-02-02,6.226822376251221,6.921875,7.09375,6.84375,7.0625,1990000
2000-02-03,6.268991470336914,6.96875,6.984375,6.890625,6.953125,1224200
2000-02-04,6.283050060272217,6.984375,7.0625,6.90625,6.9375,721200
2000-02-07,6.261964797973633,6.960937023162842,7.140625,6.921875,6.96875,1369400
2000-02-08,5.165592193603516,5.742187023162842,6.234375,5.71875,6.96875,8383800
2000-02-09,4.729856491088867,5.257812023162842,5.71875,5.125,5.71875,7000000
2000-02-10,4.52604341506958,5.03125,5.304687023162842,4.929687023162842,5.304687023162842,7188600
2000-02-11,4.497930526733398,5.0,5.148437023162842,4.976562023162842,5.0625,3275200
2000-02-14,4.385483264923096,4.875,5.117187023162842,4.851562023162842,5.0,2796400
2000-02-15,4.476847171783447,4.976562023162842,5.03125,4.828125,4.90625,2395600
2000-02-16,4.652549743652344,5.171875,5.351562023162842,5.007812023162842,5.023437023162842,2180000
2000-02-17,4.533071041107178,5.039062023162842,5.210937023162842,5.015625,5.140625,1333600
2000-02-18,4.350341796875,4.835937023162842,5.007812023162842,4.820312023162842,4.976562023162842,1467600
2000-02-22,4.406567573547363,4.898437023162842,4.96875,4.820312023162842,4.835937023162842,1017000
2000-02-23,4.52604341506958,5.03125,5.09375,4.8125,4.859375,2252800
2000-02-24,4.561183452606201,5.070312023162842,5.140625,4.875,5.0625,2880800
2000-02-25,4.596323490142822,5.109375,5.375,4.929687023162842,5.171875,6260800
2000-02-28,4.441708087921143,4.9375,5.15625,4.875,5.109375,3098200
2000-02-29,4.624438285827637,5.140625,5.25,4.96875,5.25,2906400
2000-03-01,5.95975923538208,6.625,6.875,5.15625,5.226562023162842,5983600
2000-03-02,6.297104835510254,7.0,7.703125,6.914062023162842,7.25,11510800
2000-03-03,6.00895357131958,6.679687023162842,7.21875,6.65625,7.21875,4531400
2000-03-06,5.7910871505737305,6.4375,6.6875,6.375,6.6875,1723200
2000-03-07,5.755947589874268,6.398437023162842,6.492187023162842,6.25,6.4375,2395000
2000-03-08,6.086264133453369,6.765625,6.828125,6.335937023162842,6.382812023162842,1821800
2000-03-09,6.423609256744385,7.140625,7.226562023162842,6.796875,6.796875,3865800
2000-03-10,6.297104835510254,7.0,7.335937023162842,6.84375,7.125,2643600
2000-03-13,5.706751346588135,6.34375,6.539062023162842,5.875,6.539062023162842,4698200
2000-03-14,5.875422477722168,6.53125,6.726562023162842,6.25,6.375,3082000
2000-03-15,5.734864234924316,6.375,6.484375,6.171875,6.4375,2231800
2000-03-16,6.030040264129639,6.703125,6.703125,6.359375,6.390625,1520200
2000-03-17,6.100320339202881,6.78125,7.007812023162842,6.609375,6.703125,2784800
2000-03-20,5.980844020843506,6.648437023162842,6.78125,6.5625,6.78125,989400
2000-03-21,5.840282440185547,6.492187023162842,6.648437023162842,6.40625,6.648437023162842,1916600
2000-03-22,6.015983581542969,6.6875,6.734375,6.46875,6.515625,1067400
2000-03-23,6.1916823387146,6.882812023162842,6.898437023162842,6.59375,6.625,1675000
2000-03-24,6.381441116333008,7.09375,7.125,6.765625,6.78125,1663600
2000-03-27,6.254936695098877,6.953125,7.054687023162842,6.765625,7.0,1472000
2000-03-28,6.268991470336914,6.96875,7.046875,6.789062023162842,7.0,1273600
2000-03-29,6.015983581542969,6.6875,6.914062023162842,6.625,6.875,1211000
2000-03-30,5.95975923538208,6.625,6.742187023162842,6.53125,6.742187023162842,1695800
2000-03-31,6.261964797973633,6.960937023162842,6.992187023162842,6.75,6.75,1945400
2000-04-03,6.395495891571045,7.109375,7.226562023162842,6.96875,6.96875,1955200
2000-04-04,6.360357284545898,7.070312023162842,7.210937023162842,6.65625,7.09375,2983000
2000-04-05,6.402524471282959,7.117187023162842,7.242187023162842,6.765625,7.09375,1708600
2000-04-06,6.381441116333008,7.09375,7.28125,6.921875,7.09375,1507000
2000-04-07,6.381441116333008,7.09375,7.171875,6.898437023162842,7.09375,2141800
2000-04-10,6.550113677978516,7.28125,7.375,7.007812023162842,7.09375,1524800
2000-04-11,6.564168453216553,7.296875,7.5,7.21875,7.257812023162842,2706200
2000-04-12,6.388467788696289,7.101562023162842,7.367187023162842,7.0625,7.25,1619800
2000-04-13,6.437664985656738,7.15625,7.234375,7.0,7.234375,1323200
2000-04-14,5.994898796081543,6.664062023162842,7.234375,6.53125,7.234375,1689800
2000-04-17,5.875422477722168,6.53125,6.71875,6.4375,6.65625,999000
2000-04-18,5.952731132507324,6.617187023162842,6.65625,6.460937023162842,6.53125,691200
2000-04-19,5.987870693206787,6.65625,6.796875,6.585937023162842,6.59375,783200
2000-04-20,6.142488479614258,6.828125,6.898437023162842,6.625,6.632812023162842,1488000
2000-04-24,6.353327751159668,7.0625,7.0625,6.679687023162842,6.703125,939800
2000-04-25,6.226822376251221,6.921875,7.234375,6.835937023162842,7.046875,1178200
2000-04-26,6.205738067626953,6.898437023162842,7.085937023162842,6.859375,7.0,1073400
2000-04-27,6.739870071411133,7.492187023162842,7.492187023162842,6.9375,7.0,3299000
2000-04-28,6.507944583892822,7.234375,7.4375,7.03125,7.03125,2397200
2000-05-01,6.522000789642334,7.25,7.296875,6.914062023162842,7.0625,1628600
2000-05-02,6.416579246520996,7.132812023162842,7.3125,7.046875,7.0625,1298000
2000-05-03,6.268991470336914,6.96875,7.15625,6.929687023162842,7.15625,961200
2000-05-04,6.254936695098877,6.953125,7.023437023162842,6.929687023162842,7.0,660000
2000-05-05,6.339273452758789,7.046875,7.09375,6.953125,6.953125,393000
2000-05-08,6.522000789642334,7.25,7.296875,7.039062023162842,7.039062023162842,1534600
2000-05-09,6.571196556091309,7.304687023162842,7.335937023162842,7.25,7.25,1483200
2000-05-10,6.571196556091309,7.304687023162842,7.4375,7.273437023162842,7.273437023162842,1383600
2000-05-11,6.507944583892822,7.234375,7.328125,7.195312023162842,7.328125,424800
2000-05-12,6.606338024139404,7.34375,7.375,7.195312023162842,7.328125,679800
2000-05-15,6.810147285461426,7.570312023162842,7.742187023162842,7.3125,7.328125,2671000
2000-05-16,6.697699546813965,7.445312023162842,7.65625,7.414062023162842,7.414062023162842,1445400
2000-05-17,6.59930944442749,7.335937023162842,7.492187023162842,7.257812023162842,7.328125,844200
2000-05-18,6.634450912475586,7.375,7.421875,7.335937023162842,7.351562023162842,1147000
2000-05-19,6.936653137207031,7.710937023162842,7.710937023162842,7.289062023162842,7.296875,2076600
2000-05-22,7.449697017669678,8.28125,8.359375,7.757812023162842,7.78125,3974200
2000-05-23,7.224802494049072,8.03125,8.320311546325684,7.984375,8.273436546325684,2125200
2000-05-24,7.252913951873779,8.0625,8.3125,7.953125,8.140625,1954000
2000-05-25,7.309140205383301,8.125,8.15625,7.984375,7.984375,1373600
2000-05-26,7.20371675491333,8.007811546325684,8.1875,8.0,8.0,1328200
2000-05-30,7.049101829528809,7.835937023162842,8.25,7.796875,7.984375,2769600
2000-05-31,7.505922317504883,8.34375,8.625,7.71875,7.984375,5510200
2000-06-01,7.70973539352417,8.570311546325684,8.742186546325684,8.507811546325684,8.6875,2375800
2000-06-02,7.7519025802612305,8.617186546325684,8.6875,8.421875,8.4375,3079000
2000-06-05,7.456727981567383,8.289061546325684,8.640625,8.25,8.4375,1314600
2000-06-06,7.660540580749512,8.515625,8.53125,8.25,8.4375,1790800
2000-06-07,7.590261459350586,8.4375,8.53125,8.3125,8.4375,1721800
2000-06-08,7.421586990356445,8.25,8.4375,8.125,8.4375,930200
2000-06-09,7.611341953277588,8.460936546325684,8.460936546325684,8.359375,8.4375,635000
2000-06-12,8.271978378295898,9.195311546325684,9.203125,8.65625,8.671875,4230800
2000-06-13,8.08222484588623,8.984375,9.210936546325684,8.90625,9.203125,2348400
2000-06-14,8.166558265686035,9.078125,9.140625,8.984375,8.992186546325684,949400
2000-06-15,8.250893592834473,9.171875,9.195311546325684,9.007811546325684,9.046875,802400
2000-06-16,7.815155029296875,8.6875,9.109375,8.53125,9.046875,2761200
2000-06-19,7.639454364776611,8.492186546325684,8.59375,8.15625,8.34375,2961800
2000-06-20,7.695679187774658,8.554686546325684,8.609375,8.15625,8.34375,1095200
2000-06-21,7.555119514465332,8.398436546325684,8.554686546325684,8.375,8.554686546325684,1379800
2000-06-22,7.4426727294921875,8.273436546325684,8.554686546325684,8.125,8.554686546325684,1153000
2000-06-23,7.386445045471191,8.210936546325684,8.40625,8.195311546325684,8.25,721400
2000-06-26,7.2107462882995605,8.015625,8.242186546325684,7.765625,8.21875,1334400
2000-06-27,7.0982985496521,7.890625,8.109375,7.71875,8.109375,1467000
2000-06-28,7.077212810516357,7.867187023162842,8.0,7.578125,7.890625,1656600
2000-06-29,7.259942054748535,8.070311546325684,8.125,7.75,7.875,1263200
2000-06-30,7.217773914337158,8.023436546325684,8.289061546325684,8.023436546325684,8.023436546325684,1492400
2000-07-03,7.330224514007568,8.148436546325684,8.148436546325684,7.765625,7.992187023162842,381400
2000-07-05,7.344278812408447,8.164061546325684,8.40625,8.117186546325684,8.117186546325684,643600
2000-07-06,7.512950420379639,8.351561546325684,8.429686546325684,8.195311546325684,8.195311546325684,1339000
2000-07-07,7.625398635864258,8.476561546325684,8.601561546325684,8.359375,8.359375,842800
2000-07-10,7.625398635864258,8.476561546325684,8.53125,8.359375,8.359375,932800
2000-07-11,7.864354133605957,8.742186546325684,8.796875,8.445311546325684,8.445311546325684,1124600
2000-07-12,7.927600383758545,8.8125,8.8125,8.71875,8.71875,1393400
2000-07-13,7.815155029296875,8.6875,8.992186546325684,8.640625,8.640625,1863400
2000-07-14,7.997886657714844,8.890625,8.9375,8.664061546325684,8.890625,1497600
2000-07-17,7.54106330871582,8.382811546325684,8.9375,8.257811546325684,8.382811546325684,3203200
2000-07-18,6.711758136749268,7.460937023162842,7.476562023162842,7.101562023162842,7.476562023162842,9575000
2000-07-19,6.634450912475586,7.375,7.476562023162842,7.085937023162842,7.375,4386400
2000-07-20,6.641477584838867,7.382812023162842,7.5625,7.171875,7.382812023162842,7582000
2000-07-21,6.437664985656738,7.15625,7.5625,7.0,7.15625,3672600
2000-07-24,6.226822376251221,6.921875,7.179687023162842,6.890625,6.921875,3186600
2000-07-25,6.205738067626953,6.898437023162842,7.03125,6.882812023162842,7.03125,1457200
2000-07-26,6.1706013679504395,6.859375,6.9375,6.75,6.875,1691400
2000-07-27,6.226822376251221,6.921875,6.984375,6.8125,6.875,1316400
2000-07-28,6.233851909637451,6.929687023162842,6.953125,6.84375,6.90625,988200
2000-07-31,6.240881443023682,6.9375,7.492187023162842,6.882812023162842,6.953125,948200
2000-08-01,6.395495891571045,7.109375,7.132812023162842,6.898437023162842,6.96875,763800
2000-08-02,6.444692611694336,7.164062023162842,7.242187023162842,6.960937023162842,7.078125,964000
2000-08-03,6.557140350341797,7.289062023162842,7.289062023162842,7.015625,7.03125,1702800
2000-08-04,6.690674304962158,7.4375,7.484375,7.078125,7.21875,2446000
2000-08-07,6.676617622375488,7.421875,7.539062023162842,7.390625,7.4375,1280600
2000-08-08,6.557140350341797,7.289062023162842,7.476562023162842,7.289062023162842,7.421875,889600
2000-08-09,6.592281818389893,7.328125,7.375,7.210937023162842,7.328125,553200
2000-08-10,6.437664985656738,7.15625,7.289062023162842,7.085937023162842,7.25,1102400
2000-08-11,6.557140350341797,7.289062023162842,7.335937023162842,7.164062023162842,7.179687023162842,1943800
2000-08-14,6.641477584838867,7.382812023162842,7.398437023162842,7.21875,7.289062023162842,813800
2000-08-15,6.479834079742432,7.203125,7.351562023162842,7.203125,7.351562023162842,333400
2000-08-16,6.557140350341797,7.289062023162842,7.359375,7.242187023162842,7.242187023162842,498400
2000-08-17,6.507944583892822,7.234375,7.3125,7.226562023162842,7.3125,588600
2000-08-18,6.402524471282959,7.117187023162842,7.25,7.03125,7.203125,830800
2000-08-21,6.500916957855225,7.226562023162842,7.273437023162842,7.070312023162842,7.09375,968600
2000-08-22,6.472805023193359,7.195312023162842,7.25,7.15625,7.210937023162842,450200
2000-08-23,6.360357284545898,7.070312023162842,7.226562023162842,7.039062023162842,7.1875,555600
2000-08-24,6.2127685546875,6.90625,7.007812023162842,6.90625,7.0,1437200
2000-08-25,6.240881443023682,6.9375,6.976562023162842,6.851562023162842,6.875,1018000
2000-08-28,6.311160564422607,7.015625,7.039062023162842,6.890625,6.921875,911800
2000-08-29,6.360357284545898,7.070312023162842,7.09375,6.976562023162842,7.015625,1004800
2000-08-30,6.290075302124023,6.992187023162842,7.054687023162842,6.96875,7.015625,763200
2000-08-31,6.290075302124023,6.992187023162842,7.09375,6.992187023162842,7.0,1032600
2000-09-01,6.276019096374512,6.976562023162842,7.015625,6.875,7.015625,729800
2000-09-05,6.226822376251221,6.921875,6.953125,6.8125,6.953125,2672600
2000-09-06,6.240881443023682,6.9375,6.992187023162842,6.859375,6.90625,3023000
2000-09-07,6.107347011566162,6.789062023162842,6.945312023162842,6.75,6.945312023162842,1495200
2000-09-08,6.079235553741455,6.757812023162842,6.820312023162842,6.71875,6.820312023162842,1723600
2000-09-11,6.030040264129639,6.703125,6.75,6.695312023162842,6.742187023162842,839000
2000-09-12,6.044095516204834,6.71875,6.742187023162842,6.710937023162842,6.734375,1023200
2000-09-13,6.079235553741455,6.757812023162842,6.789062023162842,6.734375,6.734375,1218400
2000-09-14,6.205738067626953,6.898437023162842,6.960937023162842,6.765625,6.78125,1210400
2000-09-15,6.149517059326172,6.835937023162842,6.945312023162842,6.820312023162842,6.875,1113800
2000-09-18,6.023011684417725,6.695312023162842,6.875,6.695312023162842,6.859375,1399600
2000-09-19,6.142488479614258,6.828125,6.84375,6.65625,6.703125,832600
2000-09-20,6.149517059326172,6.835937023162842,6.875,6.726562023162842,6.796875,681200
2000-09-21,6.311160564422607,7.015625,7.054687023162842,6.835937023162842,6.835937023162842,1532400
2000-09-22,6.522000789642334,7.25,7.367187023162842,7.078125,7.09375,2612800
2000-09-25,6.416579246520996,7.132812023162842,7.257812023162842,7.101562023162842,7.257812023162842,1136800
2000-09-26,6.290075302124023,6.992187023162842,7.117187023162842,6.960937023162842,7.0625,852200
2000-09-27,6.297104835510254,7.0,7.0625,6.953125,7.0,1664800
2000-09-28,6.395495891571045,7.109375,7.21875,6.984375,6.984375,2274800
2000-09-29,6.52902889251709,7.257812023162842,7.273437023162842,7.125,7.15625,1594800
2000-10-02,6.725813388824463,7.476562023162842,7.484375,7.125,7.164062023162842,1201600
2000-10-03,6.704729080200195,7.453125,7.679687023162842,7.421875,7.5625,1995600
2000-10-04,6.831233024597168,7.59375,7.609375,7.429687023162842,7.445312023162842,2321800
2000-10-05,6.978821277618408,7.757812023162842,7.757812023162842,7.585937023162842,7.609375,1802400
2000-10-06,6.8171772956848145,7.578125,7.796875,7.515625,7.726562023162842,1827400
2000-10-09,6.852317810058594,7.617187023162842,7.617187023162842,7.5,7.546875,1333200
2000-10-10,6.789066314697266,7.546875,7.726562023162842,7.484375,7.664062023162842,1225000
2000-10-11,6.52902889251709,7.257812023162842,7.382812023162842,7.148437023162842,7.375,1982600
2000-10-12,6.254936695098877,6.953125,7.3125,6.890625,7.3125,2234000
2000-10-13,6.374413013458252,7.085937023162842,7.132812023162842,6.976562023162842,7.03125,880400
2000-10-16,6.606338024139404,7.34375,7.421875,7.101562023162842,7.109375,1193200
2000-10-17,6.627420425415039,7.367187023162842,7.445312023162842,7.335937023162842,7.375,1236200
2000-10-18,6.634450912475586,7.375,7.4375,7.203125,7.328125,1011800
2000-10-19,6.739870071411133,7.492187023162842,7.53125,7.40625,7.40625,1017200
2000-10-20,6.739870071411133,7.492187023162842,7.640625,7.46875,7.5,1279800
2000-10-23,6.51497220993042,7.242187023162842,7.476562023162842,7.164062023162842,7.46875,1654200
2000-10-24,6.641477584838867,7.382812023162842,7.429687023162842,7.1875,7.242187023162842,1185800
2000-10-25,6.51497220993042,7.242187023162842,7.304687023162842,7.171875,7.265625,902400
2000-10-26,6.669590950012207,7.414062023162842,7.515625,7.3125,7.34375,1607400
2000-10-27,6.388467788696289,7.101562023162842,7.789062023162842,6.96875,7.53125,3906800
2000-10-30,6.402524471282959,7.117187023162842,7.382812023162842,7.070312023162842,7.125,2238800
2000-10-31,6.500916957855225,7.226562023162842,7.289062023162842,7.125,7.125,1224800
2000-11-01,7.056130409240723,7.84375,7.929687023162842,6.875,7.015625,6916600
2000-11-02,7.168578624725342,7.96875,8.054686546325684,7.703125,7.898437023162842,4215600
2000-11-03,7.1123552322387695,7.90625,7.96875,7.695312023162842,7.96875,991600
2000-11-06,7.2388596534729,8.046875,8.054686546325684,7.8125,7.953125,1703600
2000-11-07,7.20371675491333,8.007811546325684,8.09375,7.898437023162842,8.046875,872600
2000-11-08,7.133438587188721,7.929687023162842,8.164061546325684,7.875,7.9375,1165200
2000-11-09,7.196690559387207,8.0,8.054686546325684,7.710937023162842,8.007811546325684,1464200
2000-11-10,7.1615495681762695,7.960937023162842,8.078125,7.921875,8.023436546325684,1364400
2000-11-13,7.049101829528809,7.835937023162842,7.992187023162842,7.804687023162842,7.96875,1801400
2000-11-14,7.20371675491333,8.007811546325684,8.070311546325684,7.789062023162842,7.789062023162842,2710200
2000-11-15,7.428614139556885,8.257811546325684,8.296875,8.046875,8.054686546325684,1964400
2000-11-16,7.435641765594482,8.265625,8.429686546325684,8.1875,8.21875,1558600
2000-11-17,7.435641765594482,8.265625,8.4375,8.117186546325684,8.296875,1333000
2000-11-20,7.1545209884643555,7.953125,8.09375,7.875,8.046875,1957400
2000-11-21,7.056130409240723,7.84375,8.039061546325684,7.820312023162842,7.945312023162842,936200
2000-11-22,6.936653137207031,7.710937023162842,7.875,7.554687023162842,7.8125,828000
2000-11-24,7.140469074249268,7.9375,7.984375,7.679687023162842,7.71875,243800
2000-11-27,7.20371675491333,8.007811546325684,8.101561546325684,7.851562023162842,7.953125,1512200
2000-11-28,7.470784664154053,8.304686546325684,8.359375,7.992187023162842,8.039061546325684,1289400
2000-11-29,7.548091411590576,8.390625,8.429686546325684,8.265625,8.265625,1736400
2000-11-30,7.569173812866211,8.414061546325684,8.585936546325684,8.34375,8.375,1529600
2000-12-01,7.569173812866211,8.414061546325684,8.570311546325684,8.351561546325684,8.421875,1079600
2000-12-04,7.5762038230896,8.421875,8.515625,8.351561546325684,8.445311546325684,1084400
2000-12-05,7.70973539352417,8.570311546325684,8.59375,8.460936546325684,8.460936546325684,963000
2000-12-06,7.787046432495117,8.65625,8.75,8.5,8.578125,1774400
2000-12-07,7.8081278800964355,8.679686546325684,8.703125,8.523436546325684,8.65625,1057600
2000-12-08,7.702708721160889,8.5625,8.65625,8.484375,8.648436546325684,1237600
2000-12-11,7.639454364776611,8.492186546325684,8.578125,8.460936546325684,8.53125,1039800
2000-12-12,7.660540580749512,8.515625,8.617186546325684,8.5,8.5625,1125400
2000-12-13,7.660540580749512,8.515625,8.6875,8.484375,8.515625,1414400
2000-12-14,7.745437145233154,8.609999656677246,8.906999588012695,8.468999862670898,8.609999656677246,459700
2000-12-15,7.421586990356445,8.25,8.718999862670898,8.234999656677246,8.718999862670898,4398000
2000-12-18,8.279793739318848,9.204000473022461,9.843999862670898,8.375,8.375,10353200
2000-12-19,7.8713812828063965,8.75,9.187999725341797,8.75,9.125,7015600
2000-12-20,7.928055286407471,8.812999725341797,9.04699993133545,8.437999725341797,8.6899995803833,7476400
2000-12-21,7.885773658752441,8.765999794006348,9.109999656677246,8.718999862670898,9.029999732971191,8647600
2000-12-22,8.180838584899902,9.093999862670898,9.359999656677246,8.875,8.920000076293945,4051600
2000-12-26,8.54607105255127,9.5,9.656999588012695,9.125,9.125,2427600
2000-12-27,9.249547004699707,10.281999588012695,10.468999862670898,9.390999794006348,9.390999794006348,2987200
2000-12-28,9.207268714904785,10.234999656677246,10.312999725341797,9.968999862670898,10.170000076293945,2075600
2000-12-29,9.235152244567871,10.265999794006348,10.593999862670898,10.04699993133545,10.04699993133545,2970800
2001-01-02,9.122367858886719,10.140625,10.5625,10.015625,10.390625,3854800
2001-01-03,9.333209037780762,10.375,10.671875,10.0625,10.078125,3519200
2001-01-04,8.799751281738281,9.781999588012695,10.531999588012695,9.265999794006348,10.4399995803833,5080000
2001-01-05,8.616349220275879,9.578125,9.828125,9.21875,9.5,4518800
2001-01-08,8.54607105255127,9.5,9.6875,9.421875,9.625,2326400
2001-01-09,8.47590160369873,9.42199993133545,9.579000473022461,9.187999725341797,9.279999732971191,3337600
2001-01-10,8.54607105255127,9.5,9.671875,9.296875,9.4375,2228400
2001-01-11,8.068166732788086,8.96875,9.5625,8.84375,9.375,3398000
2001-01-12,8.307679176330566,9.234999656677246,9.343999862670898,8.781999588012695,8.781999588012695,2619200
2001-01-16,8.672575950622559,9.640625,9.703125,9.21875,9.234375,1986400
2001-01-17,8.264952659606934,9.1875,9.859375,9.125,9.796875,3196000
2001-01-18,8.08222484588623,8.984375,9.1875,8.84375,9.1875,2360400
2001-01-19,7.997886657714844,8.890625,9.078125,8.875,8.96875,1730400
2001-01-22,8.349959373474121,9.281999588012695,9.343999862670898,8.875,8.954999923706055,2076000
2001-01-23,8.715190887451172,9.687999725341797,9.954000473022461,9.156999588012695,9.156999588012695,2852400
2001-01-24,8.9396390914917,9.9375,9.9375,9.73449993133545,9.73449993133545,1836400
2001-01-25,8.75691032409668,9.734375,9.96875,9.59375,9.96875,1600800
2001-01-26,8.813248634338379,9.79699993133545,9.79699993133545,9.593799591064453,9.593799591064453,2504400
2001-01-29,8.995861053466797,10.0,10.0,9.725000381469727,9.75,3434800
2001-01-30,8.760169982910156,9.73799991607666,9.878000259399414,9.512999534606934,9.875,4724800
2001-01-31,8.598248481750488,9.557999610900879,9.73799991607666,9.149999618530273,9.625,5020800
2001-02-01,8.433619499206543,9.375,9.61299991607666,9.295000076293945,9.335000038146973,2104000
2001-02-02,8.67651081085205,9.645000457763672,9.912500381469727,9.324999809265137,9.324999809265137,2627200
2001-02-05,8.770966529846191,9.75,9.927499771118164,9.649999618530273,9.75,3886800
2001-02-06,8.490296363830566,9.437999725341797,9.9350004196167,9.375,9.850000381469727,2200000
2001-02-07,8.429123878479004,9.369999885559082,9.75,9.2524995803833,9.574999809265137,2317600
2001-02-08,8.357155799865723,9.289999961853027,9.449999809265137,9.147500038146973,9.350000381469727,3546800
2001-02-09,8.453863143920898,9.397500038146973,9.65999984741211,9.1225004196167,9.125,4018400
2001-02-12,8.748477935791016,9.725000381469727,9.725000381469727,9.447500228881836,9.447500228881836,1709200
2001-02-13,8.54607105255127,9.5,9.75,9.492500305175781,9.725000381469727,2282000
2001-02-14,8.548317909240723,9.5024995803833,9.725000381469727,9.5,9.625,2214400
2001-02-15,8.4403715133667,9.382499694824219,9.507499694824219,9.350000381469727,9.449999809265137,3189200
2001-02-16,8.339164733886719,9.270000457763672,9.475000381469727,9.207500457763672,9.395000457763672,2174400
2001-02-20,8.148453712463379,9.057999610900879,9.387999534606934,8.904999732971191,9.364999771118164,2799200
2001-02-21,8.09403133392334,8.9975004196167,9.1225004196167,8.9375,9.1225004196167,2374800
2001-02-22,8.282940864562988,9.207500457763672,9.207500457763672,8.927499771118164,8.927499771118164,2552000
2001-02-23,8.010814666748047,8.904999732971191,9.29800033569336,8.904999732971191,9.25,5896000
2001-02-26,8.255955696105957,9.177499771118164,9.177499771118164,9.012499809265137,9.012499809265137,2246400
2001-02-27,8.377397537231445,9.3125,9.404999732971191,9.199999809265137,9.225000381469727,1229600
2001-02-28,8.37290096282959,9.307499885559082,9.3725004196167,9.024999618530273,9.22249984741211,2442000
2001-03-01,8.341863632202148,9.27299976348877,9.317999839782715,9.118000030517578,9.305000305175781,1628400
2001-03-02,8.422374725341797,9.362500190734863,9.449999809265137,9.274999618530273,9.332500457763672,2362000
2001-03-05,8.44711685180664,9.390000343322754,9.477499961853027,9.362500190734863,9.362500190734863,3772000
2001-03-06,8.402139663696289,9.34000015258789,9.397500038146973,9.265000343322754,9.265000343322754,5754000
2001-03-07,8.282940864562988,9.207500457763672,9.4350004196167,9.149999618530273,9.289999961853027,1325200
2001-03-08,8.37290096282959,9.307499885559082,9.362500190734863,9.1850004196167,9.262499809265137,6068400
2001-03-09,8.35490894317627,9.287500381469727,9.425000190734863,9.210000038146973,9.350000381469727,2168400
2001-03-12,8.348158836364746,9.279999732971191,9.322999954223633,9.192999839782715,9.25,2322800
2001-03-13,8.309927940368652,9.237500190734863,9.3100004196167,9.087499618530273,9.279999732971191,2427200
2001-03-14,8.451619148254395,9.395000457763672,9.395000457763672,9.0,9.0,2572400
2001-03-15,8.415635108947754,9.354999542236328,9.354999542236328,9.329999923706055,9.329999923706055,2577600
2001-03-16,8.352659225463867,9.28499984741211,9.375,9.1899995803833,9.289999961853027,3494400
2001-03-19,8.467358589172363,9.412500381469727,9.412500381469727,9.367500305175781,9.375,1690000
2001-03-20,8.379647254943848,9.3149995803833,9.442500114440918,9.257499694824219,9.367500305175781,1762000
2001-03-21,8.049052238464355,8.947500228881836,9.337499618530273,8.947500228881836,9.3149995803833,4182800
2001-03-22,7.803913593292236,8.675000190734863,8.850000381469727,8.300000190734863,8.850000381469727,5319600
2001-03-23,8.040054321289062,8.9375,9.162500381469727,8.680000305175781,8.680000305175781,4290000
2001-03-26,7.977081775665283,8.867500305175781,9.085000038146973,8.822500228881836,8.912500381469727,2004800
2001-03-27,7.797165393829346,8.667499542236328,8.864999771118164,8.457500457763672,8.864999771118164,3101600
2001-03-28,7.603753566741943,8.452500343322754,8.632499694824219,8.449999809265137,8.604999542236328,2767200
2001-03-29,7.9231061935424805,8.807499885559082,8.807499885559082,8.477499961853027,8.477499961853027,3252400
2001-03-30,8.07828426361084,8.979999542236328,9.225000381469727,8.800000190734863,8.800000190734863,2379200
2001-04-02,8.219970703125,9.137499809265137,9.3725004196167,8.897500038146973,8.979999542236328,2046000
2001-04-03,7.9096150398254395,8.792499542236328,9.052499771118164,8.670000076293945,9.050000190734863,1400800
2001-04-04,8.015313148498535,8.90999984741211,9.024999618530273,8.505000114440918,8.817500114440918,3286400
2001-04-05,8.208725929260254,9.125,9.125,8.960000038146973,8.960000038146973,2864800
2001-04-06,8.116517066955566,9.022500038146973,9.22249984741211,8.949999809265137,9.0625,2236000
2001-04-09,8.134507179260254,9.042499542236328,9.042499542236328,9.0,9.0,1386400
2001-04-10,6.701919078826904,7.449999809265137,7.557499885559082,7.1875,7.537499904632568,19290800
2001-04-11,6.173411846160889,6.862500190734863,7.25,6.6875,7.25,12512800
2001-04-12,6.072207927703857,6.75,6.862500190734863,6.650000095367432,6.862500190734863,8746000
2001-04-16,5.72136926651001,6.360000133514404,6.813000202178955,6.275000095367432,6.75,8604400
2001-04-17,5.6494011878967285,6.28000020980835,6.349999904632568,6.013000011444092,6.289999961853027,9674000
2001-04-18,5.662897109985352,6.295000076293945,6.375,6.199999809265137,6.349999904632568,8788400
2001-04-19,5.5976762771606445,6.222499847412109,6.472499847412109,6.179999828338623,6.292500019073486,6513200
2001-04-20,5.860804557800293,6.514999866485596,6.637499809265137,6.262499809265137,6.287499904632568,7076800
2001-04-23,5.962008476257324,6.627500057220459,6.672500133514404,6.327499866485596,6.387499809265137,4077600
2001-04-24,6.033974647521973,6.707499980926514,6.747499942779541,6.5625,6.577499866485596,1740000
2001-04-25,6.0047383308410645,6.675000190734863,6.675000190734863,6.637499809265137,6.637499809265137,2474000
2001-04-26,6.128432273864746,6.8125,6.909999847412109,6.650000095367432,6.6875,1947600
2001-04-27,6.375819206237793,7.087500095367432,7.087500095367432,6.875,6.875,1694000
2001-04-30,6.340285301208496,7.047999858856201,7.09499979019165,6.940000057220459,7.090000152587891,3012400
2001-05-01,6.3713202476501465,7.082499980926514,7.137499809265137,6.940000057220459,6.974999904632568,1258800
2001-05-02,6.173411846160889,6.862500190734863,6.897500038146973,6.577499866485596,6.862500190734863,3768000
2001-05-03,5.95975923538208,6.625,6.887499809265137,6.587500095367432,6.862500190734863,4690000
2001-05-04,6.009237289428711,6.679999828338623,6.767499923706055,6.607500076293945,6.675000190734863,3195600
2001-05-07,5.847310543060303,6.5,6.724999904632568,6.5,6.724999904632568,1401600
2001-05-08,5.669641017913818,6.302499771118164,6.502500057220459,6.25,6.502500057220459,3175200
2001-05-09,5.712372303009033,6.349999904632568,6.440000057220459,6.230000019073486,6.262499809265137,2898800
2001-05-10,5.764547824859619,6.4079999923706055,6.474999904632568,5.925000190734863,6.125,7224800
2001-05-11,5.671891689300537,6.304999828338623,6.438000202178955,6.054999828338623,6.25,5361200
2001-05-14,5.818075656890869,6.46750020980835,6.46750020980835,6.4375,6.4375,5933600
2001-05-15,5.784339904785156,6.429999828338623,6.4629998207092285,6.315000057220459,6.400000095367432,1786000
2001-05-16,5.914779186248779,6.574999809265137,6.574999809265137,6.5,6.5,2727200
2001-05-17,5.550447940826416,6.170000076293945,6.489999771118164,6.122499942779541,6.4375,3056400
2001-05-18,5.617917537689209,6.244999885559082,6.367499828338623,6.1875,6.199999809265137,1695200
2001-05-21,5.616116046905518,6.243000030517578,6.288000106811523,6.195000171661377,6.25,3208800
2001-05-22,5.604422092437744,6.230000019073486,6.295000076293945,6.177999973297119,6.25,5022400
2001-05-23,5.397517681121826,6.0,6.224999904632568,5.974999904632568,6.224999904632568,4869200
2001-05-24,5.420009136199951,6.025000095367432,6.050000190734863,5.949999809265137,6.0,4432000
2001-05-25,5.332298755645752,5.927499771118164,6.025000095367432,5.900000095367432,6.025000095367432,5069200
2001-05-29,5.323302268981934,5.917500019073486,5.987500190734863,5.857500076293945,5.949999809265137,2864400
2001-05-30,5.22434663772583,5.807499885559082,5.877500057220459,5.772500038146973,5.875,2921600
2001-05-31,5.2513346672058105,5.837500095367432,5.875,5.815000057220459,5.837500095367432,1964400
2001-06-01,5.375028610229492,5.974999904632568,6.025000095367432,5.752500057220459,5.894999980926514,2978800
2001-06-04,5.5099663734436035,6.125,6.125,5.962500095367432,5.962500095367432,3046400
2001-06-05,5.6066718101501465,6.232500076293945,6.300000190734863,6.099999904632568,6.112500190734863,3831200
2001-06-06,5.75285530090332,6.394999980926514,6.394999980926514,6.232500076293945,6.232500076293945,3538400
2001-06-07,5.824822902679443,6.474999904632568,6.577499866485596,6.352499961853027,6.367499828338623,7958400
2001-06-08,5.847310543060303,6.5,6.5,6.447999954223633,6.474999904632568,3102000
2001-06-11,5.80502986907959,6.453000068664551,6.538000106811523,6.449999809265137,6.5,3519600
2001-06-12,5.800082206726074,6.447500228881836,6.5,6.375,6.447500228881836,1890800
2001-06-13,5.890042781829834,6.547500133514404,6.605000019073486,6.4375,6.4375,1900400
2001-06-14,5.858554363250732,6.512499809265137,6.622499942779541,6.487500190734863,6.547500133514404,2622400
2001-06-15,5.869800090789795,6.525000095367432,6.550000190734863,6.324999809265137,6.5,3222000
2001-06-18,5.88104772567749,6.537499904632568,6.612500190734863,6.525000095367432,6.527500152587891,2412000
2001-06-19,5.881494045257568,6.538000106811523,6.599999904632568,6.525000095367432,6.599999904632568,3665200
2001-06-20,5.845510959625244,6.498000144958496,6.563000202178955,6.438000202178955,6.534999847412109,8672000
2001-06-21,5.993494033813477,6.662499904632568,6.662499904632568,6.487500190734863,6.487500190734863,5836800
2001-06-22,5.845062732696533,6.497499942779541,6.71999979019165,6.497499942779541,6.662499904632568,3390000
2001-06-25,5.836066246032715,6.487500190734863,6.552499771118164,6.440000057220459,6.497499942779541,2560400
2001-06-26,5.838315010070801,6.489999771118164,6.489999771118164,6.472499847412109,6.489999771118164,3574400
2001-06-27,5.8113274574279785,6.460000038146973,6.497499942779541,6.425000190734863,6.449999809265137,2442800
2001-06-28,5.779841899871826,6.425000190734863,6.46750020980835,6.422500133514404,6.460000038146973,1018000
2001-06-29,5.818525791168213,6.4679999351501465,6.538000106811523,6.313000202178955,6.375,2846000
2001-07-02,5.644905090332031,6.275000095367432,6.449999809265137,6.162499904632568,6.449999809265137,6556800
2001-07-03,5.669641017913818,6.302499771118164,6.302499771118164,6.275000095367432,6.277500152587891,1046400
2001-07-05,5.667395114898682,6.300000190734863,6.300000190734863,6.262499809265137,6.262499809265137,2075600
2001-07-06,5.660646438598633,6.292500019073486,6.364999771118164,6.252500057220459,6.297500133514404,1638800
2001-07-09,5.676389694213867,6.309999942779541,6.425000190734863,6.235000133514404,6.295000076293945,3454800
2001-07-10,5.662897109985352,6.295000076293945,6.332499980926514,6.255000114440918,6.309999942779541,2080400
2001-07-11,5.604422092437744,6.230000019073486,6.292500019073486,6.1875,6.25,3227600
2001-07-12,5.550447940826416,6.170000076293945,6.2179999351501465,6.0929999351501465,6.179999828338623,3329200
2001-07-13,5.96695613861084,6.632999897003174,6.650000095367432,6.1479997634887695,6.150000095367432,3405600
2001-07-16,5.962008476257324,6.627500057220459,6.75,6.550000190734863,6.570000171661377,2444000
2001-07-17,5.9822492599487305,6.650000095367432,6.7129998207092285,6.605000019073486,6.635000228881836,3178000
2001-07-18,5.854058742523193,6.507500171661377,6.637499809265137,6.485000133514404,6.637499809265137,2067600
2001-07-19,5.689883708953857,6.324999809265137,6.525000095367432,6.292500019073486,6.512499809265137,1895600
2001-07-20,5.8135762214660645,6.462500095367432,6.625,6.400000095367432,6.449999809265137,1892400
2001-07-23,5.90353536605835,6.5625,6.607500076293945,6.5,6.512499809265137,1161200
2001-07-24,5.851809024810791,6.505000114440918,6.579999923706055,6.440000057220459,6.505000114440918,2924000
2001-07-25,5.847310543060303,6.5,6.545000076293945,6.460000038146973,6.505000114440918,2260800
2001-07-26,5.88104772567749,6.537499904632568,6.537499904632568,6.4375,6.4375,2572800
2001-07-27,5.914779186248779,6.574999809265137,6.824999809265137,6.5625,6.662499904632568,3024000
2001-07-30,6.0254292488098145,6.697999954223633,6.75,6.5329999923706055,6.614999771118164,1786000
2001-07-31,6.3645734786987305,7.074999809265137,7.074999809265137,6.65749979019165,6.65749979019165,2941600
2001-08-01,6.2228875160217285,6.917500019073486,7.052499771118164,6.8125,7.052499771118164,5843600
2001-08-02,6.051968097686768,6.727499961853027,6.917500019073486,6.704999923706055,6.917500019073486,3225600
2001-08-03,5.955260753631592,6.619999885559082,6.75,6.619999885559082,6.727499961853027,2033600
2001-08-06,5.926024436950684,6.587500095367432,6.78000020980835,6.585000038146973,6.78000020980835,2260000
2001-08-07,5.926474094390869,6.5879998207092285,6.61299991607666,6.525000095367432,6.585000038146973,1488400
2001-08-08,5.845510959625244,6.498000144958496,6.61299991607666,6.130000114440918,6.375,9544400
2001-08-09,5.883295059204102,6.539999961853027,6.612500190734863,6.349999904632568,6.474999904632568,2251600
2001-08-10,5.964258670806885,6.630000114440918,6.664999961853027,6.5,6.5,3414800
2001-08-13,6.049717903137207,6.724999904632568,6.724999904632568,6.612500190734863,6.612500190734863,3175200
2001-08-14,6.0969462394714355,6.777500152587891,6.815000057220459,6.692500114440918,6.692500114440918,5004000
2001-08-15,6.252124786376953,6.949999809265137,6.974999904632568,6.800000190734863,6.860000133514404,3017200
2001-08-16,6.195901393890381,6.887499809265137,6.974999904632568,6.797500133514404,6.900000095367432,3457600
2001-08-17,6.072207927703857,6.75,6.860000133514404,6.710000038146973,6.829999923706055,2248800
2001-08-20,6.117187023162842,6.800000190734863,6.862500190734863,6.722499847412109,6.75,2606400
2001-08-21,6.297104835510254,7.0,7.045000076293945,6.828000068664551,6.855000019073486,3425200
2001-08-22,6.454533100128174,7.175000190734863,7.175000190734863,7.0,7.0,2724000
2001-08-23,6.758141994476318,7.512499809265137,7.512499809265137,7.152500152587891,7.152500152587891,3029200
2001-08-24,6.746898651123047,7.5,7.550000190734863,7.324999809265137,7.502500057220459,5406400
2001-08-27,6.470274448394775,7.192500114440918,7.474999904632568,7.147500038146973,7.462500095367432,2345600
2001-08-28,6.56697940826416,7.300000190734863,7.449999809265137,7.195000171661377,7.235000133514404,1742000
2001-08-29,6.58047342300415,7.315000057220459,7.460000038146973,7.199999809265137,7.237500190734863,1419200
2001-08-30,6.746898651123047,7.5,7.5,7.300000190734863,7.315000057220459,2085200
2001-08-31,6.72440767288208,7.474999904632568,7.574999809265137,7.377999782562256,7.5,3285200
2001-09-04,6.69966983795166,7.447500228881836,7.512499809265137,7.387499809265137,7.4375,2126400
2001-09-05,6.769388198852539,7.525000095367432,7.525000095367432,7.4375,7.4375,3332400
2001-09-06,6.5467400550842285,7.277500152587891,7.525000095367432,7.269999980926514,7.5,2528000
2001-09-07,6.427545070648193,7.144999980926514,7.25,7.03000020980835,7.102499961853027,2182400
2001-09-10,6.506706714630127,7.232999801635742,7.289999961853027,7.074999809265137,7.079999923706055,1799200
2001-09-17,6.328590393066406,7.034999847412109,7.125,6.672500133514404,7.0625,4817200
2001-09-18,6.409552097320557,7.125,7.324999809265137,7.078000068664551,7.324999809265137,6234400
2001-09-19,6.184656143188477,6.875,7.162499904632568,6.737500190734863,7.137499809265137,5482000
2001-09-20,5.905783653259277,6.565000057220459,6.9375,6.550000190734863,6.75,3380000
2001-09-21,5.656149387359619,6.287499904632568,6.5,6.012499809265137,6.195000171661377,7117600
2001-09-24,5.971005916595459,6.637499809265137,6.637499809265137,6.337500095367432,6.337500095367432,4836000
2001-09-25,6.117187023162842,6.800000190734863,6.824999809265137,6.449999809265137,6.449999809265137,3744800
2001-09-26,6.2881083488464355,6.989999771118164,6.989999771118164,6.800000190734863,6.800000190734863,2040000
2001-09-27,6.297104835510254,7.0,7.057499885559082,6.787499904632568,7.0,2910400
2001-09-28,6.513005256652832,7.239999771118164,7.239999771118164,7.0,7.0,2920400
2001-10-01,6.6299519538879395,7.369999885559082,7.369999885559082,7.224999904632568,7.224999904632568,2204400
2001-10-02,6.578225612640381,7.3125,7.349999904632568,7.224999904632568,7.3125,1775200
2001-10-03,6.530995845794678,7.260000228881836,7.3125,7.192500114440918,7.295000076293945,3236800
2001-10-04,6.5467400550842285,7.277500152587891,7.449999809265137,7.192500114440918,7.287499904632568,2208400
2001-10-05,6.589470863342285,7.324999809265137,7.324999809265137,7.300000190734863,7.300000190734863,1536000
2001-10-08,6.535495758056641,7.264999866485596,7.295000076293945,7.224999904632568,7.269999980926514,727600
2001-10-09,6.713163375854492,7.462500095367432,7.462500095367432,7.327499866485596,7.327499866485596,1335200
2001-10-10,6.852599620819092,7.617499828338623,7.6875,7.357500076293945,7.425000190734863,2856000
2001-10-11,6.902076244354248,7.672500133514404,7.849999904632568,7.554999828338623,7.597499847412109,2144400
2001-10-12,6.7626423835754395,7.517499923706055,7.659999847412109,7.337500095367432,7.612500190734863,2043600
2001-10-15,6.836855888366699,7.599999904632568,7.625,7.425000190734863,7.425000190734863,1215600
2001-10-16,6.8346076011657715,7.597499847412109,7.6875,7.525000095367432,7.599999904632568,1447200
2001-10-17,6.726656913757324,7.477499961853027,7.637499809265137,7.427499771118164,7.565000057220459,2445200
2001-10-18,6.508505821228027,7.235000133514404,7.472499847412109,7.175000190734863,7.462500095367432,2928800
2001-10-19,6.454533100128174,7.175000190734863,7.297500133514404,7.099999904632568,7.099999904632568,3002800
2001-10-22,6.522000789642334,7.25,7.255000114440918,7.110000133514404,7.170000076293945,3344800
2001-10-23,6.409552097320557,7.125,7.248000144958496,7.0279998779296875,7.244999885559082,4089200
2001-10-24,6.411801338195801,7.127500057220459,7.212500095367432,6.987500190734863,7.125,2875200
2001-10-25,6.420796871185303,7.137499809265137,7.137499809265137,7.119999885559082,7.125,1776000
2001-10-26,6.3623247146606445,7.072500228881836,7.117499828338623,6.965000152587891,6.994999885559082,2474400
2001-10-29,6.3330864906311035,7.039999961853027,7.150000095367432,7.012499809265137,7.065000057220459,3707200
2001-10-30,6.231883525848389,6.927499771118164,7.039999961853027,6.880000114440918,7.012499809265137,2642400
2001-10-31,6.216142177581787,6.909999847412109,7.010000228881836,6.84499979019165,6.962500095367432,2917600
2001-11-01,6.27461576461792,6.974999904632568,6.974999904632568,6.909999847412109,6.909999847412109,3719600
2001-11-02,6.555735111236572,7.287499904632568,7.442500114440918,7.0,7.0625,4609200
2001-11-05,6.962797164916992,7.739999771118164,7.739999771118164,7.412499904632568,7.412499904632568,4197600
2001-11-06,7.198938369750977,8.0024995803833,8.050000190734863,7.690000057220459,7.699999809265137,8055600
2001-11-07,7.025769233703613,7.809999942779541,8.1225004196167,7.150000095367432,7.900000095367432,26856400
2001-11-08,6.701919078826904,7.449999809265137,7.807499885559082,7.422500133514404,7.807499885559082,8488000
2001-11-09,6.499240398406982,7.215000152587891,7.438000202178955,7.210000038146973,7.438000202178955,4522000
2001-11-12,6.551035404205322,7.272500038146973,7.337500095367432,7.0625,7.215000152587891,4174400
2001-11-13,6.7559661865234375,7.5,7.5,7.269999980926514,7.269999980926514,3880400
2001-11-14,6.749660491943359,7.493000030517578,7.563000202178955,7.4029998779296875,7.474999904632568,1267600
2001-11-15,6.634358882904053,7.364999771118164,7.630000114440918,7.34250020980835,7.387499809265137,2775600
2001-11-16,6.638863563537598,7.369999885559082,7.492499828338623,7.317500114440918,7.400000095367432,2090800
2001-11-19,6.643367767333984,7.375,7.442500114440918,7.275000095367432,7.3125,3174000
2001-11-20,6.807761192321777,7.557499885559082,7.599999904632568,7.227499961853027,7.25,4091200
2001-11-21,6.936124324798584,7.699999809265137,7.699999809265137,7.537499904632568,7.537499904632568,3361600
2001-11-23,6.873069763183594,7.630000114440918,7.672500133514404,7.462500095367432,7.662499904632568,834400
2001-11-26,6.904597282409668,7.664999961853027,7.747499942779541,7.5,7.632500171661377,2883600
2001-11-27,6.873069763183594,7.630000114440918,7.807499885559082,7.590000152587891,7.599999904632568,3752000
2001-11-28,6.922614097595215,7.684999942779541,7.75,7.612500190734863,7.662499904632568,1332800
2001-11-29,7.012691974639893,7.784999847412109,7.784999847412109,7.6875,7.6875,2035200
2001-11-30,7.0194501876831055,7.792500019073486,7.875,7.762499809265137,7.775000095367432,1882800
2001-12-03,6.940629482269287,7.704999923706055,7.8125,7.642499923706055,7.730000019073486,1054400
2001-12-04,6.967653274536133,7.735000133514404,7.787499904632568,7.537499904632568,7.6875,2421200
2001-12-05,6.999182224273682,7.769999980926514,7.769999980926514,7.65749979019165,7.65749979019165,1600000
2001-12-06,7.105024814605713,7.887499809265137,8.0,7.710000038146973,7.710000038146973,2131600
2001-12-07,7.053228378295898,7.829999923706055,7.875,7.800000190734863,7.875,1923200
2001-12-10,6.897840976715088,7.65749979019165,7.807499885559082,7.632500171661377,7.735000133514404,1511200
2001-12-11,6.900094032287598,7.659999847412109,7.735000133514404,7.482999801635742,7.65500020980835,2444400
2001-12-12,6.990173816680908,7.760000228881836,7.862500190734863,7.557499885559082,7.614999771118164,4354800
2001-12-13,6.922614097595215,7.684999942779541,7.8125,7.489999771118164,7.599999904632568,2809600
2001-12-14,7.0487236976623535,7.824999809265137,7.824999809265137,7.6875,7.6875,5745600
2001-12-17,7.044220924377441,7.820000171661377,7.872499942779541,7.710000038146973,7.75,1360000
2001-12-18,7.2761759757995605,8.077500343322754,8.125,7.800000190734863,7.800000190734863,9723600
2001-12-19,7.418050765991211,8.234999656677246,8.399999618530273,8.022500038146973,8.079999923706055,3993600
2001-12-20,7.611721038818359,8.449999809265137,8.449999809265137,8.234999656677246,8.234999656677246,9764800
2001-12-21,7.431563854217529,8.25,8.425000190734863,8.125,8.425000190734863,3753600
2001-12-24,7.438318729400635,8.257499694824219,8.3125,8.237500190734863,8.274999618530273,716400
2001-12-26,7.433813571929932,8.2524995803833,8.399999618530273,8.242500305175781,8.362500190734863,4077600
2001-12-27,7.454082489013672,8.274999618530273,8.274999618530273,8.239999771118164,8.25,1200000
2001-12-28,7.47660493850708,8.300000190734863,8.300000190734863,8.239999771118164,8.239999771118164,3848800
2001-12-31,7.429310321807861,8.2475004196167,8.387499809265137,8.212499618530273,8.350000381469727,2541600
2002-01-02,7.09376335144043,7.875,8.0,7.800000190734863,7.875,5105600
2002-01-03,6.927117824554443,7.690000057220459,7.960000038146973,7.474999904632568,7.949999809265137,7392800
2002-01-04,7.5058794021606445,8.332500457763672,8.382499694824219,7.724999904632568,7.724999904632568,5245600
2002-01-07,7.492364883422852,8.317500114440918,8.425000190734863,8.102499961853027,8.237500190734863,5637200
2002-01-08,7.467594623565674,8.289999961853027,8.412500381469727,8.177499771118164,8.307499885559082,3638800
2002-01-09,7.742337226867676,8.595000267028809,8.772500038146973,8.574999809265137,8.662500381469727,13011600
2002-01-10,7.818904876708984,8.680000305175781,8.6899995803833,8.5,8.595000267028809,4788000
2002-01-11,8.039599418640137,8.925000190734863,9.0,8.630000114440918,8.630000114440918,5500400
2002-01-14,8.032845497131348,8.917499542236328,9.045000076293945,8.854999542236328,8.922499656677246,2903200
2002-01-15,8.04410457611084,8.930000305175781,8.975000381469727,8.824999809265137,8.914999961853027,3081200
2002-01-16,8.163460731506348,9.0625,9.1225004196167,8.987500190734863,8.987500190734863,3064400
2002-01-17,8.005823135375977,8.887499809265137,8.977499961853027,8.697500228881836,8.975000381469727,4091600
2002-01-18,7.985551834106445,8.864999771118164,8.970000267028809,8.77750015258789,8.875,2745600
2002-01-22,7.915741920471191,8.787500381469727,8.994999885559082,8.774999618530273,8.867500305175781,1795600
2002-01-23,7.978794097900391,8.857500076293945,8.857500076293945,8.800000190734863,8.800000190734863,2078800
2002-01-24,8.165711402893066,9.0649995803833,9.0649995803833,8.8125,8.8125,2663200
2002-01-25,8.095900535583496,8.987500190734863,8.987500190734863,8.944999694824219,8.962499618530273,1520800
2002-01-28,7.854935169219971,8.720000267028809,8.912500381469727,8.6875,8.75,3485600
2002-01-29,7.758101463317871,8.612500190734863,8.787500381469727,8.550000190734863,8.72249984741211,3977600
2002-01-30,7.611721038818359,8.449999809265137,8.600000381469727,8.387499809265137,8.600000381469727,4619600
2002-01-31,7.742337226867676,8.595000267028809,8.647500038146973,8.404999732971191,8.5,4530800
2002-02-01,7.816648483276367,8.677499771118164,8.805000305175781,8.574999809265137,8.59749984741211,2996800
2002-02-04,7.755847454071045,8.609999656677246,8.737500190734863,8.5625,8.725000381469727,2078000
2002-02-05,7.836920261383057,8.699999809265137,8.874750137329102,8.609999656677246,8.609999656677246,3513600
2002-02-06,7.758101463317871,8.612500190734863,8.757499694824219,8.53499984741211,8.699999809265137,1843200
2002-02-07,7.8864641189575195,8.755000114440918,8.875,8.607500076293945,8.637499809265137,1698000
2002-02-08,7.751346111297607,8.604999542236328,8.837499618530273,8.487500190734863,8.757499694824219,5737600
2002-02-11,7.656764507293701,8.5,8.604999542236328,8.437749862670898,8.604999542236328,4216800
2002-02-12,7.668020248413086,8.512499809265137,8.625,8.449999809265137,8.487500190734863,3367600
2002-02-13,7.575689792633057,8.40999984741211,8.612500190734863,8.40999984741211,8.550000190734863,3421600
2002-02-14,7.42075252532959,8.23799991607666,8.324999809265137,8.125,8.25,6410000
2002-02-15,7.47660493850708,8.300000190734863,8.395000457763672,8.052499771118164,8.262499809265137,3523600
2002-02-19,7.298694133758545,8.102499961853027,8.399999618530273,8.102499961853027,8.300000190734863,2605200
2002-02-20,7.179339408874512,7.96999979019165,8.100000381469727,7.702499866485596,8.100000381469727,6235600
2002-02-21,7.544163227081299,8.375,8.487500190734863,7.585000038146973,7.6875,14381200
2002-02-22,7.546414375305176,8.3774995803833,8.462249755859375,8.305000305175781,8.375,3730400
2002-02-25,7.776118278503418,8.632499694824219,8.682499885559082,8.462499618530273,8.600000381469727,4020000
2002-02-26,7.875202655792236,8.742500305175781,8.912500381469727,8.614999771118164,8.632499694824219,3276000
2002-02-27,7.8144025802612305,8.675000190734863,8.887499809265137,8.625,8.835000038146973,3356800
2002-02-28,7.895472526550293,8.765000343322754,8.850000381469727,8.635000228881836,8.694999694824219,3484400
2002-03-01,8.053114891052246,8.9399995803833,9.010000228881836,8.789999961853027,8.875,4198800
2002-03-04,8.134183883666992,9.029999732971191,9.350000381469727,8.977499961853027,9.0,6929600
2002-03-05,7.996811389923096,8.8774995803833,9.1875,8.875,9.100000381469727,6907200
2002-03-06,8.255788803100586,9.164999961853027,9.220000267028809,8.949999809265137,8.992500305175781,4882400
2002-03-07,8.291821479797363,9.204999923706055,9.204999923706055,9.162500381469727,9.162500381469727,3461200
2002-03-08,8.386406898498535,9.3100004196167,9.412500381469727,9.21500015258789,9.225000381469727,4522800
2002-03-11,8.440454483032227,9.369999885559082,9.587499618530273,9.324999809265137,9.387499809265137,4334800
2002-03-12,8.512516021728516,9.449999809265137,9.449999809265137,9.362500190734863,9.362500190734863,3939200
2002-03-13,8.537291526794434,9.477499961853027,9.550000190734863,9.289999961853027,9.289999961853027,3348400
2002-03-14,8.537291526794434,9.477499961853027,9.542499542236328,9.460000038146973,9.477499961853027,2177200
2002-03-15,8.566564559936523,9.510000228881836,9.699999809265137,9.479999542236328,9.537500381469727,3992000
2002-03-18,8.719703674316406,9.680000305175781,9.77750015258789,9.550000190734863,9.572500228881836,3463200
2002-03-19,8.598092079162598,9.545000076293945,9.712499618530273,9.520000457763672,9.712499618530273,3720000
2002-03-20,8.489996910095215,9.425000190734863,9.524999618530273,9.390000343322754,9.524999618530273,3870000
2002-03-21,8.598092079162598,9.545000076293945,9.545000076293945,9.449999809265137,9.449999809265137,3229600
2002-03-22,8.582327842712402,9.52750015258789,9.612500190734863,9.407500267028809,9.5,1973200
2002-03-25,8.40892505645752,9.335000038146973,9.510000228881836,9.274999618530273,9.46500015258789,2071200
2002-03-26,8.485494613647461,9.420000076293945,9.582500457763672,9.345000267028809,9.375,1680800
2002-03-27,8.661149024963379,9.614999771118164,9.614999771118164,9.492500305175781,9.492500305175781,1860400
2002-03-28,8.742222785949707,9.704999923706055,9.802499771118164,9.637499809265137,9.675000190734863,2170800
2002-04-01,8.706184387207031,9.664999961853027,9.704999923706055,9.5,9.704999923706055,2500800
2002-04-02,9.005701065063477,9.9975004196167,9.9975004196167,9.6875,9.6875,3037200
2002-04-03,8.962913513183594,9.949999809265137,10.0,9.819999694824219,9.970000267028809,3162000
2002-04-04,8.89310359954834,9.8725004196167,9.994999885559082,9.729999542236328,9.9375,2909200
2002-04-05,9.005701065063477,9.9975004196167,9.9975004196167,9.912500381469727,9.912500381469727,2470400
2002-04-08,8.976426124572754,9.96500015258789,9.96500015258789,9.912500381469727,9.912500381469727,3030400
2002-04-09,9.005701065063477,9.9975004196167,10.047499656677246,9.875,9.925000190734863,3090000
2002-04-10,9.296208381652832,10.319999694824219,10.319999694824219,10.0,10.0,3648400
2002-04-11,9.415563583374023,10.452500343322754,10.675000190734863,10.244999885559082,10.287500381469727,5079200
2002-04-12,9.357013702392578,10.387499809265137,10.6274995803833,10.337499618530273,10.487500190734863,6718000
2002-04-15,9.300714492797852,10.324999809265137,10.494999885559082,10.207500457763672,10.350000381469727,2482000
2002-04-16,9.478619575500488,10.522500038146973,10.522500038146973,10.329999923706055,10.329999923706055,1922800
2002-04-17,9.611488342285156,10.670000076293945,10.670000076293945,10.547499656677246,10.547499656677246,4271200
2002-04-18,9.712827682495117,10.782500267028809,10.837499618530273,10.637499809265137,10.699999809265137,3896800
2002-04-19,10.01684284210205,11.119999885559082,11.119999885559082,10.8125,10.8125,6289200
2002-04-22,10.023598670959473,11.1274995803833,11.34000015258789,11.02750015258789,11.180000305175781,7742000
2002-04-23,9.784892082214355,10.862500190734863,11.117500305175781,10.774999618530273,11.087499618530273,3594800
2002-04-24,9.90424919128418,10.994999885559082,11.100000381469727,10.792499542236328,10.8125,3127200
2002-04-25,11.240126609802246,12.477999687194824,12.725000381469727,11.6899995803833,11.75,29793200
2002-04-26,10.980696678161621,12.1899995803833,12.375,12.067500114440918,12.354999542236328,7266800
2002-04-29,10.81855583190918,12.010000228881836,12.125,11.97249984741211,12.029999732971191,4370000
2002-04-30,10.719468116760254,11.899999618530273,12.197500228881836,11.899999618530273,12.074999809265137,6169200
2002-05-01,11.145092964172363,12.3725004196167,12.3725004196167,12.037500381469727,12.037500381469727,7973200
2002-05-02,11.244179725646973,12.482500076293945,12.482500076293945,12.2475004196167,12.2475004196167,6046800
2002-05-03,11.15410041809082,12.382499694824219,12.5,12.324999809265137,12.47249984741211,4310400
2002-05-06,10.820804595947266,12.012499809265137,12.380000114440918,11.987500190734863,12.199999809265137,3100000
2002-05-07,10.674426078796387,11.850000381469727,12.149999618530273,11.817500114440918,12.050000190734863,5912800
2002-05-08,10.850081443786621,12.045000076293945,12.045000076293945,11.9375,11.9375,7202000
2002-05-09,10.787022590637207,11.975000381469727,12.089750289916992,11.90250015258789,12.0,3048800
2002-05-10,10.651905059814453,11.824999809265137,12.042499542236328,11.800000190734863,11.987500190734863,2554400
2002-05-13,10.507780075073242,11.664999961853027,11.925000190734863,11.449999809265137,11.925000190734863,4606400
2002-05-14,10.422202110290527,11.569999694824219,11.664999961853027,11.425000190734863,11.664999961853027,5519200
2002-05-15,10.627948760986328,11.798399925231934,11.798399925231934,11.798399925231934,11.798399925231934,4640800
2002-05-16,10.532551765441895,11.692500114440918,11.824999809265137,11.4975004196167,11.72249984741211,3255200
2002-05-17,10.67893123626709,11.854999542236328,11.97249984741211,11.757499694824219,11.824999809265137,2819600
2002-05-20,10.363653182983398,11.505000114440918,11.75,11.350000381469727,11.75,5687200
2002-05-21,10.29159164428711,11.425000190734863,11.512499809265137,11.287500381469727,11.449999809265137,3863600
2002-05-22,10.25244426727295,11.381546974182129,11.547499656677246,11.1875,11.425000190734863,4095200
2002-05-23,10.579842567443848,11.744999885559082,11.837499618530273,11.425000190734863,11.425000190734863,4470000
2002-05-24,10.606864929199219,11.774999618530273,11.774999618530273,11.675000190734863,11.675000190734863,2519200
2002-05-28,10.539308547973633,11.699999809265137,11.765000343322754,11.475000381469727,11.725000381469727,3496400
2002-05-29,10.694696426391602,11.8725004196167,11.8725004196167,11.637499809265137,11.637499809265137,3180000
2002-05-30,10.694696426391602,11.8725004196167,11.962499618530273,11.8125,11.824999809265137,5838400
2002-05-31,10.776214599609375,11.963000297546387,12.027999877929688,11.82800006866455,11.875,3640000
2002-06-03,10.712867736816406,11.892675399780273,12.074999809265137,11.734999656677246,12.0,3540000
2002-06-04,10.467244148254395,11.619999885559082,11.875,11.539999961853027,11.732500076293945,4869600
2002-06-05,10.60486125946045,11.772771835327148,11.854999542236328,11.612500190734863,11.612500190734863,3572800
2002-06-06,10.755497932434082,11.9399995803833,12.0,11.868000030517578,11.925000190734863,7158800
2002-06-07,10.65974235534668,11.833700180053711,12.085000038146973,11.625,11.850000381469727,4978000
2002-06-10,11.052759170532227,12.270000457763672,12.369999885559082,12.050000190734863,12.050000190734863,6180000
2002-06-11,11.259942054748535,12.5,12.562999725341797,12.36299991607666,12.425000190734863,11740800
2002-06-12,11.205894470214844,12.4399995803833,12.5625,12.317500114440918,12.449999809265137,7215200
2002-06-13,11.09780216217041,12.319999694824219,12.492500305175781,12.274999618530273,12.387499809265137,3399600
2002-06-14,11.012227058410645,12.225000381469727,12.375,11.98799991607666,12.25,5606800
2002-06-17,11.223910331726074,12.460000038146973,12.5,12.194999694824219,12.220000267028809,5444000
2002-06-18,11.458118438720703,12.720000267028809,12.720000267028809,12.460000038146973,12.460000038146973,8270400
2002-06-19,11.690075874328613,12.977499961853027,12.977499961853027,12.717499732971191,12.717499732971191,9222800
2002-06-20,11.590987205505371,12.867500305175781,12.97249984741211,12.727499961853027,12.887499809265137,9168400
2002-06-21,11.345520973205566,12.595000267028809,12.84749984741211,12.4399995803833,12.770000457763672,11028800
2002-06-24,10.910883903503418,12.112500190734863,12.649999618530273,11.947500228881836,12.587499618530273,11125600
2002-06-25,10.502711296081543,11.659375190734863,12.287500381469727,11.574999809265137,12.225000381469727,9486000
2002-06-26,10.672174453735352,11.84749984741211,11.84749984741211,11.375,11.375,7234000
2002-06-27,11.039247512817383,12.255000114440918,12.34000015258789,12.012999534606934,12.012999534606934,5566000
2002-06-28,10.802788734436035,11.992500305175781,12.337499618530273,11.992500305175781,12.25,4890400
2002-07-01,10.474000930786133,11.6274995803833,12.125,11.524999618530273,12.125,6199200
2002-07-02,10.34383773803711,11.482999801635742,11.788000106811523,11.262999534606934,11.625,6846000
2002-07-03,10.190248489379883,11.3125,11.574999809265137,11.237500190734863,11.449999809265137,4247200
2002-07-05,10.190248489379883,11.3125,11.774999618530273,11.197500228881836,11.199999809265137,2682400
2002-07-08,10.629387855529785,11.800000190734863,11.800000190734863,11.587499618530273,11.587499618530273,3473600
2002-07-09,10.057384490966797,11.164999961853027,11.75,11.164999961853027,11.697500228881836,3610000
2002-07-10,9.935773849487305,11.029999732971191,11.5,10.975000381469727,11.199999809265137,6252000
2002-07-11,9.945116996765137,11.040371894836426,11.175000190734863,10.800000190734863,10.9375,9936400
2002-07-12,10.332122802734375,11.470000267028809,11.664999961853027,11.15250015258789,11.162500381469727,5500400
2002-07-15,10.034499168395996,11.139596939086914,11.300000190734863,10.84749984741211,11.287500381469727,6547600
2002-07-16,10.138457298278809,11.255000114440918,11.444999694824219,10.875,11.100000381469727,4752000
2002-07-17,10.34788703918457,11.487500190734863,11.619999885559082,11.125,11.412500381469727,4026000
2002-07-18,9.832181930541992,10.914999961853027,11.975000381469727,10.805000305175781,11.8125,9705200
2002-07-19,9.606985092163086,10.664999961853027,11.135000228881836,10.625,10.800000190734863,7099200
2002-07-22,8.886346817016602,9.864999771118164,10.875,9.760000228881836,10.675000190734863,10077600
2002-07-23,8.84581184387207,9.819999694824219,9.994999885559082,9.574999809265137,9.779999732971191,7702400
2002-07-24,9.593472480773926,10.649999618530273,10.845000267028809,9.704999923706055,9.762499809265137,8256000
2002-07-25,9.447091102600098,10.487500190734863,11.0,10.142499923706055,10.5,8153200
2002-07-26,9.210633277893066,10.225000381469727,10.6875,10.100000381469727,10.475000381469727,6389600
2002-07-29,9.825427055358887,10.907500267028809,11.0600004196167,10.475000381469727,10.5,7936400
2002-07-30,9.597972869873047,10.654999732971191,11.287500381469727,10.387499809265137,10.887499809265137,9261200
2002-07-31,9.836688041687012,10.920000076293945,11.007499694824219,10.625,10.65250015258789,12706800
2002-08-01,9.706071853637695,10.774999618530273,11.338000297546387,10.663000106811523,11.164999961853027,12570000
2002-08-02,9.487627983093262,10.532500267028809,10.869999885559082,10.337499618530273,10.774999618530273,5605200
2002-08-05,9.156587600708008,10.164999961853027,10.532500267028809,10.03499984741211,10.532500267028809,6304400
2002-08-06,9.453845977783203,10.494999885559082,10.619999885559082,10.337499618530273,10.375,6985600
2002-08-07,9.422320365905762,10.460000038146973,10.697500228881836,10.274999618530273,10.612500190734863,3946400
2002-08-08,9.823175430297852,10.904999732971191,10.994999885559082,10.460000038146973,10.600000381469727,4381600
2002-08-09,9.96054744720459,11.057499885559082,11.057499885559082,10.862500190734863,10.862500190734863,5005600
2002-08-12,9.859206199645996,10.944999694824219,11.024999618530273,10.8125,10.912500381469727,2480000
2002-08-13,9.54617691040039,10.59749984741211,11.0024995803833,10.587499618530273,10.774999618530273,3733200
2002-08-14,10.032608032226562,11.137499809265137,11.137499809265137,10.600000381469727,10.600000381469727,4529200
2002-08-15,9.962799072265625,11.0600004196167,11.1875,10.907500267028809,11.162500381469727,4778000
2002-08-16,9.724084854125977,10.795000076293945,11.087499618530273,10.779999732971191,11.032500267028809,3696000
2002-08-19,9.816417694091797,10.897500038146973,10.970000267028809,10.767499923706055,10.797499656677246,2512800
2002-08-20,9.74435043334961,10.817500114440918,10.899999618530273,10.774999618530273,10.899999618530273,2179200
2002-08-21,9.683553695678711,10.75,11.039999961853027,10.704999923706055,10.824999809265137,3246400
2002-08-22,10.043868064880371,11.149999618530273,11.149999618530273,10.7475004196167,10.7475004196167,4624000
2002-08-23,9.737601280212402,10.8100004196167,11.100000381469727,10.774999618530273,11.024999618530273,2432000
2002-08-26,9.863709449768066,10.949999809265137,10.949999809265137,10.897500038146973,10.912500381469727,3315200
2002-08-27,9.588968276977539,10.645000457763672,11.012499809265137,10.604999542236328,10.912500381469727,2508000
2002-08-28,9.386287689208984,10.420000076293945,10.645000457763672,10.417499542236328,10.645000457763672,3538400
2002-08-29,9.453845977783203,10.494999885559082,10.699999809265137,10.282999992370605,10.399999618530273,3629200
2002-08-30,9.595724105834961,10.65250015258789,10.800000190734863,10.484999656677246,10.5,1722800
2002-09-03,9.181354522705078,10.192500114440918,10.662500381469727,10.149999618530273,10.662500381469727,4884800
2002-09-04,9.233154296875,10.25,10.25,10.192500114440918,10.192500114440918,5371600
2002-09-05,9.323236465454102,10.350000381469727,10.4975004196167,10.074999809265137,10.172499656677246,4714000
2002-09-06,9.39980411529541,10.4350004196167,10.4350004196167,10.399999618530273,10.399999618530273,4027200
2002-09-09,9.420069694519043,10.457500457763672,10.557499885559082,10.232500076293945,10.40999984741211,6087600
2002-09-10,9.291705131530762,10.3149995803833,10.457500457763672,10.287500381469727,10.457500457763672,3926400
2002-09-11,9.228649139404297,10.244999885559082,10.392499923706055,10.244999885559082,10.287500381469727,2046400
2002-09-12,8.834548950195312,9.807499885559082,10.300000190734863,9.787500381469727,10.157500267028809,9586400
2002-09-13,8.839056968688965,9.8125,9.8774995803833,9.137499809265137,9.699999809265137,23344000
2002-09-16,8.83680534362793,9.8100004196167,9.875,9.649999618530273,9.787500381469727,6622400
2002-09-17,8.658897399902344,9.612500190734863,9.744999885559082,9.552499771118164,9.712499618530273,5617200
2002-09-18,8.89310359954834,9.8725004196167,10.024999618530273,9.5,9.612500190734863,6813600
2002-09-19,8.712942123413086,9.672499656677246,10.0,9.630000114440918,9.75,5863200
2002-09-20,8.805275917053223,9.774999618530273,9.925000190734863,9.649999618530273,9.762499809265137,6564800
2002-09-23,8.773750305175781,9.739999771118164,9.9375,9.71500015258789,9.77750015258789,6594000
2002-09-24,8.276063919067383,9.1875,9.75,9.1274995803833,9.739999771118164,6100000
2002-09-25,8.415679931640625,9.342499732971191,9.425000190734863,9.15250015258789,9.25,5212400
2002-09-26,8.508015632629395,9.444999694824219,9.550000190734863,9.180000305175781,9.5,5231200
2002-09-27,8.343619346618652,9.262499809265137,9.647500038146973,9.207500457763672,9.444999694824219,5054800
2002-09-30,8.06436824798584,8.952500343322754,9.262499809265137,8.862500190734863,9.262499809265137,7288400
2002-10-01,8.32335090637207,9.239999771118164,9.239999771118164,8.824999809265137,9.100000381469727,8229600
2002-10-02,8.326054573059082,9.243000030517578,9.475000381469727,9.125,9.239999771118164,5410800
2002-10-03,8.062118530273438,8.949999809265137,9.335000038146973,8.880000114440918,9.0649995803833,7599200
2002-10-04,7.596408367156982,8.432999610900879,8.963000297546387,8.204999923706055,8.960000038146973,11110000
2002-10-07,7.201859474182129,7.994999885559082,8.550000190734863,7.987500190734863,8.507499694824219,7372000
2002-10-08,7.454082489013672,8.274999618530273,8.413000106811523,7.909999847412109,7.994999885559082,8463600
2002-10-09,7.137002468109131,7.922999858856201,8.227999687194824,7.873000144958496,8.164999961853027,6362000
2002-10-10,8.287321090698242,9.199999809265137,9.463000297546387,8.975000381469727,9.350000381469727,29073600
2002-10-11,8.276063919067383,9.1875,9.390000343322754,9.024999618530273,9.375,11652800
2002-10-14,8.332359313964844,9.25,9.3125,9.162500381469727,9.175000190734863,6835200
2002-10-15,8.703939437866211,9.662500381469727,9.662500381469727,9.5,9.5,8470400
2002-10-16,8.721951484680176,9.682499885559082,9.867500305175781,9.5600004196167,9.625,6941200
2002-10-17,8.557557106018066,9.5,10.020000457763672,9.288000106811523,9.899999618530273,8200400
2002-10-18,8.77194595336914,9.73799991607666,9.73799991607666,9.463000297546387,9.5,6718000
2002-10-21,9.030471801757812,10.024999618530273,10.0600004196167,9.755000114440918,9.760000228881836,9043200
2002-10-22,9.323236465454102,10.350000381469727,10.350000381469727,10.050000190734863,10.050000190734863,8990400
2002-10-23,9.357013702392578,10.387499809265137,10.387499809265137,10.25,10.25,8088400
2002-10-24,9.233154296875,10.25,10.432499885559082,10.175000190734863,10.3125,6583200
2002-10-25,9.372777938842773,10.404999732971191,10.404999732971191,10.2524995803833,10.2524995803833,11117200
2002-10-28,9.08452320098877,10.085000038146973,10.609999656677246,10.012499809265137,10.449999809265137,8503600
2002-10-29,9.019664764404297,10.012999534606934,10.097999572753906,9.753000259399414,10.085000038146973,5140400
2002-10-30,9.22414493560791,10.239999771118164,10.317500114440918,9.987500190734863,10.0625,5762400
2002-10-31,9.075515747070312,10.074999809265137,10.824999809265137,9.875,10.5,18932800
2002-11-01,9.431330680847168,10.470000267028809,10.470000267028809,10.087499618530273,10.087499618530273,5575600
2002-11-04,9.627246856689453,10.6875,10.779999732971191,10.46500015258789,10.617500305175781,6568400
2002-11-05,9.462855339050293,10.505000114440918,10.632499694824219,10.3100004196167,10.625,5785200
2002-11-06,9.920008659362793,11.012499809265137,11.012499809265137,10.625,10.625,6171200
2002-11-07,9.593472480773926,10.649999618530273,11.022500038146973,10.625,10.975000381469727,3774800
2002-11-08,8.88454532623291,9.86299991607666,10.5,9.75,10.25,14673600
2002-11-11,8.789507865905762,9.757499694824219,10.057499885559082,9.637499809265137,9.862500190734863,8048400
2002-11-12,8.852567672729492,9.827500343322754,9.960000038146973,9.675000190734863,9.862500190734863,6102000
2002-11-13,8.881874084472656,9.850000381469727,10.024999618530273,9.782500267028809,9.837499618530273,5428800
2002-11-14,8.988276481628418,9.968000411987305,10.03499984741211,9.913000106811523,9.949999809265137,3572000
2002-11-15,9.20649242401123,10.210000038146973,10.210000038146973,9.942500114440918,9.942500114440918,4675200
2002-11-18,9.07799243927002,10.067500114440918,10.25,10.024999618530273,10.25,3868800
2002-11-19,8.789451599121094,9.7475004196167,9.977499961853027,9.6875,9.949999809265137,3738000
2002-11-20,8.922453880310059,9.895000457763672,9.920000076293945,9.574999809265137,9.75,4560000
2002-11-21,8.81650161743164,9.77750015258789,9.9975004196167,9.6274995803833,9.9375,6295600
2002-11-22,9.048691749572754,10.03499984741211,10.087499618530273,9.702500343322754,9.792499542236328,4192400
2002-11-25,8.0595121383667,8.937999725341797,9.378000259399414,8.9350004196167,9.3149995803833,14655200
2002-11-26,8.309286117553711,9.21500015258789,9.347999572753906,9.038000106811523,9.135000228881836,10564000
2002-11-27,8.476105690002441,9.399999618530273,9.5,9.3125,9.350000381469727,4107600
2002-11-29,8.509916305541992,9.4375,9.557499885559082,9.369999885559082,9.52750015258789,2124800
2002-12-02,8.46483039855957,9.387499809265137,9.675000190734863,9.1850004196167,9.675000190734863,7050400
2002-12-03,8.509916305541992,9.4375,9.697500228881836,9.287500381469727,9.359999656677246,6290400
2002-12-04,8.681244850158691,9.6274995803833,9.760000228881836,9.300000190734863,9.3125,5494000
2002-12-05,8.672226905822754,9.617500305175781,9.675000190734863,9.427499771118164,9.647500038146973,4567200
2002-12-06,8.802972793579102,9.762499809265137,9.829999923706055,9.5625,9.617500305175781,4323600
2002-12-09,8.926956176757812,9.899999618530273,9.960000038146973,9.649999618530273,9.762499809265137,6883200
2002-12-10,8.967536926269531,9.944999694824219,9.944999694824219,9.850000381469727,9.850000381469727,3260400
2002-12-11,9.08701229095459,10.077500343322754,10.077500343322754,9.887499809265137,9.887499809265137,3319600
2002-12-12,9.017126083374023,10.0,10.112500190734863,9.904999732971191,10.03499984741211,3654800
2002-12-13,8.972043991088867,9.949999809265137,10.022500038146973,9.822500228881836,9.975000381469727,3555200
2002-12-16,9.1050443649292,10.09749984741211,10.09749984741211,9.975000381469727,9.975000381469727,3590000
2002-12-17,9.165912628173828,10.164999961853027,10.164999961853027,10.0625,10.0625,3065600
2002-12-18,9.235795021057129,10.242500305175781,10.242500305175781,10.132499694824219,10.132499694824219,3856400
2002-12-19,9.26510238647461,10.274999618530273,10.425000190734863,10.210000038146973,10.22249984741211,6093200
2002-12-20,9.229034423828125,10.234999656677246,10.335000038146973,10.125,10.262499809265137,7677600
2002-12-23,9.443190574645996,10.47249984741211,10.47249984741211,10.199999809265137,10.199999809265137,3161600
2002-12-24,9.364290237426758,10.385000228881836,10.487500190734863,10.3125,10.475000381469727,975600
2002-12-26,9.39134407043457,10.414999961853027,10.505000114440918,10.34000015258789,10.367500305175781,2168000
2002-12-27,9.233541488647461,10.239999771118164,10.442500114440918,10.167499542236328,10.387499809265137,3343600
2002-12-30,9.348511695861816,10.367500305175781,10.432499885559082,10.170000076293945,10.375,3640000
2002-12-31,9.269610404968262,10.279999732971191,10.352499961853027,10.135000228881836,10.350000381469727,3943200
2003-01-02,9.50162410736084,10.537300109863281,10.537300109863281,10.287500381469727,10.287500381469727,3558400
2003-01-03,9.542378425598145,10.582500457763672,10.649999618530273,10.4975004196167,10.5,3098800
2003-01-06,9.637052536010742,10.6875,10.762499809265137,10.550000190734863,10.5625,3016400
2003-01-07,9.508562088012695,10.545000076293945,10.7475004196167,10.4399995803833,10.579999923706055,4292000
2003-01-08,9.553648948669434,10.595000267028809,10.595000267028809,10.537500381469727,10.537500381469727,2761200
2003-01-09,9.733989715576172,10.795000076293945,10.795000076293945,10.574999809265137,10.574999809265137,3120400
2003-01-10,9.740755081176758,10.802499771118164,10.802499771118164,10.625,10.625,3879200
2003-01-13,9.66411018371582,10.717499732971191,10.850000381469727,10.65250015258789,10.774999618530273,3097600
2003-01-14,9.634803771972656,10.6850004196167,10.7475004196167,10.444999694824219,10.675000190734863,3306000
2003-01-15,9.632550239562988,10.682499885559082,10.682499885559082,10.637499809265137,10.657500267028809,1899600
2003-01-16,9.600987434387207,10.647500038146973,10.7475004196167,10.557499885559082,10.640000343322754,1923200
2003-01-17,9.887285232543945,10.96500015258789,10.975000381469727,10.625,10.630000114440918,4504400
2003-01-21,9.772315979003906,10.837499618530273,10.949999809265137,10.742500305175781,10.925000190734863,5230000
2003-01-22,10.006762504577637,11.09749984741211,11.09749984741211,10.837499618530273,10.837499618530273,6450400
2003-01-23,10.157800674438477,11.265000343322754,11.265000343322754,11.199999809265137,11.199999809265137,6794000
2003-01-24,9.90756893157959,10.987500190734863,11.199999809265137,10.960000038146973,11.15999984741211,4113600
2003-01-27,9.67313003540039,10.727499961853027,10.987500190734863,10.692500114440918,10.987500190734863,4230800
2003-01-28,9.682146072387695,10.737500190734863,10.737500190734863,10.712499618530273,10.727499961853027,3552400
2003-01-29,9.936877250671387,11.020000457763672,11.020000457763672,10.71500015258789,10.71500015258789,3666400
2003-01-30,9.765551567077637,10.829999923706055,11.072500228881836,10.774999618530273,11.017499923706055,3060400
2003-01-31,9.803874969482422,10.8725004196167,10.952500343322754,10.350000381469727,10.4375,7036800
2003-02-03,9.625787734985352,10.675000190734863,10.984999656677246,10.637499809265137,10.899999618530273,5505200
2003-02-04,9.35527229309082,10.375,10.677499771118164,10.125,10.677499771118164,7123200
2003-02-05,9.332733154296875,10.350000381469727,10.510000228881836,10.342499732971191,10.475000381469727,3130400
2003-02-06,9.20197868347168,10.204999923706055,10.3774995803833,10.1225004196167,10.352499961853027,2725200
2003-02-07,9.23128890991211,10.237500190734863,10.475000381469727,10.225000381469727,10.317500114440918,4136800
2003-02-10,9.434171676635742,10.462499618530273,10.462499618530273,10.300000190734863,10.300000190734863,4058800
2003-02-11,9.783583641052246,10.850000381469727,11.199999809265137,10.625,10.84749984741211,17618400
2003-02-12,9.386833190917969,10.40999984741211,10.899999618530273,10.204999923706055,10.850000381469727,6478800
2003-02-13,9.362035751342773,10.382499694824219,10.6225004196167,10.207500457763672,10.505000114440918,5322000
2003-02-14,9.296661376953125,10.3100004196167,10.382499694824219,9.975000381469727,10.382499694824219,6370400
2003-02-18,9.490528106689453,10.524999618530273,10.630000114440918,10.362500190734863,10.375,3527600
2003-02-19,9.483765602111816,10.517499923706055,10.670000076293945,10.457500457763672,10.542499542236328,2716800
2003-02-20,9.481512069702148,10.515000343322754,10.625,10.337499618530273,10.572500228881836,3732800
2003-02-21,9.632550239562988,10.682499885559082,10.75,10.399999618530273,10.515000343322754,3294800
2003-02-24,9.38908863067627,10.412500381469727,10.582500457763672,10.40999984741211,10.567500114440918,2176000
2003-02-25,9.57168197631836,10.614999771118164,10.614999771118164,10.375,10.375,3020000
2003-02-26,9.411629676818848,10.4375,10.595000267028809,10.425000190734863,10.592499732971191,3052400
2003-02-27,9.440937042236328,10.470000267028809,10.577500343322754,10.385000228881836,10.475000381469727,2575200
2003-02-28,9.495038032531738,10.529999732971191,10.59000015258789,10.375,10.517499923706055,3588800
2003-03-03,9.445446014404297,10.475000381469727,10.744999885559082,10.475000381469727,10.637499809265137,3022400
2003-03-04,9.380067825317383,10.40250015258789,10.484999656677246,10.387499809265137,10.462499618530273,3664400
2003-03-05,9.463475227355957,10.494999885559082,10.609999656677246,10.297499656677246,10.350000381469727,2807200
2003-03-06,9.558158874511719,10.600000381469727,10.600000381469727,10.462499618530273,10.462499618530273,3050400
2003-03-07,9.761042594909668,10.824999809265137,10.824999809265137,10.512499809265137,10.512499809265137,4328800
2003-03-10,9.682146072387695,10.737500190734863,10.802499771118164,10.65250015258789,10.774999618530273,4735600
2003-03-11,9.292154312133789,10.305000305175781,10.772500038146973,10.305000305175781,10.737500190734863,4619200
2003-03-12,9.666362762451172,10.720000267028809,10.75,10.463000297546387,10.5,7939200
2003-03-13,10.284036636352539,11.404999732971191,11.404999732971191,10.800000190734863,10.800000190734863,10073200
2003-03-14,10.112710952758789,11.21500015258789,11.702500343322754,11.175000190734863,11.625,10016000
2003-03-17,10.5816011428833,11.734999656677246,11.734999656677246,11.1875,11.1875,4580000
2003-03-18,10.545533180236816,11.694999694824219,11.842499732971191,11.572500228881836,11.612500190734863,4956400
2003-03-19,10.574841499328613,11.727499961853027,11.800000190734863,11.529999732971191,11.697500228881836,2384000
2003-03-20,10.613161087036133,11.770000457763672,11.770000457763672,11.600000381469727,11.600000381469727,4481600
2003-03-21,10.734894752502441,11.904999732971191,11.904999732971191,11.837499618530273,11.837499618530273,4254400
2003-03-24,10.446345329284668,11.585000038146973,11.90250015258789,11.477499961853027,11.90250015258789,2644000
2003-03-25,10.827317237854004,12.007499694824219,12.085000038146973,11.600000381469727,11.600000381469727,6921200
2003-03-26,10.924254417419434,12.114999771118164,12.125,11.904999732971191,11.904999732971191,4989600
2003-03-27,11.149681091308594,12.364999771118164,12.364999771118164,12.114999771118164,12.114999771118164,8892000
2003-03-28,11.19025993347168,12.40999984741211,12.492500305175781,12.265000343322754,12.274999618530273,6110400
2003-03-31,11.113614082336426,12.324999809265137,12.5,12.074999809265137,12.244999885559082,7297600
2003-04-01,11.023443222045898,12.225000381469727,12.399999618530273,12.100000381469727,12.387499809265137,7506800
2003-04-02,11.14787769317627,12.36299991607666,12.498000144958496,12.335000038146973,12.359999656677246,4932800
2003-04-03,11.131648063659668,12.345000267028809,12.4375,12.0625,12.364999771118164,6352800
2003-04-04,10.899908065795898,12.088000297546387,12.637999534606934,12.045000076293945,12.5,10445600
2003-04-07,11.030206680297852,12.232500076293945,12.397500038146973,12.164999961853027,12.322500228881836,6387600
2003-04-08,11.061763763427734,12.267499923706055,12.267499923706055,12.225000381469727,12.234999656677246,7672400
2003-04-09,10.879164695739746,12.0649995803833,12.3725004196167,12.047499656677246,12.237500190734863,4934800
2003-04-10,10.764200210571289,11.9375,12.0649995803833,11.817500114440918,12.0625,5729200
2003-04-11,10.838592529296875,12.020000457763672,12.087499618530273,11.869999885559082,12.0,4095600
2003-04-14,11.154192924499512,12.369999885559082,12.369999885559082,12.022500038146973,12.022500038146973,4912800
2003-04-15,11.248871803283691,12.475000381469727,12.475000381469727,12.350000381469727,12.350000381469727,7760000
2003-04-16,10.601892471313477,11.757499694824219,12.587499618530273,11.755000114440918,12.5,11743600
2003-04-17,10.863387107849121,12.047499656677246,12.112500190734863,11.762499809265137,11.862500190734863,8806000
2003-04-21,10.703332901000977,11.869999885559082,12.083000183105469,11.807999610900879,12.045000076293945,3726800
2003-04-22,11.034712791442871,12.237500190734863,12.237500190734863,11.845000267028809,11.845000267028809,5796400
2003-04-23,10.910726547241211,12.100000381469727,12.227499961853027,11.925000190734863,12.149999618530273,5794800
2003-04-24,11.030206680297852,12.232500076293945,12.962499618530273,12.077500343322754,12.824999809265137,34042400
2003-04-25,10.915236473083496,12.104999542236328,12.412500381469727,12.069999694824219,12.295000076293945,9455600
2003-04-28,10.985119819641113,12.182499885559082,12.34749984741211,12.082500457763672,12.104999542236328,7904400
2003-04-29,11.027953147888184,12.229999542236328,12.229999542236328,12.149999618530273,12.149999618530273,5724400
2003-04-30,11.226324081420898,12.449999809265137,12.604999542236328,12.087499618530273,12.194999694824219,8599600
2003-05-01,11.397653579711914,12.640000343322754,12.779999732971191,12.452500343322754,12.5,11360800
2003-05-02,11.553200721740723,12.8125,12.8125,12.642499923706055,12.642499923706055,8936800
2003-05-05,11.688453674316406,12.962499618530273,12.962499618530273,12.8125,12.8125,9313200
2003-05-06,11.713252067565918,12.989999771118164,12.989999771118164,12.927499771118164,12.927499771118164,4814000
2003-05-07,11.724973678588867,13.003000259399414,13.003000259399414,12.807999610900879,12.96500015258789,6464800
2003-05-08,11.778627395629883,13.0625,13.319999694824219,12.875,13.005000114440918,11286000
2003-05-09,11.954460144042969,13.257499694824219,13.257499694824219,13.087499618530273,13.087499618530273,5955200
2003-05-12,11.979257583618164,13.28499984741211,13.28499984741211,13.2475004196167,13.2475004196167,5480000
2003-05-13,12.105494499206543,13.425000190734863,13.520000457763672,13.2475004196167,13.279999732971191,5926400
2003-05-14,12.105494499206543,13.425000190734863,13.5625,13.354999542236328,13.5,5174000
2003-05-15,12.14156723022461,13.46500015258789,13.5649995803833,13.282500267028809,13.487500190734863,4816400
2003-05-16,12.524791717529297,13.890000343322754,13.890000343322754,13.52750015258789,13.52750015258789,10463600
2003-05-19,12.263298988342285,13.600000381469727,13.850000381469727,13.585000038146973,13.850000381469727,8700800
2003-05-20,12.709647178649902,14.095000267028809,14.095000267028809,13.53499984741211,13.53499984741211,13884800
2003-05-21,12.950854301452637,14.362500190734863,14.362500190734863,14.125,14.125,7944400
2003-05-22,12.826868057250977,14.225000381469727,14.5600004196167,14.02750015258789,14.3100004196167,11214000
2003-05-23,12.923800468444824,14.332500457763672,14.462499618530273,14.204999923706055,14.212499618530273,4724800
2003-05-27,12.917037963867188,14.324999809265137,14.484999656677246,14.225000381469727,14.225000381469727,7266400
2003-05-28,12.734442710876465,14.1225004196167,14.319999694824219,14.077500343322754,14.300000190734863,9696000
2003-05-29,12.714155197143555,14.100000381469727,14.32450008392334,14.0,14.130000114440918,8226000
2003-05-30,12.962124824523926,14.375,14.375,14.132499694824219,14.132499694824219,4890000
2003-06-02,12.865190505981445,14.267499923706055,14.462499618530273,14.21500015258789,14.417499542236328,5504800
2003-06-03,12.770511627197266,14.162500381469727,14.270000457763672,14.092499732971191,14.22249984741211,6903600
2003-06-04,13.063567161560059,14.487500190734863,14.487500190734863,14.162500381469727,14.162500381469727,7653600
2003-06-05,13.496389389038086,14.967499732971191,15.0625,14.085000038146973,14.475000381469727,12229200
2003-06-06,13.942739486694336,15.462499618530273,15.600000381469727,15.149999618530273,15.1875,11770000
2003-06-09,13.764649391174316,15.265000343322754,15.512499809265137,15.229999542236328,15.46500015258789,9982400
2003-06-10,14.055452346801758,15.587499618530273,15.587499618530273,15.300000190734863,15.300000190734863,4666800
2003-06-11,14.4837646484375,16.0625,16.0625,15.662500381469727,15.662500381469727,13207600
2003-06-12,14.517582893371582,16.100000381469727,16.405000686645508,15.9399995803833,16.149999618530273,13754400
2003-06-13,14.431916236877441,16.0049991607666,16.087499618530273,15.890000343322754,16.037500381469727,5630800
2003-06-16,14.501801490783691,16.082500457763672,16.082500457763672,16.002500534057617,16.002500534057617,6193600
2003-06-17,14.589715957641602,16.18000030517578,16.18000030517578,16.0625,16.0625,8249200
2003-06-18,14.382320404052734,15.949999809265137,16.104999542236328,15.774999618530273,16.012500762939453,8742000
2003-06-19,13.780430793762207,15.282500267028809,15.925000190734863,15.270000457763672,15.875,7339200
2003-06-20,13.638408660888672,15.125,15.425000190734863,15.09749984741211,15.1875,9898400
2003-06-23,13.570781707763672,15.050000190734863,15.0600004196167,14.850000381469727,15.0,4016400
2003-06-24,13.676730155944824,15.167499542236328,15.25,15.037500381469727,15.050000190734863,6559200
2003-06-25,13.480607032775879,14.949999809265137,15.175000190734863,14.932499885559082,15.112500190734863,4160800
2003-06-26,13.665460586547852,15.154999732971191,15.154999732971191,14.970000267028809,14.970000267028809,3554000
2003-06-27,13.6316499710083,15.117500305175781,15.199999809265137,14.949999809265137,15.087499618530273,3839600
2003-06-30,13.570781707763672,15.050000190734863,15.1875,15.042499542236328,15.149999618530273,5703200
2003-07-01,14.200176239013672,15.748000144958496,15.800000190734863,15.050000190734863,15.6899995803833,11776400
2003-07-02,13.976551055908203,15.5,15.649999618530273,15.46500015258789,15.625,8189600
2003-07-03,13.97023868560791,15.493000030517578,15.628000259399414,15.479999542236328,15.505000114440918,3458400
2003-07-07,14.00585651397705,15.532500267028809,15.635000228881836,15.512499809265137,15.512499809265137,6168400
2003-07-08,14.179436683654785,15.725000381469727,15.725000381469727,15.512499809265137,15.512499809265137,6734800
2003-07-09,13.92244815826416,15.4399995803833,15.707500457763672,15.4375,15.657500267028809,7269200
2003-07-10,14.087013244628906,15.6225004196167,15.6225004196167,15.4399995803833,15.4399995803833,5275600
2003-07-11,14.251574516296387,15.805000305175781,15.805000305175781,15.574999809265137,15.574999809265137,6061600
2003-07-14,14.323714256286621,15.885000228881836,16.020000457763672,15.640000343322754,15.734999656677246,6630800
2003-07-15,14.201977729797363,15.75,15.994999885559082,15.645000457763672,15.9375,3915600
2003-07-16,13.84129524230957,15.350000381469727,15.725000381469727,15.212499618530273,15.699999809265137,4864800
2003-07-17,14.271865844726562,15.827500343322754,15.90999984741211,15.2475004196167,15.387499809265137,9577200
2003-07-18,14.337237358093262,15.899999618530273,15.899999618530273,15.829999923706055,15.829999923706055,6161200
2003-07-21,14.35527229309082,15.920000076293945,15.920000076293945,15.875,15.887499809265137,4631600
2003-07-22,14.307929039001465,15.867500305175781,16.125,15.7524995803833,15.925000190734863,4633200
2003-07-23,14.562664031982422,16.149999618530273,16.184999465942383,15.819999694824219,16.0,8010400
2003-07-24,14.738499641418457,16.344999313354492,16.479999542236328,16.187999725341797,16.239999771118164,7839600
2003-07-25,14.954907417297363,16.584999084472656,16.584999084472656,16.25,16.25,3338400
2003-07-28,15.261489868164062,16.924999237060547,16.924999237060547,16.454999923706055,16.454999923706055,5404000
2003-07-29,15.493687629699707,17.1825008392334,17.1825008392334,17.030000686645508,17.030000686645508,6260000
2003-07-30,14.99097728729248,16.625,17.5625,16.520000457763672,17.225000381469727,26664800
2003-07-31,13.890888214111328,15.404999732971191,16.752500534057617,15.125,16.752500534057617,31409200
2003-08-01,13.71776008605957,15.213000297546387,15.437999725341797,14.550000190734863,15.437999725341797,22296400
2003-08-04,13.967534065246582,15.489999771118164,15.572500228881836,15.149999618530273,15.212499618530273,8044000
2003-08-05,13.000446319580078,14.417499542236328,15.350000381469727,14.397500038146973,15.100000381469727,17262400
2003-08-06,11.88006591796875,13.175000190734863,14.357500076293945,13.149999618530273,14.357500076293945,41154400
2003-08-07,12.342199325561523,13.6875,13.765000343322754,13.25,13.25,15340400
2003-08-08,12.551844596862793,13.920000076293945,14.050000190734863,13.6899995803833,13.75,9094800
2003-08-11,12.409826278686523,13.762499809265137,14.125,13.574999809265137,13.982500076293945,8739200
2003-08-12,12.344449996948242,13.6899995803833,13.832500457763672,13.547499656677246,13.8125,6797200
2003-08-13,12.425602912902832,13.779999732971191,13.9350004196167,13.6274995803833,13.6899995803833,7130800
2003-08-14,12.76060962677002,14.151521682739258,14.262499809265137,13.862500190734863,13.862500190734863,7153200
2003-08-15,12.849410057067871,14.25,14.295000076293945,14.020000457763672,14.100000381469727,4060800
2003-08-18,13.059059143066406,14.482500076293945,14.482500076293945,14.337499618530273,14.337499618530273,5259600
2003-08-19,13.059059143066406,14.482500076293945,14.65999984741211,14.387499809265137,14.640000343322754,5985200
2003-08-20,12.804322242736816,14.199999809265137,14.487500190734863,14.175000190734863,14.487500190734863,5614000
2003-08-21,12.759241104125977,14.149999618530273,14.225000381469727,14.100000381469727,14.199999809265137,8079600
2003-08-22,12.376011848449707,13.725000381469727,14.102499961853027,13.725000381469727,14.100000381469727,9408000
2003-08-25,12.459421157836914,13.817500114440918,13.917499542236328,13.667499542236328,13.727499961853027,5722800
2003-08-26,12.522542953491211,13.887499809265137,13.887499809265137,13.8125,13.8125,6368000
2003-08-27,12.421098709106445,13.774999618530273,14.022250175476074,13.774999618530273,13.850000381469727,5332000
2003-08-28,12.680337905883789,14.0625,14.149999618530273,13.6899995803833,13.824999809265137,7209200
2003-08-29,12.849410057067871,14.25,14.3149995803833,14.0625,14.0625,4414000
2003-09-02,13.000446319580078,14.417499542236328,14.522500038146973,14.182499885559082,14.237500190734863,5876000
2003-09-03,12.923800468444824,14.332500457763672,14.487500190734863,14.130000114440918,14.3725004196167,7070000
2003-09-04,12.905769348144531,14.3125,14.399999618530273,14.1875,14.329999923706055,3139200
2003-09-05,12.655540466308594,14.03499984741211,14.3149995803833,14.015000343322754,14.3149995803833,5187200
2003-09-08,13.158248901367188,14.592499732971191,14.592499732971191,14.0600004196167,14.0600004196167,5726400
2003-09-09,13.131197929382324,14.5625,14.854999542236328,14.539999961853027,14.787500381469727,4865600
2003-09-10,13.162757873535156,14.59749984741211,14.710000038146973,14.477499961853027,14.545000076293945,4262000
2003-09-11,12.939583778381348,14.350000381469727,14.625,14.2524995803833,14.602499961853027,4052000
2003-09-12,13.248870849609375,14.692999839782715,14.822999954223633,14.383000373840332,14.383000373840332,4265200
2003-09-15,13.162757873535156,14.59749984741211,14.875,14.46500015258789,14.787500381469727,4251600
2003-09-16,13.347606658935547,14.802499771118164,14.802499771118164,14.592499732971191,14.592499732971191,3808000
2003-09-17,13.469338417053223,14.9375,15.082500457763672,14.774999618530273,14.787500381469727,6233600
2003-09-18,13.75788402557373,15.257499694824219,15.257499694824219,14.987500190734863,14.987500190734863,5658800
2003-09-19,13.651934623718262,15.140000343322754,15.460000038146973,15.077500343322754,15.350000381469727,7960000
2003-09-22,13.802968978881836,15.307499885559082,15.307499885559082,15.112500190734863,15.112500190734863,6200000
2003-09-23,13.926957130432129,15.444999694824219,15.444999694824219,15.262499809265137,15.262499809265137,7230800
2003-09-24,13.672224998474121,15.162500381469727,15.457500457763672,15.125,15.375,6304400
2003-09-25,13.570781707763672,15.050000190734863,15.225000381469727,15.02750015258789,15.199999809265137,6541200
2003-09-26,13.352113723754883,14.807499885559082,15.1274995803833,14.770000457763672,15.0625,4563200
2003-09-29,13.489624977111816,14.960000038146973,14.960000038146973,14.767499923706055,14.767499923706055,5838000
2003-09-30,13.758336067199707,15.258000373840332,15.305000305175781,14.850000381469727,14.914999961853027,6158400
2003-10-01,13.56852912902832,15.047499656677246,15.244999885559082,14.8774995803833,15.237500190734863,7285200
2003-10-02,13.895398139953613,15.40999984741211,15.40999984741211,15.0625,15.0625,3767200
2003-10-03,14.251574516296387,15.805000305175781,15.805000305175781,15.447500228881836,15.447500228881836,7250800
2003-10-06,14.195219039916992,15.742500305175781,15.742500305175781,15.682499885559082,15.742500305175781,6538000
2003-10-07,14.057708740234375,15.59000015258789,15.717499732971191,15.5024995803833,15.682499885559082,3764800
2003-10-08,14.037419319152832,15.567500114440918,15.734999656677246,15.53499984741211,15.649999618530273,4370400
2003-10-09,14.044181823730469,15.574999809265137,15.712499618530273,15.524999618530273,15.625,4305200
2003-10-10,14.147879600524902,15.6899995803833,15.8100004196167,15.524999618530273,15.52750015258789,3138000
2003-10-13,14.262847900390625,15.817500114440918,15.932499885559082,15.672499656677246,15.677499771118164,2623200
2003-10-14,14.231285095214844,15.782500267028809,15.875,15.729999542236328,15.824999809265137,3184400
2003-10-15,14.055452346801758,15.587499618530273,15.892499923706055,15.524999618530273,15.800000190734863,5213600
2003-10-16,14.425155639648438,15.9975004196167,15.9975004196167,15.587499618530273,15.587499618530273,4807600
2003-10-17,14.217761039733887,15.767499923706055,16.024999618530273,15.667499542236328,15.9350004196167,2498800
2003-10-20,14.269609451293945,15.824999809265137,15.912500381469727,15.742500305175781,15.774999618530273,3440000
2003-10-21,14.163656234741211,15.707500457763672,15.824999809265137,15.524999618530273,15.824999809265137,7634400
2003-10-22,14.12758731842041,15.667499542236328,15.987500190734863,15.550000190734863,15.5625,5196400
2003-10-23,14.114062309265137,15.65250015258789,15.837499618530273,15.555000305175781,15.625,2847600
2003-10-24,14.269609451293945,15.824999809265137,15.824999809265137,15.234999656677246,15.600000381469727,4675600
2003-10-27,13.875109672546387,15.387499809265137,15.762499809265137,15.267499923706055,15.762499809265137,7591600
2003-10-28,13.593323707580566,15.074999809265137,15.5,14.963000297546387,15.260000228881836,11622400
2003-10-29,13.252924919128418,14.697500228881836,15.149999618530273,14.574999809265137,15.074999809265137,12722400
2003-10-30,12.691610336303711,14.074999809265137,14.399999618530273,13.852999687194824,13.875,29185600
2003-10-31,12.942289352416992,14.352999687194824,14.375,14.225000381469727,14.25,12961600
2003-11-03,12.622179985046387,13.998000144958496,14.48799991607666,13.70300006866455,14.364999771118164,21622232
2003-11-04,12.626236915588379,14.0024995803833,14.1225004196167,13.949999809265137,13.987500190734863,7020940
2003-11-05,12.838589668273926,14.23799991607666,14.25,14.050000190734863,14.0649995803833,9066800
2003-11-06,13.221365928649902,14.662500381469727,14.662500381469727,14.260000228881836,14.260000228881836,8750400
2003-11-07,13.322810173034668,14.774999618530273,14.774999618530273,14.675000190734863,14.675000190734863,6835200
2003-11-10,13.097381591796875,14.524999618530273,14.760000228881836,14.454999923706055,14.75,5178000
2003-11-11,13.261946678161621,14.707500457763672,14.707500457763672,14.600000381469727,14.600000381469727,6530800
2003-11-12,13.384209632873535,14.833000183105469,14.887999534606934,14.574999809265137,14.694999694824219,4928800
2003-11-13,13.555197715759277,15.022500038146973,15.022500038146973,14.787500381469727,14.787500381469727,4284800
2003-11-14,13.503315925598145,14.96500015258789,15.0600004196167,14.892499923706055,14.992500305175781,4037600
2003-11-17,13.480756759643555,14.9399995803833,14.9399995803833,14.90250015258789,14.90250015258789,3228800
2003-11-18,13.424360275268555,14.8774995803833,15.0625,14.837499618530273,15.0625,3908400
2003-11-19,13.65671157836914,15.135000228881836,15.135000228881836,14.875,14.875,5353200
2003-11-20,13.821385383605957,15.317500114440918,15.317500114440918,15.119999885559082,15.119999885559082,7611200
2003-11-21,13.873269081115723,15.375,15.375,15.337499618530273,15.337499618530273,3758400
2003-11-24,14.103365898132324,15.630000114440918,15.630000114440918,15.399999618530273,15.399999618530273,4556400
2003-11-25,14.301876068115234,15.850000381469727,16.037500381469727,15.505000114440918,15.6225004196167,7136400
2003-11-26,14.527459144592285,16.100000381469727,16.100000381469727,15.912500381469727,15.912500381469727,5916800
2003-11-28,14.522945404052734,16.094999313354492,16.235000610351562,16.032499313354492,16.077499389648438,1580400
2003-12-01,14.88387680053711,16.4950008392334,16.575000762939453,16.219999313354492,16.225000381469727,5599200
2003-12-02,14.874852180480957,16.485000610351562,16.594999313354492,16.40250015258789,16.5,6239200
2003-12-03,14.83650016784668,16.4424991607666,16.530000686645508,16.325000762939453,16.467500686645508,5262800
2003-12-04,14.628971099853516,16.212499618530273,16.44499969482422,16.15250015258789,16.427499771118164,5284000
2003-12-05,14.49587631225586,16.065000534057617,16.274999618530273,16.037500381469727,16.22249984741211,3142800
2003-12-08,14.448503494262695,16.012500762939453,16.200000762939453,15.890000343322754,16.174999237060547,4496400
2003-12-09,14.507155418395996,16.077499389648438,16.239999771118164,16.042499542236328,16.075000762939453,3630000
2003-12-10,14.263526916503906,15.807499885559082,16.024999618530273,15.7524995803833,16.012500762939453,2938400
2003-12-11,14.498132705688477,16.0674991607666,16.0674991607666,15.807499885559082,15.807499885559082,4980000
2003-12-12,14.572571754455566,16.149999618530273,16.149999618530273,16.040000915527344,16.040000915527344,1802000
2003-12-15,14.459783554077148,16.024999618530273,16.287500381469727,16.002500534057617,16.2450008392334,2603600
2003-12-16,14.36503791809082,15.920000076293945,16.072500228881836,15.727499961853027,16.020000457763672,4286000
2003-12-17,14.344735145568848,15.897500038146973,15.994999885559082,15.77750015258789,15.962499618530273,2593200
2003-12-18,14.584303855895996,16.163000106811523,16.229999542236328,15.949999809265137,15.954999923706055,2775600
2003-12-19,14.522945404052734,16.094999313354492,16.212499618530273,16.017499923706055,16.15999984741211,4142400
2003-12-22,14.775596618652344,16.375,16.375,16.049999237060547,16.049999237060547,2869200
2003-12-23,14.854551315307617,16.462499618530273,16.462499618530273,16.274999618530273,16.274999618530273,2317200
2003-12-24,14.764312744140625,16.362499237060547,16.457500457763672,16.274999618530273,16.375,1414000
2003-12-26,14.8500394821167,16.457500457763672,16.457500457763672,16.362499237060547,16.362499237060547,932800
2003-12-29,15.04854965209961,16.677499771118164,16.677499771118164,16.489999771118164,16.489999771118164,2369600
2003-12-30,15.33955192565918,17.0,17.0,16.670000076293945,16.670000076293945,5668400
2003-12-31,15.244804382324219,16.895000457763672,17.077499389648438,16.877500534057617,16.9950008392334,2798000
2004-01-02,15.26510238647461,16.917499542236328,17.072500228881836,16.877500534057617,16.9950008392334,2454400
2004-01-05,14.895607948303223,16.507999420166016,16.857999801635742,16.413000106811523,16.809999465942383,6196000
2004-01-06,15.068852424621582,16.700000762939453,16.700000762939453,16.50749969482422,16.50749969482422,3092400
2004-01-07,15.032759666442871,16.65999984741211,16.834999084472656,16.503000259399414,16.639999389648438,3264800
2004-01-08,15.00794506072998,16.63249969482422,16.737499237060547,16.582500457763672,16.6875,3875600
2004-01-09,14.908689498901367,16.522499084472656,16.657499313354492,16.475000381469727,16.63249969482422,4090800
2004-01-12,15.104951858520508,16.739999771118164,16.827499389648438,16.5575008392334,16.5575008392334,2292400
2004-01-13,14.888386726379395,16.5,16.792999267578125,16.42300033569336,16.690000534057617,3253600
2004-01-14,15.39369010925293,17.059999465942383,17.065000534057617,16.520000457763672,16.524999618530273,4532400
2004-01-15,15.804251670837402,17.514999389648438,17.514999389648438,17.075000762939453,17.075000762939453,7709600
2004-01-16,15.83582878112793,17.549999237060547,17.549999237060547,17.450000762939453,17.450000762939453,5162400
2004-01-20,16.235565185546875,17.993000030517578,18.040000915527344,17.514999389648438,17.524999618530273,7382800
2004-01-21,16.32534408569336,18.092500686645508,18.092500686645508,17.975000381469727,17.975000381469727,4716000
2004-01-22,16.329858779907227,18.09749984741211,18.25,18.012500762939453,18.112499237060547,4934800
2004-01-23,15.83582878112793,17.549999237060547,18.122499465942383,17.477500915527344,18.11750030517578,6113200
2004-01-26,15.833573341369629,17.547500610351562,17.647499084472656,17.412500381469727,17.552499771118164,4494000
2004-01-27,15.822294235229492,17.53499984741211,17.80500030517578,17.512500762939453,17.5674991607666,2892400
2004-01-28,15.71672248840332,17.417999267578125,17.58300018310547,17.315000534057617,17.53499984741211,3297600
2004-01-29,15.79297161102295,17.502500534057617,17.502500534057617,17.375,17.375,6497600
2004-01-30,15.790718078613281,17.5,17.592500686645508,17.364999771118164,17.497499465942383,4277600
2004-02-02,16.18096923828125,17.9325008392334,17.9325008392334,17.537500381469727,17.537500381469727,5628000
2004-02-03,16.440387725830078,18.219999313354492,18.219999313354492,17.844999313354492,17.844999313354492,7221600
2004-02-04,16.122316360473633,17.86750030517578,18.25,17.6825008392334,18.137500762939453,5700000
2004-02-05,15.840337753295898,17.55500030517578,17.850000381469727,17.274999618530273,17.850000381469727,5022800
2004-02-06,16.219318389892578,17.975000381469727,17.975000381469727,17.412500381469727,17.412500381469727,4320000
2004-02-09,16.04561996459961,17.782499313354492,17.9375,17.752500534057617,17.915000915527344,1940800
2004-02-10,16.298274993896484,18.0625,18.0625,17.837499618530273,17.837499618530273,2984000
2004-02-11,16.151649475097656,17.899999618530273,18.229999542236328,17.302499771118164,18.100000381469727,11544000
2004-02-12,16.873512268066406,18.700000762939453,19.058000564575195,18.674999237060547,18.940000534057617,22426000
2004-02-13,17.48257827758789,19.375,19.612499237060547,18.850000381469727,18.899999618530273,15217600
2004-02-17,17.78034210205078,19.704999923706055,19.825000762939453,19.225000381469727,19.25,9869600
2004-02-18,17.956300735473633,19.899999618530273,19.899999618530273,19.700000762939453,19.700000762939453,7005200
2004-02-19,17.987878799438477,19.934999465942383,19.934999465942383,19.837499618530273,19.907499313354492,5711600
2004-02-20,17.805156707763672,19.732500076293945,19.8799991607666,19.56999969482422,19.84000015258789,6771600
2004-02-23,17.82094955444336,19.75,19.75,19.667499542236328,19.735000610351562,4252000
2004-02-24,17.744251251220703,19.665000915527344,19.912500381469727,19.54224967956543,19.6825008392334,5106800
2004-02-25,17.793869018554688,19.719999313354492,19.75,19.459999084472656,19.575000762939453,4186400
2004-02-26,18.035255432128906,19.987499237060547,19.987499237060547,19.612499237060547,19.612499237060547,4470800
2004-02-27,18.2247371673584,20.197500228881836,20.315000534057617,19.842500686645508,19.8700008392334,7431200
2004-03-01,18.1299991607666,20.092500686645508,20.325000762939453,20.047500610351562,20.200000762939453,5267200
2004-03-02,18.247297286987305,20.22249984741211,20.38249969482422,20.092500686645508,20.094999313354492,6181600
2004-03-03,18.27211570739746,20.25,20.63249969482422,20.15999984741211,20.15999984741211,4235600
2004-03-04,18.40294647216797,20.395000457763672,20.395000457763672,20.149999618530273,20.149999618530273,3192400
2004-03-05,18.40294647216797,20.395000457763672,20.520000457763672,20.25,20.280000686645508,4889200
2004-03-08,18.36685562133789,20.354999542236328,20.540000915527344,20.174999237060547,20.420000076293945,3500400
2004-03-09,18.450315475463867,20.447500228881836,20.447500228881836,20.290000915527344,20.290000915527344,3450000
2004-03-10,18.19992446899414,20.170000076293945,20.467500686645508,20.110000610351562,20.417499542236328,3946800
2004-03-11,17.96757698059082,19.912500381469727,20.094999313354492,19.8700008392334,20.065000534057617,5233200
2004-03-12,19.04360008239746,21.104999542236328,21.125,20.75,20.7549991607666,12869600
2004-03-15,19.533113479614258,21.647499084472656,21.799999237060547,21.0,21.002500534057617,10926000
2004-03-16,19.693273544311523,21.825000762939453,21.825000762939453,21.662500381469727,21.662500381469727,7656400
2004-03-17,19.932390213012695,22.09000015258789,22.09000015258789,21.825000762939453,21.825000762939453,7329200
2004-03-18,19.75418472290039,21.892499923706055,22.082500457763672,21.822500228881836,22.00749969482422,6171200
2004-03-19,19.72260093688965,21.857500076293945,22.100000381469727,21.74250030517578,21.850000381469727,5634800
2004-03-22,19.427093505859375,21.530000686645508,21.75,21.34749984741211,21.75,7146800
2004-03-23,19.648162841796875,21.774999618530273,21.99250030517578,21.399999618530273,21.530000686645508,7626000
2004-03-24,19.300771713256836,21.389999389648438,21.702499389648438,21.375,21.6875,6026400
2004-03-25,19.431602478027344,21.53499984741211,21.614999771118164,21.389999389648438,21.450000762939453,6883600
2004-03-26,19.851184844970703,22.0,22.0,21.575000762939453,21.575000762939453,5468800
2004-03-29,20.13766860961914,22.3174991607666,22.3174991607666,22.0,22.0,5158400
2004-03-30,20.30234718322754,22.5,22.5,22.225000381469727,22.225000381469727,5492400
2004-03-31,20.239185333251953,22.43000030517578,22.594999313354492,22.412500381469727,22.4950008392334,6853600
2004-04-01,20.300086975097656,22.497499465942383,22.497499465942383,22.424999237060547,22.424999237060547,4081600
2004-04-02,20.611392974853516,22.842500686645508,22.842500686645508,22.549999237060547,22.549999237060547,4896800
2004-04-05,21.450557708740234,23.772499084472656,23.772499084472656,22.96500015258789,22.96500015258789,10076400
2004-04-06,21.159564971923828,23.450000762939453,23.637500762939453,23.350000381469727,23.637500762939453,6258000
2004-04-07,21.024208068847656,23.299999237060547,23.450000762939453,23.11750030517578,23.44499969482422,5240000
2004-04-08,21.040000915527344,23.3174991607666,23.4375,23.24250030517578,23.424999237060547,2605600
2004-04-12,21.046775817871094,23.325000762939453,23.467500686645508,23.270000457763672,23.4375,3632800
2004-04-13,20.920442581176758,23.184999465942383,23.377500534057617,23.075000762939453,23.375,5353600
2004-04-14,20.383556365966797,22.59000015258789,23.100000381469727,22.375,23.024999618530273,5758000
2004-04-15,19.34136962890625,21.434999465942383,22.387500762939453,21.172500610351562,22.387500762939453,22282400
2004-04-16,19.763208389282227,21.90250015258789,21.90250015258789,21.625,21.625,11516000
2004-04-19,20.0068359375,22.172500610351562,22.372499465942383,21.837499618530273,21.899999618530273,7266400
2004-04-20,19.40227699279785,21.502500534057617,22.162500381469727,21.452499389648438,22.162500381469727,5169600
2004-04-21,19.914348602294922,22.06999969482422,22.06999969482422,21.55500030517578,21.55500030517578,7322000
2004-04-22,20.606884002685547,22.837499618530273,23.139999389648438,22.25,22.274999618530273,7764400
2004-04-23,20.383556365966797,22.59000015258789,22.837499618530273,22.342500686645508,22.725000381469727,3123600
2004-04-26,20.135421752929688,22.315000534057617,22.558000564575195,22.26300048828125,22.530000686645508,4202000
2004-04-27,20.130903244018555,22.309999465942383,22.385000228881836,22.065000534057617,22.299999237060547,4442400
2004-04-28,19.794790267944336,21.9375,22.3174991607666,21.915000915527344,22.3125,3591600
2004-04-29,18.885698318481445,20.93000030517578,21.937999725341797,20.780000686645508,21.934999465942383,12702400
2004-04-30,18.666879653930664,20.6875,21.040000915527344,20.157499313354492,21.0,14956800
2004-05-03,18.897430419921875,20.94300079345703,20.968000411987305,20.343000411987305,20.600000381469727,6470400
2004-05-04,18.74808692932129,20.77750015258789,20.950000762939453,20.647750854492188,20.950000762939453,5884000
2004-05-05,18.678157806396484,20.700000762939453,20.809999465942383,20.5625,20.725000381469727,4728800
2004-05-06,18.463851928710938,20.462499618530273,20.672500610351562,20.1875,20.575000762939453,5510000
2004-05-07,17.96982765197754,19.915000915527344,20.424999237060547,19.832500457763672,20.337499618530273,6472800
2004-05-10,17.494667053222656,19.388397216796875,19.717500686645508,19.217500686645508,19.71500015258789,9142800
2004-05-11,17.815805435180664,19.744300842285156,19.987499237060547,19.52750015258789,19.75,7663200
2004-05-12,17.922916412353516,19.863000869750977,19.979999542236328,19.322999954223633,19.690000534057617,6618000
2004-05-13,17.95448875427246,19.898000717163086,20.03499984741211,19.670000076293945,19.690000534057617,5094400
2004-05-14,18.11194610595703,20.072500228881836,20.072500228881836,19.762500762939453,19.762500762939453,4641600
2004-05-17,17.922916412353516,19.863000869750977,19.915000915527344,19.559999465942383,19.834999084472656,4067600
2004-05-18,18.25406837463379,20.229999542236328,20.229999542236328,19.862499237060547,19.862499237060547,5012800
2004-05-19,17.82094955444336,19.75,20.315000534057617,19.75,20.25,5305200
2004-05-20,17.622438430786133,19.530000686645508,19.860000610351562,19.325000762939453,19.772499084472656,5994800
2004-05-21,17.5615291595459,19.462499618530273,19.8125,19.3700008392334,19.532499313354492,4341600
2004-05-24,17.5615291595459,19.462499618530273,19.614999771118164,19.3799991607666,19.5,3688400
2004-05-25,17.764999389648438,19.687999725341797,19.81999969482422,19.200000762939453,19.459999084472656,4210000
2004-05-26,17.539424896240234,19.437999725341797,19.770000457763672,19.334999084472656,19.674999237060547,6335600
2004-05-27,17.720701217651367,19.638900756835938,19.912500381469727,19.264999389648438,19.475000381469727,7672400
2004-05-28,18.35106658935547,20.337499618530273,20.337499618530273,19.825000762939453,19.825000762939453,5592800
2004-06-01,18.28113555908203,20.260000228881836,20.512500762939453,20.107500076293945,20.24250030517578,6971600
2004-06-02,18.648832321166992,20.667499542236328,20.667499542236328,20.299999237060547,20.299999237060547,4978800
2004-06-03,19.147371292114258,21.219999313354492,21.260000228881836,20.875,20.875,12533200
2004-06-04,19.084205627441406,21.149999618530273,21.29800033569336,20.950000762939453,21.225000381469727,5200800
2004-06-07,19.368432998657227,21.46500015258789,21.485000610351562,21.149999618530273,21.165000915527344,2949600
2004-06-08,19.510562896728516,21.622499465942383,21.622499465942383,21.467500686645508,21.467500686645508,4020000
2004-06-09,18.983150482177734,21.038000106811523,21.524999618530273,20.885000228881836,21.520000457763672,5899200
2004-06-10,19.068256378173828,21.132322311401367,21.337499618530273,20.977500915527344,21.0,4100000
2004-06-14,18.87666893005371,20.920000076293945,21.107500076293945,20.850000381469727,21.014999389648438,2380800
2004-06-15,19.167675018310547,21.24250030517578,21.24250030517578,20.967500686645508,20.967500686645508,3697600
2004-06-16,19.275672912597656,21.362197875976562,21.547500610351562,21.072500228881836,21.145000457763672,4078400
2004-06-17,19.44965171813965,21.55500030517578,21.55500030517578,21.362499237060547,21.362499237060547,2510000
2004-06-18,19.314300537109375,21.405000686645508,21.59749984741211,21.3125,21.440000534057617,3300400
2004-06-21,18.93351936340332,20.982999801635742,21.549999237060547,20.913000106811523,21.375,5903600
2004-06-22,19.163162231445312,21.237499237060547,21.237499237060547,20.982500076293945,20.982500076293945,5724400
2004-06-23,19.2308349609375,21.3125,21.3125,21.232500076293945,21.232500076293945,3108400
2004-06-24,19.047382354736328,21.10919761657715,21.25,20.99250030517578,21.149999618530273,4170800
2004-06-25,19.016530990600586,21.075000762939453,21.25,20.920000076293945,20.9950008392334,3262000
2004-06-28,18.845088958740234,20.885000228881836,21.125,20.8075008392334,21.112499237060547,4591600
2004-06-29,18.892467498779297,20.9375,21.075000762939453,20.795000076293945,20.892499923706055,5069600
2004-06-30,19.174440383911133,21.25,21.283000946044922,20.88800048828125,20.950000762939453,3830800
2004-07-01,19.041349411010742,21.102500915527344,21.290000915527344,21.00749969482422,21.25,3030800
2004-07-02,18.662824630737305,20.683000564575195,21.12299919128418,20.652999877929688,21.1200008392334,3726800
2004-07-06,18.263092041015625,20.239999771118164,20.649999618530273,20.100000381469727,20.649999618530273,5383200
2004-07-07,18.452573776245117,20.450000762939453,20.6200008392334,20.274999618530273,20.274999618530273,3830000
2004-07-08,18.89697265625,20.9424991607666,21.184999465942383,20.77750015258789,20.924999237060547,7725600
2004-07-09,19.167675018310547,21.24250030517578,21.364999771118164,20.975000381469727,21.3125,5875600
2004-07-12,19.25339126586914,21.337499618530273,21.337499618530273,21.25,21.25,3437200
2004-07-13,19.512815475463867,21.625,21.625,21.25,21.25,8124400
2004-07-14,19.584999084472656,21.704999923706055,21.704999923706055,21.600000381469727,21.607500076293945,7216400
2004-07-15,19.817346572875977,21.962499618530273,21.962499618530273,21.579999923706055,21.579999923706055,7070000
2004-07-16,19.661691665649414,21.790000915527344,22.058000564575195,21.697999954223633,22.040000915527344,8336800
2004-07-19,19.66620635986328,21.795000076293945,21.962499618530273,21.5,21.837499618530273,3738400
2004-07-20,19.81508445739746,21.959999084472656,21.959999084472656,21.797500610351562,21.797500610351562,4942400
2004-07-21,19.456417083740234,21.5625,21.924999237060547,21.514999389648438,21.924999237060547,3710000
2004-07-22,19.284971237182617,21.372499465942383,21.512500762939453,21.092500686645508,21.512500762939453,4256400
2004-07-23,18.9650936126709,21.01799964904785,21.33799934387207,20.8700008392334,21.309999465942383,5094000
2004-07-26,18.79319953918457,20.827499389648438,21.162500381469727,20.6924991607666,21.017499923706055,5382000
2004-07-27,18.069087982177734,20.024999618530273,20.787500381469727,19.512500762939453,20.75,16290000
2004-07-28,17.816436767578125,19.7450008392334,20.17300033569336,19.549999237060547,20.170000076293945,7316000
2004-07-29,19.005704879760742,21.062999725341797,21.1299991607666,20.163000106811523,20.389999389648438,15201600
2004-07-30,19.354902267456055,21.450000762939453,21.610000610351562,20.834999084472656,20.940000534057617,7975200
2004-08-02,19.319934844970703,21.41124725341797,21.747499465942383,21.184999465942383,21.424999237060547,8483200
2004-08-03,19.535369873046875,21.649999618530273,22.049999237060547,21.577999114990234,21.959999084472656,8476800
2004-08-04,19.253833770751953,21.33799934387207,21.652999877929688,21.21299934387207,21.649999618530273,8357600
2004-08-05,19.147371292114258,21.219999313354492,21.549999237060547,21.204999923706055,21.344999313354492,6089600
2004-08-06,18.92178726196289,20.969999313354492,21.174999237060547,20.809999465942383,21.174999237060547,6455600
2004-08-09,19.129323959350586,21.200000762939453,21.299999237060547,21.0,21.190000534057617,5447600
2004-08-10,19.691020965576172,21.822500228881836,21.822500228881836,21.299999237060547,21.299999237060547,6363200
2004-08-11,19.893590927124023,22.047000885009766,22.412500381469727,21.770000457763672,21.822500228881836,10500000
2004-08-12,20.212116241455078,22.399999618530273,22.725000381469727,22.327999114990234,22.5,12364800
2004-08-13,20.48281478881836,22.700000762939453,22.812999725341797,22.549999237060547,22.75,8339600
2004-08-16,20.71289825439453,22.954999923706055,23.190000534057617,22.700000762939453,22.700000762939453,7044000
2004-08-17,20.967815399169922,23.237499237060547,23.237499237060547,22.954999923706055,22.954999923706055,6375600
2004-08-18,21.094141006469727,23.377500534057617,23.377500534057617,23.21500015258789,23.21500015258789,4842000
2004-08-19,20.8554744720459,23.113000869750977,23.343000411987305,22.96299934387207,23.343000411987305,6152800
2004-08-20,21.308439254760742,23.614999771118164,23.614999771118164,23.212499618530273,23.212499618530273,4350400
2004-08-23,21.118953704833984,23.405000686645508,23.649999618530273,23.352500915527344,23.549999237060547,5004400
2004-08-24,20.771554946899414,23.020000457763672,23.5,22.947500228881836,23.487499237060547,5872000
2004-08-25,20.832462310791016,23.087499618530273,23.087499618530273,23.0,23.0,5874000
2004-08-26,20.900136947631836,23.162500381469727,23.162500381469727,23.06999969482422,23.100000381469727,3356800
2004-08-27,20.92270278930664,23.1875,23.1875,23.100000381469727,23.100000381469727,3370800
2004-08-30,20.780580520629883,23.030000686645508,23.197500228881836,22.982500076293945,23.1875,3361600
2004-08-31,20.979087829589844,23.25,23.25,23.02750015258789,23.02750015258789,5167600
2004-09-01,20.915922164916992,23.18000030517578,23.18000030517578,23.112499237060547,23.137500762939453,6341200
2004-09-02,21.170833587646484,23.462499618530273,23.462499618530273,23.107500076293945,23.107500076293945,4306800
2004-09-03,21.312955856323242,23.6200008392334,23.6200008392334,23.327499389648438,23.327499389648438,2809600
2004-09-07,21.330997467041016,23.639999389648438,23.639999389648438,23.524999618530273,23.524999618530273,5510800
2004-09-08,21.475372314453125,23.799999237060547,23.799999237060547,23.625,23.625,5237600
2004-09-09,21.38514518737793,23.700000762939453,23.809999465942383,23.5,23.75,3498800
2004-09-10,21.531768798828125,23.862499237060547,23.862499237060547,23.7450008392334,23.75,4267600
2004-09-13,21.588167190551758,23.924999237060547,23.924999237060547,23.69499969482422,23.69499969482422,3948000
2004-09-14,21.531768798828125,23.862499237060547,24.0,23.700000762939453,23.822500228881836,3114000
2004-09-15,21.852092742919922,24.217500686645508,24.217500686645508,23.864999771118164,23.864999771118164,6150000
2004-09-16,21.79118537902832,24.149999618530273,24.149999618530273,24.06999969482422,24.137500762939453,4191200
2004-09-17,21.536279678344727,23.86750030517578,24.11472511291504,23.5049991607666,24.049999237060547,8321200
2004-09-20,21.599435806274414,23.9375,23.9375,23.84000015258789,23.850000381469727,4729200
2004-09-21,21.434762954711914,23.7549991607666,23.887500762939453,23.475500106811523,23.84749984741211,3922000
2004-09-22,21.378376007080078,23.6924991607666,23.6924991607666,23.575000762939453,23.6924991607666,5584400
2004-09-23,21.15053939819336,23.440000534057617,23.524999618530273,23.315000534057617,23.524999618530273,5452400
2004-09-24,21.479877471923828,23.80500030517578,23.80500030517578,23.3125,23.3125,4193600
2004-09-27,21.750585556030273,24.104999542236328,24.104999542236328,23.987499237060547,23.987499237060547,4412000
2004-09-28,22.310026168823242,24.725000381469727,24.924999237060547,24.042499542236328,24.075000762939453,6718800
2004-09-29,22.21978759765625,24.625,24.762500762939453,24.46500015258789,24.674999237060547,5152800
2004-09-30,22.55365753173828,24.9950008392334,24.9950008392334,24.625,24.625,7586800
2004-10-01,22.64839744567871,25.100000381469727,25.375,24.952499389648438,25.0,11468800
2004-10-04,22.81081771850586,25.280000686645508,25.280000686645508,25.162500381469727,25.162500381469727,6144800
2004-10-05,22.375442504882812,24.797500610351562,25.31999969482422,24.74250030517578,25.204999923706055,7248400
2004-10-06,22.434093475341797,24.862499237060547,25.040000915527344,24.75,24.774999618530273,6289600
2004-10-07,22.55815887451172,25.0,25.0,24.877500534057617,24.912500381469727,3658000
2004-10-08,22.19723129272461,24.600000381469727,25.112499237060547,24.457500457763672,24.8700008392334,5186400
2004-10-11,22.21978759765625,24.625,24.827499389648438,24.47249984741211,24.524999618530273,2855600
2004-10-12,22.41153907775879,24.837499618530273,24.837499618530273,24.549999237060547,24.549999237060547,3863200
2004-10-13,22.12053871154785,24.514999389648438,24.75749969482422,24.364999771118164,24.72249984741211,3744400
2004-10-14,22.01902198791504,24.40250015258789,25.162500381469727,24.399999618530273,25.125,8578400
2004-10-15,21.9964599609375,24.377500534057617,24.575000762939453,23.43000030517578,24.405000686645508,14274000
2004-10-18,22.10700035095215,24.5,24.5,24.25,24.25,4545600
2004-10-19,19.438819885253906,21.542999267578125,23.989999771118164,20.649999618530273,23.989999771118164,59459600
2004-10-20,19.46769905090332,21.575000762939453,21.96500015258789,20.762500762939453,20.762500762939453,28883200
2004-10-21,18.813512802124023,20.850000381469727,21.635000228881836,20.74250030517578,21.575000762939453,21506000
2004-10-22,18.781925201416016,20.815000534057617,21.350000381469727,20.802499771118164,20.825000762939453,10965200
2004-10-25,19.174440383911133,21.25,21.25,20.9375,20.9375,9997600
2004-10-26,20.144445419311523,22.325000762939453,22.584999084472656,21.5,21.5,15014000
2004-10-27,20.69710922241211,22.9375,23.174999237060547,22.100000381469727,22.325000762939453,9888800
2004-10-28,21.4979305267334,23.825000762939453,24.17799949645996,23.344999313354492,23.475000381469727,16404000
2004-10-29,21.536279678344727,23.86750030517578,23.86750030517578,23.75,23.825000762939453,9647600
2004-11-01,21.698699951171875,24.047500610351562,24.047500610351562,23.649999618530273,23.649999618530273,8418000
2004-11-02,21.55657958984375,23.889999389648438,24.287500381469727,23.837499618530273,23.962499618530273,6994400
2004-11-03,22.46792984008789,24.899999618530273,25.08799934387207,24.312999725341797,24.315000534057617,11089200
2004-11-04,22.961952209472656,25.447500228881836,25.447500228881836,25.0,25.0,12542400
2004-11-05,23.14468002319336,25.649999618530273,26.0625,25.372499465942383,25.399999618530273,8816800
2004-11-08,23.449201583862305,25.987499237060547,25.987499237060547,25.649999618530273,25.649999618530273,4962000
2004-11-09,24.19137191772461,26.809999465942383,27.05500030517578,26.295000076293945,26.462499618530273,13972400
2004-11-10,24.50042152404785,27.15250015258789,27.15250015258789,26.809999465942383,26.809999465942383,8452400
2004-11-11,24.46657943725586,27.114999771118164,27.21500015258789,26.760000228881836,27.030000686645508,7675600
2004-11-12,24.216543197631836,26.827999114990234,27.104999542236328,26.413999557495117,27.104999542236328,10445200
2004-11-15,24.881805419921875,27.565000534057617,27.565000534057617,26.827499389648438,26.827499389648438,7903200
2004-11-16,24.633575439453125,27.290000915527344,27.670000076293945,27.112499237060547,27.53499984741211,7922000
2004-11-17,24.6741943359375,27.334999084472656,27.65250015258789,27.0674991607666,27.399999618530273,7248000
2004-11-18,25.021718978881836,27.719999313354492,27.719999313354492,27.334999084472656,27.334999084472656,6111600
2004-11-19,25.069108963012695,27.772499084472656,27.772499084472656,27.649999618530273,27.674999237060547,4939200
2004-11-22,25.039775848388672,27.739999771118164,28.017499923706055,27.46500015258789,27.649999618530273,9144000
2004-11-23,25.220300674438477,27.940000534057617,27.940000534057617,27.649999618530273,27.649999618530273,6132000
2004-11-24,25.66035270690918,28.427499771118164,28.427499771118164,28.087499618530273,28.087499618530273,4416400
2004-11-26,26.319290161132812,29.157499313354492,29.157499313354492,28.422500610351562,28.422500610351562,3583200
2004-11-29,26.67584228515625,29.552499771118164,29.78499984741211,29.287500381469727,29.362499237060547,9848800
2004-11-30,26.836063385009766,29.729999542236328,29.729999542236328,29.575000762939453,29.575000762939453,8140400
2004-12-01,26.75482749938965,29.639999389648438,30.362499237060547,29.49250030517578,29.875,10467200
2004-12-02,26.639734268188477,29.512500762939453,29.719999313354492,29.325000762939453,29.639999389648438,7977200
2004-12-03,26.854116439819336,29.75,29.75,29.600000381469727,29.600000381469727,6068800
2004-12-06,26.98499870300293,29.895000457763672,30.075000762939453,29.147499084472656,29.684999465942383,9575200
2004-12-07,26.831554412841797,29.725000381469727,30.174999237060547,29.510000228881836,30.0,6913200
2004-12-08,27.237747192382812,30.174999237060547,30.174999237060547,29.725000381469727,29.725000381469727,6298000
2004-12-09,27.923765182495117,30.934999465942383,30.934999465942383,30.024999618530273,30.024999618530273,8160000
2004-12-10,28.535316467285156,31.612499237060547,31.612499237060547,30.862499237060547,30.862499237060547,8103600
2004-12-13,28.634611129760742,31.72249984741211,31.889999389648438,31.047500610351562,31.287500381469727,9370000
2004-12-14,28.140405654907227,31.174999237060547,31.627500534057617,30.962499618530273,31.5625,9889200
2004-12-15,28.47890853881836,31.549999237060547,31.549999237060547,31.165000915527344,31.174999237060547,4646400
2004-12-16,27.885400772094727,30.892499923706055,31.530000686645508,30.787500381469727,31.512500762939453,8630000
2004-12-17,27.691333770751953,30.677499771118164,31.020000457763672,30.63249969482422,30.875,7736800
2004-12-20,27.883148193359375,30.889999389648438,31.15999984741211,30.575000762939453,30.72249984741211,6549600
2004-12-21,27.991464614868164,31.010000228881836,31.190000534057617,30.774999618530273,30.892499923706055,5669200
2004-12-22,28.320934295654297,31.375,31.375,30.985000610351562,31.125,4558000
2004-12-23,28.293861389160156,31.344999313354492,31.344999313354492,31.19499969482422,31.337499618530273,3214000
2004-12-27,28.005002975463867,31.024999618530273,31.25,30.915000915527344,31.170000076293945,2800800
2004-12-28,28.41571807861328,31.479999542236328,31.479999542236328,31.174999237060547,31.174999237060547,3368800
2004-12-29,28.63235855102539,31.719999313354492,31.719999313354492,31.462499618530273,31.462499618530273,2621200
2004-12-30,28.341245651245117,31.397499084472656,31.600000381469727,31.397499084472656,31.475000381469727,2376800
2004-12-31,28.151689529418945,31.1875,31.459999084472656,31.137500762939453,31.149999618530273,3368800
2005-01-03,27.709388732910156,30.697500228881836,31.1875,30.520000457763672,31.049999237060547,6426800
2005-01-04,27.226463317871094,30.162500381469727,31.05500030517578,29.924999237060547,30.75,7233200
2005-01-05,27.492753982543945,30.457500457763672,30.8174991607666,30.139999389648438,30.174999237060547,7191200
2005-01-06,27.86960792541504,30.875,31.1200008392334,30.274999618530273,30.5,4958800
2005-01-07,27.96890640258789,30.985000610351562,31.25,30.552499771118164,30.875,5314800
2005-01-10,28.366071701049805,31.424999237060547,31.74250030517578,31.1200008392334,31.229999542236328,6071600
2005-01-11,28.11107063293457,31.142499923706055,31.604999542236328,31.017499923706055,31.50749969482422,5212800
2005-01-12,28.625585556030273,31.712499618530273,31.712499618530273,31.375,31.375,6050800
2005-01-13,28.9234619140625,32.04249954223633,32.247501373291016,31.735000610351562,31.737499237060547,6777600
2005-01-14,28.862531661987305,31.975000381469727,32.247501373291016,31.920000076293945,32.04249954223633,5261200
2005-01-18,28.553369522094727,31.63249969482422,31.875,31.5625,31.799999237060547,6742400
2005-01-19,28.79483413696289,31.899999618530273,32.279998779296875,31.8174991607666,32.037498474121094,4879200
2005-01-20,28.46987533569336,31.540000915527344,32.20920181274414,31.322500228881836,31.962499618530273,6586800
2005-01-21,28.720365524291992,31.8174991607666,32.25,31.602500915527344,31.674999237060547,6410400
2005-01-24,28.46536636352539,31.53499984741211,31.9375,31.4424991607666,31.924999237060547,3795600
2005-01-25,28.052392959594727,31.077499389648438,31.612499237060547,30.962499618530273,31.537500381469727,5268800
2005-01-26,28.185546875,31.225000381469727,31.309999465942383,30.985000610351562,31.100000381469727,3949200
2005-01-27,28.709081649780273,31.80500030517578,31.80500030517578,31.25,31.25,3672800
2005-01-28,28.427001953125,31.49250030517578,31.674999237060547,31.282499313354492,31.375,3941200
2005-01-31,28.67071533203125,31.762500762939453,31.959999084472656,31.625,31.712499618530273,4149600
2005-02-01,29.674928665161133,32.875,32.875,31.862499237060547,31.862499237060547,6132400
2005-02-02,29.483116149902344,32.662498474121094,32.912498474121094,32.41749954223633,32.747501373291016,6615600
2005-02-03,29.618507385253906,32.8125,32.8125,32.662498474121094,32.662498474121094,5346400
2005-02-04,29.437978744506836,32.61249923706055,32.849998474121094,32.5,32.712501525878906,5264800
2005-02-07,29.167184829711914,32.3125,32.5625,31.898250579833984,32.375,5437200
2005-02-08,29.10625457763672,32.244998931884766,32.599998474121094,32.19499969482422,32.3125,4018800
2005-02-09,29.009218215942383,32.13750076293945,32.560001373291016,32.0099983215332,32.244998931884766,4580800
2005-02-10,30.234580993652344,33.494998931884766,33.97999954223633,33.275001525878906,33.275001525878906,15264400
2005-02-11,30.126253128051758,33.375,33.7599983215332,33.32749938964844,33.599998474121094,9006800
2005-02-14,30.649805068969727,33.95500183105469,33.95500183105469,33.467498779296875,33.467498779296875,6724000
2005-02-15,31.06728744506836,34.41749954223633,34.657501220703125,33.91999816894531,33.959999084472656,6248400
2005-02-16,31.77135467529297,35.1974983215332,35.1974983215332,34.41749954223633,34.41749954223633,7228800
2005-02-17,31.782642364501953,35.209999084472656,35.209999084472656,35.102500915527344,35.13750076293945,4013200
2005-02-18,31.624670028686523,35.03499984741211,35.435001373291016,34.880001068115234,35.209999084472656,5181600
2005-02-22,30.800996780395508,34.122501373291016,35.037498474121094,34.0,35.0,7268000
2005-02-23,31.81873893737793,35.25,35.25,34.122501373291016,34.122501373291016,6061600
2005-02-24,32.57698059082031,36.09000015258789,36.09000015258789,35.212501525878906,35.212501525878906,7052800
2005-02-25,32.901939392089844,36.45000076293945,36.45000076293945,35.86249923706055,35.86249923706055,7380000
2005-02-28,33.059906005859375,36.625,36.625,36.287498474121094,36.287498474121094,6100800
2005-03-01,33.42547607421875,37.029998779296875,37.4375,36.44499969482422,36.45000076293945,7964400
2005-03-02,34.08667755126953,37.76250076293945,37.76250076293945,36.95000076293945,36.95000076293945,7815600
2005-03-03,33.7797737121582,37.42250061035156,38.1875,37.30500030517578,37.90250015258789,6825600
2005-03-04,34.72758483886719,38.47249984741211,38.47249984741211,37.650001525878906,37.650001525878906,5186400
2005-03-07,34.90359115600586,38.66749954223633,38.66749954223633,38.39250183105469,38.39250183105469,6118400
2005-03-08,34.71628952026367,38.459999084472656,38.459999084472656,38.310001373291016,38.375,5143600
2005-03-09,34.005435943603516,37.67250061035156,38.307498931884766,37.4900016784668,38.247501373291016,5225600
2005-03-10,33.84971618652344,37.5,38.244998931884766,37.314998626708984,37.73500061035156,5622400
2005-03-11,33.33295822143555,36.9275016784668,37.587501525878906,36.779998779296875,37.587501525878906,6120800
2005-03-14,33.741416931152344,37.380001068115234,37.560001373291016,36.9900016784668,37.32500076293945,3787200
2005-03-15,34.15211486816406,37.834999084472656,37.95500183105469,37.279998779296875,37.42499923706055,5087400
2005-03-16,33.6782112121582,37.310001373291016,37.82500076293945,36.935001373291016,37.79999923706055,4286800
2005-03-17,34.0167236328125,37.685001373291016,37.76499938964844,36.85499954223633,37.54999923706055,3933400
2005-03-18,33.35326385498047,36.95000076293945,37.709999084472656,36.5,37.689998626708984,7686400
2005-03-21,33.253971099853516,36.84000015258789,37.2400016784668,36.404998779296875,37.0,4317400
2005-03-22,33.366798400878906,36.96500015258789,37.55500030517578,36.84000015258789,36.84000015258789,3113600
2005-03-23,32.563446044921875,36.07500076293945,37.03499984741211,35.92499923706055,37.03499984741211,5659200
2005-03-24,32.924503326416016,36.474998474121094,36.560001373291016,36.03499984741211,36.20000076293945,3446200
2005-03-28,33.299110412597656,36.88999938964844,37.060001373291016,36.25,36.474998474121094,3593200
2005-03-29,32.74397659301758,36.275001525878906,37.34000015258789,36.130001068115234,37.025001525878906,4430200
2005-03-30,34.07990264892578,37.755001068115234,37.78499984741211,36.20500183105469,36.525001525878906,5006400
2005-03-31,33.82716751098633,37.474998474121094,37.72999954223633,37.275001525878906,37.724998474121094,3611800
2005-04-01,33.299110412597656,36.88999938964844,38.040000915527344,36.584999084472656,37.599998474121094,3875600
2005-04-04,33.578922271728516,37.20000076293945,37.39500045776367,36.95000076293945,37.20000076293945,3314000
2005-04-05,33.8406982421875,37.4900016784668,37.599998474121094,37.279998779296875,37.45000076293945,3726400
2005-04-06,33.87682342529297,37.529998779296875,37.845001220703125,37.43000030517578,37.625,3363800
2005-04-07,34.44548034667969,38.15999984741211,38.2599983215332,37.5,37.625,4486400
2005-04-08,33.8632698059082,37.51499938964844,38.18000030517578,37.404998779296875,38.15999984741211,2412800
2005-04-11,34.33265686035156,38.03499984741211,38.17499923706055,37.525001525878906,37.525001525878906,3162800
2005-04-12,34.76139831542969,38.5099983215332,38.584999084472656,37.685001373291016,38.03499984741211,3215000
2005-04-13,33.85424041748047,37.505001068115234,38.619998931884766,37.400001525878906,38.53499984741211,4006200
2005-04-14,32.15272521972656,35.619998931884766,37.505001068115234,35.380001068115234,37.505001068115234,10291200
2005-04-15,31.895477294921875,35.334999084472656,36.380001068115234,34.25,35.0,11183200
2005-04-18,31.119173049926758,34.474998474121094,35.54999923706055,33.69499969482422,35.375,5765800
2005-04-19,31.665294647216797,35.08000183105469,35.25,34.77000045776367,35.25,4901200
2005-04-20,31.09209442138672,34.44499969482422,35.6349983215332,34.33000183105469,35.400001525878906,3636400
2005-04-21,31.65626335144043,35.06999969482422,35.07500076293945,34.415000915527344,35.0,3717200
2005-04-22,31.529891967773438,34.93000030517578,35.31999969482422,34.5,34.89500045776367,2623600
2005-04-25,31.728471755981445,35.150001525878906,35.43000030517578,34.80500030517578,35.150001525878906,2552800
2005-04-26,31.222991943359375,34.59000015258789,35.61000061035156,34.59000015258789,35.099998474121094,2230400
2005-04-27,32.698848724365234,36.224998474121094,36.39500045776367,34.314998626708984,34.70000076293945,5723200
2005-04-28,32.18883514404297,35.65999984741211,37.0,35.494998931884766,37.0,5416600
2005-04-29,33.11406326293945,36.685001373291016,36.755001068115234,35.525001525878906,36.0,4080600
2005-05-02,33.60149383544922,37.224998474121094,37.51499938964844,36.48400115966797,36.755001068115234,5138200
2005-05-03,34.1430778503418,37.82500076293945,38.0099983215332,37.20000076293945,37.349998474121094,5856000
2005-05-04,34.46805191040039,38.185001373291016,38.61800003051758,37.8849983215332,38.13999938964844,3992600
2005-05-05,34.6756591796875,38.415000915527344,38.7400016784668,38.084999084472656,38.310001373291016,2834600
2005-05-06,34.95097732543945,38.720001220703125,38.92499923706055,38.290000915527344,38.5099983215332,2416000
2005-05-09,35.27141571044922,39.07500076293945,39.150001525878906,38.125,38.474998474121094,3652200
2005-05-10,34.887786865234375,38.650001525878906,39.2400016784668,38.42499923706055,38.599998474121094,3874800
2005-05-11,34.84267044067383,38.599998474121094,38.724998474121094,38.08000183105469,38.625,4221600
2005-05-12,34.21529769897461,37.904998779296875,39.11000061035156,37.8650016784668,38.625,3979400
2005-05-13,33.398399353027344,37.0,38.20000076293945,36.51499938964844,38.20000076293945,4520400
2005-05-16,34.061851501464844,37.73500061035156,37.75,37.0,37.0,4100400
2005-05-17,34.021236419677734,37.689998626708984,37.69499969482422,37.29999923706055,37.625,3627000
2005-05-18,33.47513198852539,37.084999084472656,38.255001068115234,36.880001068115234,37.75,7230600
2005-05-19,33.84971618652344,37.5,37.51499938964844,36.80500030517578,37.084999084472656,3679600
2005-05-20,34.24690628051758,37.939998626708984,38.05500030517578,37.17499923706055,37.625,3564200
2005-05-23,34.72079849243164,38.46500015258789,38.48500061035156,37.599998474121094,37.94499969482422,3726200
2005-05-24,34.738853454589844,38.48500061035156,38.59000015258789,38.04999923706055,38.349998474121094,2359200
2005-05-25,34.504154205322266,38.224998474121094,38.5099983215332,37.875,38.48500061035156,2414000
2005-05-26,35.42486572265625,39.244998931884766,39.244998931884766,38.48500061035156,38.48500061035156,3336200
2005-05-27,35.244319915771484,39.04499816894531,39.27000045776367,38.90999984741211,39.27000045776367,2201400
2005-05-31,35.20823669433594,39.005001068115234,39.400001525878906,38.5,38.5,2995400
2005-06-01,35.58734893798828,39.42499923706055,39.48500061035156,38.83000183105469,38.900001525878906,2651200
2005-06-02,35.686641693115234,39.53499984741211,39.595001220703125,39.06999969482422,39.125,2657600
2005-06-03,35.993534088134766,39.875,39.904998779296875,39.54499816894531,39.57500076293945,3459200
2005-06-06,35.80849838256836,39.66999816894531,39.81999969482422,39.45899963378906,39.75,2091000
2005-06-07,36.61637878417969,40.564998626708984,40.71500015258789,39.66999816894531,39.66999816894531,4123200
2005-06-08,36.187618255615234,40.09000015258789,40.875,39.900001525878906,40.625,4217600
2005-06-09,37.243717193603516,41.2599983215332,41.2599983215332,40.20000076293945,40.29999923706055,4383800
2005-06-10,36.62991714477539,40.58000183105469,42.23500061035156,40.404998779296875,42.23500061035156,2579400
2005-06-13,37.30691146850586,41.33000183105469,41.33000183105469,40.4900016784668,40.5,2776000
2005-06-14,37.53708267211914,41.584999084472656,41.72999954223633,41.18000030517578,41.33000183105469,2893400
2005-06-15,37.96585464477539,42.060001373291016,42.279998779296875,41.47999954223633,41.82500076293945,3287200
2005-06-16,37.176025390625,41.185001373291016,41.959999084472656,40.900001525878906,41.57500076293945,4687000
2005-06-17,37.487449645996094,41.529998779296875,41.92499923706055,41.494998931884766,41.92499923706055,3962800
2005-06-20,38.39912414550781,42.540000915527344,42.61000061035156,41.5,41.529998779296875,3817200
2005-06-21,38.092227935791016,42.20000076293945,42.900001525878906,42.13999938964844,42.540000915527344,3494400
2005-06-22,38.05611801147461,42.15999984741211,43.23500061035156,42.15999984741211,42.75,4850000
2005-06-23,37.496463775634766,41.540000915527344,42.17499923706055,41.540000915527344,42.099998474121094,3985400
2005-06-24,37.081260681152344,41.08000183105469,41.744998931884766,41.07400131225586,41.650001525878906,5028000
2005-06-27,37.180538177490234,41.189998626708984,41.349998474121094,40.92499923706055,41.08000183105469,3846200
2005-06-28,37.80787658691406,41.8849983215332,41.939998626708984,41.275001525878906,41.349998474121094,2937800
2005-06-29,37.8304557800293,41.90999984741211,42.349998474121094,41.79999923706055,41.935001373291016,3704800
2005-06-30,37.37912368774414,41.40999984741211,42.22999954223633,41.095001220703125,42.17499923706055,3165200
2005-07-01,37.171504974365234,41.18000030517578,41.560001373291016,40.95500183105469,41.41999816894531,1864600
2005-07-05,38.00196075439453,42.099998474121094,42.154998779296875,41.0,41.0,3191000
2005-07-06,37.717613220214844,41.78499984741211,42.94499969482422,41.595001220703125,42.099998474121094,6268800
2005-07-07,37.90718078613281,41.994998931884766,42.09000015258789,41.095001220703125,41.599998474121094,3404800
2005-07-08,38.05611801147461,42.15999984741211,42.29999923706055,41.875,42.005001068115234,2416400
2005-07-11,37.857540130615234,41.939998626708984,42.4900016784668,41.79999923706055,42.474998474121094,2668400
2005-07-12,37.555137634277344,41.60499954223633,42.040000915527344,40.81999969482422,41.95500183105469,3713600
2005-07-13,36.90974426269531,40.88999938964844,41.5,40.150001525878906,41.125,4873600
2005-07-14,36.268856048583984,40.18000030517578,41.255001068115234,39.900001525878906,41.25,5021200
2005-07-15,36.729209899902344,40.689998626708984,40.86000061035156,40.11000061035156,40.349998474121094,3220600
2005-07-18,36.66151428222656,40.6150016784668,40.86000061035156,40.28499984741211,40.689998626708984,2231800
2005-07-19,35.6550407409668,39.5,40.845001220703125,39.0,40.775001525878906,8844000
2005-07-20,35.44291687011719,39.26499938964844,39.54999923706055,38.869998931884766,39.25,4104000
2005-07-21,34.553794860839844,38.279998779296875,38.880001068115234,37.68000030517578,38.275001525878906,7144400
2005-07-22,34.504154205322266,38.224998474121094,38.80500030517578,38.10499954223633,38.20000076293945,4714800
2005-07-25,34.305572509765625,38.005001068115234,38.42499923706055,37.67499923706055,38.17499923706055,4559400
2005-07-26,34.21079635620117,37.900001525878906,38.07500076293945,37.584999084472656,38.005001068115234,6596400
2005-07-27,33.6782112121582,37.310001373291016,38.28499984741211,37.275001525878906,38.07500076293945,6223200
2005-07-28,35.38425064086914,39.20000076293945,39.505001068115234,37.53099822998047,37.625,11152400
2005-07-29,34.932918548583984,38.70000076293945,39.435001373291016,38.599998474121094,39.224998474121094,5840600
2005-08-01,35.11344909667969,38.900001525878906,39.125,38.75,38.83000183105469,5722000
2005-08-02,34.698219299316406,38.439998626708984,38.92499923706055,38.255001068115234,38.915000915527344,6630200
2005-08-03,34.7027473449707,38.44499969482422,38.70000076293945,38.099998474121094,38.5,5078400
2005-08-04,34.64857864379883,38.3849983215332,38.5,38.279998779296875,38.44499969482422,4552400
2005-08-05,34.097957611083984,37.775001525878906,38.53499984741211,37.75,38.3849983215332,5129600
2005-08-08,33.79556655883789,37.439998626708984,38.15999984741211,37.13999938964844,37.95000076293945,3359000
2005-08-09,34.74787902832031,38.494998931884766,38.57500076293945,37.334999084472656,37.470001220703125,4851200
2005-08-10,35.24884796142578,39.04999923706055,39.5,38.599998474121094,38.69499969482422,5091000
2005-08-11,35.77690505981445,39.6349983215332,39.685001373291016,39.040000915527344,39.04499816894531,3673400
2005-08-12,35.87168502807617,39.7400016784668,39.81999969482422,39.27000045776367,39.665000915527344,3344800
2005-08-15,35.767887115478516,39.625,39.685001373291016,39.36000061035156,39.63999938964844,2271600
2005-08-16,35.42486572265625,39.244998931884766,39.650001525878906,39.16999816894531,39.57500076293945,1707000
2005-08-17,35.08185958862305,38.8650016784668,39.099998474121094,38.52000045776367,39.099998474121094,2922600
2005-08-18,35.0276985168457,38.80500030517578,39.30500030517578,38.685001373291016,38.904998779296875,3441200
2005-08-19,35.009639739990234,38.78499984741211,39.01499938964844,38.599998474121094,38.900001525878906,2546000
2005-08-22,35.09992218017578,38.8849983215332,39.349998474121094,38.755001068115234,38.95000076293945,2523600
2005-08-23,35.018672943115234,38.79499816894531,39.20500183105469,38.79499816894531,39.0,2139000
2005-08-24,34.62150192260742,38.35499954223633,38.92499923706055,38.35499954223633,38.79499816894531,2292600
2005-08-25,35.42939376831055,39.25,39.29999923706055,38.404998779296875,38.54999923706055,2885200
2005-08-26,35.08185958862305,38.8650016784668,39.290000915527344,38.650001525878906,39.275001525878906,3171400
2005-08-29,35.3616828918457,39.17499923706055,39.25,38.41999816894531,38.46500015258789,2479400
2005-08-30,35.6731071472168,39.52000045776367,39.650001525878906,39.02299880981445,39.165000915527344,3276600
2005-08-31,35.957427978515625,39.834999084472656,39.875,39.28499984741211,39.5,3504800
2005-09-01,35.970970153808594,39.849998474121094,40.060001373291016,39.51499938964844,39.724998474121094,2838800
2005-09-02,36.15150451660156,40.04999923706055,40.10499954223633,39.75,39.79999923706055,2101000
2005-09-06,37.0316047668457,41.025001525878906,41.025001525878906,39.974998474121094,40.03499984741211,3593800
2005-09-07,37.550628662109375,41.599998474121094,41.779998779296875,40.779998779296875,40.79999923706055,4696200
2005-09-08,37.79888153076172,41.875,42.064998626708984,40.849998474121094,40.875,4727600
2005-09-09,38.25019073486328,42.375,42.47999954223633,41.779998779296875,41.88999938964844,2373200
2005-09-12,37.88911819458008,41.974998474121094,42.4900016784668,41.84749984741211,42.29999923706055,3202000
2005-09-13,36.36815643310547,40.290000915527344,41.625,40.20000076293945,41.5,5665400
2005-09-14,36.28690719604492,40.20000076293945,40.80500030517578,40.04800033569336,40.290000915527344,4413800
2005-09-15,36.557708740234375,40.5,40.654998779296875,40.084999084472656,40.23500061035156,3638600
2005-09-16,36.95939254760742,40.94499969482422,41.25,40.560001373291016,40.900001525878906,3936000
2005-09-19,36.54417419433594,40.48500061035156,40.94499969482422,40.314998626708984,40.875,2260000
2005-09-20,36.49452590942383,40.43000030517578,40.92499923706055,40.375,40.599998474121094,2853000
2005-09-21,36.05221939086914,39.939998626708984,40.45000076293945,39.90999984741211,40.25,2626200
2005-09-22,36.53062057495117,40.470001220703125,40.474998474121094,39.70000076293945,39.724998474121094,2815000
2005-09-23,36.66603088378906,40.619998931884766,41.84000015258789,40.279998779296875,40.369998931884766,5615200
2005-09-26,37.26629638671875,41.28499984741211,41.435001373291016,40.900001525878906,41.0,3515200
2005-09-27,37.636383056640625,41.69499969482422,41.875,41.310001373291016,41.349998474121094,4336600
2005-09-28,37.64091110229492,41.70000076293945,41.86000061035156,41.4900016784668,41.595001220703125,2691200
2005-09-29,38.22763442993164,42.349998474121094,42.5,41.20500183105469,41.27000045776367,4612600
2005-09-30,38.877540588378906,43.06999969482422,43.310001373291016,42.400001525878906,42.435001373291016,3916600
2005-10-03,38.8594856262207,43.04999923706055,43.435001373291016,42.67499923706055,43.224998474121094,2827200
2005-10-04,38.41719436645508,42.560001373291016,43.55500030517578,42.5,43.04999923706055,3069400
2005-10-05,37.90718078613281,41.994998931884766,42.755001068115234,41.959999084472656,42.564998626708984,2587600
2005-10-06,37.41974639892578,41.45500183105469,42.09000015258789,41.125,42.04999923706055,2389800
2005-10-07,37.3249626159668,41.349998474121094,41.790000915527344,41.154998779296875,41.53499984741211,2252600
2005-10-10,37.437801361083984,41.474998474121094,42.09000015258789,41.29999923706055,41.32500076293945,2134800
2005-10-11,37.347537994384766,41.375,41.849998474121094,41.20000076293945,41.494998931884766,2576600
2005-10-12,36.647972106933594,40.599998474121094,41.474998474121094,40.540000915527344,41.375,5893200
2005-10-13,36.5215950012207,40.459999084472656,40.724998474121094,40.0,40.25,4214000
2005-10-14,37.16248321533203,41.16999816894531,41.630001068115234,40.560001373291016,40.560001373291016,3963400
2005-10-17,38.14638900756836,42.2599983215332,42.29499816894531,41.150001525878906,41.150001525878906,3700200
2005-10-18,37.88011169433594,41.96500015258789,42.35499954223633,41.65999984741211,42.125,1979200
2005-10-19,39.17090606689453,43.39500045776367,43.39500045776367,41.55500030517578,41.849998474121094,3054400
2005-10-20,38.390106201171875,42.529998779296875,43.345001220703125,42.52000045776367,43.275001525878906,2825600
2005-10-21,39.387550354003906,43.6349983215332,43.65999984741211,43.005001068115234,43.17499923706055,4085200
2005-10-24,39.86144256591797,44.15999984741211,44.209999084472656,43.595001220703125,43.79999923706055,2835600
2005-10-25,38.31789016723633,42.45000076293945,43.86000061035156,41.755001068115234,43.75,5914600
2005-10-26,36.87364196777344,40.849998474121094,43.099998474121094,40.400001525878906,43.0,9049200
2005-10-27,37.82143020629883,41.900001525878906,42.494998931884766,41.650001525878906,41.75,7495000
2005-10-28,39.771175384521484,44.060001373291016,44.28499984741211,42.224998474121094,42.474998474121094,6412000
2005-10-31,39.96976852416992,44.279998779296875,44.599998474121094,43.724998474121094,44.060001373291016,5576200
2005-11-01,40.466217041015625,44.83000183105469,44.9900016784668,44.21500015258789,44.279998779296875,4867200
2005-11-02,40.28118896484375,44.625,44.880001068115234,44.18000030517578,44.82500076293945,5101200
2005-11-03,39.90656661987305,44.209999084472656,44.95000076293945,44.125,44.525001525878906,4291600
2005-11-04,39.847896575927734,44.14500045776367,44.59000015258789,43.95000076293945,44.42499923706055,3207600
2005-11-07,39.96073913574219,44.27000045776367,44.70000076293945,44.125,44.25,2407000
2005-11-08,39.71702194213867,44.0,44.220001220703125,43.775001525878906,44.099998474121094,2294000
2005-11-09,39.8524169921875,44.150001525878906,44.42499923706055,43.959999084472656,44.099998474121094,2564600
2005-11-10,40.61515426635742,44.994998931884766,45.0,44.2400016784668,44.29499816894531,3783600
2005-11-11,40.4932975769043,44.86000061035156,45.17499923706055,44.64500045776367,44.994998931884766,2284000
2005-11-14,40.90870666503906,45.29999923706055,45.400001525878906,44.834999084472656,44.939998626708984,2631200
2005-11-15,41.193180084228516,45.6150016784668,46.0,45.04999923706055,45.17499923706055,4515600
2005-11-16,42.44392395019531,47.0,47.16999816894531,46.349998474121094,46.95000076293945,5134200
2005-11-17,42.570343017578125,47.13999938964844,47.30500030517578,46.40999984741211,46.84000015258789,3897800
2005-11-18,42.800636291503906,47.39500045776367,47.5,47.18000030517578,47.474998474121094,2488600
2005-11-21,42.624534606933594,47.20000076293945,47.36000061035156,47.095001220703125,47.29999923706055,2139000
2005-11-22,42.769012451171875,47.36000061035156,47.67499923706055,47.28499984741211,47.29999923706055,2431600
2005-11-23,42.63808059692383,47.21500015258789,47.91999816894531,47.21500015258789,47.48500061035156,2052400
2005-11-25,42.98575210571289,47.599998474121094,47.724998474121094,47.35499954223633,47.45000076293945,1026600
2005-11-28,41.929168701171875,46.43000030517578,47.959999084472656,46.334999084472656,47.75,2890600
2005-11-29,42.579368591308594,47.150001525878906,47.314998626708984,46.56999969482422,46.724998474121094,3270000
2005-11-30,41.76210403442383,46.244998931884766,47.22999954223633,46.209999084472656,46.88999938964844,3689000
2005-12-01,42.88190460205078,47.48500061035156,47.5099983215332,46.599998474121094,46.599998474121094,2991400
2005-12-02,43.1212043762207,47.75,47.82500076293945,47.375,47.48500061035156,1777000
2005-12-05,43.039955139160156,47.65999984741211,47.82500076293945,47.099998474121094,47.76499938964844,3189000
2005-12-06,42.84577941894531,47.44499969482422,48.20000076293945,47.375,47.92499923706055,3251000
2005-12-07,42.7283821105957,47.314998626708984,47.5,46.85499954223633,47.07500076293945,3526400
2005-12-08,43.30183792114258,47.95000076293945,48.154998779296875,47.415000915527344,47.415000915527344,2096600
2005-12-09,44.55708694458008,49.34000015258789,49.435001373291016,48.07500076293945,48.07500076293945,3154200
2005-12-12,44.26359176635742,49.01499938964844,49.68000030517578,48.625,49.525001525878906,3007400
2005-12-13,43.965576171875,48.685001373291016,49.150001525878906,48.33000183105469,49.150001525878906,3485400
2005-12-14,43.843650817871094,48.54999923706055,49.21500015258789,48.38999938964844,48.75,2499800
2005-12-15,43.97911834716797,48.70000076293945,49.084999084472656,48.4900016784668,48.724998474121094,2284800
2005-12-16,43.61789321899414,48.29999923706055,49.13999938964844,48.290000915527344,48.92499923706055,2598600
2005-12-19,42.54776382446289,47.1150016784668,48.45000076293945,46.814998626708984,48.30500030517578,4364000
2005-12-20,43.207000732421875,47.845001220703125,48.345001220703125,47.099998474121094,47.2400016784668,3606600
2005-12-21,43.744319915771484,48.439998626708984,48.744998931884766,48.17499923706055,48.17499923706055,2814000
2005-12-22,43.5772590637207,48.255001068115234,48.82500076293945,48.13999938964844,48.415000915527344,2043200
2005-12-23,43.58176040649414,48.2599983215332,48.650001525878906,48.02000045776367,48.474998474121094,917800
2005-12-27,42.877384185791016,47.47999954223633,48.5,47.310001373291016,48.23500061035156,1507600
2005-12-28,43.34246826171875,47.994998931884766,48.16999816894531,47.375,47.494998931884766,1462800
2005-12-29,43.207000732421875,47.845001220703125,48.27000045776367,47.79999923706055,48.0,1389600
2005-12-30,42.58390426635742,47.154998779296875,47.665000915527344,47.099998474121094,47.5099983215332,2166400
2006-01-03,42.47100830078125,47.029998779296875,47.189998626708984,46.310001373291016,47.189998626708984,3443800
2006-01-04,42.633544921875,47.209999084472656,47.38999938964844,46.81999969482422,46.974998474121094,3332400
2006-01-05,42.18653106689453,46.71500015258789,47.57500076293945,46.595001220703125,47.099998474121094,2729200
2006-01-06,42.34910202026367,46.89500045776367,47.41999816894531,46.10499954223633,47.185001373291016,3941200
2006-01-09,42.096248626708984,46.6150016784668,47.33000183105469,46.56999969482422,46.98500061035156,3103000
2006-01-10,41.834354400634766,46.32500076293945,46.810001373291016,46.04499816894531,46.314998626708984,3771400
2006-01-11,40.877098083496094,45.26499938964844,46.435001373291016,45.25,46.20000076293945,4952400
2006-01-12,41.301544189453125,45.73500061035156,46.5932502746582,45.20000076293945,45.28499984741211,3352800
2006-01-13,40.61071014404297,44.970001220703125,45.43000030517578,44.375,45.275001525878906,4812600
2006-01-17,40.28108215332031,44.60499954223633,44.900001525878906,44.3849983215332,44.875,4561600
2006-01-18,41.51375961303711,45.970001220703125,46.619998931884766,45.5,46.04999923706055,5854800
2006-01-19,41.56343078613281,46.025001525878906,46.79999923706055,45.459999084472656,46.70000076293945,4789800
2006-01-20,40.430091857910156,44.77000045776367,45.900001525878906,44.76499938964844,45.8650016784668,4296800
2006-01-23,40.21786880493164,44.53499984741211,45.29624557495117,44.32500076293945,44.77000045776367,3680800
2006-01-24,41.120933532714844,45.53499984741211,45.599998474121094,44.83000183105469,44.849998474121094,3837400
2006-01-25,40.886146545410156,45.275001525878906,46.04999923706055,45.040000915527344,46.0,4425400
2006-01-26,41.05319595336914,45.459999084472656,45.92499923706055,45.14500045776367,45.57500076293945,3131800
2006-01-27,41.8524169921875,46.345001220703125,46.654998779296875,45.349998474121094,45.349998474121094,4890200
2006-01-30,42.13688659667969,46.65999984741211,47.099998474121094,46.630001068115234,46.775001525878906,3086400
2006-01-31,43.70820617675781,48.400001525878906,48.595001220703125,46.779998779296875,46.974998474121094,6076800
2006-02-01,43.97460174560547,48.69499969482422,49.0,48.0,48.0,5531800
2006-02-02,43.80754089355469,48.5099983215332,48.79999923706055,48.150001525878906,48.79999923706055,3646400
2006-02-03,44.39452362060547,49.15999984741211,49.26599884033203,48.005001068115234,48.25,4413800
2006-02-06,44.06943130493164,48.79999923706055,49.03499984741211,48.6150016784668,49.03499984741211,3349400
2006-02-07,43.631439208984375,48.314998626708984,49.36000061035156,48.314998626708984,48.92499923706055,3035600
2006-02-08,43.40116882324219,48.060001373291016,48.2599983215332,47.349998474121094,47.84000015258789,3594000
2006-02-09,44.8234748840332,49.6349983215332,50.85499954223633,49.314998626708984,49.54999923706055,6927600
2006-02-10,45.338233947753906,50.20500183105469,50.380001068115234,49.125,49.9900016784668,3417800
2006-02-13,44.927345275878906,49.75,49.974998474121094,49.45000076293945,49.96500015258789,2727000
2006-02-14,46.32707595825195,51.29999923706055,51.39500045776367,49.900001525878906,49.900001525878906,3572600
2006-02-15,46.28193283081055,51.25,51.32500076293945,50.73500061035156,51.04999923706055,3529000
2006-02-16,45.83041000366211,50.75,50.9900016784668,50.22999954223633,50.98500061035156,2977000
2006-02-17,45.94013214111328,50.871498107910156,50.871498107910156,50.625,50.724998474121094,2468200
2006-02-21,44.891212463378906,49.709999084472656,50.97999954223633,49.66999816894531,50.150001525878906,3867700
2006-02-22,46.68832015991211,51.70000076293945,51.88999938964844,50.11000061035156,50.11000061035156,3405000
2006-02-23,47.24821472167969,52.31999969482422,52.47999954223633,50.70000076293945,51.70000076293945,4088900
2006-02-24,47.11274719238281,52.16999816894531,52.470001220703125,51.65999984741211,52.470001220703125,2076500
2006-02-27,47.05855941772461,52.11000061035156,52.45000076293945,51.79999923706055,52.0099983215332,2236600
2006-02-28,46.0561637878418,51.0,52.060001373291016,50.9900016784668,52.0099983215332,2869100
2006-03-01,46.31805419921875,51.290000915527344,51.630001068115234,50.88800048828125,51.279998779296875,2750200
2006-03-02,45.559471130371094,50.45000076293945,51.4900016784668,50.38999938964844,51.27000045776367,2904300
2006-03-03,45.65882873535156,50.560001373291016,51.310001373291016,49.54999923706055,50.0099983215332,2578900
2006-03-06,44.213924407958984,48.959999084472656,50.45000076293945,48.84000015258789,50.2599983215332,2752500
2006-03-07,45.12599563598633,49.970001220703125,50.34000015258789,48.900001525878906,48.959999084472656,2478900
2006-03-08,45.983924865722656,50.91999816894531,50.91999816894531,50.119998931884766,50.119998931884766,2300600
2006-03-09,44.891212463378906,49.709999084472656,50.97999954223633,49.66999816894531,50.869998931884766,1817500
2006-03-10,46.001976013183594,50.939998626708984,51.18000030517578,49.7599983215332,49.97999954223633,2156000
2006-03-13,45.6497688293457,50.54999923706055,51.69160079956055,49.70000076293945,51.279998779296875,2905300
2006-03-14,46.0561637878418,51.0,51.290000915527344,49.869998931884766,50.0,2152400
2006-03-15,46.390289306640625,51.369998931884766,51.61000061035156,51.0099983215332,51.0099983215332,1869800
2006-03-16,46.390289306640625,51.369998931884766,51.65999984741211,51.0099983215332,51.380001068115234,1734800
2006-03-17,46.1103515625,51.060001373291016,51.939998626708984,50.900001525878906,51.689998626708984,1999000
2006-03-20,46.88697052001953,51.91999816894531,52.09000015258789,50.88999938964844,50.88999938964844,1934600
2006-03-21,45.541419982910156,50.43000030517578,51.970001220703125,50.220001220703125,51.599998474121094,1885800
2006-03-22,46.54381561279297,51.540000915527344,51.7400016784668,49.900001525878906,49.900001525878906,1846400
2006-03-23,45.6497688293457,50.54999923706055,51.40999984741211,50.02000045776367,51.36000061035156,2003200
2006-03-24,45.45112228393555,50.33000183105469,50.689998626708984,50.13999938964844,50.5,952800
2006-03-27,45.13504409790039,49.97999954223633,50.4900016784668,49.77000045776367,50.47999954223633,1394100
2006-03-28,44.34938049316406,49.11000061035156,50.189998626708984,48.90999984741211,49.709999084472656,2145600
2006-03-29,45.6497688293457,50.54999923706055,50.7400016784668,49.27000045776367,49.43000030517578,2375600
2006-03-30,45.14407730102539,49.9900016784668,51.16999816894531,49.849998474121094,50.29999923706055,1746300
2006-03-31,44.37647247314453,49.13999938964844,49.9900016784668,49.11000061035156,49.900001525878906,1837200
2006-04-03,44.53000259399414,49.310001373291016,50.02000045776367,49.029998779296875,49.400001525878906,2167700
2006-04-04,44.3583984375,49.119998931884766,49.43000030517578,48.209999084472656,49.220001220703125,3079900
2006-04-05,44.54804229736328,49.33000183105469,49.779998779296875,49.064998626708984,49.119998931884766,2043700
2006-04-06,43.23860549926758,47.880001068115234,49.279998779296875,46.79999923706055,48.869998931884766,3946700
2006-04-07,42.52519226074219,47.09000015258789,48.599998474121094,47.0,47.900001525878906,2159400
2006-04-10,42.498104095458984,47.060001373291016,47.09000015258789,45.2599983215332,47.09000015258789,4170000
2006-04-11,41.188655853271484,45.61000061035156,47.70000076293945,45.25,47.25,5177900
2006-04-12,42.38973617553711,46.939998626708984,47.4900016784668,46.11000061035156,46.150001525878906,3624400
2006-04-13,43.32893371582031,47.97999954223633,48.0099983215332,46.86000061035156,47.099998474121094,2726600
2006-04-17,42.89543151855469,47.5,47.9900016784668,47.17900085449219,47.97999954223633,1962300
2006-04-18,42.38973617553711,46.939998626708984,48.81999969482422,46.09000015258789,48.18000030517578,7022000
2006-04-19,41.24284744262695,45.66999816894531,47.11000061035156,44.5099983215332,46.720001220703125,7511500
2006-04-20,42.651615142822266,47.22999954223633,48.0,45.4900016784668,45.4900016784668,5448000
2006-04-21,42.53422164916992,47.099998474121094,47.900001525878906,46.790000915527344,47.66999816894531,2931900
2006-04-24,42.28135299682617,46.81999969482422,47.630001068115234,46.81999969482422,47.0,1994500
2006-04-25,41.60405731201172,46.06999969482422,47.279998779296875,45.880001068115234,46.68000030517578,2698200
2006-04-26,41.929168701171875,46.43000030517578,46.97999954223633,45.290000915527344,46.70000076293945,5401400
2006-04-27,33.41329574584961,37.0,42.86000061035156,34.83000183105469,42.86000061035156,54712600
2006-04-28,34.76789474487305,38.5,38.70000076293945,37.880001068115234,37.900001525878906,23224700
2006-05-01,35.89671325683594,39.75,40.06999969482422,38.54999923706055,38.77000045776367,16492200
2006-05-02,35.95992660522461,39.81999969482422,40.04999923706055,38.849998474121094,40.0,9760300
2006-05-03,33.611968994140625,37.220001220703125,39.0099983215332,36.900001525878906,39.0,18235900
2006-05-04,33.35007858276367,36.93000030517578,37.58000183105469,36.5,36.849998474121094,13282000
2006-05-05,34.30733108520508,37.9900016784668,38.029998779296875,37.15999984741211,37.2400016784668,6741700
2006-05-08,34.921409606933594,38.66999816894531,39.18989944458008,38.099998474121094,38.099998474121094,6730400
2006-05-09,34.135738372802734,37.79999923706055,38.95000076293945,37.7599983215332,38.43000030517578,5814200
2006-05-10,35.544525146484375,39.36000061035156,39.810001373291016,38.29999923706055,38.5,8748700
2006-05-11,35.860595703125,39.709999084472656,39.84000015258789,39.029998779296875,39.029998779296875,6088800
2006-05-12,35.770286560058594,39.61000061035156,39.959999084472656,39.54999923706055,39.689998626708984,4721700
2006-05-15,35.98701858520508,39.849998474121094,40.349998474121094,39.560001373291016,39.599998474121094,4161900
2006-05-16,36.99845886230469,40.970001220703125,41.130001068115234,39.52000045776367,40.150001525878906,5343800
2006-05-17,36.78171157836914,40.72999954223633,41.29999923706055,40.5,40.849998474121094,5111900
2006-05-18,36.40243148803711,40.310001373291016,41.0,40.150001525878906,41.0,3353600
2006-05-19,36.34824752807617,40.25,40.52000045776367,39.79999923706055,40.290000915527344,4959500
2006-05-22,36.00508117675781,39.869998931884766,40.2400016784668,39.099998474121094,39.70000076293945,4493600
2006-05-23,35.129112243652344,38.900001525878906,40.22999954223633,38.83000183105469,39.900001525878906,3599600
2006-05-24,34.29830551147461,37.97999954223633,38.72999954223633,37.91999816894531,38.650001525878906,7701700
2006-05-25,34.650489807128906,38.369998931884766,38.599998474121094,38.150001525878906,38.29999923706055,3878300
2006-05-26,34.686607360839844,38.40999984741211,39.08000183105469,38.150001525878906,38.54999923706055,2654600
2006-05-30,34.551143646240234,38.2599983215332,38.5,38.0,38.40999984741211,3520000
2006-05-31,34.73176956176758,38.459999084472656,39.130001068115234,38.15999984741211,38.25,3746300
2006-06-01,36.22182083129883,40.11000061035156,40.11000061035156,38.27000045776367,38.27000045776367,3919300
2006-06-02,36.637229919433594,40.56999969482422,40.97999954223633,40.04999923706055,40.11000061035156,3803300
2006-06-05,35.89671325683594,39.75,40.36000061035156,39.65999984741211,40.04999923706055,2787700
2006-06-06,35.68901443481445,39.52000045776367,40.5,39.099998474121094,40.0,2362400
2006-06-07,36.447593688964844,40.36000061035156,40.56999969482422,39.61000061035156,39.72999954223633,3861900
2006-06-08,36.82686996459961,40.779998779296875,40.95000076293945,40.22999954223633,40.40999984741211,5713200
2006-06-09,37.61252975463867,41.650001525878906,41.900001525878906,40.650001525878906,40.650001525878906,5196000
2006-06-12,35.98701858520508,39.849998474121094,42.150001525878906,39.68000030517578,41.79999923706055,5067000
2006-06-13,35.9147834777832,39.77000045776367,41.2599983215332,39.220001220703125,39.9900016784668,5785100
2006-06-14,35.36389923095703,39.15999984741211,39.959999084472656,38.779998779296875,39.439998626708984,3977800
2006-06-15,35.69804763793945,39.529998779296875,39.72999954223633,38.290000915527344,39.2400016784668,4867000
2006-06-16,35.4271240234375,39.22999954223633,39.540000915527344,38.880001068115234,38.880001068115234,4168900
2006-06-19,35.38197708129883,39.18000030517578,39.75,38.939998626708984,39.45000076293945,3062700
2006-06-20,35.219417572021484,39.0,39.349998474121094,38.79999923706055,39.130001068115234,3734700
2006-06-21,36.12248992919922,40.0,40.20000076293945,38.79999923706055,38.81999969482422,3033200
2006-06-22,36.34824752807617,40.25,40.59000015258789,39.720001220703125,39.88999938964844,3268200
2006-06-23,36.99845886230469,40.970001220703125,41.369998931884766,40.119998931884766,40.2599983215332,3027600
2006-06-26,37.57640838623047,41.61000061035156,41.849998474121094,40.83000183105469,40.97999954223633,3492600
2006-06-27,36.64626693725586,40.58000183105469,41.66999816894531,40.560001373291016,41.61000061035156,2413800
2006-06-28,35.55355453491211,39.369998931884766,40.90999984741211,37.75,40.459999084472656,8375200
2006-06-29,35.4361686706543,39.2400016784668,39.529998779296875,38.13999938964844,39.5,6792000
2006-06-30,36.05926513671875,39.93000030517578,40.5,38.849998474121094,39.349998474121094,5743500
2006-07-03,35.59870529174805,39.41999816894531,40.0,39.0099983215332,40.0,2295900
2006-07-05,35.138145446777344,38.90999984741211,39.400001525878906,38.75,39.130001068115234,2007000
2006-07-06,34.9484977722168,38.70000076293945,39.45000076293945,38.529998779296875,38.79999923706055,3504600
2006-07-07,35.263675689697266,39.04899978637695,39.04899978637695,38.75,38.75,3119200
2006-07-10,35.4271240234375,39.22999954223633,39.5,38.86000061035156,39.20000076293945,2906700
2006-07-11,36.15860366821289,40.040000915527344,40.31999969482422,39.099998474121094,39.150001525878906,4004000
2006-07-12,35.418094635009766,39.220001220703125,40.27000045776367,39.16999816894531,40.08000183105469,2873200
2006-07-13,34.76789474487305,38.5,39.130001068115234,38.2400016784668,39.0099983215332,3374200
2006-07-14,34.171871185302734,37.84000015258789,38.25,37.43000030517578,38.25,2971200
2006-07-17,34.171871185302734,37.84000015258789,38.470001220703125,37.79999923706055,37.9900016784668,1778600
2006-07-18,34.361507415771484,38.04999923706055,38.08000183105469,37.209999084472656,37.5099983215332,2991000
2006-07-19,36.04119873046875,39.90999984741211,40.349998474121094,38.61000061035156,38.75,5797300
2006-07-20,35.4451904296875,39.25,40.45000076293945,39.22999954223633,39.79999923706055,2291000
2006-07-21,35.228450775146484,39.0099983215332,39.529998779296875,38.58000183105469,39.04999923706055,3234200
2006-07-24,36.574012756347656,40.5,40.52000045776367,38.970001220703125,39.0099983215332,3805300
2006-07-25,37.26033401489258,41.2599983215332,41.59000015258789,39.65999984741211,39.70000076293945,4514700
2006-07-26,36.08635330200195,39.959999084472656,41.557098388671875,39.650001525878906,41.540000915527344,5024000
2006-07-27,30.026817321777344,33.25,33.37200164794922,31.010000228881836,32.459999084472656,35086800
2006-07-28,29.05150604248047,32.16999816894531,33.70000076293945,32.0,33.70000076293945,16000500
2006-07-31,28.437423706054688,31.489999771118164,33.2400016784668,31.489999771118164,32.66999816894531,14435900
2006-08-01,27.985898971557617,30.989999771118164,31.450000762939453,30.940000534057617,31.25,10491600
2006-08-02,29.34048843383789,32.4900016784668,32.4900016784668,31.489999771118164,32.0,14886500
2006-08-03,29.367576599121094,32.52000045776367,32.779998779296875,32.04999923706055,32.4900016784668,8136700
2006-08-04,30.162267684936523,33.400001525878906,33.52000045776367,32.88999938964844,33.0,9017200
2006-08-07,30.198392868041992,33.439998626708984,33.810001373291016,32.970001220703125,33.04999923706055,4148600
2006-08-08,30.74925422668457,34.04999923706055,34.290000915527344,33.68000030517578,33.7400016784668,6749000
2006-08-09,31.29110336303711,34.650001525878906,35.04999923706055,34.25,34.400001525878906,7912300
2006-08-10,31.941303253173828,35.369998931884766,35.400001525878906,34.18000030517578,34.20000076293945,5267000
2006-08-11,31.97742462158203,35.40999984741211,35.40999984741211,34.790000915527344,35.369998931884766,4320000
2006-08-14,32.139984130859375,35.59000015258789,35.599998474121094,35.150001525878906,35.25,4702100
2006-08-15,31.796815872192383,35.209999084472656,35.939998626708984,35.099998474121094,35.900001525878906,4835800
2006-08-16,32.17610549926758,35.630001068115234,35.70000076293945,35.15999984741211,35.29999923706055,4336100
2006-08-17,32.69084548950195,36.20000076293945,36.41999816894531,35.36000061035156,35.630001068115234,3600300
2006-08-18,33.04304122924805,36.59000015258789,36.630001068115234,36.13999938964844,36.25,2672300
2006-08-21,32.78115463256836,36.29999923706055,37.599998474121094,36.130001068115234,37.349998474121094,9597400
2006-08-22,32.871456146240234,36.400001525878906,36.65999984741211,36.220001220703125,36.400001525878906,5482400
2006-08-23,32.8533935546875,36.380001068115234,36.599998474121094,36.04999923706055,36.25,4676700
2006-08-24,34.00931930541992,37.65999984741211,37.849998474121094,35.70000076293945,35.70000076293945,4940000
2006-08-25,33.7835578918457,37.40999984741211,37.650001525878906,37.0099983215332,37.650001525878906,3395500
2006-08-28,34.018348693847656,37.66999816894531,37.880001068115234,37.060001373291016,37.41999816894531,2277500
2006-08-29,33.991249084472656,37.63999938964844,37.939998626708984,37.52000045776367,37.52000045776367,2640600
2006-08-30,34.31634521484375,38.0,38.349998474121094,37.63999938964844,37.650001525878906,4439400
2006-08-31,33.657127380371094,37.27000045776367,37.79999923706055,36.70000076293945,37.599998474121094,5623100
2006-09-01,33.223655700683594,36.790000915527344,37.290000915527344,36.66999816894531,36.95000076293945,3614100
2006-09-05,32.654720306396484,36.15999984741211,36.849998474121094,36.08000183105469,36.790000915527344,4709100
2006-09-06,32.546356201171875,36.040000915527344,36.560001373291016,35.650001525878906,36.0,3168000
2006-09-07,32.14900588989258,35.599998474121094,35.869998931884766,35.06999969482422,35.849998474121094,3023600
2006-09-08,32.96176528930664,36.5,36.650001525878906,35.5,36.38999938964844,1970300
2006-09-11,34.704681396484375,38.43000030517578,39.09000015258789,36.0,36.060001373291016,7398800
2006-09-12,35.72513961791992,39.560001373291016,39.84000015258789,38.77000045776367,38.88999938964844,5159400
2006-09-13,35.616756439208984,39.439998626708984,39.9900016784668,39.36000061035156,39.88999938964844,2666100
2006-09-14,35.95992660522461,39.81999969482422,39.95000076293945,39.06999969482422,39.189998626708984,2315000
2006-09-15,35.409061431884766,39.209999084472656,40.099998474121094,38.95000076293945,40.040000915527344,5306400
2006-09-18,34.67757797241211,38.400001525878906,39.08000183105469,38.150001525878906,38.560001373291016,4818300
2006-09-19,34.82207107543945,38.560001373291016,39.14550018310547,38.5,39.0,3591200
2006-09-20,35.19233703613281,38.970001220703125,39.060001373291016,38.279998779296875,38.86000061035156,3518200
2006-09-21,34.894317626953125,38.63999938964844,39.15999984741211,38.29999923706055,38.97999954223633,3101400
2006-09-22,34.60533905029297,38.31999969482422,38.939998626708984,38.02000045776367,38.650001525878906,2353300
2006-09-25,35.580650329589844,39.400001525878906,39.540000915527344,38.56999969482422,38.70000076293945,3336100
2006-09-26,35.4451904296875,39.25,39.5,39.09000015258789,39.400001525878906,3640200
2006-09-27,34.876258850097656,38.619998931884766,39.54999923706055,38.529998779296875,39.38999938964844,3336500
2006-09-28,35.11104965209961,38.880001068115234,38.9900016784668,38.560001373291016,38.869998931884766,2660400
2006-09-29,35.716087341308594,39.54999923706055,39.63999938964844,38.880001068115234,39.029998779296875,3478700
2006-10-02,35.300697326660156,39.09000015258789,39.75,38.75,39.36000061035156,2611900
2006-10-03,35.97798538208008,39.84000015258789,39.95000076293945,39.25,39.36000061035156,2871300
2006-10-04,36.49274444580078,40.40999984741211,40.40999984741211,39.5,39.84000015258789,2624200
2006-10-05,37.170021057128906,41.15999984741211,41.25,40.04999923706055,40.40999984741211,3050600
2006-10-06,36.41146469116211,40.31999969482422,41.209999084472656,40.16999816894531,41.15999984741211,2558200
2006-10-09,36.366302490234375,40.27000045776367,40.4900016784668,39.77000045776367,40.31999969482422,1285600
2006-10-10,35.95992660522461,39.81999969482422,40.400001525878906,39.54999923706055,40.400001525878906,2020400
2006-10-11,36.077327728271484,39.95000076293945,40.150001525878906,39.689998626708984,39.75,2365000
2006-10-12,36.3211669921875,40.220001220703125,40.47999954223633,39.82099914550781,40.25,1585100
2006-10-13,35.4813117980957,39.290000915527344,40.279998779296875,38.9900016784668,40.279998779296875,3487100
2006-10-16,36.032188415527344,39.900001525878906,39.900001525878906,39.29999923706055,39.29999923706055,2879100
2006-10-17,35.78834915161133,39.630001068115234,39.84000015258789,39.481201171875,39.70000076293945,2587600
2006-10-18,35.97798538208008,39.84000015258789,40.0099983215332,39.56999969482422,39.880001068115234,2273000
2006-10-19,36.04119873046875,39.90999984741211,40.41999816894531,39.77000045776367,40.0,2727600
2006-10-20,36.420494079589844,40.33000183105469,40.41999816894531,39.869998931884766,39.90999984741211,2887000
2006-10-23,35.97798538208008,39.84000015258789,40.47999954223633,39.63999938964844,40.33000183105469,2517000
2006-10-24,35.716087341308594,39.54999923706055,40.08000183105469,39.380001068115234,39.83000183105469,2565600
2006-10-25,34.79497528076172,38.529998779296875,39.459999084472656,38.220001220703125,39.16999816894531,5668200
2006-10-26,37.377742767333984,41.38999938964844,42.72999954223633,40.900001525878906,41.599998474121094,12787500
2006-10-27,37.54931640625,41.58000183105469,41.93000030517578,41.20000076293945,41.38999938964844,4600700
2006-10-30,36.7636604309082,40.709999084472656,41.650001525878906,40.599998474121094,41.58000183105469,3693500
2006-10-31,37.22422409057617,41.220001220703125,41.290000915527344,40.56999969482422,40.75,4253500
2006-11-01,36.31211471557617,40.209999084472656,41.95000076293945,39.849998474121094,41.61000061035156,4189200
2006-11-02,37.32355880737305,41.33000183105469,41.4900016784668,40.20000076293945,40.209999084472656,3592500
2006-11-03,36.61014175415039,40.540000915527344,41.38999938964844,40.25,41.33000183105469,3681900
2006-11-06,37.53125762939453,41.560001373291016,41.81999969482422,40.400001525878906,40.41999816894531,3618000
2006-11-07,37.26033401489258,41.2599983215332,41.560001373291016,40.91299819946289,41.2400016784668,3483300
2006-11-08,36.43854904174805,40.349998474121094,40.61000061035156,39.45000076293945,40.0,4579200
2006-11-09,35.28262710571289,39.06999969482422,40.54999923706055,38.880001068115234,40.349998474121094,4642200
2006-11-10,36.33922576904297,40.2400016784668,40.369998931884766,39.30500030517578,39.54999923706055,5383600
2006-11-13,36.84544372558594,40.7599983215332,40.81999969482422,39.939998626708984,40.0,2625800
2006-11-14,36.8816032409668,40.79999923706055,41.09000015258789,40.58000183105469,40.63999938964844,2468600
2006-11-15,37.460113525390625,41.439998626708984,41.75,40.79999923706055,41.0,3699600
2006-11-16,37.44203567504883,41.41999816894531,41.75,41.40999984741211,41.470001220703125,1834200
2006-11-17,37.30646514892578,41.27000045776367,41.380001068115234,40.59000015258789,41.2599983215332,2333800
2006-11-20,37.37876510620117,41.349998474121094,41.529998779296875,41.02000045776367,41.029998779296875,2350200
2006-11-21,37.15278625488281,41.099998474121094,42.150001525878906,40.97999954223633,41.58000183105469,3691300
2006-11-22,37.34260559082031,41.310001373291016,41.540000915527344,40.900001525878906,41.36000061035156,2699600
2006-11-24,37.47820281982422,41.459999084472656,42.439998626708984,41.099998474121094,41.16999816894531,2419500
2006-11-27,37.523406982421875,41.5099983215332,42.040000915527344,41.209999084472656,41.45000076293945,3199100
2006-11-28,37.42396545410156,41.400001525878906,41.790000915527344,41.040000915527344,41.56999969482422,2692700
2006-11-29,36.81831359863281,40.72999954223633,41.4900016784668,40.52000045776367,41.31999969482422,3437500
2006-11-30,37.34260559082031,41.310001373291016,41.869998931884766,40.689998626708984,40.72999954223633,5369600
2006-12-01,37.36973190307617,41.34000015258789,41.83000183105469,41.0099983215332,41.529998779296875,2582200
2006-12-04,38.21042251586914,42.27000045776367,42.33000183105469,41.599998474121094,41.70000076293945,3443600
2006-12-05,38.201377868652344,42.2599983215332,42.57820129394531,41.93000030517578,42.25,2074600
2006-12-06,38.36408996582031,42.439998626708984,43.0,41.959999084472656,42.2599983215332,2691100
2006-12-07,38.58102798461914,42.68000030517578,43.0,42.45000076293945,42.61000061035156,1956200
2006-12-08,38.309852600097656,42.380001068115234,42.790000915527344,42.150001525878906,42.599998474121094,2070200
2006-12-11,38.879337310791016,43.0099983215332,43.20000076293945,42.38999938964844,42.38999938964844,2859500
2006-12-12,39.03301239013672,43.18000030517578,43.31999969482422,42.779998779296875,43.0099983215332,3360100
2006-12-13,38.590084075927734,42.689998626708984,43.4900016784668,42.63999938964844,43.349998474121094,2101600
2006-12-14,38.50871658325195,42.599998474121094,43.13999938964844,42.529998779296875,42.79999923706055,2335700
2006-12-15,39.05110168457031,43.20000076293945,43.54999923706055,42.459999084472656,42.84000015258789,5810100
2006-12-18,39.13245391845703,43.290000915527344,43.310001373291016,42.959999084472656,43.119998931884766,2311800
2006-12-19,38.85222244262695,42.97999954223633,43.2599983215332,42.90999984741211,43.119998931884766,2999400
2006-12-20,39.331329345703125,43.5099983215332,43.720001220703125,43.099998474121094,43.15999984741211,2717900
2006-12-21,39.322288513183594,43.5,43.689998626708984,43.47999954223633,43.59000015258789,1971000
2006-12-22,39.11437225341797,43.27000045776367,43.59000015258789,43.0,43.59000015258789,1197800
2006-12-26,39.448848724365234,43.63999938964844,43.70000076293945,43.150001525878906,43.27000045776367,1296200
2006-12-27,39.51211929321289,43.709999084472656,43.900001525878906,43.630001068115234,43.70000076293945,1839200
2006-12-28,39.259010314941406,43.43000030517578,43.689998626708984,43.29999923706055,43.599998474121094,2025700
2006-12-29,39.03301239013672,43.18000030517578,43.58000183105469,43.18000030517578,43.43000030517578,1289500
2007-01-03,38.76182174682617,42.880001068115234,43.61000061035156,42.5,43.29999923706055,2789700
2007-01-04,38.0748405456543,42.119998931884766,42.880001068115234,42.09000015258789,42.880001068115234,3196700
2007-01-05,37.42396545410156,41.400001525878906,42.099998474121094,41.11000061035156,41.650001525878906,4805400
2007-01-08,37.54148864746094,41.529998779296875,41.59000015258789,41.0,41.349998474121094,3053000
2007-01-09,36.962947845458984,40.88999938964844,41.75,40.7599983215332,41.70000076293945,3116000
2007-01-10,37.0623779296875,41.0,41.119998931884766,40.310001373291016,40.66999816894531,2950300
2007-01-11,38.26465606689453,42.33000183105469,42.459999084472656,41.0,41.099998474121094,3231900
2007-01-12,38.28273391723633,42.349998474121094,42.5,41.900001525878906,42.290000915527344,2459600
2007-01-16,38.58102798461914,42.68000030517578,42.9900016784668,42.349998474121094,42.36000061035156,2450900
2007-01-17,38.21042251586914,42.27000045776367,42.56999969482422,42.150001525878906,42.36000061035156,2805100
2007-01-18,37.812679290771484,41.83000183105469,42.25,41.369998931884766,41.650001525878906,2175900
2007-01-19,37.86691665649414,41.88999938964844,42.11000061035156,41.650001525878906,41.84000015258789,2183600
2007-01-22,37.77651596069336,41.790000915527344,42.41999816894531,41.630001068115234,41.900001525878906,2204700
2007-01-23,38.129066467285156,42.18000030517578,42.25,41.5,41.849998474121094,2323500
2007-01-24,37.731327056884766,41.7400016784668,42.13999938964844,41.43000030517578,42.13999938964844,3649400
2007-01-25,37.15278625488281,41.099998474121094,41.79999923706055,41.06999969482422,41.7400016784668,2322500
2007-01-26,37.03526306152344,40.970001220703125,41.25,40.81999969482422,41.099998474121094,2064500
2007-01-29,37.10759353637695,41.04999923706055,41.58000183105469,40.83000183105469,41.08000183105469,2103900
2007-01-30,37.713233947753906,41.720001220703125,41.7400016784668,41.08000183105469,41.25,2252700
2007-01-31,38.110984802246094,42.15999984741211,42.27000045776367,41.599998474121094,41.79999923706055,2292200
2007-02-01,38.219459533691406,42.279998779296875,42.5,41.849998474121094,42.15999984741211,1842700
2007-02-02,38.43641662597656,42.52000045776367,42.72999954223633,41.88999938964844,42.279998779296875,2088100
2007-02-05,38.770870208740234,42.88999938964844,44.29999923706055,42.400001525878906,42.470001220703125,4765800
2007-02-06,39.36748123168945,43.54999923706055,43.70000076293945,42.810001373291016,43.400001525878906,3120600
2007-02-07,39.774261474609375,44.0,44.31999969482422,43.75,44.0,5401600
2007-02-08,38.80702209472656,42.93000030517578,43.400001525878906,42.06999969482422,43.31999969482422,6067300
2007-02-09,38.48160934448242,42.56999969482422,43.45000076293945,42.099998474121094,43.380001068115234,3557300
2007-02-12,38.87030029296875,43.0,43.06999969482422,42.52000045776367,42.599998474121094,2251527
2007-02-13,39.259010314941406,43.43000030517578,43.61000061035156,42.900001525878906,43.0,2702705
2007-02-14,39.448848724365234,43.63999938964844,43.79999923706055,42.599998474121094,42.599998474121094,3523317
2007-02-15,40.71438980102539,45.040000915527344,45.18000030517578,43.470001220703125,43.5099983215332,5790400
2007-02-16,41.229637145996094,45.61000061035156,45.66999816894531,44.54999923706055,44.79999923706055,8088400
2007-02-20,41.87145233154297,46.31999969482422,46.599998474121094,45.380001068115234,45.41999816894531,5474800
2007-02-21,41.42850875854492,45.83000183105469,46.27000045776367,45.560001373291016,46.150001525878906,3470400
2007-02-22,41.69970703125,46.130001068115234,46.2599983215332,45.439998626708984,45.83000183105469,3430300
2007-02-23,41.636417388916016,46.060001373291016,46.22999954223633,45.66999816894531,46.06999969482422,3093700
2007-02-26,41.455631256103516,45.86000061035156,46.150001525878906,45.38999938964844,46.060001373291016,2389812
2007-02-27,40.027374267578125,44.279998779296875,45.650001525878906,43.4900016784668,45.5,3722600
2007-02-28,39.973140716552734,44.220001220703125,44.7400016784668,43.95000076293945,44.16999816894531,3487200
2007-03-01,40.542640686035156,44.849998474121094,44.970001220703125,43.290000915527344,43.630001068115234,3510827
2007-03-02,39.96409606933594,44.209999084472656,45.75,44.209999084472656,44.849998474121094,3183500
2007-03-05,39.27709197998047,43.45000076293945,44.119998931884766,43.400001525878906,43.849998474121094,2375216
2007-03-06,40.18104934692383,44.45000076293945,44.720001220703125,43.54999923706055,43.65999984741211,3727650
2007-03-07,40.036415100097656,44.290000915527344,44.599998474121094,44.0,44.27000045776367,2194150
2007-03-08,39.810428619384766,44.040000915527344,44.689998626708984,43.849998474121094,44.54999923706055,3283100
2007-03-09,39.539241790771484,43.7400016784668,44.72999954223633,43.599998474121094,44.54999923706055,1984692
2007-03-12,39.27709197998047,43.45000076293945,44.20000076293945,43.31999969482422,43.9900016784668,3063500
2007-03-13,38.68950271606445,42.79999923706055,43.650001525878906,42.7400016784668,43.349998474121094,2928331
2007-03-14,38.40928268432617,42.4900016784668,43.18000030517578,42.04999923706055,43.02000045776367,3562250
2007-03-15,38.5720100402832,42.66999816894531,42.869998931884766,42.310001373291016,42.5099983215332,3745950
2007-03-16,39.04205322265625,43.189998626708984,43.709999084472656,42.5,42.900001525878906,5417400
2007-03-19,39.74715805053711,43.970001220703125,43.970001220703125,43.54999923706055,43.54999923706055,2368500
2007-03-20,39.946014404296875,44.189998626708984,44.369998931884766,43.40999984741211,43.93000030517578,3106392
2007-03-21,41.184444427490234,45.560001373291016,45.560001373291016,44.0,44.119998931884766,5257255
2007-03-22,41.24772644042969,45.630001068115234,46.099998474121094,45.349998474121094,45.540000915527344,3455429
2007-03-23,40.8590202331543,45.20000076293945,46.33000183105469,45.20000076293945,46.33000183105469,2444655
2007-03-26,40.78670120239258,45.119998931884766,45.29999923706055,44.75,45.15999984741211,2126100
2007-03-27,40.42512512207031,44.720001220703125,45.20000076293945,44.18000030517578,45.150001525878906,3261800
2007-03-28,39.891780853271484,44.130001068115234,44.599998474121094,44.0,44.599998474121094,2310150
2007-03-29,39.27709197998047,43.45000076293945,44.099998474121094,43.099998474121094,44.04999923706055,3851900
2007-03-30,39.584434509277344,43.790000915527344,44.060001373291016,43.31999969482422,43.529998779296875,2285662
2007-04-02,39.584434509277344,43.790000915527344,44.29999923706055,43.52000045776367,43.7400016784668,2350300
2007-04-03,40.524566650390625,44.83000183105469,45.18000030517578,44.58000183105469,44.59000015258789,2278700
2007-04-04,40.334712982177734,44.619998931884766,44.90999984741211,44.459999084472656,44.650001525878906,1830600
2007-04-05,40.67822265625,45.0,45.279998779296875,44.400001525878906,44.619998931884766,1436689
2007-04-09,40.95846176147461,45.310001373291016,45.47999954223633,44.90999984741211,45.459999084472656,1382000
2007-04-10,40.74150466918945,45.06999969482422,45.310001373291016,44.959999084472656,45.20000076293945,1119550
2007-04-11,40.12681579589844,44.38999938964844,45.099998474121094,44.06999969482422,44.97999954223633,1985700
2007-04-12,40.162967681884766,44.43000030517578,44.599998474121094,44.06999969482422,44.25,1618985
2007-04-13,40.334712982177734,44.619998931884766,44.720001220703125,44.20000076293945,44.599998474121094,1729125
2007-04-16,41.00364685058594,45.36000061035156,46.0,44.66999816894531,45.2400016784668,2408757
2007-04-17,41.06693649291992,45.43000030517578,46.15999984741211,45.33000183105469,45.849998474121094,2594343
2007-04-18,41.43756103515625,45.84000015258789,45.970001220703125,45.0,45.27000045776367,2761706
2007-04-19,40.705352783203125,45.029998779296875,45.400001525878906,44.31999969482422,44.630001068115234,3890642
2007-04-20,40.55167770385742,44.86000061035156,45.79999923706055,44.86000061035156,45.79999923706055,4448860
2007-04-23,40.51551818847656,44.81999969482422,45.060001373291016,44.400001525878906,44.79999923706055,2801741
2007-04-24,41.184444427490234,45.560001373291016,45.90999984741211,44.31999969482422,44.31999969482422,2805800
2007-04-25,40.67822265625,45.0,45.34000015258789,44.119998931884766,44.45000076293945,5032557
2007-04-26,42.685020446777344,47.220001220703125,47.88999938964844,46.650001525878906,47.189998626708984,7489700
2007-04-27,42.54037094116211,47.060001373291016,47.2400016784668,46.68000030517578,46.81999969482422,2620443
2007-04-30,42.377662658691406,46.880001068115234,47.5,46.83000183105469,47.310001373291016,3862301
2007-05-01,43.164119720458984,47.75,47.939998626708984,46.93000030517578,47.029998779296875,4048540
2007-05-02,43.634185791015625,48.27000045776367,48.87080001831055,47.70000076293945,47.849998474121094,3995602
2007-05-03,43.49858474731445,48.119998931884766,48.58000183105469,47.970001220703125,48.4900016784668,2736798
2007-05-04,44.040950775146484,48.720001220703125,49.09000015258789,48.36000061035156,48.439998626708984,2770114
2007-05-07,45.19803237915039,50.0,50.0,49.02000045776367,49.290000915527344,4148836
2007-05-08,45.152828216552734,49.95000076293945,49.9900016784668,49.540000915527344,49.95000076293945,3669100
2007-05-09,45.351707458496094,50.16999816894531,50.41999816894531,49.650001525878906,49.95000076293945,5219300
2007-05-10,44.93587875366211,49.709999084472656,50.25,49.709999084472656,49.88999938964844,3503345
2007-05-11,45.188987731933594,49.9900016784668,50.040000915527344,49.560001373291016,49.689998626708984,3675159
2007-05-14,44.99916458129883,49.779998779296875,50.380001068115234,49.75,49.900001525878906,3038761
2007-05-15,45.460174560546875,50.290000915527344,50.5,49.779998779296875,49.779998779296875,3086500
2007-05-16,47.060176849365234,52.060001373291016,52.11000061035156,50.38999938964844,50.5,5169861
2007-05-17,47.51216506958008,52.560001373291016,52.72999954223633,51.720001220703125,51.9900016784668,3970408
2007-05-18,47.26810073852539,52.290000915527344,53.0,51.90999984741211,52.650001525878906,4080027
2007-05-21,47.34946823120117,52.380001068115234,52.599998474121094,51.90999984741211,52.599998474121094,3396967
2007-05-22,47.33137130737305,52.36000061035156,52.79999923706055,52.20000076293945,52.349998474121094,1750500
2007-05-23,46.915550231933594,51.900001525878906,52.630001068115234,51.900001525878906,52.560001373291016,1631637
2007-05-24,46.64436340332031,51.599998474121094,52.63999938964844,51.54999923706055,52.380001068115234,2711339
2007-05-25,47.38561248779297,52.41999816894531,52.599998474121094,51.529998779296875,51.599998474121094,1924657
2007-05-29,47.810482025146484,52.88999938964844,52.9900016784668,51.880001068115234,52.150001525878906,2866580
2007-05-30,47.96416091918945,53.060001373291016,53.16999816894531,52.2599983215332,52.54999923706055,2603300
2007-05-31,47.84664535522461,52.93000030517578,53.43000030517578,52.779998779296875,53.290000915527344,2830600
2007-06-01,48.15397644042969,53.27000045776367,53.31999969482422,52.90999984741211,53.220001220703125,2526900
2007-06-04,47.765281677246094,52.84000015258789,53.36000061035156,52.7400016784668,53.0,2849100
2007-06-05,47.34946823120117,52.380001068115234,52.880001068115234,52.189998626708984,52.540000915527344,3286900
2007-06-06,46.39126205444336,51.31999969482422,52.33000183105469,51.11000061035156,52.29999923706055,3566144
2007-06-07,46.463565826416016,51.400001525878906,52.060001373291016,50.70000076293945,50.95000076293945,4595151
2007-06-08,47.23194122314453,52.25,52.27000045776367,51.380001068115234,51.400001525878906,2499961
2007-06-11,47.26810073852539,52.290000915527344,52.939998626708984,51.880001068115234,52.56999969482422,1769900
2007-06-12,46.79803466796875,51.77000045776367,52.2400016784668,51.7400016784668,52.15999984741211,2479986
2007-06-13,46.4997444152832,51.439998626708984,52.06999969482422,50.97999954223633,51.95000076293945,2866331
2007-06-14,45.73134994506836,50.59000015258789,51.4900016784668,50.560001373291016,51.2400016784668,3048339
2007-06-15,45.40593338012695,50.22999954223633,50.95000076293945,50.0099983215332,50.599998474121094,4443000
2007-06-18,45.650001525878906,50.5,50.790000915527344,50.29999923706055,50.43000030517578,3738097
2007-06-19,45.74945068359375,50.61000061035156,50.689998626708984,50.060001373291016,50.5099983215332,2688500
2007-06-20,44.72796630859375,49.47999954223633,50.83000183105469,49.439998626708984,50.65999984741211,2979800
2007-06-21,44.628536224365234,49.369998931884766,49.7400016784668,49.119998931884766,49.47999954223633,2498500
2007-06-22,44.39352035522461,49.11000061035156,49.810001373291016,48.529998779296875,49.290000915527344,4613800
2007-06-25,43.84209442138672,48.5,49.349998474121094,48.41999816894531,49.0,2939200
2007-06-26,44.70989227294922,49.459999084472656,49.65999984741211,48.619998931884766,48.619998931884766,2912510
2007-06-27,45.28843688964844,50.099998474121094,50.099998474121094,49.11000061035156,49.220001220703125,2423400
2007-06-28,45.06242752075195,49.849998474121094,50.220001220703125,49.7599983215332,50.04999923706055,2332418
2007-06-29,44.6556510925293,49.400001525878906,50.459999084472656,49.02000045776367,50.0,1822203
2007-07-02,45.59576416015625,50.439998626708984,50.540000915527344,49.400001525878906,49.400001525878906,1981721
2007-07-03,45.21610641479492,50.02000045776367,50.439998626708984,49.91999816894531,50.369998931884766,1028500
2007-07-05,45.60481262207031,50.45000076293945,50.65999984741211,49.630001068115234,49.93000030517578,2543500
2007-07-06,46.174312591552734,51.08000183105469,51.34000015258789,50.27000045776367,50.43000030517578,2070584
2007-07-09,45.97543716430664,50.86000061035156,51.400001525878906,50.369998931884766,51.2400016784668,1500500
2007-07-10,45.622886657714844,50.470001220703125,51.45000076293945,50.41999816894531,50.56999969482422,2520000
2007-07-11,45.55057144165039,50.38999938964844,50.79999923706055,50.02000045776367,50.310001373291016,1869600
2007-07-12,46.761878967285156,51.72999954223633,51.75,50.38999938964844,50.689998626708984,2462800
2007-07-13,46.02063751220703,50.90999984741211,51.91999816894531,50.90999984741211,51.91999816894531,1652300
2007-07-16,45.207069396972656,50.0099983215332,50.709999084472656,49.91999816894531,50.33000183105469,2831200
2007-07-17,45.143795013427734,49.939998626708984,50.58000183105469,49.70000076293945,50.04499816894531,1776162
2007-07-18,46.10199737548828,51.0,51.099998474121094,50.0099983215332,50.4900016784668,4048546
2007-07-19,45.56864547729492,50.40999984741211,50.939998626708984,50.20000076293945,50.75,3063800
2007-07-20,44.899723052978516,49.66999816894531,50.45000076293945,49.529998779296875,49.529998779296875,2791000
2007-07-23,46.19239044189453,51.099998474121094,51.33000183105469,50.099998474121094,50.33000183105469,2926692
2007-07-24,45.86696243286133,50.7400016784668,51.38999938964844,50.59000015258789,50.70000076293945,3034769
2007-07-25,45.78560256958008,50.650001525878906,50.91999816894531,49.36000061035156,50.5,4371736
2007-07-26,45.06242752075195,49.849998474121094,51.9900016784668,49.41999816894531,51.650001525878906,6084108
2007-07-27,43.97768020629883,48.650001525878906,50.45000076293945,48.650001525878906,50.0,4019800
2007-07-30,44.456783294677734,49.18000030517578,49.410099029541016,48.209999084472656,48.75,3946300
2007-07-31,43.4533805847168,48.06999969482422,49.5,47.970001220703125,49.18000030517578,4352400
2007-08-01,44.17655563354492,48.869998931884766,49.0,47.290000915527344,47.5099983215332,5927841
2007-08-02,45.83985137939453,50.709999084472656,50.79999923706055,48.97999954223633,49.279998779296875,5548700
2007-08-03,44.57430648803711,49.310001373291016,50.7400016784668,49.02000045776367,50.400001525878906,4875300
2007-08-06,45.39689636230469,50.220001220703125,50.220001220703125,49.52000045776367,49.52000045776367,4118800
2007-08-07,44.800296783447266,49.560001373291016,50.2400016784668,48.93000030517578,49.560001373291016,3389000
2007-08-08,43.805931091308594,48.459999084472656,49.45000076293945,47.349998474121094,48.68000030517578,5168200
2007-08-09,42.440956115722656,46.95000076293945,48.560001373291016,46.89400100708008,47.9900016784668,7019000
2007-08-10,44.01383590698242,48.689998626708984,49.0,46.599998474121094,47.060001373291016,5443000
2007-08-13,43.787845611572266,48.439998626708984,49.70000076293945,48.290000915527344,48.70000076293945,4571400
2007-08-14,42.53134536743164,47.04999923706055,48.720001220703125,47.029998779296875,48.369998931884766,4266100
2007-08-15,42.61270523071289,47.13999938964844,48.040000915527344,46.20000076293945,46.20000076293945,5423007
2007-08-16,44.16752243041992,48.86000061035156,50.599998474121094,46.4900016784668,46.95000076293945,6576800
2007-08-17,44.330230712890625,49.040000915527344,49.97999954223633,39.02000045776367,49.779998779296875,4740600
2007-08-20,44.077125549316406,48.7599983215332,49.619998931884766,48.150001525878906,48.16999816894531,2527300
2007-08-21,44.01383590698242,48.689998626708984,49.130001068115234,48.459999084472656,48.61000061035156,2807600
2007-08-22,44.8274040222168,49.59000015258789,49.83000183105469,48.95000076293945,49.0,2538500
2007-08-23,44.664695739746094,49.40999984741211,50.0,49.33000183105469,49.95000076293945,2905400
2007-08-24,45.279388427734375,50.09000015258789,50.189998626708984,49.209999084472656,49.40999984741211,2330600
2007-08-27,45.19803237915039,50.0,50.22999954223633,49.68000030517578,49.70000076293945,2854450
2007-08-28,44.809326171875,49.56999969482422,50.4900016784668,49.459999084472656,50.0099983215332,2995700
2007-08-29,45.650001525878906,50.5,50.61000061035156,49.619998931884766,49.7400016784668,2133400
2007-08-30,45.622886657714844,50.470001220703125,50.939998626708984,49.86000061035156,50.15999984741211,1998900
2007-08-31,46.02063751220703,50.90999984741211,51.349998474121094,50.18000030517578,50.869998931884766,2164000
2007-09-04,46.23759460449219,51.150001525878906,51.720001220703125,50.790000915527344,50.97999954223633,2676900
2007-09-05,45.70425033569336,50.560001373291016,51.310001373291016,50.400001525878906,50.900001525878906,2988600
2007-09-06,46.30085754394531,51.220001220703125,51.380001068115234,50.5,50.54999923706055,3170600
2007-09-07,45.41496658325195,50.2400016784668,51.400001525878906,49.93000030517578,51.150001525878906,3243100
2007-09-10,45.16187286376953,49.959999084472656,50.630001068115234,49.5,50.54999923706055,1949400
2007-09-11,45.324588775634766,50.13999938964844,50.439998626708984,49.58000183105469,50.439998626708984,2050800
2007-09-12,45.505367279052734,50.34000015258789,50.97999954223633,49.95000076293945,50.0,2675300
2007-09-13,46.10199737548828,51.0,51.189998626708984,50.34000015258789,50.779998779296875,2323200
2007-09-14,46.53589630126953,51.47999954223633,51.75,50.70000076293945,50.91999816894531,3113482
2007-09-17,46.82516098022461,51.79999923706055,51.93000030517578,51.220001220703125,51.27000045776367,2773700
2007-09-18,48.651161193847656,53.81999969482422,54.400001525878906,51.849998474121094,51.97999954223633,6689100
2007-09-19,48.01838302612305,53.119998931884766,54.70000076293945,52.93000030517578,54.150001525878906,3829000
2007-09-20,47.25905990600586,52.279998779296875,53.72999954223633,52.060001373291016,52.91999816894531,3280100
2007-09-21,47.31330108642578,52.34000015258789,52.560001373291016,51.900001525878906,52.459999084472656,3405000
2007-09-24,47.67489242553711,52.7400016784668,53.2400016784668,51.86000061035156,52.619998931884766,2229000
2007-09-25,48.18109893798828,53.29999923706055,53.630001068115234,52.25,52.59000015258789,2395000
2007-09-26,48.13589859008789,53.25,53.90999984741211,53.15999984741211,53.310001373291016,2494900
2007-09-27,48.813880920410156,54.0,54.08000183105469,53.150001525878906,53.560001373291016,1783600
2007-09-28,49.05794906616211,54.27000045776367,54.959999084472656,53.70000076293945,53.79999923706055,4806000
2007-10-01,49.28394317626953,54.52000045776367,54.9900016784668,54.29999923706055,54.58000183105469,2369700
2007-10-02,49.166419982910156,54.38999938964844,54.939998626708984,53.900001525878906,54.619998931884766,2083000
2007-10-03,48.35286331176758,53.4900016784668,54.66999816894531,53.20000076293945,54.20000076293945,3276832
2007-10-04,47.98223876953125,53.08000183105469,53.779998779296875,52.849998474121094,53.779998779296875,1968100
2007-10-05,48.66019821166992,53.83000183105469,54.11000061035156,53.11000061035156,53.16999816894531,2995700
2007-10-08,48.96754455566406,54.16999816894531,54.310001373291016,53.7599983215332,53.869998931884766,1060500
2007-10-09,49.627445220947266,54.900001525878906,54.900001525878906,54.31999969482422,54.40999984741211,1762400
2007-10-10,49.338172912597656,54.58000183105469,55.209999084472656,54.34000015258789,54.95000076293945,2159420
2007-10-11,48.027427673339844,53.130001068115234,55.02000045776367,52.459999084472656,54.779998779296875,3055400
2007-10-12,48.03646469116211,53.13999938964844,53.79999923706055,52.540000915527344,52.97999954223633,2963995
2007-10-15,47.991275787353516,53.09000015258789,53.2400016784668,52.36000061035156,53.22999954223633,1648900
2007-10-16,47.81952667236328,52.900001525878906,53.34000015258789,52.25,53.119998931884766,2235192
2007-10-17,48.57884216308594,53.7400016784668,53.7599983215332,53.08000183105469,53.5,1789100
2007-10-18,48.67828369140625,53.849998474121094,54.599998474121094,53.459999084472656,53.65999984741211,1898200
2007-10-19,47.77433395385742,52.849998474121094,54.75,52.720001220703125,53.849998474121094,2465100
2007-10-22,48.19918441772461,53.31999969482422,53.400001525878906,52.099998474121094,52.380001068115234,1638600
2007-10-23,48.28053283691406,53.40999984741211,53.79999923706055,53.02000045776367,53.41999816894531,1858300
2007-10-24,47.81952667236328,52.900001525878906,53.630001068115234,52.0,53.18000030517578,2844100
2007-10-25,50.61274337768555,55.9900016784668,56.369998931884766,54.29999923706055,54.29999923706055,7746100
2007-10-26,50.513309478759766,55.880001068115234,58.0,55.650001525878906,57.61000061035156,5900400
2007-10-29,49.90765380859375,55.209999084472656,56.18000030517578,55.0,55.720001220703125,2420600
2007-10-30,49.97998809814453,55.290000915527344,55.9900016784668,54.54999923706055,55.0,1646500
2007-10-31,50.77546310424805,56.16999816894531,56.27000045776367,55.29999923706055,55.709999084472656,2700300
2007-11-01,49.73590850830078,55.02000045776367,56.59000015258789,54.959999084472656,56.06999969482422,2722600
2007-11-02,49.15737533569336,54.380001068115234,55.310001373291016,53.619998931884766,55.09000015258789,2556000
2007-11-05,49.22065353393555,54.45000076293945,54.7400016784668,53.5,53.5,2925145
2007-11-06,49.35624694824219,54.599998474121094,54.88999938964844,53.68000030517578,54.4900016784668,1730660
2007-11-07,48.434207916259766,53.58000183105469,54.720001220703125,53.529998779296875,54.11000061035156,1756740
2007-11-08,49.374324798583984,54.619998931884766,54.9900016784668,53.5,53.630001068115234,2794466
2007-11-09,49.374324798583984,54.619998931884766,55.22999954223633,53.869998931884766,54.0,2430414
2007-11-12,48.777713775634766,53.959999084472656,55.150001525878906,53.810001373291016,54.459999084472656,2794803
2007-11-13,49.15766525268555,54.34000015258789,54.45000076293945,53.33000183105469,54.34000015258789,2848814
2007-11-14,49.68234634399414,54.91999816894531,55.349998474121094,54.150001525878906,54.34000015258789,2802646
2007-11-15,49.6190185546875,54.849998474121094,55.619998931884766,54.72999954223633,54.810001373291016,2403960
2007-11-16,49.68234634399414,54.91999816894531,55.47999954223633,54.47999954223633,55.33000183105469,3215965
2007-11-19,49.528564453125,54.75,55.709999084472656,54.45000076293945,55.0099983215332,2344480
2007-11-20,49.908504486083984,55.16999816894531,55.619998931884766,54.54999923706055,54.75,2688915
2007-11-21,48.66916275024414,53.79999923706055,55.38999938964844,53.709999084472656,54.81999969482422,2326555
2007-11-23,48.976722717285156,54.13999938964844,54.47999954223633,53.849998474121094,54.04999923706055,628075
2007-11-26,50.1346549987793,55.41999816894531,56.220001220703125,54.709999084472656,55.0,3586583
2007-11-27,50.225120544433594,55.52000045776367,55.91999816894531,54.560001373291016,55.81999969482422,2888741
2007-11-28,50.84027862548828,56.20000076293945,56.2599983215332,54.90999984741211,56.0,2680433
2007-11-29,50.378910064697266,55.689998626708984,56.34000015258789,55.58000183105469,55.90999984741211,1794142
2007-11-30,50.55078887939453,55.880001068115234,56.25,55.150001525878906,56.2400016784668,2437914
2007-12-03,51.156898498535156,56.54999923706055,56.83000183105469,55.68000030517578,55.880001068115234,2532146
2007-12-04,50.75885009765625,56.11000061035156,56.599998474121094,55.599998474121094,56.33000183105469,3111950
2007-12-05,51.85344696044922,57.31999969482422,57.470001220703125,56.52000045776367,56.52000045776367,2669979
2007-12-06,52.90283203125,58.47999954223633,58.47999954223633,57.29999923706055,57.4900016784668,2575475
2007-12-07,53.30990982055664,58.93000030517578,59.51100158691406,58.369998931884766,58.5,3327070
2007-12-10,54.060760498046875,59.7599983215332,59.900001525878906,58.54999923706055,59.209999084472656,3058876
2007-12-11,52.396240234375,57.91999816894531,60.0,57.84000015258789,59.970001220703125,4115222
2007-12-12,52.242454528808594,57.75,59.09000015258789,57.43000030517578,58.97999954223633,4832682
2007-12-13,52.42338562011719,57.95000076293945,58.0099983215332,57.349998474121094,57.58000183105469,3530573
2007-12-14,52.332916259765625,57.849998474121094,58.54999923706055,57.63999938964844,58.06999969482422,3162370
2007-12-17,51.654441833496094,57.099998474121094,58.060001373291016,57.04999923706055,58.060001373291016,2095255
2007-12-18,52.2153205871582,57.720001220703125,58.06999969482422,57.27000045776367,57.560001373291016,2399100
2007-12-19,51.88059997558594,57.349998474121094,58.150001525878906,57.349998474121094,58.150001525878906,2041000
2007-12-20,52.55002975463867,58.09000015258789,58.38999938964844,57.650001525878906,57.650001525878906,2578947
2007-12-21,52.96615219116211,58.54999923706055,58.75,57.849998474121094,58.43000030517578,3596671
2007-12-24,52.83046340942383,58.400001525878906,58.83000183105469,58.2400016784668,58.709999084472656,667350
2007-12-26,53.210418701171875,58.81999969482422,58.93000030517578,58.04999923706055,58.5099983215332,1191993
2007-12-27,52.26958465576172,57.779998779296875,58.779998779296875,57.720001220703125,58.650001525878906,1100073
2007-12-28,52.35099792480469,57.869998931884766,58.45000076293945,57.540000915527344,58.2400016784668,1031969
2007-12-31,52.224365234375,57.72999954223633,57.97999954223633,57.45000076293945,57.560001373291016,1133075
2008-01-02,51.23830795288086,56.63999938964844,57.959999084472656,56.310001373291016,57.810001373291016,2521251
2008-01-03,51.75394058227539,57.209999084472656,57.65999984741211,56.689998626708984,56.720001220703125,1735302
2008-01-04,50.63220977783203,55.970001220703125,57.119998931884766,55.880001068115234,56.619998931884766,3121757
2008-01-07,52.396240234375,57.91999816894531,58.099998474121094,55.95000076293945,56.20000076293945,3831222
2008-01-08,52.776187896728516,58.34000015258789,59.439998626708984,58.0,58.099998474121094,5383639
2008-01-09,52.83046340942383,58.400001525878906,59.130001068115234,57.849998474121094,58.349998474121094,4908791
2008-01-10,53.54511642456055,59.189998626708984,59.25,57.84000015258789,58.09000015258789,2485612
2008-01-11,52.839508056640625,58.40999984741211,59.79999923706055,58.29999923706055,58.7599983215332,3419300
2008-01-14,52.32388687133789,57.84000015258789,59.0,57.470001220703125,58.7599983215332,4734000
2008-01-15,50.90359115600586,56.27000045776367,57.970001220703125,56.15999984741211,57.2400016784668,5173200
2008-01-16,52.68572998046875,58.2400016784668,58.970001220703125,55.86000061035156,55.900001525878906,7622753
2008-01-17,51.41018295288086,56.83000183105469,58.380001068115234,56.59000015258789,58.290000915527344,5712551
2008-01-18,50.74076461791992,56.09000015258789,57.97999954223633,55.5,57.099998474121094,3745091
2008-01-22,48.33444595336914,53.43000030517578,54.38999938964844,52.279998779296875,54.0,5368393
2008-01-23,48.9495964050293,54.11000061035156,54.54999923706055,50.7599983215332,51.7599983215332,6854314
2008-01-24,48.37063217163086,53.470001220703125,54.900001525878906,52.59000015258789,54.349998474121094,3759700
2008-01-25,47.58359909057617,52.599998474121094,53.9900016784668,52.40999984741211,53.9900016784668,3735861
2008-01-28,48.388729095458984,53.4900016784668,53.90999984741211,52.08000183105469,52.77000045776367,3007691
2008-01-29,48.8591194152832,54.0099983215332,54.290000915527344,53.619998931884766,53.79999923706055,2490440
2008-01-30,48.37063217163086,53.470001220703125,54.720001220703125,53.36000061035156,53.68000030517578,2163060
2008-01-31,48.18065643310547,53.2599983215332,53.75,51.689998626708984,53.04999923706055,3691562
2008-02-01,48.14447784423828,53.220001220703125,53.79999923706055,52.38999938964844,53.18000030517578,3620829
2008-02-04,48.15351486206055,53.22999954223633,53.72999954223633,52.34000015258789,53.22999954223633,1217374
2008-02-05,47.44791030883789,52.45000076293945,53.77000045776367,52.290000915527344,52.40999984741211,3244111
2008-02-06,48.19874572753906,53.279998779296875,53.7599983215332,52.72999954223633,53.34000015258789,4143050
2008-02-07,47.0046272277832,51.959999084472656,53.5,49.0,53.27000045776367,9589198
2008-02-08,45.864810943603516,50.70000076293945,52.119998931884766,50.150001525878906,52.08000183105469,4495187
2008-02-11,45.3310661315918,50.11000061035156,50.65999984741211,49.63999938964844,50.63999938964844,4703619
2008-02-12,45.756256103515625,50.58000183105469,50.869998931884766,50.060001373291016,50.31999969482422,4680833
2008-02-13,44.5621337890625,49.2599983215332,49.810001373291016,47.70000076293945,49.790000915527344,11741219
2008-02-14,44.52594757080078,49.220001220703125,49.79999923706055,48.880001068115234,49.7400016784668,5148197
2008-02-15,45.991455078125,50.84000015258789,51.22999954223633,48.849998474121094,48.95000076293945,7177828
2008-02-19,46.6608772277832,51.58000183105469,51.70000076293945,50.91999816894531,50.91999816894531,4361769
2008-02-20,47.15843200683594,52.130001068115234,52.41999816894531,50.88999938964844,51.5,3586702
2008-02-21,45.92812728881836,50.77000045776367,52.22999954223633,50.709999084472656,52.209999084472656,2649257
2008-02-22,45.34915542602539,50.130001068115234,51.16999816894531,49.130001068115234,50.95000076293945,5016627
2008-02-25,46.88703155517578,51.83000183105469,51.939998626708984,50.209999084472656,50.43000030517578,4223597
2008-02-26,47.276023864746094,52.2599983215332,52.41999816894531,51.38999938964844,51.38999938964844,3207253
2008-02-27,46.95941162109375,51.90999984741211,52.900001525878906,51.72999954223633,51.86000061035156,3119918
2008-02-28,46.49802017211914,51.400001525878906,51.880001068115234,51.17660140991211,51.439998626708984,2082183
2008-02-29,44.86970901489258,49.599998474121094,51.33000183105469,49.400001525878906,51.0099983215332,3572982
2008-03-03,44.78828811645508,49.5099983215332,49.54999923706055,48.7599983215332,49.45000076293945,3939626
2008-03-04,44.45356750488281,49.13999938964844,49.70000076293945,49.02000045776367,49.18000030517578,5484986
2008-03-05,45.28584289550781,50.060001373291016,50.310001373291016,48.97999954223633,49.06999969482422,3204402
2008-03-06,43.99222183227539,48.630001068115234,50.16999816894531,48.560001373291016,49.810001373291016,2526669
2008-03-07,42.46339797973633,46.939998626708984,48.33000183105469,46.849998474121094,48.25,4355000
2008-03-10,42.07439422607422,46.5099983215332,47.380001068115234,46.43000030517578,46.88999938964844,3824400
2008-03-11,38.58252716064453,42.650001525878906,42.779998779296875,39.54999923706055,41.2400016784668,22857300
2008-03-12,40.30131149291992,44.54999923706055,45.65999984741211,40.54999923706055,40.70000076293945,15712768
2008-03-13,40.418922424316406,44.68000030517578,45.43000030517578,44.04999923706055,44.5,7450611
2008-03-14,39.55046463012695,43.720001220703125,45.20000076293945,42.880001068115234,45.099998474121094,5621744
2008-03-17,38.73632049560547,42.81999969482422,43.47999954223633,42.099998474121094,42.619998931884766,5167182
2008-03-18,38.17543411254883,42.20000076293945,43.40999984741211,41.58000183105469,43.040000915527344,6803288
2008-03-19,38.26590347290039,42.29999923706055,43.689998626708984,42.22999954223633,42.31999969482422,7866288
2008-03-20,38.98056411743164,43.09000015258789,43.2599983215332,42.130001068115234,42.5,4681116
2008-03-24,40.01184844970703,44.22999954223633,44.310001373291016,42.90999984741211,43.18000030517578,5736892
2008-03-25,40.72650146484375,45.02000045776367,45.04999923706055,44.119998931884766,44.369998931884766,4266900
2008-03-26,39.7675895690918,43.959999084472656,45.0,43.900001525878906,44.72999954223633,4657000
2008-03-27,39.125301361083984,43.25,44.41999816894531,43.22999954223633,44.13999938964844,3812595
2008-03-28,38.48300552368164,42.540000915527344,43.18000030517578,42.400001525878906,42.70000076293945,3370500
2008-03-31,38.075927734375,42.09000015258789,42.70000076293945,41.91999816894531,42.34000015258789,3655900
2008-04-01,40.00279235839844,44.220001220703125,44.27000045776367,42.0,42.0,4056196
2008-04-02,38.93533706665039,43.040000915527344,44.720001220703125,42.79999923706055,44.52000045776367,5663018
2008-04-03,38.2478141784668,42.279998779296875,43.31999969482422,42.09000015258789,42.720001220703125,4169646
2008-04-04,38.05784225463867,42.06999969482422,42.5099983215332,41.58000183105469,42.279998779296875,2257750
2008-04-07,38.27494430541992,42.310001373291016,42.84000015258789,41.810001373291016,41.810001373291016,2671024
2008-04-08,38.2478141784668,42.279998779296875,42.84000015258789,42.02000045776367,42.099998474121094,4733900
2008-04-09,37.65074920654297,41.619998931884766,42.4900016784668,41.5099983215332,42.279998779296875,3022722
2008-04-10,38.112117767333984,42.130001068115234,42.540000915527344,41.619998931884766,41.630001068115234,3050919
2008-04-11,37.10797119140625,41.02000045776367,42.209999084472656,40.75,41.939998626708984,2554372
2008-04-14,36.827537536621094,40.709999084472656,41.09000015258789,40.20000076293945,41.09000015258789,2821408
2008-04-15,38.05784225463867,42.06999969482422,42.54999923706055,40.7400016784668,40.88999938964844,4866754
2008-04-16,37.28889846801758,41.220001220703125,42.650001525878906,40.86000061035156,42.29999923706055,3097345
2008-04-17,37.41554641723633,41.36000061035156,41.709999084472656,39.63999938964844,40.79999923706055,2627193
2008-04-18,37.80455017089844,41.790000915527344,42.029998779296875,41.56999969482422,41.970001220703125,3028634
2008-04-21,38.121150970458984,42.13999938964844,42.29999923706055,41.41999816894531,41.41999816894531,1897660
2008-04-22,36.52900695800781,40.380001068115234,41.38999938964844,40.099998474121094,41.38999938964844,5091328
2008-04-23,38.98056411743164,43.09000015258789,43.720001220703125,40.18000030517578,40.18000030517578,9016982
2008-04-24,38.22972106933594,42.2599983215332,45.18000030517578,40.599998474121094,44.349998474121094,8098450
2008-04-25,39.72235107421875,43.90999984741211,44.06999969482422,42.310001373291016,42.68000030517578,5590835
2008-04-28,39.7675895690918,43.959999084472656,44.5,43.61000061035156,44.439998626708984,3368323
2008-04-29,39.80378723144531,44.0,44.36000061035156,43.040000915527344,43.970001220703125,3432563
2008-04-30,39.44191360473633,43.599998474121094,44.720001220703125,43.34000015258789,44.720001220703125,3522033
2008-05-01,39.04387283325195,43.15999984741211,43.849998474121094,42.7400016784668,43.849998474121094,5553722
2008-05-02,38.89009094238281,42.9900016784668,43.63999938964844,42.540000915527344,43.16999816894531,2323120
2008-05-05,39.64997863769531,43.83000183105469,44.08000183105469,42.900001525878906,42.9900016784668,2743537
2008-05-06,39.568565368652344,43.7400016784668,44.05500030517578,43.08000183105469,43.84000015258789,1989293
2008-05-07,39.55046463012695,43.720001220703125,44.2599983215332,43.5099983215332,43.63999938964844,2932254
2008-05-08,39.37858581542969,43.529998779296875,44.04999923706055,43.43000030517578,43.65999984741211,2243952
2008-05-09,39.125301361083984,43.25,43.558998107910156,43.06999969482422,43.09000015258789,2116494
2008-05-12,39.44191360473633,43.599998474121094,43.66999816894531,43.04999923706055,43.279998779296875,2552922
2008-05-13,39.45098114013672,43.61000061035156,43.959999084472656,43.15999984741211,43.630001068115234,2385249
2008-05-14,39.29719161987305,43.439998626708984,43.9900016784668,43.33000183105469,43.81999969482422,2295455
2008-05-15,38.72724914550781,42.810001373291016,43.54999923706055,42.43000030517578,43.54999923706055,3170576
2008-05-16,39.405738830566406,43.560001373291016,43.869998931884766,42.849998474121094,42.959999084472656,2829665
2008-05-19,39.63188171386719,43.810001373291016,44.369998931884766,43.43000030517578,43.560001373291016,2661001
2008-05-20,40.1746711730957,44.40999984741211,44.7400016784668,43.689998626708984,43.689998626708984,3864545
2008-05-21,40.391788482666016,44.650001525878906,45.27000045776367,44.33000183105469,44.33000183105469,4235022
2008-05-22,42.18295669555664,46.630001068115234,47.18000030517578,44.34000015258789,44.619998931884766,6527802
2008-05-23,41.260231018066406,45.61000061035156,46.79999923706055,45.61000061035156,46.5,3729264
2008-05-27,41.368778228759766,45.72999954223633,45.86000061035156,44.599998474121094,45.619998931884766,5163622
2008-05-28,41.06121826171875,45.38999938964844,45.93000030517578,44.939998626708984,45.790000915527344,3174511
2008-05-29,42.07439422607422,46.5099983215332,46.880001068115234,45.040000915527344,45.400001525878906,3775747
2008-05-30,42.662418365478516,47.15999984741211,47.310001373291016,46.400001525878906,46.459999084472656,3368444
2008-06-02,41.015968322753906,45.34000015258789,47.38999938964844,45.06999969482422,46.88999938964844,4578148
2008-06-03,41.29640579223633,45.650001525878906,45.939998626708984,45.029998779296875,45.470001220703125,3034280
2008-06-04,42.092491149902344,46.529998779296875,46.68000030517578,45.41999816894531,45.61000061035156,3108737
2008-06-05,42.96094512939453,47.4900016784668,47.540000915527344,46.29999923706055,46.779998779296875,4167892
2008-06-06,42.04726028442383,46.47999954223633,47.18000030517578,46.130001068115234,47.18000030517578,4828118
2008-06-09,41.71255111694336,46.11000061035156,46.7599983215332,45.90999984741211,46.439998626708984,4021865
2008-06-10,40.83505630493164,45.13999938964844,45.970001220703125,45.040000915527344,45.7599983215332,2721609
2008-06-11,40.46415328979492,44.72999954223633,45.43000030517578,44.56999969482422,45.130001068115234,3465473
2008-06-12,40.31037139892578,44.560001373291016,45.09000015258789,44.33000183105469,44.86000061035156,3822119
2008-06-13,40.25609588623047,44.5,45.400001525878906,43.959999084472656,44.95000076293945,5459501
2008-06-16,40.156578063964844,44.38999938964844,45.25,43.869998931884766,45.25,3172065
2008-06-17,39.505245208740234,43.66999816894531,44.63999938964844,43.630001068115234,44.5,2839529
2008-06-18,38.53728103637695,42.599998474121094,43.849998474121094,42.599998474121094,43.400001525878906,3987977
2008-06-19,37.858821868896484,41.849998474121094,42.290000915527344,40.040000915527344,40.34000015258789,13124882
2008-06-20,37.044639587402344,40.95000076293945,42.099998474121094,40.810001373291016,41.45000076293945,6611461
2008-06-23,37.19844055175781,41.119998931884766,41.86000061035156,40.91999816894531,41.040000915527344,3317489
2008-06-24,36.64659118652344,40.5099983215332,42.970001220703125,40.04999923706055,41.09000015258789,4442807
2008-06-25,36.655670166015625,40.52000045776367,41.040000915527344,40.25,40.5099983215332,4274887
2008-06-26,35.81434631347656,39.59000015258789,41.15999984741211,39.47999954223633,40.099998474121094,4072592
2008-06-27,36.4656867980957,40.310001373291016,40.88999938964844,39.599998474121094,39.61000061035156,5596684
2008-06-30,36.66469955444336,40.529998779296875,41.33000183105469,40.029998779296875,40.20000076293945,5393694
2008-07-01,36.112876892089844,39.91999816894531,40.439998626708984,39.56999969482422,40.0,4405497
2008-07-02,35.995277404785156,39.790000915527344,41.91999816894531,39.75,40.13999938964844,5745757
2008-07-03,33.5980110168457,37.13999938964844,37.9900016784668,36.0099983215332,36.97999954223633,9094712
2008-07-07,33.0280876159668,36.5099983215332,37.86000061035156,35.66999816894531,37.2599983215332,5640610
2008-07-08,33.97795486450195,37.560001373291016,37.630001068115234,36.0,36.34000015258789,5530757
2008-07-09,33.697513580322266,37.25,38.47999954223633,37.150001525878906,37.540000915527344,4244380
2008-07-10,33.57086181640625,37.11000061035156,37.290000915527344,36.20000076293945,36.7599983215332,4597484
2008-07-11,32.774784088134766,36.22999954223633,37.04999923706055,36.099998474121094,36.7400016784668,4975535
2008-07-14,32.910491943359375,36.380001068115234,36.970001220703125,36.13999938964844,36.63999938964844,3874526
2008-07-15,31.535436630249023,34.86000061035156,36.15999984741211,34.56999969482422,36.15999984741211,8561613
2008-07-16,31.128353118896484,34.40999984741211,35.33000183105469,34.36000061035156,34.84000015258789,5466180
2008-07-17,32.286285400390625,35.689998626708984,35.790000915527344,34.16999816894531,34.52000045776367,7564729
2008-07-18,31.861112594604492,35.220001220703125,35.81999969482422,35.04999923706055,35.779998779296875,4713804
2008-07-21,31.164539337158203,34.45000076293945,35.43000030517578,34.0,35.43000030517578,5055426
2008-07-22,32.711463928222656,36.15999984741211,36.81999969482422,34.43000030517578,34.45000076293945,7662090
2008-07-23,36.88181686401367,40.77000045776367,40.77000045776367,37.560001373291016,37.56999969482422,12388137
2008-07-24,35.61532974243164,39.369998931884766,40.52000045776367,39.33000183105469,40.5,6199447
2008-07-25,35.47962951660156,39.220001220703125,40.0099983215332,38.709999084472656,39.630001068115234,3576200
2008-07-28,35.0273323059082,38.720001220703125,40.029998779296875,38.70000076293945,39.22999954223633,2974394
2008-07-29,35.93195724487305,39.720001220703125,39.7599983215332,38.2400016784668,38.560001373291016,3799983
2008-07-30,36.4747314453125,40.31999969482422,40.439998626708984,38.86000061035156,39.779998779296875,6075772
2008-07-31,37.09892654418945,41.0099983215332,42.65999984741211,40.560001373291016,41.060001373291016,7570193
2008-08-01,36.149051666259766,39.959999084472656,41.79999923706055,39.2599983215332,40.91999816894531,6099565
2008-08-04,37.96735382080078,41.970001220703125,42.27000045776367,40.0,40.0,4733521
2008-08-05,39.45098114013672,43.61000061035156,43.70000076293945,41.86000061035156,42.150001525878906,7539932
2008-08-06,38.98959732055664,43.099998474121094,43.41999816894531,42.45000076293945,43.41999816894531,5241464
2008-08-07,38.82677459716797,42.91999816894531,43.5099983215332,42.369998931884766,42.970001220703125,6301078
2008-08-08,39.90328598022461,44.11000061035156,44.529998779296875,42.869998931884766,43.130001068115234,6387083
2008-08-11,39.31526565551758,43.459999084472656,44.11000061035156,43.07979965209961,44.04999923706055,5971564
2008-08-12,39.37858581542969,43.529998779296875,43.9900016784668,42.709999084472656,42.709999084472656,3753349
2008-08-13,38.88105392456055,42.97999954223633,43.52000045776367,42.31999969482422,43.52000045776367,3199042
2008-08-14,38.7544059753418,42.84000015258789,43.369998931884766,42.400001525878906,42.79999923706055,3084654
2008-08-15,39.62284469604492,43.79999923706055,43.9900016784668,42.68000030517578,42.68000030517578,3533158
2008-08-18,38.817726135253906,42.90999984741211,44.13999938964844,42.63999938964844,43.880001068115234,2802282
2008-08-19,37.71407699584961,41.689998626708984,42.880001068115234,40.65999984741211,42.529998779296875,5172840
2008-08-20,37.71407699584961,41.689998626708984,42.38999938964844,41.279998779296875,42.02000045776367,2516243
2008-08-21,38.58252716064453,42.650001525878906,42.97999954223633,41.470001220703125,41.58000183105469,3220694
2008-08-22,39.47810745239258,43.63999938964844,44.0099983215332,42.25,42.689998626708984,3303272
2008-08-25,37.659793853759766,41.630001068115234,43.70000076293945,41.529998779296875,43.400001525878906,3483120
2008-08-26,38.329219818115234,42.369998931884766,42.70000076293945,41.130001068115234,41.61000061035156,3012245
2008-08-27,38.817726135253906,42.90999984741211,42.959999084472656,41.689998626708984,42.38999938964844,2188902
2008-08-28,39.05292510986328,43.16999816894531,43.439998626708984,42.619998931884766,42.9900016784668,1878092
2008-08-29,39.02578353881836,43.13999938964844,44.22999954223633,42.93000030517578,42.93000030517578,2894323
2008-09-02,39.10722351074219,43.22999954223633,44.63999938964844,42.689998626708984,44.09000015258789,4113827
2008-09-03,39.03483581542969,43.150001525878906,43.4900016784668,42.54999923706055,43.2400016784668,3045412
2008-09-04,37.18034744262695,41.099998474121094,43.0,41.040000915527344,43.0,3956412
2008-09-05,37.469818115234375,41.41999816894531,41.54999923706055,40.31999969482422,40.970001220703125,2787576
2008-09-08,38.65488815307617,42.72999954223633,42.939998626708984,41.849998474121094,42.08000183105469,4230501
2008-09-09,37.478878021240234,41.43000030517578,43.5099983215332,41.41999816894531,42.630001068115234,3475540
2008-09-10,37.92214584350586,41.91999816894531,42.279998779296875,41.619998931884766,41.689998626708984,4591718
2008-09-11,38.88105392456055,42.97999954223633,43.06999969482422,41.08000183105469,41.279998779296875,4234097
2008-09-12,38.46492385864258,42.52000045776367,42.81999969482422,41.75,42.560001373291016,2881240
2008-09-15,37.478878021240234,41.43000030517578,42.20000076293945,40.47999954223633,40.7599983215332,3857569
2008-09-16,35.995277404785156,39.790000915527344,41.13999938964844,39.0,40.5099983215332,5273415
2008-09-17,33.83321762084961,37.400001525878906,39.7599983215332,37.33000183105469,39.18000030517578,5004019
2008-09-18,34.502628326416016,38.13999938964844,38.540000915527344,35.099998474121094,36.68000030517578,6344004
2008-09-19,34.90971374511719,38.59000015258789,44.0,38.400001525878906,40.540000915527344,7417756
2008-09-22,32.412933349609375,35.83000183105469,38.599998474121094,35.5,38.16999816894531,2752718
2008-09-23,33.28137969970703,36.790000915527344,37.790000915527344,35.5,36.029998779296875,3338930
2008-09-24,32.61195373535156,36.04999923706055,37.5,36.0,37.0,2234733
2008-09-25,33.76988220214844,37.33000183105469,37.689998626708984,35.61000061035156,37.689998626708984,2264721
2008-09-26,34.81925582885742,38.4900016784668,39.849998474121094,36.59000015258789,36.68000030517578,3217767
2008-09-29,31.88824462890625,35.25,40.0,34.0,37.7400016784668,3560368
2008-09-30,32.66624069213867,36.11000061035156,36.869998931884766,35.54999923706055,36.45000076293945,3100907
2008-10-01,33.8603515625,37.43000030517578,39.224998474121094,34.529998779296875,35.5,2499416
2008-10-02,32.8652458190918,36.33000183105469,38.150001525878906,35.54999923706055,37.36000061035156,2060552
2008-10-03,32.928585052490234,36.400001525878906,38.5,36.0,37.060001373291016,3303004
2008-10-06,30.413698196411133,33.619998931884766,36.939998626708984,30.950000762939453,35.72999954223633,5158692
2008-10-07,28.097848892211914,31.059999465942383,34.9900016784668,30.790000915527344,33.650001525878906,3858906
2008-10-08,27.66362190246582,30.579999923706055,32.36000061035156,29.959999084472656,30.030000686645508,3587876
2008-10-09,24.425045013427734,27.0,31.0,25.239999771118164,30.65999984741211,7892605
2008-10-10,25.121610641479492,27.770000457763672,29.43000030517578,21.250999450683594,24.200000762939453,12466565
2008-10-13,29.58144187927246,32.70000076293945,32.900001525878906,28.5,28.559999465942383,7120734
2008-10-14,31.761606216430664,35.11000061035156,36.189998626708984,33.810001373291016,35.08000183105469,7077906
2008-10-15,27.690763473510742,30.610000610351562,34.91999816894531,30.5,34.189998626708984,5495828
2008-10-16,27.509841918945312,30.40999984741211,32.7400016784668,27.889999389648438,31.65999984741211,7626338
2008-10-17,28.02547836303711,30.979999542236328,32.310001373291016,29.280000686645508,29.8799991607666,4745682
2008-10-20,29.436695098876953,32.540000915527344,32.939998626708984,30.579999923706055,31.229999542236328,3498341
2008-10-21,28.2244930267334,31.200000762939453,32.93000030517578,31.110000610351562,31.940000534057617,3255639
2008-10-22,26.07147789001465,28.81999969482422,30.440000534057617,28.06999969482422,29.0,6115243
2008-10-23,26.487600326538086,29.280000686645508,30.350000381469727,27.520000457763672,28.899999618530273,3752072
2008-10-24,25.555828094482422,28.25,29.059999465942383,26.34000015258789,27.079999923706055,5030577
2008-10-27,22.95049476623535,25.3700008392334,28.739999771118164,25.3700008392334,27.639999389648438,5253870
2008-10-28,25.14875030517578,27.799999237060547,27.950000762939453,24.350000381469727,25.979999542236328,6622051
2008-10-29,23.11332130432129,25.549999237060547,27.06999969482422,22.25,24.90999984741211,13999817
2008-10-30,23.46613311767578,25.940000534057617,27.670000076293945,25.0,27.06999969482422,6382942
2008-10-31,22.49817657470703,24.8700008392334,25.93000030517578,22.280000686645508,25.93000030517578,15910334
2008-11-03,23.484228134155273,25.959999084472656,26.239999771118164,24.84000015258789,24.84000015258789,5034321
2008-11-04,22.136323928833008,24.469999313354492,26.559999465942383,23.950000762939453,26.5,9972696
2008-11-05,21.638778686523438,23.920000076293945,25.850000381469727,23.639999389648438,24.469999313354492,7147564
2008-11-06,21.15028190612793,23.3799991607666,24.1200008392334,22.8799991607666,23.729999542236328,7100480
2008-11-07,21.240739822387695,23.479999542236328,24.100000381469727,23.0,23.3799991607666,3655837
2008-11-10,21.476346969604492,23.700000762939453,24.34000015258789,23.260000228881836,23.8799991607666,4285445
2008-11-11,20.21675682067871,22.309999465942383,23.65999984741211,21.81999969482422,23.0,4223905
2008-11-12,19.763669967651367,21.809999465942383,22.510000228881836,21.610000610351562,21.84000015258789,4526164
2008-11-13,21.12293815612793,23.309999465942383,23.399999618530273,20.40999984741211,21.899999618530273,6393081
2008-11-14,21.14105987548828,23.329999923706055,24.68000030517578,22.90999984741211,22.940000534057617,6053109
2008-11-17,20.660783767700195,22.799999237060547,24.040000915527344,22.25,22.989999771118164,4752499
2008-11-18,21.104820251464844,23.290000915527344,23.93000030517578,22.15999984741211,22.389999389648438,5672728
2008-11-19,19.24715232849121,21.239999771118164,23.920000076293945,20.959999084472656,23.360000610351562,5359824
2008-11-20,16.58300018310547,18.299999237060547,21.200000762939453,18.06999969482422,20.899999618530273,7294880
2008-11-21,16.02117347717285,17.68000030517578,18.649999618530273,14.210100173950195,18.649999618530273,14051083
2008-11-24,18.250368118286133,20.139999389648438,20.790000915527344,17.68000030517578,18.010000228881836,10167038
2008-11-25,19.0296688079834,21.0,21.399999618530273,20.049999237060547,20.520000457763672,7066484
2008-11-26,19.845224380493164,21.899999618530273,22.15999984741211,20.200000762939453,20.639999389648438,3932942
2008-11-28,19.772735595703125,21.81999969482422,22.40999984741211,21.649999618530273,21.799999237060547,1805468
2008-12-01,17.906023025512695,19.760000228881836,21.65999984741211,19.739999771118164,21.459999084472656,4895877
2008-12-02,18.295671463012695,20.190000534057617,20.510000228881836,19.450000762939453,19.93000030517578,4595820
2008-12-03,18.35910987854004,20.260000228881836,20.489999771118164,19.229999542236328,19.3799991607666,3697364
2008-12-04,18.005691528320312,19.8700008392334,20.969999313354492,19.440000534057617,19.989999771118164,2985024
2008-12-05,19.26527976989746,21.260000228881836,21.34000015258789,18.809999465942383,19.65999984741211,4558921
2008-12-08,19.67305564880371,21.709999084472656,22.469999313354492,21.15999984741211,21.65999984741211,4757269
2008-12-09,18.576587677001953,20.5,21.920000076293945,20.06999969482422,21.469999313354492,3587883
2008-12-10,18.667203903198242,20.600000381469727,21.329999923706055,19.8799991607666,20.65999984741211,3878916
2008-12-11,19.283401489257812,21.280000686645508,22.440000534057617,20.43000030517578,20.459999084472656,4957427
2008-12-12,19.038734436035156,21.010000228881836,21.350000381469727,20.360000610351562,20.600000381469727,4382667
2008-12-15,21.14105987548828,23.329999923706055,23.8700008392334,21.329999923706055,22.25,9293514
2008-12-16,22.473140716552734,24.799999237060547,24.948999404907227,23.139999389648438,23.649999618530273,6665913
2008-12-17,22.12879753112793,24.420000076293945,24.93000030517578,23.520000457763672,24.25,4759541
2008-12-18,23.478988647460938,25.90999984741211,26.229999542236328,24.440000534057617,24.670000076293945,5391855
2008-12-19,24.43048095703125,26.959999084472656,27.65999984741211,25.690000534057617,26.270000457763672,8561735
2008-12-22,23.56960678100586,26.010000228881836,27.450000762939453,25.25,27.100000381469727,4499953
2008-12-23,23.732723236083984,26.190000534057617,26.790000915527344,26.020000457763672,26.43000030517578,3097416
2008-12-24,23.832399368286133,26.299999237060547,26.639999389648438,25.93000030517578,26.100000381469727,1051484
2008-12-26,24.466724395751953,27.0,27.139999389648438,26.440000534057617,26.530000686645508,1259845
2008-12-29,24.58452606201172,27.1299991607666,27.260000228881836,26.549999237060547,26.989999771118164,3003283
2008-12-30,26.605297088623047,29.360000610351562,29.399999618530273,27.059999465942383,27.059999465942383,4486118
2008-12-31,25.825990676879883,28.5,29.649999618530273,27.950000762939453,29.469999313354492,4079575
2009-01-02,26.65060806274414,29.40999984741211,29.610000610351562,28.43000030517578,28.59000015258789,4165707
2009-01-05,26.496549606323242,29.239999771118164,29.600000381469727,28.719999313354492,29.260000228881836,4149173
2009-01-06,27.51146697998047,30.360000610351562,30.559999465942383,28.530000686645508,29.43000030517578,6253422
2009-01-07,26.44218635559082,29.18000030517578,29.479999542236328,27.280000686645508,28.219999313354492,6441648
2009-01-08,27.185251235961914,30.0,30.149999618530273,28.739999771118164,28.989999771118164,4675881
2009-01-09,26.460311889648438,29.200000762939453,30.049999237060547,28.860000610351562,29.860000610351562,3332478
2009-01-12,25.526945114135742,28.170000076293945,29.15999984741211,27.709999084472656,28.989999771118164,2610891
2009-01-13,24.403291702270508,26.93000030517578,28.6200008392334,26.290000915527344,27.559999465942383,5320538
2009-01-14,23.66023063659668,26.110000610351562,26.530000686645508,24.751800537109375,26.530000686645508,5875963
2009-01-15,23.805212020874023,26.270000457763672,26.610000610351562,25.010000228881836,26.06999969482422,5745859
2009-01-16,24.910747528076172,27.489999771118164,27.719999313354492,26.510000228881836,26.65999984741211,4802830
2009-01-20,23.433685302734375,25.860000610351562,27.649999618530273,25.600000381469727,27.31999969482422,4834683
2009-01-21,24.93793487548828,27.520000457763672,27.670000076293945,25.829999923706055,26.270000457763672,4507786
2009-01-22,26.34250259399414,29.06999969482422,29.479999542236328,27.229999542236328,27.229999542236328,7456787
2009-01-23,26.922460556030273,29.709999084472656,30.3700008392334,27.34000015258789,28.540000915527344,5347098
2009-01-26,26.48748779296875,29.229999542236328,30.610000610351562,28.739999771118164,29.81999969482422,4350218
2009-01-27,28.526390075683594,31.479999542236328,31.989999771118164,28.899999618530273,29.600000381469727,7032173
2009-01-28,30.275304794311523,33.40999984741211,34.38999938964844,31.639999389648438,32.029998779296875,11201315
2009-01-29,29.169769287109375,32.189998626708984,33.11000061035156,32.16999816894531,32.93000030517578,5768043
2009-01-30,28.09142303466797,31.0,32.369998931884766,30.700000762939453,32.150001525878906,4942967
2009-02-02,29.187894821166992,32.209999084472656,33.15999984741211,30.420000076293945,30.489999771118164,5402267
2009-02-03,29.949081420898438,33.04999923706055,33.36000061035156,31.489999771118164,32.439998626708984,6716554
2009-02-04,29.686281204223633,32.7599983215332,33.880001068115234,32.29999923706055,33.209999084472656,5820269
2009-02-05,30.329679489135742,33.470001220703125,34.439998626708984,32.54999923706055,32.650001525878906,6721507
2009-02-06,31.28116226196289,34.52000045776367,34.869998931884766,33.349998474121094,33.43000030517578,4457697
2009-02-09,31.000247955322266,34.209999084472656,34.66999816894531,33.630001068115234,34.119998931884766,4217801
2009-02-10,29.169769287109375,32.189998626708984,34.209999084472656,31.8799991607666,33.900001525878906,5314949
2009-02-11,29.21508026123047,32.2400016784668,33.189998626708984,31.440000534057617,32.310001373291016,5726736
2009-02-12,29.95815086364746,33.060001373291016,33.599998474121094,30.329999923706055,31.100000381469727,8536961
2009-02-13,29.097274780273438,32.11000061035156,33.25,31.93000030517578,33.04999923706055,3130043
2009-02-17,27.321176528930664,30.149999618530273,31.219999313354492,29.84000015258789,31.200000762939453,4629563
2009-02-18,27.212430953979492,30.030000686645508,30.6200008392334,29.450000762939453,30.309999465942383,4383028
2009-02-19,27.61115074157715,30.469999313354492,31.149999618530273,30.239999771118164,30.5,5240671
2009-02-20,27.02213478088379,29.81999969482422,30.34000015258789,28.979999542236328,30.190000534057617,4737074
2009-02-23,25.291345596313477,27.90999984741211,29.93000030517578,27.09000015258789,29.93000030517578,6998467
2009-02-24,26.596233367919922,29.350000381469727,29.610000610351562,27.65999984741211,28.100000381469727,6536774
2009-02-25,24.539209365844727,27.079999923706055,29.270000457763672,26.75,29.239999771118164,7386268
2009-02-26,21.77538299560547,24.030000686645508,27.329999923706055,23.200000762939453,27.329999923706055,19460237
2009-02-27,21.630395889282227,23.8700008392334,25.56999969482422,23.81999969482422,24.190000534057617,12600328
2009-03-02,19.020612716674805,20.989999771118164,23.559999465942383,20.420000076293945,23.559999465942383,16387214
2009-03-03,17.924144744873047,19.780000686645508,22.360000610351562,19.68000030517578,21.3700008392334,15870028
2009-03-04,19.26527976989746,21.260000228881836,21.889999389648438,19.920000076293945,20.079999923706055,11296186
2009-03-05,17.208261489868164,18.989999771118164,20.899999618530273,18.65999984741211,20.790000915527344,9326195
2009-03-06,18.32286262512207,20.219999313354492,20.360000610351562,18.889999389648438,19.15999984741211,11971926
2009-03-09,18.504091262817383,20.420000076293945,20.950000762939453,19.299999237060547,20.0,9316316
2009-03-10,20.588294982910156,22.719999313354492,22.8799991607666,20.649999618530273,20.790000915527344,8512964
2009-03-11,19.419326782226562,21.43000030517578,23.610000610351562,21.3700008392334,22.940000534057617,7344072
2009-03-12,21.222618103027344,23.420000076293945,23.780000686645508,20.969999313354492,21.450000762939453,7360878
2009-03-13,22.029111862182617,24.309999465942383,24.690000534057617,23.65999984741211,23.700000762939453,5422754
2009-03-16,20.823902130126953,22.979999542236328,24.739999771118164,22.940000534057617,24.549999237060547,5454602
2009-03-17,21.36760139465332,23.579999923706055,23.739999771118164,22.3799991607666,23.489999771118164,5446718
2009-03-18,22.07442855834961,24.360000610351562,25.299999237060547,23.104999542236328,23.450000762939453,6584367
2009-03-19,21.512588500976562,23.739999771118164,25.329999923706055,23.413999557495117,24.719999313354492,4702505
2009-03-20,20.561107635498047,22.690000534057617,23.860000610351562,22.299999237060547,23.770000457763672,5278518
2009-03-23,22.0472354888916,24.329999923706055,24.3799991607666,22.549999237060547,23.299999237060547,5019496
2009-03-24,21.068567276000977,23.25,24.190000534057617,23.190000534057617,23.954999923706055,4482031
2009-03-25,21.258865356445312,23.459999084472656,23.709999084472656,22.90999984741211,23.440000534057617,6130681
2009-03-26,22.12879753112793,24.420000076293945,24.760000228881836,23.549999237060547,23.649999618530273,6020244
2009-03-27,22.201292037963867,24.5,24.799999237060547,23.440000534057617,24.239999771118164,6205987
2009-03-30,21.313236236572266,23.520000457763672,24.18000030517578,22.8700008392334,23.950000762939453,5331031
2009-03-31,22.0472354888916,24.329999923706055,24.920000076293945,23.6200008392334,23.729999542236328,6525175
2009-04-01,21.86600112915039,24.1299991607666,24.582500457763672,23.280000686645508,23.989999771118164,5490013
2009-04-02,22.663436889648438,25.010000228881836,25.440000534057617,24.100000381469727,24.65999984741211,4994276
2009-04-03,21.86600112915039,24.1299991607666,25.459999084472656,23.760000228881836,24.969999313354492,4796768
2009-04-06,22.445953369140625,24.770000457763672,25.450000762939453,23.530000686645508,23.530000686645508,3919764
2009-04-07,23.080276489257812,25.469999313354492,26.360000610351562,23.559999465942383,24.260000228881836,7401448
2009-04-08,22.672502517700195,25.020000457763672,26.549999237060547,24.549999237060547,26.100000381469727,5079705
2009-04-09,23.388370513916016,25.809999465942383,26.049999237060547,24.889999389648438,25.530000686645508,4213137
2009-04-13,24.93793487548828,27.520000457763672,27.850000381469727,25.829999923706055,26.049999237060547,6437252
2009-04-14,24.493911743164062,27.030000686645508,27.360000610351562,26.56999969482422,27.239999771118164,4373152
2009-04-15,24.64796257019043,27.200000762939453,27.860000610351562,25.860000610351562,27.170000076293945,8517274
2009-04-16,23.61492156982422,26.059999465942383,27.65999984741211,25.350000381469727,27.31999969482422,6903231
2009-04-17,23.361186981201172,25.780000686645508,26.25,24.719999313354492,26.110000610351562,6500023
2009-04-20,22.94434928894043,25.31999969482422,26.270000457763672,24.81999969482422,25.299999237060547,5368713
2009-04-21,22.282846450805664,24.59000015258789,26.290000915527344,23.850000381469727,25.989999771118164,7528491
2009-04-22,22.228471755981445,24.530000686645508,25.18000030517578,23.829999923706055,24.280000686645508,4159435
2009-04-23,21.838821411132812,24.100000381469727,25.190000534057617,23.219999313354492,24.75,5149103
2009-04-24,21.711956024169922,23.959999084472656,24.739999771118164,23.360000610351562,24.34000015258789,6056086
2009-04-27,21.693828582763672,23.940000534057617,24.719999313354492,23.530000686645508,24.59000015258789,4558449
2009-04-28,22.110666275024414,24.399999618530273,25.18000030517578,23.670000076293945,23.899999618530273,6958291
2009-04-29,19.827102661132812,21.8799991607666,23.610000610351562,21.549999237060547,22.950000762939453,23776956
2009-04-30,19.944908142089844,22.010000228881836,23.219999313354492,21.90999984741211,22.219999313354492,12240794
2009-05-01,20.117082595825195,22.200000762939453,22.399999618530273,21.889999389648438,22.200000762939453,5776317
2009-05-04,20.94170379638672,23.110000610351562,23.110000610351562,21.982999801635742,22.280000686645508,7000029
2009-05-05,22.101604461669922,24.389999389648438,24.540000915527344,22.989999771118164,23.06999969482422,7157478
2009-05-06,21.630395889282227,23.8700008392334,24.65999984741211,23.299999237060547,24.5,8327716
2009-05-07,24.27642822265625,26.790000915527344,27.139999389648438,24.040000915527344,24.15999984741211,12417234
2009-05-08,25.119169235229492,27.719999313354492,28.15999984741211,27.030000686645508,27.5,8093736
2009-05-11,23.61492156982422,26.059999465942383,27.610000610351562,25.959999084472656,26.969999313354492,6130769
2009-05-12,23.796152114868164,26.260000228881836,26.56999969482422,25.389999389648438,26.280000686645508,5972209
2009-05-13,24.031763076782227,26.520000457763672,26.979999542236328,25.350000381469727,25.989999771118164,6359441
2009-05-14,24.068004608154297,26.559999465942383,26.850000381469727,25.899999618530273,26.530000686645508,5143100
2009-05-15,23.343067169189453,25.760000228881836,26.959999084472656,25.684999465942383,26.440000534057617,5788180
2009-05-18,23.46993064880371,25.899999618530273,26.09000015258789,25.030000686645508,25.989999771118164,6079527
2009-05-19,22.8265438079834,25.190000534057617,26.3700008392334,25.1200008392334,25.68000030517578,6227966
2009-05-20,23.315879821777344,25.729999542236328,26.520000457763672,25.299999237060547,25.760000228881836,4327480
2009-05-21,22.735933303833008,25.09000015258789,26.229400634765625,24.809999465942383,25.399999618530273,3021690
2009-05-22,22.49126434326172,24.81999969482422,25.440000534057617,24.610000610351562,25.389999389648438,2314788
2009-05-26,23.30681610107422,25.719999313354492,25.920000076293945,24.309999465942383,24.790000915527344,3986527
2009-05-27,23.515239715576172,25.950000762939453,26.299999237060547,25.31999969482422,25.739999771118164,3932601
2009-05-28,24.28548240661621,26.799999237060547,27.3700008392334,26.045000076293945,26.09000015258789,5805114
2009-05-29,24.267364501953125,26.780000686645508,27.030000686645508,26.260000228881836,26.850000381469727,6338380
2009-06-01,24.8020076751709,27.3700008392334,27.6200008392334,26.850000381469727,27.030000686645508,4446143
2009-06-02,24.71139144897461,27.270000457763672,28.1200008392334,27.18000030517578,27.329999923706055,6906605
2009-06-03,23.560544967651367,26.0,26.059999465942383,23.799999237060547,24.719999313354492,19730120
2009-06-04,23.125581741333008,25.520000457763672,26.170000076293945,25.290000915527344,26.0,5360430
2009-06-05,23.016843795776367,25.399999618530273,26.020000457763672,24.950000762939453,25.709999084472656,4621379
2009-06-08,21.82975196838379,24.09000015258789,25.350000381469727,24.06999969482422,25.25,6980813
2009-06-09,21.684768676757812,23.93000030517578,24.3700008392334,23.329999923706055,23.979999542236328,8927026
2009-06-10,21.99286651611328,24.270000457763672,24.559999465942383,23.899999618530273,24.299999237060547,5418289
2009-06-11,21.113874435424805,23.299999237060547,24.190000534057617,23.270000457763672,23.75,9871896
2009-06-12,20.814834594726562,22.969999313354492,23.700000762939453,22.469999313354492,23.25,6363520
2009-06-15,20.41612434387207,22.530000686645508,22.959999084472656,22.43000030517578,22.75,6619890
2009-06-16,21.36760139465332,23.579999923706055,24.3700008392334,22.239999771118164,22.7450008392334,9573069
2009-06-17,21.566967010498047,23.799999237060547,24.700000762939453,23.139999389648438,23.579999923706055,7202018
2009-06-18,22.853729248046875,25.219999313354492,25.3799991607666,23.729999542236328,23.899999618530273,8246532
2009-06-19,23.46086883544922,25.889999389648438,26.5,25.5,25.75,10096303
2009-06-22,21.95661735534668,24.229999542236328,25.56999969482422,24.1200008392334,25.56999969482422,7000509
2009-06-23,22.165042877197266,24.459999084472656,24.809999465942383,23.81999969482422,24.34000015258789,6659728
2009-06-24,22.355335235595703,24.670000076293945,25.389999389648438,24.260000228881836,24.3700008392334,6569318
2009-06-25,23.1708927154541,25.56999969482422,26.440000534057617,24.350000381469727,24.510000228881836,6139789
2009-06-26,22.835609436035156,25.200000762939453,25.559999465942383,24.899999618530273,25.440000534057617,4569223
2009-06-29,22.8265438079834,25.190000534057617,25.530000686645508,24.399999618530273,25.209999084472656,4728595
2009-06-30,22.69967269897461,25.049999237060547,25.299999237060547,24.670000076293945,25.170000076293945,4563128
2009-07-01,23.1346492767334,25.530000686645508,25.81999969482422,24.6299991607666,24.84000015258789,6081102
2009-07-02,21.793506622314453,24.049999237060547,25.170000076293945,24.049999237060547,25.170000076293945,5967243
2009-07-06,22.11972999572754,24.40999984741211,24.59000015258789,23.75,23.959999084472656,6247704
2009-07-07,23.506174087524414,25.940000534057617,26.709999084472656,23.950000762939453,24.040000915527344,14109013
2009-07-08,22.817485809326172,25.18000030517578,26.149999618530273,24.56999969482422,26.149999618530273,11709519
2009-07-09,23.234323501586914,25.639999389648438,26.3700008392334,24.84000015258789,25.399999618530273,5952991
2009-07-10,23.16183090209961,25.559999465942383,26.270000457763672,25.139999389648438,25.489999771118164,6542229
2009-07-13,23.859586715698242,26.329999923706055,26.420000076293945,25.229999542236328,25.610000610351562,6562724
2009-07-14,23.84145736694336,26.309999465942383,27.1200008392334,26.0,27.010000228881836,6320817
2009-07-15,23.750843048095703,26.209999084472656,26.59000015258789,25.389999389648438,26.59000015258789,8500975
2009-07-16,23.84145736694336,26.309999465942383,26.530000686645508,25.149999618530273,26.25,8886045
2009-07-17,23.90489387512207,26.3799991607666,26.959999084472656,26.1299991607666,26.229999542236328,5609853
2009-07-20,23.05309295654297,25.440000534057617,26.489999771118164,25.170000076293945,26.479999542236328,7569680
2009-07-21,22.183164596557617,24.479999542236328,25.8700008392334,24.030000686645508,25.799999237060547,12292299
2009-07-22,22.31003189086914,24.6200008392334,24.975000381469727,24.229999542236328,24.40999984741211,7670900
2009-07-23,23.089336395263672,25.479999542236328,25.799999237060547,24.510000228881836,24.579999923706055,6833345
2009-07-24,23.959266662597656,26.440000534057617,26.469999313354492,25.389999389648438,25.389999389648438,4981065
2009-07-27,23.30681610107422,25.719999313354492,25.950000762939453,24.649999618530273,24.934999465942383,23375030
2009-07-28,26.242826461791992,28.959999084472656,29.469999313354492,26.010000228881836,26.079999923706055,20850709
2009-07-29,25.10104751586914,27.700000762939453,29.079999923706055,27.56999969482422,28.440000534057617,10931710
2009-07-30,24.756698608398438,27.31999969482422,28.450000762939453,27.0,28.290000915527344,8793480
2009-07-31,24.43953514099121,26.969999313354492,27.3799991607666,26.68000030517578,27.34000015258789,5582533
2009-08-03,24.321735382080078,26.84000015258789,27.270000457763672,26.020000457763672,27.1200008392334,7169434
2009-08-04,24.240184783935547,26.75,27.15999984741211,26.079999923706055,26.079999923706055,6502910
2009-08-05,23.90489387512207,26.3799991607666,26.889999389648438,26.309999465942383,26.709999084472656,5325303
2009-08-06,24.412355422973633,26.940000534057617,27.049999237060547,26.15999984741211,26.68000030517578,6219499
2009-08-07,24.638896942138672,27.190000534057617,27.68000030517578,27.06999969482422,27.209999084472656,4325460
2009-08-10,24.774826049804688,27.34000015258789,27.440000534057617,26.760099411010742,27.149999618530273,3710970
2009-08-11,24.783884048461914,27.350000381469727,27.940000534057617,26.969999313354492,27.34000015258789,4836181
2009-08-12,25.128231048583984,27.729999542236328,28.09000015258789,27.139999389648438,27.209999084472656,5574920
2009-08-13,25.49976348876953,28.139999389648438,28.34000015258789,27.360000610351562,27.709999084472656,4940182
2009-08-14,25.626625061035156,28.280000686645508,28.479999542236328,27.610000610351562,28.25,4584366
2009-08-17,26.849960327148438,29.6299991607666,30.350000381469727,28.049999237060547,28.049999237060547,11764266
2009-08-18,26.80465316772461,29.579999923706055,29.719999313354492,28.959999084472656,29.670000076293945,5122289
2009-08-19,26.53280258178711,29.280000686645508,29.399999618530273,28.84000015258789,29.059999465942383,6067293
2009-08-20,26.886213302612305,29.670000076293945,30.049999237060547,29.0,29.0,4277637
2009-08-21,26.840896606445312,29.6200008392334,30.34000015258789,29.3799991607666,29.889999389648438,6070263
2009-08-24,27.103694915771484,29.90999984741211,30.209999084472656,29.559999465942383,29.559999465942383,5922758
2009-08-25,26.976829528808594,29.770000457763672,30.420000076293945,29.6200008392334,30.049999237060547,8190159
2009-08-26,26.605297088623047,29.360000610351562,30.030000686645508,29.079999923706055,29.829999923706055,6545585
2009-08-27,26.686847686767578,29.450000762939453,29.75,29.190000534057617,29.559999465942383,5253866
2009-08-28,26.369693756103516,29.100000381469727,29.760000228881836,28.75,29.709999084472656,4936460
2009-08-31,25.825990676879883,28.5,29.809999465942383,28.3700008392334,28.989999771118164,5534590
2009-09-01,25.246034622192383,27.860000610351562,28.649999618530273,27.530000686645508,27.90999984741211,6679628
2009-09-02,25.989091873168945,28.68000030517578,29.25,27.920000076293945,27.959999084472656,6706752
2009-09-03,26.396875381469727,29.1299991607666,29.25,28.329999923706055,28.8799991607666,6035492
2009-09-04,26.62342071533203,29.3799991607666,29.530000686645508,29.049999237060547,29.049999237060547,3469047
2009-09-08,26.143144607543945,28.850000381469727,29.489999771118164,28.299999237060547,29.43000030517578,7955777
2009-09-09,26.505613327026367,29.25,29.43000030517578,28.610000610351562,28.8799991607666,6314680
2009-09-10,27.049318313598633,29.850000381469727,29.989999771118164,29.06679916381836,29.299999237060547,7196948
2009-09-11,27.520532608032227,30.3700008392334,30.479999542236328,29.8700008392334,29.959999084472656,6063868
2009-09-14,27.67458724975586,30.540000915527344,30.610000610351562,30.059999465942383,30.06999969482422,5199514
2009-09-15,27.158058166503906,29.969999313354492,31.200000762939453,29.920000076293945,31.200000762939453,7157769
2009-09-16,28.23641014099121,31.15999984741211,31.209999084472656,29.940000534057617,30.809999465942383,7230279
2009-09-17,28.118608474731445,31.030000686645508,31.399999618530273,30.75,31.06999969482422,5757793
2009-09-18,27.910186767578125,30.799999237060547,31.440000534057617,30.670000076293945,31.010000228881836,6088893
2009-09-21,28.09142303466797,31.0,31.09000015258789,30.40999984741211,30.489999771118164,3960812
2009-09-22,27.964557647705078,30.860000610351562,31.200000762939453,30.40999984741211,31.100000381469727,5336432
2009-09-23,27.094633102416992,29.899999618530273,31.030000686645508,29.899999618530273,30.93000030517578,11948381
2009-09-24,26.405942916870117,29.139999389648438,30.100000381469727,28.68000030517578,30.049999237060547,12213577
2009-09-25,26.224702835083008,28.940000534057617,29.510000228881836,28.770000457763672,29.020000457763672,7545310
2009-09-28,26.44218635559082,29.18000030517578,29.5,28.8799991607666,29.110000610351562,6597939
2009-09-29,25.599435806274414,28.25,29.389999389648438,27.8700008392334,29.309999465942383,17353858
2009-09-30,25.218852996826172,27.829999923706055,28.489999771118164,27.34000015258789,28.139999389648438,10252593
2009-10-01,24.9923038482666,27.579999923706055,28.3799991607666,27.540000915527344,27.770000457763672,6362214
2009-10-02,24.22205924987793,26.729999542236328,27.5,26.5,27.329999923706055,6237470
2009-10-05,24.122379302978516,26.6200008392334,27.059999465942383,26.469999313354492,27.040000915527344,5956935
2009-10-06,23.796152114868164,26.260000228881836,26.84000015258789,26.219999313354492,26.84000015258789,12003989
2009-10-07,24.521095275878906,27.059999465942383,27.280000686645508,26.399999618530273,26.520000457763672,7991172
2009-10-08,23.433685302734375,25.860000610351562,26.3799991607666,25.530000686645508,26.100000381469727,12472795
2009-10-09,23.524303436279297,25.959999084472656,26.479999542236328,25.860000610351562,25.90999984741211,9690798
2009-10-12,23.94113540649414,26.420000076293945,26.639999389648438,26.1299991607666,26.219999313354492,6024184
2009-10-13,23.143707275390625,25.540000915527344,26.479999542236328,25.350000381469727,26.3799991607666,9325151
2009-10-14,23.587732315063477,26.030000686645508,26.239999771118164,25.649999618530273,25.920000076293945,6824851
2009-10-15,23.30681610107422,25.719999313354492,26.079999923706055,25.40999984741211,26.079999923706055,7396678
2009-10-16,22.853729248046875,25.219999313354492,25.860000610351562,25.190000534057617,25.700000762939453,5803977
2009-10-19,22.880916595458984,25.25,25.56999969482422,24.940000534057617,25.229999542236328,6799656
2009-10-20,23.19808006286621,25.600000381469727,25.950000762939453,25.280000686645508,25.309999465942383,7550374
2009-10-21,22.94434928894043,25.31999969482422,26.649999618530273,25.280000686645508,26.149999618530273,6656522
2009-10-22,23.21619987487793,25.6200008392334,25.850000381469727,25.309999465942383,25.440000534057617,5131290
2009-10-23,23.623981475830078,26.06999969482422,26.18000030517578,25.899999618530273,25.899999618530273,7139905
2009-10-26,22.899044036865234,25.270000457763672,26.290000915527344,25.06999969482422,26.1299991607666,7717201
2009-10-27,23.72365379333496,26.18000030517578,26.579999923706055,25.149999618530273,25.260000228881836,8300403
2009-10-28,22.94434928894043,25.31999969482422,26.059999465942383,25.229999542236328,26.059999465942383,6917717
2009-10-29,24.149559020996094,26.649999618530273,27.350000381469727,26.049999237060547,26.219999313354492,14774682
2009-10-30,23.587732315063477,26.030000686645508,26.90999984741211,25.979999542236328,26.520000457763672,5903511
2009-11-02,23.805212020874023,26.270000457763672,26.739999771118164,25.649999618530273,26.100000381469727,8692882
2009-11-03,24.122379302978516,26.6200008392334,26.649999618530273,25.829999923706055,26.260000228881836,7041819
2009-11-04,25.3819580078125,28.010000228881836,29.100000381469727,27.3700008392334,27.440000534057617,15579556
2009-11-05,25.916603088378906,28.600000381469727,28.75,28.040000915527344,28.049999237060547,7032167
2009-11-06,26.424062728881836,29.15999984741211,29.219999313354492,28.360000610351562,28.479999542236328,6368089
2009-11-09,27.02213478088379,29.81999969482422,29.979999542236328,28.209999084472656,28.75,9357319
2009-11-10,27.040281295776367,29.799999237060547,29.959999084472656,29.420000076293945,29.690000534057617,5332014
2009-11-11,27.103803634643555,29.8700008392334,30.09000015258789,29.280000686645508,30.09000015258789,6110760
2009-11-12,26.59566307067871,29.309999465942383,29.979999542236328,29.18000030517578,29.950000762939453,4702295
2009-11-13,26.704547882080078,29.43000030517578,29.81999969482422,29.309999465942383,29.389999389648438,4055508
2009-11-16,26.904172897338867,29.649999618530273,29.979999542236328,29.389999389648438,29.59000015258789,5005454
2009-11-17,26.55936622619629,29.270000457763672,29.729999542236328,29.149999618530273,29.459999084472656,4496510
2009-11-18,26.504924774169922,29.209999084472656,29.479999542236328,29.0,29.059999465942383,4203731
2009-11-19,26.033084869384766,28.690000534057617,29.079999923706055,28.06999969482422,28.989999771118164,5286240
2009-11-20,25.769935607910156,28.399999618530273,28.81999969482422,28.25,28.280000686645508,5348375
2009-11-23,26.749923706054688,29.479999542236328,29.65999984741211,28.809999465942383,28.850000381469727,4536119
2009-11-24,27.003990173339844,29.760000228881836,29.860000610351562,28.989999771118164,29.5,4025848
2009-11-25,27.003990173339844,29.760000228881836,29.8799991607666,29.40999984741211,29.5,2547084
2009-11-27,26.713626861572266,29.440000534057617,29.6200008392334,28.6200008392334,28.760000228881836,1926485
2009-11-30,26.414188385009766,29.110000610351562,29.670000076293945,28.610000610351562,29.670000076293945,4752260
2009-12-01,27.058429718017578,29.81999969482422,29.959999084472656,29.110000610351562,29.239999771118164,3793398
2009-12-02,27.003990173339844,29.760000228881836,29.90999984741211,29.440000534057617,29.889999389648438,3602944
2009-12-03,25.996782302856445,28.649999618530273,29.979999542236328,28.59000015258789,29.799999237060547,4489538
2009-12-04,26.296226501464844,28.979999542236328,29.81999969482422,28.760000228881836,29.0,6255391
2009-12-07,27.1219482421875,29.889999389648438,30.420000076293945,28.850000381469727,28.989999771118164,6289580
2009-12-08,27.64824104309082,30.469999313354492,30.770000457763672,29.510000228881836,29.6299991607666,6901675
2009-12-09,27.64824104309082,30.469999313354492,31.260000228881836,30.200000762939453,30.920000076293945,7599940
2009-12-10,29.072845458984375,32.040000915527344,32.189998626708984,30.59000015258789,30.59000015258789,9905609
2009-12-11,28.81877326965332,31.760000228881836,32.54999923706055,31.649999618530273,31.649999618530273,5909119
2009-12-14,29.399513244628906,32.400001525878906,33.189998626708984,32.0,32.0,6873383
2009-12-15,30.17079734802246,33.25,33.38999938964844,32.130001068115234,32.130001068115234,6845905
2009-12-16,30.39763832092285,33.5,34.189998626708984,33.16999816894531,33.540000915527344,6952193
2009-12-17,29.735240936279297,32.77000045776367,33.560001373291016,32.16999816894531,33.560001373291016,7849745
2009-12-18,29.49931526184082,32.5099983215332,33.0,32.36000061035156,32.95000076293945,6815991
2009-12-21,30.88763999938965,34.040000915527344,34.90999984741211,32.63999938964844,32.63999938964844,11134515
2009-12-22,30.787813186645508,33.93000030517578,34.439998626708984,33.88999938964844,34.08000183105469,4615458
2009-12-23,30.633562088012695,33.7599983215332,34.34000015258789,33.689998626708984,34.11000061035156,3897887
2009-12-24,30.651695251464844,33.779998779296875,34.20000076293945,33.36000061035156,34.11000061035156,2171173
2009-12-28,30.34319305419922,33.439998626708984,34.02000045776367,33.209999084472656,33.880001068115234,2400459
2009-12-29,29.816904067993164,32.86000061035156,33.68000030517578,32.68000030517578,33.36000061035156,3780105
2009-12-30,29.17266273498535,32.150001525878906,32.75,31.940000534057617,32.40999984741211,6245937
2009-12-31,28.764333724975586,31.700000762939453,32.400001525878906,31.610000610351562,32.119998931884766,2507034
2010-01-04,29.943944931030273,33.0,33.08000183105469,31.8700008392334,32.060001373291016,5671979
2010-01-05,29.51746940612793,32.529998779296875,33.099998474121094,32.2599983215332,32.939998626708984,4573540
2010-01-06,29.399513244628906,32.400001525878906,32.75,32.25,32.5,4303032
2010-01-07,30.334117889404297,33.43000030517578,33.54999923706055,31.75,31.90999984741211,6181624
2010-01-08,29.671722412109375,32.70000076293945,33.369998931884766,32.540000915527344,33.34000015258789,5226497
2010-01-11,29.70802116394043,32.7400016784668,33.20000076293945,32.599998474121094,32.77000045776367,3674088
2010-01-12,27.775272369384766,30.610000610351562,32.7599983215332,30.309999465942383,32.630001068115234,19543279
2010-01-13,27.90230369567871,30.75,31.09000015258789,29.6200008392334,30.5,10466216
2010-01-14,28.50118637084961,31.40999984741211,31.440000534057617,30.40999984741211,30.43000030517578,6630386
2010-01-15,28.4558162689209,31.360000610351562,32.0099983215332,30.950000762939453,31.25,9794030
2010-01-19,29.635433197021484,32.65999984741211,33.25,32.20000076293945,32.29999923706055,13045071
2010-01-20,29.47209930419922,32.47999954223633,33.650001525878906,32.04999923706055,33.099998474121094,11007715
2010-01-21,28.927658081054688,31.8799991607666,32.77000045776367,31.549999237060547,32.58000183105469,7837717
2010-01-22,28.401371002197266,31.299999237060547,32.310001373291016,31.170000076293945,31.68000030517578,7000038
2010-01-25,28.101930618286133,30.969999313354492,31.790000915527344,30.850000381469727,31.729999542236328,5431627
2010-01-26,27.675466537475586,30.5,30.84000015258789,30.170000076293945,30.84000015258789,7576917
2010-01-27,27.61194610595703,30.43000030517578,31.079999923706055,30.059999465942383,30.280000686645508,6254934
2010-01-28,27.548423767089844,30.360000610351562,31.049999237060547,30.100000381469727,30.559999465942383,6626886
2010-01-29,27.194541931152344,29.969999313354492,30.540000915527344,29.790000915527344,30.540000915527344,5883608
2010-02-01,27.0130615234375,29.770000457763672,30.399999618530273,29.25,30.09000015258789,7141213
2010-02-02,27.4758358001709,30.280000686645508,30.3799991607666,29.5,29.709999084472656,5291436
2010-02-03,27.52120018005371,30.329999923706055,30.479999542236328,29.540000915527344,30.1200008392334,5545040
2010-02-04,26.523069381713867,29.229999542236328,30.229999542236328,29.170000076293945,30.110000610351562,6108269
2010-02-05,26.867881774902344,29.610000610351562,30.3799991607666,28.75,28.780000686645508,12751448
2010-02-08,26.495851516723633,29.200000762939453,30.329999923706055,29.170000076293945,30.09000015258789,5395185
2010-02-09,26.287145614624023,28.969999313354492,29.700000762939453,28.0,29.56999969482422,9961248
2010-02-10,25.996782302856445,28.649999618530273,29.06999969482422,27.940000534057617,28.829999923706055,8725171
2010-02-11,26.17826271057129,28.850000381469727,28.899999618530273,28.299999237060547,28.649999618530273,3915343
2010-02-12,25.9786376953125,28.6299991607666,28.700000762939453,28.1200008392334,28.549999237060547,5536569
2010-02-16,26.0875244140625,28.75,29.0,28.139999389648438,29.0,5137493
2010-02-17,26.867881774902344,29.610000610351562,30.0,28.829999923706055,28.969999313354492,7520066
2010-02-18,26.985841751098633,29.739999771118164,29.899999618530273,29.149999618530273,29.280000686645508,4763437
2010-02-19,26.2508544921875,28.93000030517578,29.639999389648438,28.860000610351562,29.299999237060547,5361246
2010-02-22,26.6319580078125,29.350000381469727,29.90999984741211,28.600000381469727,28.790000915527344,8774363
2010-02-23,26.296226501464844,28.979999542236328,29.25,28.59000015258789,29.1299991607666,4965272
2010-02-24,26.822509765625,29.559999465942383,29.591299057006836,28.75,29.049999237060547,4741069
2010-02-25,27.194541931152344,29.969999313354492,30.010000228881836,28.959999084472656,29.360000610351562,7252625
2010-02-26,27.212690353393555,29.989999771118164,30.489999771118164,29.760000228881836,30.020000457763672,5006042
2010-03-01,27.51212501525879,30.31999969482422,30.860000610351562,29.8700008392334,30.190000534057617,4639420
2010-03-02,28.156375885009766,31.030000686645508,31.139999389648438,30.09000015258789,30.5,6033551
2010-03-03,28.383220672607422,31.280000686645508,31.729999542236328,30.860000610351562,31.1299991607666,5201432
2010-03-04,27.811573028564453,30.649999618530273,31.329999923706055,30.1299991607666,31.149999618530273,6793874
2010-03-05,28.473966598510742,31.3799991607666,31.450000762939453,30.610000610351562,30.709999084472656,3929853
2010-03-08,28.328781127929688,31.219999313354492,31.479999542236328,31.1200008392334,31.229999542236328,2145483
2010-03-09,28.337852478027344,31.229999542236328,31.6299991607666,31.135000228881836,31.34000015258789,2406985
2010-03-10,28.718961715698242,31.649999618530273,31.8799991607666,31.06999969482422,31.1200008392334,3271236
2010-03-11,29.662647247314453,32.689998626708984,32.77000045776367,31.399999618530273,31.56999969482422,6797377
2010-03-12,28.891366958618164,31.84000015258789,33.040000915527344,31.68000030517578,32.689998626708984,5003492
2010-03-15,28.691741943359375,31.6200008392334,31.739999771118164,31.020000457763672,31.59000015258789,3512939
2010-03-16,28.991182327270508,31.950000762939453,31.979999542236328,31.290000915527344,31.649999618530273,3966115
2010-03-17,28.800626754760742,31.739999771118164,32.09000015258789,31.530000686645508,32.0099983215332,3923211
2010-03-18,30.16170883178711,33.2400016784668,33.34000015258789,31.1200008392334,31.639999389648438,9147571
2010-03-19,31.26873779296875,34.459999084472656,34.939998626708984,33.310001373291016,33.93000030517578,14186770
2010-03-22,31.43207359313965,34.63999938964844,35.2400016784668,34.0099983215332,34.54999923706055,12434553
2010-03-23,31.74965476989746,34.9900016784668,35.060001373291016,34.400001525878906,34.68000030517578,6113931
2010-03-24,31.223352432250977,34.40999984741211,35.150001525878906,34.40999984741211,34.880001068115234,4192179
2010-03-25,31.568166732788086,34.790000915527344,35.150001525878906,34.38999938964844,34.650001525878906,5267130
2010-03-26,31.141687393188477,34.31999969482422,34.880001068115234,33.92499923706055,34.59000015258789,4896068
2010-03-29,31.68612289428711,34.91999816894531,35.02000045776367,34.27000045776367,34.31999969482422,2927589
2010-03-30,32.1035270690918,35.380001068115234,35.6150016784668,34.86000061035156,34.9900016784668,4494911
2010-03-31,31.858543395996094,35.11000061035156,35.43000030517578,34.790000915527344,35.20000076293945,4797195
2010-04-01,31.695205688476562,34.93000030517578,35.4900016784668,34.58000183105469,35.29999923706055,4314554
2010-04-05,31.912975311279297,35.16999816894531,35.529998779296875,35.0,35.220001220703125,3083141
2010-04-06,31.858543395996094,35.11000061035156,35.959999084472656,34.959999084472656,35.150001525878906,4085793
2010-04-07,31.12355613708496,34.29999923706055,35.04999923706055,34.209999084472656,34.90999984741211,5034212
2010-04-08,30.551889419555664,33.66999816894531,34.38999938964844,33.41999816894531,34.31999969482422,9520182
2010-04-09,29.97115707397461,33.029998779296875,33.58000183105469,32.400001525878906,33.25,7097002
2010-04-12,29.87134552001953,32.91999816894531,33.27000045776367,32.869998931884766,33.119998931884766,5325287
2010-04-13,29.354129791259766,32.349998474121094,32.84000015258789,32.16999816894531,32.7599983215332,6170354
2010-04-14,28.936731338500977,31.889999389648438,32.4297981262207,31.635000228881836,32.33000183105469,6726262
2010-04-15,28.510257720947266,31.420000076293945,32.16999816894531,31.260000228881836,31.760000228881836,7266502
2010-04-16,28.492111206054688,31.399999618530273,31.770000457763672,30.700000762939453,31.31999969482422,8873134
2010-04-19,28.982105255126953,31.940000534057617,32.380001068115234,31.34000015258789,31.489999771118164,5250907
2010-04-20,29.009326934814453,31.969999313354492,32.34000015258789,31.34000015258789,32.15999984741211,6521427
2010-04-21,28.201753616333008,31.079999923706055,32.2599983215332,30.940000534057617,31.8799991607666,8041666
2010-04-22,27.90230369567871,30.75,31.019899368286133,30.469999313354492,30.950000762939453,5726165
2010-04-23,28.09285545349121,30.959999084472656,31.020000457763672,30.40999984741211,30.639999389648438,4140786
2010-04-26,27.339725494384766,30.1299991607666,31.34000015258789,30.0,31.18000030517578,5543996
2010-04-27,27.2308349609375,30.010000228881836,30.75,29.780000686645508,29.8700008392334,8620581
2010-04-28,27.675466537475586,30.5,30.739999771118164,29.809999465942383,30.059999465942383,9255238
2010-04-29,28.346927642822266,31.239999771118164,31.81999969482422,30.75,31.299999237060547,7606658
2010-04-30,26.813440322875977,29.549999237060547,31.139999389648438,29.479999542236328,30.940000534057617,12340405
2010-05-03,26.922325134277344,29.670000076293945,30.010000228881836,29.290000915527344,29.6200008392334,7754388
2010-05-04,26.223634719848633,28.899999618530273,29.3799991607666,28.700000762939453,29.239999771118164,8392877
2010-05-05,26.513996124267578,29.219999313354492,29.510000228881836,28.540000915527344,28.68000030517578,9060776
2010-05-06,26.09659767150879,28.760000228881836,29.860000610351562,27.3799991607666,29.190000534057617,8666517
2010-05-07,25.67012596130371,28.290000915527344,28.760000228881836,27.520000457763672,28.450000762939453,7211717
2010-05-10,26.731765747070312,29.459999084472656,29.850000381469727,28.600000381469727,28.670000076293945,6213544
2010-05-11,26.867881774902344,29.610000610351562,29.8799991607666,28.889999389648438,29.229999542236328,4822939
2010-05-12,27.68453598022461,30.510000228881836,30.549999237060547,29.510000228881836,29.739999771118164,4932585
2010-05-13,27.466758728027344,30.270000457763672,30.780000686645508,30.170000076293945,30.31999969482422,3696672
2010-05-14,27.022132873535156,29.780000686645508,30.260000228881836,29.399999618530273,30.190000534057617,3808027
2010-05-17,27.1219482421875,29.889999389648438,29.975000381469727,29.200000762939453,29.81999969482422,4347627
2010-05-18,27.07657814025879,29.84000015258789,30.40999984741211,29.709999084472656,29.8799991607666,4469013
2010-05-19,27.20361328125,29.979999542236328,30.15999984741211,29.420000076293945,29.68000030517578,3794002
2010-05-20,26.359737396240234,29.049999237060547,29.68000030517578,29.040000915527344,29.420000076293945,4881269
2010-05-21,26.078447341918945,28.739999771118164,29.280000686645508,28.350000381469727,28.450000762939453,6225278
2010-05-24,25.942340850830078,28.59000015258789,29.1200008392334,28.190000534057617,28.5,5169803
2010-05-25,25.67012596130371,28.290000915527344,28.315000534057617,27.628000259399414,27.950000762939453,4609043
2010-05-26,25.924192428588867,28.56999969482422,29.260000228881836,28.459999084472656,28.489999771118164,5078838
2010-05-27,26.504924774169922,29.209999084472656,29.219999313354492,28.670000076293945,29.0,2886648
2010-05-28,26.459552764892578,29.15999984741211,29.540000915527344,28.899999618530273,29.1200008392334,4181317
2010-06-01,26.123815536499023,28.790000915527344,29.479999542236328,28.729999542236328,28.829999923706055,3546479
2010-06-02,26.867881774902344,29.610000610351562,29.6299991607666,28.75,28.829999923706055,6487144
2010-06-03,27.60286521911621,30.420000076293945,30.43000030517578,29.6299991607666,29.65999984741211,6380487
2010-06-04,27.412317276000977,30.209999084472656,31.200000762939453,29.90999984741211,30.049999237060547,8681069
2010-06-07,26.740848541259766,29.469999313354492,30.719999313354492,29.309999465942383,30.309999465942383,8639895
2010-06-08,26.695472717285156,29.420000076293945,30.010000228881836,29.1299991607666,29.389999389648438,5561645
2010-06-09,26.141963958740234,28.809999465942383,29.809999465942383,28.75,29.649999618530273,6094608
2010-06-10,26.17826271057129,28.850000381469727,29.200000762939453,28.670000076293945,29.1200008392334,6698352
2010-06-11,25.969566345214844,28.6200008392334,29.059999465942383,28.09000015258789,28.6299991607666,7259333
2010-06-14,26.568437576293945,29.280000686645508,29.670000076293945,28.790000915527344,28.81999969482422,7928903
2010-06-15,26.849729537963867,29.59000015258789,29.690000534057617,29.260000228881836,29.5,3993346
2010-06-16,26.604738235473633,29.31999969482422,29.75,29.260000228881836,29.489999771118164,5604890
2010-06-17,27.79342269897461,30.6299991607666,30.68000030517578,29.649999618530273,29.809999465942383,8538569
2010-06-18,27.61194610595703,30.43000030517578,30.6299991607666,30.239999771118164,30.469999313354492,5582189
2010-06-21,27.140098571777344,29.90999984741211,30.969999313354492,29.780000686645508,30.829999923706055,4279173
2010-06-22,26.495851516723633,29.200000762939453,30.190000534057617,29.15999984741211,30.0,5126082
2010-06-23,26.2508544921875,28.93000030517578,29.299999237060547,28.799999237060547,29.149999618530273,5607081
2010-06-24,26.00585174560547,28.65999984741211,29.049999237060547,28.520000457763672,28.799999237060547,3815204
2010-06-25,25.83345603942871,28.469999313354492,28.8700008392334,27.989999771118164,28.110000610351562,7009847
2010-06-28,25.443275451660156,28.040000915527344,28.758499145507812,28.0,28.700000762939453,4491666
2010-06-29,24.40884780883789,26.899999618530273,27.809999465942383,26.729999542236328,27.809999465942383,8056100
2010-06-30,23.9370059967041,26.3799991607666,26.940000534057617,26.260000228881836,26.829999923706055,7823768
2010-07-01,23.58312225341797,25.989999771118164,26.299999237060547,25.0,26.290000915527344,9116136
2010-07-02,23.819042205810547,26.25,26.459999084472656,25.969999313354492,26.059999465942383,7035991
2010-07-06,24.03681755065918,26.489999771118164,26.790000915527344,26.25,26.6200008392334,5131365
2010-07-07,24.653844833374023,27.170000076293945,27.219999313354492,26.5,26.579999923706055,5309165
2010-07-08,25.080318450927734,27.639999389648438,27.709999084472656,27.280000686645508,27.350000381469727,4090710
2010-07-09,25.07124137878418,27.6299991607666,27.790000915527344,27.299999237060547,27.780000686645508,3987952
2010-07-12,24.69013786315918,27.209999084472656,27.239999771118164,26.440000534057617,26.829999923706055,6868663
2010-07-13,25.180130004882812,27.75,27.950000762939453,27.219999313354492,27.40999984741211,5175432
2010-07-14,25.18920135498047,27.760000228881836,28.065000534057617,27.3700008392334,27.510000228881836,3121925
2010-07-15,25.606597900390625,28.219999313354492,28.280000686645508,27.770000457763672,27.799999237060547,4427593
2010-07-16,24.64476776123047,27.15999984741211,28.209999084472656,27.110000610351562,28.049999237060547,5091621
2010-07-19,25.098468780517578,27.65999984741211,27.84000015258789,27.239999771118164,27.329999923706055,2952204
2010-07-20,25.134763717651367,27.700000762939453,27.829999923706055,27.18000030517578,27.260000228881836,5185782
2010-07-21,24.780879974365234,27.309999465942383,27.950000762939453,27.139999389648438,27.81999969482422,3052963
2010-07-22,25.651973724365234,28.270000457763672,28.399999618530273,27.40999984741211,27.690000534057617,4382983
2010-07-23,25.54308319091797,28.149999618530273,28.440000534057617,27.959999084472656,28.200000762939453,3205257
2010-07-26,25.933269500732422,28.579999923706055,28.739999771118164,28.1200008392334,28.1299991607666,3051155
2010-07-27,25.733642578125,28.360000610351562,28.90999984741211,28.190000534057617,28.6299991607666,4092992
2010-07-28,24.998653411865234,27.549999237060547,28.139999389648438,26.950000762939453,28.139999389648438,6525003
2010-07-29,24.944210052490234,27.489999771118164,28.0,27.170000076293945,27.8799991607666,4673240
2010-07-30,25.270864486694336,27.850000381469727,28.09000015258789,27.030000686645508,27.18000030517578,4915979
2010-08-02,25.860679626464844,28.5,28.579999923706055,27.940000534057617,28.260000228881836,5107498
2010-08-03,25.8153018951416,28.450000762939453,29.100000381469727,28.290000915527344,28.459999084472656,6918433
2010-08-04,26.259923934936523,28.940000534057617,29.030000686645508,28.395000457763672,28.469999313354492,3223003
2010-08-05,26.695472717285156,29.420000076293945,29.420000076293945,28.6200008392334,28.780000686645508,3912120
2010-08-06,27.285287857055664,30.06999969482422,30.200000762939453,29.059999465942383,29.059999465942383,6633333
2010-08-09,26.985841751098633,29.739999771118164,30.389999389648438,29.729999542236328,30.110000610351562,3812933
2010-08-10,26.922325134277344,29.670000076293945,29.829999923706055,29.280000686645508,29.469999313354492,3996115
2010-08-11,25.661046981811523,28.280000686645508,29.360000610351562,27.889999389648438,29.360000610351562,7270835
2010-08-12,25.497718811035156,28.100000381469727,28.420000076293945,27.8700008392334,28.079999923706055,3386592
2010-08-13,25.534011840820312,28.139999389648438,28.260000228881836,27.799999237060547,27.989999771118164,2503603
2010-08-16,25.279943466186523,27.860000610351562,27.989999771118164,27.549999237060547,27.799999237060547,2408238
2010-08-17,25.50678825378418,28.110000610351562,28.350000381469727,27.799999237060547,28.100000381469727,2420329
2010-08-18,25.715492248535156,28.34000015258789,28.600000381469727,27.75,28.049999237060547,3782993
2010-08-19,24.7264404296875,27.25,28.219999313354492,27.229999542236328,28.209999084472656,4681659
2010-08-20,24.599403381347656,27.110000610351562,27.360000610351562,26.979999542236328,27.09000015258789,3014999
2010-08-23,24.635690689086914,27.149999618530273,27.520000457763672,27.110000610351562,27.229999542236328,2794649
2010-08-24,24.218292236328125,26.690000534057617,27.020000457763672,26.5,26.8700008392334,3988217
2010-08-25,24.544958114624023,27.049999237060547,27.219999313354492,26.450000762939453,26.530000686645508,3631155
2010-08-26,24.37255096435547,26.860000610351562,27.360000610351562,26.769100189208984,27.1200008392334,2895978
2010-08-27,24.799028396606445,27.329999923706055,27.3799991607666,26.487499237060547,27.0,2530022
2010-08-30,24.36347770690918,26.850000381469727,27.489999771118164,26.850000381469727,27.31999969482422,1866075
2010-08-31,24.245515823364258,26.719999313354492,27.200000762939453,26.420000076293945,26.639999389648438,3463324
2010-09-01,25.334386825561523,27.920000076293945,27.940000534057617,26.920000076293945,27.049999237060547,4658253
2010-09-02,25.779014587402344,28.40999984741211,28.40999984741211,27.670000076293945,28.020000457763672,3176701
2010-09-03,26.09659767150879,28.760000228881836,28.920000076293945,28.579999923706055,28.709999084472656,3711750
2010-09-07,25.924192428588867,28.56999969482422,28.84000015258789,28.360000610351562,28.639999389648438,2623719
2010-09-08,26.377885818481445,29.06999969482422,29.079999923706055,28.549999237060547,28.549999237060547,3252567
2010-09-09,26.731765747070312,29.459999084472656,29.790000915527344,29.290000915527344,29.399999618530273,4181167
2010-09-10,27.15825080871582,29.93000030517578,30.09000015258789,29.239999771118164,29.549999237060547,3634830
2010-09-13,27.621021270751953,30.440000534057617,30.690000534057617,30.149999618530273,30.170000076293945,5290171
2010-09-14,27.675466537475586,30.5,30.700000762939453,30.139999389648438,30.299999237060547,3516950
2010-09-15,27.539356231689453,30.350000381469727,30.5,29.860000610351562,30.3700008392334,4260143
2010-09-16,27.493988037109375,30.299999237060547,30.459999084472656,30.010000228881836,30.299999237060547,2968667
2010-09-17,26.9586238861084,29.709999084472656,30.600000381469727,29.559999465942383,30.530000686645508,6434881
2010-09-20,27.702682495117188,30.530000686645508,30.649999618530273,29.81999969482422,29.889999389648438,3624099
2010-09-21,28.17452621459961,31.049999237060547,31.440000534057617,30.469999313354492,30.510000228881836,5125848
2010-09-22,27.938608169555664,30.790000915527344,31.059999465942383,30.68000030517578,30.899999618530273,5453920
2010-09-23,27.79342269897461,30.6299991607666,30.979999542236328,30.399999618530273,30.549999237060547,5162528
2010-09-24,28.074718475341797,30.940000534057617,31.040000915527344,30.790000915527344,30.950000762939453,4477557
2010-09-27,27.956750869750977,30.809999465942383,31.1200008392334,30.809999465942383,30.889999389648438,3396505
2010-09-28,28.365079879760742,31.260000228881836,31.299999237060547,30.790000915527344,30.979999542236328,3473181
2010-09-29,28.283409118652344,31.170000076293945,31.209999084472656,30.709999084472656,31.049999237060547,3769020
2010-09-30,28.682662963867188,31.610000610351562,31.84000015258789,31.280000686645508,31.329999923706055,4842624
2010-10-01,28.310636520385742,31.200000762939453,31.700000762939453,30.790000915527344,31.610000610351562,2983581
2010-10-04,27.675466537475586,30.5,31.219999313354492,30.420000076293945,31.09000015258789,2366637
2010-10-05,28.1835994720459,31.059999465942383,31.110000610351562,30.524999618530273,30.75,3208562
2010-10-06,27.56657600402832,30.3799991607666,31.253000259399414,30.170000076293945,30.969999313354492,3181557
2010-10-07,27.838788986206055,30.68000030517578,30.8799991607666,30.3799991607666,30.469999313354492,4315487
2010-10-08,27.847867965698242,30.690000534057617,31.040000915527344,30.399999618530273,30.709999084472656,2405311
2010-10-11,28.038419723510742,30.899999618530273,31.084999084472656,30.6200008392334,30.68000030517578,2234300
2010-10-12,28.138227462768555,31.010000228881836,31.139999389648438,30.530000686645508,30.75,2243430
2010-10-13,28.737110137939453,31.670000076293945,31.969999313354492,31.0,31.239999771118164,3916505
2010-10-14,28.65544319152832,31.579999923706055,32.40999984741211,31.399999618530273,31.6200008392334,3523104
2010-10-15,28.800626754760742,31.739999771118164,32.060001373291016,31.540000915527344,31.860000610351562,3842832
2010-10-18,29.02747344970703,31.989999771118164,32.0,31.440000534057617,31.700000762939453,3478359
2010-10-19,28.038419723510742,30.899999618530273,31.65250015258789,30.729999542236328,31.530000686645508,3982263
2010-10-20,28.4285945892334,31.329999923706055,31.6200008392334,31.040000915527344,31.09000015258789,3374382
2010-10-21,28.4830322265625,31.389999389648438,31.5,31.010000228881836,31.3799991607666,2544969
2010-10-22,28.310636520385742,31.200000762939453,31.559999465942383,31.079999923706055,31.389999389648438,2900966
2010-10-25,28.37415313720703,31.270000457763672,31.790000915527344,31.219999313354492,31.559999465942383,2952091
2010-10-26,27.92953109741211,30.780000686645508,31.059999465942383,30.610000610351562,31.059999465942383,3475830
2010-10-27,27.385089874267578,30.18000030517578,30.780000686645508,30.100000381469727,30.530000686645508,3883825
2010-10-28,27.539356231689453,30.350000381469727,30.649999618530273,30.079999923706055,30.399999618530273,2785193
2010-10-29,27.094728469848633,29.860000610351562,30.719999313354492,29.81999969482422,30.360000610351562,4530992
2010-11-01,27.049358367919922,29.809999465942383,30.34000015258789,29.639999389648438,30.020000457763672,3799066
2010-11-02,27.194541931152344,29.969999313354492,30.65999984741211,29.959999084472656,30.09000015258789,7268920
2010-11-03,27.983972549438477,30.84000015258789,31.5,29.559999465942383,30.06999969482422,8187962
2010-11-04,28.020265579223633,30.8799991607666,31.239999771118164,30.610000610351562,31.190000534057617,4728099
2010-11-05,28.156375885009766,31.030000686645508,31.389999389648438,30.71500015258789,31.059999465942383,4738701
2010-11-08,28.365079879760742,31.260000228881836,31.3700008392334,30.90999984741211,30.969999313354492,5153652
2010-11-09,28.537487030029297,31.450000762939453,31.690000534057617,31.170000076293945,31.190000534057617,6131811
2010-11-10,28.99175262451172,31.90999984741211,31.90999984741211,30.709999084472656,31.309999465942383,5229268
2010-11-11,28.9190731048584,31.829999923706055,31.8700008392334,31.31999969482422,31.65999984741211,2871984
2010-11-12,28.728275299072266,31.6200008392334,32.0,31.450000762939453,31.56999969482422,5186939
2010-11-15,28.101381301879883,30.93000030517578,31.729999542236328,30.93000030517578,31.68000030517578,4544034
2010-11-16,27.592592239379883,30.3700008392334,30.760000228881836,30.280000686645508,30.760000228881836,4171754
2010-11-17,27.565338134765625,30.34000015258789,30.510000228881836,30.139999389648438,30.280000686645508,3843342
2010-11-18,27.39271354675293,30.149999618530273,30.59000015258789,29.8700008392334,30.15999984741211,5742743
2010-11-19,27.837902069091797,30.639999389648438,30.670000076293945,30.0,30.200000762939453,10201309
2010-11-22,28.110471725463867,30.940000534057617,32.02000045776367,30.780000686645508,32.0,8011598
2010-11-23,27.519908905029297,30.290000915527344,30.68000030517578,30.264999389648438,30.56999969482422,4753795
2010-11-24,27.55851936340332,30.332500457763672,30.850000381469727,30.264999389648438,30.3799991607666,3423379
2010-11-26,27.365453720092773,30.1200008392334,30.479999542236328,29.979999542236328,30.06999969482422,1773634
2010-11-29,27.40179443359375,30.15999984741211,30.295000076293945,29.540000915527344,29.889999389648438,3896508
2010-11-30,26.911176681518555,29.6200008392334,30.149999618530273,29.610000610351562,29.920000076293945,5841644
2010-12-01,27.201915740966797,29.940000534057617,30.360000610351562,29.84000015258789,30.010000228881836,6906924
2010-12-02,27.71070671081543,30.5,30.610000610351562,29.84000015258789,29.84000015258789,5359426
2010-12-03,27.81972885131836,30.6200008392334,30.735000610351562,30.209999084472656,30.450000762939453,4830342
2010-12-06,27.52899742126465,30.299999237060547,30.670000076293945,30.290000915527344,30.56999969482422,2858903
2010-12-07,27.410884857177734,30.170000076293945,30.540000915527344,30.170000076293945,30.479999542236328,3450887
2010-12-08,27.238256454467773,29.979999542236328,30.350000381469727,29.979999542236328,30.260000228881836,3457547
2010-12-09,27.519908905029297,30.290000915527344,30.389999389648438,29.799999237060547,30.1299991607666,6912354
2010-12-10,27.810640335083008,30.610000610351562,30.6299991607666,30.309999465942383,30.34000015258789,6519094
2010-12-13,28.09456443786621,30.922500610351562,31.3700008392334,30.59000015258789,30.670000076293945,6937184
2010-12-14,27.937843322753906,30.75,31.170000076293945,30.709999084472656,30.8799991607666,3298713
2010-12-15,27.60167121887207,30.3799991607666,31.049999237060547,30.360000610351562,30.700000762939453,5634513
2010-12-16,27.45631217956543,30.219999313354492,30.610000610351562,30.200000762939453,30.440000534057617,4669607
2010-12-17,27.592592239379883,30.3700008392334,30.440000534057617,29.934999465942383,30.209999084472656,6693691
2010-12-20,27.52899742126465,30.299999237060547,30.5,30.100000381469727,30.479999542236328,2505815
2010-12-21,27.42905616760254,30.190000534057617,30.90999984741211,30.139999389648438,30.34000015258789,3932539
2010-12-22,27.91967010498047,30.729999542236328,30.770000457763672,30.1200008392334,30.200000762939453,2758255
2010-12-23,28.046871185302734,30.8700008392334,31.09000015258789,30.604999542236328,30.665000915527344,2541067
2010-12-27,27.928752899169922,30.739999771118164,30.860000610351562,30.600000381469727,30.709999084472656,1029971
2010-12-28,27.628938674926758,30.40999984741211,30.770000457763672,30.360000610351562,30.760000228881836,1039790
2010-12-29,27.683446884155273,30.469999313354492,30.579999923706055,30.360000610351562,30.40999984741211,1341030
2010-12-30,27.638017654418945,30.420000076293945,30.579999923706055,30.350000381469727,30.479999542236328,941280
2010-12-31,27.719785690307617,30.510000228881836,30.709999084472656,30.360000610351562,30.40999984741211,1429376
2011-01-03,28.20132064819336,31.040000915527344,31.139999389648438,30.600000381469727,30.670000076293945,2045087
2011-01-04,28.3466854095459,31.200000762939453,31.270000457763672,30.950000762939453,31.100000381469727,4668247
2011-01-05,28.619251251220703,31.5,31.600000381469727,31.079999923706055,31.09000015258789,6924423
2011-01-06,29.155292510986328,32.09000015258789,32.41999816894531,31.5,31.5,5643075
2011-01-07,29.218894958496094,32.15999984741211,32.4900016784668,31.899999618530273,32.189998626708984,2569986
2011-01-10,29.273401260375977,32.220001220703125,32.459999084472656,32.040000915527344,32.09000015258789,2429584
2011-01-11,29.70950698852539,32.70000076293945,32.709999084472656,32.20000076293945,32.310001373291016,2489513
2011-01-12,29.809450149536133,32.810001373291016,32.93000030517578,32.4900016784668,32.900001525878906,2142784
2011-01-13,29.800365447998047,32.79999923706055,32.84000015258789,32.459999084472656,32.72999954223633,1969133
2011-01-14,30.790672302246094,33.88999938964844,33.959999084472656,32.63999938964844,32.7400016784668,3824974
2011-01-18,31.035982131958008,34.15999984741211,34.16999816894531,33.66999816894531,33.7400016784668,3160478
2011-01-19,30.15470314025879,33.189998626708984,34.08000183105469,33.029998779296875,34.08000183105469,3947678
2011-01-20,30.000242233276367,33.02000045776367,33.244998931884766,32.7400016784668,33.16999816894531,2933628
2011-01-21,30.23646354675293,33.279998779296875,33.459999084472656,33.11000061035156,33.20000076293945,2465540
2011-01-24,30.018409729003906,33.040000915527344,33.5099983215332,32.90999984741211,33.11000061035156,2065441
2011-01-25,30.436349868774414,33.5,33.65999984741211,32.79999923706055,32.81999969482422,2244171
2011-01-26,30.418182373046875,33.47999954223633,33.84000015258789,33.290000915527344,33.52000045776367,3402471
2011-01-27,30.9996395111084,34.119998931884766,34.279998779296875,33.310001373291016,33.5,3012893
2011-01-28,29.9366512298584,32.95000076293945,34.099998474121094,32.93000030517578,34.06999969482422,2748363
2011-01-31,29.927555084228516,32.939998626708984,33.349998474121094,32.83000183105469,33.130001068115234,3392313
2011-02-01,30.70890998840332,33.79999923706055,33.849998474121094,33.13999938964844,33.15999984741211,1948659
2011-02-02,30.345491409301758,33.400001525878906,33.709999084472656,33.31999969482422,33.599998474121094,1776350
2011-02-03,30.22738265991211,33.27000045776367,33.63999938964844,32.529998779296875,33.400001525878906,6029105
2011-02-04,33.99785614013672,37.41999816894531,38.099998474121094,35.93000030517578,37.75,14234980
2011-02-07,33.498138427734375,36.869998931884766,38.060001373291016,36.689998626708984,37.880001068115234,5817006
2011-02-08,34.19773483276367,37.63999938964844,38.099998474121094,36.849998474121094,37.0099983215332,5999655
2011-02-09,33.906986236572266,37.31999969482422,37.869998931884766,37.25,37.41999816894531,3488497
2011-02-10,34.034183502197266,37.459999084472656,37.51499938964844,36.959999084472656,37.150001525878906,2704478
2011-02-11,34.20680618286133,37.650001525878906,37.970001220703125,37.25,37.34000015258789,3453370
2011-02-14,34.00694274902344,37.43000030517578,37.63999938964844,37.060001373291016,37.540000915527344,4365603
2011-02-15,33.76163101196289,37.15999984741211,37.540000915527344,36.720001220703125,37.31999969482422,5778973
2011-02-16,34.50664520263672,37.97999954223633,38.18000030517578,37.09000015258789,37.31999969482422,3705892
2011-02-17,34.85188293457031,38.36000061035156,38.45000076293945,37.529998779296875,37.79999923706055,2970829
2011-02-18,34.78827667236328,38.290000915527344,38.63999938964844,38.11000061035156,38.349998474121094,2740099
2011-02-22,33.861568450927734,37.27000045776367,38.25,37.22999954223633,37.7599983215332,3815977
2011-02-23,33.66167449951172,37.04999923706055,37.650001525878906,36.71009826660156,37.25,4788077
2011-02-24,34.461204528808594,37.93000030517578,38.02000045776367,36.88999938964844,36.970001220703125,4603060
2011-02-25,33.916080474853516,37.33000183105469,38.29999923706055,37.20000076293945,38.0,6154768
2011-02-28,33.94334030151367,37.36000061035156,37.86000061035156,37.209999084472656,37.59000015258789,4998425
2011-03-01,33.9251708984375,37.34000015258789,37.88999938964844,37.310001373291016,37.54999923706055,3039575
2011-03-02,34.24315643310547,37.689998626708984,38.06999969482422,37.2599983215332,37.34000015258789,3359303
2011-03-03,35.315242767333984,38.869998931884766,39.22999954223633,37.93000030517578,37.93000030517578,4376484
2011-03-04,34.83372497558594,38.34000015258789,39.060001373291016,37.90999984741211,38.84000015258789,4321179
2011-03-07,34.19773483276367,37.63999938964844,38.7599983215332,37.36000061035156,38.45000076293945,3169772
2011-03-08,34.30674743652344,37.7599983215332,37.95000076293945,37.16999816894531,37.630001068115234,3458593
2011-03-09,34.57023239135742,38.04999923706055,38.16999816894531,37.27000045776367,37.68000030517578,2841267
2011-03-10,33.48905944824219,36.86000061035156,37.65999984741211,36.7400016784668,37.619998931884766,3806587
2011-03-11,33.1619873046875,36.5,37.11000061035156,36.220001220703125,36.880001068115234,3283939
2011-03-14,32.74406051635742,36.040000915527344,36.40999984741211,35.595001220703125,36.220001220703125,3291153
2011-03-15,32.689552307128906,35.97999954223633,36.209999084472656,34.959999084472656,35.2599983215332,5232294
2011-03-16,31.572017669677734,34.75,35.959999084472656,34.68000030517578,35.83000183105469,7089423
2011-03-17,31.617460250854492,34.79999923706055,35.369998931884766,34.41999816894531,35.189998626708984,3861394
2011-03-18,31.899110794067383,35.11000061035156,35.64950180053711,35.02000045776367,35.189998626708984,5038540
2011-03-21,32.317039489746094,35.56999969482422,35.959999084472656,35.31999969482422,35.54999923706055,3499448
2011-03-22,32.18983459472656,35.43000030517578,35.83000183105469,35.25,35.70000076293945,5116755
2011-03-23,32.244346618652344,35.4900016784668,35.61000061035156,34.95000076293945,35.290000915527344,2867763
2011-03-24,33.10747528076172,36.439998626708984,36.47999954223633,35.63999938964844,35.65999984741211,3140681
2011-03-25,33.42546844482422,36.790000915527344,37.47999954223633,36.61000061035156,37.11000061035156,5165114
2011-03-28,33.51632308959961,36.88999938964844,37.165000915527344,36.7599983215332,36.95000076293945,2365458
2011-03-29,33.62534713745117,37.0099983215332,37.189998626708984,36.820098876953125,36.849998474121094,2196599
2011-03-30,34.1613883972168,37.599998474121094,38.0099983215332,37.060001373291016,37.189998626708984,3669268
2011-03-31,34.00694274902344,37.43000030517578,37.45000076293945,37.025001525878906,37.13999938964844,3382441
2011-04-01,34.234073638916016,37.68000030517578,37.90999984741211,37.38999938964844,37.529998779296875,2351773
2011-04-04,34.470298767089844,37.939998626708984,38.04999923706055,37.630001068115234,37.810001373291016,2631633
2011-04-05,34.25224304199219,37.70000076293945,38.02000045776367,37.43000030517578,37.900001525878906,3370409
2011-04-06,33.93425369262695,37.349998474121094,37.95000076293945,37.18000030517578,37.810001373291016,2314031
2011-04-07,33.65260314941406,37.040000915527344,37.939998626708984,36.970001220703125,37.33000183105469,3380170
2011-04-08,33.389137268066406,36.75,37.31999969482422,36.540000915527344,37.25,2529202
2011-04-11,33.51632308959961,36.88999938964844,37.36000061035156,36.84000015258789,36.869998931884766,2245813
2011-04-12,34.36471939086914,37.66999816894531,37.78499984741211,36.540000915527344,36.66999816894531,5495998
2011-04-13,34.15489196777344,37.439998626708984,37.9900016784668,37.2599983215332,37.9900016784668,3236787
2011-04-14,34.20051193237305,37.4900016784668,37.540000915527344,36.93000030517578,37.29999923706055,2445117
2011-04-15,34.145782470703125,37.43000030517578,37.77000045776367,37.34000015258789,37.63999938964844,2624325
2011-04-18,33.31562805175781,36.52000045776367,37.06999969482422,36.099998474121094,37.06999969482422,2622342
2011-04-19,33.5710563659668,36.79999923706055,36.86000061035156,36.345001220703125,36.54999923706055,1599036
2011-04-20,33.77175521850586,37.02000045776367,37.59000015258789,36.900001525878906,37.279998779296875,2299647
2011-04-21,35.63275909423828,39.060001373291016,39.11000061035156,38.20000076293945,38.45000076293945,6714685
2011-04-25,35.386451721191406,38.790000915527344,39.138999938964844,38.41999816894531,39.02000045776367,2799509
2011-04-26,36.207496643066406,39.689998626708984,39.7400016784668,39.150001525878906,39.349998474121094,4176868
2011-04-27,36.31695556640625,39.810001373291016,40.150001525878906,39.36000061035156,39.939998626708984,4667382
2011-04-28,37.81305694580078,41.45000076293945,42.88999938964844,41.38999938964844,42.65999984741211,9104745
2011-04-29,37.749202728271484,41.380001068115234,41.560001373291016,41.060001373291016,41.52000045776367,4414619
2011-05-02,38.37865447998047,42.06999969482422,42.349998474121094,41.540000915527344,41.540000915527344,6152533
2011-05-03,37.80392837524414,41.439998626708984,42.13999938964844,41.41999816894531,41.849998474121094,5527325
2011-05-04,37.62147521972656,41.2400016784668,41.779998779296875,41.060001373291016,41.290000915527344,5034726
2011-05-05,38.132354736328125,41.79999923706055,41.93000030517578,40.65999984741211,41.08000183105469,5148011
2011-05-06,38.18708038330078,41.86000061035156,42.400001525878906,41.689998626708984,42.08000183105469,4254480
2011-05-09,38.807411193847656,42.540000915527344,42.599998474121094,41.65999984741211,41.689998626708984,4341592
2011-05-10,39.090206146240234,42.849998474121094,43.0,42.22999954223633,42.75,4153668
2011-05-11,38.99897766113281,42.75,42.9900016784668,42.119998931884766,42.75,4767178
2011-05-12,39.07196807861328,42.83000183105469,42.88999938964844,42.060001373291016,42.599998474121094,4417458
2011-05-13,40.00247573852539,43.849998474121094,43.93000030517578,43.290000915527344,43.63999938964844,7226082
2011-05-16,40.74139404296875,44.65999984741211,44.86000061035156,43.349998474121094,43.689998626708984,7503569
2011-05-17,40.19404602050781,44.060001373291016,44.439998626708984,43.81999969482422,44.439998626708984,4600798
2011-05-18,41.425601959228516,45.40999984741211,45.630001068115234,44.06999969482422,44.13999938964844,7148370
2011-05-19,41.872596740722656,45.900001525878906,46.0099983215332,45.34000015258789,45.650001525878906,5696207
2011-05-20,41.10630416870117,45.060001373291016,45.869998931884766,44.709999084472656,45.869998931884766,4929376
2011-05-23,40.49509048461914,44.38999938964844,44.66999816894531,43.900001525878906,44.58000183105469,4853598
2011-05-24,39.42774963378906,43.220001220703125,44.369998931884766,43.189998626708984,44.189998626708984,5325177
2011-05-25,39.619319915771484,43.43000030517578,43.68000030517578,42.95000076293945,43.130001068115234,4347502
2011-05-26,39.82002258300781,43.650001525878906,43.84000015258789,42.83000183105469,43.380001068115234,4292150
2011-05-27,39.765281677246094,43.59000015258789,43.779998779296875,43.11000061035156,43.75,2888152
2011-05-31,39.84739303588867,43.68000030517578,44.119998931884766,43.31999969482422,43.86000061035156,5393472
2011-06-01,39.41862106323242,43.209999084472656,43.75,43.209999084472656,43.630001068115234,3094922
2011-06-02,39.94773483276367,43.790000915527344,43.90999984741211,43.16999816894531,43.310001373291016,2889815
2011-06-03,39.409507751464844,43.20000076293945,43.61000061035156,43.06999969482422,43.2400016784668,2508169
2011-06-06,38.79829788208008,42.529998779296875,42.900001525878906,42.209999084472656,42.900001525878906,3145937
2011-06-07,38.853031158447266,42.59000015258789,43.25,42.540000915527344,42.97999954223633,2503308
2011-06-08,38.688819885253906,42.40999984741211,42.61000061035156,41.880001068115234,42.439998626708984,2698284
2011-06-09,40.06631851196289,43.91999816894531,44.15999984741211,42.41999816894531,42.56999969482422,4451266
2011-06-10,39.099334716796875,42.86000061035156,43.70000076293945,42.439998626708984,43.66999816894531,3180879
2011-06-13,38.99897766113281,42.75,43.2599983215332,42.68000030517578,42.88999938964844,1946876
2011-06-14,40.485965728759766,44.380001068115234,44.75,43.3203010559082,43.380001068115234,4458593
2011-06-15,39.272666931152344,43.04999923706055,44.47999954223633,42.9900016784668,43.90999984741211,4918783
2011-06-16,39.54634475708008,43.349998474121094,43.36000061035156,42.40999984741211,43.06999969482422,3892872
2011-06-17,39.41862106323242,43.209999084472656,43.81999969482422,43.11000061035156,43.72999954223633,3581120
2011-06-20,40.84174346923828,44.77000045776367,44.880001068115234,43.119998931884766,43.130001068115234,3623834
2011-06-21,40.71403503417969,44.630001068115234,45.400001525878906,44.4900016784668,45.029998779296875,4509063
2011-06-22,40.376495361328125,44.2599983215332,45.22999954223633,44.220001220703125,44.599998474121094,3731478
2011-06-23,39.80177688598633,43.630001068115234,43.810001373291016,42.650001525878906,43.810001373291016,5815241
2011-06-24,39.48248291015625,43.279998779296875,43.81999969482422,42.66999816894531,43.59000015258789,5436069
2011-06-27,39.500736236572266,43.29999923706055,43.470001220703125,42.72999954223633,43.41999816894531,3395334
2011-06-28,40.74139404296875,44.65999984741211,45.029998779296875,43.5099983215332,43.540000915527344,4433082
2011-06-29,40.65016174316406,44.560001373291016,44.880001068115234,44.40999984741211,44.75,4182321
2011-06-30,40.22141647338867,44.09000015258789,45.0,44.0,44.65999984741211,4931386
2011-07-01,41.261383056640625,45.22999954223633,45.310001373291016,44.099998474121094,44.119998931884766,3585131
2011-07-05,40.768768310546875,44.689998626708984,45.27000045776367,44.470001220703125,45.2599983215332,2767188
2011-07-06,40.95122146606445,44.88999938964844,45.130001068115234,44.52000045776367,44.75,2309199
2011-07-07,40.50419616699219,44.400001525878906,45.38999938964844,44.0,45.20000076293945,3961126
2011-07-08,40.41297912597656,44.29999923706055,44.310001373291016,43.560001373291016,43.81999969482422,2940050
2011-07-11,39.23617172241211,43.0099983215332,43.720001220703125,42.86000061035156,43.66999816894531,2748434
2011-07-12,39.67557907104492,43.34000015258789,43.880001068115234,42.77000045776367,42.86000061035156,4615872
2011-07-13,39.72135925292969,43.38999938964844,44.189998626708984,43.27000045776367,43.63999938964844,3230517
2011-07-14,39.76713180541992,43.439998626708984,44.040000915527344,43.209999084472656,43.560001373291016,2487207
2011-07-15,39.69390869140625,43.36000061035156,43.7400016784668,43.18000030517578,43.63999938964844,4378784
2011-07-18,39.31855773925781,42.95000076293945,43.599998474121094,42.519901275634766,43.099998474121094,3253619
2011-07-19,39.61151123046875,43.27000045776367,43.42499923706055,42.63999938964844,43.290000915527344,6842890
2011-07-20,39.73966979980469,43.40999984741211,43.720001220703125,43.060001373291016,43.4900016784668,2588668
2011-07-21,39.56574630737305,43.220001220703125,43.75,43.220001220703125,43.61000061035156,5486508
2011-07-22,39.67557907104492,43.34000015258789,43.40999984741211,42.7400016784668,43.189998626708984,3320702
2011-07-25,39.20871353149414,42.83000183105469,43.43000030517578,42.77000045776367,42.849998474121094,2514372
2011-07-26,39.01646423339844,42.619998931884766,43.060001373291016,42.54999923706055,42.83000183105469,3692858
2011-07-27,38.192562103271484,41.720001220703125,44.04999923706055,41.36000061035156,43.959999084472656,11366310
2011-07-28,38.43974685668945,41.9900016784668,43.34000015258789,41.5099983215332,41.650001525878906,9145366
2011-07-29,37.98201370239258,41.4900016784668,42.29999923706055,40.40999984741211,41.47999954223633,6208531
2011-08-01,36.88346862792969,40.290000915527344,42.540000915527344,39.279998779296875,42.540000915527344,7793436
2011-08-02,35.858177185058594,39.16999816894531,40.630001068115234,39.15999984741211,39.869998931884766,5715259
2011-08-03,35.8856315612793,39.20000076293945,39.64950180053711,38.33000183105469,39.279998779296875,7390799
2011-08-04,34.64976119995117,37.849998474121094,39.16999816894531,37.810001373291016,38.63999938964844,5341384
2011-08-05,34.256126403808594,37.41999816894531,38.439998626708984,36.5,38.38999938964844,11314872
2011-08-08,31.62879753112793,34.54999923706055,36.83000183105469,34.5,36.470001220703125,9510381
2011-08-09,33.770938873291016,36.88999938964844,36.97999954223633,34.56999969482422,35.72999954223633,8528505
2011-08-10,32.10482406616211,35.06999969482422,37.04999923706055,35.0,36.40999984741211,8555020
2011-08-11,33.542083740234375,36.63999938964844,37.099998474121094,34.80009841918945,35.18000030517578,5840418
2011-08-12,34.137123107910156,37.290000915527344,37.93000030517578,36.849998474121094,37.11000061035156,5131353
2011-08-15,35.10749053955078,38.349998474121094,38.349998474121094,37.439998626708984,37.459999084472656,3895251
2011-08-16,34.63146209716797,37.83000183105469,38.189998626708984,37.36000061035156,37.93000030517578,3382765
2011-08-17,34.66807556152344,37.869998931884766,38.619998931884766,37.400001525878906,38.11000061035156,2968106
2011-08-18,33.35898971557617,36.439998626708984,37.06999969482422,36.029998779296875,36.66999816894531,5729767
2011-08-19,32.480159759521484,35.47999954223633,36.810001373291016,35.2400016784668,35.83000183105469,5552972
2011-08-22,32.25129318237305,35.22999954223633,36.30500030517578,35.099998474121094,36.255001068115234,4295858
2011-08-23,33.926578521728516,37.060001373291016,37.25,35.099998474121094,35.630001068115234,7047573
2011-08-24,34.70469284057617,37.90999984741211,38.0,36.56999969482422,36.95000076293945,4749911
2011-08-25,34.228660583496094,37.38999938964844,38.489601135253906,37.18000030517578,38.099998474121094,4225673
2011-08-26,34.997642517089844,38.22999954223633,38.40999984741211,36.27000045776367,37.310001373291016,3578236
2011-08-29,35.84900665283203,39.15999984741211,39.31999969482422,38.41999816894531,38.68000030517578,3024875
2011-08-30,36.56306457519531,39.939998626708984,40.16999816894531,38.900001525878906,39.0,4542227
2011-08-31,36.64546203613281,40.029998779296875,41.11000061035156,39.75,40.25,6503822
2011-09-01,36.50813674926758,39.880001068115234,41.0099983215332,39.70000076293945,40.220001220703125,3896631
2011-09-02,35.60185241699219,38.88999938964844,39.779998779296875,38.790000915527344,39.040000915527344,3429754
2011-09-06,35.24481964111328,38.5,38.619998931884766,37.29999923706055,37.47999954223633,4461516
2011-09-07,36.57222366333008,39.95000076293945,40.25,38.95349884033203,39.11000061035156,4211269
2011-09-08,35.87648010253906,39.189998626708984,40.45000076293945,39.1349983215332,39.54999923706055,4632487
2011-09-09,34.7870979309082,38.0,39.02000045776367,37.77000045776367,38.7599983215332,5242342
2011-09-12,35.18989562988281,38.439998626708984,38.7859992980957,37.369998931884766,37.4900016784668,4641476
2011-09-13,37.10317611694336,40.529998779296875,40.689998626708984,39.09000015258789,39.2599983215332,8471939
2011-09-14,36.856014251708984,40.2599983215332,40.88999938964844,39.540000915527344,40.560001373291016,8535213
2011-09-15,37.789764404296875,41.279998779296875,41.43000030517578,39.97999954223633,40.709999084472656,5046913
2011-09-16,38.01863098144531,41.529998779296875,41.79999923706055,40.83000183105469,41.540000915527344,4988823
2011-09-19,37.62498092651367,41.099998474121094,41.339900970458984,40.5,40.63999938964844,3360382
2011-09-20,37.084861755371094,40.5099983215332,41.849998474121094,40.15999984741211,41.220001220703125,5780307
2011-09-21,35.53776168823242,38.81999969482422,40.56999969482422,38.790000915527344,40.310001373291016,4843441
2011-09-22,34.6955451965332,37.900001525878906,38.439998626708984,37.29999923706055,37.599998474121094,6420214
2011-09-23,35.38212966918945,38.650001525878906,38.84000015258789,37.36000061035156,37.720001220703125,5860536
2011-09-26,36.114498138427734,39.45000076293945,39.47999954223633,38.22999954223633,39.13999938964844,4863452
2011-09-27,35.82154846191406,39.130001068115234,40.220001220703125,38.939998626708984,40.11000061035156,6358635
2011-09-28,34.420902252197266,37.599998474121094,39.27000045776367,37.529998779296875,39.15999984741211,5080717
2011-09-29,34.07304000854492,37.220001220703125,38.349998474121094,36.33000183105469,38.220001220703125,6659918
2011-09-30,33.2674446105957,36.34000015258789,37.25,36.22999954223633,36.77000045776367,5073038
2011-10-03,31.42738914489746,34.33000183105469,36.375,34.310001373291016,36.08000183105469,6776124
2011-10-04,32.56255340576172,35.56999969482422,35.63999938964844,33.42499923706055,33.95000076293945,7361461
2011-10-05,32.27875518798828,35.2599983215332,35.790000915527344,34.86000061035156,35.630001068115234,5716236
2011-10-06,32.498470306396484,35.5,35.54999923706055,34.95000076293945,35.20000076293945,5708585
2011-10-07,32.47100830078125,35.470001220703125,35.849998474121094,34.650001525878906,35.790000915527344,7455707
2011-10-10,33.72517395019531,36.84000015258789,36.849998474121094,35.81999969482422,36.20000076293945,3757828
2011-10-11,33.62405776977539,36.58000183105469,36.790000915527344,36.2400016784668,36.369998931884766,2270993
2011-10-12,34.44213104248047,37.470001220703125,37.90999984741211,36.900001525878906,37.0,4134970
2011-10-13,34.01930618286133,37.0099983215332,37.51499938964844,36.650001525878906,37.34000015258789,3914933
2011-10-14,34.80061721801758,37.86000061035156,37.8849983215332,37.400001525878906,37.5,3981353
2011-10-17,34.46051788330078,37.4900016784668,37.90999984741211,37.380001068115234,37.4900016784668,3961540
2011-10-18,34.10203552246094,37.099998474121094,37.439998626708984,35.2400016784668,36.7400016784668,8076208
2011-10-19,33.890621185302734,36.869998931884766,38.11000061035156,36.70000076293945,37.13999938964844,3961981
2011-10-20,34.32263946533203,37.34000015258789,37.43000030517578,36.400001525878906,37.0,3527279
2011-10-21,35.039615631103516,38.119998931884766,38.20000076293945,37.54999923706055,37.84000015258789,3403184
2011-10-24,35.499202728271484,38.619998931884766,39.09000015258789,38.04999923706055,38.5,4635311
2011-10-25,35.214256286621094,38.310001373291016,39.20000076293945,38.11000061035156,38.52000045776367,3238741
2011-10-26,35.756587982177734,38.900001525878906,39.5099983215332,38.40999984741211,38.880001068115234,4070822
2011-10-27,37.089412689208984,40.349998474121094,41.06999969482422,39.38999938964844,40.27000045776367,5619239
2011-10-28,37.34679412841797,40.630001068115234,40.849998474121094,40.15999984741211,40.7599983215332,4705522
2011-10-31,36.54709243774414,39.7599983215332,40.939998626708984,39.7400016784668,40.720001220703125,6264670
2011-11-01,36.15183639526367,39.33000183105469,39.7599983215332,38.56999969482422,38.56999969482422,5072281
2011-11-02,36.427608489990234,39.630001068115234,40.099998474121094,39.459999084472656,40.04999923706055,3599577
2011-11-03,36.40001678466797,39.599998474121094,40.11000061035156,39.18000030517578,40.060001373291016,4363079
2011-11-04,36.445987701416016,39.650001525878906,39.720001220703125,38.91999816894531,39.310001373291016,3090812
2011-11-07,36.80446243286133,40.040000915527344,40.06999969482422,39.20000076293945,39.86000061035156,2662051
2011-11-08,37.282440185546875,40.560001373291016,40.689998626708984,39.59000015258789,40.15999984741211,3083521
2011-11-09,36.26214599609375,39.45000076293945,39.880001068115234,39.220001220703125,39.83000183105469,3777919
2011-11-10,36.97910690307617,40.22999954223633,40.33000183105469,39.400001525878906,39.88999938964844,2986525
2011-11-11,38.01780319213867,41.36000061035156,41.599998474121094,40.4900016784668,40.529998779296875,3542937
2011-11-14,38.31195068359375,41.68000030517578,42.040000915527344,41.04999923706055,41.04999923706055,3541933
2011-11-15,38.22001266479492,41.58000183105469,41.709999084472656,40.900001525878906,41.5,3505346
2011-11-16,36.51951599121094,39.72999954223633,41.09000015258789,39.68000030517578,41.09000015258789,4525945
2011-11-17,36.27132797241211,39.459999084472656,39.91999816894531,39.209999084472656,39.619998931884766,4027282
2011-11-18,36.48275375366211,39.689998626708984,39.90999984741211,39.380001068115234,39.86000061035156,3134273
2011-11-21,36.25294494628906,39.439998626708984,39.689998626708984,38.86000061035156,38.959999084472656,3660165
2011-11-22,35.995567321777344,39.15999984741211,39.63999938964844,38.81999969482422,39.34000015258789,3271940
2011-11-23,35.057987213134766,38.13999938964844,38.849998474121094,37.97999954223633,38.83000183105469,3244169
2011-11-25,34.82820510864258,37.88999938964844,38.560001373291016,37.869998931884766,38.0,1299309
2011-11-28,35.912845611572266,39.06999969482422,39.22999954223633,38.38999938964844,38.45000076293945,2921058
2011-11-29,36.7033576965332,39.93000030517578,40.040000915527344,39.29999923706055,39.31999969482422,3773257
2011-11-30,38.44062423706055,41.81999969482422,41.84000015258789,40.349998474121094,41.02000045776367,5129380
2011-12-01,38.31195068359375,41.68000030517578,42.16999816894531,41.540000915527344,41.75,2898699
2011-12-02,37.696083068847656,41.0099983215332,42.0,40.77000045776367,42.0,3294177
2011-12-05,37.54901123046875,40.849998474121094,41.79999923706055,40.720001220703125,41.61000061035156,3514377
2011-12-06,38.008602142333984,41.349998474121094,41.630001068115234,40.84000015258789,40.869998931884766,3181697
2011-12-07,38.339500427246094,41.709999084472656,41.970001220703125,40.77000045776367,41.29999923706055,4464599
2011-12-08,36.99748992919922,40.25,41.560001373291016,40.119998931884766,41.5,2973342
2011-12-09,37.60416030883789,40.90999984741211,41.02000045776367,40.33000183105469,40.40999984741211,2576668
2011-12-12,36.786067962646484,40.02000045776367,40.81999969482422,39.810001373291016,40.59000015258789,2485510
2011-12-13,36.409210205078125,39.61000061035156,40.720001220703125,39.5,40.29999923706055,2823804
2011-12-14,36.105873107910156,39.279998779296875,40.130001068115234,39.27000045776367,39.689998626708984,3914689
2011-12-15,36.813655853271484,40.04999923706055,40.619998931884766,39.34000015258789,40.470001220703125,5326079
2011-12-16,37.126182556152344,40.38999938964844,41.0,40.20000076293945,40.689998626708984,4864321
2011-12-19,36.914772033691406,40.15999984741211,40.869998931884766,40.040000915527344,40.470001220703125,2940128
2011-12-20,38.28435134887695,41.650001525878906,41.79999923706055,40.720001220703125,40.91999816894531,5147158
2011-12-21,38.661231994628906,42.060001373291016,42.119998931884766,41.119998931884766,41.810001373291016,4111239
2011-12-22,39.00133514404297,42.43000030517578,42.5,42.099998474121094,42.099998474121094,2963281
2011-12-23,39.8929443359375,43.400001525878906,43.54999923706055,42.47999954223633,42.5,3268269
2011-12-27,40.196285247802734,43.72999954223633,43.88999938964844,43.349998474121094,43.380001068115234,2492839
2011-12-28,39.27708435058594,42.72999954223633,43.790000915527344,42.630001068115234,43.7400016784668,2526137
2011-12-29,39.54365158081055,43.02000045776367,43.41910171508789,42.75,42.7599983215332,1708209
2011-12-30,38.780723571777344,42.189998626708984,43.11000061035156,42.11000061035156,43.09000015258789,2893574
2012-01-03,38.9737548828125,42.400001525878906,42.9900016784668,42.22999954223633,42.849998474121094,4149882
2012-01-04,39.70911407470703,43.20000076293945,43.22999954223633,42.27009963989258,42.29999923706055,5584677
2012-01-05,40.104373931884766,43.630001068115234,43.81999969482422,42.81999969482422,43.0,3063803
2012-01-06,40.50880813598633,44.06999969482422,44.7400016784668,43.5099983215332,43.560001373291016,3458103
2012-01-09,40.57315444946289,44.13999938964844,44.44779968261719,43.70000076293945,44.209999084472656,3052761
2012-01-10,40.73859786987305,44.31999969482422,44.689998626708984,44.099998474121094,44.470001220703125,3210379
2012-01-11,40.78013229370117,44.189998626708984,44.380001068115234,43.79999923706055,44.04999923706055,1933921
2012-01-12,40.54020309448242,43.93000030517578,44.279998779296875,43.439998626708984,44.22999954223633,2412586
2012-01-13,40.32794189453125,43.70000076293945,43.7599983215332,43.29999923706055,43.66999816894531,2066190
2012-01-17,41.13080596923828,44.56999969482422,44.86000061035156,44.08000183105469,44.2400016784668,3016225
2012-01-18,41.44457244873047,44.90999984741211,44.970001220703125,44.06999969482422,44.52000045776367,2596000
2012-01-19,40.72475051879883,44.130001068115234,44.47999954223633,43.68000030517578,44.060001373291016,4371351
2012-01-20,40.36486053466797,43.7400016784668,44.36000061035156,43.47999954223633,44.13999938964844,3183132
2012-01-23,40.21721649169922,43.58000183105469,44.209999084472656,43.400001525878906,43.779998779296875,2324418
2012-01-24,39.46970748901367,42.77000045776367,43.619998931884766,42.540000915527344,43.459999084472656,4391491
2012-01-25,39.34050750732422,42.630001068115234,42.90999984741211,41.04999923706055,41.97999954223633,6321025
2012-01-26,39.322059631347656,42.61000061035156,42.849998474121094,41.95000076293945,42.849998474121094,4022520
2012-01-27,40.07877731323242,43.43000030517578,43.599998474121094,42.25,42.25,4092367
2012-01-30,40.623252868652344,44.02000045776367,44.09000015258789,42.849998474121094,43.18000030517578,5152468
2012-01-31,40.32794189453125,43.70000076293945,45.0,43.529998779296875,44.08000183105469,4689594
2012-02-01,41.59223556518555,45.06999969482422,45.75,42.27000045776367,42.90999984741211,6347172
2012-02-02,41.333839416503906,44.790000915527344,45.61000061035156,44.599998474121094,45.34000015258789,3304221
2012-02-03,40.7063102722168,44.11000061035156,44.75,43.400001525878906,44.75,5902546
2012-02-06,40.36948013305664,43.744998931884766,44.119998931884766,43.279998779296875,44.099998474121094,4845091
2012-02-07,41.26000213623047,44.709999084472656,44.79999923706055,43.61000061035156,43.75,3798286
2012-02-08,41.65682601928711,45.13999938964844,45.29999923706055,44.400001525878906,44.439998626708984,4255481
2012-02-09,42.265907287597656,45.79999923706055,45.93000030517578,45.13999938964844,45.13999938964844,4271025
2012-02-10,42.173622131347656,45.70000076293945,45.95000076293945,45.0,45.2599983215332,3761578
2012-02-13,42.69041061401367,46.2599983215332,46.5,45.880001068115234,45.97999954223633,3281186
2012-02-14,43.62246322631836,47.27000045776367,47.279998779296875,46.06999969482422,46.2599983215332,5976030
2012-02-15,43.539424896240234,47.18000030517578,47.709999084472656,47.09000015258789,47.5,4112385
2012-02-16,43.53019332885742,47.16999816894531,47.334999084472656,46.95000076293945,47.16999816894531,2951808
2012-02-17,43.44713592529297,47.08000183105469,47.599998474121094,47.06999969482422,47.459999084472656,3318698
2012-02-21,43.25333786010742,46.869998931884766,47.5,46.66999816894531,47.27000045776367,3661239
2012-02-22,43.50250244140625,47.13999938964844,47.31999969482422,46.72999954223633,46.970001220703125,3149687
2012-02-23,43.08723068237305,46.689998626708984,47.41999816894531,46.63999938964844,47.18000030517578,2981242
2012-02-24,43.27179718017578,46.88999938964844,47.08000183105469,46.68000030517578,46.68000030517578,3066422
2012-02-27,43.13337326049805,46.7400016784668,47.25,46.380001068115234,46.540000915527344,3687015
2012-02-28,43.04108810424805,46.63999938964844,46.880001068115234,46.459999084472656,46.709999084472656,2565872
2012-02-29,43.15182113647461,46.7599983215332,47.04999923706055,46.380001068115234,46.7400016784668,4147588
2012-03-01,43.576332092285156,47.220001220703125,47.2400016784668,46.349998474121094,46.75,2596124
2012-03-02,42.9857177734375,46.58000183105469,47.2400016784668,46.42499923706055,47.11000061035156,2648346
2012-03-05,43.17951202392578,46.790000915527344,47.0,46.22999954223633,46.27000045776367,2571771
2012-03-06,42.12748336791992,45.650001525878906,46.93000030517578,45.33000183105469,46.47999954223633,3235871
2012-03-07,42.192073822021484,45.720001220703125,46.20000076293945,45.61000061035156,45.68000030517578,2026288
2012-03-08,42.736549377441406,46.310001373291016,46.59000015258789,45.970001220703125,46.099998474121094,2316874
2012-03-09,43.244102478027344,46.86000061035156,47.1150016784668,46.290000915527344,46.31999969482422,2696229
2012-03-12,42.450469970703125,46.0,46.83000183105469,45.939998626708984,46.83000183105469,2527103
2012-03-13,42.3212776184082,45.86000061035156,46.380001068115234,45.470001220703125,46.189998626708984,4328573
2012-03-14,42.173622131347656,45.70000076293945,46.0099983215332,45.58000183105469,45.70000076293945,5667452
2012-03-15,42.41356658935547,45.959999084472656,46.05500030517578,45.775001525878906,45.869998931884766,3211046
2012-03-16,42.91188049316406,46.5,46.58000183105469,45.95000076293945,46.13999938964844,5898494
2012-03-19,43.124141693115234,46.72999954223633,46.970001220703125,46.41999816894531,46.4900016784668,2131188
2012-03-20,42.727317810058594,46.29999923706055,46.68000030517578,45.869998931884766,46.459999084472656,2714763
2012-03-21,42.93034362792969,46.52000045776367,46.72999954223633,46.029998779296875,46.310001373291016,3981532
2012-03-22,42.91188049316406,46.5,46.61000061035156,46.15999984741211,46.2400016784668,3429250
2012-03-23,42.081321716308594,45.599998474121094,46.16999816894531,45.349998474121094,45.79999923706055,5106397
2012-03-26,43.37331008911133,47.0,47.099998474121094,45.7400016784668,45.7599983215332,3761591
2012-03-27,43.37331008911133,47.0,47.25,46.06999969482422,47.09000015258789,4522570
2012-03-28,42.93034362792969,46.52000045776367,47.58000183105469,46.150001525878906,47.119998931884766,4745100
2012-03-29,45.73577117919922,49.560001373291016,49.904998779296875,46.22999954223633,46.2599983215332,12687047
2012-03-30,46.28946304321289,50.15999984741211,51.13999938964844,49.5,49.599998474121094,8015549
2012-04-02,46.354068756103516,50.22999954223633,50.470001220703125,49.95000076293945,50.220001220703125,4367669
2012-04-03,46.07720184326172,49.93000030517578,50.439998626708984,49.529998779296875,50.209999084472656,3102587
2012-04-04,45.809593200683594,49.63999938964844,49.7400016784668,49.220001220703125,49.65999984741211,2847785
2012-04-05,45.791141510009766,49.619998931884766,49.650001525878906,49.15999984741211,49.380001068115234,2015957
2012-04-09,45.0067253112793,48.77000045776367,49.08000183105469,48.62990188598633,48.86000061035156,2749384
2012-04-10,44.15003204345703,47.66999816894531,48.724998474121094,47.470001220703125,48.5099983215332,2551557
2012-04-11,44.16856002807617,47.689998626708984,48.45000076293945,47.630001068115234,48.40999984741211,2785395
2012-04-12,44.631629943847656,48.189998626708984,48.34000015258789,47.650001525878906,47.849998474121094,2115497
2012-04-13,44.28894805908203,47.81999969482422,48.290000915527344,47.79999923706055,47.9900016784668,1851744
2012-04-16,43.742515563964844,47.22999954223633,47.900001525878906,47.06999969482422,47.869998931884766,2473273
2012-04-17,44.242637634277344,47.77000045776367,47.974998474121094,47.279998779296875,47.61000061035156,2092194
2012-04-18,44.3723030090332,47.90999984741211,48.25,47.47999954223633,47.5,3243790
2012-04-19,45.44664001464844,49.06999969482422,49.6349983215332,47.790000915527344,48.04999923706055,4452478
2012-04-20,45.57630920410156,49.209999084472656,49.599998474121094,48.810001373291016,49.209999084472656,2239522
2012-04-23,45.316993713378906,48.93000030517578,49.0099983215332,48.52000045776367,49.0,1832917
2012-04-24,45.41886520385742,49.040000915527344,49.095001220703125,48.5,48.84000015258789,2111442
2012-04-25,45.71524429321289,49.36000061035156,50.2599983215332,49.18000030517578,49.47999954223633,2952977
2012-04-26,41.96427917480469,45.310001373291016,45.70000076293945,43.345001220703125,44.38999938964844,17611765
2012-04-27,40.30645751953125,43.52000045776367,45.51499938964844,43.459999084472656,45.4900016784668,9513522
2012-04-30,40.78805923461914,44.040000915527344,44.209999084472656,43.0,43.16999816894531,8277482
2012-05-01,41.16779708862305,44.45000076293945,44.95000076293945,43.939998626708984,44.060001373291016,5721947
2012-05-02,41.61234664916992,44.93000030517578,45.099998474121094,44.2400016784668,44.2400016784668,5361240
2012-05-03,40.760276794433594,44.0099983215332,44.81999969482422,43.13999938964844,44.81999969482422,6631093
2012-05-04,39.95451354980469,43.13999938964844,43.939998626708984,43.0,43.90999984741211,3800737
2012-05-07,39.806339263916016,42.97999954223633,43.33000183105469,42.56999969482422,43.15999984741211,4713613
2012-05-08,39.87116622924805,43.04999923706055,43.15999984741211,42.25,42.630001068115234,5117453
2012-05-09,38.972801208496094,42.08000183105469,42.75,41.66999816894531,41.77000045776367,6097207
2012-05-10,38.750511169433594,41.84000015258789,42.459999084472656,41.79999923706055,42.31999969482422,3360581
2012-05-11,38.19482421875,41.2400016784668,42.08000183105469,41.14500045776367,41.779998779296875,4391084
2012-05-14,38.46340560913086,41.529998779296875,42.15999984741211,40.72999954223633,41.040000915527344,4512044
2012-05-15,37.81509780883789,40.83000183105469,41.48500061035156,40.7400016784668,41.349998474121094,4586798
2012-05-16,37.24086380004883,40.209999084472656,41.099998474121094,40.09000015258789,40.16999816894531,5564686
2012-05-17,36.694435119628906,39.619998931884766,40.529998779296875,39.619998931884766,40.150001525878906,6217745
2012-05-18,36.3332405090332,39.22999954223633,40.11000061035156,39.06999969482422,39.68000030517578,4439449
2012-05-21,37.76877975463867,40.779998779296875,40.90999984741211,39.310001373291016,39.31999969482422,4517496
2012-05-22,37.28717803955078,40.2599983215332,41.18000030517578,40.08000183105469,40.77000045776367,4066350
2012-05-23,37.36127471923828,40.34000015258789,40.560001373291016,39.85499954223633,40.09000015258789,3216438
2012-05-24,38.092952728271484,41.130001068115234,42.16999816894531,40.45000076293945,40.7400016784668,5878516
2012-05-25,38.15776443481445,41.20000076293945,41.720001220703125,41.0,41.0,2843257
2012-05-29,38.72273635864258,41.810001373291016,41.900001525878906,41.220001220703125,41.41999816894531,3042181
2012-05-30,38.30595779418945,41.36000061035156,41.85960006713867,41.25,41.470001220703125,3062722
2012-05-31,37.87067413330078,40.88999938964844,41.560001373291016,40.5,41.27000045776367,4811273
2012-06-01,37.50019836425781,40.4900016784668,40.90999984741211,40.34000015258789,40.38999938964844,4381394
2012-06-04,37.509464263916016,40.5,40.7599983215332,40.189998626708984,40.5,3216110
2012-06-05,38.66716384887695,41.75,41.86000061035156,40.391998291015625,40.56999969482422,4796494
2012-06-06,39.29695129394531,42.43000030517578,42.75,41.779998779296875,41.83000183105469,4845114
2012-06-07,38.898704528808594,42.0,42.63999938964844,41.95000076293945,42.369998931884766,5026898
2012-06-08,40.04713821411133,43.2400016784668,43.33000183105469,41.720001220703125,41.77000045776367,3920661
2012-06-11,39.59331512451172,42.75,43.45000076293945,42.619998931884766,43.29999923706055,4147162
2012-06-12,39.71372604370117,42.880001068115234,43.029998779296875,42.400001525878906,42.970001220703125,3190336
2012-06-13,38.51897430419922,41.59000015258789,43.150001525878906,41.560001373291016,42.599998474121094,6770773
2012-06-14,38.43562316894531,41.5,41.88999938964844,41.310001373291016,41.88999938964844,6159529
2012-06-15,37.963287353515625,40.9900016784668,41.95000076293945,40.97999954223633,41.56999969482422,7244477
2012-06-18,38.07442092895508,41.11000061035156,41.40999984741211,40.869998931884766,40.90999984741211,6632944
2012-06-19,37.879920959472656,40.900001525878906,41.59000015258789,40.88999938964844,41.5099983215332,6721166
2012-06-20,37.963287353515625,40.9900016784668,41.56999969482422,40.810001373291016,41.220001220703125,8123976
2012-06-21,37.7502555847168,40.7599983215332,41.31999969482422,40.619998931884766,41.130001068115234,5036062
2012-06-22,38.61158752441406,41.689998626708984,41.91999816894531,40.810001373291016,40.97999954223633,6517645
2012-06-25,37.6854362487793,40.689998626708984,41.68000030517578,40.54999923706055,41.36000061035156,3920153
2012-06-26,37.67617416381836,40.68000030517578,40.970001220703125,40.099998474121094,40.650001525878906,2399794
2012-06-27,37.93549728393555,40.959999084472656,41.40999984741211,40.08000183105469,40.38999938964844,3776590
2012-06-28,36.90746307373047,39.849998474121094,41.84000015258789,38.85200119018555,40.72999954223633,16653008
2012-06-29,35.90721130371094,38.77000045776367,40.650001525878906,38.52000045776367,40.630001068115234,8105317
2012-07-02,35.72198486328125,38.56999969482422,39.40999984741211,38.459999084472656,39.02000045776367,3886244
2012-07-03,35.332984924316406,38.150001525878906,38.65999984741211,37.939998626708984,38.5099983215332,2679510
2012-07-05,35.06439971923828,37.86000061035156,38.41999816894531,37.595001220703125,38.130001068115234,3698100
2012-07-06,34.851383209228516,37.630001068115234,37.7400016784668,37.33000183105469,37.540000915527344,3002822
2012-07-09,35.231109619140625,38.040000915527344,38.810001373291016,37.7400016784668,38.310001373291016,5033641
2012-07-10,35.06828689575195,37.689998626708984,38.060001373291016,37.52000045776367,37.959999084472656,2785259
2012-07-11,35.13340759277344,37.7599983215332,37.900001525878906,37.5,37.650001525878906,3281791
2012-07-12,34.938026428222656,37.54999923706055,37.790000915527344,37.34000015258789,37.54999923706055,3166026
2012-07-13,35.505592346191406,38.15999984741211,38.25,37.54999923706055,37.54999923706055,3212581
2012-07-16,35.38462448120117,38.029998779296875,38.209999084472656,37.7599983215332,38.0099983215332,2820959
2012-07-17,35.97079849243164,38.65999984741211,38.79999923706055,38.0099983215332,38.130001068115234,3895286
2012-07-18,36.287147521972656,39.0,39.22999954223633,38.30009841918945,38.54999923706055,3059937
2012-07-19,35.505592346191406,38.15999984741211,40.220001220703125,38.040000915527344,39.83000183105469,5057271
2012-07-20,35.040367126464844,37.65999984741211,38.31999969482422,37.5099983215332,38.0099983215332,3270433
2012-07-23,34.64957809448242,37.2400016784668,37.54999923706055,36.720001220703125,37.45000076293945,2632471
2012-07-24,34.49140930175781,37.06999969482422,37.470001220703125,36.720001220703125,37.130001068115234,2740606
2012-07-25,32.863136291503906,35.31999969482422,35.76499938964844,34.58000183105469,35.189998626708984,8002597
2012-07-26,32.84452438354492,35.29999923706055,36.0,34.97999954223633,35.79999923706055,4729066
2012-07-27,34.119239807128906,36.66999816894531,36.81999969482422,35.47999954223633,35.56999969482422,4065674
2012-07-30,34.55654525756836,37.13999938964844,37.290000915527344,36.689998626708984,36.709999084472656,3539630
2012-07-31,33.551658630371094,36.060001373291016,38.37699890136719,36.040000915527344,38.040000915527344,7907700
2012-08-01,33.97036361694336,36.5099983215332,37.0,36.099998474121094,36.2599983215332,3795660
2012-08-02,33.802886962890625,36.33000183105469,36.56999969482422,35.779998779296875,36.20000076293945,4691803
2012-08-03,34.147151947021484,36.70000076293945,37.06999969482422,36.43000030517578,36.4900016784668,3281821
2012-08-06,34.03549575805664,36.58000183105469,37.0,36.54999923706055,36.83000183105469,2293374
2012-08-07,34.61236572265625,37.20000076293945,37.349998474121094,36.709999084472656,36.7599983215332,5798002
2012-08-08,34.98454666137695,37.599998474121094,37.849998474121094,37.040000915527344,37.130001068115234,3718390
2012-08-09,34.91942596435547,37.529998779296875,37.72999954223633,37.20000076293945,37.45000076293945,2864124
2012-08-10,35.105491638183594,37.72999954223633,37.75,37.2599983215332,37.369998931884766,2258127
2012-08-13,34.872894287109375,37.47999954223633,37.70000076293945,37.290000915527344,37.59000015258789,1982302
2012-08-14,34.39836883544922,36.970001220703125,37.689998626708984,36.880001068115234,37.54999923706055,2209796
2012-08-15,35.031063079833984,37.650001525878906,37.84000015258789,37.0,37.060001373291016,2155442
2012-08-16,35.5148811340332,38.16999816894531,38.16999816894531,37.41999816894531,37.560001373291016,2902286
2012-08-17,35.3939323425293,38.040000915527344,38.290000915527344,37.77000045776367,38.2400016784668,2253655
2012-08-20,37.385074615478516,40.18000030517578,40.2400016784668,39.0,39.70000076293945,15124868
2012-08-21,37.12455749511719,39.900001525878906,40.470001220703125,39.709999084472656,39.869998931884766,6390164
2012-08-22,36.8175048828125,39.56999969482422,39.869998931884766,39.400001525878906,39.81999969482422,4052159
2012-08-23,36.5662841796875,39.29999923706055,39.720001220703125,39.25,39.54999923706055,3199762
2012-08-24,36.02664566040039,38.720001220703125,39.38999938964844,38.65999984741211,39.22999954223633,4418183
2012-08-27,36.287147521972656,39.0,39.189998626708984,38.619998931884766,38.7400016784668,2875131
2012-08-28,35.84983825683594,38.529998779296875,39.029998779296875,38.5099983215332,38.810001373291016,2574012
2012-08-29,36.3988151550293,39.119998931884766,39.36000061035156,38.650001525878906,38.65999984741211,2935843
2012-08-30,36.10107421875,38.79999923706055,39.060001373291016,38.72999954223633,38.86000061035156,3197112
2012-08-31,35.73820495605469,38.40999984741211,39.06999969482422,38.380001068115234,38.939998626708984,3024193
2012-09-04,35.49628448486328,38.150001525878906,38.720001220703125,38.040000915527344,38.41999816894531,3643339
2012-09-05,35.5148811340332,38.16999816894531,38.5099983215332,38.080101013183594,38.31999969482422,3566439
2012-09-06,35.70097351074219,38.369998931884766,38.65999984741211,38.24020004272461,38.2599983215332,3364988
2012-09-07,36.287147521972656,39.0,39.25,38.439998626708984,38.45000076293945,3608718
2012-09-10,35.542808532714844,38.20000076293945,39.029998779296875,38.20000076293945,38.66999816894531,3945428
2012-09-11,35.254371643066406,37.88999938964844,38.4900016784668,37.834999084472656,38.22999954223633,4658018
2012-09-12,34.75191879272461,37.349998474121094,38.22999954223633,37.279998779296875,37.779998779296875,4165780
2012-09-13,35.5148811340332,38.16999816894531,38.29999923706055,37.099998474121094,37.27000045776367,6864978
2012-09-14,36.32437515258789,39.040000915527344,39.040000915527344,38.064998626708984,38.119998931884766,5884249
2012-09-17,36.40811538696289,39.130001068115234,39.20000076293945,38.43000030517578,38.970001220703125,4526059
2012-09-18,36.72446823120117,39.470001220703125,39.47999954223633,38.959999084472656,39.02000045776367,4198851
2012-09-19,36.687252044677734,39.43000030517578,39.52000045776367,39.2400016784668,39.45000076293945,4872536
2012-09-20,36.66863250732422,39.40999984741211,39.52000045776367,38.88999938964844,39.43000030517578,2700695
2012-09-21,36.84542465209961,39.599998474121094,39.720001220703125,39.13999938964844,39.470001220703125,4859920
2012-09-24,37.48741912841797,40.290000915527344,40.54999923706055,39.33000183105469,39.56999969482422,5603826
2012-09-25,37.12455749511719,39.900001525878906,40.939998626708984,39.75,40.29999923706055,8517045
2012-09-26,36.5662841796875,39.29999923706055,40.099998474121094,39.060001373291016,39.70000076293945,4654402
2012-09-27,36.95708084106445,39.720001220703125,39.7599983215332,39.130001068115234,39.40999984741211,3695891
2012-09-28,36.84542465209961,39.599998474121094,39.75,39.33000183105469,39.52000045776367,4008272
2012-10-01,37.04081726074219,39.810001373291016,40.0,39.5,39.81999969482422,3397442
2012-10-02,37.86890411376953,40.70000076293945,40.709999084472656,39.880001068115234,39.959999084472656,4668494
2012-10-03,38.52021408081055,41.400001525878906,41.529998779296875,40.779998779296875,40.779998779296875,5954496
2012-10-04,39.16221237182617,42.09000015258789,42.689998626708984,41.58000183105469,41.59000015258789,7327759
2012-10-05,38.76213455200195,41.65999984741211,42.189998626708984,41.52000045776367,42.16999816894531,3856274
2012-10-08,39.15291976928711,42.08000183105469,42.34000015258789,41.400001525878906,41.77000045776367,4853022
2012-10-09,39.42854309082031,42.20000076293945,42.400001525878906,41.84000015258789,41.91999816894531,6775655
2012-10-10,39.13890075683594,41.88999938964844,42.290000915527344,41.83000183105469,42.11000061035156,5026672
2012-10-11,40.44695281982422,43.290000915527344,43.380001068115234,42.13999938964844,42.220001220703125,7257198
2012-10-12,40.40958786010742,43.25,43.96500015258789,43.040000915527344,43.41999816894531,5850355
2012-10-15,41.03558349609375,43.91999816894531,43.959999084472656,43.27000045776367,43.31999969482422,6088357
2012-10-16,41.044925689697266,43.93000030517578,44.22999954223633,43.29999923706055,43.599998474121094,5458748
2012-10-17,40.67118453979492,43.529998779296875,44.25,43.16999816894531,44.189998626708984,4952154
2012-10-18,41.390625,44.29999923706055,44.4900016784668,43.150001525878906,43.31999969482422,5207005
2012-10-19,40.68053436279297,43.540000915527344,44.15999984741211,43.369998931884766,44.060001373291016,3718638
2012-10-22,41.353248596191406,44.2599983215332,44.279998779296875,43.38999938964844,43.5,3726763
2012-10-23,40.79264450073242,43.65999984741211,43.9900016784668,43.2599983215332,43.83000183105469,4637873
2012-10-24,41.063602447509766,43.95000076293945,44.279998779296875,43.65999984741211,43.90999984741211,4852696
2012-10-25,41.512081146240234,44.43000030517578,45.0,44.13999938964844,44.970001220703125,5020519
2012-10-26,41.203758239746094,44.099998474121094,44.5,43.880001068115234,44.20000076293945,3154071
2012-10-31,40.820682525634766,43.689998626708984,44.540000915527344,43.209999084472656,44.2599983215332,5285829
2012-11-01,41.56814956665039,44.4900016784668,44.54999923706055,43.61000061035156,43.61000061035156,7034240
2012-11-02,41.110313415527344,44.0,44.619998931884766,43.66999816894531,44.5099983215332,7351365
2012-11-05,41.38128662109375,44.290000915527344,44.380001068115234,43.36000061035156,44.06999969482422,5379947
2012-11-06,41.633544921875,44.560001373291016,44.59000015258789,43.56999969482422,44.349998474121094,4374181
2012-11-07,39.88636016845703,42.689998626708984,43.5,42.34000015258789,43.06999969482422,9739772
2012-11-08,39.550010681152344,42.33000183105469,43.689998626708984,42.2400016784668,42.79999923706055,5073064
2012-11-09,39.353797912597656,42.119998931884766,43.040000915527344,42.029998779296875,42.31999969482422,4418604
2012-11-12,39.15758514404297,41.90999984741211,42.31999969482422,41.88999938964844,42.20000076293945,2364356
2012-11-13,38.755828857421875,41.47999954223633,42.36000061035156,41.47999954223633,41.7599983215332,2898742
2012-11-14,38.11114501953125,40.790000915527344,41.65999984741211,40.560001373291016,41.5099983215332,5480769
2012-11-15,38.10179138183594,40.779998779296875,41.20000076293945,40.56999969482422,40.79999923706055,3234681
2012-11-16,38.02705001831055,40.70000076293945,40.97999954223633,40.31999969482422,40.790000915527344,2783768
2012-11-19,38.97071838378906,41.709999084472656,41.72999954223633,40.97999954223633,41.02000045776367,2676914
2012-11-20,39.10152816772461,41.849998474121094,41.9900016784668,41.41999816894531,41.7400016784668,3069661
2012-11-21,39.39116668701172,42.15999984741211,42.474998474121094,41.51750183105469,41.810001373291016,2707521
2012-11-23,40.166664123535156,42.9900016784668,43.02000045776367,42.02000045776367,42.18000030517578,1661011
2012-11-26,39.97045135498047,42.779998779296875,42.90999984741211,42.290000915527344,42.790000915527344,3738000
2012-11-27,39.85832214355469,42.65999984741211,43.2400016784668,42.529998779296875,42.689998626708984,5108830
2012-11-28,39.5406494140625,42.31999969482422,42.66999816894531,42.119998931884766,42.2400016784668,3662072
2012-11-29,39.93307876586914,42.7400016784668,42.970001220703125,42.43000030517578,42.470001220703125,4299106
2012-11-30,40.353519439697266,43.189998626708984,43.40999984741211,42.65999984741211,42.779998779296875,5197911
2012-12-03,40.54972839355469,43.400001525878906,43.76499938964844,43.279998779296875,43.470001220703125,3387220
2012-12-04,40.51235580444336,43.36000061035156,43.95000076293945,43.31999969482422,43.36000061035156,3736363
2012-12-05,40.689876556396484,43.54999923706055,43.849998474121094,42.95000076293945,43.369998931884766,3354407
2012-12-06,40.577754974365234,43.43000030517578,43.630001068115234,43.11000061035156,43.540000915527344,2452477
2012-12-07,41.77368927001953,44.709999084472656,44.72999954223633,44.040000915527344,44.060001373291016,4097390
2012-12-10,41.74567794799805,44.68000030517578,44.849998474121094,44.130001068115234,44.5,4335367
2012-12-11,41.55879592895508,44.47999954223633,44.70000076293945,44.099998474121094,44.68000030517578,5544772
2012-12-12,42.89488220214844,45.90999984741211,46.709999084472656,44.79999923706055,45.06999969482422,8455297
2012-12-13,42.95095443725586,45.970001220703125,46.56999969482422,45.640098571777344,45.81999969482422,4126388
2012-12-14,42.57721710205078,45.56999969482422,45.9900016784668,45.34000015258789,45.7400016784668,4148822
2012-12-17,43.147151947021484,46.18000030517578,46.279998779296875,45.5,45.650001525878906,2501460
2012-12-18,43.46481704711914,46.52000045776367,46.61000061035156,46.07500076293945,46.25,3633996
2012-12-19,42.97897720336914,46.0,46.5,45.60499954223633,46.470001220703125,3377206
2012-12-20,43.903953552246094,46.9900016784668,47.06010055541992,45.88999938964844,46.0,3846052
2012-12-21,43.56760025024414,46.630001068115234,46.93000030517578,46.220001220703125,46.54999923706055,4555006
2012-12-24,43.44613265991211,46.5,46.83000183105469,46.334999084472656,46.68000030517578,937461
2012-12-26,43.46481704711914,46.52000045776367,46.98500061035156,46.33000183105469,46.5,2520528
2012-12-27,43.20322036743164,46.2400016784668,46.779998779296875,45.7400016784668,46.599998474121094,2150370
2012-12-28,42.567874908447266,45.560001373291016,46.36000061035156,45.529998779296875,46.029998779296875,1593711
2012-12-31,43.26861572265625,46.310001373291016,46.369998931884766,45.20000076293945,45.4900016784668,2572796
2013-01-02,43.21257019042969,46.25,47.04999923706055,45.779998779296875,47.04999923706055,3919922
2013-01-03,42.29692077636719,45.27000045776367,46.22999954223633,45.20000076293945,46.150001525878906,5054535
2013-01-04,42.493125915527344,45.47999954223633,45.59000015258789,44.959999084472656,45.40999984741211,4111421
2013-01-07,43.12846374511719,46.15999984741211,46.18000030517578,45.20000076293945,45.34000015258789,2437830
2013-01-08,41.64580535888672,44.380001068115234,46.290000915527344,44.380001068115234,45.959999084472656,4503682
2013-01-09,42.20884704589844,44.97999954223633,45.40999984741211,44.540000915527344,44.540000915527344,2339146
2013-01-10,42.94078826904297,45.7599983215332,45.7599983215332,44.89500045776367,45.09000015258789,2015998
2013-01-11,42.7249641418457,45.529998779296875,45.849998474121094,45.279998779296875,45.79999923706055,1842344
2013-01-14,42.959556579589844,45.779998779296875,45.86000061035156,45.119998931884766,45.63999938964844,2068322
2013-01-15,43.212928771972656,46.04999923706055,46.09000015258789,45.28499984741211,45.45000076293945,2211511
2013-01-16,42.88449478149414,45.70000076293945,46.040000915527344,45.43000030517578,46.0099983215332,2057661
2013-01-17,44.282691955566406,47.189998626708984,47.20000076293945,45.790000915527344,45.970001220703125,3455856
2013-01-18,44.03870391845703,46.93000030517578,47.13999938964844,46.720001220703125,47.09000015258789,3113436
2013-01-22,45.361839294433594,48.34000015258789,48.45000076293945,46.91999816894531,46.97999954223633,3753636
2013-01-23,45.61521530151367,48.61000061035156,48.64500045776367,47.81999969482422,48.220001220703125,2548242
2013-01-24,46.656822204589844,49.720001220703125,49.849998474121094,48.58000183105469,48.650001525878906,3779014
2013-01-25,46.694366455078125,49.7599983215332,49.80500030517578,49.220001220703125,49.70000076293945,3862706
2013-01-28,46.32838821411133,49.369998931884766,50.36000061035156,49.369998931884766,49.939998626708984,3415997
2013-01-29,46.64743423461914,49.709999084472656,49.869998931884766,49.275001525878906,49.38999938964844,3088818
2013-01-30,45.934261322021484,48.95000076293945,49.709999084472656,48.88999938964844,49.650001525878906,4080493
2013-01-31,45.25861740112305,48.22999954223633,48.75,46.529998779296875,47.439998626708984,5793369
2013-02-01,45.49321746826172,48.47999954223633,48.7400016784668,47.869998931884766,48.7400016784668,3071641
2013-02-04,45.558902740478516,48.54999923706055,48.95000076293945,48.099998474121094,48.220001220703125,2576871
2013-02-05,46.49728775024414,49.54999923706055,49.66999816894531,48.650001525878906,48.720001220703125,2525987
2013-02-06,46.59113311767578,49.650001525878906,49.86000061035156,49.130001068115234,49.279998779296875,2775437
2013-02-07,46.60051727294922,49.65999984741211,49.77000045776367,49.0099983215332,49.63999938964844,2128275
2013-02-08,47.482601165771484,50.599998474121094,50.95000076293945,49.494998931884766,49.83000183105469,3844057
2013-02-11,47.276161193847656,50.380001068115234,50.650001525878906,49.93000030517578,50.52000045776367,4020642
2013-02-12,47.060325622558594,50.150001525878906,51.099998474121094,49.9900016784668,50.959999084472656,3122364
2013-02-13,46.45975875854492,49.5099983215332,50.41999816894531,49.400001525878906,50.2599983215332,3604101
2013-02-14,46.50667953491211,49.560001373291016,49.97999954223633,48.9900016784668,49.33000183105469,2194849
2013-02-15,46.168861389160156,49.20000076293945,49.84000015258789,49.13999938964844,49.56999969482422,2747560
2013-02-19,45.70903778076172,48.709999084472656,48.86000061035156,46.900001525878906,47.56999969482422,6720864
2013-02-20,45.26800537109375,48.2400016784668,48.81999969482422,48.04499816894531,48.75,3187050
2013-02-21,44.81756591796875,47.7599983215332,48.59000015258789,47.36000061035156,48.2599983215332,3346836
2013-02-22,44.64866638183594,47.58000183105469,48.11000061035156,47.369998931884766,47.869998931884766,2698882
2013-02-25,43.8228874206543,46.70000076293945,48.13999938964844,46.650001525878906,47.7400016784668,4789056
2013-02-26,43.691497802734375,46.560001373291016,46.939998626708984,46.04499816894531,46.83000183105469,3791605
2013-02-27,44.601741790771484,47.529998779296875,47.72999954223633,46.459999084472656,46.540000915527344,3041941
2013-02-28,44.282691955566406,47.189998626708984,47.59000015258789,46.90999984741211,47.52000045776367,3415947
2013-03-01,44.57359313964844,47.5,47.59000015258789,46.529998779296875,47.02000045776367,2388135
2013-03-04,44.23576736450195,47.13999938964844,47.619998931884766,46.86000061035156,47.2400016784668,3312284
2013-03-05,44.902034759521484,47.849998474121094,47.95000076293945,47.220001220703125,47.2400016784668,1999069
2013-03-06,46.00932693481445,49.029998779296875,49.040000915527344,48.11000061035156,48.150001525878906,3865298
2013-03-07,46.53483581542969,49.59000015258789,49.709999084472656,48.88999938964844,48.88999938964844,3163097
2013-03-08,47.40753173828125,50.52000045776367,50.689998626708984,49.65999984741211,49.709999084472656,3382555
2013-03-11,46.82572937011719,49.900001525878906,50.40999984741211,49.47999954223633,50.290000915527344,4162951
2013-03-12,48.08317565917969,51.2400016784668,51.2400016784668,49.599998474121094,49.810001373291016,3873953
2013-03-13,48.28962326049805,51.459999084472656,51.459999084472656,50.790000915527344,51.18000030517578,2663695
2013-03-14,48.07378005981445,51.22999954223633,51.72999954223633,50.90999984741211,51.599998474121094,2724598
2013-03-15,47.73597717285156,50.869998931884766,51.279998779296875,50.81999969482422,51.0099983215332,4399858
2013-03-18,47.45446014404297,50.56999969482422,50.970001220703125,50.2400016784668,50.52000045776367,3063762
2013-03-19,47.40753173828125,50.52000045776367,50.90999984741211,50.380001068115234,50.75,2878795
2013-03-20,46.94771957397461,50.029998779296875,50.83000183105469,49.97999954223633,50.77000045776367,2582826
2013-03-21,47.14479064941406,50.2400016784668,50.38999938964844,49.68000030517578,49.77000045776367,3527300
2013-03-22,46.835121154785156,49.90999984741211,50.470001220703125,49.779998779296875,50.38999938964844,2086313
2013-03-25,46.96649169921875,50.04999923706055,50.560001373291016,49.900001525878906,50.040000915527344,2826359
2013-03-26,47.482601165771484,50.599998474121094,51.154998779296875,50.15999984741211,50.290000915527344,2541640
2013-03-27,47.73597717285156,50.869998931884766,50.91999816894531,50.38999938964844,50.45000076293945,1884019
2013-03-28,47.979949951171875,51.130001068115234,51.189998626708984,50.47999954223633,50.88999938964844,2108159
2013-04-01,49.15294647216797,52.380001068115234,54.04999923706055,50.400001525878906,51.029998779296875,5604318
2013-04-02,50.95465087890625,54.29999923706055,55.369998931884766,54.060001373291016,55.02000045776367,9969190
2013-04-03,51.07664489746094,54.43000030517578,55.619998931884766,53.93000030517578,54.34000015258789,5520095
2013-04-04,51.23616409301758,54.599998474121094,55.08100128173828,54.25,54.45000076293945,3142491
2013-04-05,50.67313766479492,54.0,54.470001220703125,53.630001068115234,54.27000045776367,2293068
2013-04-08,51.1329460144043,54.4900016784668,54.59000015258789,53.36000061035156,53.959999084472656,2294679
2013-04-09,52.300838470458984,55.529998779296875,55.88999938964844,54.369998931884766,54.5099983215332,3798788
2013-04-10,52.828277587890625,56.09000015258789,56.470001220703125,55.560001373291016,55.7599983215332,2519458
2013-04-11,53.402801513671875,56.70000076293945,56.720001220703125,55.81999969482422,56.13999938964844,2562019
2013-04-12,53.47815704345703,56.779998779296875,56.92499923706055,56.459999084472656,56.599998474121094,2955858
2013-04-15,52.04654312133789,55.2599983215332,56.7599983215332,55.22999954223633,56.540000915527344,2357275
2013-04-16,53.34628677368164,56.63999938964844,56.689998626708984,55.13999938964844,55.88999938964844,3675936
2013-04-17,52.07481002807617,55.290000915527344,56.349998474121094,54.61000061035156,56.33000183105469,3591890
2013-04-18,51.02933883666992,54.18000030517578,55.179901123046875,53.5099983215332,54.0099983215332,4555994
2013-04-19,52.621070861816406,55.869998931884766,55.959999084472656,54.5,54.58000183105469,2931316
2013-04-22,51.82048797607422,55.02000045776367,55.880001068115234,54.880001068115234,55.880001068115234,1933001
2013-04-23,52.31967544555664,55.54999923706055,55.81100082397461,54.81999969482422,55.29999923706055,2098300
2013-04-24,53.67594528198242,56.9900016784668,57.36000061035156,56.400001525878906,57.189998626708984,3488050
2013-04-25,53.57233428955078,56.880001068115234,57.38999938964844,56.2400016784668,57.220001220703125,3731211
2013-04-26,53.69477844238281,57.0099983215332,57.40999984741211,56.650001525878906,56.83000183105469,2119746
2013-04-29,52.894203186035156,56.15999984741211,57.540000915527344,56.04999923706055,57.349998474121094,3753268
2013-04-30,54.099761962890625,57.439998626708984,58.63999938964844,56.56999969482422,57.099998474121094,5666942
2013-05-01,54.8626594543457,58.25,59.380001068115234,57.45000076293945,57.529998779296875,3910620
2013-05-02,54.95684814453125,58.349998474121094,59.179901123046875,58.130001068115234,58.47999954223633,2825507
2013-05-03,55.569053649902344,59.0,59.09000015258789,58.290000915527344,58.540000915527344,2401865
2013-05-06,55.277076721191406,58.689998626708984,59.470001220703125,58.52000045776367,58.91999816894531,2972675
2013-05-07,55.634979248046875,59.06999969482422,59.08000183105469,58.29999923706055,58.849998474121094,3905123
2013-05-08,55.898704528808594,59.349998474121094,59.5,58.810001373291016,59.15999984741211,3361512
2013-05-09,56.03056335449219,59.4900016784668,59.505001068115234,58.540000915527344,59.13999938964844,2331582
2013-05-10,55.663238525390625,59.099998474121094,59.709999084472656,58.880001068115234,59.43000030517578,3443263
2013-05-13,55.80451583862305,59.25,59.58000183105469,59.0,59.11000061035156,3436481
2013-05-14,55.936370849609375,59.38999938964844,59.68000030517578,59.130001068115234,59.130001068115234,2964316
2013-05-15,56.350791931152344,59.83000183105469,60.2599983215332,59.11000061035156,59.41999816894531,3232747
2013-05-16,56.0682373046875,59.529998779296875,60.02909851074219,59.51499938964844,59.619998931884766,2296425
2013-05-17,56.54857635498047,60.040000915527344,60.150001525878906,59.5099983215332,59.560001373291016,2612865
2013-05-20,55.70091247558594,59.13999938964844,59.928001403808594,58.970001220703125,59.849998474121094,2110503
2013-05-21,56.765201568603516,60.27000045776367,60.54990005493164,59.2599983215332,59.349998474121094,2506855
2013-05-22,56.0682373046875,59.529998779296875,61.189998626708984,59.313201904296875,60.25,2332455
2013-05-23,56.87822723388672,60.38999938964844,60.55500030517578,59.029998779296875,59.099998474121094,2139311
2013-05-24,55.861026763916016,59.310001373291016,60.18989944458008,58.88010025024414,60.08000183105469,2374760
2013-05-28,57.349143981933594,60.88999938964844,61.209999084472656,59.810001373291016,59.810001373291016,2754023
2013-05-29,56.7840461730957,60.290000915527344,60.95000076293945,60.21500015258789,60.63999938964844,2175142
2013-05-30,58.81842803955078,62.45000076293945,62.7599983215332,60.29999923706055,60.459999084472656,3850232
2013-05-31,56.868804931640625,60.380001068115234,62.22999954223633,60.34000015258789,62.22999954223633,4057684
2013-06-03,56.20950698852539,59.68000030517578,60.65999984741211,59.2599983215332,60.459999084472656,3138048
2013-06-04,55.90812301635742,59.36000061035156,60.33000183105469,58.900001525878906,59.630001068115234,2818269
2013-06-05,54.834415435791016,58.220001220703125,59.43000030517578,57.720001220703125,59.209999084472656,2830602
2013-06-06,55.91753005981445,59.369998931884766,59.369998931884766,57.959999084472656,58.41999816894531,3287442
2013-06-07,56.765201568603516,60.27000045776367,60.290000915527344,59.43000030517578,59.540000915527344,2418493
2013-06-10,57.42448425292969,60.970001220703125,61.10879898071289,60.209999084472656,60.279998779296875,2197540
2013-06-11,58.18738555908203,61.779998779296875,62.05780029296875,60.16999816894531,60.36000061035156,3767833
2013-06-12,57.80123519897461,61.369998931884766,62.2400016784668,61.36000061035156,62.0,3081551
2013-06-13,58.00844192504883,61.59000015258789,61.88999938964844,60.75,61.29999923706055,2631253
2013-06-14,57.01008224487305,60.529998779296875,61.91999816894531,60.349998474121094,61.5099983215332,3076898
2013-06-17,57.91426467895508,61.4900016784668,61.974998474121094,60.86000061035156,61.029998779296875,2592564
2013-06-18,59.00680160522461,62.650001525878906,62.7400016784668,61.31999969482422,61.47999954223633,2942102
2013-06-19,58.22506332397461,61.81999969482422,62.900001525878906,61.81999969482422,62.709999084472656,2935355
2013-06-20,57.2832145690918,60.81999969482422,61.90999984741211,60.68000030517578,61.540000915527344,2721887
2013-06-21,58.19680404663086,61.790000915527344,62.25,61.099998474121094,61.29999923706055,4114673
2013-06-24,58.545291900634766,62.15999984741211,62.790000915527344,61.349998474121094,61.5,5216615
2013-06-25,58.545291900634766,62.15999984741211,62.89500045776367,61.849998474121094,62.59000015258789,2831165
2013-06-26,59.298770904541016,62.959999084472656,63.470001220703125,62.029998779296875,62.75,3156972
2013-06-27,59.89213943481445,63.59000015258789,63.81999969482422,63.08100128173828,63.209999084472656,2518192
2013-06-28,59.84505081176758,63.540000915527344,64.12999725341797,63.29999923706055,63.650001525878906,2762655
2013-07-01,59.66609573364258,63.349998474121094,64.22000122070312,63.290000915527344,64.18000030517578,2285878
2013-07-02,58.79960250854492,62.43000030517578,63.33000183105469,62.154998779296875,63.29999923706055,3650052
2013-07-03,58.51703643798828,62.130001068115234,62.5099983215332,61.584999084472656,62.099998474121094,1826290
2013-07-05,58.94087219238281,62.58000183105469,62.88999938964844,61.95000076293945,62.61000061035156,1650734
2013-07-08,59.581329345703125,63.2599983215332,63.5,62.81999969482422,63.0,2403500
2013-07-09,59.79864501953125,63.290000915527344,63.93000030517578,63.22999954223633,63.54999923706055,2143318
2013-07-10,60.51671600341797,64.05000305175781,64.38999938964844,63.34000015258789,63.439998626708984,2857908
2013-07-11,60.50727081298828,64.04000091552734,65.17250061035156,63.97999954223633,64.79000091552734,3583397
2013-07-12,59.9970588684082,63.5,64.54000091552734,62.95000076293945,64.2300033569336,2991541
2013-07-15,60.015953063964844,63.52000045776367,63.66999816894531,63.212398529052734,63.459999084472656,2085138
2013-07-16,59.07112121582031,62.52000045776367,63.650001525878906,62.119998931884766,63.5099983215332,3333550
2013-07-17,58.14518356323242,61.540000915527344,62.900001525878906,61.52000045776367,62.77000045776367,3373200
2013-07-18,60.68678283691406,64.2300033569336,64.33999633789062,62.2599983215332,62.2599983215332,4667555
2013-07-19,60.93244171142578,64.48999786376953,64.69999694824219,63.43000030517578,63.959999084472656,2751312
2013-07-22,61.45209503173828,65.04000091552734,65.61000061035156,64.31999969482422,64.48999786376953,2687932
2013-07-23,61.74500274658203,65.3499984741211,65.5989990234375,65.1500015258789,65.51000213623047,1919725
2013-07-24,61.99066162109375,65.61000061035156,66.0,64.73999786376953,65.76000213623047,2995779
2013-07-25,61.96232986450195,65.58000183105469,65.86000061035156,64.6050033569336,65.2699966430664,2161403
2013-07-26,61.130855560302734,64.69999694824219,65.54000091552734,64.26000213623047,65.4000015258789,2386763
2013-07-29,59.902565002441406,63.400001525878906,64.86000061035156,63.31999969482422,64.5199966430664,4615980
2013-07-30,59.47739028930664,62.95000076293945,64.66999816894531,62.13999938964844,63.58000183105469,6845669
2013-07-31,60.63009262084961,64.16999816894531,64.83999633789062,62.97999954223633,62.97999954223633,3507820
2013-08-01,60.2143669128418,63.72999954223633,64.77999877929688,63.66999816894531,64.37999725341797,2357721
2013-08-02,60.05375289916992,63.560001373291016,63.93000030517578,63.2400016784668,63.52000045776367,2046808
2013-08-05,60.70567321777344,64.25,64.5,63.380001068115234,63.54999923706055,1424799
2013-08-06,60.51671600341797,64.05000305175781,64.23999786376953,63.189998626708984,64.12999725341797,2210851
2013-08-07,59.675804138183594,63.15999984741211,64.12999725341797,63.04999923706055,63.95000076293945,2063169
2013-08-08,60.65843200683594,64.19999694824219,64.41000366210938,63.16999816894531,63.38999938964844,2541326
2013-08-09,60.34663772583008,63.869998931884766,64.5,63.65999984741211,64.3499984741211,1395546
2013-08-12,59.940372467041016,63.439998626708984,63.599998474121094,63.15999984741211,63.45000076293945,1293098
2013-08-13,60.51671600341797,64.05000305175781,64.0999984741211,62.990699768066406,63.400001525878906,2291922
2013-08-14,59.75139236450195,63.2400016784668,63.97999954223633,63.130001068115234,63.880001068115234,1867793
2013-08-15,58.54201126098633,61.959999084472656,63.25,61.93000030517578,62.689998626708984,1739536
2013-08-16,58.721534729003906,62.150001525878906,62.65999984741211,61.56999969482422,61.72999954223633,1600581
2013-08-19,58.768768310546875,62.20000076293945,62.869998931884766,62.099998474121094,62.22999954223633,1629237
2013-08-20,59.57188034057617,63.04999923706055,63.40999984741211,62.02009963989258,62.09000015258789,2333797
2013-08-21,59.34511947631836,62.810001373291016,63.3849983215332,62.68000030517578,63.04999923706055,2006128
2013-08-22,60.18602752685547,63.70000076293945,63.75,62.88999938964844,62.9900016784668,1949432
2013-08-23,61.14030838012695,64.70999908447266,64.79000091552734,63.720001220703125,63.90999984741211,2538861
2013-08-26,60.337196350097656,63.86000061035156,64.93000030517578,63.85499954223633,64.70999908447266,1812166
2013-08-27,59.58133316040039,63.060001373291016,63.70000076293945,63.0099983215332,63.400001525878906,2437843
2013-08-28,59.32622528076172,62.790000915527344,63.27000045776367,62.680999755859375,62.880001068115234,2072647
2013-08-29,60.242713928222656,63.7599983215332,63.959999084472656,62.459999084472656,62.630001068115234,1748893
2013-08-30,59.89311599731445,63.38999938964844,64.44999694824219,63.220001220703125,63.90999984741211,1860430
2013-09-03,60.252159118652344,63.77000045776367,64.3499984741211,63.40999984741211,63.83000183105469,1807126
2013-09-04,60.76237487792969,64.30999755859375,64.53500366210938,63.540000915527344,63.83000183105469,2213487
2013-09-05,61.65996551513672,65.26000213623047,65.5,64.1259994506836,64.20999908447266,2486930
2013-09-06,61.518245697021484,65.11000061035156,65.62999725341797,64.22010040283203,65.3499984741211,2355024
2013-09-09,61.461551666259766,65.05000305175781,65.23999786376953,64.46749877929688,65.01000213623047,2130206
2013-09-10,61.77333450317383,65.37999725341797,65.44999694824219,64.56999969482422,65.38999938964844,2512093
2013-09-11,62.13239669799805,65.76000213623047,65.80999755859375,65.22000122070312,65.54000091552734,2066356
2013-09-12,62.075687408447266,65.69999694824219,66.25,65.62999725341797,65.83999633789062,1469449
2013-09-13,63.74805450439453,67.47000122070312,68.48999786376953,66.37999725341797,66.62000274658203,4428129
2013-09-16,64.91966247558594,68.70999908447266,69.19499969482422,68.22010040283203,68.31999969482422,2705342
2013-09-17,64.01261138916016,67.75,68.86000061035156,67.31999969482422,68.62000274658203,4496783
2013-09-18,62.92604446411133,66.5999984741211,67.56999969482422,66.0,67.5199966430664,5621142
2013-09-19,61.26313400268555,64.83999633789062,67.4000015258789,64.5999984741211,66.5999984741211,5500547
2013-09-20,61.15919494628906,64.7300033569336,65.72000122070312,64.63999938964844,64.93000030517578,4674255
2013-09-23,60.56394958496094,64.0999984741211,65.08000183105469,63.400001525878906,64.6500015258789,3208728
2013-09-24,61.234798431396484,64.80999755859375,65.38999938964844,64.05000305175781,64.16999816894531,3029236
2013-09-25,61.33871841430664,64.91999816894531,65.08000183105469,64.5,64.94000244140625,2401339
2013-09-26,61.20643997192383,64.77999877929688,65.5999984741211,64.5,64.76000213623047,1155390
2013-09-27,60.92299270629883,64.4800033569336,64.77999877929688,63.960201263427734,64.68000030517578,1625031
2013-09-30,60.48835754394531,64.0199966430664,64.41000366210938,63.52000045776367,63.900001525878906,1860220
2013-10-01,61.31981658935547,64.9000015258789,65.20999908447266,64.04000091552734,64.19999694824219,2052238
2013-10-02,61.18755340576172,64.76000213623047,64.9990005493164,64.27999877929688,64.72000122070312,1850919
2013-10-03,60.68678283691406,64.2300033569336,64.88999938964844,64.0199966430664,64.7300033569336,2140680
2013-10-04,62.774871826171875,66.44000244140625,66.49500274658203,64.23999786376953,64.33000183105469,4246571
2013-10-07,61.74500274658203,65.3499984741211,66.12000274658203,65.27999877929688,65.87999725341797,2086944
2013-10-08,60.92047119140625,64.27999877929688,65.13999938964844,64.2699966430664,65.13999938964844,1627415
2013-10-09,60.522422790527344,63.86000061035156,64.56999969482422,63.779998779296875,64.26000213623047,2413552
2013-10-10,62.27573776245117,65.70999908447266,66.0199966430664,64.36000061035156,64.4000015258789,3569793
2013-10-11,62.07670211791992,65.5,65.9000015258789,65.16999816894531,65.9000015258789,2421683
2013-10-14,62.08618927001953,65.51000213623047,65.66000366210938,64.74009704589844,65.18000030517578,1654948
2013-10-15,61.470157623291016,64.86000061035156,65.62999725341797,64.58999633789062,65.45999908447266,1697220
2013-10-16,62.21886444091797,65.6500015258789,65.87000274658203,64.77999877929688,65.11000061035156,2127485
2013-10-17,60.82569122314453,64.18000030517578,64.63999938964844,63.900001525878906,64.63999938964844,5263160
2013-10-18,60.114898681640625,63.43000030517578,64.36000061035156,61.65999984741211,64.22000122070312,6354018
2013-10-21,59.88743209838867,63.189998626708984,63.93000030517578,63.1150016784668,63.709999084472656,2921511
2013-10-22,60.45608139038086,63.790000915527344,63.94990158081055,63.290000915527344,63.52000045776367,3514479
2013-10-23,59.09134292602539,62.349998474121094,63.65999984741211,62.150001525878906,63.52000045776367,3653390
2013-10-24,58.475311279296875,61.70000076293945,62.79499816894531,61.38999938964844,62.33000183105469,3407609
2013-10-25,58.58903884887695,61.81999969482422,61.93000030517578,61.540000915527344,61.81999969482422,1955304
2013-10-28,58.55112838745117,61.779998779296875,62.099998474121094,61.540000915527344,62.0099983215332,4438805
2013-10-29,57.5749626159668,60.75,61.70000076293945,60.31999969482422,61.58000183105469,7963634
2013-10-30,58.873355865478516,62.119998931884766,62.95000076293945,61.16999816894531,61.16999816894531,4453721
2013-10-31,59.42304611206055,62.70000076293945,63.06999969482422,61.96900177001953,62.130001068115234,3645120
2013-11-01,59.3377571105957,62.61000061035156,62.95989990234375,62.150001525878906,62.709999084472656,2475739
2013-11-04,60.26652908325195,63.59000015258789,63.85499954223633,62.56999969482422,62.650001525878906,2799369
2013-11-05,59.394615173339844,62.66999816894531,63.36000061035156,62.61000061035156,63.119998931884766,4652124
2013-11-06,59.93482208251953,63.2400016784668,63.779998779296875,62.34000015258789,62.880001068115234,2552820
2013-11-07,59.290374755859375,62.560001373291016,64.0,62.52000045776367,63.68000030517578,2755910
2013-11-08,60.03908157348633,63.349998474121094,63.40999984741211,62.5,62.56999969482422,1869662
2013-11-11,60.32339859008789,63.650001525878906,63.97999954223633,63.27000045776367,63.33000183105469,1542592
2013-11-12,59.773712158203125,63.06999969482422,63.560001373291016,62.81999969482422,63.33000183105469,2013633
2013-11-13,60.541378021240234,63.880001068115234,63.88999938964844,62.810001373291016,62.810001373291016,3535789
2013-11-14,61.59336471557617,64.98999786376953,65.12000274658203,63.79999923706055,63.88999938964844,2695368
2013-11-15,61.67865753173828,65.08000183105469,65.16000366210938,64.25,64.72000122070312,1826359
2013-11-18,61.365909576416016,64.75,65.32499694824219,64.66999816894531,65.11000061035156,2013516
2013-11-19,61.16688919067383,64.54000091552734,65.0,64.37000274658203,64.75,2827057
2013-11-20,62.49370193481445,65.94000244140625,66.22000122070312,64.4800033569336,64.52999877929688,3117969
2013-11-21,63.289817810058594,66.77999877929688,67.79000091552734,66.31999969482422,66.31999969482422,4075515
2013-11-22,64.22806549072266,67.7699966430664,67.81999969482422,66.5,66.81999969482422,2333793
2013-11-25,65.20423126220703,68.80000305175781,68.96499633789062,68.19000244140625,68.19999694824219,3090045
2013-11-26,64.98625183105469,68.56999969482422,69.16000366210938,68.55999755859375,68.7699966430664,2471093
2013-11-27,65.27058410644531,68.87000274658203,69.16000366210938,68.3949966430664,68.94000244140625,1982168
2013-11-29,65.32745361328125,68.93000030517578,69.45999908447266,68.81999969482422,69.0,1073752
2013-12-02,64.88201141357422,68.45999908447266,69.47000122070312,68.30999755859375,68.97000122070312,2581051
2013-12-03,64.1048812866211,67.63999938964844,68.33999633789062,67.43000030517578,68.08000183105469,2803240
2013-12-04,62.82542037963867,66.29000091552734,67.70999908447266,66.18000030517578,67.4000015258789,4939709
2013-12-05,61.42277908325195,64.80999755859375,66.7699966430664,64.7249984741211,66.30999755859375,4605954
2013-12-06,62.56951904296875,66.0199966430664,66.05999755859375,65.37000274658203,65.45999908447266,2069291
2013-12-09,63.32772445678711,66.81999969482422,66.9000015258789,66.08000183105469,66.25,2717660
2013-12-10,63.62153244018555,67.12999725341797,67.30999755859375,66.73999786376953,66.75,3795192
2013-12-11,62.83489227294922,66.30000305175781,67.33999633789062,66.0999984741211,67.13999938964844,4339165
2013-12-12,61.73552322387695,65.13999938964844,66.78500366210938,65.0999984741211,66.0,3302732
2013-12-13,61.62178039550781,65.0199966430664,66.0,64.71499633789062,65.1500015258789,2783793
2013-12-16,62.18096160888672,65.61000061035156,65.62999725341797,65.01000213623047,65.4000015258789,2933125
2013-12-17,62.31364059448242,65.75,65.88999938964844,65.08000183105469,65.61000061035156,3031296
2013-12-18,63.564640045166016,67.06999969482422,67.11000061035156,65.55999755859375,65.97000122070312,3309152
2013-12-19,63.14764404296875,66.62999725341797,66.93000030517578,66.23999786376953,66.70999908447266,2507757
2013-12-20,63.4793701171875,66.9800033569336,67.16000366210938,66.38999938964844,66.77999877929688,2943489
2013-12-23,63.94374465942383,67.47000122070312,67.68000030517578,67.19000244140625,67.25,1627998
2013-12-24,63.848968505859375,67.37000274658203,67.6698989868164,67.2699966430664,67.61000061035156,640349
2013-12-26,64.7398452758789,68.30999755859375,68.36000061035156,67.41999816894531,67.52999877929688,1434834
2013-12-27,64.78724670410156,68.36000061035156,68.48999786376953,68.08000183105469,68.25,1113710
2013-12-30,64.58821868896484,68.1500015258789,68.5,67.63999938964844,68.30999755859375,1446803
2013-12-31,65.00521087646484,68.58999633789062,68.86000061035156,67.87000274658203,68.19999694824219,1565599
2014-01-02,64.02904510498047,67.55999755859375,68.5999984741211,67.5199966430664,68.20999908447266,1650687
2014-01-03,64.30388641357422,67.8499984741211,68.26000213623047,67.66999816894531,67.68000030517578,810769
2014-01-06,63.99111557006836,67.5199966430664,68.33999633789062,67.16000366210938,68.19000244140625,2055882
2014-01-07,64.86305236816406,68.44000244140625,68.58000183105469,67.69999694824219,67.69999694824219,1869524
2014-01-08,65.5264663696289,69.13999938964844,69.33999633789062,68.31999969482422,68.5999984741211,2453766
2014-01-09,67.97163391113281,71.72000122070312,71.73999786376953,69.13999938964844,70.0,4185843
2014-01-10,67.6209487915039,71.3499984741211,72.05999755859375,70.62200164794922,71.44999694824219,3438849
2014-01-13,67.32716369628906,71.04000091552734,72.0,70.72000122070312,71.20999908447266,2277255
2014-01-14,67.95940399169922,71.4800033569336,71.5999984741211,70.47000122070312,70.86000061035156,2237082
2014-01-15,67.88336181640625,71.4000015258789,72.16000366210938,71.20999908447266,71.5999984741211,2438619
2014-01-16,66.77098083496094,70.2300033569336,71.30000305175781,69.8499984741211,71.12999725341797,3026639
2014-01-17,66.70443725585938,70.16000366210938,70.61000061035156,69.55999755859375,70.37999725341797,2236155
2014-01-21,66.79950714111328,70.26000213623047,70.70999908447266,69.70999908447266,70.48999786376953,2761472
2014-01-22,67.13226318359375,70.61000061035156,71.01000213623047,69.98999786376953,70.66000366210938,1691905
2014-01-23,66.52379608154297,69.97000122070312,70.52999877929688,69.27010345458984,70.12000274658203,2139514
2014-01-24,65.5350112915039,68.93000030517578,69.86000061035156,68.58999633789062,69.6500015258789,2254828
2014-01-27,65.36388397216797,68.75,69.22000122070312,68.30000305175781,68.80000305175781,1904532
2014-01-28,65.5350112915039,68.93000030517578,69.63999938964844,68.73999786376953,68.83000183105469,1493109
2014-01-29,64.70785522460938,68.05999755859375,69.81999969482422,67.88880157470703,68.45999908447266,2489568
2014-01-30,65.45895385742188,68.8499984741211,69.5999984741211,68.31999969482422,68.5199966430664,2340824
2014-01-31,64.96455383300781,68.33000183105469,68.83000183105469,67.9800033569336,68.48999786376953,3349452
2014-02-03,63.757118225097656,67.05999755859375,68.48999786376953,66.94999694824219,68.48999786376953,4433855
2014-02-04,63.9472541809082,67.26000213623047,67.48999786376953,66.54000091552734,67.19000244140625,2080389
2014-02-05,64.90750885009766,68.2699966430664,68.73999786376953,66.66999816894531,67.11000061035156,2493988
2014-02-06,64.57476806640625,67.91999816894531,68.41999816894531,66.2300033569336,66.79000091552734,4376965
2014-02-07,63.471893310546875,66.76000213623047,67.01499938964844,65.6500015258789,66.30000305175781,4838063
2014-02-10,62.44507598876953,65.68000030517578,66.77999877929688,65.58999633789062,66.61000061035156,4276811
2014-02-11,62.7778434753418,66.02999877929688,66.20999908447266,65.28009796142578,65.58999633789062,3990769
2014-02-12,61.94118881225586,65.1500015258789,66.47989654541016,65.08999633789062,66.02999877929688,3831848
2014-02-13,62.511627197265625,65.75,66.26499938964844,64.68009948730469,65.0,3938224
2014-02-14,65.78219604492188,69.19000244140625,69.25,65.81999969482422,66.0,5126536
2014-02-18,65.70614624023438,69.11000061035156,69.84989929199219,68.99500274658203,69.16000366210938,2892323
2014-02-19,65.67762756347656,69.08000183105469,69.94000244140625,69.0,69.05000305175781,2286999
2014-02-20,66.44771575927734,69.88999938964844,70.02999877929688,69.0999984741211,69.20999908447266,2712038
2014-02-21,66.96114349365234,70.43000030517578,70.66919708251953,69.66999816894531,69.83000183105469,2287392
2014-02-24,68.26363372802734,71.80000305175781,72.42500305175781,70.1500015258789,70.38999938964844,2877750
2014-02-25,67.63615417480469,71.13999938964844,72.3499984741211,71.0,71.87999725341797,1614215
2014-02-26,67.9023666381836,71.41999816894531,71.88999938964844,70.6500015258789,71.06999969482422,1910777
2014-02-27,67.95940399169922,71.4800033569336,71.6500015258789,71.05500030517578,71.16999816894531,1750296
2014-02-28,69.12884521484375,72.70999908447266,73.86000061035156,71.54499816894531,71.55999755859375,2782491
2014-03-03,68.70098876953125,72.26000213623047,72.62000274658203,71.59549713134766,72.30000305175781,1782016
2014-03-04,70.02253723144531,73.6500015258789,73.81999969482422,72.7699966430664,72.93000030517578,1855732
2014-03-05,70.11761474609375,73.75,74.23999786376953,73.11000061035156,73.5199966430664,2490806
2014-03-06,69.96549224853516,73.58999633789062,74.375,73.52999877929688,74.0,2398550
2014-03-07,70.07958984375,73.70999908447266,74.2750015258789,73.16500091552734,74.12999725341797,2313836
2014-03-10,70.37432861328125,74.0199966430664,74.06999969482422,73.22000122070312,73.44999694824219,1413426
2014-03-11,70.02253723144531,73.6500015258789,74.5,73.5999984741211,74.0199966430664,1694679
2014-03-12,69.73731231689453,73.3499984741211,73.80000305175781,73.11000061035156,73.41999816894531,2759562
2014-03-13,69.31897735595703,72.91000366210938,73.80000305175781,72.6500015258789,73.76000213623047,3450616
2014-03-14,67.98794555664062,71.51000213623047,73.29000091552734,71.4800033569336,72.91000366210938,3046098
2014-03-17,69.39505004882812,72.98999786376953,73.25,71.69999694824219,71.77999877929688,1969143
2014-03-18,70.10809326171875,73.73999786376953,74.25,72.8499984741211,72.86000061035156,2323647
2014-03-19,71.08736419677734,74.7699966430664,75.63500213623047,73.41000366210938,73.75,3572413
2014-03-20,71.67684173583984,75.38999938964844,76.37999725341797,74.6500015258789,74.6500015258789,2045097
2014-03-21,71.98107147216797,75.70999908447266,76.70999908447266,75.61009979248047,75.94999694824219,3426444
2014-03-24,70.67855072021484,74.33999633789062,76.16000366210938,74.30000305175781,75.9800033569336,1487721
2014-03-25,70.29825592041016,73.94000244140625,75.37999725341797,73.87000274658203,74.08000183105469,1629657
2014-03-26,70.57398223876953,74.2300033569336,74.55000305175781,73.87000274658203,74.55000305175781,1761789
2014-03-27,69.79434204101562,73.41000366210938,74.25,73.08999633789062,74.25,1728605
2014-03-28,70.45035552978516,74.0999984741211,74.91999816894531,73.72000122070312,73.9000015258789,1569416
2014-03-31,71.27751159667969,74.97000122070312,75.19499969482422,74.27999877929688,74.48999786376953,1814263
2014-04-01,71.35359954833984,75.05000305175781,75.98999786376953,74.8030014038086,75.12999725341797,1822905
2014-04-02,71.12541198730469,74.80999755859375,75.0199966430664,74.41999816894531,74.95999908447266,1761104
2014-04-03,71.30604553222656,75.0,75.1449966430664,74.16000366210938,74.83000183105469,2048081
2014-04-04,70.57398223876953,74.2300033569336,75.91000366210938,74.12999725341797,75.69000244140625,2593842
2014-04-07,69.3094711303711,72.9000015258789,74.58999633789062,72.71499633789062,74.22000122070312,2304123
2014-04-08,69.48590850830078,72.86000061035156,73.0999984741211,72.0,72.76000213623047,2354108
2014-04-09,70.5731201171875,74.0,74.41000366210938,72.97000122070312,73.06999969482422,2554819
2014-04-10,68.54176330566406,71.87000274658203,74.37999725341797,71.83999633789062,74.13999938964844,3082699
2014-04-11,67.54037475585938,70.81999969482422,71.97000122070312,70.62999725341797,71.5199966430664,1711991
2014-04-14,67.49269104003906,70.7699966430664,71.44499969482422,70.22000122070312,71.44000244140625,1991415
2014-04-15,68.3128662109375,71.62999725341797,71.72000122070312,70.55000305175781,70.93000030517578,1941398
2014-04-16,66.63436889648438,69.87000274658203,72.02999877929688,69.77999877929688,71.94000244140625,3279040
2014-04-17,64.63163757324219,67.7699966430664,68.33999633789062,66.8499984741211,67.83000183105469,8470775
2014-04-21,64.74606323242188,67.88999938964844,68.9000015258789,67.73999786376953,67.8499984741211,3419148
2014-04-22,65.52808380126953,68.70999908447266,69.37000274658203,68.12999725341797,68.2300033569336,4403411
2014-04-23,65.71883392333984,68.91000366210938,69.1500015258789,68.6500015258789,68.76000213623047,3335178
2014-04-24,69.5812759399414,72.95999908447266,73.98999786376953,72.01000213623047,73.19999694824219,5670324
2014-04-25,67.95046997070312,71.25,73.86000061035156,71.19000244140625,72.16999816894531,3977058
2014-04-28,67.11122131347656,70.37000274658203,71.97000122070312,70.02999877929688,71.77999877929688,5372962
2014-04-29,67.1970443725586,70.45999908447266,71.0999984741211,70.36000061035156,70.77999877929688,3521852
2014-04-30,68.14119720458984,71.44999694824219,72.44999694824219,70.0,70.55000305175781,4472701
2014-05-01,68.13168334960938,71.44000244140625,72.55000305175781,70.86000061035156,71.80000305175781,2287438
2014-05-02,68.17935943603516,71.48999786376953,71.9000015258789,71.12999725341797,71.48999786376953,2800287
2014-05-05,68.94229888916016,72.29000091552734,72.44000244140625,70.76000213623047,71.38999938964844,3817834
2014-05-06,68.74202728271484,72.08000183105469,72.5199966430664,71.94000244140625,72.19000244140625,2434789
2014-05-07,70.62079620361328,74.05000305175781,74.06999969482422,71.95999908447266,72.18000030517578,2698619
2014-05-08,70.2870101928711,73.69999694824219,74.43000030517578,73.56999969482422,73.91000366210938,1964414
2014-05-09,71.02134704589844,74.47000122070312,74.58000183105469,73.3499984741211,73.83000183105469,1479971
2014-05-12,72.26112365722656,75.7699966430664,75.98999786376953,74.58000183105469,74.58000183105469,2211739
2014-05-13,71.82244873046875,75.30999755859375,75.97000122070312,75.27999877929688,75.80000305175781,1930500
2014-05-14,71.89875793457031,75.38999938964844,75.58999633789062,74.94000244140625,75.3499984741211,2222768
2014-05-15,71.26930236816406,74.7300033569336,75.44000244140625,74.19999694824219,75.16999816894531,2016187
2014-05-16,70.91644287109375,74.36000061035156,75.0,73.6500015258789,74.77999877929688,1998871
2014-05-19,71.9178466796875,75.41000366210938,75.56999969482422,74.26000213623047,74.33999633789062,1414730
2014-05-20,71.7270736694336,75.20999908447266,75.6500015258789,74.6500015258789,75.51000213623047,1966396
2014-05-21,72.09902954101562,75.5999984741211,75.83000183105469,75.2300033569336,75.38999938964844,1679917
2014-05-22,72.003662109375,75.5,75.63999938964844,74.80999755859375,75.55999755859375,1537201
2014-05-23,72.85242462158203,76.38999938964844,76.48999786376953,74.48999786376953,75.75,2422466
2014-05-27,73.81566619873047,77.4000015258789,77.67500305175781,76.5199966430664,76.56999969482422,2214450
2014-05-28,73.14807891845703,76.69999694824219,77.69999694824219,76.69000244140625,77.58999633789062,1819785
2014-05-29,73.61539459228516,77.19000244140625,77.48999786376953,76.4000015258789,77.11000061035156,2600083
2014-05-30,73.95872497558594,77.55000305175781,77.83999633789062,76.61000061035156,77.36000061035156,1773915
2014-06-02,74.25437927246094,77.86000061035156,78.2300033569336,77.41000366210938,77.91999816894531,2065755
2014-06-03,74.86473083496094,78.5,78.56999969482422,77.7300033569336,77.73999786376953,2205944
2014-06-04,75.71350860595703,79.38999938964844,79.4800033569336,78.4000015258789,78.4000015258789,2142468
2014-06-05,75.45601654052734,79.12000274658203,79.91000366210938,79.12000274658203,79.7699966430664,2198834
2014-06-06,75.7898178100586,79.47000122070312,79.79000091552734,79.1500015258789,79.4000015258789,1235465
2014-06-09,75.50370788574219,79.16999816894531,79.51000213623047,78.70999908447266,79.20999908447266,1786210
2014-06-10,76.5527572631836,80.2699966430664,80.31999969482422,78.94000244140625,79.22000122070312,2063314
2014-06-11,77.22988891601562,80.9800033569336,81.25,79.5199966430664,79.83000183105469,3107285
2014-06-12,77.1249771118164,80.87000274658203,81.1449966430664,80.06929779052734,80.62999725341797,2132463
2014-06-13,77.19175720214844,80.94000244140625,81.08000183105469,80.1500015258789,80.61000061035156,1772024
2014-06-16,76.8388900756836,80.56999969482422,81.22000122070312,80.32499694824219,80.94000244140625,2191325
2014-06-17,76.8388900756836,80.56999969482422,80.80000305175781,80.19999694824219,80.33000183105469,1683444
2014-06-18,77.22988891601562,80.9800033569336,81.05999755859375,79.73999786376953,80.51000213623047,1879597
2014-06-19,77.63997650146484,81.41000366210938,81.55000305175781,80.73999786376953,81.1500015258789,1500205
2014-06-20,78.12635803222656,81.91999816894531,81.98999786376953,81.08999633789062,81.58999633789062,2334664
2014-06-23,78.2598648071289,82.05999755859375,82.22000122070312,81.54000091552734,82.0,1580761
2014-06-24,77.23941802978516,80.98999786376953,82.11000061035156,80.95999908447266,81.9800033569336,1392893
2014-06-25,78.64134979248047,82.45999908447266,82.4800033569336,80.95999908447266,81.18000030517578,2070939
2014-06-26,78.25032806396484,82.05000305175781,82.48999786376953,81.2699966430664,82.48999786376953,1182788
2014-06-27,77.98328399658203,81.7699966430664,81.91999816894531,81.0999984741211,81.58000183105469,1223018
2014-06-30,77.32524871826172,81.08000183105469,82.69999694824219,81.01000213623047,81.88999938964844,2222230
2014-07-01,78.2598648071289,82.05999755859375,82.48999786376953,81.00499725341797,81.48999786376953,2867063
2014-07-02,79.08003997802734,82.91999816894531,82.94999694824219,81.26000213623047,82.13999938964844,1387210
2014-07-03,79.75716400146484,83.62999725341797,83.70999908447266,82.77999877929688,83.05999755859375,1140376
2014-07-07,78.63179779052734,82.44999694824219,83.4800033569336,81.86000061035156,83.16999816894531,1811800
2014-07-08,77.52726745605469,81.06999969482422,82.16999816894531,80.87000274658203,81.93000030517578,1825136
2014-07-09,77.64204406738281,81.19000244140625,81.77999877929688,80.98999786376953,81.36000061035156,2635826
2014-07-10,77.69940185546875,81.25,81.83999633789062,80.18000030517578,80.37999725341797,1923103
2014-07-11,78.0436782836914,81.61000061035156,81.98999786376953,80.91999816894531,81.2699966430664,1762743
2014-07-14,78.56966400146484,82.16000366210938,82.63500213623047,81.91999816894531,81.93000030517578,1659613
2014-07-15,78.78002166748047,82.37999725341797,82.94999694824219,82.0,82.16000366210938,2026791
2014-07-16,78.56966400146484,82.16000366210938,82.94000244140625,81.66000366210938,82.83999633789062,1902752
2014-07-17,80.08059692382812,83.73999786376953,84.74500274658203,81.62000274658203,81.66999816894531,4173908
2014-07-18,80.94126892089844,84.63999938964844,84.74500274658203,83.27999877929688,83.98999786376953,1820597
2014-07-21,80.3196792602539,83.98999786376953,84.55000305175781,83.75,84.30999755859375,1544072
2014-07-22,81.16121673583984,84.87000274658203,85.72000122070312,84.20999908447266,84.4000015258789,2518907
2014-07-23,80.84563446044922,84.54000091552734,85.19999694824219,84.37000274658203,85.16000366210938,1021770
2014-07-24,80.48226165771484,84.16000366210938,84.8499984741211,84.01000213623047,84.5,2235261
2014-07-25,79.74590301513672,83.38999938964844,83.76100158691406,81.87000274658203,82.2699966430664,3149679
2014-07-28,81.11339569091797,84.81999969482422,84.88999938964844,83.48999786376953,83.7300033569336,2173817
2014-07-29,78.30188751220703,81.87999725341797,84.0,81.4000015258789,83.08999633789062,4718010
2014-07-30,76.25540161132812,79.73999786376953,82.72000122070312,78.5999984741211,82.4800033569336,4767419
2014-07-31,74.14198303222656,77.52999877929688,78.7699966430664,76.11000061035156,78.55999755859375,6150743
2014-08-01,75.28954315185547,78.7300033569336,79.0,77.08000183105469,77.19999694824219,3041169
2014-08-04,76.12151336669922,79.5999984741211,79.91000366210938,78.47000122070312,79.05999755859375,2055791
2014-08-05,75.03132629394531,78.45999908447266,79.77999877929688,78.05010223388672,79.4800033569336,2069260
2014-08-06,74.8974609375,78.31999969482422,78.87999725341797,78.06999969482422,78.4000015258789,3114474
2014-08-07,71.93292236328125,75.22000122070312,77.61000061035156,74.80999755859375,77.45999908447266,4083440
2014-08-08,73.3864974975586,76.73999786376953,76.86000061035156,75.06999969482422,75.5999984741211,2284013
2014-08-11,72.51628112792969,75.83000183105469,77.04000091552734,75.6500015258789,76.76000213623047,2244273
2014-08-12,72.13373565673828,75.43000030517578,76.03500366210938,75.2300033569336,75.55000305175781,3533380
2014-08-13,73.69249725341797,77.05999755859375,77.22000122070312,75.69999694824219,76.20999908447266,2216260
2014-08-14,74.24715423583984,77.63999938964844,77.68000030517578,76.70999908447266,77.11000061035156,1773233
2014-08-15,74.32366943359375,77.72000122070312,77.89679718017578,76.70999908447266,77.77999877929688,1840712
2014-08-18,74.62967681884766,78.04000091552734,78.16999816894531,77.12000274658203,78.02999877929688,1417689
2014-08-19,75.66249084472656,79.12000274658203,79.27999877929688,77.62000274658203,78.08999633789062,1932424
2014-08-20,76.03545379638672,79.51000213623047,79.6050033569336,78.62999725341797,79.05999755859375,1374732
2014-08-21,75.8824462890625,79.3499984741211,79.73999786376953,79.05500030517578,79.58000183105469,1423308
2014-08-22,75.32779693603516,78.7699966430664,79.48999786376953,78.73999786376953,79.33000183105469,1436361
2014-08-25,75.49991607666016,78.94999694824219,79.43000030517578,78.61000061035156,78.87999725341797,1411073
2014-08-26,76.59967041015625,80.0999984741211,80.19000244140625,79.0,79.08000183105469,1719338
2014-08-27,77.56554412841797,81.11000061035156,81.51000213623047,80.18000030517578,80.27999877929688,2291580
2014-08-28,78.34014129638672,81.91999816894531,82.27999877929688,80.76000213623047,80.76000213623047,2244396
2014-08-29,78.54093933105469,82.12999725341797,83.22000122070312,82.01000213623047,82.06999969482422,2612623
2014-09-02,78.34969329833984,81.93000030517578,82.73970031738281,81.04000091552734,82.66000366210938,2392351
2014-09-03,78.82783508300781,82.43000030517578,82.80000305175781,82.1500015258789,82.30000305175781,1918659
2014-09-04,79.34427642822266,82.97000122070312,84.1500015258789,82.44999694824219,82.55000305175781,2047509
2014-09-05,80.27184295654297,83.94000244140625,84.11000061035156,82.8499984741211,83.0,1525717
2014-09-08,80.28141784667969,83.94999694824219,84.02999877929688,83.25,83.86000061035156,1210243
2014-09-09,81.22815704345703,84.94000244140625,84.94999694824219,84.0,84.1500015258789,2428125
2014-09-10,80.72132873535156,84.41000366210938,84.81999969482422,83.5199966430664,84.81999969482422,2224000
2014-09-11,80.03278350830078,83.69000244140625,84.1675033569336,82.97000122070312,83.97000122070312,2484853
2014-09-12,78.60789489746094,82.19999694824219,83.76000213623047,82.0,83.76000213623047,2293369
2014-09-15,78.53138732910156,82.12000274658203,82.86000061035156,81.9800033569336,82.30000305175781,1476207
2014-09-16,79.70762634277344,83.3499984741211,83.47000122070312,81.8499984741211,82.11000061035156,1552287
2014-09-17,79.5163803100586,83.1500015258789,83.94000244140625,82.54000091552734,83.45999908447266,1740800
2014-09-18,80.24317169189453,83.91000366210938,84.05000305175781,83.22000122070312,83.37000274658203,1175936
2014-09-19,80.03278350830078,83.69000244140625,84.62999725341797,83.55000305175781,84.54000091552734,1899458
2014-09-22,79.4207534790039,83.05000305175781,83.73999786376953,82.55000305175781,82.95999908447266,1837855
2014-09-23,78.53138732910156,82.12000274658203,83.19999694824219,81.94999694824219,82.77999877929688,1512033
2014-09-24,80.09017181396484,83.75,83.80000305175781,82.13999938964844,82.16000366210938,1656005
2014-09-25,78.47401428222656,82.05999755859375,83.61499786376953,81.88999938964844,83.5199966430664,1790953
2014-09-26,78.44532012939453,82.02999877929688,82.56999969482422,81.2699966430664,82.36000061035156,1634281
2014-09-29,77.78548431396484,81.33999633789062,81.83999633789062,81.13999938964844,81.37999725341797,1972893
2014-09-30,77.4603271484375,81.0,81.94000244140625,80.94999694824219,81.51000213623047,2138485
2014-10-01,76.33190155029297,79.81999969482422,81.19999694824219,79.5,81.19999694824219,2101788
2014-10-02,75.92069244384766,79.38999938964844,79.94999694824219,78.3499984741211,79.79000091552734,2269905
2014-10-03,77.92891693115234,81.48999786376953,81.83000183105469,79.70999908447266,80.23999786376953,2707367
2014-10-06,75.71031188964844,79.16999816894531,82.15989685058594,79.08499908447266,82.04000091552734,3137596
2014-10-07,74.60100555419922,78.01000213623047,79.48999786376953,77.97000122070312,78.91000366210938,2926867
2014-10-08,76.53272247314453,80.02999877929688,80.08000183105469,77.80999755859375,78.05000305175781,2510916
2014-10-09,75.18433380126953,78.62000274658203,80.30999755859375,78.2300033569336,79.88999938964844,2273326
2014-10-10,74.26628112792969,77.66000366210938,79.27999877929688,77.63999938964844,78.83999633789062,2613858
2014-10-13,73.09004211425781,76.43000030517578,78.41000366210938,76.3499984741211,77.62000274658203,1919262
2014-10-14,70.95600128173828,73.9800033569336,76.58000183105469,73.05999755859375,76.41000366210938,5506006
2014-10-15,70.56275177001953,73.56999969482422,74.45999908447266,71.80999755859375,72.83999633789062,5439329
2014-10-16,70.42847442626953,73.43000030517578,75.41999816894531,72.56999969482422,73.69999694824219,5204759
2014-10-17,72.30835723876953,75.38999938964844,76.33000183105469,74.11000061035156,74.41999816894531,3877983
2014-10-20,73.32501983642578,76.44999694824219,76.49500274658203,75.33999633789062,75.41000366210938,2112595
2014-10-21,75.18572235107422,78.38999938964844,78.58999633789062,77.16000366210938,77.26000213623047,2340403
2014-10-22,74.89798736572266,78.08999633789062,79.20999908447266,77.69999694824219,78.81999969482422,2457915
2014-10-23,75.53101348876953,78.75,79.30000305175781,78.5199966430664,78.9800033569336,1875961
2014-10-24,75.47345733642578,78.69000244140625,79.0999984741211,77.91999816894531,79.0,2034683
2014-10-27,75.94342803955078,79.18000030517578,79.6449966430664,78.52999877929688,78.52999877929688,2946789
2014-10-28,74.07316589355469,77.2300033569336,78.48999786376953,76.16999816894531,78.44999694824219,6559095
2014-10-29,76.4901351928711,79.75,80.0999984741211,77.55999755859375,77.55999755859375,4034351
2014-10-30,77.30538177490234,80.5999984741211,81.37999725341797,79.43000030517578,79.72000122070312,2921266
2014-10-31,79.13732147216797,82.51000213623047,82.55000305175781,81.01000213623047,81.37999725341797,3498609
2014-11-03,78.88793182373047,82.25,83.5,82.0,82.77999877929688,1961684
2014-11-04,80.28825378417969,83.70999908447266,84.05000305175781,82.12000274658203,82.19000244140625,3518931
2014-11-05,80.8157958984375,84.26000213623047,84.69999694824219,83.9000015258789,84.36000061035156,2628992
2014-11-06,81.23778533935547,84.69999694824219,85.0,84.1500015258789,84.47000122070312,1448904
2014-11-07,78.92633056640625,82.29000091552734,84.73999786376953,81.93000030517578,84.20999908447266,3375749
2014-11-10,80.58558654785156,84.0199966430664,84.0199966430664,82.43000030517578,82.43000030517578,1885797
2014-11-11,81.04597473144531,84.5,84.8499984741211,83.76000213623047,83.94999694824219,1685091
2014-11-12,81.06517028808594,84.5199966430664,84.71990203857422,83.36000061035156,83.97000122070312,1797720
2014-11-13,81.10353088378906,84.55999755859375,84.9800033569336,83.98999786376953,84.55000305175781,1653486
2014-11-14,80.38418579101562,83.80999755859375,84.7699966430664,83.52999877929688,84.5999984741211,1539032
2014-11-17,82.6956787109375,86.22000122070312,86.2699966430664,83.75,83.80999755859375,2891647
2014-11-18,83.59725952148438,87.16000366210938,88.10700225830078,86.25,86.25,2534352
2014-11-19,82.05303955078125,85.55000305175781,87.05000305175781,85.45010375976562,87.02999877929688,1841539
2014-11-20,82.3407974243164,85.8499984741211,86.30000305175781,84.91999816894531,85.08000183105469,2141515
2014-11-21,82.82994079589844,86.36000061035156,87.13999938964844,86.26000213623047,86.80000305175781,2334239
2014-11-24,83.38622283935547,86.94000244140625,87.37000274658203,85.9000015258789,86.61000061035156,1674833
2014-11-25,83.06974029541016,86.61000061035156,87.41000366210938,86.51000213623047,86.91000366210938,2055613
2014-11-26,83.35748291015625,86.91000366210938,87.30500030517578,86.51000213623047,86.88999938964844,1348469
2014-11-28,83.6739730834961,87.23999786376953,87.8499984741211,87.08999633789062,87.0999984741211,819328
2014-12-01,83.96170806884766,87.54000091552734,88.0,86.87999725341797,87.69999694824219,2354422
2014-12-02,84.72901916503906,88.33999633789062,88.44999694824219,87.36000061035156,87.58999633789062,2955882
2014-12-03,86.01423645019531,89.68000030517578,89.81500244140625,88.41000366210938,88.41000366210938,2429281
2014-12-04,85.54427337646484,89.19000244140625,89.68000030517578,88.36000061035156,89.4000015258789,2580878
2014-12-05,86.91580963134766,90.62000274658203,90.66999816894531,89.20999908447266,89.41000366210938,2065196
2014-12-08,86.43624877929688,90.12000274658203,91.25,89.58000183105469,90.55000305175781,1891847
2014-12-09,85.89915466308594,89.55999755859375,89.87999725341797,88.79000091552734,88.83000183105469,1949422
2014-12-10,84.08638000488281,87.66999816894531,89.47000122070312,87.5999984741211,89.41999816894531,1958974
2014-12-11,84.51800537109375,88.12000274658203,89.25,86.30999755859375,87.0,2276616
2014-12-12,83.73152160644531,87.30000305175781,89.04000091552734,87.26000213623047,87.70999908447266,2409373
2014-12-15,83.12728118896484,86.66999816894531,88.48999786376953,85.91000366210938,88.06999969482422,2148759
2014-12-16,82.13938903808594,85.63999938964844,87.66999816894531,85.62000274658203,86.51000213623047,2196055
2014-12-17,83.61642456054688,87.18000030517578,87.5,85.83000183105469,86.26000213623047,2745579
2014-12-18,86.44583892822266,90.12999725341797,90.12999725341797,87.87999725341797,88.38999938964844,2643457
2014-12-19,87.12682342529297,90.83999633789062,91.87000274658203,90.37999725341797,90.70999908447266,4197144
2014-12-22,86.71440124511719,90.41000366210938,91.05909729003906,90.16999816894531,90.79000091552734,1443602
2014-12-23,85.79363250732422,89.44999694824219,91.01000213623047,89.0,91.01000213623047,1506097
2014-12-24,85.92790222167969,89.58999633789062,89.87999725341797,89.36000061035156,89.70999908447266,548990
2014-12-26,86.1677017211914,89.83999633789062,90.2699966430664,89.51000213623047,89.7300033569336,803625
2014-12-29,86.08139038085938,89.75,90.19000244140625,89.0199966430664,89.68000030517578,912664
2014-12-30,86.45543670654297,90.13999938964844,90.56999969482422,89.44000244140625,89.44000244140625,1009620
2014-12-31,85.19898223876953,88.83000183105469,91.05000305175781,88.77999877929688,90.20999908447266,1072875
2015-01-02,85.17021942138672,88.80000305175781,90.14620208740234,87.87000274658203,89.70999908447266,1407051
2015-01-05,84.01925659179688,87.5999984741211,88.83000183105469,87.2509994506836,88.13999938964844,2343065
2015-01-06,84.14395141601562,87.7300033569336,88.7300033569336,87.4800033569336,88.01000213623047,2980265
2015-01-07,85.83200073242188,89.48999786376953,89.55000305175781,88.26000213623047,88.41999816894531,2148481
2015-01-08,88.61346435546875,92.38999938964844,92.52999877929688,90.29000091552734,90.29000091552734,2881606
2015-01-09,87.31864166259766,91.04000091552734,92.47989654541016,91.0,92.02999877929688,1920761
2015-01-12,85.86079406738281,89.5199966430664,91.61000061035156,89.16999816894531,91.4000015258789,3649151
2015-01-13,86.88029479980469,90.33000183105469,92.0250015258789,89.58000183105469,90.4800033569336,3306412
2015-01-14,86.45709991455078,89.88999938964844,90.9000015258789,88.69999694824219,89.5,2807287
2015-01-15,87.04380798339844,90.5,91.11000061035156,90.0,90.61000061035156,2418034
2015-01-16,89.02513122558594,92.55999755859375,92.63999938964844,90.27999877929688,90.47000122070312,2982241
2015-01-20,88.46729278564453,91.9800033569336,92.9000015258789,91.19000244140625,92.6500015258789,2339384
2015-01-21,91.12187957763672,94.73999786376953,95.08000183105469,91.9800033569336,92.79000091552734,2762383
2015-01-22,92.43956756591797,96.11000061035156,96.1500015258789,94.02999877929688,95.5199966430664,2257773
2015-01-23,90.871826171875,94.4800033569336,96.25,94.44000244140625,95.94000244140625,2001173
2015-01-26,90.6409683227539,94.23999786376953,94.57990264892578,93.31999969482422,94.25,1822065
2015-01-27,90.12159729003906,93.69999694824219,94.30000305175781,93.16000366210938,93.61000061035156,1521414
2015-01-28,89.15017700195312,92.69000244140625,94.70999908447266,92.56099700927734,94.4800033569336,2094887
2015-01-29,90.0350341796875,93.61000061035156,93.77999877929688,91.94999694824219,92.94999694824219,1347668
2015-01-30,88.31338500976562,91.81999969482422,93.5999984741211,91.63999938964844,92.97000122070312,2048635
2015-02-02,88.6981201171875,92.22000122070312,92.91000366210938,90.19999694824219,92.01000213623047,2817625
2015-02-03,90.58325958251953,94.18000030517578,94.2699966430664,91.83000183105469,93.01000213623047,2562104
2015-02-04,92.38185119628906,96.05000305175781,96.9000015258789,93.0,93.76000213623047,3873347
2015-02-05,92.90122985839844,96.58999633789062,97.70999908447266,96.01000213623047,96.12999725341797,3461398
2015-02-06,90.92951202392578,94.54000091552734,96.79000091552734,94.16000366210938,96.33999633789062,3557628
2015-02-09,90.16007232666016,93.73999786376953,94.5999984741211,93.37999725341797,94.18000030517578,1696007
2015-02-10,92.09329986572266,95.75,95.94999694824219,94.04000091552734,94.1500015258789,1900646
2015-02-11,92.77618408203125,96.45999908447266,96.75,95.38009643554688,95.48999786376953,1840952
2015-02-12,93.37252044677734,97.08000183105469,97.16000366210938,95.98999786376953,97.16000366210938,1513793
2015-02-13,92.44917297363281,96.12000274658203,96.88999938964844,95.81999969482422,96.58000183105469,1504604
2015-02-17,92.93008422851562,96.62000274658203,96.62000274658203,95.58999633789062,96.08999633789062,1515564
2015-02-18,93.18978118896484,96.88999938964844,96.95999908447266,95.6050033569336,96.2699966430664,2334488
2015-02-19,92.9493179321289,96.63999938964844,97.48999786376953,96.22000122070312,96.7699966430664,1215507
2015-02-20,94.1804428100586,97.91999816894531,98.12000274658203,96.19999694824219,96.4000015258789,1705487
2015-02-23,96.83501434326172,100.68000030517578,100.76000213623047,98.0,98.0,2587432
2015-02-24,96.3445053100586,100.16999816894531,101.9800033569336,100.05999755859375,100.86000061035156,2207055
2015-02-25,95.71932220458984,99.5199966430664,100.4800033569336,99.22000122070312,100.2699966430664,1435573
2015-02-26,95.51734161376953,99.30999755859375,99.91999816894531,99.08000183105469,99.45999908447266,1171619
2015-02-27,95.74820709228516,99.55000305175781,99.91999816894531,99.0999984741211,99.38999938964844,2486023
2015-03-02,96.66190338134766,100.5,100.80000305175781,99.47000122070312,99.52999877929688,2529281
2015-03-03,95.97901916503906,99.79000091552734,100.33000183105469,99.02999877929688,100.16999816894531,3398236
2015-03-04,97.86416625976562,101.75,102.0,98.78009796142578,99.44000244140625,4275350
2015-03-05,98.19116973876953,102.08999633789062,102.62999725341797,101.37000274658203,101.7300033569336,2967341
2015-03-06,96.82540893554688,100.66999816894531,101.9000015258789,100.29000091552734,101.7699966430664,2293947
2015-03-09,97.6525650024414,101.52999877929688,101.73999786376953,100.5999984741211,100.62000274658203,1330244
2015-03-10,96.33489227294922,100.16000366210938,100.76000213623047,99.55000305175781,100.4000015258789,2334523
2015-03-11,96.21946716308594,100.04000091552734,100.94000244140625,99.8499984741211,100.29000091552734,1627462
2015-03-12,98.22004699707031,102.12000274658203,102.3499984741211,100.56999969482422,100.80000305175781,2286192
2015-03-13,100.11479949951172,104.08999633789062,104.19999694824219,101.31999969482422,102.0,2992578
2015-03-16,102.01921081542969,106.06999969482422,106.75,104.5,104.73999786376953,2827825
2015-03-17,101.37477111816406,105.4000015258789,105.5,104.36000061035156,105.22000122070312,2401492
2015-03-18,103.37532806396484,107.4800033569336,107.86499786376953,105.12999725341797,105.33000183105469,2782709
2015-03-19,104.17363739013672,108.30999755859375,108.97000122070312,107.25,108.0,2448985
2015-03-20,104.48141479492188,108.62999725341797,109.12000274658203,107.94000244140625,108.69999694824219,2457232
2015-03-23,105.08737182617188,109.26000213623047,109.9000015258789,108.44999694824219,108.5,2902204
2015-03-24,104.58721160888672,108.73999786376953,109.5999984741211,108.5999984741211,109.41999816894531,2261814
2015-03-25,103.19258117675781,107.29000091552734,109.7699966430664,107.2300033569336,108.98999786376953,2571727
2015-03-26,101.86529541015625,105.91000366210938,107.11990356445312,105.36199951171875,106.72000122070312,2535833
2015-03-27,103.29839324951172,107.4000015258789,107.97000122070312,106.2699966430664,106.30000305175781,1611783
2015-03-30,104.42371368408203,108.56999969482422,109.3499984741211,107.95999908447266,108.94000244140625,1635686
2015-03-31,102.46162414550781,106.52999877929688,108.18000030517578,106.51000213623047,107.91999816894531,2578893
2015-04-01,102.78863525390625,106.87000274658203,106.87000274658203,104.93000030517578,106.66000366210938,2028412
2015-04-02,103.05794525146484,107.1500015258789,107.86000061035156,106.55000305175781,107.11000061035156,1184991
2015-04-06,103.71197509765625,107.83000183105469,108.04000091552734,106.30000305175781,106.55000305175781,1656107
2015-04-07,102.95037841796875,106.79000091552734,108.88999938964844,106.77999877929688,108.48999786376953,1637958
2015-04-08,103.5962905883789,107.45999908447266,108.06999969482422,106.6500015258789,107.18000030517578,1237231
2015-04-09,103.84693145751953,107.72000122070312,108.12999725341797,107.00029754638672,107.0199966430664,1530898
2015-04-10,104.03011322021484,107.91000366210938,108.0,107.13999938964844,108.0,916482
2015-04-13,103.81802368164062,107.69000244140625,109.13999938964844,107.66000366210938,108.12999725341797,1247441
2015-04-14,104.00116729736328,107.87999725341797,108.22899627685547,107.0,107.91999816894531,1025631
2015-04-15,102.26593017578125,106.08000183105469,108.56999969482422,105.44000244140625,108.55999755859375,2528903
2015-04-16,105.49544525146484,109.43000030517578,109.6500015258789,108.22000122070312,108.22000122070312,2874175
2015-04-17,103.84693145751953,107.72000122070312,108.79000091552734,106.7699966430664,108.5199966430664,1766810
2015-04-20,103.39382934570312,107.25,108.677001953125,107.19000244140625,108.16000366210938,1381670
2015-04-21,104.46392059326172,108.36000061035156,108.62999725341797,107.56999969482422,107.69000244140625,1537522
2015-04-22,104.06867218017578,107.94999694824219,108.75199890136719,107.23500061035156,108.33000183105469,2348211
2015-04-23,104.98451232910156,108.9000015258789,109.0999984741211,107.5199966430664,107.80000305175781,1150583
2015-04-24,104.90738677978516,108.81999969482422,109.01000213623047,108.2300033569336,108.5999984741211,1267517
2015-04-27,103.07569885253906,106.91999816894531,109.36000061035156,106.79000091552734,109.05999755859375,2133956
2015-04-28,106.41131591796875,110.37999725341797,111.08000183105469,106.72000122070312,108.80999755859375,3546814
2015-04-29,104.12651824951172,108.01000213623047,110.5,106.7300033569336,109.94999694824219,2771590
2015-04-30,103.02750396728516,106.87000274658203,108.70999908447266,106.68000030517578,108.0,3162917
2015-05-01,104.56997680664062,108.47000122070312,108.55000305175781,107.1500015258789,107.86000061035156,1886841
2015-05-04,105.26409149169922,109.19000244140625,109.81999969482422,108.55000305175781,108.68000030517578,1819323
2015-05-05,103.34563446044922,107.19999694824219,108.8499984741211,106.87000274658203,108.5999984741211,1922589
2015-05-06,103.509521484375,107.37000274658203,108.33999633789062,106.62999725341797,107.98999786376953,1210233
2015-05-07,104.01082611083984,107.88999938964844,108.72000122070312,107.0,107.0,1415124
2015-05-08,105.3315658569336,109.26000213623047,109.83000183105469,108.62000274658203,108.8499984741211,1280168
2015-05-11,105.3701400756836,109.30000305175781,110.27989959716797,109.01000213623047,109.1500015258789,1090578
2015-05-12,106.12210083007812,110.08000183105469,111.12000274658203,108.66419982910156,108.7300033569336,1638858
2015-05-13,105.84251403808594,109.79000091552734,111.0,109.66000366210938,110.16999816894531,1590298
2015-05-14,107.47174072265625,111.4800033569336,111.55999755859375,110.5999984741211,110.88999938964844,1203928
2015-05-15,108.68643951416016,112.73999786376953,112.75,111.56999969482422,111.97000122070312,1641279
2015-05-18,109.64086151123047,113.7300033569336,113.88999938964844,112.1500015258789,112.61000061035156,1516893
2015-05-19,109.98790740966797,114.08999633789062,114.61470031738281,113.80999755859375,113.98999786376953,1272865
2015-05-20,110.28675842285156,114.4000015258789,114.76000213623047,113.72000122070312,114.12000274658203,1753241
2015-05-21,110.56633758544922,114.69000244140625,114.86000061035156,113.80000305175781,114.0,1089915
2015-05-22,110.40243530273438,114.5199966430664,115.76000213623047,113.88999938964844,114.30999755859375,1740068
2015-05-26,109.78545379638672,113.87999725341797,114.83999633789062,113.7300033569336,114.69999694824219,1698698
2015-05-27,111.0676498413086,115.20999908447266,115.8396987915039,114.04000091552734,115.0,1481477
2015-05-28,112.20520782470703,116.38999938964844,116.55999755859375,114.9800033569336,115.3499984741211,1903593
2015-05-29,113.72840118408203,117.97000122070312,120.1500015258789,114.47000122070312,116.47000122070312,5255359
2015-06-01,115.31907653808594,119.62000274658203,120.19000244140625,117.91000366210938,118.05999755859375,3900656
2015-06-02,113.11140441894531,117.33000183105469,119.49500274658203,116.88999938964844,119.23999786376953,2630194
2015-06-03,112.74505615234375,116.94999694824219,118.13999938964844,115.76000213623047,117.87000274658203,3102221
2015-06-04,111.8099594116211,115.9800033569336,116.94999694824219,115.44999694824219,116.01000213623047,1908847
2015-06-05,112.65831756591797,116.86000061035156,117.16000366210938,115.01000213623047,115.58000183105469,1441535
2015-06-08,111.8292236328125,116.0,117.80000305175781,115.9800033569336,117.0,1350103
2015-06-09,113.024658203125,117.23999786376953,117.48999786376953,115.94000244140625,116.3499984741211,2059899
2015-06-10,113.6994857788086,117.94000244140625,118.52790069580078,116.9800033569336,117.08000183105469,1590631
2015-06-11,113.70912170410156,117.94999694824219,118.58999633789062,117.7300033569336,118.20999908447266,1674918
2015-06-12,111.70390319824219,115.87000274658203,117.44999694824219,115.76000213623047,117.2300033569336,1746043
2015-06-15,116.65908813476562,121.01000213623047,124.19999694824219,114.75,115.30999755859375,6380874
2015-06-16,120.4767074584961,124.97000122070312,128.64999389648438,123.12000274658203,124.87999725341797,6827773
2015-06-17,119.4066162109375,123.86000061035156,126.83999633789062,123.45010375976562,125.7699966430664,2797549
2015-06-18,120.02361297607422,124.5,125.38999938964844,124.01499938964844,124.05999755859375,2123540
2015-06-19,119.60906982421875,124.06999969482422,124.66500091552734,123.8499984741211,124.37000274658203,2070285
2015-06-22,123.44596862792969,128.0500030517578,130.1699981689453,127.5999984741211,127.91000366210938,7390890
2015-06-23,123.59056854248047,128.1999969482422,128.75,126.47000122070312,128.2899932861328,6173908
2015-06-24,122.92538452148438,127.51000213623047,128.63999938964844,125.9000015258789,127.0999984741211,8226375
2015-06-25,127.83236694335938,132.60000610351562,133.0500030517578,126.7300033569336,127.66000366210938,8857749
2015-06-26,125.3740463256836,130.0500030517578,134.39999389648438,130.0500030517578,132.8300018310547,5583123
2015-06-29,122.70365905761719,127.27999877929688,129.47999572753906,127.04000091552734,128.58999633789062,3185561
2015-06-30,122.87718200683594,127.45999908447266,128.7100067138672,127.25,128.32000732421875,2397481
2015-07-01,124.26539611816406,128.89999389648438,129.36000061035156,127.25,128.9499969482422,2452613
2015-07-02,120.99730682373047,125.51000213623047,129.74000549316406,125.44999694824219,129.41000366210938,3168212
2015-07-06,113.20781707763672,117.43000030517578,120.76000213623047,115.55999755859375,117.80999755859375,16434058
2015-07-07,111.18331909179688,115.33000183105469,118.19999694824219,112.63999938964844,117.72000122070312,9846467
2015-07-08,108.61894989013672,112.66999816894531,115.93000030517578,112.66999816894531,114.87999725341797,5307559
2015-07-09,108.61894989013672,112.66999816894531,116.51000213623047,112.55999755859375,115.7300033569336,5282255
2015-07-10,110.47957611083984,114.5999984741211,114.80000305175781,112.56999969482422,114.0199966430664,4735011
2015-07-13,109.92041015625,114.0199966430664,116.2699966430664,112.37000274658203,115.9000015258789,5353943
2015-07-14,111.83341979980469,115.75,115.97000122070312,113.20500183105469,113.30000305175781,3266563
2015-07-15,111.57256317138672,115.4800033569336,117.01000213623047,114.91500091552734,115.79000091552734,2915583
2015-07-16,109.08951568603516,112.91000366210938,115.95999908447266,112.80500030517578,115.66000366210938,4819966
2015-07-17,109.09918975830078,112.91999816894531,113.4800033569336,111.26000213623047,112.76000213623047,4297657
2015-07-20,107.82384490966797,111.5999984741211,113.13999938964844,111.04000091552734,113.12999725341797,2900796
2015-07-21,107.77554321289062,111.55000305175781,112.55999755859375,109.11000061035156,111.5,3933677
2015-07-22,110.02670288085938,113.87999725341797,114.2300033569336,111.0199966430664,111.5,4433369
2015-07-23,108.25861358642578,112.05000305175781,114.23999786376953,111.56999969482422,114.16000366210938,2854301
2015-07-24,106.27798461914062,110.0,111.94999694824219,109.7300033569336,111.62000274658203,3223436
2015-07-27,106.50020599365234,110.2300033569336,110.55000305175781,107.94999694824219,109.2699966430664,3783574
2015-07-28,108.50981903076172,112.30999755859375,112.37000274658203,109.9000015258789,110.80999755859375,3538677
2015-07-29,108.78999328613281,112.5999984741211,112.94000244140625,111.12000274658203,112.5199966430664,2669504
2015-07-30,110.28756713867188,114.1500015258789,114.63999938964844,112.36000061035156,114.36000061035156,2651141
2015-07-31,109.1474838256836,112.97000122070312,114.9800033569336,112.69000244140625,114.62999725341797,2882322
2015-08-03,109.93974304199219,113.79000091552734,114.72000122070312,112.5,113.55000305175781,3019371
2015-08-04,111.29237365722656,115.19000244140625,117.0999984741211,112.23500061035156,115.98999786376953,4240758
2015-08-05,114.07492065429688,118.06999969482422,118.76000213623047,115.44000244140625,116.58999633789062,4296515
2015-08-06,112.46143341064453,116.4000015258789,118.58499908447266,115.94000244140625,118.19999694824219,2713546
2015-08-07,112.45176696777344,116.38999938964844,116.80999755859375,115.0530014038086,116.08000183105469,1582371
2015-08-10,113.12808227539062,117.08999633789062,117.48999786376953,116.26000213623047,116.91000366210938,1650400
2015-08-11,114.3454360961914,118.3499984741211,119.48999786376953,116.18000030517578,116.25,3427988
2015-08-12,113.33098602294922,117.30000305175781,118.0,115.41999816894531,117.5,2843283
2015-08-13,114.24883270263672,118.25,118.66500091552734,117.0,117.62000274658203,1866456
2015-08-14,116.5772933959961,120.66000366210938,120.95999908447266,117.81999969482422,117.93000030517578,3121978
2015-08-17,118.87676239013672,123.04000091552734,123.79000091552734,119.88999938964844,120.05999755859375,3115374
2015-08-18,120.00716400146484,124.20999908447266,125.47000122070312,122.80000305175781,123.02999877929688,2837823
2015-08-19,118.04586029052734,122.18000030517578,123.5,120.81999969482422,123.43000030517578,3405755
2015-08-20,114.51934814453125,118.52999877929688,121.91000366210938,118.18000030517578,121.13999938964844,3398398
2015-08-21,111.60153198242188,115.51000213623047,118.77999877929688,115.48999786376953,117.94999694824219,3110829
2015-08-24,106.7707290649414,110.51000213623047,115.09259796142578,93.51000213623047,108.02999877929688,4999714
2015-08-25,106.76107025146484,110.5,115.94999694824219,110.5,114.19000244140625,4461167
2015-08-26,111.51458740234375,115.41999816894531,115.73999786376953,112.3499984741211,112.87999725341797,4838276
2015-08-27,113.79472351074219,117.77999877929688,117.88999938964844,114.41000366210938,115.75,3655116
2015-08-28,112.90586853027344,116.86000061035156,118.10900115966797,116.0199966430664,117.61000061035156,1681832
2015-08-31,110.64503479003906,114.5199966430664,118.16000366210938,114.36000061035156,116.66999816894531,2624352
2015-09-01,107.77554321289062,111.55000305175781,114.20999908447266,110.88999938964844,112.19999694824219,2933818
2015-09-02,109.71752166748047,113.55999755859375,113.5999984741211,111.1759033203125,112.75,2255389
2015-09-03,111.28270721435547,115.18000030517578,116.55000305175781,113.76000213623047,114.08000183105469,2637380
2015-09-04,109.63057708740234,113.47000122070312,114.41999816894531,112.79000091552734,113.5999984741211,2175367
2015-09-08,114.1425552368164,118.13999938964844,118.37000274658203,115.44999694824219,116.23999786376953,3120388
2015-09-09,113.26335144042969,117.2300033569336,119.8499984741211,116.87999725341797,119.5999984741211,2330174
2015-09-10,112.25852966308594,116.19000244140625,118.9800033569336,115.87999725341797,116.7300033569336,2794790
2015-09-11,113.90100860595703,117.88999938964844,117.93000030517578,115.2699966430664,115.41000366210938,1846435
2015-09-14,112.45176696777344,116.38999938964844,118.86000061035156,115.98999786376953,118.80999755859375,1813475
2015-09-15,113.59185028076172,117.56999969482422,117.93000030517578,115.8499984741211,116.9000015258789,1386675
2015-09-16,113.60150909423828,117.58000183105469,118.36000061035156,116.13999938964844,117.79000091552734,1796383
2015-09-17,113.77542877197266,117.76000213623047,119.54000091552734,116.7301025390625,117.6500015258789,1723901
2015-09-18,112.21990203857422,116.1500015258789,118.17990112304688,115.9000015258789,117.0199966430664,2765486
2015-09-21,114.79954528808594,118.81999969482422,119.75,116.3499984741211,117.20999908447266,2430514
2015-09-22,114.12322998046875,118.12000274658203,119.37000274658203,116.02999877929688,117.13999938964844,2372701
2015-09-23,114.79954528808594,118.81999969482422,119.48999786376953,117.20999908447266,118.0999984741211,1999692
2015-09-24,112.50007629394531,116.44000244140625,118.25,114.45999908447266,118.08000183105469,2415343
2015-09-25,108.2296371459961,112.0199966430664,117.45999908447266,111.12999725341797,117.45999908447266,3573446
2015-09-28,101.73702239990234,105.30000305175781,111.91999816894531,104.30000305175781,111.88999938964844,5729915
2015-09-29,102.71282958984375,106.30999755859375,107.93000030517578,103.79000091552734,105.36000061035156,3945681
2015-09-30,105.70793914794922,109.41000366210938,110.4800033569336,107.5,107.9800033569336,3948853
2015-10-01,106.22001647949219,109.94000244140625,110.41999816894531,107.0,109.20999908447266,2700233
2015-10-02,109.28274536132812,113.11000061035156,113.18000030517578,107.6500015258789,108.80999755859375,2716612
2015-10-05,109.21511840820312,113.04000091552734,114.7300033569336,111.69999694824219,113.95999908447266,1834704
2015-10-06,105.14757537841797,108.83000183105469,113.47000122070312,107.83499908447266,113.36000061035156,3301839
2015-10-07,105.85286712646484,109.55999755859375,109.79000091552734,107.01499938964844,109.05000305175781,2918004
2015-10-08,105.90119171142578,109.61000061035156,109.93000030517578,107.99400329589844,109.54000091552734,1459840
2015-10-09,105.4857406616211,109.18000030517578,110.95999908447266,108.8499984741211,108.97000122070312,1998078
2015-10-12,106.88666534423828,110.62999725341797,110.91000366210938,109.0,109.43000030517578,1992700
2015-10-13,109.68521118164062,113.2699966430664,115.9800033569336,110.58000183105469,110.58000183105469,4681437
2015-10-14,107.59356689453125,111.11000061035156,114.41999816894531,110.06099700927734,113.05000305175781,2585770
2015-10-15,108.62002563476562,112.16999816894531,112.72000122070312,108.33999633789062,110.0,3269586
2015-10-16,109.41407012939453,112.98999786376953,113.55999755859375,111.88999938964844,113.06999969482422,2144191
2015-10-19,110.58578491210938,114.19999694824219,114.93000030517578,112.66000366210938,112.94000244140625,2167647
2015-10-20,108.28109741210938,111.81999969482422,114.79000091552734,111.05000305175781,114.31999969482422,2588207
2015-10-21,104.85313415527344,108.27999877929688,112.69999694824219,103.63999938964844,112.62999725341797,5530536
2015-10-22,100.0888442993164,103.36000061035156,108.37999725341797,100.69000244140625,107.87999725341797,7651410
2015-10-23,102.53877258300781,105.88999938964844,106.23999786376953,102.94000244140625,103.93000030517578,4635709
2015-10-26,104.3883285522461,107.80000305175781,108.22000122070312,104.5999984741211,106.08999633789062,3775543
2015-10-27,107.16749572753906,110.66999816894531,111.86000061035156,107.01000213623047,107.4800033569336,4829575
2015-10-28,107.59356689453125,111.11000061035156,111.18000030517578,107.06999969482422,110.66999816894531,4083534
2015-10-29,111.22488403320312,114.86000061035156,116.33000183105469,110.68000030517578,111.25,4390503
2015-10-30,111.14739990234375,114.77999877929688,115.98999786376953,114.08999633789062,115.91999816894531,4113137
2015-11-02,111.689697265625,115.33999633789062,116.22000122070312,114.0999984741211,115.41999816894531,2362410
2015-11-03,108.27141571044922,111.80999755859375,115.4800033569336,111.33000183105469,114.58999633789062,2981712
2015-11-04,105.22112274169922,108.66000366210938,112.38999938964844,107.38999938964844,111.80000305175781,4672249
2015-11-05,107.74850463867188,111.2699966430664,111.6500015258789,108.47000122070312,108.7699966430664,2876947
2015-11-06,104.146240234375,107.55000305175781,110.21499633789062,106.31999969482422,110.16000366210938,4503343
2015-11-09,104.58200073242188,108.0,108.05999755859375,105.6500015258789,106.37000274658203,3133522
2015-11-10,105.29855346679688,108.73999786376953,109.38999938964844,107.8853988647461,108.25,2678147
2015-11-11,101.76408386230469,105.08999633789062,109.55999755859375,104.86000061035156,109.43000030517578,2947138
2015-11-12,99.84674835205078,103.11000061035156,106.0199966430664,103.05000305175781,105.80000305175781,4710157
2015-11-13,98.97523498535156,102.20999908447266,104.25,101.5199966430664,102.6500015258789,3871184
2015-11-16,101.68663024902344,105.01000213623047,105.08999633789062,102.19999694824219,102.38999938964844,2770383
2015-11-17,101.94808197021484,105.27999877929688,107.04000091552734,104.01000213623047,104.81999969482422,1575016
2015-11-18,103.47808074951172,106.86000061035156,107.05999755859375,104.4613037109375,105.27999877929688,1719602
2015-11-19,96.72865295410156,99.88999938964844,103.58000183105469,98.66999816894531,101.69999694824219,11864365
2015-11-20,101.12499237060547,104.43000030517578,104.9800033569336,100.55000305175781,101.3499984741211,4983916
2015-11-23,102.36447143554688,105.70999908447266,106.91999816894531,104.30999755859375,104.77999877929688,2922528
2015-11-24,102.72276306152344,106.08000183105469,106.27999877929688,104.3499984741211,104.83999633789062,2249692
2015-11-25,100.66017150878906,103.94999694824219,106.47989654541016,103.80390167236328,106.30999755859375,2271046
2015-11-27,100.76668548583984,104.05999755859375,104.80000305175781,103.4000015258789,104.25,958391
2015-11-30,99.49813842773438,102.75,104.9000015258789,102.75,104.47000122070312,2789202
2015-12-01,104.09781646728516,107.5,107.8499984741211,102.7750015258789,103.16000366210938,4371168
2015-12-02,103.54585266113281,106.93000030517578,109.4800033569336,106.62000274658203,107.62999725341797,3974576
2015-12-03,98.50074768066406,101.72000122070312,107.52999877929688,101.41999816894531,106.75,7098741
2015-12-04,101.98680877685547,105.31999969482422,106.0999984741211,101.91000366210938,102.47000122070312,4784890
2015-12-07,100.34061431884766,103.62000274658203,105.45999908447266,103.05999755859375,105.44999694824219,2945472
2015-12-08,100.64080810546875,103.93000030517578,104.27999877929688,102.0999984741211,102.86000061035156,2957865
2015-12-09,100.58269500732422,103.87000274658203,104.52999877929688,102.8280029296875,103.11000061035156,3409133
2015-12-10,101.50262451171875,104.81999969482422,105.55000305175781,103.16000366210938,103.58999633789062,2162224
2015-12-11,101.58980560302734,104.91000366210938,106.30000305175781,103.16999816894531,103.94000244140625,3556036
2015-12-14,102.45162200927734,105.80000305175781,106.5,104.69000244140625,105.22000122070312,3798441
2015-12-15,103.63301086425781,107.0199966430664,108.43000030517578,106.25,106.5,2712562
2015-12-16,105.31793975830078,108.76000213623047,108.94999694824219,107.12999725341797,108.08000183105469,2823028
2015-12-17,105.41478729248047,108.86000061035156,109.41000366210938,107.70999908447266,108.7300033569336,2826806
2015-12-18,105.03711700439453,108.47000122070312,109.91999816894531,108.0199966430664,108.7699966430664,4280353
2015-12-21,106.24756622314453,109.72000122070312,110.54000091552734,108.58999633789062,108.91000366210938,2730712
2015-12-22,105.46319580078125,108.91000366210938,110.47000122070312,107.76000213623047,110.41999816894531,2659431
2015-12-23,106.59130859375,110.07499694824219,110.44999694824219,109.12999725341797,109.12999725341797,1776451
2015-12-24,106.160400390625,109.62999725341797,110.52999877929688,109.51000213623047,110.01000213623047,726770
2015-12-28,105.50191497802734,108.94999694824219,109.66999816894531,108.22000122070312,109.52999877929688,1543912
2015-12-29,106.72203826904297,110.20999908447266,110.9000015258789,109.38999938964844,109.5199966430664,1088299
2015-12-30,105.48255920410156,108.93000030517578,110.83999633789062,108.63500213623047,110.38999938964844,1041455
2015-12-31,104.69820404052734,108.12000274658203,109.54000091552734,108.0,108.3499984741211,1612742
2016-01-04,105.8021240234375,109.26000213623047,109.26000213623047,106.0199966430664,106.58999633789062,4890511
2016-01-05,107.27400970458984,110.77999877929688,111.19499969482422,109.19999694824219,109.7300033569336,3476677
2016-01-06,106.73174285888672,110.22000122070312,110.9800033569336,109.08999633789062,109.16000366210938,6670167
2016-01-07,106.78013610839844,110.2699966430664,111.2300033569336,108.25,108.91999816894531,6282218
2016-01-08,103.68143463134766,107.06999969482422,110.45989990234375,106.2699966430664,110.0,7014722
2016-01-11,101.98680877685547,105.31999969482422,108.2699966430664,104.19000244140625,107.13999938964844,4785337
2016-01-12,105.94709014892578,109.1500015258789,109.5999984741211,104.52999877929688,104.52999877929688,4220817
2016-01-13,101.80237579345703,104.87999725341797,109.96499633789062,104.72000122070312,109.25,4485623
2016-01-14,105.07349395751953,108.25,108.54000091552734,104.44000244140625,104.86000061035156,4230290
2016-01-15,101.95768737792969,105.04000091552734,108.23999786376953,103.12000274658203,106.08000183105469,4780899
2016-01-19,101.76355743408203,104.83999633789062,106.94999694824219,104.31999969482422,105.66999816894531,6193186
2016-01-20,100.98703002929688,104.04000091552734,104.9749984741211,100.29000091552734,103.7699966430664,5735493
2016-01-21,102.1712417602539,105.26000213623047,106.22000122070312,103.71499633789062,104.58999633789062,3062336
2016-01-22,104.42314910888672,107.58000183105469,108.12999725341797,105.72000122070312,106.16000366210938,2344665
2016-01-25,102.33625793457031,105.43000030517578,108.83989715576172,105.22000122070312,108.68000030517578,1853036
2016-01-26,101.89944458007812,104.9800033569336,105.83499908447266,103.91999816894531,105.6500015258789,2466436
2016-01-27,98.70599365234375,101.69000244140625,105.11000061035156,100.56999969482422,105.08000183105469,4341894
2016-01-28,95.89109802246094,98.79000091552734,102.87000274658203,98.4000015258789,102.0,3899056
2016-01-29,98.85157775878906,101.83999633789062,101.83999633789062,99.0730972290039,99.37000274658203,3383762
2016-02-01,100.33670043945312,103.37000274658203,105.0,102.51000213623047,103.25,4446267
2016-02-02,98.89041900634766,101.87999725341797,103.24829864501953,100.93000030517578,103.05000305175781,2833738
2016-02-03,98.22066497802734,101.19000244140625,102.5,99.2300033569336,102.11000061035156,2806737
2016-02-04,99.1136703491211,102.11000061035156,102.30999755859375,99.95999908447266,100.72000122070312,2232601
2016-02-05,96.30846405029297,99.22000122070312,102.51000213623047,98.95500183105469,102.04000091552734,2727304
2016-02-08,91.54255676269531,94.30999755859375,98.41000366210938,93.29000091552734,98.33999633789062,3902142
2016-02-09,94.3477554321289,97.19999694824219,98.36000061035156,92.41999816894531,93.73999786376953,4493496
2016-02-10,96.81321716308594,99.73999786376953,100.55999755859375,98.25,98.30999755859375,3197030
2016-02-11,94.94954681396484,97.81999969482422,99.0999984741211,97.05000305175781,98.33000183105469,2285830
2016-02-12,96.3861312866211,99.30000305175781,99.3499984741211,97.1500015258789,97.73999786376953,2272025
2016-02-16,99.1816177368164,102.18000030517578,102.30999755859375,99.62000274658203,100.05999755859375,2159795
2016-02-17,102.36534881591797,105.45999908447266,105.5999984741211,102.19000244140625,102.5999984741211,3342905
2016-02-18,101.31705474853516,104.37999725341797,106.25,104.0199966430664,105.22000122070312,2409592
2016-02-19,100.41433715820312,103.44999694824219,105.4000015258789,102.5199966430664,104.80000305175781,2358641
2016-02-22,103.43307495117188,106.55999755859375,107.0,102.83999633789062,103.66999816894531,3023214
2016-02-23,104.18049621582031,107.33000183105469,107.98999786376953,106.30000305175781,106.77999877929688,1877490
2016-02-24,103.52043914794922,106.6500015258789,107.29000091552734,105.23999786376953,107.0199966430664,2035019
2016-02-25,106.18975830078125,109.4000015258789,109.52999877929688,105.97000122070312,107.12000274658203,2184871
2016-02-26,106.6944808959961,109.91999816894531,111.52999877929688,109.36000061035156,109.47000122070312,2902209
2016-02-29,105.44234466552734,108.62999725341797,110.72000122070312,108.5999984741211,109.5199966430664,2661804
2016-03-01,107.2962875366211,110.54000091552734,110.58000183105469,108.01000213623047,109.54000091552734,2178109
2016-03-02,106.91773223876953,110.1500015258789,110.54000091552734,109.12999725341797,110.05000305175781,1978271
2016-03-03,106.4227066040039,109.63999938964844,109.83999633789062,107.88999938964844,109.31999969482422,2330845
2016-03-04,104.88906860351562,108.05999755859375,109.80000305175781,107.83000183105469,109.13999938964844,3461181
2016-03-07,106.48094177246094,109.69999694824219,109.69999694824219,107.01000213623047,107.43000030517578,1996271
2016-03-08,103.85047149658203,106.98999786376953,109.4000015258789,106.94000244140625,109.05000305175781,2510250
2016-03-09,106.0150375366211,109.22000122070312,109.23999786376953,107.29000091552734,107.86000061035156,3584124
2016-03-10,107.61661529541016,110.87000274658203,111.7300033569336,109.33000183105469,109.80999755859375,2315642
2016-03-11,110.14031219482422,113.47000122070312,113.4800033569336,111.12000274658203,111.62999725341797,2111292
2016-03-14,110.81975555419922,114.16999816894531,114.4800033569336,112.48999786376953,112.73999786376953,2189207
2016-03-15,109.55792999267578,112.87000274658203,113.83999633789062,111.20999908447266,113.31999969482422,2213875
2016-03-16,110.0335464477539,113.36000061035156,113.83000183105469,111.52999877929688,112.68000030517578,1964941
2016-03-17,107.3060073852539,110.55000305175781,113.38999938964844,109.0,112.95999908447266,3222938
2016-03-18,109.3055648803711,112.61000061035156,113.37000274658203,109.41999816894531,110.44000244140625,2765798
2016-03-21,108.1407699584961,111.41000366210938,112.77999877929688,110.83000183105469,112.06999969482422,1834105
2016-03-22,109.21817779541016,112.5199966430664,113.16799926757812,111.06739807128906,111.20999908447266,1834303
2016-03-23,108.47078704833984,111.75,113.0,111.38999938964844,112.55999755859375,2229941
2016-03-24,109.1114273071289,112.41000366210938,112.95999908447266,111.23999786376953,111.37000274658203,2172784
2016-03-28,108.81050109863281,112.0999984741211,113.36000061035156,111.91000366210938,112.41000366210938,1099262
2016-03-29,109.96560668945312,113.29000091552734,113.52999877929688,111.87999725341797,112.5,2190375
2016-03-30,110.83918762207031,114.19000244140625,115.5199966430664,113.33000183105469,113.33000183105469,2391921
2016-03-31,109.05317687988281,112.3499984741211,114.26000213623047,112.3499984741211,113.7300033569336,3217043
2016-04-01,110.3732681274414,113.70999908447266,114.0,111.66000366210938,112.12000274658203,2149661
2016-04-04,111.1692123413086,114.52999877929688,114.95999908447266,112.6050033569336,113.4800033569336,2307091
2016-04-05,107.8592758178711,111.12000274658203,113.8499984741211,110.41000366210938,113.41000366210938,3487852
2016-04-06,108.82022094726562,112.11000061035156,112.1500015258789,110.80999755859375,111.19000244140625,3579581
2016-04-07,107.04393005371094,110.27999877929688,111.86000061035156,109.62000274658203,111.36000061035156,3313028
2016-04-08,105.67530822753906,108.87000274658203,111.0999984741211,108.61000061035156,110.66000366210938,2380448
2016-04-11,105.08320617675781,108.26000213623047,110.05000305175781,108.0199966430664,108.91000366210938,2539672
2016-04-12,106.32852172851562,109.29000091552734,109.37999725341797,107.55000305175781,108.27999877929688,1868718
2016-04-13,107.54463958740234,110.54000091552734,110.77999877929688,109.05999755859375,109.98999786376953,1701549
2016-04-14,106.71768188476562,109.69000244140625,110.73999786376953,109.52999877929688,110.20999908447266,1793917
2016-04-15,106.83441162109375,109.80999755859375,110.25,108.5199966430664,110.06999969482422,1766083
2016-04-18,107.4765396118164,110.47000122070312,111.12000274658203,109.11000061035156,109.66999816894531,1483429
2016-04-19,108.44944763183594,111.47000122070312,112.88999938964844,110.9000015258789,111.37999725341797,1248098
2016-04-20,110.14228057861328,113.20999908447266,113.76000213623047,111.18000030517578,111.6500015258789,1860100
2016-04-21,110.0255355834961,113.08999633789062,113.91999816894531,112.73999786376953,112.95999908447266,1320599
2016-04-22,111.70866394042969,114.81999969482422,114.81999969482422,113.08999633789062,113.44000244140625,2030275
2016-04-25,111.20276641845703,114.30000305175781,114.9000015258789,113.44000244140625,114.19999694824219,1891006
2016-04-26,112.63291931152344,115.7699966430664,115.81999969482422,114.01000213623047,114.01000213623047,1871516
2016-04-27,110.71630859375,113.80000305175781,115.70999908447266,113.29000091552734,115.61000061035156,2445034
2016-04-28,111.52381134033203,114.62999725341797,115.95999908447266,113.66000366210938,115.05000305175781,2448178
2016-04-29,109.2277603149414,112.2699966430664,114.0,111.68000030517578,114.0,3709126
2016-05-02,110.76496124267578,113.8499984741211,114.83999633789062,112.9000015258789,113.26000213623047,2114130
2016-05-03,110.97899627685547,114.06999969482422,114.93000030517578,113.30000305175781,113.45999908447266,1782353
2016-05-04,109.9963607788086,113.05999755859375,113.97000122070312,112.30000305175781,113.05000305175781,2316305
2016-05-05,110.7844009399414,113.87000274658203,114.31999969482422,112.52999877929688,112.88999938964844,1741741
2016-05-06,109.76287078857422,112.81999969482422,114.26000213623047,111.7300033569336,113.19000244140625,3203232
2016-05-09,110.84278106689453,113.93000030517578,115.44000244140625,112.80999755859375,112.80999755859375,1989944
2016-05-10,111.3584213256836,114.45999908447266,114.79000091552734,113.58000183105469,114.23999786376953,1522209
2016-05-11,109.21803283691406,112.26000213623047,114.72000122070312,112.26000213623047,114.72000122070312,1556892
2016-05-12,105.65721130371094,108.5999984741211,112.77999877929688,107.77999877929688,112.44999694824219,4437699
2016-05-13,104.97618865966797,107.9000015258789,109.48999786376953,106.30000305175781,108.54000091552734,3163262
2016-05-16,107.50572204589844,110.5,110.55000305175781,107.58999633789062,107.80999755859375,2555065
2016-05-17,107.21385955810547,110.19999694824219,111.12000274658203,109.44000244140625,110.4000015258789,1818166
2016-05-18,107.60301971435547,110.5999984741211,111.47989654541016,109.5999984741211,110.04000091552734,1836874
2016-05-19,106.74685668945312,109.72000122070312,111.33000183105469,108.63999938964844,109.91000366210938,1272425
2016-05-20,107.64193725585938,110.63999938964844,111.43000030517578,110.19999694824219,110.37999725341797,1160289
2016-05-23,107.10682678222656,110.08999633789062,111.0,109.58999633789062,110.41999816894531,1773065
2016-05-24,108.60511016845703,111.62999725341797,111.94000244140625,110.25499725341797,110.54000091552734,2470669
2016-05-25,110.60929107666016,113.69000244140625,113.8499984741211,111.87000274658203,112.30999755859375,2927697
2016-05-26,110.00608825683594,113.06999969482422,113.81999969482422,112.6500015258789,113.33000183105469,1903044
2016-05-27,110.18120574951172,113.25,114.02999877929688,112.80999755859375,113.29000091552734,1269029
2016-05-31,110.16175079345703,113.2300033569336,114.23999786376953,113.06999969482422,113.7300033569336,3122715
2016-06-01,112.16593933105469,115.29000091552734,115.30000305175781,112.80000305175781,113.05000305175781,2590494
2016-06-02,116.77748107910156,120.02999877929688,120.06999969482422,114.7699966430664,115.25,5841121
2016-06-03,116.78721618652344,120.04000091552734,120.29499816894531,118.41999816894531,118.87000274658203,2887632
2016-06-06,118.97624206542969,122.29000091552734,122.77999877929688,119.87999725341797,120.0999984741211,2408302
2016-06-07,118.30493927001953,121.5999984741211,122.79000091552734,121.5999984741211,122.1500015258789,1823685
2016-06-08,119.39460754394531,122.72000122070312,123.18000030517578,121.19999694824219,121.54000091552734,2467370
2016-06-09,117.98389434814453,121.2699966430664,122.68000030517578,119.9729995727539,122.25,2493626
2016-06-10,117.25421142578125,120.5199966430664,120.55999755859375,119.66000366210938,120.45999908447266,1801722
2016-06-13,115.95052337646484,119.18000030517578,121.36000061035156,119.05000305175781,120.37999725341797,2034015
2016-06-14,116.32022094726562,119.55999755859375,119.99500274658203,118.83000183105469,119.0999984741211,1849807
2016-06-15,116.67046356201172,119.91999816894531,121.06999969482422,119.52999877929688,120.0,2161890
2016-06-16,118.34385681152344,121.63999938964844,121.79000091552734,118.86000061035156,119.69000244140625,2408795
2016-06-17,117.81848907470703,121.0999984741211,121.73999786376953,120.30000305175781,121.44000244140625,2103728
2016-06-20,119.02490234375,122.33999633789062,123.56999969482422,121.8949966430664,122.0,2415444
2016-06-21,117.80875396728516,121.08999633789062,123.06999969482422,121.06999969482422,123.06999969482422,2105704
2016-06-22,116.90396881103516,120.16000366210938,122.36000061035156,119.9800033569336,121.12000274658203,2566965
2016-06-23,117.72119903564453,121.0,121.72000122070312,120.16000366210938,121.72000122070312,1946215
2016-06-24,114.4717025756836,117.66000366210938,120.0,116.2699966430664,116.2699966430664,3649832
2016-06-27,112.42862701416016,115.55999755859375,116.98999786376953,114.4800033569336,116.80000305175781,3248126
2016-06-28,115.66838836669922,118.88999938964844,118.98999786376953,116.37000274658203,116.83000183105469,3101878
2016-06-29,117.89632415771484,121.18000030517578,121.31999969482422,119.60009765625,119.86000061035156,2283558
2016-06-30,118.82058715820312,122.12999725341797,122.58999633789062,120.81999969482422,121.7699966430664,3026743
2016-07-01,116.69964599609375,119.94999694824219,121.69999694824219,119.18000030517578,121.68000030517578,4271934
2016-07-05,116.4564437866211,119.69999694824219,120.3499984741211,119.11000061035156,119.9000015258789,1841620
2016-07-06,116.98179626464844,120.23999786376953,121.13999938964844,119.08999633789062,119.23999786376953,1906143
2016-07-07,112.34105682373047,115.47000122070312,120.98999786376953,114.41000366210938,120.58000183105469,11069920
2016-07-08,113.82959747314453,117.0,117.20999908447266,112.18000030517578,116.30999755859375,6427458
2016-07-11,113.28477478027344,116.44000244140625,117.94999694824219,116.19999694824219,117.08000183105469,5674939
2016-07-12,112.61201477050781,115.5,116.98500061035156,115.04000091552734,116.58999633789062,4698003
2016-07-13,116.20000457763672,119.18000030517578,119.55000305175781,116.38999938964844,116.38999938964844,3089116
2016-07-14,116.17076110839844,119.1500015258789,120.9800033569336,119.05999755859375,120.11000061035156,3466861
2016-07-15,115.66375732421875,118.62999725341797,120.66999816894531,118.13999938964844,118.87999725341797,3435697
2016-07-18,115.40050506591797,118.36000061035156,119.86000061035156,117.4800033569336,118.94000244140625,2299333
2016-07-19,112.27075958251953,115.1500015258789,117.97000122070312,112.52999877929688,117.97000122070312,8748279
2016-07-20,113.5772705078125,116.48999786376953,117.11000061035156,115.18000030517578,115.97000122070312,2992466
2016-07-21,115.34200286865234,118.30000305175781,120.68000030517578,115.33000183105469,115.56999969482422,9371245
2016-07-22,117.447998046875,120.45999908447266,121.2699966430664,117.69999694824219,119.01000213623047,4279161
2016-07-25,114.89350891113281,117.83999633789062,120.44000244140625,117.68000030517578,120.2300033569336,2726464
2016-07-26,114.3182601928711,117.25,117.75,116.0999984741211,117.54000091552734,2699666
2016-07-27,113.01176452636719,115.91000366210938,117.12999725341797,114.23500061035156,116.70999908447266,2619800
2016-07-28,112.89476013183594,115.79000091552734,116.63999938964844,115.19000244140625,115.83000183105469,1434197
2016-07-29,112.32927703857422,115.20999908447266,116.55000305175781,114.08999633789062,114.08999633789062,2520746
2016-08-01,111.58828735351562,114.44999694824219,115.91999816894531,113.98999786376953,115.68000030517578,2327460
2016-08-02,112.81676483154297,115.70999908447266,117.70999908447266,115.2699966430664,116.56999969482422,2768166
2016-08-03,113.9380111694336,116.86000061035156,117.36000061035156,114.02999877929688,115.68000030517578,2788078
2016-08-04,113.69425964355469,116.61000061035156,117.69000244140625,115.83000183105469,116.66999816894531,2483349
2016-08-05,116.3072509765625,119.29000091552734,119.87999725341797,116.37999725341797,117.04000091552734,3416835
2016-08-08,115.36151123046875,118.31999969482422,119.30000305175781,117.93000030517578,119.30000305175781,2096372
2016-08-09,116.55098724365234,119.54000091552734,119.75,118.19000244140625,118.19000244140625,1920943
2016-08-10,116.55098724365234,119.54000091552734,120.93000030517578,118.51000213623047,119.33000183105469,1704810
2016-08-11,116.20976257324219,119.19000244140625,119.81999969482422,118.77999877929688,119.79000091552734,1100714
2016-08-12,116.59001159667969,119.58000183105469,120.11000061035156,118.04000091552734,118.58999633789062,1739291
2016-08-15,116.19024658203125,119.16999816894531,119.83999633789062,118.77999877929688,119.58000183105469,864107
2016-08-16,115.95626068115234,118.93000030517578,119.54000091552734,118.43000030517578,119.30000305175781,1026980
2016-08-17,117.53575134277344,120.55000305175781,120.70999908447266,118.58000183105469,118.9800033569336,2462700
2016-08-18,118.01349639892578,121.04000091552734,121.5999984741211,119.91999816894531,120.04000091552734,2086271
2016-08-19,117.07749938964844,120.08000183105469,120.93000030517578,119.68000030517578,120.44000244140625,1690389
2016-08-22,117.145751953125,120.1500015258789,121.23999786376953,119.93000030517578,120.54000091552734,1192645
2016-08-23,116.7752456665039,119.7699966430664,120.7699966430664,119.58000183105469,120.30999755859375,865467
2016-08-24,115.74174499511719,118.70999908447266,120.33000183105469,118.5999984741211,119.62000274658203,1409827
2016-08-25,114.58150482177734,117.5199966430664,119.05000305175781,117.48989868164062,118.29000091552734,1457729
2016-08-26,114.29876708984375,117.2300033569336,118.55000305175781,116.62999725341797,117.54000091552734,1483632
2016-08-29,114.09400939941406,117.0199966430664,117.66000366210938,116.7300033569336,117.55999755859375,1007572
2016-08-30,113.94776916503906,116.87000274658203,117.44000244140625,116.58999633789062,116.76000213623047,1484572
2016-08-31,114.19152069091797,117.12000274658203,117.23999786376953,116.0999984741211,116.0999984741211,1295061
2016-09-01,113.2555160522461,116.16000366210938,117.61000061035156,115.83000183105469,117.44000244140625,1764834
2016-09-02,113.81127166748047,116.7300033569336,116.93000030517578,115.98999786376953,116.62999725341797,1254563
2016-09-06,113.46026611328125,116.37000274658203,117.57499694824219,116.04000091552734,116.70999908447266,1601058
2016-09-07,113.55777740478516,116.47000122070312,116.9000015258789,115.0,115.91999816894531,1245887
2016-09-08,113.62602233886719,116.54000091552734,119.11000061035156,115.80000305175781,119.11000061035156,1675670
2016-09-09,112.6607666015625,115.55000305175781,116.48999786376953,115.36000061035156,115.88999938964844,1595995
2016-09-12,113.31401824951172,116.22000122070312,116.4800033569336,114.87000274658203,115.0,1596783
2016-09-13,111.13977813720703,113.98999786376953,116.0199966430664,113.87999725341797,115.36000061035156,2033221
2016-09-14,109.98927307128906,112.80999755859375,114.18000030517578,112.4990005493164,114.06999969482422,2323217
2016-09-15,111.56877899169922,114.43000030517578,114.5199966430664,111.87999725341797,112.4800033569336,2089115
2016-09-16,112.18302154541016,115.05999755859375,115.44000244140625,113.97000122070312,114.0,2813048
2016-09-19,111.95877075195312,114.83000183105469,115.73999786376953,114.73999786376953,115.27999877929688,997284
2016-09-20,111.7637710571289,114.62999725341797,115.44999694824219,114.61000061035156,115.29000091552734,959900
2016-09-21,113.77225494384766,116.69000244140625,116.69000244140625,114.58999633789062,114.80999755859375,1760923
2016-09-22,114.00626373291016,116.93000030517578,117.38999938964844,116.5,116.77999877929688,1506802
2016-09-23,112.73875427246094,115.62999725341797,116.91999816894531,115.62999725341797,116.88999938964844,1815146
2016-09-26,112.0562744140625,114.93000030517578,115.51000213623047,114.5999984741211,115.26000213623047,1419301
2016-09-27,112.84601593017578,115.73999786376953,115.80000305175781,114.5,115.18000030517578,976259
2016-09-28,113.35301971435547,116.26000213623047,116.46499633789062,115.27999877929688,116.12000274658203,1100437
2016-09-29,112.15375518798828,115.02999877929688,116.04000091552734,114.79000091552734,116.04000091552734,1523505
2016-09-30,112.56326293945312,115.44999694824219,116.0999984741211,114.51000213623047,115.37000274658203,1839122
2016-10-03,111.85151672363281,114.72000122070312,115.4800033569336,114.37000274658203,114.91999816894531,1332624
2016-10-04,111.9002685546875,114.7699966430664,115.2300033569336,114.08999633789062,114.8499984741211,1386812
2016-10-05,112.10502624511719,114.9800033569336,115.22000122070312,114.0999984741211,114.80000305175781,1770848
2016-10-06,111.13977813720703,113.98999786376953,115.06999969482422,113.41000366210938,115.06999969482422,1469529
2016-10-07,110.87652587890625,113.72000122070312,114.66000366210938,113.13999938964844,114.30999755859375,1873315
2016-10-10,111.8417739868164,114.70999908447266,114.98999786376953,114.05000305175781,114.16000366210938,1703981
2016-10-11,109.50643157958984,112.06999969482422,114.44999694824219,111.83000183105469,114.31999969482422,2275295
2016-10-12,107.84532928466797,110.37000274658203,112.69000244140625,109.56999969482422,112.11000061035156,5450235
2016-10-13,107.26881408691406,109.77999877929688,110.25,109.19999694824219,109.8499984741211,3795784
2016-10-14,107.13202667236328,109.63999938964844,111.0551986694336,109.58999633789062,110.45999908447266,2294180
2016-10-17,106.0083236694336,108.48999786376953,109.8499984741211,108.3499984741211,109.72000122070312,2461387
2016-10-18,108.8810806274414,111.43000030517578,111.9800033569336,110.25,110.5,3601754
2016-10-19,108.51954650878906,111.05999755859375,112.1500015258789,110.9800033569336,111.55999755859375,2518697
2016-10-20,108.39252471923828,110.93000030517578,111.44000244140625,110.55000305175781,110.94999694824219,1669435
2016-10-21,108.70519256591797,111.25,112.0199966430664,109.86000061035156,110.08000183105469,2409608
2016-10-24,109.45757293701172,112.0199966430664,112.06999969482422,111.43000030517578,111.70999908447266,2189571
2016-10-25,109.08627319335938,111.63999938964844,112.4800033569336,111.26000213623047,112.08000183105469,1988983
2016-10-26,108.470703125,111.01000213623047,112.0199966430664,110.78500366210938,111.58999633789062,2823739
2016-10-27,108.29481506347656,110.83000183105469,111.69999694824219,106.44450378417969,111.19000244140625,4308507
2016-10-28,104.9334945678711,107.38999938964844,110.48819732666016,106.06999969482422,110.2699966430664,3994726
2016-10-31,104.89441680908203,107.3499984741211,107.94999694824219,106.75,107.72000122070312,2299281
2016-11-01,103.39940643310547,105.81999969482422,107.70999908447266,104.83000183105469,107.70999908447266,3165728
2016-11-02,103.28215026855469,105.69999694824219,107.93000030517578,105.27999877929688,105.88999938964844,2248337
2016-11-03,102.79358673095703,105.19999694824219,106.83999633789062,104.58999633789062,105.91999816894531,2548335
2016-11-04,103.67298889160156,106.0999984741211,106.93000030517578,105.38970184326172,105.54000091552734,2980086
2016-11-07,107.22972106933594,109.73999786376953,110.63999938964844,107.44000244140625,107.63999938964844,3731206
2016-11-08,110.19042205810547,112.7699966430664,113.13999938964844,109.12000274658203,109.29000091552734,2668867
2016-11-09,115.3203353881836,118.0199966430664,118.55999755859375,110.29000091552734,111.93000030517578,7868016
2016-11-10,117.15734100341797,119.9000015258789,122.13999938964844,119.11000061035156,119.11000061035156,5350913
2016-11-11,116.55150604248047,119.27999877929688,124.2300033569336,119.09010314941406,122.66000366210938,7150236
2016-11-14,121.14401245117188,123.9800033569336,124.29000091552734,118.47000122070312,119.13999938964844,5106960
2016-11-15,120.76292419433594,123.58999633789062,124.9800033569336,122.41000366210938,124.54000091552734,2364976
2016-11-16,120.47956085205078,123.30000305175781,124.4000015258789,122.73999786376953,123.5,2522790
2016-11-17,123.31321716308594,126.19999694824219,126.33000183105469,123.11000061035156,123.44999694824219,2574868
2016-11-18,122.0234146118164,124.87999725341797,126.1500015258789,124.7300033569336,126.11000061035156,2848947
2016-11-21,123.9581298828125,126.86000061035156,127.33999633789062,124.80000305175781,124.93000030517578,2467821
2016-11-22,125.48242950439453,128.4199981689453,128.72999572753906,127.0,127.05999755859375,2852821
2016-11-23,126.37163543701172,129.3300018310547,129.4199981689453,127.30999755859375,127.86000061035156,1933519
2016-11-25,126.60614013671875,129.57000732421875,131.0800018310547,129.16000366210938,129.30999755859375,1281217
2016-11-28,125.453125,128.38999938964844,129.47999572753906,127.47000122070312,128.91000366210938,1864651
2016-11-29,129.00987243652344,132.02999877929688,132.57000732421875,129.67999267578125,129.67999267578125,2914015
2016-11-30,127.84708404541016,130.83999633789062,132.36000061035156,130.3699951171875,132.36000061035156,3998025
2016-12-01,131.81422424316406,134.89999389648438,136.13999938964844,130.3000030517578,130.77999877929688,4291307
2016-12-02,130.43646240234375,133.49000549316406,136.5,132.97999572753906,134.91000366210938,3522666
2016-12-05,126.48886108398438,129.4499969482422,133.5800018310547,127.33999633789062,133.5800018310547,4283455
2016-12-06,125.59967803955078,128.5399932861328,130.10000610351562,127.5,129.9600067138672,3015110
2016-12-07,125.70716857910156,128.64999389648438,129.9199981689453,126.43000030517578,128.1199951171875,4004340
2016-12-08,126.34232330322266,129.3000030517578,130.52000427246094,127.23999786376953,128.64999389648438,2449135
2016-12-09,125.96122741699219,128.91000366210938,129.92999267578125,126.80999755859375,129.55999755859375,2069441
2016-12-12,125.33588409423828,128.27000427246094,129.42999267578125,127.06999969482422,127.95999908447266,2083095
2016-12-13,125.07205200195312,128.0,129.60000610351562,127.12000274658203,128.89999389648438,3121689
2016-12-14,123.76270294189453,126.66000366210938,128.22000122070312,126.4000015258789,127.87999725341797,3749911
2016-12-15,122.55105590820312,125.41999816894531,127.88999938964844,125.41999816894531,126.86000061035156,2453367
2016-12-16,123.90927124023438,126.80999755859375,127.83000183105469,125.72000122070312,126.19999694824219,3329953
2016-12-19,121.2612533569336,124.0999984741211,126.80999755859375,124.08999633789062,126.38999938964844,2498149
2016-12-20,121.77912139892578,124.62999725341797,125.25,124.0,124.54000091552734,2676059
2016-12-21,120.52841186523438,123.3499984741211,124.95999908447266,122.30999755859375,124.66000366210938,2778640
2016-12-22,121.83777618408203,124.69000244140625,125.44999694824219,120.86000061035156,123.72000122070312,3329785
2016-12-23,123.06893157958984,125.94999694824219,126.4000015258789,124.30999755859375,124.70999908447266,1345701
2016-12-27,123.34254455566406,126.2300033569336,127.31999969482422,125.11000061035156,125.66999816894531,972553
2016-12-28,121.73028564453125,124.58000183105469,126.88999938964844,124.5199966430664,125.95999908447266,1049525
2016-12-29,121.60325622558594,124.44999694824219,125.36000061035156,124.31999969482422,124.86000061035156,1151466
2016-12-30,121.17332458496094,124.01000213623047,124.73999786376953,123.16999816894531,124.55999755859375,1588055
2017-01-03,120.03006744384766,122.83999633789062,124.875,120.55000305175781,124.8499984741211,4162761
2017-01-04,121.14401245117188,123.9800033569336,124.26000213623047,121.3499984741211,123.04000091552734,2899577
2017-01-05,121.66187286376953,124.51000213623047,126.25,124.25,124.25,2566374
2017-01-06,121.41759490966797,124.26000213623047,125.79000091552734,124.02999877929688,124.48999786376953,2970031
2017-01-09,120.3623046875,123.18000030517578,124.2300033569336,121.25,123.94999694824219,2455673
2017-01-10,120.10773468017578,122.66999816894531,123.7300033569336,121.5999984741211,122.45999908447266,3129144
2017-01-11,120.06857299804688,122.62999725341797,123.8499984741211,121.93000030517578,122.44999694824219,2728438
2017-01-12,120.07835388183594,122.63999938964844,123.5199966430664,121.5,121.86000061035156,2723069
2017-01-13,119.7552490234375,122.30999755859375,123.12999725341797,122.11000061035156,122.77999877929688,2784944
2017-01-17,118.51177978515625,121.04000091552734,122.3499984741211,120.01000213623047,122.3499984741211,2775527
2017-01-18,118.44325256347656,120.97000122070312,121.86000061035156,119.91999816894531,121.58999633789062,4245420
2017-01-19,120.0000228881836,122.55999755859375,122.91999816894531,119.2699966430664,121.0,4090671
2017-01-20,119.97066497802734,122.52999877929688,123.94999694824219,121.7249984741211,122.41000366210938,3334142
2017-01-23,116.71021270751953,119.19999694824219,123.8499984741211,118.0,122.44999694824219,9677557
2017-01-24,115.15342712402344,117.61000061035156,118.94000244140625,116.55999755859375,118.43000030517578,6435153
2017-01-25,116.6514663696289,119.13999938964844,119.62000274658203,117.12999725341797,118.04000091552734,3623432
2017-01-26,115.18280029296875,117.63999938964844,119.41999816894531,117.62999725341797,119.0,2671610
2017-01-27,114.99675750732422,117.44999694824219,118.38999938964844,117.12999725341797,118.1500015258789,2196820
2017-01-30,114.272216796875,116.70999908447266,117.55000305175781,116.04000091552734,117.55000305175781,3316463
2017-01-31,116.13253784179688,118.61000061035156,119.93000030517578,116.37000274658203,117.48999786376953,5515224
2017-02-01,119.06987762451172,121.61000061035156,122.0,118.04000091552734,118.30000305175781,6713505
2017-02-02,117.9341049194336,120.44999694824219,121.68000030517578,119.79000091552734,121.29000091552734,2892238
2017-02-03,120.0000228881836,122.55999755859375,122.95999908447266,120.37000274658203,120.56999969482422,3748991
2017-02-06,118.26699829101562,120.79000091552734,122.5,120.12000274658203,121.81999969482422,2487565
2017-02-07,118.14949035644531,120.66999816894531,121.19999694824219,119.5199966430664,120.79000091552734,2893509
2017-02-08,118.79572296142578,121.33000183105469,121.44000244140625,119.51000213623047,120.41999816894531,2183019
2017-02-09,118.67823028564453,121.20999908447266,121.88999938964844,120.38999938964844,121.5999984741211,2941097
2017-02-10,119.14820098876953,121.69000244140625,122.05999755859375,121.01000213623047,121.72000122070312,1978174
2017-02-13,119.50067901611328,122.05000305175781,122.38999938964844,121.58000183105469,121.76000213623047,2032600
2017-02-14,123.18214416503906,125.80999755859375,126.87000274658203,121.5999984741211,121.61000061035156,5140845
2017-02-15,125.75721740722656,128.44000244140625,128.97039794921875,125.88999938964844,125.88999938964844,4766848
2017-02-16,126.78528594970703,129.49000549316406,129.6199951171875,127.37999725341797,128.1300048828125,3817031
2017-02-17,122.65342712402344,125.2699966430664,128.72999572753906,124.83000183105469,128.30999755859375,4213614
2017-02-21,123.70108032226562,126.33999633789062,127.13999938964844,125.47000122070312,125.76000213623047,2746477
2017-02-22,126.09989929199219,128.7899932861328,129.6699981689453,126.5,126.55000305175781,3469977
2017-02-23,127.02025604248047,129.72999572753906,129.92999267578125,128.57000732421875,129.22000122070312,2535831
2017-02-24,126.2761459350586,128.97000122070312,129.66000366210938,128.27000427246094,129.49000549316406,2364449
2017-02-27,126.75590515136719,129.4600067138672,129.99000549316406,128.52000427246094,128.55999755859375,2366906
2017-02-28,126.07052612304688,128.75999450683594,129.86000061035156,128.63999938964844,129.5500030517578,2115225
2017-03-01,127.32379150390625,130.0399932861328,131.1699981689453,129.6300048828125,130.19000244140625,3883088
2017-03-02,126.80487060546875,129.50999450683594,130.39999389648438,129.33999633789062,129.9199981689453,1557999
2017-03-03,127.9602279663086,130.69000244140625,130.8800048828125,129.25999450683594,129.44000244140625,2093802
2017-03-06,128.55747985839844,131.3000030517578,131.57000732421875,129.75999450683594,129.77999877929688,2178401
2017-03-07,127.86229705810547,130.58999633789062,132.16000366210938,130.3699951171875,131.0399932861328,3074204
2017-03-08,128.95892333984375,131.7100067138672,132.11000061035156,130.64999389648438,130.64999389648438,3103249
2017-03-09,130.03594970703125,132.80999755859375,133.25999450683594,131.74099731445312,131.75,3740729
2017-03-10,130.02613830566406,132.8000030517578,134.1999969482422,132.30999755859375,133.1999969482422,2537734
2017-03-13,129.8498992919922,132.6199951171875,133.18499755859375,132.35000610351562,132.60000610351562,2416896
2017-03-14,129.2036895751953,131.9600067138672,132.28469848632812,131.17999267578125,132.0500030517578,1804559
2017-03-15,131.3087921142578,134.11000061035156,134.40989685058594,132.1300048828125,132.25999450683594,2183089
2017-03-16,130.28070068359375,133.05999755859375,134.76499938964844,132.32000732421875,133.9499969482422,3096562
2017-03-17,129.04702758789062,131.8000030517578,133.13999938964844,131.8000030517578,132.9499969482422,2725781
2017-03-20,127.62731170654297,130.35000610351562,132.14999389648438,130.22000122070312,131.74000549316406,1679622
2017-03-21,126.39363098144531,129.08999633789062,131.25,128.64999389648438,130.61000061035156,2826914
2017-03-22,125.6495132446289,128.3300018310547,129.35000610351562,128.1199951171875,129.35000610351562,1953344
2017-03-23,125.15995025634766,127.83000183105469,129.36500549316406,127.37999725341797,128.1699981689453,2392619
2017-03-24,124.12207794189453,126.7699966430664,128.6699981689453,126.0199966430664,127.86000061035156,3055379
2017-03-27,123.62274169921875,126.26000213623047,126.52999877929688,124.83999633789062,125.5199966430664,2818127
2017-03-28,124.35708618164062,127.01000213623047,127.47000122070312,125.69999694824219,126.11000061035156,2184778
2017-03-29,123.10382080078125,125.7300033569336,126.9000015258789,125.23670196533203,126.75,2150789
2017-03-30,124.2591781616211,126.91000366210938,128.46499633789062,125.52999877929688,125.69000244140625,2360970
2017-03-31,124.88580322265625,127.55000305175781,127.66000366210938,126.0,126.70999908447266,2485324
2017-04-03,126.05094909667969,128.74000549316406,129.66000366210938,127.66000366210938,127.87000274658203,3064190
2017-04-04,125.17953491210938,127.8499984741211,129.3000030517578,127.19999694824219,128.47999572753906,1798367
2017-04-05,124.6214370727539,127.27999877929688,129.07000732421875,127.12999725341797,128.3300018310547,2016193
2017-04-06,126.14885711669922,128.83999633789062,129.0,127.08000183105469,127.08000183105469,2285085
2017-04-07,125.67888641357422,128.36000061035156,129.2100067138672,127.91999816894531,128.39999389648438,1519016
2017-04-10,126.5992660522461,129.3000030517578,129.9499969482422,128.27999877929688,128.52999877929688,1510414
2017-04-11,127.30693817138672,129.52000427246094,129.75999450683594,128.19000244140625,128.3000030517578,1855803
2017-04-12,126.87446594238281,129.0800018310547,129.77999877929688,128.41000366210938,129.77999877929688,1271128
2017-04-13,126.4321517944336,128.6300048828125,129.52499389648438,128.4600067138672,128.75,1909831
2017-04-17,127.10053253173828,129.30999755859375,129.5500030517578,128.02999877929688,128.64999389648438,2487134
2017-04-18,126.34368133544922,128.5399932861328,130.89999389648438,127.86000061035156,130.6300048828125,1819564
2017-04-19,127.05138397216797,129.25999450683594,129.83999633789062,127.94000244140625,128.94000244140625,2209201
2017-04-20,129.67576599121094,131.92999267578125,132.0500030517578,128.7899932861328,129.36000061035156,3500384
2017-04-21,128.93856811523438,131.17999267578125,132.3000030517578,130.4949951171875,131.64999389648438,5194583
2017-04-24,130.33433532714844,132.60000610351562,133.47999572753906,132.16000366210938,132.82000732421875,2240718
2017-04-25,131.54331970214844,133.8300018310547,134.57000732421875,133.10000610351562,133.35000610351562,1913299
2017-04-26,131.70057678222656,133.99000549316406,135.3199005126953,133.8000030517578,134.05999755859375,1874321
2017-04-27,131.6907196044922,133.97999572753906,135.4499969482422,133.9199981689453,134.4199981689453,1779371
2017-04-28,132.76211547851562,135.07000732421875,135.17999267578125,133.11000061035156,133.6699981689453,2959157
2017-05-01,134.44288635253906,136.77999877929688,137.19000244140625,134.56500244140625,135.22000122070312,3608460
2017-05-02,136.5364990234375,138.91000366210938,139.44000244140625,135.61000061035156,136.22999572753906,4731927
2017-05-03,136.57582092285156,138.9499969482422,139.97000122070312,138.32000732421875,139.0,3365995
2017-05-04,137.6963348388672,140.08999633789062,140.22999572753906,138.49000549316406,139.1699981689453,2442459
2017-05-05,138.36471557617188,140.77000427246094,140.85000610351562,139.8300018310547,140.1699981689453,1466007
2017-05-08,139.14122009277344,141.55999755859375,141.7100067138672,140.26499938964844,140.6999969482422,1899781
2017-05-09,139.9668731689453,142.39999389648438,142.52999877929688,141.1199951171875,141.33999633789062,3930096
2017-05-10,140.59593200683594,143.0399932861328,143.27000427246094,141.74000549316406,142.0500030517578,2517935
2017-05-11,141.9228515625,144.38999938964844,144.75999450683594,142.64999389648438,143.72000122070312,3038842
2017-05-12,140.45831298828125,142.89999389648438,144.8699951171875,142.6199951171875,143.9199981689453,2448879
2017-05-15,139.78013610839844,142.2100067138672,143.22999572753906,141.52000427246094,142.63999938964844,4284690
2017-05-16,139.4360809326172,141.86000061035156,142.44000244140625,140.32000732421875,142.08999633789062,2820051
2017-05-17,136.6839599609375,139.05999755859375,141.3699951171875,138.91000366210938,140.5800018310547,3733279
2017-05-18,137.8339385986328,140.22999572753906,141.30999755859375,139.00999450683594,139.0399932861328,3870865
2017-05-19,138.9446258544922,141.36000061035156,142.25,139.4499969482422,140.27999877929688,2601041
2017-05-22,138.59078979492188,141.0,141.77000427246094,140.24000549316406,141.55999755859375,2374062
2017-05-23,139.46559143066406,141.88999938964844,142.0500030517578,140.57000732421875,141.0,1599865
2017-05-24,141.48052978515625,143.94000244140625,144.7899932861328,141.60000610351562,141.8800048828125,2259592
2017-05-25,142.74851989746094,145.22999572753906,146.47000122070312,143.75999450683594,143.92999267578125,2075810
2017-05-26,143.08270263671875,145.57000732421875,146.97000122070312,145.22999572753906,145.61000061035156,1907532
2017-05-30,143.06304931640625,145.5500030517578,147.47999572753906,145.4499969482422,145.6300048828125,1746823
2017-05-31,142.3848419189453,144.86000061035156,146.5,142.66000366210938,145.7100067138672,2445704
2017-06-01,145.12716674804688,147.64999389648438,147.75,144.97999572753906,145.3699951171875,2426126
2017-06-02,145.20579528808594,147.72999572753906,148.6999969482422,145.17999267578125,147.74000549316406,1721822
2017-06-05,145.47117614746094,148.0,148.32000732421875,147.3699951171875,147.6999969482422,1571508
2017-06-06,145.47117614746094,148.0,149.25,147.25999450683594,147.67999267578125,1814457
2017-06-07,147.02420043945312,149.5800018310547,149.99000549316406,147.8300018310547,148.69000244140625,2074528
2017-06-08,146.75877380371094,149.30999755859375,150.38999938964844,148.7100067138672,150.0,2393499
2017-06-09,147.2305908203125,149.7899932861328,150.75999450683594,149.0,149.50999450683594,1934894
2017-06-12,145.3237762451172,147.85000610351562,149.66000366210938,145.33999633789062,149.47999572753906,2510981
2017-06-13,146.22804260253906,148.77000427246094,149.60000610351562,147.60000610351562,148.1300048828125,2051202
2017-06-14,147.56478881835938,150.1300048828125,150.27999877929688,148.4499969482422,148.8300018310547,1614570
2017-06-15,146.7489776611328,149.3000030517578,150.33999633789062,148.83999633789062,149.80999755859375,1556088
2017-06-16,148.0169219970703,150.58999633789062,150.99000549316406,149.22999572753906,149.5,2752359
2017-06-19,149.13743591308594,151.72999572753906,152.35000610351562,150.8000030517578,151.0,1561603
2017-06-20,149.00967407226562,151.60000610351562,152.2100067138672,151.10009765625,151.5800018310547,1328714
2017-06-21,149.50112915039062,152.10000610351562,152.8114013671875,151.25010681152344,151.7100067138672,1555155
2017-06-22,150.36610412597656,152.97999572753906,155.14999389648438,152.00999450683594,152.05999755859375,2175870
2017-06-23,149.50112915039062,152.10000610351562,153.50990295410156,151.72000122070312,153.02000427246094,2015623
2017-06-26,148.606689453125,151.19000244140625,152.27999877929688,150.41000366210938,152.1999969482422,1490766
2017-06-27,148.606689453125,151.19000244140625,152.10000610351562,150.38999938964844,151.35000610351562,1578495
2017-06-28,149.3438720703125,151.94000244140625,153.17999267578125,151.52000427246094,152.38999938964844,1681328
2017-06-29,149.1865997314453,151.77999877929688,152.50999450683594,150.8800048828125,152.50999450683594,1410821
2017-06-30,149.23574829101562,151.8300018310547,152.89999389648438,151.3800048828125,151.99000549316406,1612398
2017-07-03,149.79600524902344,152.39999389648438,153.44000244140625,151.9199981689453,152.6300048828125,2199625
2017-07-05,150.71011352539062,153.3300018310547,154.5,151.7899932861328,151.8699951171875,1790095
2017-07-06,149.72720336914062,152.3300018310547,153.6649932861328,151.8000030517578,153.2899932861328,1545686
2017-07-07,151.25071716308594,153.8800048828125,154.25999450683594,152.60000610351562,152.92999267578125,1412312
2017-07-10,151.407958984375,154.0399932861328,154.76950073242188,153.38999938964844,153.38999938964844,1385094
2017-07-11,151.90101623535156,154.0399932861328,154.55999755859375,152.5500030517578,153.47000122070312,2022836
2017-07-12,152.45326232910156,154.60000610351562,155.08999633789062,153.82000732421875,153.97000122070312,1607099
2017-07-13,152.88714599609375,155.0399932861328,155.58999633789062,153.7100067138672,154.80999755859375,2332480
2017-07-14,153.1139678955078,155.27000427246094,155.92999267578125,154.4499969482422,154.97999572753906,1988832
2017-07-17,152.8477020263672,155.0,155.80999755859375,154.64999389648438,155.4600067138672,2107387
2017-07-18,151.18115234375,153.30999755859375,155.0,152.60000610351562,154.72999572753906,2499791
2017-07-19,152.0982666015625,154.24000549316406,154.94000244140625,153.25,153.25,1673791
2017-07-20,153.56756591796875,155.72999572753906,155.97000122070312,153.9199981689453,154.14999389648438,1818568
2017-07-21,154.1395263671875,156.30999755859375,156.49000549316406,155.24000549316406,155.6300048828125,1225161
2017-07-24,153.9127197265625,156.0800018310547,156.8699951171875,155.41000366210938,156.60000610351562,1288572
2017-07-25,154.08033752441406,156.25,157.55499267578125,155.99000549316406,157.14999389648438,1757627
2017-07-26,153.5281219482422,155.69000244140625,156.52000427246094,155.14999389648438,155.74000549316406,2152412
2017-07-27,151.7629852294922,153.89999389648438,155.55999755859375,153.0500030517578,155.39999389648438,1692056
2017-07-28,153.1336669921875,155.2899932861328,155.6199951171875,153.44000244140625,154.0800018310547,1697272
2017-07-31,152.16729736328125,154.30999755859375,156.0399932861328,154.24000549316406,155.5800018310547,1471415
2017-08-01,152.3940887451172,154.5399932861328,155.72999572753906,154.27000427246094,154.8699951171875,1476528
2017-08-02,152.59132385253906,154.74000549316406,156.0399932861328,154.14999389648438,154.99000549316406,2524747
2017-08-03,156.3385467529297,158.5399932861328,160.99000549316406,156.22000122070312,160.69000244140625,3620803
2017-08-04,154.6128387451172,156.7899932861328,161.69000244140625,156.00999450683594,159.77999877929688,3112621
2017-08-07,154.81008911132812,156.99000549316406,157.7899932861328,156.33090209960938,156.77999877929688,1283443
2017-08-08,154.10006713867188,156.27000427246094,157.6750030517578,155.8800048828125,156.8000030517578,1576754
2017-08-09,153.41966247558594,155.5800018310547,156.60000610351562,155.08999633789062,156.22999572753906,3134715
2017-08-10,150.30352783203125,152.4199981689453,155.67990112304688,152.1699981689453,154.97000122070312,2531860
2017-08-11,150.03726196289062,152.14999389648438,153.1699981689453,151.77999877929688,152.80999755859375,1791311
2017-08-14,153.50840759277344,155.6699981689453,155.97999572753906,152.86000061035156,153.2899932861328,3204343
2017-08-15,153.59715270996094,155.75999450683594,157.22000122070312,155.75999450683594,156.22999572753906,1697752
2017-08-16,153.73521423339844,155.89999389648438,156.9600067138672,155.64999389648438,156.55999755859375,1242531
2017-08-17,153.64646911621094,155.80999755859375,157.2899932861328,154.91000366210938,155.8800048828125,1818011
2017-08-18,152.3053436279297,154.4499969482422,155.4250030517578,153.75999450683594,154.0800018310547,1781161
2017-08-21,152.59132385253906,154.74000549316406,155.27999877929688,154.22000122070312,154.6999969482422,1295519
2017-08-22,154.48464965820312,156.66000366210938,156.99000549316406,154.4499969482422,154.74000549316406,1138080
2017-08-23,154.41563415527344,156.58999633789062,157.0500030517578,155.7100067138672,156.22999572753906,1324688
2017-08-24,153.9817352294922,156.14999389648438,157.27999877929688,155.8000030517578,156.7899932861328,1186888
2017-08-25,153.93243408203125,156.10000610351562,157.49000549316406,155.97000122070312,156.3300018310547,1041699
2017-08-28,154.35647583007812,156.52999877929688,157.0399932861328,155.91000366210938,156.25999450683594,995664
2017-08-29,154.24798583984375,156.4199981689453,156.61000061035156,155.33999633789062,155.58999633789062,1275576
2017-08-30,154.7213134765625,156.89999389648438,157.49000549316406,156.1999969482422,156.2100067138672,879386
2017-08-31,155.5102081298828,157.6999969482422,157.85000610351562,156.8300018310547,157.5500030517578,2647608
2017-09-01,155.993408203125,158.19000244140625,159.0,156.7949981689453,157.77999877929688,1140964
2017-09-05,156.06243896484375,158.25999450683594,158.6300048828125,156.5050048828125,156.83999633789062,1821650
2017-09-06,156.55548095703125,158.75999450683594,158.9499969482422,157.55999755859375,158.6699981689453,1558810
2017-09-07,158.02481079101562,160.25,160.41000366210938,158.49000549316406,158.69000244140625,1778772
2017-09-08,160.56898498535156,162.8300018310547,163.16000366210938,159.8000030517578,159.9499969482422,2081127
2017-09-11,160.94369506835938,163.2100067138672,164.0500030517578,162.82000732421875,162.83999633789062,2446848
2017-09-12,160.56898498535156,162.8300018310547,164.52000427246094,162.4199981689453,163.63999938964844,2148245
2017-09-13,160.0463409423828,162.3000030517578,164.3000030517578,162.07000732421875,162.97999572753906,1311825
2017-09-14,160.51968383789062,162.77999877929688,163.57000732421875,161.8000030517578,162.0,1418604
2017-09-15,160.42105102539062,162.67999267578125,163.1699981689453,162.1300048828125,162.1999969482422,1977451
2017-09-18,158.76437377929688,161.0,162.97999572753906,160.9199981689453,162.77999877929688,1606533
2017-09-19,153.87327575683594,156.0399932861328,161.5800018310547,154.52000427246094,161.5800018310547,3191307
2017-09-20,152.87728881835938,155.02999877929688,155.99000549316406,154.10000610351562,155.99000549316406,1624224
2017-09-21,151.26007080078125,153.38999938964844,154.82000732421875,153.32000732421875,154.82000732421875,1319158
2017-09-22,151.4375762939453,153.57000732421875,155.25999450683594,150.42999267578125,153.5,3404871
2017-09-25,149.86964416503906,151.97999572753906,154.83999633789062,151.9600067138672,153.80999755859375,1354559
2017-09-26,151.3291015625,153.4600067138672,154.50999450683594,152.4199981689453,152.4199981689453,1926177
2017-09-27,152.0686798095703,154.2100067138672,154.86000061035156,151.66000366210938,153.6199951171875,2688071
2017-09-28,155.11578369140625,157.3000030517578,157.39999389648438,153.91000366210938,154.02999877929688,1684397
2017-09-29,156.802001953125,159.00999450683594,159.07000732421875,157.0,157.4199981689453,2038200
2017-10-02,158.21217346191406,160.44000244140625,160.69000244140625,159.02000427246094,159.16000366210938,1313366
2017-10-03,160.74647521972656,163.00999450683594,163.33999633789062,160.30999755859375,160.66000366210938,1563415
2017-10-04,160.94369506835938,163.2100067138672,164.0,162.8000030517578,163.27000427246094,1102000
2017-10-05,159.05035400390625,161.2899932861328,163.08999633789062,160.8800048828125,163.08999633789062,1529236
2017-10-06,159.04051208496094,161.27999877929688,162.38999938964844,161.17999267578125,161.5500030517578,993378
2017-10-09,156.03285217285156,158.22999572753906,161.3350067138672,157.92999267578125,161.1699981689453,1179691
2017-10-10,153.93243408203125,156.10000610351562,158.2899932861328,155.75,158.13999938964844,1701181
2017-10-11,154.62493896484375,156.3000030517578,157.32000732421875,154.0,155.97000122070312,2157189
2017-10-12,152.83433532714844,154.49000549316406,156.5500030517578,154.11000061035156,156.4499969482422,1686127
2017-10-13,151.41966247558594,153.05999755859375,153.47999572753906,149.69000244140625,151.30999755859375,2000368
2017-10-16,149.81703186035156,151.44000244140625,153.0399932861328,150.89999389648438,152.3000030517578,1406331
2017-10-17,154.22921752929688,155.89999389648438,156.2729949951172,150.7899932861328,150.7899932861328,1922761
2017-10-18,155.74281311035156,157.42999267578125,158.47999572753906,155.80999755859375,156.3699951171875,2838210
2017-10-19,155.95057678222656,157.63999938964844,158.00999450683594,155.6800994873047,157.47000122070312,1909481
2017-10-20,159.11627197265625,160.83999633789062,161.16000366210938,157.9600067138672,158.25,1781431
2017-10-23,159.73953247070312,161.47000122070312,162.57000732421875,160.22999572753906,161.91000366210938,1611714
2017-10-24,158.36441040039062,160.0800018310547,161.24000549316406,159.22999572753906,160.75999450683594,1805668
2017-10-25,158.40399169921875,160.1199951171875,160.75,159.25999450683594,159.47999572753906,1400503
2017-10-26,176.6859588623047,178.60000610351562,184.97999572753906,160.0,160.1300048828125,5340258
2017-10-27,171.26466369628906,173.1199951171875,180.57000732421875,172.5800018310547,180.47999572753906,12494382
2017-10-30,169.39492797851562,171.22999572753906,173.52999877929688,170.85000610351562,172.35000610351562,3123817
2017-10-31,168.20779418945312,170.02999877929688,170.77000427246094,164.52000427246094,169.27000427246094,4366266
2017-11-01,169.95883178710938,171.8000030517578,172.27000427246094,169.69000244140625,170.9199981689453,2368236
2017-11-02,170.47325134277344,172.32000732421875,172.9949951171875,170.74000549316406,171.0500030517578,1955522
2017-11-03,175.0931854248047,176.99000549316406,182.9499969482422,170.25999450683594,173.05999755859375,5653037
2017-11-06,175.0536346435547,176.9499969482422,178.5,176.00999450683594,178.0,2977697
2017-11-07,174.93490600585938,176.8300018310547,178.0,175.8699951171875,177.11000061035156,2216192
2017-11-08,173.55979919433594,175.44000244140625,178.66000366210938,175.35000610351562,176.60000610351562,2703484
2017-11-09,170.6809844970703,172.52999877929688,175.32000732421875,171.25999450683594,174.4199981689453,2139469
2017-11-10,173.2432403564453,175.1199951171875,175.5850067138672,171.3800048828125,172.58999633789062,2240986
2017-11-13,171.16574096679688,173.02000427246094,174.42999267578125,172.02000427246094,174.30999755859375,2193305
2017-11-14,169.98849487304688,171.8300018310547,172.52999877929688,170.7100067138672,172.25,1429004
2017-11-15,169.1674041748047,171.0,172.19000244140625,170.14999389648438,171.1199951171875,1719776
2017-11-16,172.8870849609375,174.75999450683594,174.9600067138672,170.5,171.5800018310547,2175281
2017-11-17,171.34381103515625,173.1999969482422,175.3000030517578,172.99000549316406,174.3000030517578,1754038
2017-11-20,173.06515502929688,174.94000244140625,176.39999389648438,171.0,172.9499969482422,2837777
2017-11-21,174.55899047851562,176.4499969482422,177.5800018310547,175.11000061035156,175.64999389648438,2194123
2017-11-22,174.35122680664062,176.24000549316406,178.1750030517578,175.39999389648438,176.52999877929688,1327464
2017-11-24,174.5688934326172,176.4600067138672,177.08999633789062,175.14999389648438,176.35000610351562,536797
2017-11-27,174.2028350830078,176.08999633789062,176.9600067138672,174.8000030517578,175.8000030517578,1462836
2017-11-28,176.92335510253906,178.83999633789062,179.25,175.02999877929688,176.41000366210938,1538715
2017-11-29,177.6455535888672,179.57000732421875,180.9600067138672,177.0850067138672,177.91000366210938,1624441
2017-11-30,178.24900817871094,180.17999267578125,192.3699951171875,179.04100036621094,179.89999389648438,12048175
2017-12-01,179.3668975830078,181.30999755859375,182.0,176.59210205078125,181.64999389648438,3881291
2017-12-04,176.7848663330078,178.6999969482422,185.25999450683594,178.50999450683594,184.8699951171875,23978404
2017-12-05,176.7749786376953,178.69000244140625,180.8000030517578,178.60000610351562,178.72000122070312,6229606
2017-12-06,176.98272705078125,178.89999389648438,179.72000122070312,178.05999755859375,178.05999755859375,5898357
2017-12-07,176.91348266601562,178.8300018310547,179.22999572753906,176.9199981689453,178.72999572753906,4485981
2017-12-08,180.77166748046875,182.72999572753906,182.8000030517578,179.12139892578125,179.3000030517578,4553030
2017-12-11,179.62411499023438,181.57000732421875,183.3199005126953,181.3699951171875,182.97000122070312,3404936
2017-12-12,179.3866729736328,181.3300018310547,182.43499755859375,181.1199951171875,181.3300018310547,3211787
2017-12-13,177.19049072265625,179.11000061035156,182.16000366210938,178.97000122070312,180.97999572753906,4735297
2017-12-14,176.57713317871094,178.49000549316406,180.08999633789062,178.24000549316406,179.14999389648438,3621520
2017-12-15,177.77415466308594,179.6999969482422,180.6199951171875,178.16000366210938,178.5800018310547,5656750
2017-12-18,175.43943786621094,177.33999633789062,180.17999267578125,177.19000244140625,179.8300018310547,3346126
2017-12-19,176.8837890625,178.8000030517578,179.35000610351562,177.27999877929688,177.5500030517578,2972539
2017-12-20,177.62576293945312,179.5500030517578,180.6300048828125,178.5399932861328,178.58999633789062,1972644
2017-12-21,178.79310607910156,180.72999572753906,181.7899932861328,179.25,179.5500030517578,2284325
2017-12-22,178.03135681152344,179.9600067138672,181.52999877929688,179.66000366210938,180.9199981689453,1782957
2017-12-26,178.48643493652344,180.4199981689453,181.10000610351562,179.5,179.74000549316406,747408
2017-12-27,178.91183471679688,180.85000610351562,180.89999389648438,179.58999633789062,180.8000030517578,989819
2017-12-28,179.2877655029297,181.22999572753906,181.22999572753906,180.0,181.0,811954
2017-12-29,178.45675659179688,180.38999938964844,181.60000610351562,179.95010375976562,181.36000061035156,1359013
2018-01-02,178.75355529785156,180.69000244140625,181.9600067138672,180.05999755859375,180.94000244140625,2942074
2018-01-03,179.85165405273438,181.8000030517578,181.9600067138672,180.10000610351562,180.75,2332070
2018-01-04,181.40481567382812,183.3699951171875,184.38999938964844,181.83999633789062,181.8699951171875,3321347
2018-01-05,183.8186492919922,185.80999755859375,186.0,183.5,183.6999969482422,3674232
2018-01-08,182.67108154296875,184.64999389648438,186.36000061035156,184.64999389648438,185.47000122070312,2049481
2018-01-09,181.6323699951172,183.60000610351562,185.5290069580078,182.0,184.5800018310547,3756790
2018-01-10,182.00930786132812,183.47999572753906,184.00999450683594,182.1999969482422,182.30999755859375,4152549
2018-01-11,182.7334747314453,184.2100067138672,184.36000061035156,183.33999633789062,183.42999267578125,3596113
2018-01-12,182.72354125976562,184.1999969482422,185.1699981689453,183.7100067138672,184.3000030517578,2414419
2018-01-16,183.16001892089844,184.63999938964844,185.38999938964844,184.1699981689453,184.44000244140625,2335205
2018-01-17,183.61634826660156,185.10000610351562,185.66000366210938,184.13499450683594,185.1699981689453,1775933
2018-01-18,184.00320434570312,185.49000549316406,186.41000366210938,184.8800048828125,184.8800048828125,2219429
2018-01-19,186.29469299316406,187.8000030517578,187.9499969482422,185.35499572753906,186.02999877929688,3419784
2018-01-22,187.8223419189453,189.33999633789062,189.61000061035156,188.0,188.39999389648438,2576435
2018-01-23,187.79257202148438,189.30999755859375,189.63499450683594,188.1199951171875,189.0,1990261
2018-01-24,188.61593627929688,190.13999938964844,190.94000244140625,189.47000122070312,189.47000122070312,2464051
2018-01-25,190.33206176757812,191.8699951171875,192.92999267578125,190.0,190.13999938964844,2613102
2018-01-26,191.55221557617188,193.10000610351562,193.10000610351562,191.55999755859375,192.72000122070312,2742909
2018-01-29,192.1870880126953,193.74000549316406,194.39999389648438,192.55999755859375,192.9600067138672,1363969
2018-01-30,186.38397216796875,187.88999938964844,189.7899932861328,185.41000366210938,186.25999450683594,6423931
2018-01-31,185.3225555419922,186.82000732421875,190.57000732421875,186.82000732421875,188.64999389648438,3425768
2018-02-01,185.88796997070312,187.38999938964844,188.85000610351562,186.16000366210938,186.52000427246094,2596718
2018-02-02,183.5171356201172,185.0,187.38999938964844,184.57000732421875,186.6999969482422,2199354
2018-02-05,179.49960327148438,180.9499969482422,185.38999938964844,180.77999877929688,184.49000549316406,2996979
2018-02-06,180.5511016845703,182.00999450683594,183.50999450683594,178.8000030517578,179.36000061035156,3450429
2018-02-07,180.03526306152344,181.49000549316406,184.1199951171875,181.38999938964844,181.49000549316406,2123860
2018-02-08,176.5732421875,178.0,181.89999389648438,178.0,181.8000030517578,3694547
2018-02-09,174.9761505126953,176.38999938964844,178.85000610351562,173.61000061035156,178.66000366210938,4046386
2018-02-12,175.95822143554688,177.3800048828125,178.86000061035156,175.39999389648438,176.5800018310547,4543659
2018-02-13,177.08908081054688,178.52000427246094,178.75,176.82000732421875,177.0399932861328,2011528
2018-02-14,175.35311889648438,176.77000427246094,178.57000732421875,176.72999572753906,177.80999755859375,1913984
2018-02-15,175.7498779296875,177.1699981689453,178.02000427246094,175.88999938964844,177.27999877929688,2274553
2018-02-16,177.0791473388672,178.50999450683594,178.8699951171875,176.6300048828125,176.74000549316406,2138366
2018-02-20,176.60299682617188,178.02999877929688,178.69000244140625,176.66000366210938,178.0,1909648
2018-02-21,174.36111450195312,175.77000427246094,178.66000366210938,175.77000427246094,178.0,3276242
2018-02-22,173.6568145751953,175.05999755859375,176.88999938964844,174.99000549316406,176.5399932861328,1432158
2018-02-23,174.1428985595703,175.5500030517578,176.0399932861328,174.27000427246094,175.1199951171875,1819930
2018-02-26,174.34127807617188,175.75,176.52999877929688,174.9199981689453,175.8300018310547,1515352
2018-02-27,174.85711669921875,176.27000427246094,177.42999267578125,176.02000427246094,176.10000610351562,1227374
2018-02-28,175.64077758789062,177.05999755859375,178.24000549316406,176.343505859375,176.6699981689453,2102224
2018-03-01,175.03565979003906,176.4499969482422,178.38999938964844,175.92100524902344,177.05999755859375,1737915
2018-03-02,176.1070098876953,177.52999877929688,177.8300018310547,175.55999755859375,176.22000122070312,1386502
2018-03-05,177.02955627441406,178.4600067138672,178.91000366210938,176.74000549316406,177.1999969482422,1736775
2018-03-06,176.80140686035156,178.22999572753906,178.6699981689453,177.58999633789062,178.60000610351562,1347095
2018-03-07,177.20809936523438,178.63999938964844,178.63999938964844,177.02000427246094,177.5,2097535
2018-03-08,174.83726501464844,176.25,178.52999877929688,175.61000061035156,178.49000549316406,3374469
2018-03-09,175.95822143554688,177.3800048828125,178.02000427246094,176.13999938964844,176.80999755859375,1605823
2018-03-12,175.6507110595703,177.07000732421875,178.1199951171875,177.07000732421875,177.39999389648438,3340563
2018-03-13,176.01773071289062,177.44000244140625,177.6199951171875,176.87420654296875,177.4600067138672,2333877
2018-03-14,175.2042999267578,176.6199951171875,177.67999267578125,176.16000366210938,177.5800018310547,1887897
2018-03-15,173.19058227539062,174.58999633789062,176.86000061035156,174.1510009765625,176.5,1873553
2018-03-16,172.5160369873047,173.91000366210938,175.19000244140625,173.85000610351562,174.8800048828125,1900422
2018-03-19,170.68084716796875,172.05999755859375,174.25999450683594,171.5399932861328,173.89999389648438,1405117
2018-03-20,170.25430297851562,171.6300048828125,172.77000427246094,171.00999450683594,172.2899932861328,1801710
2018-03-21,168.6472930908203,170.00999450683594,172.10000610351562,169.89999389648438,171.3000030517578,1980097
2018-03-22,168.09176635742188,169.4499969482422,170.5500030517578,169.02999877929688,169.5500030517578,1680657
2018-03-23,166.76251220703125,168.11000061035156,169.80999755859375,168.05999755859375,169.52999877929688,1530017
2018-03-26,169.38134765625,170.75,171.0,168.3699951171875,168.77000427246094,1336189
2018-03-27,167.01051330566406,168.36000061035156,170.9499969482422,168.00999450683594,170.75,2176957
2018-03-28,168.07192993164062,169.42999267578125,170.38040161132812,168.3699951171875,168.94000244140625,1573264
2018-03-29,167.6453857421875,169.0,169.82000732421875,168.19500732421875,169.75999450683594,2775402
2018-04-02,166.76251220703125,168.11000061035156,169.36000061035156,166.88499450683594,169.00999450683594,2989578
2018-04-03,167.4073028564453,168.75999450683594,169.3800048828125,168.14999389648438,168.6300048828125,1952316
2018-04-04,169.0242462158203,170.38999938964844,170.9600067138672,167.3800048828125,168.16000366210938,1847803
2018-04-05,169.3416748046875,170.7100067138672,173.1199951171875,170.11000061035156,170.72999572753906,2011075
2018-04-06,169.01431274414062,170.3800048828125,170.92999267578125,169.19000244140625,170.3000030517578,2845351
2018-04-09,170.1451873779297,171.52000427246094,173.38999938964844,169.4499969482422,170.6199951171875,3074587
2018-04-10,172.47633361816406,173.8699951171875,174.11000061035156,170.69000244140625,172.1699981689453,8211422
2018-04-11,170.3871612548828,171.27000427246094,173.4499969482422,170.83999633789062,172.64999389648438,2382297
2018-04-12,172.38681030273438,173.27999877929688,173.88999938964844,171.41000366210938,171.6699981689453,2558111
2018-04-13,172.03860473632812,172.92999267578125,174.1300048828125,172.44000244140625,173.97000122070312,2350627
2018-04-16,174.9833526611328,175.88999938964844,177.60000610351562,173.3800048828125,173.94000244140625,2658641
2018-04-17,176.37612915039062,177.2899932861328,177.38999938964844,175.22999572753906,177.11000061035156,2547608
2018-04-18,176.61489868164062,177.52999877929688,178.22000122070312,176.9550018310547,177.10000610351562,1986332
2018-04-19,175.52056884765625,176.42999267578125,177.41000366210938,175.47000122070312,177.0,1243509
2018-04-20,176.00804138183594,176.9199981689453,177.0800018310547,175.5800018310547,176.67999267578125,1673802
2018-04-23,176.18711853027344,177.10000610351562,177.4199981689453,176.17999267578125,177.07000732421875,2281983
2018-04-24,176.28660583496094,177.1999969482422,178.44000244140625,176.42999267578125,177.74000549316406,1614310
2018-04-25,178.0673828125,178.99000549316406,179.0399932861328,176.5,177.02999877929688,1292777
2018-04-26,177.89825439453125,178.82000732421875,179.89999389648438,178.0500030517578,178.72000122070312,2411627
2018-04-27,178.95278930664062,179.8800048828125,181.25999450683594,178.7100067138672,178.7100067138672,1101625
2018-04-30,178.1270751953125,179.0500030517578,181.0,178.86000061035156,180.02000427246094,1910701
2018-05-01,177.788818359375,178.7100067138672,180.67999267578125,178.35000610351562,179.6699981689453,1921134
2018-05-02,175.83892822265625,176.75,179.0,176.11000061035156,178.83999633789062,2433702
2018-05-03,171.24273681640625,172.1300048828125,176.3300018310547,171.5500030517578,176.3300018310547,3741742
2018-05-04,171.37205505371094,172.25999450683594,173.23500061035156,171.02000427246094,171.67999267578125,2027504
2018-05-07,170.51649475097656,171.39999389648438,172.69500732421875,171.35000610351562,172.38999938964844,2032045
2018-05-08,169.94943237304688,170.8300018310547,171.47000122070312,170.19000244140625,171.19000244140625,1965830
2018-05-09,169.69078063964844,170.57000732421875,171.83999633789062,170.0399932861328,170.8000030517578,1988926
2018-05-10,169.71067810058594,170.58999633789062,172.30999755859375,170.14999389648438,170.99000549316406,1633873
2018-05-11,173.76963806152344,174.6699981689453,174.6699981689453,169.10000610351562,171.00999450683594,3204710
2018-05-14,176.90341186523438,177.82000732421875,177.89999389648438,173.8300018310547,174.80999755859375,3432233
2018-05-15,176.18711853027344,177.10000610351562,177.8699951171875,176.67999267578125,177.6699981689453,1610834
2018-05-16,176.5552215576172,177.47000122070312,177.9499969482422,176.69000244140625,177.5,1458464
2018-05-17,176.1174774169922,177.02999877929688,178.05999755859375,176.72000122070312,177.47000122070312,1447770
2018-05-18,175.8986053466797,176.80999755859375,177.55999755859375,176.25,177.07000732421875,1559684
2018-05-21,176.80392456054688,177.72000122070312,177.88999938964844,176.63999938964844,177.88999938964844,1183640
2018-05-22,176.2965545654297,177.2100067138672,178.99000549316406,177.2100067138672,177.8800048828125,2348055
2018-05-23,176.42587280273438,177.33999633789062,177.57000732421875,176.36000061035156,177.0399932861328,1277252
2018-05-24,176.20701599121094,177.1199951171875,177.59500122070312,175.47000122070312,177.25,1154955
2018-05-25,177.6196746826172,178.5399932861328,178.60499572753906,176.4949951171875,177.13999938964844,953127
2018-05-29,175.8687744140625,176.77999877929688,178.0,176.47000122070312,177.6999969482422,1732336
2018-05-30,176.95314025878906,177.8699951171875,178.1699981689453,176.94000244140625,177.4499969482422,1342202
2018-05-31,175.2221221923828,176.1300048828125,177.7100067138672,175.10000610351562,177.7100067138672,2522863
2018-06-01,175.689697265625,176.60000610351562,177.0,176.0800018310547,176.60000610351562,1674328
2018-06-04,175.3912353515625,176.3000030517578,177.1300048828125,176.02999877929688,176.60000610351562,1062247
2018-06-05,174.7445831298828,175.64999389648438,176.58999633789062,174.91000366210938,176.0500030517578,1834386
2018-06-06,178.08726501464844,179.00999450683594,179.08999633789062,175.75,175.7899932861328,1966134
2018-06-07,178.8135223388672,179.74000549316406,180.0,178.1999969482422,179.1199951171875,2409876
2018-06-08,179.8779754638672,180.80999755859375,180.8300018310547,179.42999267578125,179.8699951171875,2222725
2018-06-11,181.12155151367188,182.05999755859375,182.41000366210938,180.1300048828125,180.83999633789062,1653816
2018-06-12,179.7486572265625,180.67999267578125,182.2899932861328,179.14999389648438,181.22000122070312,2961093
2018-06-13,186.45391845703125,187.4199981689453,188.52000427246094,184.97999572753906,185.0500030517578,4058087
2018-06-14,187.12046813964844,188.08999633789062,188.63999938964844,187.1999969482422,187.77000427246094,1511346
2018-06-15,188.523193359375,189.5,189.61000061035156,187.58999633789062,187.58999633789062,2971264
2018-06-18,185.98634338378906,186.9499969482422,189.1999969482422,186.6699981689453,189.08999633789062,1351578
2018-06-19,188.30433654785156,189.27999877929688,189.7899932861328,186.08999633789062,186.30999755859375,1508812
2018-06-20,189.24942016601562,190.22999572753906,190.72500610351562,188.6699981689453,189.1999969482422,1288564
2018-06-21,188.17498779296875,189.14999389648438,191.3000030517578,189.10000610351562,190.3800048828125,1038548
2018-06-22,189.9358673095703,190.9199981689453,191.5,189.27000427246094,189.27000427246094,1513811
2018-06-25,188.60279846191406,189.5800018310547,190.86000061035156,188.75999450683594,190.64999389648438,1278585
2018-06-26,187.1105194091797,188.0800018310547,189.77999877929688,187.8699951171875,188.6300048828125,1203426
2018-06-27,187.84671020507812,188.82000732421875,190.14999389648438,187.30999755859375,187.50999450683594,1471847
2018-06-28,184.404541015625,185.36000061035156,186.35000610351562,183.00999450683594,184.38999938964844,3420582
2018-06-29,182.5541229248047,183.5,185.7899932861328,183.4600067138672,185.39999389648438,2504387
2018-07-02,184.72288513183594,185.67999267578125,185.67999267578125,183.47000122070312,183.47000122070312,1693459
2018-07-03,184.245361328125,185.1999969482422,186.05999755859375,184.85000610351562,185.67999267578125,666839
2018-07-05,184.0364532470703,184.99000549316406,186.35000610351562,184.91000366210938,185.77999877929688,2909158
2018-07-06,185.2501678466797,186.2100067138672,186.4499969482422,184.9600067138672,185.00999450683594,2134404
2018-07-09,186.54345703125,187.50999450683594,189.02999877929688,186.80999755859375,186.80999755859375,860414
2018-07-10,187.28958129882812,188.25999450683594,188.92999267578125,187.72000122070312,188.0399932861328,1015022
2018-07-11,186.59320068359375,187.55999755859375,188.42999267578125,187.25999450683594,188.11000061035156,540623
2018-07-12,190.09506225585938,191.0800018310547,193.66000366210938,187.44000244140625,187.89999389648438,4981664
2018-07-13,190.90087890625,191.88999938964844,193.22000122070312,191.0,191.05999755859375,1994652
2018-07-16,190.463134765625,191.4499969482422,194.0,191.08059692382812,191.8000030517578,1544949
2018-07-17,190.5526885986328,191.5399932861328,191.9499969482422,189.52000427246094,191.07000732421875,1529076
2018-07-18,190.34376525878906,191.3300018310547,191.91000366210938,190.92999267578125,191.02999877929688,1187866
2018-07-19,189.06040954589844,190.0399932861328,190.94000244140625,188.33999633789062,190.7899932861328,2376724
2018-07-20,186.25494384765625,187.22000122070312,189.7100067138672,187.22000122070312,189.49000549316406,6394230
2018-07-23,187.35922241210938,188.3300018310547,188.80999755859375,187.67999267578125,187.8800048828125,2445815
2018-07-24,187.08990478515625,187.55999755859375,189.08999633789062,187.5,187.50999450683594,2122878
2018-07-25,188.64599609375,189.1199951171875,189.25999450683594,187.27999877929688,187.55999755859375,684391
2018-07-26,188.67591857910156,189.14999389648438,190.69500732421875,189.00999450683594,190.25,877176
2018-07-27,189.134765625,189.61000061035156,190.13999938964844,189.00999450683594,189.1699981689453,1151993
2018-07-30,189.1846466064453,189.66000366210938,190.1094970703125,189.00999450683594,189.25,1437607
2018-07-31,187.91781616210938,188.38999938964844,190.25,187.94500732421875,189.64999389648438,1168439
2018-08-01,186.3218231201172,186.7899932861328,190.32000732421875,186.64999389648438,189.0,3064387
2018-08-02,186.58119201660156,187.0500030517578,189.2100067138672,186.38999938964844,187.7100067138672,2032240
2018-08-03,188.25697326660156,188.72999572753906,189.25,187.10000610351562,187.72999572753906,1021553
2018-08-06,188.13726806640625,188.61000061035156,189.02999877929688,188.16000366210938,188.91000366210938,2140789
2018-08-07,187.71832275390625,188.19000244140625,189.0,188.1699981689453,188.5,1122951
2018-08-08,193.1446990966797,193.6300048828125,194.83999633789062,192.0,192.0,3607101
2018-08-09,193.2943115234375,193.77999877929688,194.8800048828125,193.35000610351562,193.5399932861328,2106976
2018-08-10,194.032470703125,194.52000427246094,194.57000732421875,193.1999969482422,193.2899932861328,1360223
2018-08-13,194.22198486328125,194.7100067138672,195.4250030517578,193.97000122070312,194.97000122070312,1455754
2018-08-14,196.45635986328125,196.9499969482422,197.6300048828125,194.60000610351562,194.6300048828125,2122748
2018-08-15,196.79551696777344,197.2899932861328,197.38999938964844,196.0399932861328,196.39999389648438,1465434
2018-08-16,197.97256469726562,198.47000122070312,199.0500030517578,196.97999572753906,197.0399932861328,2018627
2018-08-17,198.36158752441406,198.86000061035156,199.32000732421875,197.9600067138672,199.22000122070312,879406
2018-08-20,199.01992797851562,199.52000427246094,199.9499969482422,198.88999938964844,199.0,931517
2018-08-21,197.8528594970703,198.35000610351562,199.5500030517578,198.35000610351562,199.14999389648438,2014153
2018-08-22,197.27432250976562,197.77000427246094,199.2550048828125,197.6999969482422,198.17999267578125,1962002
2018-08-23,196.2069854736328,196.6999969482422,197.75,196.57000732421875,197.75,1700164
2018-08-24,196.77557373046875,197.27000427246094,197.72999572753906,196.47999572753906,196.47999572753906,1429890
2018-08-27,197.4039764404297,197.89999389648438,198.1199951171875,197.22999572753906,197.5500030517578,701554
2018-08-28,198.36158752441406,198.86000061035156,199.0,197.72999572753906,197.86000061035156,1649791
2018-08-29,198.7705535888672,199.27000427246094,199.61000061035156,198.4499969482422,199.0,1465948
2018-08-30,199.06980895996094,199.57000732421875,199.77999877929688,198.4600067138672,198.75,925808
2018-08-31,199.76805114746094,200.27000427246094,200.35000610351562,198.8101043701172,199.38999938964844,1389157
2018-09-04,198.80047607421875,199.3000030517578,200.8800048828125,198.6699981689453,200.39999389648438,1269007
2018-09-05,201.4238739013672,201.92999267578125,202.97000122070312,197.9499969482422,199.17999267578125,4018895
2018-09-06,202.11215209960938,202.6199951171875,203.47000122070312,201.7050018310547,202.2899932861328,3075994
2018-09-07,202.57101440429688,203.0800018310547,203.74000549316406,202.32000732421875,202.32000732421875,3057037
2018-09-10,200.5460968017578,201.0500030517578,203.61000061035156,201.0500030517578,203.36000061035156,2339175
2018-09-11,201.68324279785156,202.19000244140625,202.24000549316406,200.16000366210938,201.00999450683594,1592694
2018-09-12,202.9201202392578,203.42999267578125,203.52000427246094,201.77999877929688,202.08999633789062,1484431
2018-09-13,202.52113342285156,203.02999877929688,204.1999969482422,203.02999877929688,203.97999572753906,2067287
2018-09-14,202.24183654785156,202.75,203.86000061035156,202.75,203.33999633789062,1877847
2018-09-17,204.25677490234375,204.77000427246094,205.5800018310547,202.74000549316406,203.00999450683594,3436352
2018-09-18,204.9250946044922,205.44000244140625,206.27999877929688,204.1699981689453,204.5,1846199
2018-09-19,205.15451049804688,205.6699981689453,206.66000366210938,204.97000122070312,205.50999450683594,1230077
2018-09-20,204.68568420410156,205.1999969482422,206.3300018310547,205.1999969482422,205.6300048828125,2066794
2018-09-21,203.75802612304688,204.27000427246094,206.0,203.6999969482422,205.66000366210938,4885421
2018-09-24,202.89019775390625,203.39999389648438,204.64999389648438,202.67999267578125,203.63999938964844,1209003
2018-09-25,201.12464904785156,201.6300048828125,204.27000427246094,199.9499969482422,203.77999877929688,3438418
2018-09-26,201.25430297851562,201.75999450683594,203.0,201.25999450683594,201.94000244140625,978389
2018-09-27,202.1719970703125,202.67999267578125,203.50999450683594,201.8699951171875,202.77000427246094,2241098
2018-09-28,202.34158325195312,202.85000610351562,203.38999938964844,201.7899932861328,202.91000366210938,2453952
2018-10-01,203.08970642089844,203.60000610351562,204.6999969482422,202.60000610351562,203.2899932861328,1256088
2018-10-02,202.6408233642578,203.14999389648438,203.97999572753906,202.89999389648438,203.61000061035156,1890249
2018-10-03,203.03982543945312,203.5500030517578,204.13999938964844,202.6300048828125,202.6300048828125,1296661
2018-10-04,203.78794860839844,204.3000030517578,204.51890563964844,203.33999633789062,203.4600067138672,1247476
2018-10-05,203.2093963623047,203.72000122070312,204.75,203.27000427246094,204.5500030517578,898587
2018-10-08,203.59841918945312,204.11000061035156,204.6199951171875,203.1999969482422,203.74000549316406,1544692
2018-10-09,203.2093963623047,203.72000122070312,204.63999938964844,203.24000549316406,204.25,964232
2018-10-10,202.90017700195312,203.41000366210938,206.64999389648438,203.41000366210938,205.5,5793144
2018-10-11,198.45135498046875,198.9499969482422,203.2100067138672,198.63999938964844,202.77999877929688,4309923
2018-10-12,200.50619506835938,201.00999450683594,201.36000061035156,199.22000122070312,199.77000427246094,1919580
2018-10-15,198.44139099121094,198.94000244140625,201.13499450683594,198.94000244140625,200.77000427246094,1839599
2018-10-16,199.9875030517578,200.49000549316406,200.5500030517578,198.7801055908203,199.77000427246094,2509102
2018-10-17,200.78549194335938,201.2899932861328,201.66000366210938,200.3300018310547,200.60000610351562,1615124
2018-10-18,200.98500061035156,201.49000549316406,202.10000610351562,200.55999755859375,201.27000427246094,1756786
2018-10-19,199.68824768066406,200.19000244140625,202.47000122070312,200.1699981689453,201.38999938964844,2063881
2018-10-22,198.99000549316406,199.49000549316406,201.39999389648438,199.0,200.19000244140625,1108271
2018-10-23,199.33999633789062,199.33999633789062,199.97000122070312,197.0,197.63999938964844,1386369
2018-10-24,195.27000427246094,195.27000427246094,199.42999267578125,195.27000427246094,198.8000030517578,3301962
2018-10-25,196.07000732421875,196.07000732421875,197.2899932861328,195.1300048828125,195.63999938964844,4080682
2018-10-26,195.2899932861328,195.2899932861328,196.35450744628906,194.27000427246094,195.38999938964844,2298520
2018-10-29,195.1300048828125,195.1300048828125,197.32000732421875,194.38999938964844,196.44000244140625,1728848
2018-10-30,197.64999389648438,197.64999389648438,197.64999389648438,194.75999450683594,197.25999450683594,1351330
2018-10-31,198.39999389648438,198.39999389648438,199.3800048828125,197.18499755859375,198.00999450683594,2597000
2018-11-01,200.13999938964844,200.13999938964844,200.66000366210938,198.4199981689453,199.02000427246094,1808377
2018-11-02,198.2100067138672,198.2100067138672,201.5399932861328,197.80999755859375,200.97000122070312,1852463
2018-11-05,199.3300018310547,199.3300018310547,200.3000030517578,198.67999267578125,198.67999267578125,1094841
2018-11-06,207.0500030517578,207.0500030517578,207.1300048828125,202.14999389648438,202.6199951171875,4647875
2018-11-07,208.83999633789062,208.83999633789062,209.75,207.7100067138672,207.91000366210938,3345865
2018-11-08,209.22999572753906,209.22999572753906,209.6999969482422,207.87100219726562,208.6199951171875,3122218
2018-11-09,209.36000061035156,209.36000061035156,210.11590576171875,208.55999755859375,209.4199981689453,1925016
2018-11-12,209.3300018310547,209.3300018310547,210.61000061035156,209.02000427246094,209.16000366210938,1523005
2018-11-13,209.52000427246094,209.52000427246094,210.6699981689453,209.0,209.91000366210938,1707323
2018-11-14,208.0500030517578,208.0500030517578,210.89999389648438,207.67999267578125,209.88999938964844,2500264
2018-11-15,209.36000061035156,209.36000061035156,209.85000610351562,206.64999389648438,207.27999877929688,3280843
2018-11-16,209.00999450683594,209.00999450683594,209.97999572753906,208.91000366210938,208.9499969482422,2718672
2018-11-19,207.49000549316406,207.49000549316406,209.82000732421875,207.10000610351562,209.2899932861328,3371156
2018-11-20,204.0,204.0,207.22000122070312,204.0,207.1300048828125,5623656
2018-11-21,204.3000030517578,204.3000030517578,206.3300018310547,204.1199951171875,204.80999755859375,3861880
2018-11-23,205.36000061035156,205.36000061035156,205.83999633789062,203.6999969482422,204.05999755859375,910863
2018-11-26,210.10000610351562,210.10000610351562,211.02999877929688,208.92999267578125,208.94000244140625,7536833
2018-11-27,212.0,212.0,212.0,208.72000122070312,209.6199951171875,9608059
2018-11-28,212.6999969482422,212.6999969482422,213.36000061035156,211.7899932861328,212.57000732421875,10971437
2018-11-29,212.6999969482422,212.6999969482422,212.6999969482422,212.6999969482422,212.6999969482422,0
