Price,Adj Close,Close,High,Low,Open,Volume
Ticker,AJG,AJG,AJG,AJG,AJG,AJG
Date,,,,,,
1984-06-20,0.6241741180419922,1.84375,1.875,1.84375,1.84375,2004000
1984-06-21,0.6030155420303345,1.78125,1.84375,1.78125,1.84375,626400
1984-06-22,0.6030155420303345,1.78125,1.8125,1.78125,1.78125,229600
1984-06-25,0.5924360752105713,1.75,1.8125,1.75,1.78125,102400
1984-06-26,0.5818570852279663,1.71875,1.75,1.71875,1.75,129600
1984-06-27,0.5924360752105713,1.75,1.78125,1.75,1.75,213600
1984-06-28,0.5924360752105713,1.75,1.78125,1.75,1.75,212000
1984-06-29,0.6135947108268738,1.8125,1.875,1.8125,1.8125,208000
1984-07-02,0.6135947108268738,1.8125,1.875,1.8125,1.8125,144800
1984-07-03,0.6135947108268738,1.8125,1.875,1.8125,1.8125,48000
1984-07-05,0.6241741180419922,1.84375,1.90625,1.84375,1.84375,108000
1984-07-06,0.6241741180419922,1.84375,1.90625,1.84375,1.84375,2400
1984-07-09,0.6241741180419922,1.84375,1.875,1.84375,1.84375,76800
1984-07-10,0.6241741180419922,1.84375,1.90625,1.84375,1.84375,89600
1984-07-11,0.6241741180419922,1.84375,1.90625,1.84375,1.84375,82400
1984-07-12,0.6135947108268738,1.8125,1.875,1.8125,1.84375,58400
1984-07-13,0.6135947108268738,1.8125,1.875,1.8125,1.8125,323200
1984-07-16,0.6135947108268738,1.8125,1.875,1.8125,1.8125,32000
1984-07-17,0.6135947108268738,1.8125,1.875,1.8125,1.8125,334400
1984-07-18,0.6135947108268738,1.8125,1.875,1.8125,1.8125,420800
1984-07-19,0.6135947108268738,1.8125,1.875,1.8125,1.8125,404000
1984-07-20,0.6135947108268738,1.8125,1.875,1.8125,1.8125,53600
1984-07-23,0.6241741180419922,1.84375,1.90625,1.84375,1.84375,153600
1984-07-24,0.6347530484199524,1.875,1.96875,1.875,1.875,82400
1984-07-25,0.6347530484199524,1.875,1.96875,1.875,1.875,2400
1984-07-26,0.6664911508560181,1.96875,2.03125,1.96875,1.96875,147200
1984-07-27,0.6876489520072937,2.03125,2.125,2.03125,2.03125,128000
1984-07-30,0.6876489520072937,2.03125,2.125,2.03125,2.03125,153600
1984-07-31,0.6876489520072937,2.03125,2.125,2.03125,2.03125,131200
1984-08-01,0.6876489520072937,2.03125,2.125,2.03125,2.03125,124000
1984-08-02,0.7088077664375305,2.09375,2.15625,2.09375,2.09375,103200
1984-08-03,0.7193871140480042,2.125,2.21875,2.125,2.125,72000
1984-08-06,0.7299662232398987,2.15625,2.25,2.15625,2.15625,52000
1984-08-07,0.7299662232398987,2.15625,2.25,2.15625,2.15625,24000
1984-08-08,0.7511247396469116,2.21875,2.28125,2.21875,2.21875,19200
1984-08-09,0.7511247396469116,2.21875,2.28125,2.21875,2.21875,40000
1984-08-10,0.7617037296295166,2.25,2.3125,2.25,2.25,19200
1984-08-13,0.7617037296295166,2.25,2.3125,2.25,2.25,160800
1984-08-14,0.7617037296295166,2.25,2.3125,2.25,2.25,80000
1984-08-15,0.7617037296295166,2.25,2.3125,2.25,2.25,75200
1984-08-16,0.772283136844635,2.28125,2.375,2.28125,2.28125,68000
1984-08-17,0.7934417128562927,2.34375,2.40625,2.34375,2.34375,166400
1984-08-20,0.8040207624435425,2.375,2.4375,2.375,2.375,40000
1984-08-21,0.814599871635437,2.40625,2.4375,2.40625,2.40625,52800
1984-08-22,0.8251787424087524,2.4375,2.5,2.4375,2.4375,223200
1984-08-23,0.8357584476470947,2.46875,2.53125,2.46875,2.46875,57600
1984-08-24,0.8357584476470947,2.46875,2.5625,2.46875,2.46875,800
1984-08-27,0.8357584476470947,2.46875,2.46875,2.46875,2.46875,0
1984-08-28,0.8463373780250549,2.5,2.5625,2.5,2.5,9600
1984-08-29,0.888654351234436,2.625,2.6875,2.625,2.625,477600
1984-08-30,0.8992341160774231,2.65625,2.71875,2.65625,2.65625,12800
1984-08-31,0.8992341160774231,2.65625,2.75,2.65625,2.65625,3200
1984-09-04,0.8992341160774231,2.65625,2.75,2.65625,2.65625,68800
1984-09-05,0.8992341160774231,2.65625,2.71875,2.65625,2.65625,31200
1984-09-06,0.8992341160774231,2.65625,2.75,2.65625,2.65625,729600
1984-09-07,0.9098127484321594,2.6875,2.75,2.6875,2.6875,170400
1984-09-10,0.9098127484321594,2.6875,2.75,2.6875,2.6875,107200
1984-09-11,0.9098127484321594,2.6875,2.75,2.6875,2.6875,4800
1984-09-12,0.9098127484321594,2.6875,2.75,2.6875,2.6875,10400
1984-09-13,0.9098127484321594,2.6875,2.75,2.6875,2.6875,31200
1984-09-14,0.9098127484321594,2.6875,2.75,2.6875,2.6875,12000
1984-09-17,0.9203922152519226,2.71875,2.78125,2.71875,2.71875,25600
1984-09-18,0.9203922152519226,2.71875,2.8125,2.71875,2.71875,108800
1984-09-19,0.9203922152519226,2.71875,2.8125,2.71875,2.71875,40000
1984-09-20,0.9203922152519226,2.71875,2.78125,2.71875,2.71875,81600
1984-09-21,1.0261839628219604,3.03125,3.09375,3.03125,3.03125,404800
1984-09-24,1.0261839628219604,3.03125,3.09375,3.03125,3.03125,104000
1984-09-25,1.0261839628219604,3.03125,3.09375,3.03125,3.03125,60000
1984-09-26,1.0261839628219604,3.03125,3.09375,3.03125,3.03125,41600
1984-09-27,1.0261839628219604,3.03125,3.09375,3.03125,3.03125,12000
1984-09-28,1.0261839628219604,3.03125,3.09375,3.03125,3.03125,29600
1984-10-01,1.0261839628219604,3.03125,3.09375,3.03125,3.03125,187200
1984-10-02,1.0367640256881714,3.0625,3.125,3.0625,3.0625,16800
1984-10-03,1.0367640256881714,3.0625,3.125,3.0625,3.0625,10400
1984-10-04,1.0367640256881714,3.0625,3.125,3.0625,3.0625,200000
1984-10-05,1.0367640256881714,3.0625,3.0625,3.0625,3.0625,0
1984-10-08,1.0367640256881714,3.0625,3.0625,3.0625,3.0625,0
1984-10-09,1.0367640256881714,3.0625,3.125,3.0625,3.0625,800
1984-10-10,1.0367640256881714,3.0625,3.09375,3.0625,3.0625,5600
1984-10-11,1.0367640256881714,3.0625,3.09375,3.0625,3.0625,18400
1984-10-12,1.0367640256881714,3.0625,3.09375,3.0625,3.0625,2400
1984-10-15,1.0473426580429077,3.09375,3.15625,3.09375,3.09375,10400
1984-10-16,1.0473426580429077,3.09375,3.15625,3.09375,3.09375,800
1984-10-17,1.0579220056533813,3.125,3.1875,3.125,3.125,32000
1984-10-18,1.0579220056533813,3.125,3.1875,3.125,3.125,14400
1984-10-19,1.0579220056533813,3.125,3.125,3.125,3.125,0
1984-10-22,1.0579220056533813,3.125,3.1875,3.125,3.125,3200
1984-10-23,1.0685011148452759,3.15625,3.21875,3.15625,3.15625,9600
1984-10-24,1.100238561630249,3.25,3.3125,3.25,3.25,336800
1984-10-25,1.131976842880249,3.34375,3.40625,3.34375,3.34375,363200
1984-10-26,1.100238561630249,3.25,3.3125,3.25,3.3125,142400
1984-10-29,1.0896592140197754,3.21875,3.28125,3.21875,3.25,20000
1984-10-30,1.0896592140197754,3.21875,3.3125,3.21875,3.21875,60800
1984-10-31,1.100238561630249,3.25,3.3125,3.25,3.25,235200
1984-11-01,1.11081862449646,3.28125,3.34375,3.28125,3.28125,4000
1984-11-02,1.11081862449646,3.28125,3.34375,3.28125,3.28125,13600
1984-11-05,1.11081862449646,3.28125,3.34375,3.28125,3.28125,4000
1984-11-06,1.11081862449646,3.28125,3.34375,3.28125,3.28125,4000
1984-11-07,1.121396541595459,3.3125,3.34375,3.3125,3.3125,28000
1984-11-08,1.1425561904907227,3.375,3.4375,3.375,3.375,448800
1984-11-09,1.131976842880249,3.34375,3.40625,3.34375,3.375,28000
1984-11-12,1.131976842880249,3.34375,3.40625,3.34375,3.34375,336000
1984-11-13,1.131976842880249,3.34375,3.40625,3.34375,3.34375,443200
1984-11-14,1.1425561904907227,3.375,3.40625,3.375,3.375,132000
1984-11-15,1.1425561904907227,3.375,3.40625,3.375,3.375,10400
1984-11-16,1.1425561904907227,3.375,3.40625,3.375,3.375,12800
1984-11-19,1.1425561904907227,3.375,3.4375,3.375,3.375,99200
1984-11-20,1.153134822845459,3.40625,3.46875,3.40625,3.40625,130400
1984-11-21,1.153134822845459,3.40625,3.46875,3.40625,3.40625,15200
1984-11-23,1.153134822845459,3.40625,3.46875,3.40625,3.40625,3200
1984-11-26,1.153134822845459,3.40625,3.46875,3.40625,3.40625,98400
1984-11-27,1.153134822845459,3.40625,3.46875,3.40625,3.40625,16000
1984-11-28,1.153134822845459,3.40625,3.46875,3.40625,3.40625,13600
1984-11-29,1.153134822845459,3.40625,3.46875,3.40625,3.40625,122400
1984-11-30,1.153134822845459,3.40625,3.46875,3.40625,3.40625,40000
1984-12-03,1.153134822845459,3.40625,3.4375,3.40625,3.40625,800
1984-12-04,1.153134822845459,3.40625,3.4375,3.40625,3.40625,20000
1984-12-05,1.153134822845459,3.40625,3.4375,3.40625,3.40625,76800
1984-12-06,1.153134822845459,3.40625,3.4375,3.40625,3.40625,80000
1984-12-07,1.153134822845459,3.40625,3.4375,3.40625,3.40625,4000
1984-12-10,1.153134822845459,3.40625,3.4375,3.40625,3.40625,16000
1984-12-11,1.153134822845459,3.40625,3.46875,3.40625,3.40625,659200
1984-12-12,1.153134822845459,3.40625,3.46875,3.40625,3.40625,3200
1984-12-13,1.153134822845459,3.40625,3.46875,3.40625,3.40625,12000
1984-12-14,1.153134822845459,3.40625,3.46875,3.40625,3.40625,4000
1984-12-17,1.153134822845459,3.40625,3.46875,3.40625,3.40625,800
1984-12-18,1.1742933988571167,3.46875,3.53125,3.46875,3.46875,31200
1984-12-19,1.1742933988571167,3.46875,3.5625,3.46875,3.46875,12800
1984-12-20,1.1848721504211426,3.5,3.5625,3.5,3.5,16000
1984-12-21,1.1848721504211426,3.5,3.5625,3.5,3.5,31200
1984-12-24,1.1848721504211426,3.5,3.5,3.5,3.5,0
1984-12-26,1.1848721504211426,3.5,3.5625,3.5,3.5,20000
1984-12-27,1.1848721504211426,3.5,3.59375,3.5,3.5,4000
1984-12-28,1.206031084060669,3.5625,3.625,3.5625,3.5625,30400
1984-12-31,1.258927822113037,3.71875,3.78125,3.71875,3.71875,64000
1985-01-02,1.258927822113037,3.71875,3.8125,3.71875,3.71875,4800
1985-01-03,1.2695060968399048,3.75,3.8125,3.75,3.75,177600
1985-01-04,1.2695060968399048,3.75,3.8125,3.75,3.75,41600
1985-01-07,1.2695060968399048,3.75,3.78125,3.75,3.75,124000
1985-01-08,1.2695060968399048,3.75,3.78125,3.75,3.75,95200
1985-01-09,1.258927822113037,3.71875,3.78125,3.71875,3.75,68000
1985-01-10,1.2483482360839844,3.6875,3.78125,3.6875,3.71875,73600
1985-01-11,1.258927822113037,3.71875,3.75,3.71875,3.71875,23200
1985-01-14,1.258927822113037,3.71875,3.78125,3.71875,3.71875,90400
1985-01-15,1.258927822113037,3.71875,3.78125,3.71875,3.71875,32800
1985-01-16,1.258927822113037,3.71875,3.78125,3.71875,3.71875,101600
1985-01-17,1.258927822113037,3.71875,3.78125,3.71875,3.71875,65600
1985-01-18,1.2695060968399048,3.75,3.8125,3.75,3.75,58400
1985-01-21,1.2800850868225098,3.78125,3.84375,3.78125,3.78125,226400
1985-01-22,1.2906640768051147,3.8125,3.875,3.8125,3.8125,64000
1985-01-23,1.2906640768051147,3.8125,3.875,3.8125,3.8125,92000
1985-01-24,1.2906640768051147,3.8125,3.90625,3.8125,3.8125,44000
1985-01-25,1.2906640768051147,3.8125,3.90625,3.8125,3.8125,10400
1985-01-28,1.3118230104446411,3.875,3.90625,3.875,3.875,104800
1985-01-29,1.3118230104446411,3.875,3.9375,3.875,3.875,91200
1985-01-30,1.3752979040145874,4.0625,4.125,4.0625,4.0625,127200
1985-01-31,1.417615532875061,4.1875,4.25,4.1875,4.1875,164000
1985-02-01,1.5022494792938232,4.4375,4.5,4.4375,4.4375,80800
1985-02-04,1.629199743270874,4.8125,4.875,4.8125,4.8125,380800
1985-02-05,1.629199743270874,4.8125,4.875,4.8125,4.8125,82400
1985-02-06,1.5763033628463745,4.65625,4.6875,4.65625,4.6875,80000
1985-02-07,1.5657248497009277,4.625,4.65625,4.625,4.65625,24800
1985-02-08,1.5657248497009277,4.625,4.71875,4.625,4.625,64800
1985-02-11,1.5657248497009277,4.625,4.71875,4.625,4.625,800
1985-02-12,1.5657248497009277,4.625,4.6875,4.625,4.625,128000
1985-02-13,1.5657248497009277,4.625,4.6875,4.625,4.625,245600
1985-02-14,1.5763033628463745,4.65625,4.71875,4.65625,4.65625,11200
1985-02-15,1.5763033628463745,4.65625,4.71875,4.65625,4.65625,16000
1985-02-19,1.5763033628463745,4.65625,4.71875,4.65625,4.65625,1600
1985-02-20,1.5763033628463745,4.65625,4.71875,4.65625,4.65625,2400
1985-02-21,1.5657248497009277,4.625,4.6875,4.625,4.65625,8000
1985-02-22,1.5657248497009277,4.625,4.6875,4.625,4.625,216800
1985-02-25,1.54456627368927,4.5625,4.625,4.5625,4.625,114400
1985-02-26,1.5551445484161377,4.59375,4.65625,4.59375,4.59375,580800
1985-02-27,1.5551445484161377,4.59375,4.65625,4.59375,4.59375,181600
1985-02-28,1.5551445484161377,4.59375,4.65625,4.59375,4.59375,97600
1985-03-01,1.5657248497009277,4.625,4.6875,4.625,4.625,44000
1985-03-04,1.5657248497009277,4.625,4.71875,4.625,4.625,2400
1985-03-05,1.5657248497009277,4.625,4.71875,4.625,4.625,80800
1985-03-06,1.5657248497009277,4.625,4.71875,4.625,4.625,8800
1985-03-07,1.5657248497009277,4.625,4.71875,4.625,4.625,5600
1985-03-08,1.5657248497009277,4.625,4.71875,4.625,4.625,4800
1985-03-11,1.5974633693695068,4.71875,4.8125,4.71875,4.71875,55200
1985-03-12,1.608041524887085,4.75,4.8125,4.75,4.75,47200
1985-03-13,1.5974633693695068,4.71875,4.78125,4.71875,4.75,11200
1985-03-14,1.5974633693695068,4.71875,4.78125,4.71875,4.71875,25600
1985-03-15,1.5974633693695068,4.71875,4.78125,4.71875,4.71875,84800
1985-03-18,1.5974633693695068,4.71875,4.78125,4.71875,4.71875,4800
1985-03-19,1.5974633693695068,4.71875,4.78125,4.71875,4.71875,25600
1985-03-20,1.5868834257125854,4.6875,4.78125,4.6875,4.71875,7200
1985-03-21,1.5868834257125854,4.6875,4.78125,4.6875,4.6875,1600
1985-03-22,1.5868834257125854,4.6875,4.75,4.6875,4.6875,11200
1985-03-25,1.5657248497009277,4.625,4.71875,4.625,4.6875,10400
1985-03-26,1.5657248497009277,4.625,4.71875,4.625,4.625,28000
1985-03-27,1.5657248497009277,4.625,4.6875,4.625,4.625,8000
1985-03-28,1.5551445484161377,4.59375,4.65625,4.59375,4.625,37600
1985-03-29,1.5551445484161377,4.59375,4.65625,4.59375,4.59375,60800
1985-04-01,1.54456627368927,4.5625,4.65625,4.5625,4.59375,2400
1985-04-02,1.54456627368927,4.5625,4.65625,4.5625,4.5625,80800
1985-04-03,1.54456627368927,4.5625,4.65625,4.5625,4.5625,42400
1985-04-04,1.54456627368927,4.5625,4.625,4.5625,4.5625,28000
1985-04-08,1.54456627368927,4.5625,4.625,4.5625,4.5625,24000
1985-04-09,1.54456627368927,4.5625,4.625,4.5625,4.5625,106400
1985-04-10,1.54456627368927,4.5625,4.625,4.5625,4.5625,3200
1985-04-11,1.54456627368927,4.5625,4.65625,4.5625,4.5625,109600
1985-04-12,1.5551445484161377,4.59375,4.65625,4.59375,4.59375,40800
1985-04-15,1.5551445484161377,4.59375,4.65625,4.59375,4.59375,21600
1985-04-16,1.5763033628463745,4.65625,4.71875,4.65625,4.65625,108800
1985-04-17,1.608041524887085,4.75,4.8125,4.75,4.75,13600
1985-04-18,1.629199743270874,4.8125,4.875,4.8125,4.8125,32000
1985-04-19,1.629199743270874,4.8125,4.90625,4.8125,4.8125,144000
1985-04-22,1.629199743270874,4.8125,4.875,4.8125,4.8125,19200
1985-04-23,1.629199743270874,4.8125,4.90625,4.8125,4.8125,67200
1985-04-24,1.6503574848175049,4.875,4.9375,4.875,4.875,58400
1985-04-25,1.7138339281082153,5.0625,5.15625,5.0625,5.0625,150400
1985-04-26,1.756150245666504,5.1875,5.25,5.1875,5.1875,81600
1985-04-29,1.777308702468872,5.25,5.3125,5.25,5.25,40000
1985-04-30,1.756150245666504,5.1875,5.21875,5.1875,5.21875,32000
1985-05-01,1.756150245666504,5.1875,5.25,5.1875,5.1875,150400
1985-05-02,1.756150245666504,5.1875,5.25,5.1875,5.1875,36000
1985-05-03,1.756150245666504,5.1875,5.25,5.1875,5.1875,22400
1985-05-06,1.756150245666504,5.1875,5.25,5.1875,5.1875,20000
1985-05-07,1.7667299509048462,5.21875,5.28125,5.21875,5.21875,3200
1985-05-08,1.7667299509048462,5.21875,5.3125,5.21875,5.21875,48000
1985-05-09,1.8090463876724243,5.34375,5.40625,5.34375,5.34375,44800
1985-05-10,1.8090463876724243,5.34375,5.4375,5.34375,5.34375,32800
1985-05-13,1.8090463876724243,5.34375,5.4375,5.34375,5.34375,800
1985-05-14,1.8090463876724243,5.34375,5.4375,5.34375,5.34375,21600
1985-05-15,1.8090463876724243,5.34375,5.4375,5.34375,5.34375,800
1985-05-16,1.8090463876724243,5.34375,5.4375,5.34375,5.34375,8000
1985-05-17,1.8090463876724243,5.34375,5.4375,5.34375,5.34375,1600
1985-05-20,1.8090463876724243,5.34375,5.4375,5.34375,5.34375,4000
1985-05-21,1.8090463876724243,5.34375,5.4375,5.34375,5.34375,18400
1985-05-22,1.8196254968643188,5.375,5.4375,5.375,5.375,29600
1985-05-23,1.8302057981491089,5.40625,5.46875,5.40625,5.40625,47200
1985-05-24,1.8302057981491089,5.40625,5.4375,5.40625,5.40625,8000
1985-05-28,1.8407844305038452,5.4375,5.46875,5.4375,5.4375,2400
1985-05-29,1.8407844305038452,5.4375,5.5,5.4375,5.4375,25600
1985-05-30,1.8513630628585815,5.46875,5.53125,5.46875,5.46875,21600
1985-05-31,1.8513630628585815,5.46875,5.46875,5.46875,5.46875,0
1985-06-03,1.8725212812423706,5.53125,5.59375,5.53125,5.53125,94400
1985-06-04,1.893680453300476,5.59375,5.59375,5.59375,5.59375,1600
1985-06-05,1.893680453300476,5.59375,5.59375,5.59375,5.59375,4000
1985-06-06,1.8725212812423706,5.53125,5.59375,5.53125,5.59375,7200
1985-06-07,1.867233157157898,5.515625,5.625,5.515625,5.53125,52800
1985-06-10,1.8725212812423706,5.53125,5.59375,5.53125,5.53125,32800
1985-06-11,1.893680453300476,5.59375,5.59375,5.59375,5.59375,52800
1985-06-12,1.8778119087219238,5.546875,5.59375,5.546875,5.59375,179200
1985-06-13,1.8831000328063965,5.5625,5.5625,5.5625,5.5625,68000
1985-06-14,1.8831000328063965,5.5625,5.5625,5.5625,5.5625,55200
1985-06-17,1.8725212812423706,5.53125,5.53125,5.53125,5.53125,1600
1985-06-18,1.893680453300476,5.59375,5.59375,5.59375,5.59375,800
1985-06-19,1.861942172050476,5.5,5.5625,5.5,5.5625,76800
1985-06-20,1.861942172050476,5.5,5.53125,5.5,5.5,31200
1985-06-21,1.861942172050476,5.5,5.5,5.5,5.5,13600
1985-06-24,1.8302057981491089,5.40625,5.40625,5.40625,5.40625,15200
1985-06-25,1.777308702468872,5.25,5.3125,5.25,5.3125,26400
1985-06-26,1.7667299509048462,5.21875,5.3125,5.21875,5.25,57600
1985-06-27,1.7455713748931885,5.15625,5.25,5.15625,5.21875,71200
1985-06-28,1.7349927425384521,5.125,5.1875,5.125,5.15625,85600
1985-07-01,1.7349927425384521,5.125,5.1875,5.125,5.125,16800
1985-07-02,1.7667299509048462,5.21875,5.21875,5.21875,5.21875,36000
1985-07-03,1.7667299509048462,5.21875,5.21875,5.21875,5.21875,41600
1985-07-05,1.7455713748931885,5.15625,5.21875,5.15625,5.21875,4800
1985-07-08,1.7667299509048462,5.21875,5.21875,5.21875,5.21875,3200
1985-07-09,1.756150245666504,5.1875,5.21875,5.1875,5.21875,392800
1985-07-10,1.7455713748931885,5.15625,5.15625,5.15625,5.15625,800
1985-07-11,1.7455713748931885,5.15625,5.15625,5.15625,5.15625,12000
1985-07-12,1.7455713748931885,5.15625,5.15625,5.15625,5.15625,4000
1985-07-15,1.7455713748931885,5.15625,5.21875,5.15625,5.15625,4800
1985-07-16,1.756150245666504,5.1875,5.21875,5.1875,5.1875,127200
1985-07-17,1.7667299509048462,5.21875,5.21875,5.21875,5.21875,182400
1985-07-18,1.777308702468872,5.25,5.25,5.25,5.25,121600
1985-07-19,1.724412441253662,5.09375,5.25,5.09375,5.25,68800
1985-07-22,1.6820967197418213,4.96875,5.09375,4.96875,5.09375,42400
1985-07-23,1.6926747560501099,5.0,5.03125,5.0,5.0,8000
1985-07-24,1.639778733253479,4.84375,5.0,4.84375,5.0,43200
1985-07-25,1.608041524887085,4.75,4.78125,4.75,4.78125,19200
1985-07-26,1.6186212301254272,4.78125,4.84375,4.78125,4.78125,305600
1985-07-29,1.6503574848175049,4.875,4.875,4.875,4.875,11200
1985-07-30,1.6503574848175049,4.875,4.875,4.875,4.875,0
1985-07-31,1.6503574848175049,4.875,4.875,4.875,4.875,32000
1985-08-01,1.6503574848175049,4.875,4.875,4.875,4.875,11200
1985-08-02,1.639778733253479,4.84375,4.84375,4.84375,4.84375,20000
1985-08-05,1.639778733253479,4.84375,4.84375,4.84375,4.84375,4000
1985-08-06,1.6503574848175049,4.875,4.90625,4.875,4.875,87200
1985-08-07,1.639778733253479,4.84375,4.875,4.84375,4.875,8800
1985-08-08,1.639778733253479,4.84375,4.90625,4.84375,4.84375,8000
1985-08-09,1.6609371900558472,4.90625,4.90625,4.90625,4.90625,800
1985-08-12,1.639778733253479,4.84375,4.84375,4.84375,4.84375,1600
1985-08-13,1.639778733253479,4.84375,4.90625,4.84375,4.84375,17600
1985-08-14,1.6609371900558472,4.90625,4.90625,4.90625,4.90625,800
1985-08-15,1.6556484699249268,4.890625,4.90625,4.890625,4.90625,616000
1985-08-16,1.6503574848175049,4.875,4.875,4.875,4.875,205600
1985-08-19,1.6609371900558472,4.90625,4.90625,4.90625,4.90625,9600
1985-08-20,1.6609371900558472,4.90625,4.9375,4.90625,4.90625,52800
1985-08-21,1.6609371900558472,4.90625,4.9375,4.90625,4.90625,18400
1985-08-22,1.6609371900558472,4.90625,4.90625,4.90625,4.90625,7200
1985-08-23,1.639778733253479,4.84375,4.875,4.84375,4.875,5600
1985-08-26,1.6186212301254272,4.78125,4.875,4.78125,4.84375,52800
1985-08-27,1.6186212301254272,4.78125,4.78125,4.78125,4.78125,2400
1985-08-28,1.6186212301254272,4.78125,4.875,4.78125,4.78125,72000
1985-08-29,1.6186212301254272,4.78125,4.78125,4.78125,4.78125,0
1985-08-30,1.6186212301254272,4.78125,4.875,4.78125,4.78125,5600
1985-09-03,1.6503574848175049,4.875,4.875,4.875,4.875,4800
1985-09-04,1.639778733253479,4.84375,4.84375,4.84375,4.84375,240000
1985-09-05,1.6186212301254272,4.78125,4.78125,4.78125,4.78125,44000
1985-09-06,1.629199743270874,4.8125,4.8125,4.8125,4.8125,5600
1985-09-09,1.5763033628463745,4.65625,4.8125,4.65625,4.8125,48800
1985-09-10,1.608041524887085,4.75,4.75,4.75,4.75,35200
1985-09-11,1.6027519702911377,4.734375,4.78125,4.734375,4.75,32800
1985-09-12,1.6186212301254272,4.78125,4.78125,4.78125,4.78125,1600
1985-09-13,1.5657248497009277,4.625,4.6875,4.625,4.6875,213600
1985-09-16,1.5551445484161377,4.59375,4.625,4.59375,4.625,24800
1985-09-17,1.54456627368927,4.5625,4.5625,4.5625,4.5625,8000
1985-09-18,1.5339857339859009,4.53125,4.53125,4.53125,4.53125,12000
1985-09-19,1.5128284692764282,4.46875,4.46875,4.46875,4.46875,800
1985-09-20,1.5128284692764282,4.46875,4.53125,4.46875,4.46875,245600
1985-09-23,1.5128284692764282,4.46875,4.53125,4.46875,4.46875,8800
1985-09-24,1.4916696548461914,4.40625,4.46875,4.40625,4.46875,171200
1985-09-25,1.4810901880264282,4.375,4.375,4.375,4.375,682400
1985-09-26,1.4546422958374023,4.296875,4.34375,4.296875,4.34375,164000
1985-09-30,1.4599324464797974,4.3125,4.34375,4.3125,4.3125,400000
1985-10-01,1.4652220010757446,4.328125,4.328125,4.328125,4.328125,36800
1985-10-02,1.4599324464797974,4.3125,4.375,4.3125,4.328125,52800
1985-10-03,1.4705110788345337,4.34375,4.375,4.34375,4.34375,196000
1985-10-04,1.4705110788345337,4.34375,4.34375,4.34375,4.34375,0
1985-10-07,1.4599324464797974,4.3125,4.34375,4.3125,4.34375,4800
1985-10-08,1.4599324464797974,4.3125,4.3125,4.3125,4.3125,800
1985-10-09,1.4810901880264282,4.375,4.375,4.375,4.375,5600
1985-10-10,1.4810901880264282,4.375,4.375,4.375,4.375,8800
1985-10-11,1.5022494792938232,4.4375,4.4375,4.4375,4.4375,24000
1985-10-14,1.5022494792938232,4.4375,4.5,4.4375,4.4375,56000
1985-10-15,1.5710142850875854,4.640625,4.65625,4.640625,4.640625,190400
1985-10-16,1.6820967197418213,4.96875,4.96875,4.96875,4.96875,179200
1985-10-17,1.7455713748931885,5.15625,5.25,5.15625,5.15625,389600
1985-10-18,1.756150245666504,5.1875,5.28125,5.1875,5.1875,32000
1985-10-21,1.756150245666504,5.1875,5.28125,5.1875,5.1875,56000
1985-10-22,1.7984682321548462,5.3125,5.3125,5.3125,5.3125,143200
1985-10-23,1.7984682321548462,5.3125,5.34375,5.3125,5.3125,205600
1985-10-24,1.7984682321548462,5.3125,5.3125,5.3125,5.3125,240800
1985-10-25,1.7984682321548462,5.3125,5.3125,5.3125,5.3125,40800
1985-10-28,1.7878886461257935,5.28125,5.28125,5.28125,5.28125,34400
1985-10-29,1.7667299509048462,5.21875,5.3125,5.21875,5.28125,84800
1985-10-30,1.7878886461257935,5.28125,5.28125,5.28125,5.28125,279200
1985-10-31,1.756150245666504,5.1875,5.28125,5.1875,5.28125,99200
1985-11-01,1.777308702468872,5.25,5.265625,5.25,5.25,260000
1985-11-04,1.7667299509048462,5.21875,5.28125,5.21875,5.25,44800
1985-11-05,1.777308702468872,5.25,5.28125,5.25,5.25,79200
1985-11-06,1.8831000328063965,5.5625,5.6875,5.5625,5.5625,284800
1985-11-07,1.9465761184692383,5.75,5.75,5.75,5.75,28800
1985-11-08,1.9571552276611328,5.78125,5.8125,5.78125,5.78125,12000
1985-11-11,2.052367925643921,6.0625,6.0625,6.0625,6.0625,68800
1985-11-12,2.0735280513763428,6.125,6.25,6.125,6.125,196000
1985-11-13,2.0735280513763428,6.125,6.15625,6.125,6.125,16000
1985-11-14,2.0629475116729736,6.09375,6.09375,6.09375,6.09375,18400
1985-11-15,2.0417888164520264,6.03125,6.09375,6.03125,6.09375,68800
1985-11-18,2.0206305980682373,5.96875,6.03125,5.96875,6.03125,40800
1985-11-19,2.010051727294922,5.9375,6.03125,5.9375,5.96875,217600
1985-11-20,1.9888938665390015,5.875,6.03125,5.875,5.9375,67200
1985-11-21,1.967736840248108,5.8125,5.90625,5.8125,5.875,572000
1985-11-22,1.967736840248108,5.8125,5.90625,5.8125,5.8125,898400
1985-11-25,1.9994724988937378,5.90625,5.90625,5.8125,5.8125,135200
1985-11-26,1.9994724988937378,5.90625,5.90625,5.90625,5.90625,1600
1985-11-27,2.010051727294922,5.9375,5.9375,5.9375,5.9375,4800
1985-11-29,1.9994724988937378,5.90625,6.0,5.90625,5.9375,48000
1985-12-02,2.031210422515869,6.0,6.0,6.0,6.0,8000
1985-12-03,2.031210422515869,6.0,6.0,5.90625,6.0,9600
1985-12-04,2.0417888164520264,6.03125,6.03125,5.9375,6.0,7200
1985-12-05,2.0417888164520264,6.03125,6.03125,5.9375,6.03125,24000
1985-12-06,2.0153415203094482,5.953125,6.03125,5.9375,6.03125,80800
1985-12-09,2.0417888164520264,6.03125,6.03125,5.9375,5.953125,104800
1985-12-10,2.0417888164520264,6.03125,6.03125,6.03125,6.03125,1600
1985-12-11,2.0417888164520264,6.03125,6.03125,6.03125,6.03125,5600
1985-12-12,2.0417888164520264,6.03125,6.03125,6.03125,6.03125,7200
1985-12-13,2.0417888164520264,6.03125,6.03125,6.03125,6.03125,0
1985-12-16,2.0735280513763428,6.125,6.125,5.9375,6.03125,78400
1985-12-17,2.031210422515869,6.0,6.03125,6.0,6.03125,12000
1985-12-18,2.031210422515869,6.0,6.0,6.0,6.0,6400
1985-12-19,2.0629475116729736,6.09375,6.09375,6.09375,6.09375,800
1985-12-20,2.0417888164520264,6.03125,6.03125,5.96875,6.03125,30400
1985-12-23,2.052367925643921,6.0625,6.0625,5.96875,6.03125,25600
1985-12-24,2.052367925643921,6.0625,6.0625,6.0625,6.0625,800
1985-12-26,2.0206305980682373,5.96875,6.0625,5.96875,6.0625,15200
1985-12-27,2.0206305980682373,5.96875,6.0625,5.96875,5.96875,32000
1985-12-30,2.0417888164520264,6.03125,6.03125,5.9375,5.96875,97600
1985-12-31,2.0417888164520264,6.03125,6.03125,5.9375,6.03125,32000
1986-01-02,2.0417888164520264,6.03125,6.03125,6.03125,6.03125,2400
1986-01-03,2.010051727294922,5.9375,6.0625,5.9375,6.03125,9600
1986-01-06,2.052367925643921,6.0625,6.09375,5.96875,5.96875,59200
1986-01-07,2.0735280513763428,6.125,6.125,6.0,6.0625,24000
1986-01-08,2.105264186859131,6.21875,6.21875,6.125,6.125,41600
1986-01-09,2.084106683731079,6.15625,6.15625,6.15625,6.15625,8000
1986-01-10,2.105264186859131,6.21875,6.21875,6.125,6.15625,28800
1986-01-13,2.1158440113067627,6.25,6.25,6.125,6.21875,100800
1986-01-14,2.1158440113067627,6.25,6.25,6.25,6.25,14400
1986-01-15,2.22163724899292,6.5625,6.65625,6.25,6.25,122400
1986-01-16,2.179318428039551,6.4375,6.5625,6.4375,6.5625,30400
1986-01-17,2.200477123260498,6.5,6.5,6.375,6.4375,44000
1986-01-20,2.200477123260498,6.5,6.5,6.40625,6.5,3200
1986-01-21,2.15816068649292,6.375,6.375,6.375,6.375,9600
1986-01-22,2.15816068649292,6.375,6.375,6.375,6.375,16800
1986-01-23,2.1687395572662354,6.40625,6.40625,6.3125,6.375,19200
1986-01-24,2.1687395572662354,6.40625,6.40625,6.40625,6.40625,13600
1986-01-27,2.1370022296905518,6.3125,6.4375,6.3125,6.40625,9600
1986-01-28,2.211056709289551,6.53125,6.53125,6.375,6.375,48000
1986-01-29,2.2745320796966553,6.71875,6.71875,6.5625,6.5625,53600
1986-01-30,2.242793083190918,6.625,6.71875,6.59375,6.71875,108000
1986-01-31,2.242793083190918,6.625,6.65625,6.625,6.625,37600
1986-02-03,2.2533740997314453,6.65625,6.65625,6.65625,6.65625,5600
1986-02-04,2.2322161197662354,6.59375,6.65625,6.59375,6.65625,6400
1986-02-05,2.2533740997314453,6.65625,6.65625,6.59375,6.59375,30400
1986-02-06,2.242793083190918,6.625,6.625,6.625,6.625,4000
1986-02-07,2.306269645690918,6.8125,6.8125,6.75,6.75,16800
1986-02-10,2.2851123809814453,6.75,6.8125,6.75,6.8125,8800
1986-02-11,2.3274283409118652,6.875,6.9375,6.8125,6.8125,112800
1986-02-12,2.369744300842285,7.0,7.0,7.0,7.0,12000
1986-02-13,2.3274283409118652,6.875,7.0,6.875,7.0,8800
1986-02-14,2.3803255558013916,7.03125,7.0625,6.96875,6.96875,160000
1986-02-18,2.390904188156128,7.0625,7.0625,7.0625,7.0625,13600
1986-02-19,2.390904188156128,7.0625,7.0625,7.0625,7.0625,20000
1986-02-20,2.390904188156128,7.0625,7.0625,6.9375,7.0625,8800
1986-02-21,2.390904188156128,7.0625,7.0625,6.90625,7.0625,23200
1986-02-24,2.390904188156128,7.0625,7.0625,7.0625,7.0625,8800
1986-02-25,2.3485867977142334,6.9375,7.125,6.9375,7.0625,6400
1986-02-26,2.3485867977142334,6.9375,6.9375,6.9375,6.9375,4800
1986-02-27,2.3485867977142334,6.9375,6.9375,6.9375,6.9375,800
1986-02-28,2.3803255558013916,7.03125,7.125,6.9375,6.9375,374400
1986-03-03,2.390904188156128,7.0625,7.0625,7.0625,7.0625,11200
1986-03-04,2.263953685760498,6.6875,6.9375,6.6875,6.9375,40800
1986-03-05,2.179318428039551,6.4375,6.703125,6.40625,6.6875,451200
1986-03-06,2.200477123260498,6.5,6.5,6.375,6.4375,23200
1986-03-07,2.200477123260498,6.5,6.5,6.5,6.5,0
1986-03-10,2.242793083190918,6.625,6.625,6.375,6.5,35200
1986-03-11,2.263953685760498,6.6875,6.6875,6.4375,6.625,41600
1986-03-12,2.306269645690918,6.8125,6.8125,6.75,6.75,25600
1986-03-13,2.306269645690918,6.8125,6.8125,6.703125,6.8125,31200
1986-03-14,2.369744300842285,7.0,7.0,6.75,6.8125,28800
1986-03-17,2.3274283409118652,6.875,7.0,6.875,7.0,7200
1986-03-18,2.2851123809814453,6.75,7.0,6.75,6.875,4800
1986-03-19,2.369744300842285,7.0,7.0,7.0,7.0,800
1986-03-20,2.338007926940918,6.90625,7.0625,6.875,7.0,15200
1986-03-21,2.338007926940918,6.90625,6.90625,6.90625,6.90625,0
1986-03-24,2.3274283409118652,6.875,7.0,6.875,6.90625,6400
1986-03-25,2.3274283409118652,6.875,6.875,6.875,6.875,0
1986-03-26,2.3485867977142334,6.9375,6.9375,6.75,6.875,17600
1986-03-27,2.3274283409118652,6.875,7.0625,6.875,6.9375,10400
1986-03-31,2.306269645690918,6.8125,6.8125,6.8125,6.8125,8000
1986-04-01,2.306269645690918,6.8125,6.8125,6.8125,6.8125,800
1986-04-02,2.306269645690918,6.8125,6.8125,6.8125,6.8125,0
1986-04-03,2.390904188156128,7.0625,7.0625,6.8125,6.8125,14400
1986-04-04,2.390904188156128,7.0625,7.0625,6.8125,7.0625,4000
1986-04-07,2.390904188156128,7.0625,7.0625,7.0,7.0625,2400
1986-04-08,2.3274283409118652,6.875,7.0625,6.875,7.0625,2400
1986-04-09,2.3274283409118652,6.875,6.875,6.875,6.875,4000
1986-04-10,2.369744300842285,7.0,7.0,6.8125,6.875,2400
1986-04-11,2.433220386505127,7.1875,7.1875,7.0625,7.0625,17600
1986-04-14,2.433220386505127,7.1875,7.1875,7.0,7.1875,28000
1986-04-15,2.369744300842285,7.0,7.1875,7.0,7.1875,116800
1986-04-16,2.3274283409118652,6.875,7.125,6.78125,7.0,80800
1986-04-17,2.3274283409118652,6.875,6.875,6.625,6.875,41600
1986-04-18,2.263953685760498,6.6875,6.875,6.625,6.875,74400
1986-04-21,2.242793083190918,6.625,6.8125,6.625,6.6875,45600
1986-04-22,2.242793083190918,6.625,6.8125,6.625,6.625,12000
1986-04-23,2.306269645690918,6.8125,6.8125,6.625,6.625,63200
1986-04-24,2.242793083190918,6.625,6.875,6.375,6.8125,158400
1986-04-25,2.242793083190918,6.625,6.625,6.625,6.625,3200
1986-04-28,2.242793083190918,6.625,6.875,6.625,6.625,26400
1986-04-29,2.242793083190918,6.625,6.625,6.625,6.625,22400
1986-04-30,2.15816068649292,6.375,6.5625,6.375,6.5625,41600
1986-05-01,2.1158440113067627,6.25,6.5625,5.8125,6.375,116000
1986-05-02,2.0788161754608154,6.140625,6.375,6.125,6.25,132800
1986-05-05,2.010051727294922,5.9375,6.25,5.9375,6.140625,30400
1986-05-06,1.9888938665390015,5.875,6.0625,5.875,5.9375,22400
1986-05-07,1.9888938665390015,5.875,5.875,5.875,5.875,12000
1986-05-08,2.031210422515869,6.0,6.0625,6.0,6.0,18400
1986-05-09,2.052367925643921,6.0625,6.0625,5.71875,6.0,171200
1986-05-12,2.010051727294922,5.9375,6.0625,5.875,6.0625,29600
1986-05-13,2.031210422515869,6.0,6.0625,5.796875,5.9375,662400
1986-05-14,2.010051727294922,5.9375,6.0,5.9375,6.0,13600
1986-05-15,1.9465761184692383,5.75,5.9375,5.75,5.9375,29600
1986-05-16,2.010051727294922,5.9375,5.9375,5.75,5.75,63200
1986-05-19,1.9888938665390015,5.875,5.9375,5.84375,5.9375,23200
1986-05-20,1.967736840248108,5.8125,5.84375,5.6875,5.84375,29600
1986-05-21,1.904259204864502,5.625,5.8125,5.625,5.8125,82400
1986-05-22,2.031210422515869,6.0,6.0625,5.75,5.75,134400
1986-05-23,2.084106683731079,6.15625,6.25,6.0625,6.0625,775200
1986-05-27,2.1158440113067627,6.25,6.4375,6.1875,6.1875,133600
1986-05-28,2.15816068649292,6.375,6.5625,6.3125,6.3125,157600
1986-05-29,2.1158440113067627,6.25,6.5625,6.25,6.375,52000
1986-05-30,2.179318428039551,6.4375,6.4375,6.25,6.25,38400
1986-06-02,2.1687395572662354,6.40625,6.40625,6.25,6.40625,56000
1986-06-03,2.1158440113067627,6.25,6.4375,6.1875,6.40625,267200
1986-06-04,2.0946853160858154,6.1875,6.1875,6.1875,6.1875,6400
1986-06-05,2.0946853160858154,6.1875,6.1875,6.1875,6.1875,0
1986-06-06,2.0946853160858154,6.1875,6.4375,6.1875,6.1875,158400
1986-06-09,2.1264231204986572,6.28125,6.375,6.125,6.1875,199200
1986-06-10,2.1370022296905518,6.3125,6.3125,6.3125,6.3125,8000
1986-06-11,2.1158440113067627,6.25,6.3125,6.1875,6.3125,42400
1986-06-12,2.15816068649292,6.375,6.375,6.375,6.375,2400
1986-06-13,2.0946853160858154,6.1875,6.375,6.1875,6.375,8000
1986-06-16,2.1317138671875,6.296875,6.375,6.296875,6.296875,64000
1986-06-17,2.1317138671875,6.296875,6.296875,6.296875,6.296875,0
1986-06-18,2.0946853160858154,6.1875,6.1875,6.1875,6.1875,2400
1986-06-19,2.0946853160858154,6.1875,6.1875,6.1875,6.1875,800
1986-06-20,2.142289638519287,6.328125,6.375,6.1875,6.1875,89600
1986-06-23,2.15816068649292,6.375,6.375,6.1875,6.328125,2400
1986-06-24,2.1158440113067627,6.25,6.375,6.125,6.375,15200
1986-06-25,2.1158440113067627,6.25,6.25,6.25,6.25,0
1986-06-26,2.1158440113067627,6.25,6.375,6.25,6.25,32800
1986-06-27,2.1370022296905518,6.3125,6.375,6.3125,6.3125,2400
1986-06-30,2.1475818157196045,6.34375,6.375,6.28125,6.3125,70400
1986-07-01,2.15816068649292,6.375,6.375,6.1875,6.34375,19200
1986-07-02,2.15816068649292,6.375,6.4375,6.1875,6.375,407200
1986-07-03,2.179318428039551,6.4375,6.4375,6.1875,6.375,9600
1986-07-07,2.1158440113067627,6.25,6.4375,6.25,6.4375,374400
1986-07-08,2.1158440113067627,6.25,6.4375,6.25,6.25,4000
1986-07-09,2.179318428039551,6.4375,6.4375,6.25,6.25,291200
1986-07-10,2.179318428039551,6.4375,6.4375,6.25,6.4375,20000
1986-07-11,2.15816068649292,6.375,6.375,6.25,6.375,18400
1986-07-14,2.179318428039551,6.4375,6.4375,6.25,6.375,3200
1986-07-15,2.1158440113067627,6.25,6.34375,6.15625,6.34375,138400
1986-07-16,2.200477123260498,6.5,6.625,6.375,6.375,6400
1986-07-17,2.2851123809814453,6.75,6.75,6.5,6.5,67600
1986-07-18,2.3274283409118652,6.875,6.875,6.75,6.75,19200
1986-07-21,2.22163724899292,6.5625,6.875,6.5,6.875,1310000
1986-07-22,2.22163724899292,6.5625,6.875,6.5625,6.5625,121200
1986-07-23,2.2851123809814453,6.75,6.75,6.75,6.75,400
1986-07-24,2.3274283409118652,6.875,6.875,6.5,6.75,8800
1986-07-25,2.2851123809814453,6.75,6.875,6.75,6.875,2400
1986-07-28,2.2851123809814453,6.75,6.875,6.5,6.75,39600
1986-07-29,2.3274283409118652,6.875,6.875,6.5,6.75,60000
1986-07-30,2.2956905364990234,6.78125,6.78125,6.6875,6.78125,240000
1986-07-31,2.2851123809814453,6.75,6.875,6.6875,6.78125,156000
1986-08-01,2.2851123809814453,6.75,6.75,6.75,6.75,0
1986-08-04,2.3274283409118652,6.875,6.875,6.5,6.75,28000
1986-08-05,2.2851123809814453,6.75,7.0,6.625,6.875,51600
1986-08-06,2.369744300842285,7.0,7.0,6.6875,6.75,12400
1986-08-07,2.390904188156128,7.0625,7.0625,6.875,7.0,104000
1986-08-08,2.369744300842285,7.0,7.125,7.0,7.0625,17200
1986-08-11,2.412062168121338,7.125,7.375,6.875,7.0,36400
1986-08-12,2.454378843307495,7.25,7.625,7.25,7.25,20800
1986-08-13,2.5390121936798096,7.5,7.625,7.25,7.25,10400
1986-08-14,2.454378843307495,7.25,7.375,7.25,7.375,16400
1986-08-15,2.4966964721679688,7.375,7.5,7.3125,7.3125,480400
1986-08-18,2.4755375385284424,7.3125,7.5,7.25,7.375,10000
1986-08-19,2.5390121936798096,7.5,7.5,7.25,7.3125,64400
1986-08-20,2.443798542022705,7.21875,7.5,7.1875,7.5,40000
1986-08-21,2.5390121936798096,7.5,7.5,7.125,7.21875,2400
1986-08-22,2.5390121936798096,7.5,7.5,7.5,7.5,3200
1986-08-25,2.4966964721679688,7.375,7.375,7.125,7.375,1200
1986-08-26,2.4966964721679688,7.375,7.375,7.25,7.375,2800
1986-08-27,2.5390121936798096,7.5,7.5,7.25,7.375,200400
1986-08-28,2.5390121936798096,7.5,7.5,7.5,7.5,14400
1986-08-29,2.454378843307495,7.25,7.375,7.25,7.375,254400
1986-09-02,2.5390121936798096,7.5,7.625,7.25,7.25,257200
1986-09-03,2.6236460208892822,7.75,7.75,7.4375,7.5,300400
1986-09-04,2.6659646034240723,7.875,7.875,7.625,7.75,278400
1986-09-05,2.7929139137268066,8.25,8.3125,7.875,7.875,529600
1986-09-08,2.750595808029175,8.125,8.25,8.0,8.25,73600
1986-09-09,2.6236460208892822,7.75,8.125,7.625,8.125,78400
1986-09-10,2.5813281536102295,7.625,7.75,7.625,7.75,29200
1986-09-11,2.591907501220703,7.65625,7.6875,7.375,7.625,682800
1986-09-12,2.517855644226074,7.4375,7.5,7.25,7.5,896000
1986-09-15,2.433220386505127,7.1875,7.5,7.1875,7.4375,28400
1986-09-16,2.454378843307495,7.25,7.25,7.0,7.1875,252400
1986-09-17,2.454378843307495,7.25,7.25,7.25,7.25,0
1986-09-18,2.454378843307495,7.25,7.25,7.0,7.25,19200
1986-09-19,2.454378843307495,7.25,7.25,7.0,7.25,1200
1986-09-22,2.454378843307495,7.25,7.375,7.0,7.25,177200
1986-09-23,2.5390121936798096,7.5,7.5,7.3125,7.3125,5600
1986-09-24,2.6236460208892822,7.75,7.75,7.3125,7.5,492400
1986-09-25,2.4966964721679688,7.375,7.625,7.375,7.625,15600
1986-09-26,2.5390121936798096,7.5,7.5,7.5,7.5,1200
1986-09-29,2.517855644226074,7.4375,7.5,7.25,7.5,58400
1986-09-30,2.4966964721679688,7.375,7.375,7.25,7.375,106800
1986-10-01,2.433220386505127,7.1875,7.4375,7.1875,7.375,61600
1986-10-02,2.454378843307495,7.25,7.4375,7.1875,7.1875,87600
1986-10-03,2.517855644226074,7.4375,7.4375,7.3125,7.3125,240000
1986-10-06,2.528432846069336,7.46875,7.5625,7.3125,7.4375,55200
1986-10-07,2.4966964721679688,7.375,7.5625,7.375,7.46875,40800
1986-10-08,2.517855644226074,7.4375,7.59375,7.375,7.375,43600
1986-10-09,2.5390121936798096,7.5,7.625,7.5,7.5,35600
1986-10-10,2.5601701736450195,7.5625,7.625,7.5,7.5,401200
1986-10-13,2.5390121936798096,7.5,7.625,7.5,7.5625,16400
1986-10-14,2.5390121936798096,7.5,7.625,7.5,7.5,2000
1986-10-15,2.5601701736450195,7.5625,7.6875,7.5,7.5,40800
1986-10-16,2.5813281536102295,7.625,7.75,7.625,7.625,12800
1986-10-17,2.4966964721679688,7.375,7.5,7.3125,7.5,246400
1986-10-20,2.4966964721679688,7.375,7.375,7.25,7.375,282800
1986-10-21,2.486116886138916,7.34375,7.5,7.3125,7.375,75200
1986-10-22,2.5390121936798096,7.5,7.5,7.34375,7.34375,7200
1986-10-23,2.5495922565460205,7.53125,7.53125,7.3125,7.5,111200
1986-10-24,2.5601701736450195,7.5625,7.625,7.375,7.53125,92800
1986-10-27,2.5390121936798096,7.5,7.5625,7.375,7.5625,3200
1986-10-28,2.5390121936798096,7.5,7.5,7.375,7.5,69200
1986-10-29,2.528432846069336,7.46875,7.5,7.3125,7.5,124000
1986-10-30,2.517855644226074,7.4375,7.5625,7.4375,7.46875,98400
1986-10-31,2.5601701736450195,7.5625,7.5625,7.4375,7.4375,121600
1986-11-03,2.517855644226074,7.4375,7.5625,7.4375,7.5625,266800
1986-11-04,2.5390121936798096,7.5,7.5625,7.5,7.5,116800
1986-11-05,2.5813281536102295,7.625,7.75,7.5625,7.5625,216800
1986-11-06,2.4966964721679688,7.375,7.625,7.375,7.625,301200
1986-11-07,2.5072755813598633,7.40625,7.4375,7.375,7.375,3600
1986-11-10,2.517855644226074,7.4375,7.4375,7.375,7.40625,2000
1986-11-11,2.517855644226074,7.4375,7.4375,7.375,7.4375,15600
1986-11-12,2.5390121936798096,7.5,7.625,7.4375,7.4375,1120800
1986-11-13,2.517855644226074,7.4375,7.5625,7.4375,7.5,211200
1986-11-14,2.3803255558013916,7.03125,7.5,7.0,7.4375,597200
1986-11-17,2.3485867977142334,6.9375,7.125,6.9375,7.03125,202400
1986-11-18,2.3485867977142334,6.9375,7.1875,6.875,6.9375,104400
1986-11-19,2.3485867977142334,6.9375,7.125,6.9375,6.9375,133200
1986-11-20,2.3485867977142334,6.9375,7.125,6.9375,6.9375,113600
1986-11-21,2.3485867977142334,6.9375,7.125,6.9375,6.9375,80400
1986-11-24,2.390904188156128,7.0625,7.1875,7.0625,7.0625,48400
1986-11-25,2.433220386505127,7.1875,7.34375,7.125,7.125,53200
1986-11-26,2.4755375385284424,7.3125,7.4375,7.3125,7.3125,430000
1986-11-28,2.4755375385284424,7.3125,7.4375,7.3125,7.3125,82800
1986-12-01,2.390904188156128,7.0625,7.1875,7.0625,7.1875,85600
1986-12-02,2.412062168121338,7.125,7.25,7.0625,7.0625,205200
1986-12-03,2.433220386505127,7.1875,7.3125,7.125,7.125,335600
1986-12-04,2.5390121936798096,7.5,7.5625,7.25,7.25,99600
1986-12-05,2.5601701736450195,7.5625,7.5625,7.4375,7.5,86400
1986-12-08,2.517855644226074,7.4375,7.5625,7.4375,7.5625,4800
1986-12-09,2.517855644226074,7.4375,7.5625,7.4375,7.4375,67200
1986-12-10,2.4755375385284424,7.3125,7.5,7.1875,7.4375,226800
1986-12-11,2.369744300842285,7.0,7.3125,6.90625,7.3125,3089200
1986-12-12,2.369744300842285,7.0,7.1875,7.0,7.0,24400
1986-12-15,2.390904188156128,7.0625,7.125,6.9375,7.0,65200
1986-12-16,2.359166383743286,6.96875,7.0625,6.90625,7.0625,327200
1986-12-17,2.3485867977142334,6.9375,7.0,6.8125,6.96875,228800
1986-12-18,2.3485867977142334,6.9375,6.96875,6.875,6.9375,150800
1986-12-19,2.2956905364990234,6.78125,6.96875,6.75,6.9375,660800
1986-12-22,2.200477123260498,6.5,6.875,6.3125,6.78125,77600
1986-12-23,2.211056709289551,6.53125,6.625,6.5,6.5,70400
1986-12-24,2.22163724899292,6.5625,6.6875,6.5,6.53125,16400
1986-12-26,2.22163724899292,6.5625,6.75,6.5,6.5625,10800
1986-12-29,2.22163724899292,6.5625,6.75,6.5625,6.5625,25200
1986-12-30,2.200477123260498,6.5,6.625,6.5,6.5625,367200
1986-12-31,2.22163724899292,6.5625,6.625,6.5,6.5,119200
1987-01-02,2.22163724899292,6.5625,6.6875,6.5625,6.5625,128000
1987-01-05,2.2322161197662354,6.59375,6.6875,6.5625,6.5625,29200
1987-01-06,2.3274283409118652,6.875,7.0,6.5625,6.59375,236400
1987-01-07,2.369744300842285,7.0,7.125,6.875,6.875,57600
1987-01-08,2.433220386505127,7.1875,7.3125,7.125,7.125,58800
1987-01-09,2.517855644226074,7.4375,7.4375,7.125,7.1875,79200
1987-01-12,2.4966964721679688,7.375,7.5625,7.3125,7.4375,16000
1987-01-13,2.4966964721679688,7.375,7.625,7.375,7.375,124800
1987-01-14,2.6236460208892822,7.75,7.75,7.5,7.5,100000
1987-01-15,2.5813281536102295,7.625,7.75,7.625,7.75,210800
1987-01-16,2.517855644226074,7.4375,7.75,7.4375,7.625,38400
1987-01-19,2.5601701736450195,7.5625,7.75,7.375,7.4375,67200
1987-01-20,2.5601701736450195,7.5625,7.75,7.5,7.5625,210400
1987-01-21,2.5601701736450195,7.5625,7.75,7.5625,7.5625,36000
1987-01-22,2.5813281536102295,7.625,7.6875,7.5625,7.5625,60400
1987-01-23,2.454378843307495,7.25,7.5625,7.1875,7.5625,241200
1987-01-26,2.3274283409118652,6.875,7.125,6.875,7.125,129200
1987-01-27,2.306269645690918,6.8125,6.875,6.75,6.875,217600
1987-01-28,2.2745320796966553,6.71875,6.8125,6.6875,6.8125,659200
1987-01-29,2.200477123260498,6.5,6.6875,6.4375,6.6875,373200
1987-01-30,2.2851123809814453,6.75,6.75,6.625,6.625,110000
1987-02-02,2.2851123809814453,6.75,6.75,6.5625,6.75,63200
1987-02-03,2.200477123260498,6.5,6.6875,6.4375,6.6875,208400
1987-02-04,2.1370022296905518,6.3125,6.5,6.25,6.5,295200
1987-02-05,2.179318428039551,6.4375,6.4375,6.25,6.3125,150400
1987-02-06,2.15816068649292,6.375,6.4375,6.25,6.4375,229600
1987-02-09,2.242793083190918,6.625,6.6875,6.4375,6.4375,131200
1987-02-10,2.242793083190918,6.625,6.75,6.5625,6.625,54000
1987-02-11,2.306269645690918,6.8125,6.8125,6.5625,6.625,134400
1987-02-12,2.263953685760498,6.6875,6.875,6.6875,6.8125,19200
1987-02-13,2.3274283409118652,6.875,6.9375,6.8125,6.8125,41600
1987-02-17,2.3485867977142334,6.9375,7.0,6.875,6.875,84800
1987-02-18,2.3485867977142334,6.9375,7.0625,6.875,6.9375,86000
1987-02-19,2.369744300842285,7.0,7.125,6.9375,6.9375,81600
1987-02-20,2.390904188156128,7.0625,7.1875,6.9375,7.0,95600
1987-02-23,2.412062168121338,7.125,7.25,7.0625,7.0625,92800
1987-02-24,2.433220386505127,7.1875,7.25,7.03125,7.125,128800
1987-02-25,2.412062168121338,7.125,7.3125,7.125,7.1875,6800
1987-02-26,2.454378843307495,7.25,7.3125,7.125,7.125,147600
1987-02-27,2.369744300842285,7.0,7.1875,7.0,7.1875,148400
1987-03-02,2.369744300842285,7.0,7.125,6.9375,7.0,176800
1987-03-03,2.3485867977142334,6.9375,7.0625,6.9375,7.0,112000
1987-03-04,2.3485867977142334,6.9375,7.0625,6.9375,6.9375,703600
1987-03-05,2.3485867977142334,6.9375,7.0625,6.9375,6.9375,234400
1987-03-06,2.3485867977142334,6.9375,7.0625,6.9375,6.9375,48400
1987-03-09,2.390904188156128,7.0625,7.0625,6.875,6.9375,8400
1987-03-10,2.390904188156128,7.0625,7.0625,6.875,7.0625,1486800
1987-03-11,2.369744300842285,7.0,7.0625,6.9375,7.0625,25200
1987-03-12,2.369744300842285,7.0,7.0625,6.9375,7.0,84400
1987-03-13,2.369744300842285,7.0,7.125,6.9375,7.0,116000
1987-03-16,2.3803255558013916,7.03125,7.0625,6.9375,7.0,82000
1987-03-17,2.412062168121338,7.125,7.25,7.0,7.03125,230000
1987-03-18,2.433220386505127,7.1875,7.25,7.0625,7.125,336000
1987-03-19,2.179318428039551,6.4375,7.125,6.0,7.125,3215600
1987-03-20,2.1158440113067627,6.25,6.4375,6.125,6.4375,109200
1987-03-23,2.1158440113067627,6.25,6.25,6.0625,6.25,582400
1987-03-24,2.1158440113067627,6.25,6.25,6.125,6.25,67200
1987-03-25,2.0629475116729736,6.09375,6.25,6.0625,6.25,257200
1987-03-26,2.052367925643921,6.0625,6.125,6.0,6.09375,367600
1987-03-27,2.0735280513763428,6.125,6.125,6.0,6.0625,51600
1987-03-30,2.031210422515869,6.0,6.0625,5.875,6.0625,28000
1987-03-31,2.052367925643921,6.0625,6.0625,5.875,6.0,44800
1987-04-01,2.052367925643921,6.0625,6.0625,5.875,6.0625,44800
1987-04-02,1.9888938665390015,5.875,6.0625,5.875,6.0625,24800
1987-04-03,1.9465761184692383,5.75,5.9375,5.6875,5.875,2186400
1987-04-06,2.031210422515869,6.0,6.0,5.75,5.75,104400
1987-04-07,1.967736840248108,5.8125,6.0,5.8125,6.0,14000
1987-04-08,1.9465761184692383,5.75,5.875,5.71875,5.8125,474000
1987-04-09,1.967736840248108,5.8125,5.875,5.75,5.75,72400
1987-04-10,1.967736840248108,5.8125,5.875,5.6875,5.8125,21200
1987-04-13,1.9465761184692383,5.75,5.8125,5.625,5.8125,46800
1987-04-14,1.8407844305038452,5.4375,5.6875,5.375,5.6875,128400
1987-04-15,1.904259204864502,5.625,5.6875,5.5,5.5,116800
1987-04-16,1.904259204864502,5.625,5.6875,5.5,5.625,168000
1987-04-20,1.8196254968643188,5.375,5.625,5.3125,5.625,125600
1987-04-21,1.756150245666504,5.1875,5.375,5.1875,5.375,112000
1987-04-22,1.756150245666504,5.1875,5.3125,5.1875,5.1875,23200
1987-04-23,1.7349927425384521,5.125,5.1875,5.0,5.1875,25200
1987-04-24,1.6503574848175049,4.875,5.125,4.875,5.125,46800
1987-04-27,1.6503574848175049,4.875,5.0,4.8125,4.875,248800
1987-04-28,1.6609371900558472,4.90625,5.0,4.8125,4.875,180800
1987-04-29,1.6715168952941895,4.9375,5.0,4.75,4.90625,169200
1987-04-30,1.6715168952941895,4.9375,4.9375,4.8125,4.9375,70800
1987-05-01,1.6715168952941895,4.9375,4.9375,4.8125,4.9375,28800
1987-05-04,1.6715168952941895,4.9375,4.9375,4.8125,4.9375,13600
1987-05-05,1.6503574848175049,4.875,4.9375,4.8125,4.9375,142400
1987-05-06,1.629199743270874,4.8125,4.9375,4.8125,4.875,926000
1987-05-07,1.629199743270874,4.8125,4.875,4.8125,4.8125,26400
1987-05-08,1.6503574848175049,4.875,4.875,4.8125,4.8125,187200
1987-05-11,1.608041524887085,4.75,4.875,4.75,4.875,784000
1987-05-12,1.7349927425384521,5.125,5.125,4.8125,4.8125,303600
1987-05-13,1.7349927425384521,5.125,5.125,5.0,5.125,13600
1987-05-14,1.756150245666504,5.1875,5.1875,5.0,5.125,42000
1987-05-15,1.6926747560501099,5.0,5.1875,5.0,5.1875,54000
1987-05-18,1.7138339281082153,5.0625,5.1875,4.9375,5.0,534800
1987-05-19,1.6926747560501099,5.0,5.0,5.0,5.0,4800
1987-05-20,1.6926747560501099,5.0,5.1875,5.0,5.0,18800
1987-05-21,1.756150245666504,5.1875,5.1875,5.0,5.0,4000
1987-05-22,1.6926747560501099,5.0,5.0625,5.0,5.0625,8800
1987-05-26,1.777308702468872,5.25,5.25,4.875,5.0,98800
1987-05-27,1.7138339281082153,5.0625,5.1875,5.0625,5.1875,498400
1987-05-28,1.7138339281082153,5.0625,5.0625,5.0625,5.0625,0
1987-05-29,1.777308702468872,5.25,5.25,5.0625,5.0625,7200
1987-06-01,1.777308702468872,5.25,5.25,5.0625,5.25,18800
1987-06-02,1.777308702468872,5.25,5.25,5.0625,5.25,14800
1987-06-03,1.7349927425384521,5.125,5.25,5.125,5.25,100000
1987-06-04,1.7349927425384521,5.125,5.25,5.0625,5.125,341600
1987-06-05,1.756150245666504,5.1875,5.1875,5.0,5.125,284400
1987-06-08,1.7984682321548462,5.3125,5.3125,5.09375,5.1875,578800
1987-06-09,1.777308702468872,5.25,5.3125,5.25,5.3125,9600
1987-06-10,1.777308702468872,5.25,5.3125,5.25,5.25,55200
1987-06-11,1.777308702468872,5.25,5.3125,5.25,5.25,11600
1987-06-12,1.7984682321548462,5.3125,5.3125,5.25,5.25,12800
1987-06-15,1.7984682321548462,5.3125,5.3125,5.25,5.3125,5200
1987-06-16,1.7984682321548462,5.3125,5.3125,5.25,5.3125,57600
1987-06-17,1.777308702468872,5.25,5.3125,5.25,5.3125,113600
1987-06-18,1.7984682321548462,5.3125,5.3125,5.0,5.25,329200
1987-06-19,1.7984682321548462,5.3125,5.3125,5.3125,5.3125,4400
1987-06-22,1.756150245666504,5.1875,5.25,5.125,5.25,25600
1987-06-23,1.7349927425384521,5.125,5.25,5.125,5.1875,18800
1987-06-24,1.777308702468872,5.25,5.25,5.25,5.25,800
1987-06-25,1.777308702468872,5.25,5.25,5.25,5.25,0
1987-06-26,1.7138339281082153,5.0625,5.0625,5.0625,5.0625,3600
1987-06-29,1.756150245666504,5.1875,5.1875,5.0625,5.0625,800
1987-06-30,1.7455713748931885,5.15625,5.1875,5.0625,5.1875,17600
1987-07-01,1.6926747560501099,5.0,5.1875,5.0,5.15625,110400
1987-07-02,1.6926747560501099,5.0,5.0,5.0,5.0,4000
1987-07-06,1.7349927425384521,5.125,5.125,5.0,5.0,1600
1987-07-07,1.6926747560501099,5.0,5.125,5.0,5.125,13600
1987-07-08,1.7032533884048462,5.03125,5.125,5.0,5.0,21600
1987-07-09,1.6926747560501099,5.0,5.0625,5.0,5.03125,43600
1987-07-10,1.6926747560501099,5.0,5.0625,4.9375,5.0,128800
1987-07-13,1.7138339281082153,5.0625,5.0625,4.9375,5.0,25200
1987-07-14,1.6715168952941895,4.9375,5.0625,4.9375,5.0625,70400
1987-07-15,1.6715168952941895,4.9375,5.0625,4.9375,4.9375,22400
1987-07-16,1.7138339281082153,5.0625,5.1875,5.0625,5.0625,185200
1987-07-17,1.7984682321548462,5.3125,5.3125,5.0625,5.0625,520000
1987-07-20,1.7984682321548462,5.3125,5.3125,5.25,5.3125,4400
1987-07-21,1.7349927425384521,5.125,5.3125,5.125,5.3125,127200
1987-07-22,1.7349927425384521,5.125,5.1875,5.0,5.125,535600
1987-07-23,1.7349927425384521,5.125,5.1875,5.09375,5.125,205200
1987-07-24,1.777308702468872,5.25,5.25,5.125,5.125,7200
1987-07-27,1.777308702468872,5.25,5.25,5.125,5.25,237600
1987-07-28,1.777308702468872,5.25,5.3125,5.1875,5.25,6800
1987-07-29,1.777308702468872,5.25,5.3125,5.25,5.25,9200
1987-07-30,1.7984682321548462,5.3125,5.3125,5.25,5.25,35200
1987-07-31,1.7984682321548462,5.3125,5.3125,5.25,5.3125,51600
1987-08-03,1.777308702468872,5.25,5.3125,5.25,5.3125,3200
1987-08-04,1.777308702468872,5.25,5.3125,5.1875,5.25,34000
1987-08-05,1.756150245666504,5.1875,5.3125,5.1875,5.25,5200
1987-08-06,1.777308702468872,5.25,5.25,5.1875,5.1875,5600
1987-08-07,1.756150245666504,5.1875,5.25,5.1875,5.25,119200
1987-08-10,1.777308702468872,5.25,5.25,5.1875,5.1875,10000
1987-08-11,1.756150245666504,5.1875,5.25,5.1875,5.25,63600
1987-08-12,1.756150245666504,5.1875,5.25,5.1875,5.1875,10800
1987-08-13,1.777308702468872,5.25,5.25,5.1875,5.1875,320800
1987-08-14,1.756150245666504,5.1875,5.25,5.1875,5.25,13200
1987-08-17,1.777308702468872,5.25,5.25,5.1875,5.1875,2800
1987-08-18,1.777308702468872,5.25,5.3125,5.1875,5.25,17200
1987-08-19,1.7984682321548462,5.3125,5.3125,5.1875,5.25,42400
1987-08-20,1.756150245666504,5.1875,5.3125,5.1875,5.3125,5600
1987-08-21,1.777308702468872,5.25,5.3125,5.1875,5.1875,123200
1987-08-24,1.777308702468872,5.25,5.375,5.25,5.25,31200
1987-08-25,1.7984682321548462,5.3125,5.375,5.25,5.25,42800
1987-08-26,1.7878886461257935,5.28125,5.28125,5.25,5.28125,20000
1987-08-27,1.777308702468872,5.25,5.375,5.25,5.28125,197600
1987-08-28,1.777308702468872,5.25,5.375,5.1875,5.25,240000
1987-08-31,1.8090463876724243,5.34375,5.375,5.25,5.25,22800
1987-09-01,1.777308702468872,5.25,5.375,5.25,5.34375,16400
1987-09-02,1.777308702468872,5.25,5.25,5.25,5.25,26400
1987-09-03,1.777308702468872,5.25,5.375,5.25,5.25,12000
1987-09-04,1.756150245666504,5.1875,5.3125,5.1875,5.25,22800
1987-09-08,1.756150245666504,5.1875,5.1875,5.1875,5.1875,40000
1987-09-09,1.7984682321548462,5.3125,5.3125,5.1875,5.1875,7200
1987-09-10,1.756150245666504,5.1875,5.3125,5.1875,5.3125,4400
1987-09-11,1.7984682321548462,5.3125,5.3125,5.1875,5.1875,11600
1987-09-14,1.7984682321548462,5.3125,5.3125,5.1875,5.3125,10800
1987-09-15,1.756150245666504,5.1875,5.1875,5.1875,5.1875,10000
1987-09-16,1.756150245666504,5.1875,5.1875,5.1875,5.1875,20400
1987-09-17,1.7984682321548462,5.3125,5.3125,5.1875,5.1875,10400
1987-09-18,1.756150245666504,5.1875,5.1875,5.1875,5.1875,8000
1987-09-21,1.777308702468872,5.25,5.3125,5.125,5.1875,11600
1987-09-22,1.7984682321548462,5.3125,5.3125,5.25,5.25,23200
1987-09-23,1.7349927425384521,5.125,5.3125,5.125,5.3125,8800
1987-09-24,1.7349927425384521,5.125,5.15625,5.125,5.125,118000
1987-09-25,1.7349927425384521,5.125,5.125,5.125,5.125,0
1987-09-28,1.777308702468872,5.25,5.25,5.125,5.125,9200
1987-09-29,1.7349927425384521,5.125,5.25,5.125,5.25,43200
1987-09-30,1.777308702468872,5.25,5.25,5.125,5.125,16000
1987-10-01,1.7349927425384521,5.125,5.25,5.125,5.25,3200
1987-10-02,1.7349927425384521,5.125,5.25,5.125,5.125,33600
1987-10-05,1.7138339281082153,5.0625,5.125,5.0,5.125,906400
1987-10-06,1.7138339281082153,5.0625,5.0625,5.0,5.0625,27600
1987-10-07,1.6715168952941895,4.9375,5.0,4.9375,5.0,326800
1987-10-08,1.6609371900558472,4.90625,4.9375,4.875,4.9375,556000
1987-10-09,1.629199743270874,4.8125,4.9375,4.8125,4.90625,43600
1987-10-12,1.629199743270874,4.8125,4.9375,4.8125,4.8125,49200
1987-10-13,1.6926747560501099,5.0,5.0,4.875,4.875,29200
1987-10-14,1.629199743270874,4.8125,4.8125,4.8125,4.8125,5600
1987-10-15,1.629199743270874,4.8125,4.8125,4.8125,4.8125,2000
1987-10-16,1.6715168952941895,4.9375,5.0,4.875,4.875,108000
1987-10-19,1.5657248497009277,4.625,4.9375,4.625,4.9375,224400
1987-10-20,1.4387742280960083,4.25,4.5625,4.25,4.5625,13200
1987-10-21,1.5022494792938232,4.4375,4.5,4.3125,4.3125,133600
1987-10-22,1.5128284692764282,4.46875,4.5625,4.3125,4.4375,130400
1987-10-23,1.4810901880264282,4.375,4.5,4.375,4.46875,14400
1987-10-26,1.417615532875061,4.1875,4.4375,4.1875,4.375,86000
1987-10-27,1.4387742280960083,4.25,4.4375,4.25,4.25,26400
1987-10-28,1.4387742280960083,4.25,4.25,4.125,4.25,34800
1987-10-29,1.3964569568634033,4.125,4.25,4.125,4.25,291200
1987-10-30,1.4810901880264282,4.375,4.375,4.125,4.125,24400
1987-11-02,1.4810901880264282,4.375,4.375,4.3125,4.375,26400
1987-11-03,1.4599324464797974,4.3125,4.375,4.28125,4.375,66000
1987-11-04,1.417615532875061,4.1875,4.3125,4.1875,4.3125,116800
1987-11-05,1.417615532875061,4.1875,4.1875,4.1875,4.1875,10000
1987-11-06,1.417615532875061,4.1875,4.3125,4.1875,4.1875,15600
1987-11-09,1.4599324464797974,4.3125,4.3125,4.3125,4.3125,400
1987-11-10,1.4387742280960083,4.25,4.25,4.125,4.25,203200
1987-11-11,1.3964569568634033,4.125,4.25,4.125,4.25,8000
1987-11-12,1.4387742280960083,4.25,4.3125,4.21875,4.21875,33200
1987-11-13,1.4599324464797974,4.3125,4.3125,4.28125,4.28125,8800
1987-11-16,1.4705110788345337,4.34375,4.4375,4.25,4.3125,93200
1987-11-17,1.417615532875061,4.1875,4.3125,4.1875,4.3125,98400
1987-11-18,1.4281941652297974,4.21875,4.21875,4.1875,4.1875,9600
1987-11-19,1.3329823017120361,3.9375,4.3125,3.9375,4.21875,64400
1987-11-20,1.3012441396713257,3.84375,3.9375,3.75,3.9375,176000
1987-11-23,1.3329823017120361,3.9375,3.9375,3.84375,3.84375,56000
1987-11-24,1.3752979040145874,4.0625,4.125,4.0,4.0,34000
1987-11-25,1.3541401624679565,4.0,4.125,4.0,4.0625,26800
1987-11-27,1.3541401624679565,4.0,4.125,4.0,4.0,16800
1987-11-30,1.3964569568634033,4.125,4.1875,4.0,4.0,124400
1987-12-01,1.3964569568634033,4.125,4.125,4.03125,4.125,39200
1987-12-02,1.3964569568634033,4.125,4.125,4.09375,4.125,11200
1987-12-03,1.3858774900436401,4.09375,4.125,4.0625,4.125,48000
1987-12-04,1.3858774900436401,4.09375,4.125,4.09375,4.09375,30800
1987-12-07,1.3752979040145874,4.0625,4.0625,4.03125,4.0625,12800
1987-12-08,1.3752979040145874,4.0625,4.09375,4.0625,4.0625,71200
1987-12-09,1.3647187948226929,4.03125,4.09375,4.03125,4.0625,44000
1987-12-10,1.3647187948226929,4.03125,4.03125,4.03125,4.03125,6800
1987-12-11,1.3964569568634033,4.125,4.1875,4.0625,4.0625,83600
1987-12-14,1.3964569568634033,4.125,4.125,4.125,4.125,4800
1987-12-15,1.4281941652297974,4.21875,4.28125,3.96875,4.125,1364000
1987-12-16,1.4281941652297974,4.21875,4.28125,4.15625,4.21875,20000
1987-12-17,1.4281941652297974,4.21875,4.25,4.1875,4.21875,23200
1987-12-18,1.4387742280960083,4.25,4.28125,4.25,4.25,6800
1987-12-21,1.4705110788345337,4.34375,4.375,4.3125,4.3125,54000
1987-12-22,1.4599324464797974,4.3125,4.34375,4.3125,4.34375,24400
1987-12-23,1.4916696548461914,4.40625,4.4375,4.34375,4.34375,29200
1987-12-24,1.4810901880264282,4.375,4.40625,4.375,4.40625,4400
1987-12-28,1.4705110788345337,4.34375,4.375,4.34375,4.375,4400
1987-12-29,1.4705110788345337,4.34375,4.40625,4.34375,4.34375,43600
1987-12-30,1.4705110788345337,4.34375,4.40625,4.34375,4.34375,30400
1987-12-31,1.4705110788345337,4.34375,4.40625,4.3125,4.34375,36800
1988-01-04,1.4810901880264282,4.375,4.40625,4.375,4.375,7600
1988-01-05,1.5022494792938232,4.4375,4.5,4.40625,4.40625,15600
1988-01-06,1.4810901880264282,4.375,4.46875,4.375,4.4375,27200
1988-01-07,1.5022494792938232,4.4375,4.4375,4.375,4.375,26400
1988-01-08,1.4705110788345337,4.34375,4.46875,4.34375,4.4375,32000
1988-01-11,1.4916696548461914,4.40625,4.40625,4.34375,4.34375,8400
1988-01-12,1.4705110788345337,4.34375,4.375,4.34375,4.375,14400
1988-01-13,1.4705110788345337,4.34375,4.34375,4.34375,4.34375,2400
1988-01-14,1.4705110788345337,4.34375,4.34375,4.34375,4.34375,27200
1988-01-15,1.4810901880264282,4.375,4.375,4.3125,4.34375,46000
1988-01-18,1.4810901880264282,4.375,4.4375,4.375,4.375,28000
1988-01-19,1.4810901880264282,4.375,4.375,4.375,4.375,0
1988-01-20,1.4810901880264282,4.375,4.375,4.375,4.375,1600
1988-01-21,1.5022494792938232,4.4375,4.4375,4.34375,4.375,24400
1988-01-22,1.417615532875061,4.1875,4.40625,4.1875,4.40625,34000
1988-01-25,1.3435604572296143,3.96875,4.09375,3.875,4.09375,148400
1988-01-26,1.3118230104446411,3.875,3.9375,3.875,3.9375,82000
1988-01-27,1.3012441396713257,3.84375,3.875,3.84375,3.875,162400
1988-01-28,1.2906640768051147,3.8125,3.875,3.8125,3.84375,41200
1988-01-29,1.3012441396713257,3.84375,3.84375,3.84375,3.84375,7600
1988-02-01,1.258927822113037,3.71875,3.78125,3.71875,3.78125,31600
1988-02-02,1.2695060968399048,3.75,3.75,3.75,3.75,5600
1988-02-03,1.2483482360839844,3.6875,3.75,3.6875,3.75,157200
1988-02-04,1.2377687692642212,3.65625,3.6875,3.65625,3.6875,42800
1988-02-05,1.2377687692642212,3.65625,3.6875,3.625,3.65625,86400
1988-02-08,1.2166101932525635,3.59375,3.65625,3.59375,3.65625,68000
1988-02-09,1.2166101932525635,3.59375,3.59375,3.59375,3.59375,148800
1988-02-10,1.195452094078064,3.53125,3.5625,3.53125,3.5625,175200
1988-02-11,1.1848721504211426,3.5,3.5,3.46875,3.5,10800
1988-02-12,1.2166101932525635,3.59375,3.59375,3.53125,3.53125,25600
1988-02-16,1.2166101932525635,3.59375,3.59375,3.53125,3.59375,6400
1988-02-17,1.1742933988571167,3.46875,3.53125,3.46875,3.53125,22000
1988-02-18,1.206031084060669,3.5625,3.5625,3.5625,3.5625,4800
1988-02-19,1.2271894216537476,3.625,3.625,3.59375,3.59375,32800
1988-02-22,1.206031084060669,3.5625,3.6875,3.5625,3.625,46000
1988-02-23,1.206031084060669,3.5625,3.5625,3.5625,3.5625,800
1988-02-24,1.2483482360839844,3.6875,3.6875,3.625,3.625,14400
1988-02-25,1.2483482360839844,3.6875,3.75,3.65625,3.6875,29200
1988-02-26,1.2377687692642212,3.65625,3.65625,3.65625,3.65625,800
1988-02-29,1.2483482360839844,3.6875,3.6875,3.6875,3.6875,7200
1988-03-01,1.2483482360839844,3.6875,3.6875,3.6875,3.6875,2400
1988-03-02,1.3012441396713257,3.84375,3.84375,3.75,3.75,53600
1988-03-03,1.2906640768051147,3.8125,3.84375,3.78125,3.84375,5200
1988-03-04,1.2483482360839844,3.6875,3.75,3.6875,3.75,41600
1988-03-07,1.2271894216537476,3.625,3.6875,3.625,3.6875,18000
1988-03-08,1.2271894216537476,3.625,3.65625,3.625,3.625,2800
1988-03-09,1.2271894216537476,3.625,3.6875,3.625,3.625,9600
1988-03-10,1.2483482360839844,3.6875,3.6875,3.625,3.625,4400
1988-03-11,1.2377687692642212,3.65625,3.6875,3.625,3.6875,17600
1988-03-14,1.2377687692642212,3.65625,3.71875,3.65625,3.65625,12400
1988-03-15,1.2271894216537476,3.625,3.625,3.625,3.625,400
1988-03-16,1.2377687692642212,3.65625,3.65625,3.59375,3.625,11600
1988-03-17,1.2483482360839844,3.6875,3.6875,3.625,3.65625,6400
1988-03-18,1.2695060968399048,3.75,3.75,3.6875,3.6875,23600
1988-03-21,1.2695060968399048,3.75,3.75,3.75,3.75,7600
1988-03-22,1.2483482360839844,3.6875,3.6875,3.6875,3.6875,2800
1988-03-23,1.2800850868225098,3.78125,3.8125,3.75,3.75,10000
1988-03-24,1.2906640768051147,3.8125,3.8125,3.78125,3.78125,6800
1988-03-25,1.3012441396713257,3.84375,3.84375,3.78125,3.8125,10000
1988-03-28,1.2695060968399048,3.75,3.84375,3.75,3.84375,48400
1988-03-29,1.258927822113037,3.71875,3.75,3.6875,3.75,36400
1988-03-30,1.2483482360839844,3.6875,3.6875,3.6875,3.6875,1200
1988-03-31,1.2271894216537476,3.625,3.6875,3.625,3.6875,82400
1988-04-04,1.206031084060669,3.5625,3.5625,3.5625,3.5625,8000
1988-04-05,1.206031084060669,3.5625,3.5625,3.5625,3.5625,0
1988-04-06,1.2166101932525635,3.59375,3.65625,3.5625,3.5625,14800
1988-04-07,1.2166101932525635,3.59375,3.6875,3.59375,3.59375,21600
1988-04-08,1.2483482360839844,3.6875,3.6875,3.65625,3.65625,6400
1988-04-11,1.258927822113037,3.71875,3.71875,3.6875,3.6875,8800
1988-04-12,1.2695060968399048,3.75,3.75,3.75,3.75,200000
1988-04-13,1.2271894216537476,3.625,3.6875,3.625,3.6875,50800
1988-04-14,1.2166101932525635,3.59375,3.59375,3.59375,3.59375,21600
1988-04-15,1.206031084060669,3.5625,3.625,3.5625,3.59375,4400
1988-04-18,1.206031084060669,3.5625,3.5625,3.5625,3.5625,0
1988-04-19,1.2800850868225098,3.78125,3.78125,3.59375,3.59375,226000
1988-04-20,1.258927822113037,3.71875,3.75,3.6875,3.75,7200
1988-04-21,1.2695060968399048,3.75,3.75,3.71875,3.71875,9200
1988-04-22,1.2695060968399048,3.75,3.75,3.71875,3.75,49600
1988-04-25,1.2695060968399048,3.75,3.75,3.75,3.75,135600
1988-04-26,1.2800850868225098,3.78125,3.78125,3.71875,3.75,6000
1988-04-27,1.2695060968399048,3.75,3.8125,3.75,3.78125,16000
1988-04-28,1.2695060968399048,3.75,3.75,3.75,3.75,400
1988-04-29,1.2695060968399048,3.75,3.75,3.75,3.75,20400
1988-05-02,1.2906640768051147,3.8125,3.875,3.8125,3.8125,24800
1988-05-03,1.3012441396713257,3.84375,3.875,3.84375,3.84375,79600
1988-05-04,1.3012441396713257,3.84375,3.84375,3.8125,3.84375,12400
1988-05-05,1.3012441396713257,3.84375,3.84375,3.84375,3.84375,37200
1988-05-06,1.3118230104446411,3.875,3.875,3.875,3.875,1600
1988-05-09,1.3118230104446411,3.875,3.875,3.875,3.875,0
1988-05-10,1.3435604572296143,3.96875,3.96875,3.9375,3.9375,5600
1988-05-11,1.3647187948226929,4.03125,4.03125,3.96875,3.96875,7600
1988-05-12,1.3858774900436401,4.09375,4.125,4.0625,4.0625,12000
1988-05-13,1.417615532875061,4.1875,4.1875,4.15625,4.15625,6000
1988-05-16,1.4281941652297974,4.21875,4.21875,4.21875,4.21875,1600
1988-05-17,1.417615532875061,4.1875,4.21875,4.1875,4.21875,18400
1988-05-18,1.3964569568634033,4.125,4.21875,4.125,4.1875,79600
1988-05-19,1.3858774900436401,4.09375,4.125,4.03125,4.125,163200
1988-05-20,1.3541401624679565,4.0,4.0625,4.0,4.0625,21200
1988-05-23,1.3224024772644043,3.90625,4.0,3.875,4.0,24400
1988-05-24,1.3224024772644043,3.90625,3.90625,3.90625,3.90625,10400
1988-05-25,1.3118230104446411,3.875,3.90625,3.875,3.90625,71600
1988-05-26,1.3541401624679565,4.0,4.0,3.9375,3.9375,15200
1988-05-27,1.3541401624679565,4.0,4.0,4.0,4.0,0
1988-05-31,1.417615532875061,4.1875,4.1875,4.03125,4.03125,151600
1988-06-01,1.4281941652297974,4.21875,4.21875,4.15625,4.1875,17600
1988-06-02,1.4281941652297974,4.21875,4.25,4.21875,4.21875,8800
1988-06-03,1.4281941652297974,4.21875,4.21875,4.21875,4.21875,1200
1988-06-06,1.4281941652297974,4.21875,4.21875,4.21875,4.21875,0
1988-06-07,1.4281941652297974,4.21875,4.21875,4.21875,4.21875,0
1988-06-08,1.4387742280960083,4.25,4.25,4.1875,4.21875,6000
1988-06-09,1.449352741241455,4.28125,4.28125,4.25,4.25,5600
1988-06-10,1.4705110788345337,4.34375,4.34375,4.34375,4.34375,4000
1988-06-13,1.5022494792938232,4.4375,4.4375,4.28125,4.34375,68000
1988-06-14,1.4705110788345337,4.34375,4.375,4.34375,4.375,59600
1988-06-15,1.4916696548461914,4.40625,4.40625,4.375,4.375,28000
1988-06-16,1.4810901880264282,4.375,4.375,4.375,4.375,8000
1988-06-17,1.4916696548461914,4.40625,4.40625,4.375,4.375,36400
1988-06-20,1.4810901880264282,4.375,4.375,4.375,4.375,8000
1988-06-21,1.5022494792938232,4.4375,4.4375,4.40625,4.40625,6000
1988-06-22,1.5234074592590332,4.5,4.5,4.4375,4.4375,13200
1988-06-23,1.5234074592590332,4.5,4.5,4.4375,4.5,28800
1988-06-24,1.5128284692764282,4.46875,4.46875,4.4375,4.46875,1200
1988-06-27,1.5128284692764282,4.46875,4.46875,4.46875,4.46875,0
1988-06-28,1.5128284692764282,4.46875,4.5,4.46875,4.46875,31600
1988-06-29,1.5022494792938232,4.4375,4.4375,4.4375,4.4375,1600
1988-06-30,1.5551445484161377,4.59375,4.59375,4.4375,4.4375,13600
1988-07-01,1.5763033628463745,4.65625,4.65625,4.625,4.625,7600
1988-07-05,1.5868834257125854,4.6875,4.6875,4.625,4.65625,13600
1988-07-06,1.5974633693695068,4.71875,4.71875,4.65625,4.6875,6400
1988-07-07,1.5657248497009277,4.625,4.65625,4.625,4.65625,47600
1988-07-08,1.5657248497009277,4.625,4.6875,4.625,4.625,4000
1988-07-11,1.5657248497009277,4.625,4.625,4.625,4.625,2800
1988-07-12,1.5657248497009277,4.625,4.625,4.625,4.625,6000
1988-07-13,1.5657248497009277,4.625,4.625,4.625,4.625,9600
1988-07-14,1.5551445484161377,4.59375,4.625,4.59375,4.625,20000
1988-07-15,1.5763033628463745,4.65625,4.65625,4.65625,4.65625,2000
1988-07-18,1.5763033628463745,4.65625,4.65625,4.65625,4.65625,3600
1988-07-19,1.5763033628463745,4.65625,4.65625,4.65625,4.65625,6800
1988-07-20,1.4916696548461914,4.40625,4.59375,4.375,4.59375,394000
1988-07-21,1.4599324464797974,4.3125,4.375,4.3125,4.375,20800
1988-07-22,1.449352741241455,4.28125,4.28125,4.28125,4.28125,93600
1988-07-25,1.4599324464797974,4.3125,4.375,4.3125,4.3125,33200
1988-07-26,1.4599324464797974,4.3125,4.3125,4.3125,4.3125,0
1988-07-27,1.4599324464797974,4.3125,4.3125,4.3125,4.3125,18400
1988-07-28,1.4599324464797974,4.3125,4.375,4.3125,4.3125,18000
1988-07-29,1.4599324464797974,4.3125,4.375,4.3125,4.3125,24400
1988-08-01,1.4916696548461914,4.40625,4.40625,4.3125,4.3125,20000
1988-08-02,1.5022494792938232,4.4375,4.5,4.375,4.40625,66400
1988-08-03,1.5022494792938232,4.4375,4.4375,4.4375,4.4375,0
1988-08-04,1.5234074592590332,4.5,4.5,4.46875,4.46875,31600
1988-08-05,1.5234074592590332,4.5,4.5,4.5,4.5,0
1988-08-08,1.5234074592590332,4.5,4.5,4.5,4.5,0
1988-08-09,1.5022494792938232,4.4375,4.5,4.4375,4.5,17200
1988-08-10,1.5022494792938232,4.4375,4.4375,4.4375,4.4375,5600
1988-08-11,1.5022494792938232,4.4375,4.4375,4.40625,4.4375,8000
1988-08-12,1.5234074592590332,4.5,4.53125,4.4375,4.4375,33200
1988-08-15,1.5022494792938232,4.4375,4.46875,4.40625,4.46875,37200
1988-08-16,1.5128284692764282,4.46875,4.46875,4.46875,4.46875,1600
1988-08-17,1.5022494792938232,4.4375,4.4375,4.40625,4.4375,64000
1988-08-18,1.5022494792938232,4.4375,4.4375,4.4375,4.4375,2000
1988-08-19,1.5022494792938232,4.4375,4.4375,4.4375,4.4375,10800
1988-08-22,1.4705110788345337,4.34375,4.40625,4.34375,4.40625,20400
1988-08-23,1.4810901880264282,4.375,4.375,4.375,4.375,400
1988-08-24,1.5022494792938232,4.4375,4.4375,4.375,4.375,46000
1988-08-25,1.4916696548461914,4.40625,4.40625,4.375,4.40625,20800
1988-08-26,1.5022494792938232,4.4375,4.4375,4.4375,4.4375,80000
1988-08-29,1.4916696548461914,4.40625,4.40625,4.40625,4.40625,2000
1988-08-30,1.4916696548461914,4.40625,4.4375,4.40625,4.40625,13200
1988-08-31,1.4705110788345337,4.34375,4.34375,4.34375,4.34375,6000
1988-09-01,1.4705110788345337,4.34375,4.34375,4.34375,4.34375,9600
1988-09-02,1.4599324464797974,4.3125,4.3125,4.3125,4.3125,5600
1988-09-06,1.4705110788345337,4.34375,4.34375,4.34375,4.34375,94000
1988-09-07,1.4705110788345337,4.34375,4.34375,4.34375,4.34375,3200
1988-09-08,1.449352741241455,4.28125,4.34375,4.28125,4.34375,24000
1988-09-09,1.449352741241455,4.28125,4.28125,4.28125,4.28125,96800
1988-09-12,1.449352741241455,4.28125,4.28125,4.28125,4.28125,1200
1988-09-13,1.4599324464797974,4.3125,4.3125,4.21875,4.28125,28800
1988-09-14,1.449352741241455,4.28125,4.28125,4.28125,4.28125,7600
1988-09-15,1.417615532875061,4.1875,4.3125,4.1875,4.28125,42800
1988-09-16,1.4281941652297974,4.21875,4.25,4.21875,4.21875,6000
1988-09-19,1.4281941652297974,4.21875,4.21875,4.1875,4.21875,5200
1988-09-20,1.4281941652297974,4.21875,4.21875,4.21875,4.21875,0
1988-09-21,1.4387742280960083,4.25,4.25,4.15625,4.21875,20800
1988-09-22,1.4387742280960083,4.25,4.25,4.25,4.25,2000
1988-09-23,1.449352741241455,4.28125,4.3125,4.28125,4.28125,15200
1988-09-26,1.4599324464797974,4.3125,4.3125,4.3125,4.3125,400
1988-09-27,1.4599324464797974,4.3125,4.3125,4.3125,4.3125,800
1988-09-28,1.4387742280960083,4.25,4.25,4.25,4.25,2400
1988-09-29,1.4387742280960083,4.25,4.25,4.25,4.25,0
1988-09-30,1.4599324464797974,4.3125,4.3125,4.25,4.25,82800
1988-10-03,1.4599324464797974,4.3125,4.3125,4.3125,4.3125,0
1988-10-04,1.449352741241455,4.28125,4.28125,4.28125,4.28125,400
1988-10-05,1.4810901880264282,4.375,4.375,4.34375,4.34375,4400
1988-10-06,1.4916696548461914,4.40625,4.40625,4.34375,4.375,21200
1988-10-07,1.4810901880264282,4.375,4.375,4.3125,4.375,26000
1988-10-10,1.4599324464797974,4.3125,4.375,4.3125,4.375,6400
1988-10-11,1.449352741241455,4.28125,4.28125,4.28125,4.28125,14800
1988-10-12,1.4387742280960083,4.25,4.28125,4.21875,4.28125,15200
1988-10-13,1.4387742280960083,4.25,4.25,4.21875,4.25,65200
1988-10-14,1.4281941652297974,4.21875,4.21875,4.21875,4.21875,800
1988-10-17,1.417615532875061,4.1875,4.21875,4.125,4.21875,109600
1988-10-18,1.3964569568634033,4.125,4.125,4.125,4.125,52000
1988-10-19,1.417615532875061,4.1875,4.1875,4.1875,4.1875,104400
1988-10-20,1.417615532875061,4.1875,4.1875,4.15625,4.1875,68400
1988-10-21,1.4281941652297974,4.21875,4.21875,4.15625,4.1875,12800
1988-10-24,1.4281941652297974,4.21875,4.21875,4.21875,4.21875,8000
1988-10-25,1.417615532875061,4.1875,4.1875,4.1875,4.1875,800
1988-10-26,1.417615532875061,4.1875,4.1875,4.1875,4.1875,0
1988-10-27,1.4387742280960083,4.25,4.25,4.21875,4.21875,475600
1988-10-28,1.4387742280960083,4.25,4.25,4.25,4.25,4400
1988-10-31,1.4387742280960083,4.25,4.3125,4.21875,4.25,78400
1988-11-01,1.4810901880264282,4.375,4.375,4.3125,4.3125,16400
1988-11-02,1.4705110788345337,4.34375,4.34375,4.34375,4.34375,3600
1988-11-03,1.4916696548461914,4.40625,4.40625,4.3125,4.34375,18800
1988-11-04,1.4810901880264282,4.375,4.4375,4.375,4.40625,108400
1988-11-07,1.5022494792938232,4.4375,4.4375,4.375,4.375,21600
1988-11-08,1.5234074592590332,4.5,4.5,4.46875,4.46875,167200
1988-11-09,1.5657248497009277,4.625,4.78125,4.5625,4.5625,742400
1988-11-10,1.5657248497009277,4.625,4.65625,4.59375,4.625,96400
1988-11-11,1.54456627368927,4.5625,4.59375,4.5625,4.59375,168800
1988-11-14,1.5339857339859009,4.53125,4.53125,4.53125,4.53125,82400
1988-11-15,1.5128284692764282,4.46875,4.5,4.46875,4.5,343600
1988-11-16,1.5234074592590332,4.5,4.5,4.5,4.5,800
1988-11-17,1.5022494792938232,4.4375,4.4375,4.4375,4.4375,8000
1988-11-18,1.5022494792938232,4.4375,4.4375,4.40625,4.4375,46000
1988-11-21,1.5234074592590332,4.5,4.5,4.46875,4.46875,27200
1988-11-22,1.5128284692764282,4.46875,4.46875,4.46875,4.46875,58800
1988-11-23,1.5128284692764282,4.46875,4.46875,4.46875,4.46875,7600
1988-11-25,1.5128284692764282,4.46875,4.46875,4.46875,4.46875,1200
1988-11-28,1.5128284692764282,4.46875,4.5,4.46875,4.46875,36800
1988-11-29,1.4916696548461914,4.40625,4.46875,4.40625,4.46875,42000
1988-11-30,1.4916696548461914,4.40625,4.40625,4.40625,4.40625,66400
1988-12-01,1.5128284692764282,4.46875,4.46875,4.4375,4.4375,77600
1988-12-02,1.5022494792938232,4.4375,4.4375,4.4375,4.4375,4800
1988-12-05,1.4810901880264282,4.375,4.4375,4.375,4.4375,16400
1988-12-06,1.4810901880264282,4.375,4.375,4.375,4.375,4000
1988-12-07,1.4810901880264282,4.375,4.375,4.375,4.375,0
1988-12-08,1.4705110788345337,4.34375,4.40625,4.34375,4.375,22400
1988-12-09,1.4705110788345337,4.34375,4.375,4.34375,4.34375,26400
1988-12-12,1.4599324464797974,4.3125,4.375,4.3125,4.34375,8400
1988-12-13,1.4599324464797974,4.3125,4.3125,4.3125,4.3125,0
1988-12-14,1.4387742280960083,4.25,4.3125,4.25,4.3125,22000
1988-12-15,1.4070355892181396,4.15625,4.21875,4.15625,4.21875,70800
1988-12-16,1.4070355892181396,4.15625,4.15625,4.125,4.125,159200
1988-12-19,1.3858774900436401,4.09375,4.125,4.09375,4.125,78400
1988-12-20,1.3752979040145874,4.0625,4.125,4.0625,4.125,69200
1988-12-21,1.3541401624679565,4.0,4.03125,4.0,4.03125,30800
1988-12-22,1.3541401624679565,4.0,4.0,3.96875,3.96875,22000
1988-12-23,1.3643726110458374,4.0,4.03125,3.96875,3.96875,91200
1988-12-27,1.385690689086914,4.0625,4.0625,4.0,4.0,4400
1988-12-28,1.375031590461731,4.03125,4.0625,4.0,4.03125,14000
1988-12-29,1.385690689086914,4.0625,4.0625,4.0,4.0,24800
1988-12-30,1.4283277988433838,4.1875,4.1875,4.03125,4.0625,99200
1989-01-03,1.4496464729309082,4.25,4.25,4.1875,4.1875,36400
1989-01-04,1.4389870166778564,4.21875,4.25,4.1875,4.1875,10000
1989-01-05,1.4070099592208862,4.125,4.1875,4.125,4.1875,14800
1989-01-06,1.4070099592208862,4.125,4.125,4.09375,4.125,14000
1989-01-09,1.3963496685028076,4.09375,4.1875,4.09375,4.15625,13200
1989-01-10,1.385690689086914,4.0625,4.125,4.0625,4.09375,22800
1989-01-11,1.385690689086914,4.0625,4.0625,4.0625,4.0625,12000
1989-01-12,1.385690689086914,4.0625,4.125,4.0625,4.125,12400
1989-01-13,1.385690689086914,4.0625,4.09375,4.0625,4.0625,87200
1989-01-16,1.3963496685028076,4.09375,4.09375,4.03125,4.0625,29200
1989-01-17,1.385690689086914,4.0625,4.125,4.0625,4.0625,10800
1989-01-18,1.385690689086914,4.0625,4.125,4.0625,4.125,12800
1989-01-19,1.385690689086914,4.0625,4.0625,4.03125,4.03125,26400
1989-01-20,1.385690689086914,4.0625,4.09375,4.0625,4.0625,8000
1989-01-23,1.4070099592208862,4.125,4.125,4.0625,4.0625,12400
1989-01-24,1.4496464729309082,4.25,4.25,4.09375,4.09375,228000
1989-01-25,1.4496464729309082,4.25,4.25,4.25,4.25,94400
1989-01-26,1.4709644317626953,4.3125,4.3125,4.25,4.25,14000
1989-01-27,1.4603055715560913,4.28125,4.3125,4.28125,4.3125,18400
1989-01-30,1.4709644317626953,4.3125,4.34375,4.3125,4.3125,12800
1989-01-31,1.5029425621032715,4.40625,4.40625,4.3125,4.3125,22400
1989-02-01,1.4816237688064575,4.34375,4.375,4.3125,4.34375,39600
1989-02-02,1.4709644317626953,4.3125,4.3125,4.3125,4.3125,9200
1989-02-03,1.4709644317626953,4.3125,4.3125,4.3125,4.3125,18800
1989-02-06,1.4603055715560913,4.28125,4.3125,4.28125,4.3125,70800
1989-02-07,1.4922819137573242,4.375,4.375,4.3125,4.34375,62000
1989-02-08,1.5136009454727173,4.4375,4.4375,4.40625,4.40625,12000
1989-02-09,1.5349195003509521,4.5,4.5,4.375,4.375,128000
1989-02-10,1.5029425621032715,4.40625,4.46875,4.40625,4.46875,88400
1989-02-13,1.5029425621032715,4.40625,4.4375,4.40625,4.40625,36000
1989-02-14,1.5136009454727173,4.4375,4.4375,4.4375,4.4375,8000
1989-02-15,1.5136009454727173,4.4375,4.4375,4.4375,4.4375,2000
1989-02-16,1.5455788373947144,4.53125,4.53125,4.46875,4.46875,96400
1989-02-17,1.5349195003509521,4.5,4.5,4.5,4.5,10400
1989-02-21,1.5349195003509521,4.5,4.5,4.5,4.5,6000
1989-02-22,1.5349195003509521,4.5,4.53125,4.5,4.5,120800
1989-02-23,1.5562375783920288,4.5625,4.5625,4.5,4.5,15200
1989-02-24,1.5562375783920288,4.5625,4.5625,4.5625,4.5625,12000
1989-02-27,1.5349195003509521,4.5,4.5,4.5,4.5,43600
1989-02-28,1.5562375783920288,4.5625,4.5625,4.5,4.5,25200
1989-03-01,1.5562375783920288,4.5625,4.5625,4.5,4.5625,46000
1989-03-02,1.5455788373947144,4.53125,4.5625,4.53125,4.5625,40400
1989-03-03,1.5349195003509521,4.5,4.53125,4.5,4.53125,80800
1989-03-06,1.5562375783920288,4.5625,4.5625,4.5,4.5,137200
1989-03-07,1.5562375783920288,4.5625,4.5625,4.5625,4.5625,400
1989-03-08,1.5562375783920288,4.5625,4.5625,4.5625,4.5625,8400
1989-03-09,1.5562375783920288,4.5625,4.5625,4.5625,4.5625,40000
1989-03-10,1.5668970346450806,4.59375,4.59375,4.59375,4.59375,800
1989-03-13,1.5668970346450806,4.59375,4.625,4.5625,4.5625,8400
1989-03-14,1.5562375783920288,4.5625,4.59375,4.5625,4.59375,5200
1989-03-15,1.5562375783920288,4.5625,4.5625,4.5625,4.5625,12000
1989-03-16,1.5668970346450806,4.59375,4.59375,4.5625,4.5625,38800
1989-03-17,1.5562375783920288,4.5625,4.5625,4.5625,4.5625,1200
1989-03-20,1.5455788373947144,4.53125,4.53125,4.53125,4.53125,2000
1989-03-21,1.5562375783920288,4.5625,4.5625,4.53125,4.53125,42000
1989-03-22,1.5349195003509521,4.5,4.53125,4.5,4.53125,96400
1989-03-23,1.5349195003509521,4.5,4.5,4.5,4.5,6000
1989-03-27,1.5460858345031738,4.5,4.5,4.4375,4.4375,81200
1989-03-28,1.5353480577468872,4.46875,4.5,4.46875,4.46875,11200
1989-03-29,1.5460858345031738,4.5,4.5,4.5,4.5,10400
1989-03-30,1.5138758420944214,4.40625,4.4375,4.40625,4.4375,7200
1989-03-31,1.5353480577468872,4.46875,4.46875,4.40625,4.40625,12400
1989-04-03,1.556822419166565,4.53125,4.53125,4.4375,4.4375,112800
1989-04-04,1.5460858345031738,4.5,4.5,4.5,4.5,66800
1989-04-05,1.5460858345031738,4.5,4.5,4.5,4.5,8000
1989-04-06,1.5353480577468872,4.46875,4.5,4.46875,4.46875,14000
1989-04-07,1.5675588846206665,4.5625,4.5625,4.46875,4.5,78800
1989-04-10,1.5997698307037354,4.65625,4.65625,4.5625,4.59375,152800
1989-04-11,1.5890322923660278,4.625,4.625,4.625,4.625,18800
1989-04-12,1.5890322923660278,4.625,4.65625,4.625,4.65625,17200
1989-04-13,1.5890322923660278,4.625,4.65625,4.625,4.65625,81200
1989-04-14,1.610505223274231,4.6875,4.6875,4.625,4.625,50400
1989-04-17,1.6212433576583862,4.71875,4.71875,4.65625,4.65625,93600
1989-04-18,1.6212433576583862,4.71875,4.71875,4.6875,4.6875,6400
1989-04-19,1.642716646194458,4.78125,4.8125,4.75,4.75,44000
1989-04-20,1.6749259233474731,4.875,4.875,4.71875,4.71875,109600
1989-04-21,1.6749259233474731,4.875,4.875,4.875,4.875,14000
1989-04-24,1.6964002847671509,4.9375,4.9375,4.875,4.875,92800
1989-04-25,1.6749259233474731,4.875,4.875,4.875,4.875,2000
1989-04-26,1.7071363925933838,4.96875,4.96875,4.9375,4.9375,8000
1989-04-27,1.7071363925933838,4.96875,4.96875,4.9375,4.96875,18000
1989-04-28,1.6856625080108643,4.90625,4.90625,4.90625,4.90625,2400
1989-05-01,1.6749259233474731,4.875,4.875,4.875,4.875,8000
1989-05-02,1.6641889810562134,4.84375,4.875,4.84375,4.875,105600
1989-05-03,1.6534528732299805,4.8125,4.84375,4.8125,4.84375,22000
1989-05-04,1.6641889810562134,4.84375,4.84375,4.84375,4.84375,40000
1989-05-05,1.6319804191589355,4.75,4.84375,4.75,4.84375,84000
1989-05-08,1.6319804191589355,4.75,4.75,4.75,4.75,8400
1989-05-09,1.642716646194458,4.78125,4.8125,4.75,4.75,12400
1989-05-10,1.6534528732299805,4.8125,4.8125,4.75,4.75,91200
1989-05-11,1.642716646194458,4.78125,4.8125,4.78125,4.8125,41200
1989-05-12,1.6534528732299805,4.8125,4.84375,4.78125,4.78125,84800
1989-05-15,1.6641889810562134,4.84375,4.84375,4.75,4.75,88000
1989-05-16,1.6641889810562134,4.84375,4.84375,4.84375,4.84375,0
1989-05-17,1.6856625080108643,4.90625,4.90625,4.875,4.875,36400
1989-05-18,1.6856625080108643,4.90625,4.90625,4.90625,4.90625,800
1989-05-19,1.6749259233474731,4.875,4.90625,4.84375,4.90625,10400
1989-05-22,1.6641889810562134,4.84375,4.90625,4.84375,4.90625,19600
1989-05-23,1.6641889810562134,4.84375,4.84375,4.84375,4.84375,0
1989-05-24,1.6964002847671509,4.9375,4.96875,4.875,4.875,24400
1989-05-25,1.6856625080108643,4.90625,4.90625,4.90625,4.90625,6400
1989-05-26,1.6749259233474731,4.875,4.90625,4.875,4.90625,7200
1989-05-30,1.6641889810562134,4.84375,4.84375,4.84375,4.84375,4400
1989-05-31,1.6856625080108643,4.90625,4.90625,4.84375,4.84375,3200
1989-06-01,1.6964002847671509,4.9375,4.9375,4.9375,4.9375,3200
1989-06-02,1.6856625080108643,4.90625,4.90625,4.90625,4.90625,800
1989-06-05,1.6856625080108643,4.90625,4.9375,4.90625,4.9375,110800
1989-06-06,1.7071363925933838,4.96875,4.96875,4.90625,4.90625,20000
1989-06-07,1.6856625080108643,4.90625,4.9375,4.875,4.90625,222400
1989-06-08,1.6749259233474731,4.875,4.9375,4.875,4.875,10400
1989-06-09,1.6856625080108643,4.90625,4.90625,4.90625,4.90625,1200
1989-06-12,1.6856625080108643,4.90625,4.96875,4.875,4.875,88000
1989-06-13,1.7071363925933838,4.96875,4.96875,4.96875,4.96875,8800
1989-06-14,1.717873215675354,5.0,5.0,4.90625,4.96875,58000
1989-06-15,1.7071363925933838,4.96875,5.0,4.90625,5.0,43200
1989-06-16,1.6856625080108643,4.90625,4.90625,4.90625,4.90625,120000
1989-06-19,1.7071363925933838,4.96875,5.0,4.9375,4.9375,28400
1989-06-20,1.7286101579666138,5.03125,5.03125,5.0,5.03125,14400
1989-06-21,1.7286101579666138,5.03125,5.03125,5.03125,5.03125,0
1989-06-22,1.7286101579666138,5.03125,5.03125,4.96875,5.0,12800
1989-06-23,1.7393463850021362,5.0625,5.0625,5.0625,5.0625,4400
1989-06-26,1.7073602676391602,4.9375,4.9375,4.9375,4.9375,2000
1989-06-27,1.7289721965789795,5.0,5.0,5.0,5.0,8000
1989-06-28,1.7397795915603638,5.03125,5.03125,5.03125,5.03125,400
1989-06-29,1.7289721965789795,5.0,5.0625,5.0,5.0,30400
1989-06-30,1.7289721965789795,5.0,5.0,4.96875,4.96875,4800
1989-07-03,1.7505844831466675,5.0625,5.0625,4.96875,4.96875,7600
1989-07-05,1.7613905668258667,5.09375,5.09375,5.03125,5.03125,4400
1989-07-06,1.7289721965789795,5.0,5.09375,5.0,5.03125,89600
1989-07-07,1.7397795915603638,5.03125,5.03125,5.0,5.0,1600
1989-07-10,1.7397795915603638,5.03125,5.03125,5.03125,5.03125,400
1989-07-11,1.7289721965789795,5.0,5.03125,5.0,5.03125,72400
1989-07-12,1.7397795915603638,5.03125,5.03125,5.0,5.0,22400
1989-07-13,1.7289721965789795,5.0,5.0,5.0,5.0,1200
1989-07-14,1.7289721965789795,5.0,5.0,5.0,5.0,0
1989-07-17,1.7721965312957764,5.125,5.125,4.96875,4.96875,33600
1989-07-18,1.7613905668258667,5.09375,5.09375,5.0,5.09375,129200
1989-07-19,1.7613905668258667,5.09375,5.09375,5.09375,5.09375,14800
1989-07-20,1.7721965312957764,5.125,5.125,5.09375,5.09375,111200
1989-07-21,1.7830032110214233,5.15625,5.15625,5.125,5.125,3600
1989-07-24,1.7830032110214233,5.15625,5.1875,5.15625,5.15625,12800
1989-07-25,1.8262271881103516,5.28125,5.28125,5.21875,5.21875,6400
1989-07-26,1.8802573680877686,5.4375,5.4375,5.3125,5.3125,29200
1989-07-27,1.9450942277908325,5.625,5.625,5.5,5.5,25600
1989-07-28,1.988317847251892,5.75,5.75,5.6875,5.6875,16000
1989-07-31,1.988317847251892,5.75,5.75,5.71875,5.71875,6000
1989-08-01,2.031543254852295,5.875,5.875,5.8125,5.8125,22000
1989-08-02,2.053154230117798,5.9375,5.9375,5.90625,5.90625,80800
1989-08-03,2.139604330062866,6.1875,6.1875,5.9375,5.9375,91200
1989-08-04,2.0963780879974365,6.0625,6.125,5.9375,6.125,60400
1989-08-07,2.0855729579925537,6.03125,6.03125,6.03125,6.03125,1200
1989-08-08,2.0855729579925537,6.03125,6.03125,6.03125,6.03125,19200
1989-08-09,2.0855729579925537,6.03125,6.03125,5.96875,6.0,22400
1989-08-10,2.063959836959839,5.96875,6.0,5.96875,6.0,54800
1989-08-11,2.0099313259124756,5.8125,5.9375,5.8125,5.9375,67600
1989-08-14,1.999125361442566,5.78125,5.8125,5.78125,5.8125,67200
1989-08-15,1.988317847251892,5.75,5.78125,5.75,5.78125,16400
1989-08-16,1.988317847251892,5.75,5.75,5.75,5.75,4000
1989-08-17,1.988317847251892,5.75,5.75,5.75,5.75,3600
1989-08-18,2.0099313259124756,5.8125,5.8125,5.75,5.75,44800
1989-08-21,1.999125361442566,5.78125,5.78125,5.75,5.78125,1600
1989-08-22,1.999125361442566,5.78125,5.78125,5.75,5.75,4400
1989-08-23,1.9775123596191406,5.71875,5.71875,5.71875,5.71875,22000
1989-08-24,1.9775123596191406,5.71875,5.71875,5.71875,5.71875,2800
1989-08-25,1.988317847251892,5.75,5.75,5.75,5.75,104400
1989-08-28,1.9775123596191406,5.71875,5.71875,5.71875,5.71875,1600
1989-08-29,1.966705560684204,5.6875,5.6875,5.6875,5.6875,42000
1989-08-30,1.9342880249023438,5.59375,5.65625,5.59375,5.65625,14000
1989-08-31,1.9342880249023438,5.59375,5.59375,5.59375,5.59375,10000
1989-09-01,1.9234830141067505,5.5625,5.59375,5.5625,5.5625,14800
1989-09-05,1.8802573680877686,5.4375,5.5625,5.4375,5.5625,15200
1989-09-06,1.8586463928222656,5.375,5.4375,5.375,5.4375,9600
1989-09-07,1.8586463928222656,5.375,5.375,5.375,5.375,166000
1989-09-08,1.8586463928222656,5.375,5.40625,5.375,5.375,3200
1989-09-11,1.8694514036178589,5.40625,5.40625,5.40625,5.40625,4800
1989-09-12,1.8586463928222656,5.375,5.375,5.375,5.375,400
1989-09-13,1.8802573680877686,5.4375,5.4375,5.4375,5.4375,2000
1989-09-14,1.89106285572052,5.46875,5.46875,5.46875,5.46875,9200
1989-09-15,1.9018691778182983,5.5,5.5,5.5,5.5,800
1989-09-18,1.89106285572052,5.46875,5.46875,5.46875,5.46875,8400
1989-09-19,1.89106285572052,5.46875,5.46875,5.46875,5.46875,0
1989-09-20,1.9018691778182983,5.5,5.5,5.5,5.5,2984800
1989-09-21,1.9018691778182983,5.5,5.5,5.5,5.5,1200
1989-09-22,1.89106285572052,5.46875,5.46875,5.46875,5.46875,2000
1989-09-25,1.8914977312088013,5.4375,5.4375,5.4375,5.4375,800
1989-09-26,1.8914977312088013,5.4375,5.4375,5.4375,5.4375,0
1989-09-27,1.8914977312088013,5.4375,5.4375,5.4375,5.4375,26800
1989-09-28,1.91323983669281,5.5,5.5,5.4375,5.4375,10400
1989-09-29,2.0002057552337646,5.75,5.75,5.5,5.5,35600
1989-10-02,2.0002057552337646,5.75,5.78125,5.75,5.78125,6800
1989-10-03,2.0002057552337646,5.75,5.75,5.75,5.75,6400
1989-10-04,1.9893345832824707,5.71875,5.75,5.71875,5.75,7600
1989-10-05,1.9893345832824707,5.71875,5.71875,5.71875,5.71875,0
1989-10-06,2.0110764503479004,5.78125,5.78125,5.78125,5.78125,800
1989-10-09,2.0002057552337646,5.75,5.75,5.75,5.75,4000
1989-10-10,2.021946668624878,5.8125,5.84375,5.75,5.75,8400
1989-10-11,2.0110764503479004,5.78125,5.8125,5.78125,5.8125,39600
1989-10-12,2.0110764503479004,5.78125,5.78125,5.78125,5.78125,2800
1989-10-13,1.9893345832824707,5.71875,5.84375,5.71875,5.84375,43600
1989-10-16,2.0002057552337646,5.75,5.75,5.75,5.75,400
1989-10-17,2.0110764503479004,5.78125,5.78125,5.71875,5.71875,22800
1989-10-18,2.098041534423828,6.03125,6.03125,5.84375,5.84375,41200
1989-10-19,2.27197265625,6.53125,6.625,6.0,6.0,209200
1989-10-20,2.206749439239502,6.34375,6.53125,6.3125,6.53125,75200
1989-10-23,2.1306538581848145,6.125,6.28125,6.125,6.28125,64000
1989-10-24,2.119781970977783,6.09375,6.09375,6.09375,6.09375,2000
1989-10-25,2.1089119911193848,6.0625,6.0625,6.03125,6.0625,6800
1989-10-26,2.0871706008911133,6.0,6.09375,6.0,6.03125,84400
1989-10-27,2.0654280185699463,5.9375,5.9375,5.9375,5.9375,30000
1989-10-30,2.043687343597412,5.875,5.875,5.875,5.875,1200
1989-10-31,2.054558038711548,5.90625,5.90625,5.875,5.875,4000
1989-11-01,2.0871706008911133,6.0,6.0,5.875,5.875,43200
1989-11-02,2.0871706008911133,6.0,6.0,6.0,6.0,0
1989-11-03,2.0654280185699463,5.9375,5.96875,5.90625,5.9375,15200
1989-11-06,2.098041534423828,6.03125,6.03125,6.0,6.0,12000
1989-11-07,2.1306538581848145,6.125,6.125,6.03125,6.03125,19200
1989-11-08,2.1306538581848145,6.125,6.1875,6.125,6.1875,53200
1989-11-09,2.098041534423828,6.03125,6.125,6.03125,6.125,36000
1989-11-10,2.1306538581848145,6.125,6.1875,6.03125,6.03125,35600
1989-11-13,2.1523959636688232,6.1875,6.1875,6.125,6.15625,4800
1989-11-14,2.1523959636688232,6.1875,6.21875,6.1875,6.21875,4000
1989-11-15,2.1306538581848145,6.125,6.125,6.125,6.125,43200
1989-11-16,2.1306538581848145,6.125,6.125,6.09375,6.125,56800
1989-11-17,2.2176198959350586,6.375,6.46875,6.125,6.125,157600
1989-11-20,2.228489875793457,6.40625,6.40625,6.375,6.375,63600
1989-11-21,2.2176198959350586,6.375,6.375,6.375,6.375,20000
1989-11-22,2.2176198959350586,6.375,6.375,6.375,6.375,2800
1989-11-24,2.2176198959350586,6.375,6.375,6.375,6.375,26800
1989-11-27,2.2176198959350586,6.375,6.375,6.375,6.375,7200
1989-11-28,2.2176198959350586,6.375,6.375,6.375,6.375,21600
1989-11-29,2.2176198959350586,6.375,6.375,6.375,6.375,10000
1989-11-30,2.185006618499756,6.28125,6.375,6.28125,6.375,18800
1989-12-01,2.228489875793457,6.40625,6.40625,6.3125,6.3125,29600
1989-12-04,2.228489875793457,6.40625,6.40625,6.375,6.40625,2000
1989-12-05,2.2176198959350586,6.375,6.4375,6.375,6.4375,5600
1989-12-06,2.228489875793457,6.40625,6.40625,6.40625,6.40625,400
1989-12-07,2.19587779045105,6.3125,6.375,6.3125,6.375,11600
1989-12-08,2.19587779045105,6.3125,6.3125,6.3125,6.3125,2000
1989-12-11,2.185006618499756,6.28125,6.28125,6.28125,6.28125,7200
1989-12-12,2.19587779045105,6.3125,6.3125,6.3125,6.3125,2800
1989-12-13,2.206749439239502,6.34375,6.34375,6.28125,6.28125,10400
1989-12-14,2.185006618499756,6.28125,6.3125,6.28125,6.3125,39200
1989-12-15,2.2176198959350586,6.375,6.375,6.34375,6.34375,9200
1989-12-18,2.185006618499756,6.28125,6.3125,6.25,6.3125,32800
1989-12-19,2.1523959636688232,6.1875,6.25,6.1875,6.25,12800
1989-12-20,2.1741373538970947,6.25,6.25,6.1875,6.1875,2000
1989-12-21,2.163266181945801,6.21875,6.21875,6.1875,6.1875,72400
1989-12-22,2.1309194564819336,6.09375,6.09375,6.09375,6.09375,6400
1989-12-26,2.1309194564819336,6.09375,6.09375,6.09375,6.09375,400
1989-12-27,2.1309194564819336,6.09375,6.09375,6.09375,6.09375,1600
1989-12-28,2.1418468952178955,6.125,6.125,6.09375,6.09375,32800
1989-12-29,2.1527750492095947,6.15625,6.1875,6.15625,6.1875,81600
1990-01-02,2.1637015342712402,6.1875,6.1875,6.125,6.125,10800
1990-01-03,2.1527750492095947,6.15625,6.1875,6.125,6.125,40000
1990-01-04,2.1527750492095947,6.15625,6.1875,6.15625,6.15625,9600
1990-01-05,2.1527750492095947,6.15625,6.1875,6.15625,6.1875,27200
1990-01-08,2.1527750492095947,6.15625,6.15625,6.15625,6.15625,30400
1990-01-09,2.1309194564819336,6.09375,6.125,6.09375,6.125,72400
1990-01-10,2.1309194564819336,6.09375,6.09375,6.09375,6.09375,1600
1990-01-11,2.1309194564819336,6.09375,6.09375,6.09375,6.09375,4000
1990-01-12,2.11999249458313,6.0625,6.125,6.0625,6.0625,28000
1990-01-15,2.11999249458313,6.0625,6.0625,6.0625,6.0625,8400
1990-01-16,2.0981364250183105,6.0,6.0,5.96875,6.0,18800
1990-01-17,2.0762805938720703,5.9375,5.9375,5.9375,5.9375,20000
1990-01-18,2.0762805938720703,5.9375,5.9375,5.9375,5.9375,0
1990-01-19,2.05442476272583,5.875,5.90625,5.875,5.90625,2800
1990-01-22,2.05442476272583,5.875,5.875,5.875,5.875,12800
1990-01-23,2.05442476272583,5.875,5.875,5.875,5.875,44000
1990-01-24,2.032569408416748,5.8125,5.875,5.75,5.875,97600
1990-01-25,2.010714292526245,5.75,5.78125,5.75,5.78125,6000
1990-01-26,2.010714292526245,5.75,5.75,5.75,5.75,7600
1990-01-29,1.9888582229614258,5.6875,5.71875,5.6875,5.6875,10400
1990-01-30,1.9560753107070923,5.59375,5.625,5.59375,5.625,26800
1990-01-31,1.934219241142273,5.53125,5.59375,5.53125,5.5625,58800
1990-02-01,1.9560753107070923,5.59375,5.59375,5.59375,5.59375,7200
1990-02-02,1.9451463222503662,5.5625,5.59375,5.5625,5.5625,24800
1990-02-05,1.9670042991638184,5.625,5.625,5.625,5.625,6000
1990-02-06,1.9670042991638184,5.625,5.625,5.625,5.625,17200
1990-02-07,1.9670042991638184,5.625,5.625,5.625,5.625,0
1990-02-08,1.9560753107070923,5.59375,5.59375,5.59375,5.59375,800
1990-02-09,1.9560753107070923,5.59375,5.59375,5.59375,5.59375,1200
1990-02-12,1.9451463222503662,5.5625,5.5625,5.5625,5.5625,9600
1990-02-13,1.9451463222503662,5.5625,5.5625,5.5625,5.5625,5600
1990-02-14,1.9451463222503662,5.5625,5.5625,5.5625,5.5625,3600
1990-02-15,2.010714292526245,5.75,5.75,5.53125,5.53125,144800
1990-02-16,2.032569408416748,5.8125,5.8125,5.75,5.75,24000
1990-02-20,2.032569408416748,5.8125,5.8125,5.75,5.75,9600
1990-02-21,2.010714292526245,5.75,5.75,5.75,5.75,6400
1990-02-22,2.0216407775878906,5.78125,5.78125,5.71875,5.71875,5200
1990-02-23,2.0216407775878906,5.78125,5.78125,5.78125,5.78125,0
1990-02-26,1.9997860193252563,5.71875,5.75,5.71875,5.75,35600
1990-02-27,2.010714292526245,5.75,5.75,5.75,5.75,22400
1990-02-28,1.9997860193252563,5.71875,5.75,5.71875,5.71875,15600
1990-03-01,2.010714292526245,5.75,5.8125,5.75,5.78125,24800
1990-03-02,2.010714292526245,5.75,5.75,5.75,5.75,0
1990-03-05,2.0216407775878906,5.78125,5.78125,5.75,5.75,13600
1990-03-06,2.0434961318969727,5.84375,5.875,5.75,5.78125,43200
1990-03-07,2.0653538703918457,5.90625,5.9375,5.875,5.875,24000
1990-03-08,2.0653538703918457,5.90625,5.90625,5.90625,5.90625,0
1990-03-09,2.1090638637542725,6.03125,6.0625,5.96875,5.96875,64400
1990-03-12,2.11999249458313,6.0625,6.0625,6.0625,6.0625,400
1990-03-13,2.1090638637542725,6.03125,6.03125,6.03125,6.03125,23200
1990-03-14,2.1746296882629395,6.21875,6.21875,6.0625,6.0625,62000
1990-03-15,2.1637015342712402,6.1875,6.25,6.1875,6.1875,67200
1990-03-16,2.1527750492095947,6.15625,6.15625,6.15625,6.15625,800
1990-03-19,2.1527750492095947,6.15625,6.15625,6.15625,6.15625,2000
1990-03-20,2.1309194564819336,6.09375,6.15625,6.09375,6.15625,14800
1990-03-21,2.1309194564819336,6.09375,6.09375,6.09375,6.09375,0
1990-03-22,2.1309194564819336,6.09375,6.09375,6.09375,6.09375,0
1990-03-23,2.11999249458313,6.0625,6.09375,6.0625,6.09375,41200
1990-03-26,2.100198984146118,5.96875,6.0,5.96875,6.0,33600
1990-03-27,2.1111948490142822,6.0,6.0,6.0,6.0,85600
1990-03-28,2.0892035961151123,5.9375,5.9375,5.9375,5.9375,4000
1990-03-29,2.0892035961151123,5.9375,5.9375,5.90625,5.9375,31600
1990-03-30,2.0452206134796143,5.8125,5.90625,5.75,5.90625,59200
1990-04-02,2.001237392425537,5.6875,5.75,5.6875,5.75,53600
1990-04-03,2.001237392425537,5.6875,5.6875,5.6875,5.6875,0
1990-04-04,2.0122315883636475,5.71875,5.75,5.71875,5.75,2000
1990-04-05,2.0562150478363037,5.84375,5.84375,5.71875,5.71875,24800
1990-04-06,2.0342235565185547,5.78125,5.84375,5.78125,5.84375,78800
1990-04-09,2.001237392425537,5.6875,5.75,5.6875,5.75,45200
1990-04-10,2.0122315883636475,5.71875,5.71875,5.65625,5.6875,22800
1990-04-11,2.001237392425537,5.6875,5.71875,5.6875,5.71875,5600
1990-04-12,2.023228645324707,5.75,5.75,5.75,5.75,13200
1990-04-16,2.001237392425537,5.6875,5.6875,5.6875,5.6875,8400
1990-04-17,2.023228645324707,5.75,5.75,5.71875,5.71875,21600
1990-04-18,2.001237392425537,5.6875,5.75,5.6875,5.75,36000
1990-04-19,1.9902408123016357,5.65625,5.65625,5.65625,5.65625,24800
1990-04-20,2.0122315883636475,5.71875,5.71875,5.71875,5.71875,2000
1990-04-23,1.9902408123016357,5.65625,5.65625,5.65625,5.65625,18800
1990-04-24,1.9462586641311646,5.53125,5.59375,5.53125,5.59375,93200
1990-04-25,1.90227472782135,5.40625,5.5,5.375,5.5,364800
1990-04-26,1.90227472782135,5.40625,5.40625,5.40625,5.40625,0
1990-04-27,1.8912787437438965,5.375,5.40625,5.375,5.40625,22000
1990-04-30,1.8912787437438965,5.375,5.375,5.375,5.375,0
1990-05-01,1.869287371635437,5.3125,5.40625,5.3125,5.375,25600
1990-05-02,1.8912787437438965,5.375,5.375,5.3125,5.3125,91200
1990-05-03,1.869287371635437,5.3125,5.3125,5.3125,5.3125,12800
1990-05-04,1.8472963571548462,5.25,5.28125,5.25,5.28125,1200
1990-05-07,1.869287371635437,5.3125,5.3125,5.3125,5.3125,10800
1990-05-08,1.8582905530929565,5.28125,5.28125,5.28125,5.28125,400
1990-05-09,1.880282998085022,5.34375,5.34375,5.28125,5.28125,54000
1990-05-10,1.880282998085022,5.34375,5.34375,5.34375,5.34375,390800
1990-05-11,1.880282998085022,5.34375,5.375,5.34375,5.375,45600
1990-05-14,1.8912787437438965,5.375,5.375,5.375,5.375,148400
1990-05-15,1.8912787437438965,5.375,5.375,5.375,5.375,4400
1990-05-16,1.90227472782135,5.40625,5.4375,5.40625,5.4375,16800
1990-05-17,1.90227472782135,5.40625,5.40625,5.40625,5.40625,0
1990-05-18,1.90227472782135,5.40625,5.40625,5.40625,5.40625,56400
1990-05-21,1.9352623224258423,5.5,5.5,5.4375,5.4375,11200
1990-05-22,1.9792460203170776,5.625,5.625,5.5625,5.5625,42800
1990-05-23,2.0122315883636475,5.71875,5.71875,5.6875,5.6875,12400
1990-05-24,1.9902408123016357,5.65625,5.71875,5.65625,5.65625,35200
1990-05-25,1.9792460203170776,5.625,5.625,5.625,5.625,10800
1990-05-29,1.9682499170303345,5.59375,5.59375,5.59375,5.59375,2800
1990-05-30,1.9682499170303345,5.59375,5.59375,5.59375,5.59375,0
1990-05-31,1.9682499170303345,5.59375,5.59375,5.59375,5.59375,14000
1990-06-01,1.9682499170303345,5.59375,5.59375,5.59375,5.59375,42000
1990-06-04,1.9902408123016357,5.65625,5.71875,5.625,5.625,26400
1990-06-05,2.001237392425537,5.6875,5.6875,5.65625,5.65625,29600
1990-06-06,2.0122315883636475,5.71875,5.71875,5.65625,5.6875,46400
1990-06-07,2.023228645324707,5.75,5.78125,5.71875,5.71875,69200
1990-06-08,2.0452206134796143,5.8125,5.8125,5.8125,5.8125,400
1990-06-11,2.023228645324707,5.75,5.8125,5.75,5.8125,15600
1990-06-12,2.001237392425537,5.6875,5.75,5.6875,5.75,9600
1990-06-13,2.023228645324707,5.75,5.75,5.6875,5.6875,3600
1990-06-14,2.023228645324707,5.75,5.75,5.75,5.75,0
1990-06-15,2.001237392425537,5.6875,5.71875,5.6875,5.71875,4800
1990-06-18,2.001237392425537,5.6875,5.6875,5.6875,5.6875,6800
1990-06-19,2.001237392425537,5.6875,5.6875,5.6875,5.6875,3600
1990-06-20,2.0342235565185547,5.78125,5.78125,5.75,5.75,4800
1990-06-21,2.0342235565185547,5.78125,5.78125,5.75,5.75,34000
1990-06-22,2.0342235565185547,5.78125,5.8125,5.78125,5.78125,20000
1990-06-25,2.036437749862671,5.75,5.78125,5.75,5.75,26400
1990-06-26,2.047506809234619,5.78125,5.84375,5.78125,5.84375,8400
1990-06-27,2.058573007583618,5.8125,5.8125,5.78125,5.78125,1200
1990-06-28,2.047506809234619,5.78125,5.8125,5.78125,5.8125,4000
1990-06-29,2.036437749862671,5.75,5.78125,5.75,5.78125,69600
1990-07-02,2.0143017768859863,5.6875,5.75,5.6875,5.75,15200
1990-07-03,2.0253713130950928,5.71875,5.71875,5.71875,5.71875,400
1990-07-05,2.003234386444092,5.65625,5.71875,5.65625,5.6875,14800
1990-07-06,2.003234386444092,5.65625,5.71875,5.65625,5.65625,2400
1990-07-09,2.003234386444092,5.65625,5.65625,5.65625,5.65625,8000
1990-07-10,2.0253713130950928,5.71875,5.71875,5.65625,5.65625,19600
1990-07-11,2.003234386444092,5.65625,5.65625,5.65625,5.65625,7200
1990-07-12,1.9921678304672241,5.625,5.65625,5.625,5.65625,17200
1990-07-13,2.0143017768859863,5.6875,5.6875,5.6875,5.6875,66800
1990-07-16,1.9921678304672241,5.625,5.65625,5.625,5.65625,2800
1990-07-17,1.9810998439788818,5.59375,5.65625,5.59375,5.625,128800
1990-07-18,1.9810998439788818,5.59375,5.59375,5.59375,5.59375,800
1990-07-19,1.9810998439788818,5.59375,5.59375,5.59375,5.59375,0
1990-07-20,1.9810998439788818,5.59375,5.59375,5.59375,5.59375,2400
1990-07-23,1.9921678304672241,5.625,5.65625,5.59375,5.59375,49600
1990-07-24,1.9700332880020142,5.5625,5.625,5.5625,5.625,122800
1990-07-25,1.9810998439788818,5.59375,5.59375,5.5625,5.59375,58800
1990-07-26,1.9810998439788818,5.59375,5.59375,5.59375,5.59375,0
1990-07-27,1.9700332880020142,5.5625,5.5625,5.5625,5.5625,20000
1990-07-30,2.003234386444092,5.65625,5.6875,5.59375,5.59375,74000
1990-07-31,2.0253713130950928,5.71875,5.71875,5.71875,5.71875,8000
1990-08-01,2.0143017768859863,5.6875,5.6875,5.6875,5.6875,8800
1990-08-02,2.003234386444092,5.65625,5.6875,5.625,5.625,42400
1990-08-03,1.9921678304672241,5.625,5.625,5.625,5.625,800
1990-08-06,1.9921678304672241,5.625,5.625,5.625,5.625,8000
1990-08-07,1.9810998439788818,5.59375,5.625,5.5625,5.625,62400
1990-08-08,1.958964228630066,5.53125,5.53125,5.5,5.53125,58800
1990-08-09,1.9700332880020142,5.5625,5.5625,5.5625,5.5625,28000
1990-08-10,1.958964228630066,5.53125,5.53125,5.53125,5.53125,8000
1990-08-13,1.958964228630066,5.53125,5.53125,5.53125,5.53125,0
1990-08-14,1.9478974342346191,5.5,5.5,5.5,5.5,1200
1990-08-15,1.9368287324905396,5.46875,5.5,5.46875,5.5,48400
1990-08-16,1.925762414932251,5.4375,5.4375,5.4375,5.4375,4800
1990-08-17,1.9146950244903564,5.40625,5.4375,5.40625,5.40625,48800
1990-08-20,1.892558217048645,5.34375,5.34375,5.34375,5.34375,5200
1990-08-21,1.8814908266067505,5.3125,5.3125,5.3125,5.3125,6000
1990-08-22,1.8704248666763306,5.28125,5.28125,5.28125,5.28125,9600
1990-08-23,1.8372211456298828,5.1875,5.21875,5.1875,5.21875,46000
1990-08-24,1.8482890129089355,5.21875,5.21875,5.1875,5.1875,2400
1990-08-27,1.792950987815857,5.0625,5.1875,5.0625,5.1875,27200
1990-08-28,1.792950987815857,5.0625,5.0625,5.0625,5.0625,2800
1990-08-29,1.792950987815857,5.0625,5.0625,5.0625,5.0625,6000
1990-08-30,1.792950987815857,5.0625,5.0625,5.0625,5.0625,0
1990-08-31,1.792950987815857,5.0625,5.0625,5.0625,5.0625,3200
1990-09-04,1.792950987815857,5.0625,5.0625,5.0625,5.0625,800
1990-09-05,1.8150861263275146,5.125,5.125,5.125,5.125,4000
1990-09-06,1.8372211456298828,5.1875,5.1875,5.1875,5.1875,81600
1990-09-07,1.8372211456298828,5.1875,5.25,5.1875,5.25,8800
1990-09-10,1.8372211456298828,5.1875,5.1875,5.1875,5.1875,0
1990-09-11,1.8482890129089355,5.21875,5.25,5.21875,5.25,98800
1990-09-12,1.892558217048645,5.34375,5.34375,5.21875,5.21875,19600
1990-09-13,1.8372211456298828,5.1875,5.375,5.1875,5.34375,58000
1990-09-14,1.8372211456298828,5.1875,5.1875,5.1875,5.1875,0
1990-09-17,1.8372211456298828,5.1875,5.1875,5.125,5.1875,17200
1990-09-18,1.8372211456298828,5.1875,5.1875,5.15625,5.15625,12000
1990-09-19,1.8261535167694092,5.15625,5.1875,5.15625,5.1875,14800
1990-09-20,1.8261535167694092,5.15625,5.15625,5.15625,5.15625,0
1990-09-21,1.8814908266067505,5.3125,5.3125,5.21875,5.21875,14800
1990-09-24,1.8837203979492188,5.28125,5.34375,5.28125,5.28125,14800
1990-09-25,1.8725745677947998,5.25,5.25,5.25,5.25,65600
1990-09-26,1.8725745677947998,5.25,5.25,5.25,5.25,12400
1990-09-27,1.8502825498580933,5.1875,5.25,5.1875,5.25,9600
1990-09-28,1.8502825498580933,5.1875,5.1875,5.1875,5.1875,32000
1990-10-01,1.8502825498580933,5.1875,5.1875,5.125,5.1875,18400
1990-10-02,1.8725745677947998,5.25,5.25,5.25,5.25,60800
1990-10-03,1.894866704940796,5.3125,5.3125,5.3125,5.3125,343200
1990-10-04,1.894866704940796,5.3125,5.3125,5.3125,5.3125,0
1990-10-05,1.861427664756775,5.21875,5.28125,5.1875,5.28125,16800
1990-10-08,1.8502825498580933,5.1875,5.25,5.1875,5.25,28800
1990-10-09,1.8391352891921997,5.15625,5.1875,5.15625,5.1875,7200
1990-10-10,1.827989935874939,5.125,5.15625,5.125,5.15625,1200
1990-10-11,1.8056964874267578,5.0625,5.09375,5.0625,5.09375,66000
1990-10-12,1.783403754234314,5.0,5.0,5.0,5.0,4000
1990-10-15,1.783403754234314,5.0,5.0,5.0,5.0,64000
1990-10-16,1.783403754234314,5.0,5.0,4.96875,4.96875,44400
1990-10-17,1.7611110210418701,4.9375,5.0,4.9375,5.0,4800
1990-10-18,1.783403754234314,5.0,5.0,5.0,5.0,53200
1990-10-19,1.8056964874267578,5.0625,5.0625,5.0625,5.0625,11200
1990-10-22,1.7945499420166016,5.03125,5.09375,5.03125,5.09375,9200
1990-10-23,1.8056964874267578,5.0625,5.0625,5.0625,5.0625,126400
1990-10-24,1.8056964874267578,5.0625,5.0625,5.0625,5.0625,14800
1990-10-25,1.8056964874267578,5.0625,5.0625,5.0625,5.0625,0
1990-10-26,1.7945499420166016,5.03125,5.03125,5.03125,5.03125,4400
1990-10-29,1.8391352891921997,5.15625,5.15625,5.09375,5.09375,37200
1990-10-30,1.8391352891921997,5.15625,5.15625,5.15625,5.15625,400
1990-10-31,1.8391352891921997,5.15625,5.15625,5.15625,5.15625,0
1990-11-01,1.8391352891921997,5.15625,5.21875,5.15625,5.21875,48000
1990-11-02,1.8168435096740723,5.09375,5.15625,5.09375,5.15625,32400
1990-11-05,1.8502825498580933,5.1875,5.1875,5.15625,5.15625,16800
1990-11-06,1.8502825498580933,5.1875,5.1875,5.1875,5.1875,0
1990-11-07,1.8725745677947998,5.25,5.25,5.21875,5.21875,33600
1990-11-08,1.906012773513794,5.34375,5.34375,5.25,5.25,20400
1990-11-09,1.894866704940796,5.3125,5.3125,5.3125,5.3125,7600
1990-11-12,1.917159914970398,5.375,5.375,5.375,5.375,3600
1990-11-13,1.9283061027526855,5.40625,5.40625,5.375,5.375,8800
1990-11-14,1.9617449045181274,5.5,5.5,5.46875,5.46875,16400
1990-11-15,2.0174760818481445,5.65625,5.65625,5.5,5.5,43200
1990-11-16,2.0174760818481445,5.65625,5.65625,5.65625,5.65625,0
1990-11-19,2.0174760818481445,5.65625,5.65625,5.65625,5.65625,0
1990-11-20,2.1177923679351807,5.9375,5.9375,5.75,5.75,66000
1990-11-21,2.1623778343200684,6.0625,6.0625,6.0,6.03125,73600
1990-11-23,2.1623778343200684,6.0625,6.0625,6.0625,6.0625,0
1990-11-26,2.1400856971740723,6.0,6.03125,6.0,6.03125,17200
1990-11-27,2.151231288909912,6.03125,6.03125,6.03125,6.03125,25600
1990-11-28,2.1735243797302246,6.09375,6.09375,6.09375,6.09375,6400
1990-11-29,2.151231288909912,6.03125,6.03125,6.03125,6.03125,6400
1990-11-30,2.151231288909912,6.03125,6.09375,6.0,6.03125,29600
1990-12-03,2.151231288909912,6.03125,6.09375,6.03125,6.09375,7200
1990-12-04,2.151231288909912,6.03125,6.03125,6.03125,6.03125,20400
1990-12-05,2.1846697330474854,6.125,6.125,6.03125,6.03125,11200
1990-12-06,2.1735243797302246,6.09375,6.09375,6.09375,6.09375,49600
1990-12-07,2.151231288909912,6.03125,6.0625,6.03125,6.0625,41200
1990-12-10,2.1400856971740723,6.0,6.0,6.0,6.0,18000
1990-12-11,2.1400856971740723,6.0,6.0,6.0,6.0,800
1990-12-12,2.1400856971740723,6.0,6.0,6.0,6.0,800
1990-12-13,2.1400856971740723,6.0,6.0,6.0,6.0,81600
1990-12-14,2.128938674926758,5.96875,6.0,5.96875,6.0,358000
1990-12-17,2.128938674926758,5.96875,5.96875,5.96875,5.96875,3200
1990-12-18,2.128938674926758,5.96875,5.96875,5.96875,5.96875,400
1990-12-19,2.1177923679351807,5.9375,6.0,5.9375,5.96875,16000
1990-12-20,2.1177923679351807,5.9375,5.9375,5.9375,5.9375,69200
1990-12-21,2.1177923679351807,5.9375,5.9375,5.9375,5.9375,14400
1990-12-24,2.120035409927368,5.90625,5.90625,5.90625,5.90625,1200
1990-12-26,2.108818531036377,5.875,5.875,5.875,5.875,400
1990-12-27,2.0863847732543945,5.8125,5.875,5.8125,5.875,3600
1990-12-28,2.0639493465423584,5.75,5.8125,5.75,5.75,361200
1990-12-31,2.0863847732543945,5.8125,5.8125,5.75,5.75,5200
1991-01-02,2.0302982330322266,5.65625,5.75,5.65625,5.75,20800
1991-01-03,2.0302982330322266,5.65625,5.65625,5.59375,5.59375,4800
1991-01-04,2.0302982330322266,5.65625,5.65625,5.65625,5.65625,0
1991-01-07,1.9966474771499634,5.5625,5.59375,5.5625,5.59375,6000
1991-01-08,1.9629956483840942,5.46875,5.53125,5.46875,5.53125,45200
1991-01-09,1.9629956483840942,5.46875,5.46875,5.46875,5.46875,0
1991-01-10,1.9854297637939453,5.53125,5.53125,5.53125,5.53125,1600
1991-01-11,1.9405617713928223,5.40625,5.5,5.40625,5.46875,10000
1991-01-14,1.8844767808914185,5.25,5.375,5.25,5.375,3600
1991-01-15,1.839608073234558,5.125,5.21875,5.125,5.21875,23600
1991-01-16,1.7947399616241455,5.0,5.0625,5.0,5.0625,7200
1991-01-17,1.8508249521255493,5.15625,5.15625,5.0625,5.0625,6400
1991-01-18,1.839608073234558,5.125,5.125,5.09375,5.09375,5200
1991-01-21,1.839608073234558,5.125,5.125,5.125,5.125,800
1991-01-22,1.8171736001968384,5.0625,5.0625,5.0625,5.0625,40000
1991-01-23,1.9293451309204102,5.375,5.375,5.125,5.125,248800
1991-01-24,1.918127179145813,5.34375,5.4375,5.34375,5.4375,58400
1991-01-25,1.9517786502838135,5.4375,5.4375,5.34375,5.34375,12800
1991-01-28,1.9517786502838135,5.4375,5.5,5.40625,5.46875,66800
1991-01-29,1.9742131233215332,5.5,5.5625,5.5,5.5,54800
1991-01-30,1.9966474771499634,5.5625,5.5625,5.4375,5.4375,284400
1991-01-31,2.0302982330322266,5.65625,5.65625,5.625,5.625,62400
1991-02-01,2.0863847732543945,5.8125,5.8125,5.71875,5.71875,16400
1991-02-04,2.142470598220825,5.96875,5.96875,5.75,5.8125,77600
1991-02-05,2.1761224269866943,6.0625,6.1875,6.03125,6.09375,79600
1991-02-06,2.1761224269866943,6.0625,6.09375,5.9375,6.0625,93600
1991-02-07,2.1873390674591064,6.09375,6.1875,6.0625,6.0625,27600
1991-02-08,2.1761224269866943,6.0625,6.0625,6.0625,6.0625,6000
1991-02-11,2.153686761856079,6.0,6.1875,6.0,6.0625,373600
1991-02-12,2.1873390674591064,6.09375,6.125,6.03125,6.0625,78000
1991-02-13,2.1873390674591064,6.09375,6.09375,6.09375,6.09375,8400
1991-02-14,2.1649045944213867,6.03125,6.03125,6.0,6.03125,14800
1991-02-15,2.1985559463500977,6.125,6.125,6.03125,6.03125,30000
1991-02-19,2.2322065830230713,6.21875,6.21875,6.09375,6.09375,961600
1991-02-20,2.2434237003326416,6.25,6.25,6.1875,6.1875,22000
1991-02-21,2.2434237003326416,6.25,6.25,6.21875,6.25,9600
1991-02-22,2.2658584117889404,6.3125,6.3125,6.25,6.28125,164000
1991-02-25,2.2434237003326416,6.25,6.375,6.25,6.375,19600
1991-02-26,2.2322065830230713,6.21875,6.21875,6.21875,6.21875,28000
1991-02-27,2.22098970413208,6.1875,6.25,6.1875,6.21875,30800
1991-02-28,2.2882936000823975,6.375,6.375,6.1875,6.1875,39200
1991-03-01,2.310728073120117,6.4375,6.4375,6.3125,6.3125,9200
1991-03-04,2.422898769378662,6.75,6.75,6.5,6.5,32000
1991-03-05,2.5350685119628906,7.0625,7.0625,6.6875,6.6875,146000
1991-03-06,2.4901998043060303,6.9375,7.0625,6.90625,7.0625,148800
1991-03-07,2.5462868213653564,7.09375,7.09375,6.90625,6.90625,131600
1991-03-08,2.512634754180908,7.0,7.0625,6.96875,7.03125,30400
1991-03-11,2.512634754180908,7.0,7.0,7.0,7.0,49600
1991-03-12,2.5350685119628906,7.0625,7.0625,6.96875,6.96875,39600
1991-03-13,2.5350685119628906,7.0625,7.0625,7.0625,7.0625,0
1991-03-14,2.5462868213653564,7.09375,7.09375,7.0,7.03125,22000
1991-03-15,2.512634754180908,7.0,7.03125,7.0,7.03125,5200
1991-03-18,2.512634754180908,7.0,7.0,7.0,7.0,800
1991-03-19,2.512634754180908,7.0,7.0,7.0,7.0,7600
1991-03-20,2.512634754180908,7.0,7.0,7.0,7.0,6400
1991-03-21,2.512634754180908,7.0,7.0,7.0,7.0,14000
1991-03-22,2.52707576751709,7.0,7.0,6.96875,6.96875,38800
1991-03-25,2.52707576751709,7.0,7.0625,7.0,7.0625,5200
1991-03-26,2.52707576751709,7.0,7.0,6.96875,6.96875,84800
1991-03-27,2.52707576751709,7.0,7.03125,7.0,7.03125,60400
1991-03-28,2.52707576751709,7.0,7.0,7.0,7.0,3600
1991-04-01,2.515794277191162,6.96875,6.96875,6.90625,6.9375,272400
1991-04-02,2.470665693283081,6.84375,7.0,6.84375,7.0,417600
1991-04-03,2.481950044631958,6.875,6.90625,6.84375,6.84375,4400
1991-04-04,2.481950044631958,6.875,6.875,6.8125,6.8125,8800
1991-04-05,2.4593863487243652,6.8125,6.8125,6.8125,6.8125,4400
1991-04-08,2.493231773376465,6.90625,6.90625,6.875,6.875,3600
1991-04-09,2.4142606258392334,6.6875,6.84375,6.6875,6.84375,17600
1991-04-10,2.3804147243499756,6.59375,6.6875,6.59375,6.6875,23200
1991-04-11,2.346569538116455,6.5,6.53125,6.5,6.53125,64800
1991-04-12,2.346569538116455,6.5,6.5,6.5,6.5,1600
1991-04-15,2.3352880477905273,6.46875,6.5625,6.46875,6.5625,4800
1991-04-16,2.369133472442627,6.5625,6.5625,6.46875,6.5,51200
1991-04-17,2.3352880477905273,6.46875,6.625,6.46875,6.625,1117200
1991-04-18,2.3127264976501465,6.40625,6.5,6.40625,6.5,33600
1991-04-19,2.3014440536499023,6.375,6.375,6.375,6.375,10400
1991-04-22,2.278881311416626,6.3125,6.3125,6.3125,6.3125,1600
1991-04-23,2.267599105834961,6.28125,6.34375,6.28125,6.28125,76000
1991-04-24,2.267599105834961,6.28125,6.3125,6.25,6.25,45200
1991-04-25,2.290163040161133,6.34375,6.34375,6.34375,6.34375,4800
1991-04-26,2.256316661834717,6.25,6.28125,6.25,6.28125,6000
1991-04-29,2.256316661834717,6.25,6.34375,6.25,6.3125,85600
1991-04-30,2.256316661834717,6.25,6.28125,6.125,6.25,84400
1991-05-01,2.256316661834717,6.25,6.25,6.25,6.25,6000
1991-05-02,2.256316661834717,6.25,6.25,6.25,6.25,0
1991-05-03,2.256316661834717,6.25,6.25,6.25,6.25,800
1991-05-06,2.2224721908569336,6.15625,6.21875,6.15625,6.21875,3200
1991-05-07,2.1322200298309326,5.90625,6.125,5.84375,6.125,314400
1991-05-08,2.1209375858306885,5.875,5.90625,5.875,5.90625,63600
1991-05-09,2.1209375858306885,5.875,5.875,5.8125,5.875,5200
1991-05-10,2.1209375858306885,5.875,5.875,5.8125,5.8125,14800
1991-05-13,2.1096572875976562,5.84375,5.875,5.84375,5.875,20800
1991-05-14,2.064530611038208,5.71875,5.875,5.71875,5.875,7200
1991-05-15,2.008122444152832,5.5625,5.71875,5.5,5.71875,549200
1991-05-16,2.008122444152832,5.5625,5.625,5.5625,5.5625,87200
1991-05-17,2.008122444152832,5.5625,5.5625,5.5625,5.5625,0
1991-05-20,2.030686855316162,5.625,5.625,5.5625,5.5625,11200
1991-05-21,2.0419669151306152,5.65625,5.65625,5.53125,5.59375,49600
1991-05-22,2.087094306945801,5.78125,5.78125,5.65625,5.65625,16400
1991-05-23,2.0758121013641357,5.75,5.78125,5.75,5.78125,62400
1991-05-24,2.087094306945801,5.78125,5.8125,5.78125,5.8125,7200
1991-05-28,2.053248643875122,5.6875,5.71875,5.6875,5.71875,104000
1991-05-29,2.053248643875122,5.6875,5.6875,5.6875,5.6875,7200
1991-05-30,2.030686855316162,5.625,5.625,5.5625,5.625,816400
1991-05-31,1.9968409538269043,5.53125,5.625,5.5,5.625,770000
1991-06-03,2.0194034576416016,5.59375,5.59375,5.53125,5.53125,66400
1991-06-04,2.064530611038208,5.71875,5.71875,5.5625,5.59375,72000
1991-06-05,2.064530611038208,5.71875,5.71875,5.71875,5.71875,22000
1991-06-06,2.064530611038208,5.71875,5.71875,5.71875,5.71875,51200
1991-06-07,2.0758121013641357,5.75,5.75,5.6875,5.75,3200
1991-06-10,2.0419669151306152,5.65625,5.6875,5.59375,5.6875,17200
1991-06-11,2.0419669151306152,5.65625,5.65625,5.59375,5.59375,2400
1991-06-12,2.008122444152832,5.5625,5.6875,5.5625,5.6875,50800
1991-06-13,2.0194034576416016,5.59375,5.59375,5.53125,5.59375,364000
1991-06-14,2.0194034576416016,5.59375,5.65625,5.59375,5.59375,54800
1991-06-17,2.0758121013641357,5.75,5.75,5.59375,5.59375,46000
1991-06-18,2.1435022354125977,5.9375,5.96875,5.8125,5.8125,18400
1991-06-19,2.087094306945801,5.78125,5.875,5.78125,5.875,16000
1991-06-20,2.087094306945801,5.78125,5.78125,5.78125,5.78125,0
1991-06-21,2.087094306945801,5.78125,5.8125,5.78125,5.78125,28000
1991-06-24,2.0902743339538574,5.75,5.75,5.75,5.75,19600
1991-06-25,2.11299467086792,5.8125,5.8125,5.75,5.75,4000
1991-06-26,2.11299467086792,5.8125,5.875,5.8125,5.8125,46000
1991-06-27,2.1357150077819824,5.875,5.875,5.78125,5.78125,13600
1991-06-28,2.1016347408294678,5.78125,5.8125,5.78125,5.8125,8800
1991-07-01,2.1016347408294678,5.78125,5.78125,5.78125,5.78125,0
1991-07-02,2.124354839324951,5.84375,5.875,5.84375,5.84375,10800
1991-07-03,2.11299467086792,5.8125,5.84375,5.78125,5.78125,10400
1991-07-05,2.11299467086792,5.8125,5.8125,5.8125,5.8125,0
1991-07-08,2.11299467086792,5.8125,5.84375,5.78125,5.84375,14800
1991-07-09,2.124354839324951,5.84375,5.90625,5.8125,5.8125,21200
1991-07-10,2.124354839324951,5.84375,5.84375,5.84375,5.84375,0
1991-07-11,2.2038769721984863,6.0625,6.0625,5.8125,5.84375,45200
1991-07-12,2.2038769721984863,6.0625,6.0625,6.0625,6.0625,0
1991-07-15,2.2038769721984863,6.0625,6.0625,6.0,6.03125,6800
1991-07-16,2.147075891494751,5.90625,6.0625,5.90625,6.0625,11600
1991-07-17,1.9993922710418701,5.5,5.75,5.5,5.75,231200
1991-07-18,1.9085111618041992,5.25,5.4375,5.25,5.4375,179600
1991-07-19,1.8630702495574951,5.125,5.25,5.125,5.25,33200
1991-07-22,1.8403511047363281,5.0625,5.125,4.9375,5.125,519200
1991-07-23,1.7721892595291138,4.875,5.09375,4.875,5.09375,281200
1991-07-24,1.7835488319396973,4.90625,4.9375,4.90625,4.9375,116000
1991-07-25,1.7949095964431763,4.9375,4.96875,4.9375,4.96875,10400
1991-07-26,1.8403511047363281,5.0625,5.0625,5.0,5.0,48400
1991-07-29,1.8176305294036865,5.0,5.0,5.0,5.0,16400
1991-07-30,1.8176305294036865,5.0,5.0625,5.0,5.0,80800
1991-07-31,1.8289899826049805,5.03125,5.09375,4.96875,5.0,104000
1991-08-01,1.8517106771469116,5.09375,5.09375,5.0625,5.0625,14000
1991-08-02,1.8403511047363281,5.0625,5.09375,5.03125,5.09375,98000
1991-08-05,1.8403511047363281,5.0625,5.0625,5.0,5.0,22000
1991-08-06,1.8744310140609741,5.15625,5.15625,5.09375,5.09375,18000
1991-08-07,1.8630702495574951,5.125,5.15625,5.125,5.125,47600
1991-08-08,1.8744310140609741,5.15625,5.15625,5.125,5.125,8800
1991-08-09,1.8630702495574951,5.125,5.15625,5.125,5.125,28800
1991-08-12,1.8630702495574951,5.125,5.125,5.03125,5.09375,222000
1991-08-13,1.8517106771469116,5.09375,5.15625,5.09375,5.15625,15200
1991-08-14,1.8630702495574951,5.125,5.125,5.09375,5.125,70000
1991-08-15,1.8630702495574951,5.125,5.125,5.125,5.125,0
1991-08-16,1.8630702495574951,5.125,5.125,5.125,5.125,17600
1991-08-19,1.8517106771469116,5.09375,5.09375,5.0625,5.0625,22400
1991-08-20,1.8176305294036865,5.0,5.0625,5.0,5.0625,57600
1991-08-21,1.8289899826049805,5.03125,5.0625,5.0,5.0,27200
1991-08-22,1.8176305294036865,5.0,5.0,5.0,5.0,4000
1991-08-23,1.8403511047363281,5.0625,5.09375,5.03125,5.03125,10000
1991-08-26,1.8062701225280762,4.96875,5.0625,4.96875,5.0625,328000
1991-08-27,1.8176305294036865,5.0,5.0,4.96875,4.96875,86800
1991-08-28,1.8176305294036865,5.0,5.0,4.96875,4.96875,69200
1991-08-29,1.8176305294036865,5.0,5.0,4.96875,5.0,18000
1991-08-30,1.8176305294036865,5.0,5.0,4.96875,4.96875,34400
1991-09-03,1.8062701225280762,4.96875,4.96875,4.9375,4.96875,52000
1991-09-04,1.7835488319396973,4.90625,4.9375,4.90625,4.9375,20000
1991-09-05,1.8403511047363281,5.0625,5.0625,4.9375,4.9375,53200
1991-09-06,1.8062701225280762,4.96875,5.0625,4.96875,5.0625,128800
1991-09-09,1.7721892595291138,4.875,4.96875,4.875,4.96875,66000
1991-09-10,1.7721892595291138,4.875,4.9375,4.875,4.9375,16000
1991-09-11,1.8062701225280762,4.96875,4.96875,4.9375,4.9375,15600
1991-09-12,1.7835488319396973,4.90625,5.0,4.90625,5.0,28400
1991-09-13,1.8062701225280762,4.96875,4.96875,4.96875,4.96875,12400
1991-09-16,1.7949095964431763,4.9375,4.9375,4.9375,4.9375,17200
1991-09-17,1.7267485857009888,4.75,4.875,4.75,4.875,204000
1991-09-18,1.7835488319396973,4.90625,4.90625,4.8125,4.8125,24000
1991-09-19,1.7949095964431763,4.9375,4.9375,4.90625,4.9375,24000
1991-09-20,1.7721892595291138,4.875,4.9375,4.875,4.9375,32400
1991-09-23,1.7721892595291138,4.875,4.90625,4.875,4.875,30400
1991-09-24,1.7639418840408325,4.8125,4.8125,4.8125,4.8125,1200
1991-09-25,1.7639418840408325,4.8125,4.8125,4.8125,4.8125,48000
1991-09-26,1.7524878978729248,4.78125,4.8125,4.78125,4.8125,23200
1991-09-27,1.7868504524230957,4.875,4.90625,4.78125,4.78125,62400
1991-09-30,1.798304557800293,4.90625,4.90625,4.84375,4.875,19200
1991-10-01,1.798304557800293,4.90625,4.90625,4.90625,4.90625,0
1991-10-02,1.7868504524230957,4.875,4.90625,4.875,4.875,35600
1991-10-03,1.7868504524230957,4.875,4.875,4.875,4.875,400
1991-10-04,1.7868504524230957,4.875,4.875,4.875,4.875,14800
1991-10-07,1.798304557800293,4.90625,4.90625,4.90625,4.90625,5200
1991-10-08,1.7639418840408325,4.8125,4.8125,4.8125,4.8125,40400
1991-10-09,1.7524878978729248,4.78125,4.78125,4.78125,4.78125,10800
1991-10-10,1.741033911705017,4.75,4.75,4.75,4.75,20000
1991-10-11,1.7524878978729248,4.78125,4.78125,4.78125,4.78125,800
1991-10-14,1.741033911705017,4.75,4.75,4.75,4.75,64000
1991-10-15,1.741033911705017,4.75,4.75,4.75,4.75,1200
1991-10-16,1.741033911705017,4.75,4.75,4.75,4.75,42000
1991-10-17,1.7868504524230957,4.875,4.875,4.8125,4.8125,20800
1991-10-18,1.7868504524230957,4.875,4.875,4.875,4.875,1600
1991-10-21,1.832667589187622,5.0,5.0,4.9375,4.9375,65200
1991-10-22,1.8097580671310425,4.9375,4.9375,4.9375,4.9375,3600
1991-10-23,1.8097580671310425,4.9375,4.9375,4.9375,4.9375,265600
1991-10-24,1.832667589187622,5.0,5.0,4.96875,4.96875,195600
1991-10-25,1.832667589187622,5.0,5.0,5.0,5.0,7200
1991-10-28,1.832667589187622,5.0,5.0,5.0,5.0,2400
1991-10-29,1.832667589187622,5.0,5.0,5.0,5.0,11600
1991-10-30,1.832667589187622,5.0,5.03125,5.0,5.0,98000
1991-10-31,1.8784840106964111,5.125,5.125,5.0,5.0,106800
1991-11-01,1.9243003129959106,5.25,5.25,5.15625,5.15625,18400
1991-11-04,1.9357554912567139,5.28125,5.3125,5.1875,5.28125,37600
1991-11-05,1.9472076892852783,5.3125,5.3125,5.28125,5.28125,13600
1991-11-06,1.970117449760437,5.375,5.46875,5.375,5.46875,84800
1991-11-07,2.015932083129883,5.5,5.5,5.4375,5.4375,40400
1991-11-08,2.0732057094573975,5.65625,5.6875,5.5625,5.5625,265200
1991-11-11,2.0732057094573975,5.65625,5.65625,5.65625,5.65625,0
1991-11-12,2.08465838432312,5.6875,5.75,5.6875,5.6875,223200
1991-11-13,2.107567071914673,5.75,5.75,5.71875,5.71875,54400
1991-11-14,2.107567071914673,5.75,5.78125,5.75,5.75,33200
1991-11-15,2.0732057094573975,5.65625,5.75,5.65625,5.75,121600
1991-11-18,2.0732057094573975,5.65625,5.75,5.65625,5.75,44800
1991-11-19,2.050295829772949,5.59375,5.65625,5.59375,5.65625,44400
1991-11-20,2.050295829772949,5.59375,5.59375,5.59375,5.59375,35200
1991-11-21,2.050295829772949,5.59375,5.59375,5.59375,5.59375,0
1991-11-22,2.015932083129883,5.5,5.53125,5.5,5.53125,24800
1991-11-25,1.9930254220962524,5.4375,5.4375,5.4375,5.4375,8400
1991-11-26,2.0044801235198975,5.46875,5.5,5.46875,5.5,66800
1991-11-27,1.9930254220962524,5.4375,5.46875,5.4375,5.46875,15200
1991-11-29,2.015932083129883,5.5,5.5,5.5,5.5,14000
1991-12-02,2.015932083129883,5.5,5.5,5.4375,5.5,25600
1991-12-03,2.015932083129883,5.5,5.5,5.5,5.5,21600
1991-12-04,1.9930254220962524,5.4375,5.5,5.375,5.4375,56000
1991-12-05,1.9930254220962524,5.4375,5.4375,5.4375,5.4375,24400
1991-12-06,1.9930254220962524,5.4375,5.4375,5.4375,5.4375,0
1991-12-09,1.9930254220962524,5.4375,5.4375,5.4375,5.4375,0
1991-12-10,1.9586621522903442,5.34375,5.375,5.3125,5.375,27600
1991-12-11,1.9586621522903442,5.34375,5.34375,5.34375,5.34375,0
1991-12-12,1.9472076892852783,5.3125,5.3125,5.3125,5.3125,15200
1991-12-13,1.9472076892852783,5.3125,5.375,5.3125,5.375,24000
1991-12-16,1.970117449760437,5.375,5.375,5.375,5.375,110000
1991-12-17,1.9930254220962524,5.4375,5.4375,5.4375,5.4375,38000
1991-12-18,1.9815723896026611,5.40625,5.4375,5.34375,5.4375,80400
1991-12-19,2.015932083129883,5.5,5.53125,5.4375,5.4375,42000
1991-12-20,2.038841962814331,5.5625,5.5625,5.53125,5.53125,531600
1991-12-23,2.061751127243042,5.625,5.625,5.5,5.5625,34800
1991-12-24,2.0765180587768555,5.625,5.625,5.53125,5.5625,36800
1991-12-26,2.0765180587768555,5.625,5.625,5.625,5.625,13200
1991-12-27,2.0765180587768555,5.625,5.625,5.625,5.625,52400
1991-12-30,2.0303709506988525,5.5,5.6875,5.4375,5.65625,379600
1991-12-31,2.0649797916412354,5.59375,5.59375,5.40625,5.46875,47600
1992-01-02,2.0649797916412354,5.59375,5.59375,5.53125,5.59375,49200
1992-01-03,2.0649797916412354,5.59375,5.625,5.5625,5.5625,33200
1992-01-06,2.111125946044922,5.71875,5.71875,5.65625,5.65625,232000
1992-01-07,2.122662305831909,5.75,5.75,5.65625,5.6875,46400
1992-01-08,2.111125946044922,5.71875,5.71875,5.6875,5.6875,10400
1992-01-09,2.0995888710021973,5.6875,5.6875,5.6875,5.6875,12400
1992-01-10,2.0765180587768555,5.625,5.6875,5.625,5.6875,17600
1992-01-13,2.0072991847991943,5.4375,5.5625,5.40625,5.5,33600
1992-01-14,2.0072991847991943,5.4375,5.5,5.4375,5.5,98800
1992-01-15,2.0765180587768555,5.625,5.6875,5.5,5.5,53200
1992-01-16,2.122662305831909,5.75,5.75,5.625,5.625,28000
1992-01-17,2.122662305831909,5.75,5.75,5.75,5.75,0
1992-01-20,2.1572699546813965,5.84375,5.84375,5.84375,5.84375,11600
1992-01-21,2.168806791305542,5.875,5.875,5.875,5.875,14400
1992-01-22,2.18034291267395,5.90625,5.96875,5.90625,5.9375,11600
1992-01-23,2.18034291267395,5.90625,5.90625,5.90625,5.90625,4000
1992-01-24,2.214951992034912,6.0,6.0,5.90625,5.90625,40800
1992-01-27,2.214951992034912,6.0,6.0,5.96875,6.0,46400
1992-01-28,2.2264881134033203,6.03125,6.0625,6.0,6.0,78000
1992-01-29,2.214951992034912,6.0,6.0625,5.96875,6.0625,42400
1992-01-30,2.18034291267395,5.90625,5.9375,5.90625,5.9375,4400
1992-01-31,2.1572699546813965,5.84375,5.90625,5.8125,5.90625,21200
1992-02-03,2.2034149169921875,5.96875,6.0,5.84375,5.84375,45600
1992-02-04,2.2495601177215576,6.09375,6.09375,6.0,6.0,88800
1992-02-05,2.2264881134033203,6.03125,6.09375,6.03125,6.0625,79200
1992-02-06,2.2264881134033203,6.03125,6.03125,6.03125,6.03125,0
1992-02-07,2.238025665283203,6.0625,6.0625,6.0625,6.0625,1200
1992-02-10,2.2264881134033203,6.03125,6.03125,6.03125,6.03125,400
1992-02-11,2.214951992034912,6.0,6.0,6.0,6.0,29200
1992-02-12,2.1918795108795166,5.9375,5.9375,5.9375,5.9375,9200
1992-02-13,2.2034149169921875,5.96875,6.0,5.96875,6.0,20000
1992-02-14,2.2034149169921875,5.96875,6.03125,5.96875,5.96875,9200
1992-02-18,2.2264881134033203,6.03125,6.09375,6.03125,6.03125,12400
1992-02-19,2.2264881134033203,6.03125,6.03125,6.03125,6.03125,20800
1992-02-20,2.214951992034912,6.0,6.0625,6.0,6.0,16000
1992-02-21,2.214951992034912,6.0,6.0,5.96875,5.96875,45200
1992-02-24,2.214951992034912,6.0,6.0,5.96875,5.96875,136400
1992-02-25,2.214951992034912,6.0,6.0,6.0,6.0,3600
1992-02-26,2.214951992034912,6.0,6.0,6.0,6.0,10400
1992-02-27,2.261096477508545,6.125,6.125,6.0,6.0,44000
1992-02-28,2.2264881134033203,6.03125,6.0625,6.03125,6.0625,9600
1992-03-02,2.238025665283203,6.0625,6.0625,6.03125,6.03125,16000
1992-03-03,2.2264881134033203,6.03125,6.03125,6.03125,6.03125,2400
1992-03-04,2.2495601177215576,6.09375,6.09375,6.0625,6.09375,125200
1992-03-05,2.238025665283203,6.0625,6.0625,6.0625,6.0625,13600
1992-03-06,2.2495601177215576,6.09375,6.09375,6.0625,6.09375,26000
1992-03-09,2.238025665283203,6.0625,6.09375,6.0625,6.0625,19600
1992-03-10,2.261096477508545,6.125,6.125,6.0625,6.0625,34800
1992-03-11,2.238025665283203,6.0625,6.0625,6.0625,6.0625,400
1992-03-12,2.238025665283203,6.0625,6.0625,6.0625,6.0625,23600
1992-03-13,2.238025665283203,6.0625,6.0625,6.0625,6.0625,1600
1992-03-16,2.2495601177215576,6.09375,6.15625,6.09375,6.125,5600
1992-03-17,2.2726316452026367,6.15625,6.1875,6.15625,6.15625,39200
1992-03-18,2.3072402477264404,6.25,6.25,6.15625,6.21875,47200
1992-03-19,2.318776845932007,6.28125,6.3125,6.21875,6.21875,45200
1992-03-20,2.318776845932007,6.28125,6.3125,6.28125,6.3125,17200
1992-03-23,2.318776845932007,6.28125,6.28125,6.28125,6.28125,0
1992-03-24,2.318776845932007,6.28125,6.28125,6.28125,6.28125,0
1992-03-25,2.2988076210021973,6.1875,6.1875,6.1875,6.1875,36400
1992-03-26,2.3220274448394775,6.25,6.25,6.21875,6.21875,19600
1992-03-27,2.2988076210021973,6.1875,6.25,6.1875,6.25,143200
1992-03-30,2.275587558746338,6.125,6.125,6.125,6.125,3600
1992-03-31,2.240758180618286,6.03125,6.09375,6.03125,6.0625,10400
1992-04-01,2.229147434234619,6.0,6.03125,5.9375,6.03125,219200
1992-04-02,2.217536687850952,5.96875,6.0,5.96875,6.0,20400
1992-04-03,2.19431734085083,5.90625,5.90625,5.90625,5.90625,4400
1992-04-06,2.171095848083496,5.84375,5.84375,5.84375,5.84375,3600
1992-04-07,2.0898258686065674,5.625,5.8125,5.625,5.75,36800
1992-04-08,2.0201635360717773,5.4375,5.5625,5.4375,5.5625,32800
1992-04-09,2.043384075164795,5.5,5.5,5.40625,5.40625,10000
1992-04-10,2.031773567199707,5.46875,5.5,5.4375,5.4375,26800
1992-04-13,2.043384075164795,5.5,5.5,5.4375,5.4375,28400
1992-04-14,2.043384075164795,5.5,5.5,5.5,5.5,400
1992-04-15,1.9969441890716553,5.375,5.46875,5.375,5.46875,81600
1992-04-16,2.031773567199707,5.46875,5.46875,5.375,5.40625,53600
1992-04-20,2.008554458618164,5.40625,5.46875,5.40625,5.46875,4400
1992-04-21,2.008554458618164,5.40625,5.40625,5.40625,5.40625,0
1992-04-22,1.9853345155715942,5.34375,5.40625,5.34375,5.375,67200
1992-04-23,1.9853345155715942,5.34375,5.34375,5.3125,5.34375,84800
1992-04-24,1.9737240076065063,5.3125,5.34375,5.3125,5.34375,74400
1992-04-27,1.9737240076065063,5.3125,5.3125,5.3125,5.3125,12000
1992-04-28,1.9969441890716553,5.375,5.40625,5.375,5.375,40000
1992-04-29,2.008554458618164,5.40625,5.40625,5.375,5.375,10000
1992-04-30,2.031773567199707,5.46875,5.46875,5.375,5.375,14800
1992-05-01,2.078214645385742,5.59375,5.78125,5.53125,5.53125,70400
1992-05-04,2.171095848083496,5.84375,5.875,5.78125,5.8125,108000
1992-05-05,2.19431734085083,5.90625,5.9375,5.84375,5.84375,26000
1992-05-06,2.2059261798858643,5.9375,6.0,5.9375,5.96875,18800
1992-05-07,2.229147434234619,6.0,6.0,6.0,6.0,800
1992-05-08,2.229147434234619,6.0,6.0,5.9375,5.9375,13200
1992-05-11,2.263977527618408,6.09375,6.09375,5.9375,5.9375,36400
1992-05-12,2.2523691654205322,6.0625,6.0625,6.0625,6.0625,25600
1992-05-13,2.229147434234619,6.0,6.0,6.0,6.0,11600
1992-05-14,2.1827054023742676,5.875,5.96875,5.875,5.96875,255600
1992-05-15,2.159486770629883,5.8125,5.84375,5.8125,5.84375,30000
1992-05-18,2.171095848083496,5.84375,5.84375,5.84375,5.84375,122000
1992-05-19,2.171095848083496,5.84375,5.84375,5.84375,5.84375,72000
1992-05-20,2.171095848083496,5.84375,5.84375,5.84375,5.84375,18000
1992-05-21,2.171095848083496,5.84375,5.84375,5.84375,5.84375,1200
1992-05-22,2.171095848083496,5.84375,5.84375,5.84375,5.84375,11200
1992-05-26,2.171095848083496,5.84375,5.84375,5.84375,5.84375,0
1992-05-27,2.171095848083496,5.84375,5.84375,5.84375,5.84375,12000
1992-05-28,2.159486770629883,5.8125,5.8125,5.8125,5.8125,1600
1992-05-29,2.159486770629883,5.8125,5.875,5.8125,5.84375,40400
1992-06-01,2.229147434234619,6.0,6.0,5.84375,5.84375,40000
1992-06-02,2.229147434234619,6.0,6.0,6.0,6.0,15600
1992-06-03,2.229147434234619,6.0,6.0625,5.9375,5.9375,10000
1992-06-04,2.229147434234619,6.0,6.0,6.0,6.0,0
1992-06-05,2.229147434234619,6.0,6.0,6.0,6.0,84000
1992-06-08,2.229147434234619,6.0,6.0,6.0,6.0,80000
1992-06-09,2.1827054023742676,5.875,5.9375,5.875,5.9375,33600
1992-06-10,2.1827054023742676,5.875,5.9375,5.875,5.9375,18000
1992-06-11,2.19431734085083,5.90625,5.96875,5.875,5.9375,72000
1992-06-12,2.1827054023742676,5.875,5.875,5.875,5.875,92800
1992-06-15,2.159486770629883,5.8125,5.875,5.8125,5.875,152400
1992-06-16,2.113044500350952,5.6875,5.75,5.6875,5.75,64800
1992-06-17,2.078214645385742,5.59375,5.6875,5.59375,5.6875,76000
1992-06-18,2.0666043758392334,5.5625,5.59375,5.5625,5.59375,116800
1992-06-19,2.0666043758392334,5.5625,5.625,5.5625,5.5625,96400
1992-06-22,2.05499529838562,5.53125,5.5625,5.53125,5.53125,31600
1992-06-23,1.9737240076065063,5.3125,5.5,5.3125,5.5,160400
1992-06-24,1.9886974096298218,5.3125,5.3125,5.25,5.25,32000
1992-06-25,2.012094020843506,5.375,5.375,5.3125,5.3125,16400
1992-06-26,2.035489797592163,5.4375,5.4375,5.4375,5.4375,10000
1992-06-29,2.0471882820129395,5.46875,5.5,5.46875,5.46875,141600
1992-06-30,2.0471882820129395,5.46875,5.5,5.46875,5.5,37600
1992-07-01,2.1056807041168213,5.625,5.71875,5.5,5.5,209200
1992-07-02,2.1173784732818604,5.65625,5.75,5.65625,5.6875,21600
1992-07-06,2.152472496032715,5.75,5.75,5.65625,5.65625,18800
1992-07-07,2.1992645263671875,5.875,5.875,5.875,5.875,17200
1992-07-08,2.2460591793060303,6.0,6.0,6.0,6.0,26000
1992-07-09,2.3045501708984375,6.15625,6.15625,6.0,6.0625,60400
1992-07-10,2.292851448059082,6.125,6.15625,6.09375,6.15625,29200
1992-07-13,2.339643716812134,6.25,6.25,6.21875,6.21875,17200
1992-07-14,2.339643716812134,6.25,6.25,6.25,6.25,19600
1992-07-15,2.351341962814331,6.28125,6.375,6.1875,6.3125,61600
1992-07-16,2.3630404472351074,6.3125,6.375,6.28125,6.3125,52000
1992-07-17,2.339643716812134,6.25,6.3125,6.25,6.25,22000
1992-07-20,2.292851448059082,6.125,6.21875,6.125,6.21875,13200
1992-07-21,2.3162481784820557,6.1875,6.1875,6.09375,6.125,22800
1992-07-22,2.3162481784820557,6.1875,6.1875,6.125,6.1875,35200
1992-07-23,2.281153440475464,6.09375,6.125,6.09375,6.125,12000
1992-07-24,2.281153440475464,6.09375,6.125,6.0625,6.0625,8400
1992-07-27,2.292851448059082,6.125,6.125,6.125,6.125,400
1992-07-28,2.292851448059082,6.125,6.125,6.125,6.125,0
1992-07-29,2.292851448059082,6.125,6.125,6.125,6.125,114400
1992-07-30,2.292851448059082,6.125,6.125,6.125,6.125,13600
1992-07-31,2.2694571018218994,6.0625,6.09375,6.0,6.09375,51200
1992-08-03,2.2577579021453857,6.03125,6.0625,6.0,6.0625,64800
1992-08-04,2.2577579021453857,6.03125,6.03125,6.03125,6.03125,8000
1992-08-05,2.2343602180480957,5.96875,6.0,5.96875,6.0,15600
1992-08-06,2.281153440475464,6.09375,6.125,6.0,6.0,20800
1992-08-07,2.3162481784820557,6.1875,6.1875,6.1875,6.1875,77600
1992-08-10,2.292851448059082,6.125,6.125,6.125,6.125,4000
1992-08-11,2.2577579021453857,6.03125,6.0625,6.03125,6.03125,273600
1992-08-12,2.2577579021453857,6.03125,6.03125,6.03125,6.03125,1200
1992-08-13,2.2460591793060303,6.0,6.03125,6.0,6.03125,440800
1992-08-14,2.2460591793060303,6.0,6.03125,6.0,6.03125,228800
1992-08-17,2.292851448059082,6.125,6.125,6.09375,6.09375,14400
1992-08-18,2.351341962814331,6.28125,6.28125,6.09375,6.09375,27200
1992-08-19,2.339643716812134,6.25,6.34375,6.25,6.34375,156800
1992-08-20,2.3630404472351074,6.3125,6.3125,6.3125,6.3125,16000
1992-08-21,2.339643716812134,6.25,6.25,6.25,6.25,10000
1992-08-24,2.386436700820923,6.375,6.375,6.21875,6.3125,113600
1992-08-25,2.3630404472351074,6.3125,6.40625,6.3125,6.34375,3600
1992-08-26,2.3630404472351074,6.3125,6.3125,6.3125,6.3125,0
1992-08-27,2.3630404472351074,6.3125,6.3125,6.3125,6.3125,4400
1992-08-28,2.43323016166687,6.5,6.53125,6.375,6.375,187600
1992-08-31,2.456627607345581,6.5625,6.5625,6.53125,6.5625,205600
1992-09-01,2.456627607345581,6.5625,6.5625,6.53125,6.53125,10800
1992-09-02,2.43323016166687,6.5,6.5,6.5,6.5,13600
1992-09-03,2.51511812210083,6.71875,6.71875,6.5625,6.5625,108000
1992-09-04,2.5502116680145264,6.8125,6.8125,6.71875,6.71875,292800
1992-09-08,2.5502116680145264,6.8125,6.8125,6.8125,6.8125,250800
1992-09-09,2.5268161296844482,6.75,6.8125,6.75,6.8125,238800
1992-09-10,2.4683244228363037,6.59375,6.6875,6.59375,6.6875,82800
1992-09-11,2.456627607345581,6.5625,6.5625,6.5625,6.5625,104000
1992-09-14,2.4800236225128174,6.625,6.625,6.625,6.625,202400
1992-09-15,2.456627607345581,6.5625,6.5625,6.5625,6.5625,8000
1992-09-16,2.398136854171753,6.40625,6.5625,6.40625,6.5625,20800
1992-09-17,2.40983510017395,6.4375,6.46875,6.40625,6.46875,67600
1992-09-18,2.339643716812134,6.25,6.375,6.25,6.375,23600
1992-09-21,2.3162481784820557,6.1875,6.1875,6.15625,6.1875,8000
1992-09-22,2.2694571018218994,6.0625,6.125,6.0625,6.125,68000
1992-09-23,2.2694571018218994,6.0625,6.0625,6.0625,6.0625,0
1992-09-24,2.496495246887207,6.625,6.625,6.0625,6.0625,127200
1992-09-25,2.5435986518859863,6.75,6.84375,6.6875,6.6875,135200
1992-09-28,2.5671496391296387,6.8125,6.8125,6.75,6.75,176800
1992-09-29,2.602478504180908,6.90625,6.9375,6.875,6.875,124400
1992-09-30,2.637805700302124,7.0,7.0,6.9375,6.9375,151200
1992-10-01,2.6849098205566406,7.125,7.125,7.0,7.0,79200
1992-10-02,2.6260292530059814,6.96875,7.09375,6.96875,7.09375,102800
1992-10-05,2.5435986518859863,6.75,6.90625,6.6875,6.90625,33200
1992-10-06,2.6613574028015137,7.0625,7.0625,6.8125,6.8125,155200
1992-10-07,2.649580955505371,7.03125,7.0625,7.0,7.0,48800
1992-10-08,2.6966850757598877,7.15625,7.15625,7.03125,7.09375,74400
1992-10-09,2.6966850757598877,7.15625,7.21875,7.15625,7.21875,20400
1992-10-12,2.7084615230560303,7.1875,7.1875,7.1875,7.1875,400
1992-10-13,2.720236301422119,7.21875,7.21875,7.15625,7.15625,7200
1992-10-14,2.6966850757598877,7.15625,7.25,7.15625,7.21875,4400
1992-10-15,2.6966850757598877,7.15625,7.1875,7.15625,7.1875,107200
1992-10-16,2.6966850757598877,7.15625,7.15625,7.15625,7.15625,54800
1992-10-19,2.6142539978027344,6.9375,7.21875,6.9375,7.21875,60000
1992-10-20,2.5435986518859863,6.75,6.90625,6.75,6.90625,367600
1992-10-21,2.6613574028015137,7.0625,7.0625,6.75,6.75,122000
1992-10-22,2.602478504180908,6.90625,7.03125,6.875,7.0,640400
1992-10-23,2.6142539978027344,6.9375,6.9375,6.875,6.875,125600
1992-10-26,2.6260292530059814,6.96875,6.96875,6.90625,6.90625,10400
1992-10-27,2.6142539978027344,6.9375,6.9375,6.875,6.90625,26800
1992-10-28,2.6142539978027344,6.9375,6.9375,6.9375,6.9375,77600
1992-10-29,2.6260292530059814,6.96875,6.96875,6.96875,6.96875,2000
1992-10-30,2.602478504180908,6.90625,7.0,6.90625,6.90625,34000
1992-11-02,2.6613574028015137,7.0625,7.0625,6.875,6.875,49600
1992-11-03,2.637805700302124,7.0,7.0625,7.0,7.0625,39200
1992-11-04,2.649580955505371,7.03125,7.03125,6.96875,6.96875,800
1992-11-05,2.649580955505371,7.03125,7.03125,7.03125,7.03125,5200
1992-11-06,2.649580955505371,7.03125,7.03125,7.0,7.0,11200
1992-11-09,2.6849098205566406,7.125,7.125,7.0,7.0,29600
1992-11-10,2.6849098205566406,7.125,7.125,7.0625,7.0625,216000
1992-11-11,2.7084615230560303,7.1875,7.1875,7.0625,7.0625,24400
1992-11-12,2.743788480758667,7.28125,7.28125,7.21875,7.21875,8000
1992-11-13,2.7320139408111572,7.25,7.25,7.1875,7.21875,23200
1992-11-16,2.7320139408111572,7.25,7.25,7.15625,7.1875,23600
1992-11-17,2.6849098205566406,7.125,7.3125,7.125,7.3125,399200
1992-11-18,2.720236301422119,7.21875,7.21875,7.1875,7.1875,25200
1992-11-19,2.7084615230560303,7.1875,7.1875,7.15625,7.1875,108400
1992-11-20,2.6613574028015137,7.0625,7.125,7.0625,7.125,23200
1992-11-23,2.637805700302124,7.0,7.0,6.96875,7.0,60000
1992-11-24,2.602478504180908,6.90625,6.96875,6.90625,6.96875,3200
1992-11-25,2.637805700302124,7.0,7.0,6.90625,6.90625,44000
1992-11-27,2.602478504180908,6.90625,7.0,6.90625,7.0,19600
1992-11-30,2.602478504180908,6.90625,6.90625,6.90625,6.90625,0
1992-12-01,2.637805700302124,7.0,7.0,6.9375,6.96875,22800
1992-12-02,2.6613574028015137,7.0625,7.0625,7.0,7.0,11600
1992-12-03,2.673133134841919,7.09375,7.09375,7.0625,7.09375,14000
1992-12-04,2.5907034873962402,6.875,7.03125,6.875,7.03125,17200
1992-12-07,2.637805700302124,7.0,7.0,6.9375,6.9375,161600
1992-12-08,2.5907034873962402,6.875,7.0,6.875,7.0,32800
1992-12-09,2.5907034873962402,6.875,6.90625,6.875,6.90625,6800
1992-12-10,2.602478504180908,6.90625,6.9375,6.875,6.9375,112400
1992-12-11,2.5789265632629395,6.84375,6.9375,6.84375,6.9375,12800
1992-12-14,2.602478504180908,6.90625,6.90625,6.8125,6.90625,29600
1992-12-15,2.5907034873962402,6.875,6.875,6.875,6.875,8000
1992-12-16,2.5671496391296387,6.8125,6.84375,6.8125,6.84375,102800
1992-12-17,2.5789265632629395,6.84375,6.875,6.84375,6.875,14000
1992-12-18,2.5789265632629395,6.84375,6.90625,6.8125,6.90625,17600
1992-12-21,2.6142539978027344,6.9375,6.9375,6.84375,6.84375,19200
1992-12-22,2.6142539978027344,6.9375,6.9375,6.84375,6.875,68800
1992-12-23,2.6260292530059814,6.96875,6.96875,6.90625,6.9375,32800
1992-12-24,2.6175031661987305,6.90625,6.90625,6.90625,6.90625,0
1992-12-28,2.641188859939575,6.96875,6.96875,6.875,6.90625,48400
1992-12-29,2.66487717628479,7.03125,7.09375,7.03125,7.03125,24000
1992-12-30,2.7004096508026123,7.125,7.125,7.0,7.0,20400
1992-12-31,2.6767220497131348,7.0625,7.0625,7.0625,7.0625,1600
1993-01-04,2.6293461322784424,6.9375,7.0625,6.90625,7.0625,64000
1993-01-05,2.522749900817871,6.65625,6.875,6.65625,6.875,95600
1993-01-06,2.5582830905914307,6.75,6.75,6.65625,6.65625,102400
1993-01-07,2.534595489501953,6.6875,6.6875,6.6875,6.6875,25200
1993-01-08,2.5109074115753174,6.625,6.625,6.5625,6.625,40800
1993-01-11,2.463531732559204,6.5,6.5625,6.5,6.5625,93200
1993-01-12,2.439845561981201,6.4375,6.5,6.4375,6.4375,13600
1993-01-13,2.4161555767059326,6.375,6.4375,6.375,6.4375,98800
1993-01-14,2.439845561981201,6.4375,6.4375,6.375,6.375,11600
1993-01-15,2.4280014038085938,6.40625,6.4375,6.375,6.375,128000
1993-01-18,2.439845561981201,6.4375,6.4375,6.40625,6.40625,7200
1993-01-19,2.5582830905914307,6.75,6.875,6.46875,6.5,136400
1993-01-20,2.5464394092559814,6.71875,6.78125,6.71875,6.75,52000
1993-01-21,2.5109074115753174,6.625,6.65625,6.59375,6.65625,25600
1993-01-22,2.475375175476074,6.53125,6.59375,6.53125,6.5625,7600
1993-01-25,2.6056599617004395,6.875,6.875,6.59375,6.59375,788000
1993-01-26,2.6175031661987305,6.90625,7.0,6.84375,6.84375,751200
1993-01-27,2.641188859939575,6.96875,7.0,6.9375,6.96875,161200
1993-01-28,2.65303373336792,7.0,7.0,6.9375,6.9375,118400
1993-01-29,2.65303373336792,7.0,7.0,7.0,7.0,70400
1993-02-01,2.6767220497131348,7.0625,7.0625,6.96875,7.0,41200
1993-02-02,2.747786283493042,7.25,7.25,7.0,7.0,144000
1993-02-03,2.747786283493042,7.25,7.25,7.125,7.125,165600
1993-02-04,3.0320398807525635,8.0,8.25,7.15625,7.25,518400
1993-02-05,3.0794150829315186,8.125,8.25,8.0625,8.15625,1257200
1993-02-08,3.1031031608581543,8.1875,8.21875,8.125,8.125,570800
1993-02-09,3.268916368484497,8.625,8.65625,8.125,8.125,652000
1993-02-10,3.257072925567627,8.59375,8.59375,8.4375,8.5625,228000
1993-02-11,3.2215416431427,8.5,8.59375,8.4375,8.5625,213600
1993-02-12,3.2215416431427,8.5,8.75,8.46875,8.46875,281600
1993-02-16,3.1031031608581543,8.1875,8.4375,7.90625,8.4375,294400
1993-02-17,3.1386353969573975,8.28125,8.375,8.25,8.25,134400
1993-02-18,3.1386353969573975,8.28125,8.4375,8.28125,8.28125,93200
1993-02-19,3.1860098838806152,8.40625,8.46875,8.25,8.25,170800
1993-02-22,3.1860098838806152,8.40625,8.4375,8.34375,8.40625,86400
1993-02-23,3.1860098838806152,8.40625,8.40625,8.3125,8.34375,22800
1993-02-24,3.126791000366211,8.25,8.34375,8.25,8.34375,218400
1993-02-25,3.1504788398742676,8.3125,8.3125,8.1875,8.1875,151600
1993-02-26,3.174166202545166,8.375,8.375,8.3125,8.34375,212000
1993-03-01,3.1623222827911377,8.34375,8.375,8.3125,8.375,196000
1993-03-02,3.2215416431427,8.5,8.5,8.34375,8.34375,246000
1993-03-03,3.233384609222412,8.53125,8.53125,8.5,8.5,233600
1993-03-04,3.2215416431427,8.5,8.5,8.4375,8.5,146000
1993-03-05,3.257072925567627,8.59375,8.59375,8.5,8.5,38000
1993-03-08,3.268916368484497,8.625,8.625,8.53125,8.59375,74400
1993-03-09,3.292603015899658,8.6875,8.6875,8.5,8.5625,255200
1993-03-10,3.1860098838806152,8.40625,8.65625,8.40625,8.65625,117200
1993-03-11,3.1978540420532227,8.4375,8.46875,8.40625,8.4375,130400
1993-03-12,3.1504788398742676,8.3125,8.375,8.28125,8.375,24800
1993-03-15,3.2096970081329346,8.46875,8.46875,8.3125,8.375,60400
1993-03-16,3.2452304363250732,8.5625,8.625,8.4375,8.5,68400
1993-03-17,3.1978540420532227,8.4375,8.5625,8.4375,8.53125,48000
1993-03-18,3.2452304363250732,8.5625,8.5625,8.46875,8.46875,318000
1993-03-19,3.2215416431427,8.5,8.5625,8.5,8.53125,10800
1993-03-22,3.233384609222412,8.53125,8.53125,8.46875,8.46875,154000
1993-03-23,3.2096970081329346,8.46875,8.53125,8.40625,8.5,19200
1993-03-24,3.1978540420532227,8.4375,8.46875,8.40625,8.4375,96800
1993-03-25,3.179276466369629,8.34375,8.4375,8.34375,8.4375,12800
1993-03-26,3.2150003910064697,8.4375,8.5,8.34375,8.375,97600
1993-03-29,3.2388153076171875,8.5,8.5625,8.4375,8.4375,110400
1993-03-30,3.3459813594818115,8.78125,8.8125,8.5625,8.5625,263200
1993-03-31,3.381701946258545,8.875,8.90625,8.84375,8.84375,35200
1993-04-01,3.3340721130371094,8.75,8.875,8.75,8.84375,42000
1993-04-02,3.3340721130371094,8.75,8.75,8.6875,8.6875,18000
1993-04-05,3.32216739654541,8.71875,8.71875,8.65625,8.65625,20000
1993-04-06,3.32216739654541,8.71875,8.71875,8.65625,8.65625,19600
1993-04-07,3.381701946258545,8.875,8.875,8.6875,8.6875,109200
1993-04-08,3.3578884601593018,8.8125,8.875,8.8125,8.84375,11600
1993-04-12,3.381701946258545,8.875,8.875,8.78125,8.8125,64800
1993-04-13,3.465055465698242,9.09375,9.09375,8.9375,8.9375,139600
1993-04-14,3.500776767730713,9.1875,9.1875,9.09375,9.09375,75600
1993-04-15,3.32216739654541,8.71875,9.34375,8.6875,9.3125,295200
1993-04-16,3.3340721130371094,8.75,8.75,8.65625,8.65625,511600
1993-04-19,3.3578884601593018,8.8125,8.90625,8.75,8.8125,46400
1993-04-20,3.2864444255828857,8.625,8.75,8.5625,8.75,158400
1993-04-21,3.2745373249053955,8.59375,8.6875,8.59375,8.65625,6000
1993-04-22,3.2388153076171875,8.5,8.59375,8.5,8.59375,18400
1993-04-23,3.179276466369629,8.34375,8.53125,8.3125,8.53125,266400
1993-04-26,3.072110652923584,8.0625,8.28125,8.0625,8.28125,39600
1993-04-27,3.036391019821167,7.96875,8.0,7.96875,8.0,4800
1993-04-28,3.060203790664673,8.03125,8.0625,8.0,8.0,135200
1993-04-29,3.107832193374634,8.15625,8.15625,8.0625,8.0625,86400
1993-04-30,3.191185712814331,8.375,8.40625,8.09375,8.09375,415200
1993-05-03,3.191185712814331,8.375,8.375,8.25,8.3125,29600
1993-05-04,3.2150003910064697,8.4375,8.4375,8.40625,8.40625,80000
1993-05-05,3.2150003910064697,8.4375,8.4375,8.375,8.375,10000
1993-05-06,3.2388153076171875,8.5,8.53125,8.46875,8.53125,410800
1993-05-07,3.2388153076171875,8.5,8.5625,8.4375,8.5625,24400
1993-05-10,3.2388153076171875,8.5,8.5,8.46875,8.5,18800
1993-05-11,3.2507216930389404,8.53125,8.53125,8.46875,8.5,34800
1993-05-12,3.3102574348449707,8.6875,8.6875,8.59375,8.59375,35600
1993-05-13,3.3102574348449707,8.6875,8.75,8.6875,8.75,141600
1993-05-14,3.2864444255828857,8.625,8.75,8.625,8.6875,9200
1993-05-17,3.2864444255828857,8.625,8.65625,8.625,8.65625,12800
1993-05-18,3.2745373249053955,8.59375,8.59375,8.59375,8.59375,2400
1993-05-19,3.22690749168396,8.46875,8.53125,8.4375,8.53125,60000
1993-05-20,3.2150003910064697,8.4375,8.4375,8.40625,8.40625,26400
1993-05-21,3.2983529567718506,8.65625,8.65625,8.375,8.375,152800
1993-05-24,3.3578884601593018,8.8125,8.8125,8.625,8.625,25200
1993-05-25,3.3340721130371094,8.75,8.8125,8.6875,8.8125,35600
1993-05-26,3.2983529567718506,8.65625,8.6875,8.59375,8.6875,90800
1993-05-27,3.2745373249053955,8.59375,8.625,8.5625,8.625,79600
1993-05-28,3.179276466369629,8.34375,8.5625,8.34375,8.5625,1214800
1993-06-01,3.1197402477264404,8.1875,8.375,8.15625,8.375,68400
1993-06-02,3.1316475868225098,8.21875,8.21875,8.125,8.125,44000
1993-06-03,3.143555164337158,8.25,8.3125,8.1875,8.25,117600
1993-06-04,3.1197402477264404,8.1875,8.1875,8.125,8.1875,25600
1993-06-07,3.1197402477264404,8.1875,8.1875,8.15625,8.15625,62400
1993-06-08,3.095926523208618,8.125,8.1875,8.125,8.15625,24000
1993-06-09,3.095926523208618,8.125,8.125,8.0625,8.125,50400
1993-06-10,2.9649434089660645,7.78125,8.0625,7.75,8.0625,301600
1993-06-11,2.9887585639953613,7.84375,7.84375,7.75,7.78125,210400
1993-06-14,3.0482966899871826,8.0,8.0,7.84375,7.875,174800
1993-06-15,3.0482966899871826,8.0,8.0,7.9375,8.0,62400
1993-06-16,3.0482966899871826,8.0,8.03125,8.0,8.0,42400
1993-06-17,3.072110652923584,8.0625,8.0625,8.0,8.03125,32000
1993-06-18,3.072110652923584,8.0625,8.125,8.03125,8.0625,69600
1993-06-21,3.1197402477264404,8.1875,8.1875,8.0625,8.0625,40800
1993-06-22,3.060203790664673,8.03125,8.1875,8.03125,8.15625,47600
1993-06-23,3.060203790664673,8.03125,8.09375,8.03125,8.09375,34000
1993-06-24,3.1133711338043213,8.125,8.125,7.96875,8.03125,75200
1993-06-25,3.1133711338043213,8.125,8.15625,8.0625,8.125,17200
1993-06-28,3.1373202800750732,8.1875,8.25,8.15625,8.15625,24400
1993-06-29,3.18521785736084,8.3125,8.3125,8.21875,8.21875,122000
1993-06-30,3.149292469024658,8.21875,8.375,8.21875,8.375,47200
1993-07-01,3.0894203186035156,8.0625,8.25,8.0625,8.25,78400
1993-07-02,3.041524887084961,7.9375,8.0625,7.9375,8.0625,36400
1993-07-06,3.005600929260254,7.84375,7.96875,7.84375,7.96875,90400
1993-07-07,2.981651782989502,7.78125,7.90625,7.78125,7.875,14800
1993-07-08,2.9696764945983887,7.75,7.84375,7.75,7.84375,90400
1993-07-09,3.0534980297088623,7.96875,7.96875,7.8125,7.8125,53600
1993-07-12,3.017573356628418,7.875,7.9375,7.875,7.90625,23600
1993-07-13,3.005600929260254,7.84375,7.875,7.84375,7.875,1200
1993-07-14,3.0654726028442383,8.0,8.0,7.875,7.90625,52800
1993-07-15,3.0295488834381104,7.90625,8.0,7.875,8.0,50000
1993-07-16,3.0295488834381104,7.90625,7.90625,7.84375,7.90625,28400
1993-07-19,3.0295488834381104,7.90625,7.90625,7.875,7.875,15200
1993-07-20,3.017573356628418,7.875,8.03125,7.875,7.90625,57600
1993-07-21,3.0295488834381104,7.90625,7.96875,7.90625,7.9375,17600
1993-07-22,3.017573356628418,7.875,7.96875,7.875,7.96875,76400
1993-07-23,3.0295488834381104,7.90625,8.0,7.875,7.9375,87200
1993-07-26,3.0534980297088623,7.96875,8.0,7.9375,7.96875,141600
1993-07-27,3.0654726028442383,8.0,8.0,7.9375,7.9375,84800
1993-07-28,3.041524887084961,7.9375,8.0,7.90625,8.0,23200
1993-07-29,3.041524887084961,7.9375,7.96875,7.90625,7.96875,11200
1993-07-30,3.017573356628418,7.875,7.9375,7.875,7.875,7600
1993-08-02,3.017573356628418,7.875,7.9375,7.875,7.9375,29600
1993-08-03,2.9936256408691406,7.8125,7.875,7.8125,7.875,93200
1993-08-04,2.9577038288116455,7.71875,7.75,7.6875,7.75,69200
1993-08-05,2.8978307247161865,7.5625,7.71875,7.5,7.71875,81600
1993-08-06,2.849931478500366,7.4375,7.625,7.375,7.625,184000
1993-08-09,2.873879909515381,7.5,7.53125,7.4375,7.4375,20400
1993-08-10,2.8978307247161865,7.5625,7.5625,7.53125,7.5625,19200
1993-08-11,2.933753728866577,7.65625,7.65625,7.5625,7.59375,126800
1993-08-12,2.9457287788391113,7.6875,7.75,7.6875,7.71875,26000
1993-08-13,2.9577038288116455,7.71875,7.78125,7.71875,7.75,117600
1993-08-16,2.981651782989502,7.78125,7.78125,7.6875,7.6875,166400
1993-08-17,2.9936256408691406,7.8125,7.8125,7.75,7.75,79600
1993-08-18,3.005600929260254,7.84375,7.875,7.8125,7.8125,34800
1993-08-19,3.005600929260254,7.84375,7.875,7.75,7.875,53600
1993-08-20,2.9696764945983887,7.75,7.84375,7.6875,7.84375,74000
1993-08-23,2.9577038288116455,7.71875,7.8125,7.71875,7.8125,17600
1993-08-24,3.017573356628418,7.875,7.875,7.75,7.75,40400
1993-08-25,3.017573356628418,7.875,7.875,7.84375,7.84375,16000
1993-08-26,3.005600929260254,7.84375,7.875,7.8125,7.875,33600
1993-08-27,3.017573356628418,7.875,7.875,7.84375,7.875,324000
1993-08-30,3.005600929260254,7.84375,7.875,7.84375,7.875,51600
1993-08-31,3.017573356628418,7.875,7.875,7.8125,7.875,45200
1993-09-01,3.005600929260254,7.84375,7.875,7.8125,7.875,50400
1993-09-02,2.9696764945983887,7.75,7.875,7.75,7.875,49600
1993-09-03,2.9696764945983887,7.75,7.8125,7.75,7.75,18400
1993-09-07,2.981651782989502,7.78125,7.875,7.75,7.75,34000
1993-09-08,3.017573356628418,7.875,7.875,7.78125,7.78125,59200
1993-09-09,3.0654726028442383,8.0,8.0,7.84375,7.84375,98400
1993-09-10,3.0654726028442383,8.0,8.0625,8.0,8.0,33600
1993-09-13,3.0654726028442383,8.0,8.03125,7.96875,8.0,22000
1993-09-14,3.041524887084961,7.9375,7.9375,7.9375,7.9375,39600
1993-09-15,3.0295488834381104,7.90625,7.96875,7.90625,7.9375,51200
1993-09-16,3.041524887084961,7.9375,7.9375,7.90625,7.9375,26400
1993-09-17,3.0534980297088623,7.96875,7.96875,7.90625,7.9375,29200
1993-09-20,3.0295488834381104,7.90625,7.96875,7.90625,7.96875,45200
1993-09-21,3.005600929260254,7.84375,7.96875,7.84375,7.90625,49600
1993-09-22,2.9696764945983887,7.75,7.875,7.71875,7.84375,77200
1993-09-23,2.8978307247161865,7.5625,7.71875,7.5625,7.71875,326000
1993-09-24,2.975407600402832,7.71875,7.71875,7.5625,7.5625,91200
1993-09-27,3.0356390476226807,7.875,7.875,7.75,7.75,34000
1993-09-28,3.0958688259124756,8.03125,8.0625,7.875,7.9375,146400
1993-09-29,3.1199607849121094,8.09375,8.09375,8.03125,8.09375,57200
1993-09-30,3.0838234424591064,8.0,8.03125,7.9375,8.03125,40800
1993-10-01,3.0597305297851562,7.9375,7.96875,7.9375,7.9375,5200
1993-10-04,3.071777105331421,7.96875,7.96875,7.90625,7.96875,15600
1993-10-05,3.071777105331421,7.96875,8.0,7.9375,7.96875,20800
1993-10-06,3.1320083141326904,8.125,8.125,7.96875,8.0,26000
1993-10-07,3.1320083141326904,8.125,8.125,8.0625,8.125,15200
1993-10-08,3.071777105331421,7.96875,8.125,7.9375,8.125,31600
1993-10-11,3.0597305297851562,7.9375,7.96875,7.90625,7.9375,23600
1993-10-12,3.0838234424591064,8.0,8.0,7.9375,7.96875,42400
1993-10-13,3.2645161151885986,8.46875,8.46875,8.0,8.0,364000
1993-10-14,3.3970234394073486,8.8125,8.8125,8.46875,8.53125,214800
1993-10-15,3.4090709686279297,8.84375,8.84375,8.75,8.78125,185600
1993-10-18,3.3970234394073486,8.8125,8.875,8.78125,8.84375,42000
1993-10-19,3.348839044570923,8.6875,8.84375,8.6875,8.84375,201600
1993-10-20,3.384977340698242,8.78125,8.78125,8.71875,8.75,70400
1993-10-21,3.3729305267333984,8.75,8.8125,8.71875,8.8125,121200
1993-10-22,3.348839044570923,8.6875,8.8125,8.6875,8.75,54800
1993-10-25,3.3970234394073486,8.8125,8.8125,8.6875,8.75,54400
1993-10-26,3.3729305267333984,8.75,8.8125,8.75,8.78125,129600
1993-10-27,3.421116828918457,8.875,8.875,8.8125,8.8125,196400
1993-10-28,3.384977340698242,8.78125,8.8125,8.78125,8.8125,40400
1993-10-29,3.5656707286834717,9.25,9.25,8.8125,8.8125,105200
1993-11-01,3.5174834728240967,9.125,9.25,9.0,9.25,85600
1993-11-02,3.433161735534668,8.90625,9.0625,8.875,9.0625,91600
1993-11-03,3.4452080726623535,8.9375,8.96875,8.90625,8.90625,153600
1993-11-04,3.4572536945343018,8.96875,9.0,8.9375,8.96875,72400
1993-11-05,3.4452080726623535,8.9375,8.9375,8.875,8.9375,19600
1993-11-08,3.4090709686279297,8.84375,8.9375,8.84375,8.9375,254400
1993-11-09,3.4572536945343018,8.96875,8.96875,8.8125,8.8125,110000
1993-11-10,3.469299554824829,9.0,9.0,8.90625,8.90625,46800
1993-11-11,3.5054378509521484,9.09375,9.125,8.9375,9.0,38400
1993-11-12,3.5415756702423096,9.1875,9.1875,9.03125,9.03125,32800
1993-11-15,3.4813485145568848,9.03125,9.1875,9.03125,9.1875,41200
1993-11-16,3.4813485145568848,9.03125,9.0625,9.0,9.0625,52000
1993-11-17,3.4813485145568848,9.03125,9.0625,9.03125,9.03125,46800
1993-11-18,3.4813485145568848,9.03125,9.09375,9.03125,9.09375,2400
1993-11-19,3.421116828918457,8.875,9.0625,8.875,9.03125,116800
1993-11-22,3.3608853816986084,8.71875,8.875,8.65625,8.875,348800
1993-11-23,3.336793899536133,8.65625,8.6875,8.65625,8.6875,42400
1993-11-24,3.348839044570923,8.6875,8.71875,8.625,8.65625,90800
1993-11-26,3.3247463703155518,8.625,8.625,8.625,8.625,1200
1993-11-29,3.3608853816986084,8.71875,8.71875,8.65625,8.65625,22000
1993-11-30,3.3006539344787598,8.5625,8.6875,8.5,8.6875,129200
1993-12-01,3.312701463699341,8.59375,8.625,8.53125,8.5625,155600
1993-12-02,3.3247463703155518,8.625,8.625,8.59375,8.59375,205600
1993-12-03,3.3247463703155518,8.625,8.65625,8.625,8.65625,4400
1993-12-06,3.3608853816986084,8.71875,8.71875,8.6875,8.6875,13200
1993-12-07,3.3608853816986084,8.71875,8.8125,8.71875,8.75,177600
1993-12-08,3.3970234394073486,8.8125,8.8125,8.78125,8.78125,27200
1993-12-09,3.3970234394073486,8.8125,8.875,8.8125,8.8125,228800
1993-12-10,3.4090709686279297,8.84375,8.84375,8.8125,8.8125,32400
1993-12-13,3.4090709686279297,8.84375,8.875,8.8125,8.8125,43600
1993-12-14,3.421116828918457,8.875,8.90625,8.875,8.90625,61200
1993-12-15,3.4572536945343018,8.96875,8.96875,8.90625,8.90625,24800
1993-12-16,3.469299554824829,9.0,9.0,9.0,9.0,12000
1993-12-17,3.5174834728240967,9.125,9.125,9.09375,9.09375,130800
1993-12-20,3.57771635055542,9.28125,9.28125,9.1875,9.1875,47600
1993-12-21,3.5295326709747314,9.15625,9.25,9.125,9.25,113600
1993-12-22,3.4452080726623535,8.9375,9.15625,8.9375,9.125,30400
1993-12-23,3.421116828918457,8.875,8.9375,8.875,8.9375,100800
1993-12-27,3.4264442920684814,8.84375,8.90625,8.8125,8.8125,12400
1993-12-28,3.4264442920684814,8.84375,8.84375,8.75,8.8125,19600
1993-12-29,3.4748740196228027,8.96875,8.96875,8.875,8.875,15600
1993-12-30,3.4627649784088135,8.9375,9.0,8.9375,9.0,8400
1993-12-31,3.5111968517303467,9.0625,9.0625,8.96875,8.96875,13200
1994-01-03,3.5111968517303467,9.0625,9.09375,8.96875,9.0,80400
1994-01-04,3.438551425933838,8.875,9.0,8.84375,9.0,46400
1994-01-05,3.4627649784088135,8.9375,8.9375,8.875,8.90625,220800
1994-01-06,3.450657844543457,8.90625,8.96875,8.90625,8.96875,10400
1994-01-07,3.4748740196228027,8.96875,9.0,8.90625,8.90625,167200
1994-01-10,3.4869818687438965,9.0,9.09375,9.0,9.0,50800
1994-01-11,3.4748740196228027,8.96875,8.96875,8.9375,8.96875,6400
1994-01-12,3.365903854370117,8.6875,8.90625,8.6875,8.90625,112400
1994-01-13,3.26904559135437,8.4375,8.6875,8.4375,8.6875,222000
1994-01-14,3.281151294708252,8.46875,8.5,8.4375,8.5,28400
1994-01-17,3.26904559135437,8.4375,8.5,8.4375,8.46875,508000
1994-01-18,3.3053672313690186,8.53125,8.53125,8.4375,8.46875,165200
1994-01-19,3.317474842071533,8.5625,8.59375,8.46875,8.5,466000
1994-01-20,3.039000988006592,7.84375,8.46875,7.75,8.46875,529600
1994-01-21,3.0026767253875732,7.75,7.84375,7.625,7.84375,249600
1994-01-24,2.930032968521118,7.5625,7.75,7.5,7.75,193600
1994-01-25,2.893709421157837,7.46875,7.625,7.375,7.5625,491600
1994-01-26,2.9058163166046143,7.5,7.5,7.34375,7.4375,110000
1994-01-27,2.9542477130889893,7.625,7.625,7.4375,7.46875,382400
1994-01-28,2.9663524627685547,7.65625,7.71875,7.625,7.625,116800
1994-01-31,3.0026767253875732,7.75,7.75,7.625,7.625,154800
1994-02-01,3.014786958694458,7.78125,7.78125,7.625,7.75,398400
1994-02-02,3.026892900466919,7.8125,8.0,7.75,7.8125,274400
1994-02-03,3.0026767253875732,7.75,7.75,7.65625,7.75,590000
1994-02-04,2.930032968521118,7.5625,7.78125,7.5625,7.78125,106800
1994-02-07,2.9784634113311768,7.6875,7.6875,7.53125,7.53125,151600
1994-02-08,3.099538803100586,8.0,8.0,7.75,7.75,82800
1994-02-09,3.0753238201141357,7.9375,8.0,7.90625,7.9375,236800
1994-02-10,3.063215970993042,7.90625,7.96875,7.90625,7.96875,25600
1994-02-11,3.051109552383423,7.875,7.90625,7.875,7.90625,32800
1994-02-14,3.026892900466919,7.8125,7.8125,7.8125,7.8125,90400
1994-02-15,3.063215970993042,7.90625,7.90625,7.8125,7.8125,167600
1994-02-16,3.051109552383423,7.875,7.875,7.84375,7.875,12400
1994-02-17,3.026892900466919,7.8125,7.875,7.8125,7.875,219200
1994-02-18,2.9784634113311768,7.6875,7.875,7.6875,7.875,173600
1994-02-22,3.0026767253875732,7.75,7.75,7.71875,7.71875,55600
1994-02-23,2.9784634113311768,7.6875,7.75,7.625,7.75,197600
1994-02-24,2.9058163166046143,7.5,7.625,7.5,7.625,111600
1994-02-25,2.8573882579803467,7.375,7.5,7.375,7.5,50000
1994-02-28,2.930032968521118,7.5625,7.5625,7.34375,7.34375,74800
1994-03-01,2.917924404144287,7.53125,7.5625,7.5,7.5,24000
1994-03-02,2.9421393871307373,7.59375,7.59375,7.46875,7.5,24400
1994-03-03,2.917924404144287,7.53125,7.5625,7.53125,7.5625,35600
1994-03-04,2.881601333618164,7.4375,7.46875,7.40625,7.4375,149600
1994-03-07,2.917924404144287,7.53125,7.53125,7.5,7.5,10400
1994-03-08,2.881601333618164,7.4375,7.53125,7.4375,7.5,503600
1994-03-09,2.845280408859253,7.34375,7.40625,7.34375,7.40625,123200
1994-03-10,2.8089568614959717,7.25,7.3125,7.21875,7.3125,82000
1994-03-11,2.7968502044677734,7.21875,7.3125,7.21875,7.21875,56400
1994-03-14,2.7605268955230713,7.125,7.25,7.125,7.25,71200
1994-03-15,2.7968502044677734,7.21875,7.21875,7.1875,7.1875,31600
1994-03-16,2.784742832183838,7.1875,7.1875,7.1875,7.1875,26000
1994-03-17,2.7726352214813232,7.15625,7.21875,7.15625,7.1875,86000
1994-03-18,2.784742832183838,7.1875,7.21875,7.15625,7.1875,156000
1994-03-21,2.7968502044677734,7.21875,7.21875,7.1875,7.1875,32000
1994-03-22,2.833172559738159,7.3125,7.375,7.25,7.25,80800
1994-03-23,2.833172559738159,7.3125,7.3125,7.25,7.25,41200
1994-03-24,2.7968502044677734,7.21875,7.28125,7.21875,7.28125,18800
1994-03-25,2.7939224243164062,7.15625,7.1875,7.15625,7.1875,144000
1994-03-28,2.8183226585388184,7.21875,7.25,7.21875,7.21875,61200
1994-03-29,2.7939224243164062,7.15625,7.25,7.15625,7.25,50400
1994-03-30,2.7939224243164062,7.15625,7.15625,7.125,7.15625,12800
1994-03-31,2.781721353530884,7.125,7.1875,7.0625,7.125,68000
1994-04-04,2.769519805908203,7.09375,7.15625,7.03125,7.09375,21200
1994-04-05,2.781721353530884,7.125,7.15625,7.125,7.15625,5600
1994-04-06,2.7939224243164062,7.15625,7.15625,7.125,7.15625,10400
1994-04-07,2.8061225414276123,7.1875,7.1875,7.15625,7.15625,800
1994-04-08,2.854923963546753,7.3125,7.34375,7.21875,7.21875,66400
1994-04-11,2.854923963546753,7.3125,7.34375,7.3125,7.3125,71200
1994-04-12,2.8671247959136963,7.34375,7.4375,7.34375,7.375,32000
1994-04-13,2.8671247959136963,7.34375,7.375,7.34375,7.375,11600
1994-04-14,2.8671247959136963,7.34375,7.34375,7.34375,7.34375,1200
1994-04-15,2.879326105117798,7.375,7.4375,7.375,7.40625,14400
1994-04-18,2.952528715133667,7.5625,7.5625,7.375,7.375,60800
1994-04-19,2.976928949356079,7.625,7.6875,7.59375,7.59375,9600
1994-04-20,3.0013303756713867,7.6875,7.6875,7.625,7.625,4400
1994-04-21,2.976928949356079,7.625,7.71875,7.625,7.65625,18800
1994-04-22,3.0013303756713867,7.6875,7.71875,7.65625,7.6875,76000
1994-04-25,3.01353120803833,7.71875,7.71875,7.6875,7.71875,41600
1994-04-26,3.0013303756713867,7.6875,7.703125,7.6875,7.6875,18400
1994-04-28,3.0745344161987305,7.875,7.90625,7.71875,7.75,151200
1994-04-29,3.0989346504211426,7.9375,7.96875,7.9375,7.9375,59200
1994-05-02,3.123335838317871,8.0,8.0,8.0,8.0,65200
1994-05-03,3.196537733078003,8.1875,8.1875,8.0,8.0,120400
1994-05-04,3.2331411838531494,8.28125,8.28125,8.1875,8.1875,156800
1994-05-05,3.2575411796569824,8.34375,8.34375,8.28125,8.28125,19200
1994-05-06,3.2575411796569824,8.34375,8.34375,8.34375,8.34375,26800
1994-05-09,3.245339870452881,8.3125,8.3125,8.3125,8.3125,7200
1994-05-10,3.196537733078003,8.1875,8.3125,8.1875,8.28125,201200
1994-05-11,3.184338092803955,8.15625,8.25,8.15625,8.25,14000
1994-05-12,3.1721394062042236,8.125,8.15625,8.125,8.15625,28000
1994-05-13,3.1355361938476562,8.03125,8.03125,8.03125,8.03125,30400
1994-05-16,3.123335838317871,8.0,8.03125,8.0,8.03125,20000
1994-05-17,3.1111345291137695,7.96875,8.0,7.9375,8.0,17600
1994-05-18,3.123335838317871,8.0,8.03125,7.96875,7.96875,20800
1994-05-19,3.1355361938476562,8.03125,8.03125,8.015625,8.03125,52000
1994-05-20,3.123335838317871,8.0,8.09375,8.0,8.09375,36000
1994-05-23,3.123335838317871,8.0,8.0,8.0,8.0,18000
1994-05-24,3.123335838317871,8.0,8.09375,8.0,8.03125,24400
1994-05-25,3.123335838317871,8.0,8.0,8.0,8.0,15600
1994-05-26,3.1355361938476562,8.03125,8.0625,8.03125,8.0625,15600
1994-05-27,3.123335838317871,8.0,8.09375,8.0,8.09375,23200
1994-05-31,3.1355361938476562,8.03125,8.09375,8.03125,8.03125,22400
1994-06-01,3.1355361938476562,8.03125,8.03125,8.03125,8.03125,16000
1994-06-02,3.1721394062042236,8.125,8.125,8.03125,8.0625,51600
1994-06-03,3.1721394062042236,8.125,8.125,8.09375,8.09375,11200
1994-06-06,3.184338092803955,8.15625,8.15625,8.125,8.15625,34800
1994-06-07,3.1599366664886475,8.09375,8.09375,8.09375,8.09375,12000
1994-06-08,3.1721394062042236,8.125,8.125,8.09375,8.09375,7600
1994-06-09,3.166037082672119,8.109375,8.125,8.09375,8.09375,14000
1994-06-10,3.147735834121704,8.0625,8.09375,8.0625,8.09375,16800
1994-06-13,3.147735834121704,8.0625,8.0625,8.0625,8.0625,15600
1994-06-14,3.147735834121704,8.0625,8.0625,8.0625,8.0625,0
1994-06-15,3.147735834121704,8.0625,8.125,8.0625,8.0625,14400
1994-06-16,3.1599366664886475,8.09375,8.09375,8.0625,8.0625,20800
1994-06-17,3.037933349609375,7.78125,8.1875,7.6875,8.15625,197600
1994-06-20,3.0257301330566406,7.75,7.75,7.75,7.75,38400
1994-06-21,2.9891273975372314,7.65625,7.75,7.65625,7.6875,130000
1994-06-22,3.01353120803833,7.71875,7.71875,7.625,7.625,14000
1994-06-23,3.0257301330566406,7.75,7.75,7.71875,7.71875,48000
1994-06-24,3.0104923248291016,7.65625,7.65625,7.625,7.65625,28000
1994-06-27,3.022782325744629,7.6875,7.71875,7.625,7.625,20400
1994-06-28,3.022782325744629,7.6875,7.78125,7.6875,7.75,36000
1994-06-29,3.0473568439483643,7.75,7.75,7.6875,7.75,96000
1994-06-30,3.0473568439483643,7.75,7.8125,7.6875,7.6875,78400
1994-07-01,3.0473568439483643,7.75,7.75,7.71875,7.71875,15600
1994-07-05,3.0596468448638916,7.78125,7.78125,7.78125,7.78125,8000
1994-07-06,3.0596468448638916,7.78125,7.8125,7.75,7.765625,40000
1994-07-07,3.0350704193115234,7.71875,7.75,7.6875,7.75,48800
1994-07-08,3.0350704193115234,7.71875,7.71875,7.65625,7.6875,49600
1994-07-11,3.022782325744629,7.6875,7.75,7.6875,7.6875,17600
1994-07-12,3.0104923248291016,7.65625,7.6875,7.65625,7.6875,10000
1994-07-13,2.9613420963287354,7.53125,7.625,7.53125,7.625,18000
1994-07-14,2.9490549564361572,7.5,7.5,7.5,7.5,12800
1994-07-15,2.936768054962158,7.46875,7.5,7.40625,7.5,63200
1994-07-18,2.8753294944763184,7.3125,7.40625,7.3125,7.40625,15200
1994-07-19,2.9244799613952637,7.4375,7.46875,7.25,7.375,53600
1994-07-20,2.9736320972442627,7.5625,7.59375,7.4375,7.4375,73200
1994-07-21,2.9613420963287354,7.53125,7.625,7.53125,7.53125,23600
1994-07-22,2.9490549564361572,7.5,7.5625,7.5,7.5,23600
1994-07-25,3.0104923248291016,7.65625,7.6875,7.5625,7.5625,48400
1994-07-26,3.0350704193115234,7.71875,7.71875,7.6875,7.6875,14400
1994-07-27,3.0903637409210205,7.859375,7.90625,7.71875,7.71875,72800
1994-07-28,3.121083974838257,7.9375,8.0,7.90625,7.90625,100400
1994-07-29,3.1087961196899414,7.90625,7.96875,7.90625,7.9375,89200
1994-08-01,3.145659923553467,8.0,8.0,7.9375,7.9375,152000
1994-08-02,3.170234203338623,8.0625,8.0625,8.0,8.0,131600
1994-08-03,3.145659923553467,8.0,8.09375,8.0,8.03125,26800
1994-08-04,3.133371591567993,7.96875,8.0,7.9375,7.9375,80400
1994-08-05,3.170234203338623,8.0625,8.0625,8.0,8.0,2000
1994-08-08,3.145659923553467,8.0,8.0,8.0,8.0,12000
1994-08-09,3.133371591567993,7.96875,8.0,7.9375,7.9375,20000
1994-08-10,3.145659923553467,8.0,8.03125,7.96875,7.96875,43600
1994-08-11,3.157947301864624,8.03125,8.03125,7.96875,7.96875,14400
1994-08-12,3.157947301864624,8.03125,8.03125,8.0,8.0,26800
1994-08-15,3.157947301864624,8.03125,8.0625,8.0,8.0,11600
1994-08-16,3.157947301864624,8.03125,8.0625,7.96875,7.96875,30800
1994-08-17,3.145659923553467,8.0,8.03125,7.96875,7.96875,45600
1994-08-18,3.170234203338623,8.0625,8.0625,8.0,8.0,74000
1994-08-19,3.1825222969055176,8.09375,8.1875,8.09375,8.125,244000
1994-08-22,3.170234203338623,8.0625,8.0625,8.0625,8.0625,26400
1994-08-23,3.1825222969055176,8.09375,8.125,8.0625,8.0625,26800
1994-08-24,3.2193846702575684,8.1875,8.1875,8.09375,8.09375,39600
1994-08-25,3.243959903717041,8.25,8.28125,8.1875,8.1875,46400
1994-08-26,3.2808244228363037,8.34375,8.375,8.28125,8.28125,42000
1994-08-29,3.26853609085083,8.3125,8.375,8.3125,8.375,27200
1994-08-30,3.231674909591675,8.21875,8.3125,8.21875,8.28125,24800
1994-08-31,3.2193846702575684,8.1875,8.1875,8.1875,8.1875,15600
1994-09-01,3.243959903717041,8.25,8.25,8.15625,8.1875,70800
1994-09-02,3.26853609085083,8.3125,8.3125,8.21875,8.21875,99200
1994-09-06,3.2808244228363037,8.34375,8.375,8.3125,8.3125,19200
1994-09-07,3.2808244228363037,8.34375,8.359375,8.34375,8.34375,21600
1994-09-08,3.26853609085083,8.3125,8.34375,8.3125,8.34375,24800
1994-09-09,3.2562501430511475,8.28125,8.28125,8.28125,8.28125,24400
1994-09-12,3.2931110858917236,8.375,8.375,8.28125,8.28125,66000
1994-09-13,3.3053994178771973,8.40625,8.46875,8.40625,8.4375,22800
1994-09-14,3.3053994178771973,8.40625,8.40625,8.40625,8.40625,10000
1994-09-15,3.317688465118408,8.4375,8.46875,8.34375,8.34375,38800
1994-09-16,3.3053994178771973,8.40625,8.46875,8.40625,8.46875,19600
1994-09-19,3.3053994178771973,8.40625,8.46875,8.40625,8.40625,25600
1994-09-20,3.3053994178771973,8.40625,8.40625,8.40625,8.40625,2400
1994-09-21,3.3053994178771973,8.40625,8.46875,8.40625,8.46875,22800
1994-09-22,3.2931110858917236,8.375,8.4375,8.375,8.375,44400
1994-09-23,3.2931110858917236,8.375,8.375,8.375,8.375,13200
1994-09-26,3.2777745723724365,8.28125,8.34375,8.28125,8.34375,187600
1994-09-27,3.2777745723724365,8.28125,8.34375,8.28125,8.3125,226400
1994-09-28,3.2654054164886475,8.25,8.3125,8.25,8.28125,173200
1994-09-29,3.2654054164886475,8.25,8.3125,8.25,8.3125,54400
1994-09-30,3.253037452697754,8.21875,8.21875,8.1875,8.1875,14000
1994-10-03,3.2035605907440186,8.09375,8.1875,8.09375,8.1875,97200
1994-10-04,3.1664552688598633,8.0,8.09375,8.0,8.0625,21200
1994-10-05,3.1664552688598633,8.0,8.0,7.84375,7.9375,98800
1994-10-06,3.141716718673706,7.9375,8.0,7.9375,7.96875,6400
1994-10-07,3.141716718673706,7.9375,7.9375,7.9375,7.9375,800
1994-10-10,3.1664552688598633,8.0,8.0,8.0,8.0,8800
1994-10-11,3.141716718673706,7.9375,8.0,7.9375,8.0,42400
1994-10-12,3.116978645324707,7.875,7.90625,7.875,7.90625,27200
1994-10-13,3.1540849208831787,7.96875,7.96875,7.90625,7.90625,9200
1994-10-14,3.141716718673706,7.9375,7.9375,7.9375,7.9375,800
1994-10-17,3.178823947906494,8.03125,8.03125,7.9375,7.9375,20800
1994-10-18,3.141716718673706,7.9375,8.03125,7.9375,8.03125,22400
1994-10-19,3.1293463706970215,7.90625,7.96875,7.90625,7.96875,22800
1994-10-20,3.116978645324707,7.875,7.90625,7.875,7.90625,14000
1994-10-21,3.1046090126037598,7.84375,7.84375,7.84375,7.84375,15200
1994-10-24,3.092240333557129,7.8125,7.875,7.8125,7.875,27200
1994-10-25,3.1046090126037598,7.84375,7.84375,7.71875,7.71875,58400
1994-10-26,3.116978645324707,7.875,7.90625,7.84375,7.90625,20000
1994-10-27,3.1664552688598633,8.0,8.0,7.875,7.875,41200
1994-10-28,3.2282984256744385,8.15625,8.25,8.0625,8.0625,142000
1994-10-31,3.2406678199768066,8.1875,8.1875,8.15625,8.15625,268800
1994-11-01,3.253037452697754,8.21875,8.234375,8.21875,8.21875,150400
1994-11-02,3.2901434898376465,8.3125,8.3125,8.21875,8.21875,130000
1994-11-03,3.302513599395752,8.34375,8.34375,8.28125,8.28125,24400
1994-11-04,3.2777745723724365,8.28125,8.375,8.28125,8.28125,34000
1994-11-07,3.2901434898376465,8.3125,8.3125,8.25,8.25,120000
1994-11-08,3.2406678199768066,8.1875,8.28125,8.1875,8.28125,176800
1994-11-09,3.253037452697754,8.21875,8.21875,8.1875,8.1875,41200
1994-11-10,3.2406678199768066,8.1875,8.25,8.1875,8.25,23600
1994-11-11,3.2654054164886475,8.25,8.25,8.1875,8.1875,250000
1994-11-14,3.253037452697754,8.21875,8.21875,8.1875,8.1875,7600
1994-11-15,3.253037452697754,8.21875,8.21875,8.1875,8.1875,32800
1994-11-16,3.1911914348602295,8.0625,8.1875,8.0625,8.1875,45600
1994-11-17,3.141716718673706,7.9375,8.03125,7.9375,8.03125,18800
1994-11-18,3.141716718673706,7.9375,7.953125,7.9375,7.9375,68400
1994-11-21,3.141716718673706,7.9375,7.9375,7.9375,7.9375,204000
1994-11-22,3.092240333557129,7.8125,7.96875,7.8125,7.9375,53200
1994-11-23,3.1293463706970215,7.90625,7.90625,7.8125,7.8125,36800
1994-11-25,3.1046090126037598,7.84375,7.9375,7.84375,7.9375,230400
1994-11-28,3.092240333557129,7.8125,7.84375,7.8125,7.84375,192000
1994-11-29,3.092240333557129,7.8125,7.84375,7.8125,7.84375,139600
1994-11-30,3.1046090126037598,7.84375,7.84375,7.8125,7.84375,35200
1994-12-01,3.092240333557129,7.8125,7.90625,7.8125,7.8125,60400
1994-12-02,3.1293463706970215,7.90625,7.9375,7.84375,7.84375,112800
1994-12-05,3.141716718673706,7.9375,7.96875,7.90625,7.9375,116400
1994-12-06,3.1046090126037598,7.84375,7.875,7.84375,7.875,16800
1994-12-07,3.06750226020813,7.75,7.8125,7.75,7.8125,141600
1994-12-08,3.06750226020813,7.75,7.8125,7.75,7.75,18000
1994-12-09,3.06750226020813,7.75,7.78125,7.75,7.78125,43600
1994-12-12,3.00565767288208,7.59375,7.6875,7.59375,7.6875,42400
1994-12-13,2.943812131881714,7.4375,7.59375,7.4375,7.59375,78400
1994-12-14,2.9314446449279785,7.40625,7.5,7.40625,7.46875,241200
1994-12-15,2.943812131881714,7.4375,7.4375,7.40625,7.40625,94800
1994-12-16,2.9561820030212402,7.46875,7.5,7.40625,7.46875,285200
1994-12-19,2.943812131881714,7.4375,7.5,7.40625,7.5,65200
1994-12-20,2.9685494899749756,7.5,7.5,7.40625,7.40625,45200
1994-12-21,2.9932899475097656,7.5625,7.5625,7.5,7.5,20800
1994-12-22,3.018026351928711,7.625,7.65625,7.625,7.625,38800
1994-12-23,3.0773303508758545,7.71875,7.71875,7.625,7.625,54800
1994-12-27,3.0773303508758545,7.71875,7.75,7.71875,7.75,34400
1994-12-28,3.139625310897827,7.875,7.875,7.8125,7.8125,39200
1994-12-29,3.127164125442505,7.84375,7.875,7.8125,7.875,38000
1994-12-30,3.189460039138794,8.0,8.0,7.8125,7.875,59600
1995-01-03,3.139625310897827,7.875,7.9375,7.875,7.9375,24800
1995-01-04,3.1645431518554688,7.9375,7.9375,7.90625,7.9375,39600
1995-01-05,3.0897908210754395,7.75,7.90625,7.75,7.90625,55200
1995-01-06,3.0524120330810547,7.65625,7.75,7.65625,7.6875,24000
1995-01-09,3.0524120330810547,7.65625,7.6875,7.65625,7.65625,12000
1995-01-10,3.027494192123413,7.59375,7.65625,7.59375,7.65625,20400
1995-01-11,3.002577543258667,7.53125,7.59375,7.53125,7.59375,2000
1995-01-12,3.002577543258667,7.53125,7.5625,7.53125,7.53125,12800
1995-01-13,3.027494192123413,7.59375,7.59375,7.5625,7.59375,27600
1995-01-16,3.0773303508758545,7.71875,7.71875,7.5625,7.59375,31600
1995-01-17,3.0648715496063232,7.6875,7.6875,7.625,7.6875,7200
1995-01-18,3.0773303508758545,7.71875,7.71875,7.65625,7.6875,53600
1995-01-19,3.0897908210754395,7.75,7.8125,7.65625,7.6875,196000
1995-01-20,3.139625310897827,7.875,7.90625,7.6875,7.8125,232000
1995-01-23,3.1770009994506836,7.96875,7.96875,7.8125,7.84375,96000
1995-01-24,3.2642123699188232,8.1875,8.1875,8.0,8.03125,82800
1995-01-25,3.289130687713623,8.25,8.25,8.15625,8.15625,38400
1995-01-26,3.289130687713623,8.25,8.25,8.25,8.25,76000
1995-01-27,3.289130687713623,8.25,8.25,8.25,8.25,71200
1995-01-30,3.338965892791748,8.375,8.40625,8.15625,8.1875,140800
1995-01-31,3.4012610912323,8.53125,8.53125,8.375,8.375,92800
1995-02-01,3.3888001441955566,8.5,8.5625,8.5,8.5,63600
1995-02-02,3.4012610912323,8.53125,8.59375,8.5,8.5,74000
1995-02-03,3.4012610912323,8.53125,8.6875,8.53125,8.59375,97600
1995-02-06,3.4261796474456787,8.59375,8.59375,8.5625,8.5625,108400
1995-02-07,3.4012610912323,8.53125,8.5625,8.46875,8.53125,92000
1995-02-08,3.4261796474456787,8.59375,8.59375,8.59375,8.59375,6400
1995-02-09,3.43863844871521,8.625,8.625,8.59375,8.59375,44800
1995-02-10,3.45109486579895,8.65625,8.65625,8.625,8.625,26000
1995-02-13,3.5133893489837646,8.8125,8.84375,8.71875,8.71875,52400
1995-02-14,3.525848627090454,8.84375,8.875,8.8125,8.8125,46000
1995-02-15,3.5881431102752686,9.0,9.0,8.84375,8.84375,87600
1995-02-16,3.525848627090454,8.84375,8.9375,8.84375,8.9375,60400
1995-02-17,3.525848627090454,8.84375,8.875,8.78125,8.84375,25600
1995-02-21,3.4760141372680664,8.71875,8.84375,8.71875,8.84375,46800
1995-02-22,3.488471508026123,8.75,8.78125,8.71875,8.75,28800
1995-02-23,3.488471508026123,8.75,8.75,8.6875,8.75,55200
1995-02-24,3.4760141372680664,8.71875,8.75,8.71875,8.75,10000
1995-02-27,3.4760141372680664,8.71875,8.75,8.6875,8.75,32000
1995-02-28,3.488471508026123,8.75,8.75,8.75,8.75,10800
1995-03-01,3.463555097579956,8.6875,8.6875,8.6875,8.6875,400
1995-03-02,3.4760141372680664,8.71875,8.78125,8.65625,8.6875,38000
1995-03-03,3.463555097579956,8.6875,8.71875,8.6875,8.71875,10400
1995-03-06,3.43863844871521,8.625,8.625,8.625,8.625,32000
1995-03-07,3.3888001441955566,8.5,8.625,8.5,8.625,16800
1995-03-08,3.4261796474456787,8.59375,8.59375,8.5,8.5,23200
1995-03-09,3.4012610912323,8.53125,8.53125,8.5,8.53125,19200
1995-03-10,3.4137182235717773,8.5625,8.625,8.5625,8.59375,30400
1995-03-13,3.45109486579895,8.65625,8.65625,8.59375,8.59375,56400
1995-03-14,3.488471508026123,8.75,8.75,8.6875,8.6875,90000
1995-03-15,3.4261796474456787,8.59375,8.6875,8.59375,8.6875,28800
1995-03-16,3.4261796474456787,8.59375,8.65625,8.59375,8.59375,14000
1995-03-17,3.463555097579956,8.6875,8.6875,8.59375,8.59375,53600
1995-03-20,3.463555097579956,8.6875,8.6875,8.6875,8.6875,0
1995-03-21,3.488471508026123,8.75,8.75,8.75,8.75,54400
1995-03-22,3.488471508026123,8.75,8.78125,8.75,8.75,24800
1995-03-23,3.4760141372680664,8.71875,8.734375,8.71875,8.734375,10800
1995-03-24,3.563225269317627,8.9375,8.9375,8.71875,8.71875,94400
1995-03-27,3.5130388736724854,8.75,8.8125,8.75,8.8125,66400
1995-03-28,3.500493049621582,8.71875,8.71875,8.625,8.6875,158400
1995-03-29,3.5130388736724854,8.75,8.78125,8.71875,8.71875,32000
1995-03-30,3.5381314754486084,8.8125,8.8125,8.78125,8.78125,3600
1995-03-31,3.550678253173828,8.84375,8.84375,8.78125,8.78125,8400
1995-04-03,3.550678253173828,8.84375,8.875,8.8125,8.8125,41600
1995-04-04,3.5883171558380127,8.9375,8.9375,8.90625,8.90625,25200
1995-04-05,3.6134116649627686,9.0,9.0,8.96875,8.96875,20400
1995-04-06,3.563225269317627,8.875,9.0,8.875,9.0,44400
1995-04-07,3.5130388736724854,8.75,8.8125,8.75,8.8125,80800
1995-04-10,3.5381314754486084,8.8125,8.8125,8.75,8.75,13600
1995-04-11,3.563225269317627,8.875,8.875,8.8125,8.8125,18800
1995-04-12,3.5883171558380127,8.9375,8.9375,8.875,8.875,42400
1995-04-13,3.6134116649627686,9.0,9.0,8.9375,8.9375,37200
1995-04-17,3.6134116649627686,9.0,9.03125,8.96875,8.96875,35200
1995-04-18,3.5883171558380127,8.9375,9.0,8.90625,9.0,22800
1995-04-19,3.550678253173828,8.84375,8.90625,8.84375,8.90625,8400
1995-04-20,3.5255846977233887,8.78125,8.875,8.75,8.875,125600
1995-04-21,3.5381314754486084,8.8125,8.8125,8.78125,8.78125,20400
1995-04-24,3.563225269317627,8.875,8.875,8.8125,8.8125,15200
1995-04-25,3.550678253173828,8.84375,8.84375,8.8125,8.84375,23200
1995-04-26,3.5130388736724854,8.75,8.875,8.75,8.875,66800
1995-04-27,3.462853193283081,8.625,8.75,8.59375,8.75,96800
1995-04-28,3.4377589225769043,8.5625,8.6875,8.5625,8.625,36000
1995-05-01,3.450308322906494,8.59375,8.59375,8.53125,8.53125,6400
1995-05-02,3.450308322906494,8.59375,8.625,8.59375,8.625,7600
1995-05-03,3.5130388736724854,8.75,8.75,8.65625,8.65625,37200
1995-05-04,3.475398540496826,8.65625,8.75,8.65625,8.75,28800
1995-05-05,3.5130388736724854,8.75,8.75,8.65625,8.671875,21200
1995-05-08,3.5130388736724854,8.75,8.75,8.65625,8.6875,16400
1995-05-09,3.5130388736724854,8.75,8.75,8.75,8.75,50800
1995-05-10,3.6008665561676025,8.96875,9.0,8.8125,8.8125,70800
1995-05-11,3.6134116649627686,9.0,9.03125,8.96875,8.96875,18400
1995-05-12,3.651050329208374,9.09375,9.09375,9.0,9.0,27200
1995-05-15,3.6134116649627686,9.0,9.09375,9.0,9.0,59600
1995-05-16,3.625959634780884,9.03125,9.0625,9.0,9.0,21600
1995-05-17,3.5757715702056885,8.90625,9.0625,8.90625,9.0625,39200
1995-05-18,3.6134116649627686,9.0,9.0,8.875,8.875,26400
1995-05-19,3.5130388736724854,8.75,9.0,8.71875,9.0,53200
1995-05-22,3.550678253173828,8.84375,8.84375,8.8125,8.8125,8800
1995-05-23,3.5757715702056885,8.90625,8.90625,8.8125,8.8125,43200
1995-05-24,3.563225269317627,8.875,8.875,8.875,8.875,6000
1995-05-25,3.563225269317627,8.875,8.875,8.875,8.875,800
1995-05-26,3.550678253173828,8.84375,8.875,8.84375,8.875,15200
1995-05-30,3.5255846977233887,8.78125,8.8125,8.78125,8.8125,9200
1995-05-31,3.500493049621582,8.71875,8.875,8.71875,8.84375,60000
1995-06-01,3.475398540496826,8.65625,8.71875,8.59375,8.6875,21600
1995-06-02,3.450308322906494,8.59375,8.59375,8.59375,8.59375,4800
1995-06-05,3.412663698196411,8.5,8.625,8.5,8.59375,47200
1995-06-06,3.4377589225769043,8.5625,8.5625,8.5,8.5625,27200
1995-06-07,3.4879448413848877,8.6875,8.6875,8.59375,8.59375,22800
1995-06-08,3.462853193283081,8.625,8.625,8.625,8.625,7600
1995-06-09,3.450308322906494,8.59375,8.59375,8.59375,8.59375,8400
1995-06-12,3.450308322906494,8.59375,8.59375,8.5625,8.5625,26400
1995-06-13,3.462853193283081,8.625,8.625,8.59375,8.59375,68000
1995-06-14,3.450308322906494,8.59375,8.59375,8.5625,8.5625,15600
1995-06-15,3.5381314754486084,8.8125,8.8125,8.59375,8.59375,63600
1995-06-16,3.5255846977233887,8.78125,8.8125,8.75,8.8125,9200
1995-06-19,3.563225269317627,8.875,8.875,8.84375,8.84375,16000
1995-06-20,3.550678253173828,8.84375,8.84375,8.8125,8.8125,9200
1995-06-21,3.550678253173828,8.84375,8.875,8.8125,8.8125,6400
1995-06-22,3.550678253173828,8.84375,8.90625,8.84375,8.84375,148000
1995-06-23,3.6008665561676025,8.96875,8.96875,8.84375,8.84375,18000
1995-06-26,3.6008665561676025,8.96875,8.96875,8.96875,8.96875,30000
1995-06-27,3.6008665561676025,8.96875,9.0,8.9375,8.96875,52800
1995-06-28,3.638768196105957,9.0,9.0,8.9375,8.9375,80000
1995-06-29,3.638768196105957,9.0,9.0,8.96875,8.96875,2800
1995-06-30,3.676673173904419,9.09375,9.09375,9.03125,9.0625,34400
1995-07-03,3.638768196105957,9.0,9.0625,9.0,9.03125,46800
1995-07-05,3.6514017581939697,9.03125,9.0625,8.96875,8.96875,49200
1995-07-06,3.6640384197235107,9.0625,9.09375,9.03125,9.09375,58800
1995-07-07,3.638768196105957,9.0,9.0625,9.0,9.0625,475200
1995-07-10,3.6514017581939697,9.03125,9.03125,9.0,9.0,365200
1995-07-11,3.6640384197235107,9.0625,9.0625,9.03125,9.03125,6800
1995-07-12,3.6640384197235107,9.0625,9.125,9.0625,9.09375,54000
1995-07-13,3.6640384197235107,9.0625,9.078125,9.0625,9.0625,44800
1995-07-14,3.6640384197235107,9.0625,9.0625,9.0625,9.0625,1200
1995-07-17,3.6514017581939697,9.03125,9.0625,9.03125,9.0625,18400
1995-07-18,3.6893060207366943,9.125,9.125,9.0,9.0,161600
1995-07-19,3.676673173904419,9.09375,9.125,9.09375,9.09375,24800
1995-07-20,3.6893060207366943,9.125,9.15625,9.125,9.125,22800
1995-07-21,3.701941728591919,9.15625,9.15625,9.09375,9.125,146000
1995-07-24,3.701941728591919,9.15625,9.28125,9.125,9.125,137600
1995-07-25,3.7272117137908936,9.21875,9.21875,9.15625,9.15625,16800
1995-07-26,3.790384531021118,9.375,9.375,9.21875,9.21875,48000
1995-07-27,3.8409225940704346,9.5,9.5,9.40625,9.46875,61200
1995-07-28,3.815652847290039,9.4375,9.5,9.4375,9.5,38800
1995-07-31,3.8030176162719727,9.40625,9.46875,9.40625,9.46875,22000
1995-08-01,3.815652847290039,9.4375,9.4375,9.40625,9.40625,10800
1995-08-02,3.790384531021118,9.375,9.40625,9.375,9.40625,52000
1995-08-03,3.7524802684783936,9.28125,9.3125,9.28125,9.3125,10000
1995-08-04,3.7272117137908936,9.21875,9.25,9.21875,9.25,3600
1995-08-07,3.7651138305664062,9.3125,9.3125,9.21875,9.21875,11600
1995-08-08,3.7651138305664062,9.3125,9.3125,9.3125,9.3125,18000
1995-08-09,3.77774715423584,9.34375,9.34375,9.3125,9.3125,4000
1995-08-10,3.790384531021118,9.375,9.375,9.34375,9.375,74000
1995-08-11,3.77774715423584,9.34375,9.34375,9.3125,9.34375,12800
1995-08-14,3.77774715423584,9.34375,9.34375,9.34375,9.34375,0
1995-08-15,3.7651138305664062,9.3125,9.3125,9.3125,9.3125,28000
1995-08-16,3.7651138305664062,9.3125,9.3125,9.3125,9.3125,0
1995-08-17,3.77774715423584,9.34375,9.375,9.34375,9.34375,20800
1995-08-18,3.77774715423584,9.34375,9.375,9.34375,9.34375,52800
1995-08-21,3.7651138305664062,9.3125,9.3125,9.28125,9.3125,4000
1995-08-22,3.7651138305664062,9.3125,9.3125,9.3125,9.3125,3600
1995-08-23,3.7651138305664062,9.3125,9.34375,9.28125,9.28125,16800
1995-08-24,3.7651138305664062,9.3125,9.3125,9.3125,9.3125,12800
1995-08-25,3.73984694480896,9.25,9.28125,9.25,9.28125,21600
1995-08-28,3.7145743370056152,9.1875,9.21875,9.1875,9.21875,8800
1995-08-29,3.7272117137908936,9.21875,9.28125,9.21875,9.25,37600
1995-08-30,3.7145743370056152,9.1875,9.28125,9.1875,9.28125,16000
1995-08-31,3.7145743370056152,9.1875,9.1875,9.1875,9.1875,12800
1995-09-01,3.73984694480896,9.25,9.28125,9.25,9.25,37200
1995-09-05,3.7145743370056152,9.1875,9.28125,9.1875,9.28125,271600
1995-09-06,3.701941728591919,9.15625,9.21875,9.15625,9.15625,20000
1995-09-07,3.6893060207366943,9.125,9.15625,9.0625,9.125,350000
1995-09-08,3.6640384197235107,9.0625,9.125,9.03125,9.125,122400
1995-09-11,3.676673173904419,9.09375,9.09375,9.03125,9.03125,373600
1995-09-12,3.6514017581939697,9.03125,9.09375,9.03125,9.09375,4800
1995-09-13,3.6261322498321533,8.96875,9.03125,8.9375,9.03125,48000
1995-09-14,3.5250585079193115,8.71875,8.96875,8.71875,8.96875,117200
1995-09-15,3.5629608631134033,8.8125,8.8125,8.65625,8.65625,87200
1995-09-18,3.5882294178009033,8.875,8.875,8.84375,8.84375,42400
1995-09-19,3.6261322498321533,8.96875,8.96875,8.875,8.9375,34400
1995-09-20,3.6261322498321533,8.96875,8.96875,8.9375,8.96875,61600
1995-09-21,3.5629608631134033,8.8125,8.90625,8.8125,8.90625,43200
1995-09-22,3.5882294178009033,8.875,8.875,8.78125,8.8125,16800
1995-09-25,3.5629608631134033,8.8125,8.84375,8.8125,8.84375,48400
1995-09-26,3.5882294178009033,8.875,8.875,8.84375,8.84375,8800
1995-09-27,3.53733229637146,8.6875,8.75,8.6875,8.75,15200
1995-09-28,3.588228702545166,8.8125,8.8125,8.71875,8.71875,16000
1995-09-29,3.613678455352783,8.875,8.875,8.78125,8.8125,18800
1995-10-02,3.6009521484375,8.84375,8.875,8.84375,8.875,18400
1995-10-03,3.56278133392334,8.75,8.84375,8.59375,8.84375,54800
1995-10-04,3.53733229637146,8.6875,8.6875,8.65625,8.6875,6800
1995-10-05,3.53733229637146,8.6875,8.71875,8.65625,8.71875,11200
1995-10-06,3.588228702545166,8.8125,8.8125,8.71875,8.75,21600
1995-10-09,3.5818681716918945,8.796875,8.8125,8.796875,8.8125,20800
1995-10-10,3.588228702545166,8.8125,8.8125,8.78125,8.8125,16400
1995-10-11,3.5755064487457275,8.78125,8.8125,8.78125,8.78125,14800
1995-10-12,3.6518499851226807,8.96875,8.96875,8.78125,8.78125,24400
1995-10-13,3.690023899078369,9.0625,9.0625,8.9375,8.9375,16800
1995-10-16,3.677298069000244,9.03125,9.0625,9.0,9.0,23200
1995-10-17,3.664574146270752,9.0,9.0,9.0,9.0,11200
1995-10-18,3.6518499851226807,8.96875,9.0625,8.96875,8.96875,135600
1995-10-19,3.588228702545166,8.8125,8.90625,8.75,8.90625,87600
1995-10-20,3.53733229637146,8.6875,8.75,8.6875,8.75,24000
1995-10-23,3.53733229637146,8.6875,8.6875,8.65625,8.65625,200400
1995-10-24,3.550057888031006,8.71875,8.71875,8.71875,8.71875,7200
1995-10-25,3.53733229637146,8.6875,8.75,8.6875,8.75,538400
1995-10-26,3.56278133392334,8.75,8.75,8.6875,8.6875,8400
1995-10-27,3.613678455352783,8.875,8.875,8.71875,8.71875,27200
1995-10-30,3.6009521484375,8.84375,8.90625,8.84375,8.90625,4000
1995-10-31,3.6009521484375,8.84375,8.84375,8.8125,8.8125,5600
1995-11-01,3.56278133392334,8.75,8.78125,8.71875,8.78125,26800
1995-11-02,3.53733229637146,8.6875,8.75,8.6875,8.71875,38400
1995-11-03,3.5755064487457275,8.78125,8.78125,8.71875,8.71875,12400
1995-11-06,3.588228702545166,8.8125,8.84375,8.78125,8.78125,356000
1995-11-07,3.588228702545166,8.8125,8.84375,8.8125,8.8125,18800
1995-11-08,3.613678455352783,8.875,8.875,8.78125,8.78125,13600
1995-11-09,3.613678455352783,8.875,8.875,8.875,8.875,0
1995-11-10,3.588228702545166,8.8125,8.875,8.8125,8.875,22400
1995-11-13,3.588228702545166,8.8125,8.8125,8.78125,8.78125,4400
1995-11-14,3.588228702545166,8.8125,8.875,8.8125,8.8125,24400
1995-11-15,3.5755064487457275,8.78125,8.8125,8.78125,8.8125,12400
1995-11-16,3.56278133392334,8.75,8.875,8.75,8.78125,22000
1995-11-17,3.53733229637146,8.6875,8.75,8.65625,8.75,54800
1995-11-20,3.56278133392334,8.75,8.75,8.65625,8.6875,57600
1995-11-21,3.524608612060547,8.65625,8.71875,8.65625,8.6875,37200
1995-11-22,3.4737119674682617,8.53125,8.65625,8.53125,8.625,284400
1995-11-24,3.4737119674682617,8.53125,8.53125,8.53125,8.53125,0
1995-11-27,3.4228153228759766,8.40625,8.5,8.375,8.5,122400
1995-11-28,3.410090684890747,8.375,8.375,8.34375,8.34375,464400
1995-11-29,3.3464701175689697,8.21875,8.34375,8.21875,8.34375,169200
1995-11-30,3.3337459564208984,8.1875,8.21875,8.125,8.21875,1814000
1995-12-01,3.359194040298462,8.25,8.25,8.15625,8.1875,120800
1995-12-04,3.486435890197754,8.5625,8.5625,8.28125,8.28125,55600
1995-12-05,3.6009521484375,8.84375,8.84375,8.625,8.625,28000
1995-12-06,3.588228702545166,8.8125,8.875,8.8125,8.8125,8800
1995-12-07,3.626404047012329,8.90625,8.90625,8.78125,8.8125,56000
1995-12-08,3.613678455352783,8.875,8.875,8.875,8.875,17600
1995-12-11,3.613678455352783,8.875,8.9375,8.875,8.875,17600
1995-12-12,3.613678455352783,8.875,8.875,8.875,8.875,1200
1995-12-13,3.6391284465789795,8.9375,8.9375,8.84375,8.875,62800
1995-12-14,3.6391284465789795,8.9375,8.96875,8.9375,8.96875,85200
1995-12-15,3.664574146270752,9.0,9.0625,8.96875,8.96875,230400
1995-12-18,3.7027482986450195,9.09375,9.09375,8.96875,9.0625,79200
1995-12-19,3.715470790863037,9.125,9.125,9.125,9.125,118400
1995-12-20,3.8172659873962402,9.375,9.375,9.15625,9.15625,122000
1995-12-21,3.8299899101257324,9.40625,9.5,9.34375,9.375,89200
1995-12-22,3.8045401573181152,9.34375,9.375,9.34375,9.375,4400
1995-12-26,3.8172659873962402,9.375,9.375,9.34375,9.34375,31200
1995-12-27,3.8300747871398926,9.34375,9.40625,9.28125,9.3125,34400
1995-12-28,3.8428847789764404,9.375,9.40625,9.3125,9.34375,25200
1995-12-29,3.8172659873962402,9.3125,9.375,9.3125,9.34375,119200
1996-01-02,3.8044543266296387,9.28125,9.3125,9.21875,9.3125,96800
1996-01-03,3.7532172203063965,9.15625,9.25,9.15625,9.25,113200
1996-01-04,3.740408420562744,9.125,9.15625,9.09375,9.15625,13600
1996-01-05,3.778836727142334,9.21875,9.21875,9.09375,9.09375,21200
1996-01-08,3.778836727142334,9.21875,9.265625,9.21875,9.25,6000
1996-01-09,3.727597951889038,9.09375,9.15625,9.09375,9.15625,9200
1996-01-10,3.6891703605651855,9.0,9.09375,9.0,9.09375,21600
1996-01-11,3.6891703605651855,9.0,9.03125,9.0,9.03125,67200
1996-01-12,3.7019784450531006,9.03125,9.03125,9.0,9.0,64800
1996-01-15,3.6891703605651855,9.0,9.0,9.0,9.0,39200
1996-01-16,3.6763601303100586,8.96875,9.03125,8.96875,9.03125,12800
1996-01-17,3.714789867401123,9.0625,9.0625,9.0625,9.0625,7200
1996-01-18,3.714789867401123,9.0625,9.09375,9.0,9.0,29600
1996-01-19,3.740408420562744,9.125,9.125,9.0625,9.0625,32000
1996-01-22,3.7532172203063965,9.15625,9.1875,9.09375,9.125,54400
1996-01-23,3.8172659873962402,9.3125,9.34375,9.125,9.125,48000
1996-01-24,3.791647434234619,9.25,9.28125,9.21875,9.28125,71200
1996-01-25,3.791647434234619,9.25,9.34375,9.1875,9.25,111600
1996-01-26,3.8044543266296387,9.28125,9.3125,9.21875,9.28125,46400
1996-01-29,3.8044543266296387,9.28125,9.34375,9.21875,9.21875,12800
1996-01-30,3.894120693206787,9.5,9.5625,9.28125,9.28125,425600
1996-01-31,3.8172659873962402,9.3125,9.5,9.3125,9.5,35200
1996-02-01,3.85569429397583,9.40625,9.40625,9.3125,9.375,70800
1996-02-02,3.85569429397583,9.40625,9.46875,9.34375,9.40625,68400
1996-02-05,3.8172659873962402,9.3125,9.46875,9.3125,9.375,65600
1996-02-06,3.894120693206787,9.5,9.5625,9.375,9.375,156800
1996-02-07,3.9581735134124756,9.65625,9.6875,9.46875,9.46875,57600
1996-02-08,3.983790159225464,9.71875,9.75,9.65625,9.65625,116000
1996-02-09,3.9966025352478027,9.75,9.75,9.6875,9.71875,52000
1996-02-12,3.9966025352478027,9.75,9.8125,9.71875,9.71875,29200
1996-02-13,3.9709792137145996,9.6875,9.75,9.6875,9.75,132800
1996-02-14,3.983790159225464,9.71875,9.78125,9.6875,9.6875,24800
1996-02-15,3.9709792137145996,9.6875,9.78125,9.6875,9.6875,30800
1996-02-16,3.9453611373901367,9.625,9.6875,9.59375,9.625,22400
1996-02-20,3.906935930252075,9.53125,9.625,9.5,9.5625,55200
1996-02-21,3.8300747871398926,9.34375,9.5,9.34375,9.5,28400
1996-02-22,3.8172659873962402,9.3125,9.40625,9.25,9.40625,98400
1996-02-23,3.8044543266296387,9.28125,9.375,9.25,9.375,174800
1996-02-26,3.8172659873962402,9.3125,9.4375,9.28125,9.34375,245600
1996-02-27,3.868504762649536,9.4375,9.5,9.34375,9.4375,130000
1996-02-28,3.906935930252075,9.53125,9.53125,9.40625,9.40625,36400
1996-02-29,4.009409427642822,9.78125,9.78125,9.5,9.53125,66000
1996-03-01,4.022220611572266,9.8125,9.84375,9.75,9.78125,65200
1996-03-04,4.022220611572266,9.8125,9.875,9.8125,9.84375,89600
1996-03-05,3.9966025352478027,9.75,9.8125,9.75,9.8125,42400
1996-03-06,3.932551622390747,9.59375,9.75,9.5625,9.75,65600
1996-03-07,3.932551622390747,9.59375,9.59375,9.5625,9.59375,6400
1996-03-08,3.868504762649536,9.4375,9.53125,9.40625,9.53125,43200
1996-03-11,3.868504762649536,9.4375,9.46875,9.40625,9.4375,27600
1996-03-12,3.868504762649536,9.4375,9.46875,9.40625,9.46875,18000
1996-03-13,3.868504762649536,9.4375,9.4375,9.375,9.4375,13200
1996-03-14,3.868504762649536,9.4375,9.46875,9.4375,9.46875,61600
1996-03-15,3.868504762649536,9.4375,9.46875,9.4375,9.4375,12400
1996-03-18,3.881312847137451,9.46875,9.46875,9.46875,9.46875,3600
1996-03-19,3.881312847137451,9.46875,9.5,9.40625,9.40625,33200
1996-03-20,3.8428847789764404,9.375,9.46875,9.375,9.46875,14400
1996-03-21,3.766026258468628,9.1875,9.4375,9.1875,9.4375,91600
1996-03-22,3.778836727142334,9.21875,9.25,9.1875,9.1875,26000
1996-03-25,3.778836727142334,9.21875,9.25,9.1875,9.25,38000
1996-03-26,3.7532172203063965,9.15625,9.25,9.125,9.25,246000
1996-03-27,3.7444374561309814,9.0625,9.09375,9.03125,9.09375,161200
1996-03-28,3.7315263748168945,9.03125,9.09375,9.0,9.03125,75600
1996-03-29,3.7573490142822266,9.09375,9.09375,9.0,9.03125,46000
1996-04-01,3.7573490142822266,9.09375,9.09375,9.03125,9.0625,40800
1996-04-02,3.7444374561309814,9.0625,9.09375,9.0,9.09375,78000
1996-04-03,3.7057039737701416,8.96875,9.0625,8.9375,9.0625,45200
1996-04-04,3.654054880142212,8.84375,8.9375,8.84375,8.9375,71600
1996-04-08,3.6411426067352295,8.8125,8.9375,8.8125,8.84375,143600
1996-04-09,3.666966199874878,8.875,8.90625,8.84375,8.90625,74000
1996-04-10,3.6798789501190186,8.90625,8.9375,8.875,8.875,46400
1996-04-11,3.666966199874878,8.875,8.90625,8.84375,8.90625,39600
1996-04-12,3.6798789501190186,8.90625,8.90625,8.84375,8.90625,19200
1996-04-15,3.666966199874878,8.875,8.9375,8.84375,8.9375,98400
1996-04-16,3.6798789501190186,8.90625,8.90625,8.84375,8.90625,26400
1996-04-17,3.6798789501190186,8.90625,9.0,8.875,8.9375,95200
1996-04-18,3.6282312870025635,8.78125,8.875,8.78125,8.84375,56400
1996-04-19,3.6282312870025635,8.78125,8.84375,8.75,8.84375,73600
1996-04-22,3.6153197288513184,8.75,8.8125,8.71875,8.8125,159200
1996-04-23,3.5378482341766357,8.5625,8.6875,8.53125,8.6875,381600
1996-04-24,3.5378482341766357,8.5625,8.625,8.5,8.5,330000
1996-04-25,3.51202392578125,8.5,8.625,8.46875,8.625,254800
1996-04-26,3.447465419769287,8.34375,8.5,8.34375,8.46875,172400
1996-04-29,3.421640634536743,8.28125,8.34375,8.28125,8.34375,223200
1996-04-30,3.3570828437805176,8.125,8.3125,8.125,8.28125,305600
1996-05-01,3.447465419769287,8.34375,8.34375,8.03125,8.140625,310400
1996-05-02,3.4345531463623047,8.3125,8.34375,8.25,8.28125,67600
1996-05-03,3.4345531463623047,8.3125,8.34375,8.28125,8.296875,182000
1996-05-06,3.447465419769287,8.34375,8.375,8.3125,8.34375,103600
1996-05-07,3.447465419769287,8.34375,8.46875,8.34375,8.34375,433200
1996-05-08,3.395817995071411,8.21875,8.34375,8.15625,8.34375,59600
1996-05-09,3.3829057216644287,8.1875,8.21875,8.1875,8.21875,28800
1996-05-10,3.408730983734131,8.25,8.25,8.1875,8.1875,162400
1996-05-13,3.3570828437805176,8.125,8.25,8.125,8.25,97600
1996-05-14,3.3829057216644287,8.1875,8.1875,8.0625,8.0625,121600
1996-05-15,3.395817995071411,8.21875,8.25,8.1875,8.1875,194800
1996-05-16,3.369995355606079,8.15625,8.21875,8.125,8.21875,24400
1996-05-17,3.3441689014434814,8.09375,8.1875,8.09375,8.1875,223600
1996-05-20,3.3312578201293945,8.0625,8.09375,8.03125,8.0625,36000
1996-05-21,3.292523145675659,7.96875,8.0625,7.96875,8.0625,78800
1996-05-22,3.2796099185943604,7.9375,7.96875,7.9375,7.96875,170000
1996-05-23,3.2021398544311523,7.75,7.90625,7.71875,7.875,204800
1996-05-24,3.176316499710083,7.6875,7.71875,7.65625,7.71875,797600
1996-05-28,3.098844528198242,7.5,7.6875,7.5,7.6875,417200
1996-05-29,3.137582302093506,7.59375,7.59375,7.53125,7.53125,364800
1996-05-30,3.2279632091522217,7.8125,7.8125,7.5625,7.5625,444400
1996-05-31,3.318345546722412,8.03125,8.09375,7.875,7.875,187600
1996-06-03,3.3570828437805176,8.125,8.125,8.03125,8.03125,259200
1996-06-04,3.3312578201293945,8.0625,8.125,8.0625,8.125,134000
1996-06-05,3.318345546722412,8.03125,8.03125,7.96875,8.0,144400
1996-06-06,3.3312578201293945,8.0625,8.0625,8.0,8.03125,104000
1996-06-07,3.318345546722412,8.03125,8.03125,7.96875,8.0,78800
1996-06-10,3.3054332733154297,8.0,8.0,7.96875,7.96875,75600
1996-06-11,3.3312578201293945,8.0625,8.0625,8.0,8.0,115600
1996-06-12,3.369995355606079,8.15625,8.15625,8.03125,8.03125,164400
1996-06-13,3.3829057216644287,8.1875,8.21875,8.15625,8.15625,188000
1996-06-14,3.3829057216644287,8.1875,8.21875,8.1875,8.21875,16000
1996-06-17,3.3829057216644287,8.1875,8.25,8.1875,8.1875,78000
1996-06-18,3.4732906818389893,8.40625,8.4375,8.21875,8.21875,86000
1996-06-19,3.447465419769287,8.34375,8.4375,8.34375,8.40625,82400
1996-06-20,3.369995355606079,8.15625,8.34375,8.15625,8.34375,185200
1996-06-21,3.3829057216644287,8.1875,8.1875,8.15625,8.1875,73600
1996-06-24,3.3570828437805176,8.125,8.1875,8.125,8.1875,204400
1996-06-25,3.3312578201293945,8.0625,8.125,8.03125,8.125,34400
1996-06-26,3.3745133876800537,8.09375,8.09375,8.03125,8.03125,30400
1996-06-27,3.387544631958008,8.125,8.125,8.0,8.09375,53200
1996-06-28,3.3354268074035645,8.0,8.15625,7.96875,8.125,126000
1996-07-01,3.3354268074035645,8.0,8.03125,8.0,8.03125,4400
1996-07-02,3.3354268074035645,8.0,8.0,8.0,8.0,11600
1996-07-03,3.3354268074035645,8.0,8.03125,7.9375,7.9375,40800
1996-07-05,3.3093676567077637,7.9375,8.0,7.9375,8.0,8800
1996-07-08,3.3223984241485596,7.96875,8.0,7.9375,7.9375,33200
1996-07-09,3.3093676567077637,7.9375,8.0,7.9375,7.96875,13600
1996-07-10,3.3223984241485596,7.96875,8.0,7.9375,7.96875,17200
1996-07-11,3.3093676567077637,7.9375,8.0,7.9375,7.96875,74000
1996-07-12,3.3223984241485596,7.96875,7.96875,7.90625,7.90625,122000
1996-07-15,3.3093676567077637,7.9375,7.96875,7.9375,7.9375,38400
1996-07-16,3.3223984241485596,7.96875,7.96875,7.9375,7.96875,67200
1996-07-17,3.348456382751465,8.03125,8.03125,7.9375,7.96875,29200
1996-07-18,3.3223984241485596,7.96875,8.09375,7.96875,8.09375,180800
1996-07-19,3.3354268074035645,8.0,8.03125,7.96875,7.96875,33200
1996-07-22,3.3093676567077637,7.9375,8.0,7.90625,7.9375,78400
1996-07-23,3.2963414192199707,7.90625,7.90625,7.90625,7.90625,43200
1996-07-24,3.3093676567077637,7.9375,7.9375,7.90625,7.90625,10000
1996-07-25,3.2963414192199707,7.90625,7.90625,7.875,7.90625,154800
1996-07-26,3.3093676567077637,7.9375,7.9375,7.90625,7.90625,46000
1996-07-29,3.3093676567077637,7.9375,7.9375,7.875,7.9375,58800
1996-07-30,3.2963414192199707,7.90625,7.9375,7.875,7.9375,50400
1996-07-31,3.2833104133605957,7.875,7.9375,7.875,7.90625,19600
1996-08-01,3.3093676567077637,7.9375,7.9375,7.875,7.90625,108400
1996-08-02,3.2963414192199707,7.90625,7.9375,7.875,7.9375,105200
1996-08-05,3.2963414192199707,7.90625,7.9375,7.90625,7.90625,139600
1996-08-06,3.3223984241485596,7.96875,7.96875,7.90625,7.9375,176400
1996-08-07,3.348456382751465,8.03125,8.09375,8.0,8.03125,52800
1996-08-08,3.348456382751465,8.03125,8.078125,8.0,8.0,14000
1996-08-09,3.3354268074035645,8.0,8.0625,8.0,8.0,9200
1996-08-12,3.348456382751465,8.03125,8.0625,8.03125,8.03125,39600
1996-08-13,3.3223984241485596,7.96875,8.03125,7.96875,8.03125,161600
1996-08-14,3.3354268074035645,8.0,8.0,8.0,8.0,2000
1996-08-15,3.361485242843628,8.0625,8.0625,8.03125,8.03125,18000
1996-08-16,3.348456382751465,8.03125,8.0625,8.03125,8.03125,12800
1996-08-19,3.348456382751465,8.03125,8.03125,8.0,8.03125,95200
1996-08-20,3.3354268074035645,8.0,8.03125,8.0,8.03125,70400
1996-08-21,3.361485242843628,8.0625,8.0625,8.03125,8.03125,25200
1996-08-22,3.426630735397339,8.21875,8.21875,8.0625,8.0625,127600
1996-08-23,3.426630735397339,8.21875,8.25,8.21875,8.21875,11600
1996-08-26,3.426630735397339,8.21875,8.21875,8.09375,8.1875,119600
1996-08-27,3.4917759895324707,8.375,8.40625,8.28125,8.28125,61200
1996-08-28,3.5438921451568604,8.5,8.5,8.4375,8.4375,19200
1996-08-29,3.556920289993286,8.53125,8.5625,8.5,8.5,42800
1996-08-30,3.5438921451568604,8.5,8.5,8.4375,8.5,36000
1996-09-03,3.5178322792053223,8.4375,8.4375,8.40625,8.4375,133600
1996-09-04,3.5178322792053223,8.4375,8.4375,8.40625,8.4375,16000
1996-09-05,3.5438921451568604,8.5,8.5625,8.5,8.5,212000
1996-09-06,3.5829789638519287,8.59375,8.625,8.46875,8.546875,21200
1996-09-09,3.6220641136169434,8.6875,8.75,8.625,8.625,48800
1996-09-10,3.609034776687622,8.65625,8.75,8.625,8.6875,144000
1996-09-11,3.635094404220581,8.71875,8.71875,8.625,8.65625,22400
1996-09-12,3.609034776687622,8.65625,8.6875,8.65625,8.6875,11600
1996-09-13,3.569949150085449,8.5625,8.6875,8.5625,8.625,192000
1996-09-16,3.556920289993286,8.53125,8.5625,8.53125,8.5625,40800
1996-09-17,3.530862808227539,8.46875,8.53125,8.46875,8.53125,73600
1996-09-18,3.5178322792053223,8.4375,8.5,8.4375,8.4375,73600
1996-09-19,3.5178322792053223,8.4375,8.46875,8.4375,8.4375,96400
1996-09-20,3.5178322792053223,8.4375,8.484375,8.4375,8.4375,58000
1996-09-23,3.5438921451568604,8.5,8.5,8.4375,8.4375,61600
1996-09-24,3.556920289993286,8.53125,8.5625,8.5,8.5,79600
1996-09-25,3.5438921451568604,8.5,8.53125,8.5,8.53125,607200
1996-09-26,3.640082836151123,8.65625,8.71875,8.53125,8.53125,142800
1996-09-27,3.626943349838257,8.625,8.6875,8.625,8.6875,13200
1996-09-30,3.6138041019439697,8.59375,8.625,8.5625,8.625,114400
1996-10-01,3.587519645690918,8.53125,8.625,8.53125,8.625,94400
1996-10-02,3.600660562515259,8.5625,8.5625,8.53125,8.53125,5200
1996-10-03,3.5743799209594727,8.5,8.5625,8.5,8.5625,12000
1996-10-04,3.6138041019439697,8.59375,8.59375,8.53125,8.5625,19200
1996-10-07,3.600660562515259,8.5625,8.625,8.5625,8.59375,49200
1996-10-08,3.6138041019439697,8.59375,8.625,8.5625,8.5625,30800
1996-10-09,3.548095464706421,8.4375,8.59375,8.4375,8.59375,182400
1996-10-10,3.5218148231506348,8.375,8.40625,8.375,8.40625,58800
1996-10-11,3.5349578857421875,8.40625,8.40625,8.375,8.40625,3200
1996-10-14,3.548095464706421,8.4375,8.4375,8.40625,8.40625,34800
1996-10-15,3.3772621154785156,8.03125,8.5,8.03125,8.5,198400
1996-10-16,3.23271107673645,7.6875,7.9375,7.625,7.90625,346800
1996-10-17,3.2195684909820557,7.65625,7.71875,7.65625,7.65625,93200
1996-10-18,3.2195684909820557,7.65625,7.71875,7.65625,7.71875,32800
1996-10-21,3.2195684909820557,7.65625,7.6875,7.59375,7.6875,34800
1996-10-22,3.127582550048828,7.4375,7.5625,7.40625,7.5625,68000
1996-10-23,3.11444091796875,7.40625,7.4375,7.34375,7.4375,32400
1996-10-24,3.0881595611572266,7.34375,7.375,7.3125,7.375,114400
1996-10-25,3.101299285888672,7.375,7.375,7.3125,7.375,53200
1996-10-28,3.101299285888672,7.375,7.375,7.3125,7.3125,41200
1996-10-29,3.0881595611572266,7.34375,7.375,7.3125,7.3125,28000
1996-10-30,3.0881595611572266,7.34375,7.375,7.34375,7.375,32400
1996-10-31,3.0881595611572266,7.34375,7.34375,7.28125,7.3125,39200
1996-11-01,3.101299285888672,7.375,7.375,7.3125,7.3125,27200
1996-11-04,3.101299285888672,7.375,7.375,7.34375,7.34375,25600
1996-11-05,3.0750179290771484,7.3125,7.5,7.3125,7.40625,65200
1996-11-06,3.101299285888672,7.375,7.375,7.3125,7.3125,34400
1996-11-07,3.101299285888672,7.375,7.40625,7.34375,7.34375,29600
1996-11-08,3.1407225131988525,7.46875,7.46875,7.375,7.375,68400
1996-11-11,3.127582550048828,7.4375,7.5,7.4375,7.46875,18000
1996-11-12,3.1538631916046143,7.5,7.5,7.4375,7.5,142000
1996-11-13,3.1538631916046143,7.5,7.5,7.40625,7.5,61600
1996-11-14,3.193288564682007,7.59375,7.59375,7.5,7.5,27200
1996-11-15,3.1670053005218506,7.53125,7.59375,7.53125,7.5625,46400
1996-11-18,3.23271107673645,7.6875,7.6875,7.53125,7.53125,30000
1996-11-19,3.2458508014678955,7.71875,7.71875,7.6875,7.6875,31600
1996-11-20,3.23271107673645,7.6875,7.71875,7.65625,7.71875,28400
1996-11-21,3.2852745056152344,7.8125,7.8125,7.6875,7.6875,58400
1996-11-22,3.2984166145324707,7.84375,7.84375,7.84375,7.84375,4400
1996-11-25,3.3246986865997314,7.90625,7.9375,7.90625,7.90625,11200
1996-11-26,3.2984166145324707,7.84375,7.96875,7.8125,7.875,48800
1996-11-27,3.2195684909820557,7.65625,7.875,7.5625,7.875,72400
1996-11-29,3.23271107673645,7.6875,7.6875,7.625,7.625,53200
1996-12-02,3.180147409439087,7.5625,7.6875,7.53125,7.625,58000
1996-12-03,3.127582550048828,7.4375,7.59375,7.34375,7.5625,178000
1996-12-04,3.1407225131988525,7.46875,7.5,7.40625,7.46875,846400
1996-12-05,3.1538631916046143,7.5,7.53125,7.46875,7.46875,1076400
1996-12-06,3.1407225131988525,7.46875,7.5,7.4375,7.46875,16000
1996-12-09,3.1538631916046143,7.5,7.5,7.484375,7.5,334400
1996-12-10,3.1538631916046143,7.5,7.53125,7.5,7.5,136400
1996-12-11,3.1407225131988525,7.46875,7.5,7.40625,7.46875,310000
1996-12-12,3.1407225131988525,7.46875,7.5,7.4375,7.46875,33200
1996-12-13,3.1538631916046143,7.5,7.5,7.46875,7.5,38400
1996-12-16,3.1670053005218506,7.53125,7.53125,7.46875,7.5,27600
1996-12-17,3.1538631916046143,7.5,7.53125,7.5,7.5,36800
1996-12-18,3.2458508014678955,7.71875,7.71875,7.46875,7.5,51200
1996-12-19,3.2589919567108154,7.75,7.8125,7.65625,7.6875,158800
1996-12-20,3.272132635116577,7.78125,7.84375,7.75,7.8125,27200
1996-12-23,3.2852745056152344,7.8125,7.8125,7.75,7.75,78800
1996-12-24,3.272132635116577,7.78125,7.8125,7.78125,7.78125,15200
1996-12-26,3.2852745056152344,7.8125,7.8125,7.75,7.75,20800
1996-12-27,3.302783489227295,7.78125,7.8125,7.65625,7.65625,18400
1996-12-30,3.3293118476867676,7.84375,7.84375,7.84375,7.84375,18800
1996-12-31,3.2895195484161377,7.75,7.84375,7.71875,7.8125,91600
1997-01-02,3.1834044456481934,7.5,7.71875,7.4375,7.71875,71600
1997-01-03,3.2099344730377197,7.5625,7.625,7.53125,7.53125,22000
1997-01-06,3.1834044456481934,7.5,7.59375,7.4375,7.59375,163600
1997-01-07,3.1834044456481934,7.5,7.5,7.46875,7.46875,18800
1997-01-08,3.1834044456481934,7.5,7.53125,7.5,7.5,490400
1997-01-09,3.1701431274414062,7.46875,7.5,7.46875,7.5,76400
1997-01-10,3.1834044456481934,7.5,7.5,7.4375,7.4375,84000
1997-01-13,3.1966702938079834,7.53125,7.59375,7.5,7.5,37600
1997-01-14,3.223198652267456,7.59375,7.59375,7.53125,7.53125,54000
1997-01-15,3.223198652267456,7.59375,7.625,7.5625,7.59375,20800
1997-01-16,3.2099344730377197,7.5625,7.625,7.53125,7.59375,56400
1997-01-17,3.2099344730377197,7.5625,7.59375,7.5,7.5,540800
1997-01-20,3.1834044456481934,7.5,7.5625,7.5,7.53125,40400
1997-01-21,3.1966702938079834,7.53125,7.53125,7.5,7.5,92000
1997-01-22,3.1701431274414062,7.46875,7.5625,7.46875,7.53125,71200
1997-01-23,3.1834044456481934,7.5,7.53125,7.5,7.5,74000
1997-01-24,3.2099344730377197,7.5625,7.5625,7.5,7.5,100000
1997-01-27,3.1834044456481934,7.5,7.5625,7.5,7.5625,195600
1997-01-28,3.1966702938079834,7.53125,7.53125,7.5,7.5,142000
1997-01-29,3.1834044456481934,7.5,7.53125,7.5,7.5,111200
1997-01-30,3.1966702938079834,7.53125,7.5625,7.5,7.5625,42000
1997-01-31,3.1966702938079834,7.53125,7.59375,7.5,7.59375,64800
1997-02-03,3.223198652267456,7.59375,7.59375,7.53125,7.53125,45600
1997-02-04,3.236462116241455,7.625,7.625,7.59375,7.59375,58400
1997-02-05,3.249725818634033,7.65625,7.6875,7.59375,7.625,38800
1997-02-06,3.2895195484161377,7.75,7.75,7.6875,7.6875,56000
1997-02-07,3.249725818634033,7.65625,7.78125,7.625,7.75,123200
1997-02-10,3.262991428375244,7.6875,7.75,7.625,7.65625,35200
1997-02-11,3.302783489227295,7.78125,7.8125,7.6875,7.75,132000
1997-02-12,3.3160462379455566,7.8125,7.875,7.8125,7.84375,46400
1997-02-13,3.2895195484161377,7.75,7.8125,7.75,7.8125,351200
1997-02-14,3.2895195484161377,7.75,7.78125,7.6875,7.78125,142000
1997-02-18,3.2762560844421387,7.71875,7.75,7.6875,7.75,56400
1997-02-19,3.262991428375244,7.6875,7.71875,7.6875,7.71875,66400
1997-02-20,3.223198652267456,7.59375,7.6875,7.59375,7.6875,318400
1997-02-21,3.262991428375244,7.6875,7.71875,7.59375,7.59375,303200
1997-02-24,3.2895195484161377,7.75,7.75,7.6875,7.6875,103200
1997-02-25,3.249725818634033,7.65625,7.71875,7.65625,7.71875,274400
1997-02-26,3.2762560844421387,7.71875,7.71875,7.65625,7.65625,80400
1997-02-27,3.2762560844421387,7.71875,7.75,7.6875,7.71875,51600
1997-02-28,3.262991428375244,7.6875,7.75,7.65625,7.65625,47600
1997-03-03,3.2762560844421387,7.71875,7.71875,7.6875,7.6875,30400
1997-03-04,3.2762560844421387,7.71875,7.71875,7.6875,7.6875,140000
1997-03-05,3.3558413982391357,7.90625,7.90625,7.71875,7.71875,280000
1997-03-06,3.342576503753662,7.875,7.9375,7.875,7.9375,50800
1997-03-07,3.3823699951171875,7.96875,8.0,7.90625,7.90625,84400
1997-03-10,3.3956334590911865,8.0,8.0,7.96875,8.0,39600
1997-03-11,3.3823699951171875,7.96875,8.0,7.9375,8.0,67600
1997-03-12,3.5017471313476562,8.25,8.375,7.96875,7.96875,206800
1997-03-13,3.5017471313476562,8.25,8.34375,8.25,8.25,98000
1997-03-14,3.4884822368621826,8.21875,8.28125,8.1875,8.25,79600
1997-03-17,3.4619534015655518,8.15625,8.1875,8.125,8.15625,52000
1997-03-18,3.4752185344696045,8.1875,8.21875,8.15625,8.21875,69600
1997-03-19,3.3956334590911865,8.0,8.15625,7.90625,8.15625,405200
1997-03-20,3.3823699951171875,7.96875,8.0,7.96875,7.96875,41200
1997-03-21,3.3823699951171875,7.96875,8.0,7.9375,8.0,98800
1997-03-24,3.3956334590911865,8.0,8.03125,8.0,8.0,73600
1997-03-25,3.42216157913208,8.0625,8.09375,8.0,8.0,124400
1997-03-26,3.4821619987487793,8.125,8.125,7.96875,7.96875,65600
1997-03-27,3.508948564529419,8.1875,8.21875,8.15625,8.1875,55600
1997-03-31,3.52234148979187,8.21875,8.21875,8.15625,8.1875,34000
1997-04-01,3.4821619987487793,8.125,8.1875,8.09375,8.1875,12000
1997-04-02,3.4285902976989746,8.0,8.0625,7.90625,8.0625,24000
1997-04-03,3.4285902976989746,8.0,8.0,7.9375,8.0,21200
1997-04-04,3.415196657180786,7.96875,7.96875,7.9375,7.9375,12400
1997-04-07,3.3884100914001465,7.90625,7.9375,7.875,7.9375,44000
1997-04-08,3.441981077194214,8.03125,8.03125,7.875,7.875,23600
1997-04-09,3.4553775787353516,8.0625,8.09375,7.96875,7.96875,29600
1997-04-10,3.4553775787353516,8.0625,8.0625,8.03125,8.03125,6800
1997-04-11,3.4553775787353516,8.0625,8.09375,7.96875,8.0,32400
1997-04-14,3.468768358230591,8.09375,8.09375,8.0,8.0625,31200
1997-04-15,3.441981077194214,8.03125,8.09375,8.0,8.03125,244000
1997-04-16,3.4553775787353516,8.0625,8.0625,8.0,8.03125,98000
1997-04-17,3.441981077194214,8.03125,8.09375,8.0,8.09375,381600
1997-04-18,3.4285902976989746,8.0,8.03125,8.0,8.03125,28400
1997-04-21,3.3750193119049072,7.875,8.03125,7.875,8.03125,11200
1997-04-22,3.415196657180786,7.96875,7.96875,7.875,7.9375,18800
1997-04-23,3.401803493499756,7.9375,7.9375,7.90625,7.9375,4400
1997-04-24,3.3750193119049072,7.875,7.9375,7.84375,7.9375,15600
1997-04-25,3.3750193119049072,7.875,7.875,7.84375,7.84375,2400
1997-04-28,3.3348400592803955,7.78125,7.8125,7.78125,7.78125,30000
1997-04-29,3.3750193119049072,7.875,7.875,7.78125,7.78125,15600
1997-04-30,3.348233461380005,7.8125,7.875,7.8125,7.84375,16000
1997-05-01,3.308053493499756,7.71875,7.90625,7.71875,7.875,58800
1997-05-02,3.3214473724365234,7.75,7.75,7.65625,7.71875,73200
1997-05-05,3.348233461380005,7.8125,7.875,7.75,7.75,168800
1997-05-06,3.294660806655884,7.6875,7.78125,7.65625,7.78125,65200
1997-05-07,3.28126859664917,7.65625,7.71875,7.625,7.71875,84400
1997-05-08,3.2678744792938232,7.625,7.65625,7.59375,7.65625,372800
1997-05-09,3.308053493499756,7.71875,7.71875,7.65625,7.65625,27600
1997-05-12,3.3214473724365234,7.75,7.78125,7.65625,7.6875,158800
1997-05-13,3.401803493499756,7.9375,7.96875,7.71875,7.75,144000
1997-05-14,3.361625909805298,7.84375,7.9375,7.84375,7.9375,104800
1997-05-15,3.3750193119049072,7.875,7.90625,7.875,7.90625,238800
1997-05-16,3.401803493499756,7.9375,7.96875,7.875,7.90625,327600
1997-05-19,3.3884100914001465,7.90625,7.9375,7.875,7.90625,43200
1997-05-20,3.3750193119049072,7.875,7.90625,7.875,7.90625,41200
1997-05-21,3.415196657180786,7.96875,7.96875,7.84375,7.84375,55600
1997-05-22,3.415196657180786,7.96875,8.0,7.9375,7.96875,269200
1997-05-23,3.415196657180786,7.96875,7.96875,7.9375,7.9375,101200
1997-05-27,3.415196657180786,7.96875,7.96875,7.9375,7.9375,66400
1997-05-28,3.4285902976989746,8.0,8.0,7.90625,7.90625,70800
1997-05-29,3.401803493499756,7.9375,7.96875,7.8125,7.96875,158400
1997-05-30,3.401803493499756,7.9375,7.9375,7.9375,7.9375,82000
1997-06-02,3.401803493499756,7.9375,7.9375,7.90625,7.9375,50000
1997-06-03,3.401803493499756,7.9375,7.96875,7.9375,7.9375,74000
1997-06-04,3.3884100914001465,7.90625,8.0,7.875,7.96875,134800
1997-06-05,3.361625909805298,7.84375,7.875,7.8125,7.875,65200
1997-06-06,3.3750193119049072,7.875,7.875,7.84375,7.84375,63200
1997-06-09,3.3750193119049072,7.875,7.90625,7.8125,7.875,76400
1997-06-10,3.361625909805298,7.84375,7.90625,7.84375,7.90625,179200
1997-06-11,3.361625909805298,7.84375,7.9375,7.8125,7.875,240400
1997-06-12,3.4553775787353516,8.0625,8.0625,7.9375,7.9375,332400
1997-06-13,3.5357325077056885,8.25,8.25,8.09375,8.09375,217200
1997-06-16,3.6428778171539307,8.5,8.625,8.3125,8.3125,73600
1997-06-17,3.7098402976989746,8.65625,8.75,8.5,8.5,76400
1997-06-18,3.7232327461242676,8.6875,8.71875,8.59375,8.625,85200
1997-06-19,3.7232327461242676,8.6875,8.71875,8.59375,8.6875,100000
1997-06-20,3.7232327461242676,8.6875,8.71875,8.53125,8.6875,246800
1997-06-23,3.7098402976989746,8.65625,8.65625,8.53125,8.65625,49200
1997-06-24,3.7232327461242676,8.6875,8.78125,8.65625,8.65625,60400
1997-06-25,3.750020742416382,8.75,8.78125,8.71875,8.71875,176400
1997-06-26,3.8308234214782715,8.859375,8.875,8.65625,8.65625,58800
1997-06-27,3.817312479019165,8.828125,8.828125,8.75,8.796875,70800
1997-06-30,4.080808162689209,9.4375,9.4375,8.71875,8.8125,300800
1997-07-01,3.864604949951172,8.9375,9.3125,8.890625,9.3125,200800
1997-07-02,3.810555934906006,8.8125,8.90625,8.75,8.875,185200
1997-07-03,3.864604949951172,8.9375,8.953125,8.90625,8.9375,32000
1997-07-07,3.8916327953338623,9.0,9.03125,8.9375,8.9375,36400
1997-07-08,3.945683002471924,9.125,9.125,8.875,9.0,84800
1997-07-09,3.945683002471924,9.125,9.1875,9.09375,9.15625,120000
1997-07-10,3.918661117553711,9.0625,9.125,9.0625,9.09375,59200
1997-07-11,3.8916327953338623,9.0,9.125,9.0,9.09375,25200
1997-07-14,3.8240697383880615,8.84375,9.03125,8.84375,9.03125,15600
1997-07-15,4.013246059417725,9.28125,9.296875,8.65625,8.65625,250800
1997-07-16,3.9727063179016113,9.1875,9.375,9.125,9.3125,72400
1997-07-17,4.053782939910889,9.375,9.375,9.140625,9.140625,100800
1997-07-18,3.9727063179016113,9.1875,9.3125,9.125,9.3125,154800
1997-07-21,3.93892765045166,9.109375,9.21875,9.109375,9.21875,162400
1997-07-22,3.93892765045166,9.109375,9.125,9.109375,9.125,127200
1997-07-23,3.9727063179016113,9.1875,9.1875,9.0,9.125,90000
1997-07-24,3.965954065322876,9.171875,9.1875,9.15625,9.15625,70800
1997-07-25,3.959195137023926,9.15625,9.234375,9.140625,9.234375,108000
1997-07-28,3.918661117553711,9.0625,9.1875,9.0625,9.1875,156000
1997-07-29,3.918661117553711,9.0625,9.09375,8.90625,9.0,153600
1997-07-30,3.8781192302703857,8.96875,9.0625,8.9375,9.0625,243600
1997-07-31,3.918661117553711,9.0625,9.09375,8.984375,9.0,120800
1997-08-01,3.884876012802124,8.984375,9.0625,8.875,9.03125,100000
1997-08-04,3.857848644256592,8.921875,8.96875,8.84375,8.9375,172800
1997-08-05,3.8510942459106445,8.90625,8.96875,8.890625,8.921875,130000
1997-08-06,3.837583065032959,8.875,8.921875,8.828125,8.90625,166400
1997-08-07,3.8510942459106445,8.90625,8.921875,8.84375,8.875,130400
1997-08-08,3.756505012512207,8.6875,8.875,8.5625,8.875,114000
1997-08-11,3.756505012512207,8.6875,8.734375,8.5625,8.625,38000
1997-08-12,3.837583065032959,8.875,8.90625,8.65625,8.65625,100000
1997-08-13,3.884876012802124,8.984375,9.0625,8.90625,8.90625,102800
1997-08-14,3.9254133701324463,9.078125,9.125,8.953125,8.984375,92800
1997-08-15,3.918661117553711,9.0625,9.125,9.015625,9.078125,102000
1997-08-18,3.965954065322876,9.171875,9.171875,9.0625,9.0625,80400
1997-08-19,3.959195137023926,9.15625,9.234375,9.125,9.234375,144800
1997-08-20,3.9321703910827637,9.09375,9.1875,9.09375,9.171875,44000
1997-08-21,3.93892765045166,9.109375,9.125,9.03125,9.03125,18400
1997-08-22,3.8916327953338623,9.0,9.09375,8.96875,9.09375,20400
1997-08-25,3.8916327953338623,9.0,9.0,8.9375,9.0,93600
1997-08-26,3.8781192302703857,8.96875,9.0625,8.96875,9.0,129200
1997-08-27,3.918661117553711,9.0625,9.0625,8.953125,9.0,21200
1997-08-28,3.857848644256592,8.921875,9.03125,8.875,9.0,42000
1997-08-29,3.864604949951172,8.9375,8.984375,8.890625,8.984375,17200
1997-09-02,3.918661117553711,9.0625,9.0625,8.75,8.75,72800
1997-09-03,3.884876012802124,8.984375,9.078125,8.953125,9.078125,96400
1997-09-04,3.871365785598755,8.953125,9.046875,8.953125,9.0,90000
1997-09-05,3.8916327953338623,9.0,9.0625,8.984375,9.0625,100400
1997-09-08,3.905144453048706,9.03125,9.046875,8.984375,8.984375,36000
1997-09-09,3.952439546585083,9.140625,9.1875,9.03125,9.03125,71200
1997-09-10,3.965954065322876,9.171875,9.21875,9.140625,9.140625,56400
1997-09-11,3.986219882965088,9.21875,9.25,9.21875,9.21875,51200
1997-09-12,3.979463815689087,9.203125,9.34375,9.1875,9.28125,84000
1997-09-15,3.979463815689087,9.203125,9.25,9.203125,9.203125,34400
1997-09-16,4.047026634216309,9.359375,9.375,9.21875,9.25,162000
1997-09-17,3.979463815689087,9.203125,9.40625,9.203125,9.359375,60800
1997-09-18,3.959195137023926,9.15625,9.3125,9.140625,9.25,149200
1997-09-19,3.979463815689087,9.203125,9.203125,9.03125,9.03125,116000
1997-09-22,3.8916327953338623,9.0,9.234375,9.0,9.1875,114800
1997-09-23,3.986219882965088,9.21875,9.21875,9.046875,9.0625,63200
1997-09-24,3.9727063179016113,9.1875,9.1875,9.0625,9.15625,95200
1997-09-25,3.9929769039154053,9.234375,9.234375,9.203125,9.21875,55600
1997-09-26,4.006331920623779,9.1875,9.25,9.1875,9.21875,32000
1997-09-29,4.040398597717285,9.265625,9.28125,9.15625,9.15625,50800
1997-09-30,4.060840606689453,9.3125,9.3125,9.234375,9.234375,36400
1997-10-01,4.0131449699401855,9.203125,9.375,9.109375,9.296875,154800
1997-10-02,4.0131449699401855,9.203125,9.234375,9.1875,9.203125,21600
1997-10-03,4.0335869789123535,9.25,9.3125,9.25,9.265625,172800
1997-10-06,4.088093280792236,9.375,9.40625,9.21875,9.28125,57200
1997-10-07,4.135787487030029,9.484375,9.5625,9.4375,9.4375,114800
1997-10-08,4.15622615814209,9.53125,9.5625,9.46875,9.515625,28800
1997-10-09,4.135787487030029,9.484375,9.5,9.453125,9.484375,114000
1997-10-10,4.128973960876465,9.46875,9.5,9.4375,9.5,85600
1997-10-13,4.135787487030029,9.484375,9.5,9.4375,9.46875,222000
1997-10-14,4.169854164123535,9.5625,9.5625,9.484375,9.484375,266000
1997-10-15,4.142600059509277,9.5,9.5625,9.484375,9.5625,135200
1997-10-16,4.122159481048584,9.453125,9.546875,9.421875,9.5,71200
1997-10-17,4.0131449699401855,9.203125,9.375,9.1875,9.34375,101200
1997-10-20,4.0812788009643555,9.359375,9.359375,9.1875,9.1875,40400
1997-10-21,4.088093280792236,9.375,9.546875,9.375,9.375,137200
1997-10-22,4.040398597717285,9.265625,9.3125,9.203125,9.3125,86400
1997-10-23,3.856435775756836,8.84375,9.203125,8.8125,9.203125,246000
1997-10-24,3.890502452850342,8.921875,8.921875,8.78125,8.78125,186400
1997-10-27,3.849620819091797,8.828125,8.984375,8.8125,8.984375,113200
1997-10-28,3.8632476329803467,8.859375,8.859375,8.6875,8.765625,174800
1997-10-29,3.856435775756836,8.84375,8.96875,8.78125,8.890625,92400
1997-10-30,3.8700616359710693,8.875,8.875,8.78125,8.78125,56800
1997-10-31,3.815554618835449,8.75,8.8125,8.734375,8.796875,126800
1997-11-03,3.9790780544281006,9.125,9.234375,8.8125,8.8125,48000
1997-11-04,3.9381966590881348,9.03125,9.125,8.90625,9.0625,279200
1997-11-05,3.9654510021209717,9.09375,9.109375,9.0,9.0625,44800
1997-11-06,3.9313838481903076,9.015625,9.125,9.0,9.125,33200
1997-11-07,3.876877784729004,8.890625,9.0,8.875,9.0,63600
1997-11-10,3.924569845199585,9.0,9.03125,8.953125,9.015625,97200
1997-11-11,3.8973145484924316,8.9375,9.203125,8.875,9.0625,147600
1997-11-12,3.774672508239746,8.65625,8.96875,8.65625,8.90625,88400
1997-11-13,3.8359932899475098,8.796875,8.84375,8.640625,8.65625,76800
1997-11-14,3.8087401390075684,8.734375,8.796875,8.703125,8.796875,46000
1997-11-17,3.8973145484924316,8.9375,8.9375,8.75,8.75,111200
1997-11-18,3.8632476329803467,8.859375,8.9375,8.796875,8.9375,28000
1997-11-19,3.8428070545196533,8.8125,8.84375,8.78125,8.828125,48000
1997-11-20,3.82918119430542,8.78125,8.90625,8.78125,8.8125,70800
1997-11-21,3.849620819091797,8.828125,8.875,8.78125,8.84375,15600
1997-11-24,3.856435775756836,8.84375,8.859375,8.828125,8.859375,34800
1997-11-25,3.8428070545196533,8.8125,8.875,8.78125,8.828125,44000
1997-11-26,3.8700616359710693,8.875,8.875,8.8125,8.859375,29600
1997-11-28,3.8973145484924316,8.9375,8.9375,8.859375,8.875,19200
1997-12-01,3.924569845199585,9.0,9.0,8.90625,8.9375,64800
1997-12-02,3.924569845199585,9.0,9.015625,8.984375,9.0,121200
1997-12-03,3.910944700241089,8.96875,9.0,8.9375,9.0,31600
1997-12-04,3.924569845199585,9.0,9.0,8.90625,8.96875,54800
1997-12-05,3.8836886882781982,8.90625,9.0,8.890625,9.0,100400
1997-12-08,3.8836886882781982,8.90625,8.953125,8.890625,8.90625,108400
1997-12-09,3.890502452850342,8.921875,8.9375,8.84375,8.921875,26800
1997-12-10,3.8973145484924316,8.9375,8.953125,8.890625,8.9375,21200
1997-12-11,3.856435775756836,8.84375,9.0,8.78125,8.953125,55600
1997-12-12,3.924569845199585,9.0,9.0,8.78125,8.875,64000
1997-12-15,3.890502452850342,8.921875,9.0,8.875,8.921875,42800
1997-12-16,3.910944700241089,8.96875,8.984375,8.9375,8.953125,10800
1997-12-17,3.9177558422088623,8.984375,9.0,8.96875,8.96875,20000
1997-12-18,3.910944700241089,8.96875,9.0,8.96875,9.0,68400
1997-12-19,3.856435775756836,8.84375,8.84375,8.78125,8.8125,216400
1997-12-22,3.76785945892334,8.640625,8.875,8.640625,8.828125,174800
1997-12-23,3.815554618835449,8.75,8.78125,8.59375,8.703125,54400
1997-12-24,3.815554618835449,8.75,8.84375,8.734375,8.78125,22400
1997-12-26,3.8087401390075684,8.734375,8.75,8.6875,8.75,7200
1997-12-29,3.801591157913208,8.640625,8.6875,8.625,8.6875,39600
1997-12-30,3.8290905952453613,8.703125,8.71875,8.65625,8.65625,37200
1997-12-31,3.7878410816192627,8.609375,8.703125,8.609375,8.6875,76800
1998-01-02,3.760344982147217,8.546875,8.671875,8.53125,8.640625,42800
1998-01-05,3.7878410816192627,8.609375,8.625,8.5,8.546875,24800
1998-01-06,3.774095058441162,8.578125,8.65625,8.5625,8.59375,124400
1998-01-07,3.767216920852661,8.5625,8.59375,8.5625,8.578125,19600
1998-01-08,3.7190983295440674,8.453125,8.5625,8.40625,8.5625,34800
1998-01-09,3.7259716987609863,8.46875,8.578125,8.4375,8.4375,98000
1998-01-12,3.712223529815674,8.4375,8.484375,8.390625,8.453125,43600
1998-01-13,3.7534689903259277,8.53125,8.546875,8.40625,8.453125,62000
1998-01-14,3.7397196292877197,8.5,8.609375,8.5,8.53125,24000
1998-01-15,3.712223529815674,8.4375,8.5625,8.390625,8.546875,56000
1998-01-16,3.7328455448150635,8.484375,8.5,8.429688453674316,8.5,60400
1998-01-20,3.8428385257720947,8.734375,8.75,8.453125,8.484375,359600
1998-01-21,3.849712371826172,8.75,8.84375,8.6875,8.734375,182000
1998-01-22,3.925330638885498,8.921875,8.984375,8.6875,8.6875,1133200
1998-01-23,4.042197227478027,9.1875,9.234375,8.984375,8.984375,156400
1998-01-26,3.945955991744995,8.96875,9.15625,8.921875,9.125,289200
1998-01-27,4.055947303771973,9.21875,9.25,8.953125,8.953125,195600
1998-01-28,4.083446025848389,9.28125,9.359375,9.15625,9.234375,209600
1998-01-29,4.049073696136475,9.203125,9.296875,9.1875,9.234375,211200
1998-01-30,4.06969690322876,9.25,9.34375,9.203125,9.203125,241200
1998-02-02,4.2140607833862305,9.578125,9.59375,9.3125,9.3125,330800
1998-02-03,4.310302734375,9.796875,9.875,9.578125,9.578125,232800
1998-02-04,4.2759318351745605,9.71875,9.875,9.671875,9.78125,922000
1998-02-05,4.303427219390869,9.78125,9.859375,9.71875,9.859375,400000
1998-02-06,4.234683990478516,9.625,9.84375,9.625,9.84375,137600
1998-02-09,4.3446760177612305,9.875,9.875,9.671875,9.734375,327600
1998-02-10,4.303427219390869,9.78125,9.875,9.75,9.875,62800
1998-02-11,4.303427219390869,9.78125,9.84375,9.6875,9.796875,144000
1998-02-12,4.310302734375,9.796875,9.875,9.75,9.84375,124800
1998-02-13,4.337801933288574,9.859375,9.875,9.6875,9.796875,138400
1998-02-17,4.310302734375,9.796875,9.875,9.75,9.859375,74800
1998-02-18,4.330927848815918,9.84375,9.859375,9.75,9.75,84800
1998-02-19,4.152190685272217,9.4375,9.84375,9.4375,9.84375,143200
1998-02-20,4.220933437347412,9.59375,9.65625,9.375,9.5,145200
1998-02-23,4.269056797027588,9.703125,9.734375,9.53125,9.65625,181600
1998-02-24,4.365299224853516,9.921875,9.9375,9.703125,9.734375,490400
1998-02-25,4.4546661376953125,10.125,10.375,9.9375,9.9375,282400
1998-02-26,4.461541652679443,10.140625,10.15625,9.9375,10.125,160000
1998-02-27,4.5440354347229,10.328125,10.375,10.140625,10.140625,134400
1998-03-02,4.4752888679504395,10.171875,10.5,10.0625,10.375,176000
1998-03-03,4.619654178619385,10.5,10.5,10.03125,10.03125,249600
1998-03-04,4.681525230407715,10.640625,10.75,10.5,10.5,112800
1998-03-05,4.640277862548828,10.546875,10.75,10.5,10.5,262400
1998-03-06,4.667777061462402,10.609375,10.71875,10.375,10.375,405600
1998-03-09,4.688399314880371,10.65625,10.734375,10.5625,10.578125,279200
1998-03-10,4.688399314880371,10.65625,10.734375,10.609375,10.625,44400
1998-03-11,4.750266075134277,10.796875,10.796875,10.65625,10.71875,179200
1998-03-12,4.681525230407715,10.640625,10.734375,10.59375,10.734375,86400
1998-03-13,4.715896129608154,10.71875,10.734375,10.65625,10.671875,227600
1998-03-16,4.722772121429443,10.734375,10.78125,10.59375,10.625,174000
1998-03-17,4.647154808044434,10.5625,10.75,10.5625,10.75,73200
1998-03-18,4.729648113250732,10.75,10.90625,10.5,10.5625,427200
1998-03-19,4.81213903427124,10.9375,11.015625,10.75,10.75,144000
1998-03-20,4.867136001586914,11.0625,11.125,10.796875,10.84375,120000
1998-03-23,4.901508808135986,11.140625,11.25,10.90625,10.96875,154000
1998-03-24,4.9908766746521,11.34375,11.359375,11.09375,11.09375,103200
1998-03-25,4.977126121520996,11.3125,11.53125,11.265625,11.34375,164400
1998-03-26,4.942753314971924,11.234375,11.28125,11.125,11.28125,63600
1998-03-27,4.9191999435424805,11.09375,11.25,11.0625,11.125,76800
1998-03-30,4.801413059234619,10.828125,11.15625,10.65625,11.09375,134800
1998-03-31,4.801413059234619,10.828125,11.03125,10.640625,10.640625,226800
1998-04-01,4.849915504455566,10.9375,10.96875,10.6875,10.875,52000
1998-04-02,4.926125526428223,11.109375,11.109375,10.96875,10.96875,108800
1998-04-03,4.939983367919922,11.140625,11.21875,11.09375,11.09375,58000
1998-04-06,4.960770130157471,11.1875,11.21875,11.03125,11.125,97200
1998-04-07,4.870698928833008,10.984375,11.1875,10.96875,11.1875,113200
1998-04-08,4.891486644744873,11.03125,11.078125,10.953125,10.984375,49600
1998-04-09,4.9538421630859375,11.171875,11.171875,11.0,11.03125,98400
1998-04-13,4.877627372741699,11.0,11.1875,10.984375,11.15625,100400
1998-04-14,5.1339802742004395,11.578125,11.640625,11.0625,11.0625,182000
1998-04-15,5.016195774078369,11.3125,11.59375,11.3125,11.515625,305200
1998-04-16,4.9746246337890625,11.21875,11.28125,11.171875,11.28125,120400
1998-04-17,5.064697265625,11.421875,11.453125,11.1875,11.1875,82000
1998-04-20,5.120123386383057,11.546875,11.625,11.4375,11.4375,206000
1998-04-21,5.099340438842773,11.5,11.625,11.4375,11.53125,88400
1998-04-22,5.050837993621826,11.390625,11.59375,11.25,11.5625,54400
1998-04-23,5.016195774078369,11.3125,11.5,11.296875,11.5,76000
1998-04-24,5.030054092407227,11.34375,11.375,11.1875,11.25,107200
1998-04-27,4.836057186126709,10.90625,11.28125,10.875,11.28125,177600
1998-04-28,4.870698928833008,10.984375,11.0,10.875,10.875,95200
1998-04-29,4.877627372741699,11.0,11.0,10.96875,11.0,80800
1998-04-30,4.86376953125,10.96875,11.0625,10.96875,11.03125,180000
1998-05-01,4.842988014221191,10.921875,11.03125,10.84375,10.96875,70800
1998-05-04,4.85684061050415,10.953125,10.984375,10.921875,10.953125,188800
1998-05-05,4.780630588531494,10.78125,10.96875,10.78125,10.953125,30400
1998-05-06,4.711346626281738,10.625,10.84375,10.625,10.84375,46000
1998-05-07,4.752915859222412,10.71875,10.75,10.5,10.625,736000
1998-05-08,4.794484615325928,10.8125,11.0,10.765625,10.765625,121200
1998-05-11,4.849915504455566,10.9375,11.0,10.8125,11.0,96400
1998-05-12,4.766773700714111,10.75,10.96875,10.75,10.90625,27600
1998-05-13,4.759843826293945,10.734375,10.734375,10.640625,10.6875,156000
1998-05-14,4.6836323738098145,10.5625,10.71875,10.53125,10.671875,74400
1998-05-15,4.690559387207031,10.578125,10.65625,10.5625,10.5625,30000
1998-05-18,4.655919551849365,10.5,10.640625,10.5,10.640625,54400
1998-05-19,4.745987892150879,10.703125,10.703125,10.484375,10.5,66400
1998-05-20,4.739058494567871,10.6875,10.703125,10.6875,10.6875,74800
1998-05-21,4.725203037261963,10.65625,10.6875,10.609375,10.625,134400
1998-05-22,4.676702976226807,10.546875,10.59375,10.53125,10.59375,22800
1998-05-26,4.766773700714111,10.75,10.8125,10.5625,10.5625,202400
1998-05-27,4.66977596282959,10.53125,10.6875,10.53125,10.6875,175600
1998-05-28,4.697487831115723,10.59375,10.59375,10.46875,10.5,71200
1998-05-29,4.780630588531494,10.78125,10.921875,10.609375,10.609375,80800
1998-06-01,4.884554862976074,11.015625,11.078125,10.8125,10.8125,106800
1998-06-02,4.884554862976074,11.015625,11.0625,10.96875,11.0,90400
1998-06-03,4.9191999435424805,11.09375,11.234375,11.09375,11.234375,191200
1998-06-04,4.9746246337890625,11.21875,11.234375,11.09375,11.09375,62400
1998-06-05,4.9191999435424805,11.09375,11.21875,11.09375,11.21875,30400
1998-06-08,4.93305778503418,11.125,11.234375,11.125,11.15625,84800
1998-06-09,4.86376953125,10.96875,11.15625,10.875,11.15625,73200
1998-06-10,4.773702621459961,10.765625,11.0,10.765625,10.90625,95200
1998-06-11,4.655919551849365,10.5,10.765625,10.5,10.765625,69200
1998-06-12,4.745987892150879,10.703125,10.71875,10.515625,10.53125,85200
1998-06-15,4.739058494567871,10.6875,10.6875,10.546875,10.6875,125600
1998-06-16,4.732131004333496,10.671875,10.6875,10.625,10.671875,123200
1998-06-17,4.808344841003418,10.84375,10.921875,10.65625,10.65625,60400
1998-06-18,4.794484615325928,10.8125,10.875,10.78125,10.875,48000
1998-06-19,4.690559387207031,10.578125,10.71875,10.5625,10.71875,75200
1998-06-22,4.815273284912109,10.859375,10.859375,10.609375,10.609375,44800
1998-06-23,4.967698574066162,11.203125,11.21875,10.875,10.875,134800
1998-06-24,5.043910026550293,11.375,11.421875,11.234375,11.25,98400
1998-06-25,5.057768821716309,11.40625,11.484375,11.34375,11.34375,58400
1998-06-26,5.09686803817749,11.40625,11.421875,11.234375,11.359375,112400
1998-06-29,4.971193313598633,11.125,11.421875,11.0625,11.421875,68000
1998-06-30,4.999118804931641,11.1875,11.28125,11.15625,11.15625,167200
1998-07-01,4.971193313598633,11.125,11.1875,10.96875,10.96875,81200
1998-07-02,4.9572272300720215,11.09375,11.1875,11.0625,11.1875,31600
1998-07-06,4.92231559753418,11.015625,11.09375,11.0,11.0625,62400
1998-07-07,4.866461277008057,10.890625,10.96875,10.8125,10.96875,111600
1998-07-08,4.92231559753418,11.015625,11.015625,10.84375,10.875,72000
1998-07-09,4.971193313598633,11.125,11.125,10.96875,10.96875,4800
1998-07-10,4.9502434730529785,11.078125,11.125,10.96875,11.125,40000
1998-07-13,5.027045249938965,11.25,11.25,11.03125,11.03125,28800
1998-07-14,5.068939208984375,11.34375,11.375,11.28125,11.3125,51200
1998-07-15,5.054974555969238,11.3125,11.3125,11.265625,11.3125,58400
1998-07-16,5.068939208984375,11.34375,11.359375,11.28125,11.28125,59200
1998-07-17,5.082901954650879,11.375,11.375,11.328125,11.34375,25600
1998-07-20,5.006101608276367,11.203125,11.445313453674316,11.15625,11.28125,116800
1998-07-21,4.9572272300720215,11.09375,11.125,11.0,11.109375,308800
1998-07-22,4.901370048522949,10.96875,11.125,10.96875,11.09375,33600
1998-07-23,4.775692939758301,10.6875,10.90625,10.671875,10.90625,35200
1998-07-24,4.6919121742248535,10.5,10.625,10.5,10.625,31200
1998-07-27,4.67794942855835,10.46875,10.5625,10.375,10.5625,46000
1998-07-28,4.489433288574219,10.046875,10.46875,9.984375,10.46875,151200
1998-07-29,4.503396034240723,10.078125,10.1875,10.0625,10.09375,127200
1998-07-30,4.503396034240723,10.078125,10.25,10.0,10.140625,134400
1998-07-31,4.377718925476074,9.796875,10.078125,9.75,10.078125,149600
1998-08-03,4.377718925476074,9.796875,10.0625,9.78125,9.796875,83200
1998-08-04,4.231098175048828,9.46875,9.828125,9.46875,9.78125,115600
1998-08-05,4.349792003631592,9.734375,9.734375,9.5,9.5,104800
1998-08-06,4.454522609710693,9.96875,9.984375,9.71875,9.71875,134400
1998-08-07,4.412631511688232,9.875,9.984375,9.859375,9.953125,264800
1998-08-10,4.412631511688232,9.875,9.90625,9.875,9.890625,59600
1998-08-11,4.349792003631592,9.734375,9.8125,9.5625,9.8125,142000
1998-08-12,4.419612407684326,9.890625,9.984375,9.765625,9.765625,153200
1998-08-13,4.286952495574951,9.59375,9.875,9.546875,9.84375,144400
1998-08-14,4.2660064697265625,9.546875,9.71875,9.53125,9.625,64000
1998-08-17,4.363757610321045,9.765625,9.84375,9.59375,9.59375,46800
1998-08-18,4.412631511688232,9.875,9.984375,9.78125,9.78125,67600
1998-08-19,4.175239562988281,9.34375,9.9375,9.34375,9.9375,130400
1998-08-20,4.175239562988281,9.34375,9.390625,9.34375,9.359375,16400
1998-08-21,4.252045631408691,9.515625,9.515625,9.28125,9.34375,73600
1998-08-24,4.279973030090332,9.578125,9.609375,9.515625,9.546875,37200
1998-08-25,4.419612407684326,9.890625,9.96875,9.71875,9.71875,166800
1998-08-26,4.286952495574951,9.59375,9.90625,9.59375,9.90625,60400
1998-08-27,4.147313117980957,9.28125,9.578125,9.234375,9.53125,98800
1998-08-28,4.154295921325684,9.296875,9.3125,9.25,9.28125,280400
1998-08-31,4.133352279663086,9.25,9.3125,9.234375,9.25,109200
1998-09-01,4.2660064697265625,9.546875,9.5625,9.15625,9.21875,201600
1998-09-02,4.3358283042907715,9.703125,9.8125,9.6875,9.75,107600
1998-09-03,4.279973030090332,9.578125,9.625,9.5,9.5625,418800
1998-09-04,4.293937683105469,9.609375,9.65625,9.515625,9.53125,174400
1998-09-08,4.440557956695557,9.9375,9.9375,9.65625,9.65625,280000
1998-09-09,4.349792003631592,9.734375,9.9375,9.71875,9.9375,134000
1998-09-10,4.3078999519348145,9.640625,9.703125,9.625,9.671875,201200
1998-09-11,4.461503982543945,9.984375,9.984375,9.640625,9.640625,210800
1998-09-14,4.468487739562988,10.0,10.0,9.96875,9.984375,88800
1998-09-15,4.433574199676514,9.921875,9.953125,9.90625,9.9375,150400
1998-09-16,4.461503982543945,9.984375,9.984375,9.875,9.875,101600
1998-09-17,4.398667812347412,9.84375,9.984375,9.828125,9.984375,74800
1998-09-18,4.496414661407471,10.0625,10.25,9.921875,9.9375,2711200
1998-09-21,4.5103759765625,10.09375,10.09375,9.859375,10.0625,126400
1998-09-22,4.622089385986328,10.34375,10.34375,10.125,10.125,64000
1998-09-23,4.810606002807617,10.765625,10.84375,10.273438453674316,10.28125,145600
1998-09-24,4.6919121742248535,10.5,10.78125,10.40625,10.78125,157600
1998-09-25,4.705875396728516,10.53125,10.59375,10.40625,10.4375,185600
1998-09-28,4.703057289123535,10.4375,10.507813453674316,10.296875,10.375,77600
1998-09-29,4.548165321350098,10.09375,10.4375,10.0,10.4375,292000
1998-09-30,4.646731853485107,10.3125,10.3125,10.09375,10.09375,184800
1998-10-01,4.498883247375488,9.984375,10.125,9.96875,10.125,116000
1998-10-02,4.512964725494385,10.015625,10.0625,10.0,10.03125,60800
1998-10-05,4.435518264770508,9.84375,10.0,9.8125,9.992188453674316,208800
1998-10-06,4.301747798919678,9.546875,9.84375,9.40625,9.84375,92400
1998-10-07,4.329911708831787,9.609375,9.609375,9.5625,9.5625,42400
1998-10-08,4.287668704986572,9.515625,9.609375,9.359375,9.546875,98800
1998-10-09,4.2313432693481445,9.390625,9.46875,9.328125,9.453125,89600
1998-10-12,4.210221290588379,9.34375,9.375,9.328125,9.328125,242400
1998-10-13,4.210221290588379,9.34375,9.375,9.140625,9.34375,110800
1998-10-14,4.104614734649658,9.109375,9.28125,8.71875,9.28125,286000
1998-10-15,4.505923748016357,10.0,10.0,8.9375,9.0625,293600
1998-10-16,4.477761745452881,9.9375,10.25,9.921875,10.0,95600
1998-10-19,4.379195690155029,9.71875,10.03125,9.65625,10.0,103600
1998-10-20,4.442558288574219,9.859375,10.148438453674316,9.78125,9.78125,69600
1998-10-21,4.541122913360596,10.078125,10.21875,9.828125,9.828125,1862000
1998-10-22,4.836828231811523,10.734375,10.796875,10.25,10.28125,275600
1998-10-23,4.787542819976807,10.625,11.046875,10.625,10.734375,177600
1998-10-26,4.7523417472839355,10.546875,10.734375,10.546875,10.6875,95600
1998-10-27,4.780505180358887,10.609375,10.65625,10.484375,10.609375,47600
1998-10-28,4.794585227966309,10.640625,10.640625,10.59375,10.609375,29600
1998-10-29,4.759383678436279,10.5625,10.65625,10.5,10.640625,48400
1998-10-30,4.773464679718018,10.59375,10.65625,10.546875,10.5625,71600
1998-11-02,4.794585227966309,10.640625,10.65625,10.5625,10.59375,74800
1998-11-03,4.815704345703125,10.6875,10.75,10.59375,10.640625,127600
1998-11-04,4.900189399719238,10.875,10.96875,10.65625,10.65625,201600
1998-11-05,4.893151760101318,10.859375,10.984375,10.796875,10.84375,175600
1998-11-06,4.879071235656738,10.828125,10.859375,10.75,10.8125,50800
1998-11-09,5.062123775482178,11.234375,11.234375,10.875,10.875,202800
1998-11-10,5.0832438468933105,11.28125,11.3125,11.125,11.1875,140800
1998-11-11,5.090285778045654,11.296875,11.296875,11.25,11.265625,55200
1998-11-12,5.118448734283447,11.359375,11.484375,11.3125,11.359375,124400
1998-11-13,5.153648853302002,11.4375,11.546875,11.359375,11.359375,116400
1998-11-16,5.062123775482178,11.234375,11.515625,11.21875,11.5,84400
1998-11-17,5.069163799285889,11.25,11.25,10.953125,11.171875,198800
1998-11-18,5.167731761932373,11.46875,11.484375,11.28125,11.28125,73200
1998-11-19,5.139569282531738,11.40625,11.4375,11.359375,11.40625,200800
1998-11-20,5.1606903076171875,11.453125,11.453125,11.28125,11.28125,114800
1998-11-23,5.041003227233887,11.1875,11.484375,11.1875,11.484375,96000
1998-11-24,5.104363918304443,11.328125,11.34375,11.15625,11.1875,96000
1998-11-25,5.167731761932373,11.46875,11.5625,11.3125,11.375,71200
1998-11-27,5.195892333984375,11.53125,11.546875,11.453125,11.5,13200
1998-11-30,5.22405481338501,11.59375,11.6875,11.46875,11.53125,102400
1998-12-01,5.111407279968262,11.34375,11.53125,11.25,11.53125,115600
1998-12-02,5.055083751678467,11.21875,11.40625,11.140625,11.40625,65200
1998-12-03,4.984677791595459,11.0625,11.078125,11.015625,11.03125,60000
1998-12-04,5.076206207275391,11.265625,11.265625,11.078125,11.09375,239200
1998-12-07,5.062123775482178,11.234375,11.234375,11.203125,11.21875,58800
1998-12-08,5.026920795440674,11.15625,11.25,11.09375,11.25,39200
1998-12-09,5.069163799285889,11.25,11.3125,11.15625,11.21875,253600
1998-12-10,5.0832438468933105,11.28125,11.34375,11.21875,11.21875,268800
1998-12-11,5.167731761932373,11.46875,11.46875,11.25,11.265625,99200
1998-12-14,5.01987886428833,11.140625,11.40625,11.125,11.40625,48800
1998-12-15,4.928356170654297,10.9375,11.125,10.921875,11.125,42800
1998-12-16,4.801626205444336,10.65625,11.0,10.65625,11.0,52000
1998-12-17,4.977637767791748,11.046875,11.046875,10.71875,10.71875,34000
1998-12-18,4.9494781494140625,10.984375,11.25,10.9375,11.1875,150400
1998-12-21,4.9213151931762695,10.921875,10.984375,10.859375,10.984375,57200
1998-12-22,4.886113166809082,10.84375,10.921875,10.75,10.90625,69600
1998-12-23,4.914273262023926,10.90625,10.9375,10.6875,10.90625,108000
1998-12-24,4.864989280700684,10.796875,10.921875,10.796875,10.921875,12000
1998-12-28,5.041003227233887,11.1875,11.203125,10.796875,10.796875,63600
1998-12-29,4.960109710693359,10.921875,10.921875,10.75,10.84375,119600
1998-12-30,4.967204570770264,10.9375,10.984375,10.796875,10.921875,114800
1998-12-31,5.0097808837890625,11.03125,11.0625,10.9375,10.9375,56000
1999-01-04,5.045259952545166,11.109375,11.125,10.828125,11.0,291200
1999-01-05,5.165891647338867,11.375,11.4375,11.046875,11.046875,90000
1999-01-06,5.19427490234375,11.4375,11.6875,11.359375,11.359375,232400
1999-01-07,5.123314380645752,11.28125,11.4375,11.28125,11.4375,13600
1999-01-08,5.059450149536133,11.140625,11.25,11.03125,11.25,74400
1999-01-11,5.109123229980469,11.25,11.28125,11.140625,11.140625,78800
1999-01-12,5.0949320793151855,11.21875,11.296875,11.203125,11.28125,114400
1999-01-13,5.052355766296387,11.125,11.28125,11.0625,11.15625,101200
1999-01-14,4.953012943267822,10.90625,11.125,10.875,11.109375,82800
1999-01-15,4.811093330383301,10.59375,10.890625,10.5625,10.84375,117200
1999-01-19,5.052355766296387,11.125,11.234375,10.5625,10.5625,204800
1999-01-20,5.10202693939209,11.234375,11.234375,11.0625,11.125,152000
1999-01-21,5.052355766296387,11.125,11.28125,11.09375,11.1875,428000
1999-01-22,4.981395721435547,10.96875,11.0,10.90625,10.9375,259600
1999-01-25,5.109123229980469,11.25,11.359375,10.96875,10.96875,327600
1999-01-26,5.1162214279174805,11.265625,11.3125,11.1875,11.25,217600
1999-01-27,5.165891647338867,11.375,11.5,11.234375,11.28125,454800
1999-01-28,5.3503899574279785,11.78125,11.984375,11.375,11.375,302000
1999-01-29,5.6768035888671875,12.5,12.65625,11.71875,11.78125,533600
1999-02-01,5.378773212432861,11.84375,12.5,11.84375,12.5,368400
1999-02-02,5.2155656814575195,11.484375,11.875,11.421875,11.859375,346000
1999-02-03,5.293619632720947,11.65625,11.671875,11.4375,11.4375,165200
1999-02-04,5.165891647338867,11.375,11.59375,11.375,11.59375,104000
1999-02-05,5.151699066162109,11.34375,11.5,11.25,11.25,77200
1999-02-08,5.109123229980469,11.25,11.34375,11.234375,11.34375,75200
1999-02-09,5.123314380645752,11.28125,11.34375,11.25,11.25,170000
1999-02-10,5.080740451812744,11.1875,11.328125,11.171875,11.28125,184400
1999-02-11,5.1304121017456055,11.296875,11.3125,11.015625,11.1875,276000
1999-02-12,5.0949320793151855,11.21875,11.25,11.09375,11.25,40400
1999-02-16,5.151699066162109,11.34375,11.453125,11.28125,11.28125,40800
1999-02-17,5.1162214279174805,11.265625,11.453125,11.234375,11.34375,45600
1999-02-18,5.123314380645752,11.28125,11.34375,11.28125,11.3125,117600
1999-02-19,5.222660064697266,11.5,11.546875,11.265625,11.40625,89200
1999-02-22,5.400061130523682,11.890625,11.921875,11.546875,11.5625,140800
1999-02-23,5.357484340667725,11.796875,11.9375,11.773438453674316,11.890625,212800
1999-02-24,5.314908504486084,11.703125,11.8125,11.703125,11.796875,130000
1999-02-25,5.400061130523682,11.890625,11.90625,11.71875,11.8125,100000
1999-02-26,5.4213457107543945,11.9375,11.984375,11.84375,11.875,79200
1999-03-01,5.478116035461426,12.0625,12.0625,11.875,11.90625,118800
1999-03-02,5.449732303619385,12.0,12.15625,11.984375,12.0625,227600
1999-03-03,5.471019744873047,12.046875,12.046875,11.96875,12.0,116800
1999-03-04,5.534884452819824,12.1875,12.1875,12.09375,12.09375,205600
1999-03-05,5.584558010101318,12.296875,12.3125,12.125,12.15625,163600
1999-03-08,5.634227752685547,12.40625,12.484375,12.28125,12.296875,229200
1999-03-09,5.506498336791992,12.125,12.40625,12.109375,12.40625,99200
1999-03-10,5.5135979652404785,12.140625,12.1875,12.0,12.125,124400
1999-03-11,5.371677875518799,11.828125,12.078125,11.828125,12.078125,248000
1999-03-12,5.364582061767578,11.8125,11.828125,11.6875,11.828125,138000
1999-03-15,5.428442001342773,11.953125,12.09375,11.78125,11.78125,298800
1999-03-16,5.286523342132568,11.640625,11.9375,11.640625,11.9375,232400
1999-03-17,5.258141040802002,11.578125,11.640625,11.5625,11.640625,210400
1999-03-18,5.314908504486084,11.703125,11.71875,11.609375,11.625,57200
1999-03-19,5.279428005218506,11.625,11.75,11.625,11.75,149600
1999-03-22,5.187180042266846,11.421875,11.65625,11.421875,11.65625,77600
1999-03-23,5.137508869171143,11.3125,11.421875,11.296875,11.421875,79600
1999-03-24,5.165891647338867,11.375,11.375,11.28125,11.296875,194800
1999-03-25,5.343292713165283,11.765625,11.8125,11.5,11.5,120000
1999-03-26,5.378773212432861,11.84375,11.859375,11.75,11.75,20800
1999-03-29,5.324383735656738,11.625,11.8125,11.625,11.671875,105200
1999-03-30,5.302915573120117,11.578125,11.78125,11.515625,11.5625,177200
1999-03-31,5.267131805419922,11.5,11.8125,11.5,11.734375,544800
1999-04-01,5.302915573120117,11.578125,11.59375,11.5,11.5625,58400
1999-04-05,5.381635665893555,11.75,11.78125,11.59375,11.59375,87200
1999-04-06,5.496138095855713,12.0,12.125,11.59375,11.65625,186000
1999-04-07,5.453198432922363,11.90625,11.96875,11.890625,11.96875,18000
1999-04-08,5.446043491363525,11.890625,11.921875,11.84375,11.84375,58400
1999-04-09,5.5533881187438965,12.125,12.125,11.953125,11.953125,66800
1999-04-12,5.603484630584717,12.234375,12.3125,12.0,12.0625,94400
1999-04-13,5.539077281951904,12.09375,12.3125,12.09375,12.171875,181600
1999-04-14,5.574860095977783,12.171875,12.390625,12.109375,12.109375,98800
1999-04-15,5.546232223510742,12.109375,12.28125,12.109375,12.1875,61600
1999-04-16,5.539077281951904,12.09375,12.15625,12.09375,12.109375,74400
1999-04-19,5.6392669677734375,12.3125,12.3125,12.109375,12.109375,211200
1999-04-20,5.539077281951904,12.09375,12.3125,12.0625,12.25,347600
1999-04-21,5.531919002532959,12.078125,12.140625,12.0,12.140625,164400
1999-04-22,5.531919002532959,12.078125,12.078125,12.015625,12.046875,192000
1999-04-23,5.510449409484863,12.03125,12.03125,12.0,12.03125,16000
1999-04-26,5.488981246948242,11.984375,12.0625,11.875,12.0625,59600
1999-04-27,5.474667072296143,11.953125,12.0,11.84375,12.0,88400
1999-04-28,5.474667072296143,11.953125,11.96875,11.796875,11.90625,108400
1999-04-29,5.453198432922363,11.90625,11.96875,11.84375,11.96875,145200
1999-04-30,5.438885688781738,11.875,11.90625,11.640625,11.875,98400
1999-05-03,5.410262107849121,11.8125,11.96875,11.8125,11.875,188800
1999-05-04,5.417418003082275,11.828125,11.859375,11.765625,11.859375,104400
1999-05-05,5.503293514251709,12.015625,12.0625,11.796875,11.796875,426400
1999-05-06,5.488981246948242,11.984375,12.0625,11.90625,12.0,76400
1999-05-07,5.446043491363525,11.890625,11.96875,11.796875,11.921875,151600
1999-05-10,5.438885688781738,11.875,11.953125,11.8125,11.953125,240000
1999-05-11,5.360167026519775,11.703125,11.875,11.640625,11.875,70800
1999-05-12,5.381635665893555,11.75,11.78125,11.671875,11.703125,61200
1999-05-13,5.381635665893555,11.75,11.75,11.65625,11.75,53600
1999-05-14,5.3744797706604,11.734375,11.75,11.65625,11.703125,64800
1999-05-17,5.3744797706604,11.734375,11.75,11.703125,11.734375,77200
1999-05-18,5.353010654449463,11.6875,11.75,11.671875,11.734375,85600
1999-05-19,5.431728839874268,11.859375,11.875,11.65625,11.65625,463600
1999-05-20,5.496138095855713,12.0,12.0,11.828125,11.828125,126400
1999-05-21,5.474667072296143,11.953125,12.234375,11.890625,12.0,194000
1999-05-24,5.460355281829834,11.921875,12.015625,11.921875,11.9375,166000
1999-05-25,5.503293514251709,12.015625,12.140625,11.9375,11.984375,66000
1999-05-26,5.467509746551514,11.9375,12.03125,11.890625,12.03125,129200
1999-05-27,5.517606258392334,12.046875,12.0625,11.9375,11.9375,158000
1999-05-28,5.574860095977783,12.171875,12.25,12.09375,12.09375,37200
1999-06-01,5.510449409484863,12.03125,12.125,11.9375,12.125,101200
1999-06-02,5.546232223510742,12.109375,12.140625,11.984375,12.0,178400
1999-06-03,5.496138095855713,12.0,12.09375,11.953125,12.09375,201200
1999-06-04,5.503293514251709,12.015625,12.046875,11.921875,12.03125,75200
1999-06-07,5.510449409484863,12.03125,12.0625,12.0,12.046875,82400
1999-06-08,5.496138095855713,12.0,12.0625,11.96875,12.046875,775600
1999-06-09,5.496138095855713,12.0,12.0,11.9375,11.9375,45200
1999-06-10,5.488981246948242,11.984375,11.984375,11.9375,11.960938453674316,62400
1999-06-11,5.503293514251709,12.015625,12.03125,11.96875,11.984375,24800
1999-06-14,5.531919002532959,12.078125,12.109375,12.03125,12.03125,48400
1999-06-15,5.546232223510742,12.109375,12.109375,12.03125,12.078125,62800
1999-06-16,5.574860095977783,12.171875,12.203125,12.0,12.078125,200000
1999-06-17,5.574860095977783,12.171875,12.234375,12.15625,12.15625,90400
1999-06-18,5.610640048980713,12.25,12.25,12.171875,12.234375,119200
1999-06-21,5.603484630584717,12.234375,12.34375,12.21875,12.234375,94800
1999-06-22,5.689362525939941,12.421875,12.4375,12.171875,12.171875,76800
1999-06-23,5.675048351287842,12.390625,12.421875,12.359375,12.40625,90000
1999-06-24,5.660736083984375,12.359375,12.4375,12.34375,12.390625,35200
1999-06-25,5.589171886444092,12.203125,12.421875,12.1875,12.421875,42000
1999-06-28,5.714723587036133,12.375,12.390625,12.046875,12.078125,136800
1999-06-29,5.772447109222412,12.5,12.5,12.296875,12.3125,223600
1999-06-30,5.714723587036133,12.375,12.609375,12.375,12.5,530000
1999-07-01,5.765233516693115,12.484375,12.484375,12.375,12.375,57200
1999-07-02,5.765233516693115,12.484375,12.484375,12.40625,12.4375,37600
1999-07-06,5.758016586303711,12.46875,12.5,12.453125,12.46875,94000
1999-07-07,5.707508563995361,12.359375,12.5625,12.34375,12.5,68000
1999-07-08,5.765233516693115,12.484375,12.484375,12.3125,12.328125,101200
1999-07-09,5.887897491455078,12.75,12.796875,12.46875,12.46875,104400
1999-07-12,6.017775058746338,13.03125,13.09375,12.796875,12.8125,127600
1999-07-13,5.931185245513916,12.84375,13.0625,12.78125,13.0625,57200
1999-07-14,5.960051536560059,12.90625,12.90625,12.78125,12.828125,84400
1999-07-15,6.291966915130615,13.625,13.625,12.953125,12.96875,250000
1999-07-16,6.2775373458862305,13.59375,14.0,13.46875,13.5,558000
1999-07-19,6.147655963897705,13.3125,13.609375,13.296875,13.59375,100400
1999-07-20,6.068284511566162,13.140625,13.296875,13.140625,13.25,246000
1999-07-21,6.111578464508057,13.234375,13.28125,13.09375,13.140625,182000
1999-07-22,6.089931964874268,13.1875,13.234375,13.109375,13.21875,86400
1999-07-23,6.068284511566162,13.140625,13.21875,13.125,13.21875,24800
1999-07-26,5.945619106292725,12.875,13.15625,12.8125,13.15625,63200
1999-07-27,6.0538530349731445,13.109375,13.125,12.90625,12.9375,121600
1999-07-28,6.032205104827881,13.0625,13.125,12.984375,13.109375,217200
1999-07-29,6.032205104827881,13.0625,13.125,13.03125,13.09375,180800
1999-07-30,6.017775058746338,13.03125,13.125,12.875,13.078125,110800
1999-08-02,5.974483966827393,12.9375,13.125,12.90625,12.96875,119200
1999-08-03,6.061070442199707,13.125,13.140625,12.921875,12.921875,155200
1999-08-04,6.061070442199707,13.125,13.140625,13.03125,13.09375,87200
1999-08-05,6.068284511566162,13.140625,13.140625,13.0,13.09375,134400
1999-08-06,6.118793964385986,13.25,13.25,13.09375,13.09375,79200
1999-08-09,6.082716464996338,13.171875,13.25,13.171875,13.21875,143600
1999-08-10,5.88068151473999,12.734375,13.046875,12.65625,13.046875,176400
1999-08-11,5.859036445617676,12.6875,12.71875,12.640625,12.71875,185600
1999-08-12,5.859036445617676,12.6875,12.6875,12.65625,12.671875,284800
1999-08-13,6.133225917816162,13.28125,13.34375,12.6875,12.6875,255600
1999-08-16,6.147655963897705,13.3125,13.375,13.25,13.28125,86400
1999-08-17,6.183730125427246,13.390625,13.40625,13.3125,13.3125,56400
1999-08-18,6.19094705581665,13.40625,13.5625,13.375,13.375,181600
1999-08-19,6.169302463531494,13.359375,13.421875,13.21875,13.375,49600
1999-08-20,6.2198100090026855,13.46875,13.46875,13.375,13.375,128400
1999-08-23,6.227025032043457,13.484375,13.5,13.40625,13.40625,102000
1999-08-24,6.2703166007995605,13.578125,13.59375,13.46875,13.5,169600
1999-08-25,6.241458415985107,13.515625,13.5625,13.5,13.515625,75600
1999-08-26,6.3496904373168945,13.75,13.75,13.46875,13.46875,216800
1999-08-27,6.421842098236084,13.90625,14.125,13.75,13.75,249200
1999-08-30,6.241458415985107,13.515625,13.875,13.46875,13.875,200000
1999-08-31,6.306400775909424,13.65625,13.8125,13.5,13.515625,138000
1999-09-01,6.263104438781738,13.5625,13.625,13.46875,13.46875,137200
1999-09-02,6.255889415740967,13.546875,13.625,13.484375,13.5625,113200
1999-09-03,6.2775373458862305,13.59375,13.609375,13.453125,13.546875,188000
1999-09-07,6.2198100090026855,13.46875,13.53125,13.28125,13.53125,196000
1999-09-08,6.133225917816162,13.28125,13.484375,13.28125,13.46875,152000
1999-09-09,6.133225917816162,13.28125,13.390625,13.21875,13.34375,22000
1999-09-10,6.154870510101318,13.328125,13.4375,13.25,13.25,60000
1999-09-13,6.176518440246582,13.375,13.375,13.3125,13.375,47600
1999-09-14,6.133225917816162,13.28125,13.34375,13.1875,13.3125,174400
1999-09-15,6.183730125427246,13.390625,13.40625,13.25,13.25,149200
1999-09-16,6.169302463531494,13.359375,13.421875,13.1875,13.390625,169600
1999-09-17,6.183730125427246,13.390625,13.5,13.328125,13.390625,207200
1999-09-20,6.183730125427246,13.390625,13.4375,13.34375,13.34375,194000
1999-09-21,6.104362487792969,13.21875,13.4375,13.09375,13.4375,220400
1999-09-22,6.2198100090026855,13.46875,13.5,13.203125,13.21875,62800
1999-09-23,6.082716464996338,13.171875,13.484375,13.109375,13.484375,102000
1999-09-24,6.089931964874268,13.1875,13.1875,13.15625,13.171875,102800
1999-09-27,6.097144603729248,13.203125,13.25,13.0,13.21875,303200
1999-09-28,6.158218860626221,13.234375,13.234375,13.0625,13.09375,129600
1999-09-29,6.143680095672607,13.203125,13.21875,13.171875,13.21875,131200
1999-09-30,6.194571018218994,13.3125,13.3125,13.1875,13.234375,334800
1999-10-01,6.158218860626221,13.234375,13.359375,13.125,13.34375,160000
1999-10-04,6.136408805847168,13.1875,13.25,13.15625,13.21875,33200
1999-10-05,6.121866226196289,13.15625,13.203125,13.0,13.1875,122400
1999-10-06,6.0927839279174805,13.09375,13.21875,13.09375,13.15625,220000
1999-10-07,6.078244686126709,13.0625,13.125,13.03125,13.03125,35200
1999-10-08,6.034619331359863,12.96875,13.03125,12.9375,13.03125,92800
1999-10-11,5.969184875488281,12.828125,13.015625,12.78125,13.015625,102000
1999-10-12,5.925559997558594,12.734375,12.84375,12.625,12.84375,154000
1999-10-13,5.881934642791748,12.640625,12.734375,12.640625,12.703125,296800
1999-10-14,5.860123634338379,12.59375,12.65625,12.5,12.640625,368000
1999-10-15,5.918291091918945,12.71875,12.71875,12.4375,12.625,81200
1999-10-18,5.860123634338379,12.59375,12.71875,12.484375,12.6875,373600
1999-10-19,5.932829856872559,12.75,12.75,12.5625,12.5625,261200
1999-10-20,6.005535125732422,12.90625,12.90625,12.65625,12.6875,133200
1999-10-21,5.9401021003723145,12.765625,12.875,12.765625,12.84375,119600
1999-10-22,5.990996360778809,12.875,12.875,12.6875,12.75,175200
1999-10-25,5.874667644500732,12.625,12.875,12.5625,12.84375,242000
1999-10-26,5.765607833862305,12.390625,12.609375,12.3125,12.578125,101200
1999-10-27,5.867395401000977,12.609375,12.65625,12.390625,12.390625,100000
1999-10-28,5.932829856872559,12.75,12.8125,12.625,12.625,177600
1999-10-29,6.02008056640625,12.9375,12.96875,12.703125,12.75,448800
1999-11-01,5.969184875488281,12.828125,13.0,12.8125,12.96875,180800
1999-11-02,5.990996360778809,12.875,13.15625,12.65625,12.796875,279600
1999-11-03,6.107325553894043,13.125,13.125,13.0,13.0,78800
1999-11-04,6.1727614402771,13.265625,13.28125,13.0625,13.0625,140400
1999-11-05,6.456315517425537,13.875,13.921875,13.265625,13.265625,235200
1999-11-08,6.514480113983154,14.0,14.3125,13.921875,13.9375,159200
1999-11-09,6.383612632751465,13.71875,14.015625,13.703125,14.015625,86000
1999-11-10,6.354526042938232,13.65625,13.71875,13.375,13.71875,122800
1999-11-11,6.383612632751465,13.71875,13.8125,13.59375,13.65625,80400
1999-11-12,6.4199652671813965,13.796875,13.796875,13.59375,13.65625,60400
1999-11-15,6.28182315826416,13.5,13.8125,13.5,13.8125,39200
1999-11-16,6.456315517425537,13.875,13.875,13.546875,13.5625,85600
1999-11-17,6.339986324310303,13.625,13.875,13.5,13.875,56800
1999-11-18,6.354526042938232,13.65625,13.703125,13.578125,13.578125,46800
1999-11-19,6.267277240753174,13.46875,13.59375,13.46875,13.59375,121200
1999-11-22,6.347256183624268,13.640625,13.65625,13.375,13.4375,115600
1999-11-23,6.485400676727295,13.9375,14.09375,13.671875,13.6875,244400
1999-11-24,6.238196849822998,13.40625,13.921875,13.390625,13.921875,111600
1999-11-26,6.238196849822998,13.40625,13.421875,13.375,13.421875,23600
1999-11-29,6.245467662811279,13.421875,13.5,13.359375,13.375,149600
1999-11-30,6.339986324310303,13.625,13.625,13.375,13.40625,172400
1999-12-01,6.390879154205322,13.734375,13.90625,13.578125,13.59375,355600
1999-12-02,6.354526042938232,13.65625,13.8125,13.65625,13.703125,99200
1999-12-03,6.4490461349487305,13.859375,13.890625,13.625,13.65625,72800
1999-12-06,6.4490461349487305,13.859375,14.0,13.8125,13.828125,78000
1999-12-07,6.47812557220459,13.921875,13.921875,13.84375,13.84375,35200
1999-12-08,6.499940395355225,13.96875,13.984375,13.921875,13.921875,86400
1999-12-09,6.318176746368408,13.578125,13.96875,13.578125,13.96875,116400
1999-12-10,6.325443267822266,13.59375,13.59375,13.40625,13.59375,82800
1999-12-13,6.22365665435791,13.375,13.5625,13.25,13.5625,71200
1999-12-14,6.28909158706665,13.515625,13.5625,13.40625,13.40625,192000
1999-12-15,6.507208347320557,13.984375,14.03125,13.5,13.515625,354000
1999-12-16,6.688973426818848,14.375,14.515625,13.953125,13.96875,120000
1999-12-17,6.936178684234619,14.90625,15.03125,14.5,14.5,272000
1999-12-20,6.863470077514648,14.75,14.921875,14.703125,14.921875,115200
1999-12-21,7.02342414855957,15.09375,15.09375,14.671875,14.75,208400
1999-12-22,7.277895450592041,15.640625,15.640625,15.03125,15.078125,336400
1999-12-23,7.466933250427246,16.046875,16.5625,15.703125,15.703125,438400
1999-12-27,7.474202632904053,16.0625,16.171875,15.96875,16.109375,245200
1999-12-28,7.488747596740723,16.09375,16.125,16.0625,16.0625,109600
1999-12-29,7.469722747802734,15.953125,15.96875,15.65625,15.96875,339600
1999-12-30,7.572148323059082,16.171875,16.1875,15.9375,15.9375,70400
1999-12-31,7.579465389251709,16.1875,16.21875,16.140625,16.21875,43600
2000-01-03,7.4477715492248535,15.90625,15.96875,15.671875,15.9375,258400
2000-01-04,7.111235618591309,15.1875,15.75,15.03125,15.75,140400
2000-01-05,7.140500068664551,15.25,15.328125,14.875,15.03125,177600
2000-01-06,7.1276960372924805,15.22265625,15.375,15.15625,15.25,214800
2000-01-07,7.403875350952148,15.8125,15.90625,15.1875,15.5,235600
2000-01-10,7.133183479309082,15.234375,15.59375,15.21875,15.5,212000
2000-01-11,7.089288711547852,15.140625,15.234375,14.8125,15.234375,136800
2000-01-12,7.030758857727051,15.015625,15.21875,15.0,15.078125,72800
2000-01-13,7.0161237716674805,14.984375,15.0,14.84375,14.953125,136400
2000-01-14,6.979546546936035,14.90625,15.09375,14.859375,14.984375,157200
2000-01-18,7.030758857727051,15.015625,15.125,15.015625,15.125,199600
2000-01-19,7.023443222045898,15.0,15.09375,14.90625,14.96875,238400
2000-01-20,7.0161237716674805,14.984375,15.0625,14.90625,15.0625,177200
2000-01-21,6.686903476715088,14.28125,14.921875,14.28125,14.921875,260800
2000-01-24,6.621057033538818,14.140625,14.4375,14.09375,14.21875,410800
2000-01-25,6.525950908660889,13.9375,14.140625,13.9375,14.140625,196400
2000-01-26,6.66495418548584,14.234375,14.265625,14.0,14.0,162400
2000-01-27,6.482054710388184,13.84375,14.296875,13.828125,14.296875,233600
2000-01-28,6.3284149169921875,13.515625,14.0625,13.515625,13.75,144800
2000-01-31,6.291832447052002,13.4375,13.671875,13.34375,13.640625,161600
2000-02-01,6.386941909790039,13.640625,13.671875,13.421875,13.5,138000
2000-02-02,6.416205406188965,13.703125,13.8125,13.65625,13.703125,134000
2000-02-03,6.891750812530518,14.71875,14.78125,13.8125,13.8125,538000
2000-02-04,6.8698039054870605,14.671875,14.875,14.484375,14.875,143600
2000-02-07,6.555210113525391,14.0,14.78125,14.0,14.65625,113200
2000-02-08,6.518630504608154,13.921875,13.953125,13.734375,13.9375,226800
2000-02-09,6.569845199584961,14.03125,14.03125,13.859375,13.9375,154400
2000-02-10,6.613740921020508,14.125,14.75,14.03125,14.03125,282800
2000-02-11,6.3503618240356445,13.5625,14.171875,13.5,14.03125,130400
2000-02-14,6.255252838134766,13.359375,13.5625,13.1875,13.5625,210800
2000-02-15,6.174777030944824,13.1875,13.421875,13.03125,13.296875,114400
2000-02-16,6.196722984313965,13.234375,13.25,13.03125,13.171875,85200
2000-02-17,6.050405025482178,12.921875,13.15625,12.8125,13.09375,118800
2000-02-18,5.816288948059082,12.421875,12.859375,12.40625,12.859375,148800
2000-02-22,5.699233055114746,12.171875,12.421875,12.0,12.421875,454400
2000-02-23,5.852870941162109,12.5,12.5,12.21875,12.234375,185600
2000-02-24,5.830918788909912,12.453125,12.59375,12.25,12.53125,113600
2000-02-25,5.7138590812683105,12.203125,12.453125,12.203125,12.453125,94800
2000-02-28,5.889450550079346,12.578125,12.671875,12.296875,12.375,166000
2000-02-29,5.984559535980225,12.78125,12.875,12.515625,12.515625,194800
2000-03-01,5.882131576538086,12.5625,13.0,12.5625,12.734375,153200
2000-03-02,5.9772419929504395,12.765625,12.9375,12.625,12.625,146800
2000-03-03,5.852870941162109,12.5,12.6875,12.453125,12.6875,194000
2000-03-06,5.5016961097717285,11.75,12.5,11.6875,12.4375,228800
2000-03-07,5.54559326171875,11.84375,11.875,11.71875,11.875,74000
2000-03-08,5.5016961097717285,11.75,11.84375,11.53125,11.828125,120800
2000-03-09,5.552905082702637,11.859375,11.90625,11.71875,11.8125,293600
2000-03-10,5.582173824310303,11.921875,12.0,11.78125,11.828125,213600
2000-03-13,5.728495121002197,12.234375,12.375,11.84375,11.859375,99200
2000-03-14,5.82360315322876,12.4375,12.96875,12.25,12.25,575200
2000-03-15,6.233302593231201,13.3125,13.3125,12.21875,12.40625,453200
2000-03-16,7.491671085357666,16.0,16.0,13.75,13.75,422400
2000-03-17,7.140500068664551,15.25,15.625,14.5,15.625,1178000
2000-03-20,6.833223819732666,14.59375,15.5,14.59375,15.375,392800
2000-03-21,6.745430946350098,14.40625,14.5,13.78125,14.5,234800
2000-03-22,7.023443222045898,15.0,15.0,14.46875,14.46875,774200
2000-03-23,7.096603870391846,15.15625,15.46875,14.8125,14.875,547200
2000-03-24,7.140500068664551,15.25,15.5,14.9375,15.125,214600
2000-03-27,7.038074970245361,15.03125,15.1875,14.75,15.1875,179200
2000-03-28,7.023443222045898,15.0,15.1875,14.875,15.0625,530000
2000-03-29,7.062962532043457,14.96875,14.96875,14.78125,14.90625,689600
2000-03-30,7.5348052978515625,15.96875,15.96875,14.875,14.96875,992200
2000-03-31,7.667511463165283,16.25,16.4375,15.96875,16.0,1202600
2000-04-03,7.726495265960693,16.375,16.375,15.75,16.125,198600
2000-04-04,7.5348052978515625,15.96875,16.28125,15.8125,16.25,148800
2000-04-05,7.726495265960693,16.375,16.46875,15.90625,15.96875,716000
2000-04-06,7.741238594055176,16.40625,16.46875,16.25,16.375,324200
2000-04-07,7.770730018615723,16.46875,16.625,16.4375,16.5,245400
2000-04-10,7.711747169494629,16.34375,16.625,16.21875,16.46875,456600
2000-04-11,7.697000980377197,16.3125,16.46875,16.0625,16.34375,75600
2000-04-12,7.726495265960693,16.375,16.5,16.03125,16.25,109400
2000-04-13,7.741238594055176,16.40625,16.5,16.3125,16.46875,132600
2000-04-14,7.60853385925293,16.125,16.40625,15.40625,16.28125,560000
2000-04-17,7.3578619956970215,15.59375,16.0625,14.9375,16.0625,760600
2000-04-18,7.741238594055176,16.40625,16.46875,15.59375,15.59375,248400
2000-04-19,7.697000980377197,16.3125,16.5625,16.15625,16.40625,260800
2000-04-20,7.770730018615723,16.46875,16.5,16.25,16.34375,340200
2000-04-24,7.770730018615723,16.46875,16.46875,16.0,16.34375,156400
2000-04-25,8.566973686218262,18.15625,18.5,16.34375,16.46875,406400
2000-04-26,8.272066116333008,17.53125,18.125,17.5,18.125,456800
2000-04-27,8.168853759765625,17.3125,17.375,16.75,17.375,344800
2000-04-28,8.788148880004883,18.625,18.625,17.28125,17.4375,243600
2000-05-01,8.404767990112305,17.8125,18.28125,17.75,18.25,548800
2000-05-02,8.257319450378418,17.5,17.625,17.40625,17.5625,370000
2000-05-03,8.227836608886719,17.4375,17.8125,17.28125,17.8125,456200
2000-05-04,8.375285148620605,17.75,17.84375,17.375,17.46875,137600
2000-05-05,8.493246078491211,18.0,18.0,17.65625,17.75,180800
2000-05-08,8.404767990112305,17.8125,18.21875,17.6875,18.0,209800
2000-05-09,8.434258460998535,17.875,18.21875,17.5625,17.6875,346200
2000-05-10,8.419512748718262,17.84375,17.9375,17.6875,17.90625,158200
2000-05-11,8.493246078491211,18.0,18.21875,17.90625,17.96875,188200
2000-05-12,8.537482261657715,18.09375,18.15625,17.65625,18.125,331000
2000-05-15,9.03881549835205,19.15625,19.3125,17.75,17.96875,206800
2000-05-16,8.906108856201172,18.875,19.4375,18.8125,19.15625,256200
2000-05-17,8.788148880004883,18.625,18.875,18.4375,18.875,116600
2000-05-18,9.171524047851562,19.4375,19.75,18.5,18.5,278800
2000-05-19,8.965086936950684,19.0,19.25,18.75,18.875,375200
2000-05-22,9.245253562927246,19.59375,19.625,19.0,19.125,176400
2000-05-23,8.979837417602539,19.03125,19.5,19.0,19.46875,228600
2000-05-24,8.95034408569336,18.96875,19.25,18.5625,19.0625,369800
2000-05-25,9.083056449890137,19.25,19.4375,19.0625,19.0625,1073400
2000-05-26,9.2157621383667,19.53125,19.6875,19.1875,19.375,162400
2000-05-30,9.186266899108887,19.46875,19.46875,18.5625,19.125,403800
2000-05-31,9.127288818359375,19.34375,19.5,19.0,19.34375,149400
2000-06-01,8.95034408569336,18.96875,19.4375,18.875,19.34375,200000
2000-06-02,9.274741172790527,19.65625,19.875,19.1875,19.1875,210400
2000-06-05,8.935604095458984,18.9375,19.34375,18.71875,19.25,180000
2000-06-06,8.891368865966797,18.84375,19.125,18.59375,19.0,173200
2000-06-07,9.274741172790527,19.65625,19.71875,18.84375,18.84375,123200
2000-06-08,8.81763744354248,18.6875,19.3125,18.5625,19.3125,349000
2000-06-09,9.053557395935059,19.1875,19.5,19.0,19.0,97600
2000-06-12,8.61120891571045,18.25,19.21875,18.25,19.0625,185600
2000-06-13,8.965086936950684,19.0,19.125,18.21875,18.375,234600
2000-06-14,9.142034530639648,19.375,19.65625,19.125,19.125,191800
2000-06-15,9.024077415466309,19.125,19.53125,18.75,19.53125,135400
2000-06-16,8.920857429504395,18.90625,19.34375,18.875,19.125,122400
2000-06-19,9.053557395935059,19.1875,19.46875,18.4375,18.5,226600
2000-06-20,9.201016426086426,19.5,19.5,19.09375,19.09375,691600
2000-06-21,8.729172706604004,18.5,19.375,18.3125,19.375,185200
2000-06-22,8.81763744354248,18.6875,18.8125,18.3125,18.375,105200
2000-06-23,9.230508804321289,19.5625,19.90625,18.53125,18.53125,320400
2000-06-26,9.053557395935059,19.1875,19.5625,18.9375,19.5625,90200
2000-06-27,9.274741172790527,19.65625,19.6875,19.125,19.1875,150000
2000-06-28,9.803951263427734,20.65625,20.8125,19.625,19.625,552200
2000-06-29,10.204407691955566,21.5,21.71875,20.90625,20.9375,384600
2000-06-30,9.967100143432617,21.0,21.53125,20.25,21.53125,745800
2000-07-03,9.967100143432617,21.0,21.0,20.4375,20.5,93600
2000-07-05,9.670459747314453,20.375,20.875,20.375,20.875,250000
2000-07-06,9.848443031311035,20.75,20.75,20.0625,20.40625,423200
2000-07-07,9.700122833251953,20.4375,20.6875,20.3125,20.6875,374400
2000-07-10,9.714949607849121,20.46875,20.5625,20.34375,20.375,184800
2000-07-11,9.700122833251953,20.4375,20.5,20.375,20.5,86000
2000-07-12,9.729785919189453,20.5,20.625,20.375,20.375,150200
2000-07-13,9.655627250671387,20.34375,20.625,20.3125,20.5625,57000
2000-07-14,9.640793800354004,20.3125,20.5,20.1875,20.46875,71800
2000-07-17,9.670459747314453,20.375,20.5,20.0625,20.21875,186800
2000-07-18,9.848443031311035,20.75,20.9375,20.15625,20.375,297000
2000-07-19,10.41206169128418,21.9375,21.9375,20.8125,20.8125,483600
2000-07-20,10.189574241638184,21.46875,21.9375,21.25,21.8125,216400
2000-07-21,10.441723823547363,22.0,22.625,21.71875,21.71875,374800
2000-07-24,10.486224174499512,22.09375,22.3125,21.65625,21.75,106800
2000-07-25,10.649371147155762,22.4375,22.625,22.1875,22.3125,708000
2000-07-26,10.901514053344727,22.96875,22.96875,22.46875,22.5625,486800
2000-07-27,11.153656005859375,23.5,23.75,23.0,23.375,859400
2000-07-28,11.613451957702637,24.46875,24.5,23.5,23.5,612200
2000-07-31,11.64311408996582,24.53125,24.6875,23.9375,24.5,719000
2000-08-01,11.628277778625488,24.5,24.53125,24.03125,24.53125,144600
2000-08-02,11.776598930358887,24.8125,24.96875,24.5,24.5,279200
2000-08-03,11.761772155761719,24.78125,24.875,24.34375,24.75,273200
2000-08-04,11.776598930358887,24.8125,25.0,24.75,24.96875,322400
2000-08-07,11.628277778625488,24.5,24.9375,24.3125,24.75,140600
2000-08-08,11.657946586608887,24.5625,24.71875,24.5,24.625,100600
2000-08-09,11.791435241699219,24.84375,25.0,24.25,24.625,125600
2000-08-10,11.628277778625488,24.5,24.84375,24.5,24.84375,121800
2000-08-11,11.598616600036621,24.4375,24.46875,24.25,24.4375,146600
2000-08-14,11.494799613952637,24.21875,24.4375,24.03125,24.4375,150400
2000-08-15,11.242650032043457,23.6875,24.28125,23.6875,24.28125,205000
2000-08-16,11.138825416564941,23.46875,23.90625,23.46875,23.8125,186000
2000-08-17,11.153656005859375,23.5,23.8125,23.375,23.625,178200
2000-08-18,11.064663887023926,23.3125,23.5,23.15625,23.5,55200
2000-08-21,10.708702087402344,22.5625,23.1875,22.28125,23.1875,386200
2000-08-22,10.664199829101562,22.46875,22.5625,22.25,22.5625,109000
2000-08-23,10.723532676696777,22.59375,22.75,22.375,22.75,288800
2000-08-24,10.938592910766602,23.046875,23.625,22.6875,22.71875,379200
2000-08-25,11.301976203918457,23.8125,24.21875,23.4375,23.5625,339600
2000-08-28,11.138825416564941,23.46875,23.75,23.375,23.5625,99000
2000-08-29,11.109160423278809,23.40625,23.5625,23.1875,23.4375,125600
2000-08-30,11.420633316040039,24.0625,24.125,23.40625,23.40625,67200
2000-08-31,11.628277778625488,24.5,24.8125,23.96875,23.96875,125000
2000-09-01,11.390972137451172,24.0,24.9375,23.9375,24.9375,110400
2000-09-05,11.450302124023438,24.125,24.5,23.5625,23.75,106400
2000-09-06,11.880424499511719,25.03125,25.125,23.875,24.25,266200
2000-09-07,11.791435241699219,24.84375,25.375,24.75,25.03125,184000
2000-09-08,12.755514144897461,26.875,26.875,24.875,24.96875,494200
2000-09-11,12.889006614685059,27.15625,27.375,26.625,26.875,332600
2000-09-12,13.304301261901855,28.03125,28.375,27.15625,27.15625,287400
2000-09-13,12.829676628112793,27.03125,27.875,27.0,27.8125,244800
2000-09-14,12.814844131469727,27.0,27.6875,26.75,27.34375,181400
2000-09-15,13.170808792114258,27.75,27.75,26.625,26.625,249600
2000-09-18,12.399548530578613,26.125,27.46875,25.8125,27.375,223000
2000-09-19,13.00765609741211,27.40625,27.46875,26.25,26.25,123800
2000-09-20,13.155976295471191,27.71875,27.75,27.09375,27.40625,204200
2000-09-21,12.636856079101562,26.625,27.71875,26.3125,27.71875,84800
2000-09-22,13.452614784240723,28.34375,28.96875,26.625,26.625,431400
2000-09-25,13.497114181518555,28.4375,28.8125,28.125,28.6875,274400
2000-09-26,13.437782287597656,28.3125,28.8125,28.0625,28.5625,75000
2000-09-27,13.611729621887207,28.5625,28.84375,28.125,28.3125,148000
2000-09-28,14.222321510314941,29.84375,30.25,28.65625,28.6875,429600
2000-09-29,14.088290214538574,29.5625,29.75,29.375,29.375,497000
2000-10-02,13.835118293762207,29.03125,29.5,28.75,29.5,233200
2000-10-03,13.909573554992676,29.1875,29.40625,29.03125,29.03125,121400
2000-10-04,13.835118293762207,29.03125,29.46875,28.9375,29.21875,153000
2000-10-05,13.775548934936523,28.90625,29.25,28.90625,28.9375,268200
2000-10-06,13.075603485107422,27.4375,28.90625,27.25,28.90625,241400
2000-10-09,12.971355438232422,27.21875,27.6875,27.03125,27.625,169200
2000-10-10,13.105385780334473,27.5,27.75,27.25,27.34375,218000
2000-10-11,13.433019638061523,28.1875,28.375,27.46875,27.46875,184800
2000-10-12,12.792647361755371,26.84375,28.4375,26.75,28.3125,204800
2000-10-13,12.584141731262207,26.40625,26.9375,26.1875,26.875,270200
2000-10-16,12.39055061340332,26.0,26.46875,26.0,26.3125,323200
2000-10-17,12.152266502380371,25.5,26.125,25.4375,26.0,274000
2000-10-18,12.360756874084473,25.9375,25.96875,25.21875,25.5,353400
2000-10-19,12.703291893005371,26.65625,27.46875,26.0625,26.0625,222400
2000-10-20,13.016030311584473,27.3125,27.5,26.5,26.6875,342600
2000-10-23,13.105385780334473,27.5,27.59375,27.0625,27.4375,343400
2000-10-24,13.52237319946289,28.375,28.46875,27.5,27.5,291200
2000-10-25,13.96915054321289,29.3125,29.5,28.21875,28.25,266000
2000-10-26,14.19253921508789,29.78125,30.0,29.1875,29.1875,503400
2000-10-27,14.19253921508789,29.78125,30.46875,29.5,29.96875,304800
2000-10-30,14.654207229614258,30.75,30.875,29.875,29.90625,381600
2000-10-31,15.041403770446777,31.5625,32.0,30.625,31.125,369000
2000-11-01,14.81801700592041,31.09375,31.71875,30.78125,31.6875,246200
2000-11-02,14.87759017944336,31.21875,32.21875,30.71875,30.8125,199400
2000-11-03,14.296781539916992,30.0,31.21875,29.6875,31.21875,320400
2000-11-06,14.088290214538574,29.5625,30.75,29.3125,30.5,305600
2000-11-07,14.356346130371094,30.125,30.4375,29.375,29.5625,405200
2000-11-08,14.326567649841309,30.0625,30.65625,30.0625,30.25,136400
2000-11-09,14.401034355163574,30.21875,30.625,29.9375,30.375,191400
2000-11-10,14.296781539916992,30.0,30.4375,29.875,30.21875,187400
2000-11-13,13.98404312133789,29.34375,29.96875,28.6875,29.875,178000
2000-11-14,14.296781539916992,30.0,30.875,29.125,29.125,126200
2000-11-15,14.90738296508789,31.28125,31.28125,29.78125,29.9375,129800
2000-11-16,14.624415397644043,30.6875,31.5,30.625,31.15625,240400
2000-11-17,14.57973575592041,30.59375,30.96875,30.5,30.96875,157800
2000-11-20,14.326567649841309,30.0625,30.6875,28.875,30.6875,442800
2000-11-21,14.296781539916992,30.0,30.0625,29.78125,29.9375,235200
2000-11-22,13.835118293762207,29.03125,29.875,29.03125,29.75,199800
2000-11-24,14.281888961791992,29.96875,29.96875,29.15625,29.15625,86000
2000-11-27,14.19253921508789,29.78125,30.25,29.5,30.0,218800
2000-11-28,13.954252243041992,29.28125,30.0,29.28125,29.84375,149600
2000-11-29,14.296781539916992,30.0,31.125,29.5,29.5,233800
2000-11-30,14.058502197265625,29.5,30.125,29.28125,29.5625,191800
2000-12-01,14.341461181640625,30.09375,30.5,29.625,29.625,181000
2000-12-04,13.954252243041992,29.28125,30.375,29.25,29.96875,250400
2000-12-05,14.058502197265625,29.5,30.1875,29.5,29.625,424400
2000-12-06,14.237214088439941,29.875,30.625,29.3125,29.9375,509200
2000-12-07,15.056300163269043,31.59375,31.9375,30.5,30.625,724000
2000-12-08,14.505280494689941,30.4375,31.875,30.4375,31.71875,410400
2000-12-11,15.30947494506836,32.125,32.375,30.40625,30.75,662400
2000-12-12,15.964740753173828,33.5,34.25,31.6875,31.8125,4420000
2000-12-13,15.741349220275879,33.03125,33.96875,32.9375,33.6875,1105200
2000-12-14,15.413715362548828,32.34375,33.6875,32.3125,33.25,651400
2000-12-15,15.517967224121094,32.5625,32.59375,32.0625,32.59375,859400
2000-12-18,15.666893005371094,32.875,34.0,32.25,32.9375,488600
2000-12-19,15.30947494506836,32.125,32.75,31.375,32.5,473800
2000-12-20,15.220115661621094,31.9375,33.6875,31.71875,32.125,533000
2000-12-21,15.205221176147461,31.90625,32.53125,31.625,31.9375,367600
2000-12-22,15.443501472473145,32.40625,32.46875,31.9375,32.3125,250400
2000-12-26,15.756246566772461,33.0625,33.5625,32.28125,32.28125,310200
2000-12-27,16.095190048217773,33.65625,34.125,32.625,32.9375,233800
2000-12-28,16.050357818603516,33.5625,34.0,33.5,33.78125,358000
2000-12-29,15.213462829589844,31.8125,33.8125,31.53125,33.6875,757800
2001-01-02,15.034122467041016,31.4375,32.09375,30.5625,32.09375,423800
2001-01-03,14.526021957397461,30.375,31.0625,30.03125,31.0,725800
2001-01-04,13.181018829345703,27.5625,29.96875,26.5,29.75,1384200
2001-01-05,13.43507194519043,28.09375,28.5,27.0625,27.875,737400
2001-01-08,13.659239768981934,28.5625,28.5625,27.5625,28.0,353600
2001-01-09,12.852237701416016,26.875,28.5625,26.25,28.5625,814600
2001-01-10,13.37529468536377,27.96875,28.28125,26.9375,27.1875,582000
2001-01-11,12.643019676208496,26.4375,28.125,26.21875,27.84375,775800
2001-01-12,11.447457313537598,23.9375,26.4375,23.90625,26.4375,1668000
2001-01-16,11.716459274291992,24.5,25.21875,23.75,23.8125,1123600
2001-01-17,11.537123680114746,24.125,24.75,24.0,24.625,806200
2001-01-18,11.058903694152832,23.125,24.28125,22.75,24.25,835200
2001-01-19,10.520903587341309,22.0,23.4375,21.875,23.25,691700
2001-01-22,10.84968376159668,22.6875,24.0,22.0,22.0,699400
2001-01-23,11.746354103088379,24.5625,24.875,22.375,22.75,591000
2001-01-24,11.925683975219727,24.9375,25.25,23.8125,23.8125,586000
2001-01-25,12.105013847351074,25.3125,25.625,24.6875,24.6875,263000
2001-01-26,11.98546028137207,25.0625,25.25,24.875,25.0,250200
2001-01-29,12.433791160583496,26.0,26.299999237060547,25.0,25.0,564000
2001-01-30,12.864194869995117,26.899999618530273,27.0,26.0,26.0,556100
2001-01-31,12.371625900268555,25.8700008392334,27.239999771118164,25.649999618530273,26.700000762939453,305300
2001-02-01,12.725510597229004,26.610000610351562,26.979999542236328,26.1299991607666,26.25,112500
2001-02-02,12.921578407287598,27.020000457763672,27.489999771118164,26.850000381469727,26.860000610351562,332300
2001-02-05,13.146346092224121,27.489999771118164,28.0,27.0,27.020000457763672,155900
2001-02-06,13.155909538269043,27.510000228881836,27.700000762939453,27.0,27.700000762939453,346900
2001-02-07,13.371109008789062,27.959999084472656,30.0,27.700000762939453,27.989999771118164,323200
2001-02-08,13.09374713897705,27.3799991607666,28.459999084472656,27.1200008392334,28.399999618530273,282000
2001-02-09,13.385464668273926,27.989999771118164,28.450000762939453,26.399999618530273,26.649999618530273,313500
2001-02-12,13.438056945800781,28.100000381469727,28.25,27.0,27.989999771118164,297800
2001-02-13,13.275466918945312,27.760000228881836,28.700000762939453,27.670000076293945,28.270000457763672,184400
2001-02-14,13.241991996765137,27.690000534057617,28.149999618530273,27.510000228881836,27.510000228881836,259100
2001-02-15,13.332852363586426,27.8799991607666,27.979999542236328,27.350000381469727,27.700000762939453,160200
2001-02-16,13.246772766113281,27.700000762939453,28.15999984741211,27.100000381469727,27.6299991607666,151100
2001-02-20,12.672905921936035,26.5,27.600000381469727,26.100000381469727,27.600000381469727,141400
2001-02-21,12.414666175842285,25.959999084472656,26.5,25.790000915527344,26.0,124600
2001-02-22,12.242504119873047,25.600000381469727,26.09000015258789,24.049999237060547,26.079999923706055,355500
2001-02-23,12.701598167419434,26.559999465942383,26.649999618530273,25.0,25.350000381469727,171100
2001-02-26,12.629863739013672,26.40999984741211,26.5,25.0,26.309999465942383,230200
2001-02-27,12.68246841430664,26.520000457763672,27.0,25.700000762939453,26.25,211100
2001-02-28,12.209028244018555,25.530000686645508,26.520000457763672,25.469999313354492,26.520000457763672,240800
2001-03-01,12.433791160583496,26.0,26.149999618530273,25.649999618530273,25.75,230900
2001-03-02,13.155909538269043,27.510000228881836,28.299999237060547,25.540000915527344,25.75,498100
2001-03-05,13.108085632324219,27.40999984741211,28.0,26.979999542236328,27.950000762939453,253800
2001-03-06,12.983753204345703,27.149999618530273,27.6200008392334,27.010000228881836,27.40999984741211,269100
2001-03-07,13.533713340759277,28.299999237060547,28.75,27.350000381469727,27.350000381469727,248400
2001-03-08,13.681962966918945,28.610000610351562,28.920000076293945,28.100000381469727,28.309999465942383,370100
2001-03-09,14.131481170654297,29.549999237060547,29.75,27.799999237060547,28.610000610351562,659400
2001-03-12,13.705862998962402,28.65999984741211,29.5,28.649999618530273,29.5,298500
2001-03-13,13.806294441223145,28.8700008392334,28.8700008392334,28.350000381469727,28.65999984741211,273400
2001-03-14,13.222859382629395,27.649999618530273,28.8700008392334,27.510000228881836,28.8700008392334,114800
2001-03-15,12.959835052490234,27.100000381469727,28.600000381469727,26.75,28.399999618530273,209300
2001-03-16,13.007658004760742,27.200000762939453,28.5,26.899999618530273,28.5,257700
2001-03-19,12.935933113098145,27.049999237060547,27.149999618530273,26.049999237060547,27.100000381469727,287600
2001-03-20,12.888103485107422,26.950000762939453,27.389999389648438,26.75,27.389999389648438,206100
2001-03-21,12.840274810791016,26.850000381469727,27.5,26.75,27.200000762939453,328800
2001-03-22,12.577263832092285,26.299999237060547,26.899999618530273,25.399999618530273,26.899999618530273,224700
2001-03-23,13.01244068145752,27.209999084472656,28.399999618530273,26.049999237060547,26.149999618530273,239900
2001-03-26,13.629359245300293,28.5,28.5,27.459999084472656,27.459999084472656,331800
2001-03-27,13.294596672058105,27.799999237060547,28.360000610351562,27.049999237060547,28.350000381469727,282800
2001-03-28,12.545063972473145,26.110000610351562,27.670000076293945,25.799999237060547,27.670000076293945,427200
2001-03-29,12.66037368774414,26.350000381469727,27.649999618530273,25.989999771118164,26.5,372400
2001-03-30,13.309003829956055,27.700000762939453,28.0,26.600000381469727,26.600000381469727,533000
2001-04-02,13.208112716674805,27.489999771118164,28.219999313354492,26.90999984741211,27.709999084472656,392400
2001-04-03,12.516233444213867,26.049999237060547,27.459999084472656,25.799999237060547,27.350000381469727,347800
2001-04-04,11.93486499786377,24.84000015258789,26.959999084472656,24.649999618530273,26.799999237060547,741700
2001-04-05,12.468188285827637,25.950000762939453,26.420000076293945,25.0,26.0,414500
2001-04-06,12.011737823486328,25.0,26.200000762939453,24.959999084472656,26.200000762939453,252700
2001-04-09,12.074200630187988,25.1299991607666,25.40999984741211,24.299999237060547,25.25,196400
2001-04-10,12.194323539733887,25.3799991607666,26.0,25.059999465942383,26.0,259100
2001-04-11,12.275989532470703,25.549999237060547,25.729999542236328,25.100000381469727,25.1299991607666,233400
2001-04-12,12.448965072631836,25.90999984741211,26.0,24.899999618530273,24.899999618530273,210800
2001-04-16,12.030960083007812,25.040000915527344,26.440000534057617,25.0,25.979999542236328,177500
2001-04-17,12.338462829589844,25.68000030517578,25.75,25.010000228881836,25.290000915527344,288100
2001-04-18,12.122249603271484,25.229999542236328,26.969999313354492,25.0,25.850000381469727,417200
2001-04-19,12.636356353759766,26.299999237060547,26.440000534057617,25.5,25.649999618530273,293400
2001-04-20,12.593111991882324,26.209999084472656,26.209999084472656,25.450000762939453,25.75,147200
2001-04-23,12.468188285827637,25.950000762939453,26.200000762939453,25.5,25.75,150300
2001-04-24,11.93967056274414,24.850000381469727,26.399999618530273,24.649999618530273,26.0,461300
2001-04-25,12.26639175415039,25.530000686645508,25.56999969482422,24.5,24.510000228881836,266800
2001-04-26,12.477790832519531,25.969999313354492,26.100000381469727,25.719999313354492,25.850000381469727,114000
2001-04-27,12.458576202392578,25.93000030517578,26.1299991607666,25.489999771118164,25.719999313354492,167900
2001-04-30,12.117441177368164,25.219999313354492,26.450000762939453,25.200000762939453,25.93000030517578,322800
2001-05-01,12.261582374572754,25.520000457763672,25.75,25.200000762939453,25.75,185900
2001-05-02,12.069398880004883,25.1200008392334,25.770000457763672,24.760000228881836,25.770000457763672,171700
2001-05-03,11.358305931091309,23.639999389648438,25.0,23.5,24.8700008392334,461400
2001-05-04,11.93486499786377,24.84000015258789,25.100000381469727,22.229999542236328,22.5,1625500
2001-05-07,11.766700744628906,24.489999771118164,25.25,24.399999618530273,25.25,225600
2001-05-08,11.718657493591309,24.389999389648438,24.90999984741211,24.0,24.739999771118164,240000
2001-05-09,11.531272888183594,24.0,24.389999389648438,23.540000915527344,24.0,240600
2001-05-10,11.526469230651855,23.989999771118164,24.5,23.450000762939453,24.5,270300
2001-05-11,11.531272888183594,24.0,24.25,23.950000762939453,24.200000762939453,382200
2001-05-14,11.670610427856445,24.290000915527344,24.450000762939453,23.860000610351562,24.0,332000
2001-05-15,11.833969116210938,24.6299991607666,25.0,23.799999237060547,25.0,311400
2001-05-16,12.098223686218262,25.18000030517578,25.75,24.280000686645508,24.450000762939453,407000
2001-05-17,11.824357032775879,24.610000610351562,25.5,24.350000381469727,25.350000381469727,530600
2001-05-18,12.006939888000488,24.989999771118164,25.100000381469727,24.219999313354492,24.5,318700
2001-05-21,12.448965072631836,25.90999984741211,25.90999984741211,24.59000015258789,24.75,326800
2001-05-22,12.545063972473145,26.110000610351562,26.299999237060547,25.469999313354492,25.950000762939453,296100
2001-05-23,12.38170337677002,25.770000457763672,26.049999237060547,25.56999969482422,26.0,238300
2001-05-24,12.684403419494629,26.399999618530273,26.5,25.829999923706055,26.0,364800
2001-05-25,12.732451438903809,26.5,26.700000762939453,26.049999237060547,26.100000381469727,273000
2001-05-29,13.001508712768555,27.059999465942383,27.530000686645508,26.540000915527344,26.649999618530273,428600
2001-05-30,13.275379180908203,27.6299991607666,28.3700008392334,27.299999237060547,28.0,714800
2001-05-31,13.212913513183594,27.5,27.90999984741211,27.229999542236328,27.75,331700
2001-06-01,13.054360389709473,27.170000076293945,27.850000381469727,26.950000762939453,27.5,395300
2001-06-04,13.333036422729492,27.75,27.75,27.0,27.420000076293945,250400
2001-06-05,13.549243927001953,28.200000762939453,28.31999969482422,27.84000015258789,27.899999618530273,256100
2001-06-06,13.462767601013184,28.020000457763672,28.3700008392334,27.649999618530273,28.0,311100
2001-06-07,13.962447166442871,29.059999465942383,29.200000762939453,28.200000762939453,28.200000762939453,327900
2001-06-08,13.736629486083984,28.59000015258789,29.1299991607666,28.3700008392334,29.049999237060547,208300
2001-06-11,13.741436958312988,28.600000381469727,28.799999237060547,28.139999389648438,28.799999237060547,153400
2001-06-12,13.578070640563965,28.260000228881836,28.549999237060547,28.200000762939453,28.350000381469727,319000
2001-06-13,13.275379180908203,27.6299991607666,28.479999542236328,27.559999465942383,28.299999237060547,274200
2001-06-14,13.193697929382324,27.459999084472656,27.850000381469727,27.25,27.850000381469727,211300
2001-06-15,13.32823371887207,27.739999771118164,28.219999313354492,27.200000762939453,27.200000762939453,197000
2001-06-18,13.462767601013184,28.020000457763672,28.450000762939453,27.559999465942383,27.989999771118164,191500
2001-06-19,13.462767601013184,28.020000457763672,28.479999542236328,27.75,27.899999618530273,124100
2001-06-20,13.62131118774414,28.350000381469727,28.450000762939453,27.850000381469727,28.25,237700
2001-06-21,13.751044273376465,28.6200008392334,28.799999237060547,28.350000381469727,28.350000381469727,114300
2001-06-22,13.236937522888184,27.549999237060547,28.6200008392334,27.399999618530273,28.6200008392334,233200
2001-06-25,13.015923500061035,27.09000015258789,27.75,27.09000015258789,27.75,188500
2001-06-26,13.030342102050781,27.1200008392334,27.270000457763672,26.700000762939453,27.049999237060547,374700
2001-06-27,13.16551685333252,27.270000457763672,27.959999084472656,26.850000381469727,26.989999771118164,208300
2001-06-28,13.266904830932617,27.479999542236328,27.700000762939453,27.149999618530273,27.420000076293945,260700
2001-06-29,12.55238151550293,26.0,27.899999618530273,26.0,27.899999618530273,1413600
2001-07-02,12.991715431213379,26.90999984741211,27.1200008392334,26.5,26.899999618530273,373700
2001-07-03,13.03516960144043,27.0,27.649999618530273,26.600000381469727,27.15999984741211,162900
2001-07-05,12.914471626281738,26.75,27.43000030517578,26.329999923706055,27.0,225400
2001-07-06,12.682735443115234,26.270000457763672,26.6299991607666,25.799999237060547,26.6299991607666,459300
2001-07-09,12.750323295593262,26.40999984741211,26.75,26.270000457763672,26.270000457763672,380600
2001-07-10,13.194485664367676,27.329999923706055,27.450000762939453,26.329999923706055,26.350000381469727,339800
2001-07-11,13.131721496582031,27.200000762939453,27.350000381469727,26.799999237060547,27.299999237060547,385300
2001-07-12,13.411739349365234,27.780000686645508,27.989999771118164,26.850000381469727,27.350000381469727,338800
2001-07-13,13.894526481628418,28.780000686645508,28.780000686645508,27.649999618530273,27.75,553600
2001-07-16,13.952447891235352,28.899999618530273,29.200000762939453,28.690000534057617,29.049999237060547,420600
2001-07-17,13.831755638122559,28.649999618530273,28.899999618530273,28.350000381469727,28.899999618530273,441100
2001-07-18,13.60968017578125,28.190000534057617,28.389999389648438,28.0,28.25,229600
2001-07-19,12.962743759155273,26.850000381469727,27.100000381469727,26.719999313354492,26.75,998900
2001-07-20,12.793774604797363,26.5,26.940000534057617,26.299999237060547,26.600000381469727,590900
2001-07-23,13.03516960144043,27.0,27.059999465942383,26.799999237060547,26.899999618530273,509300
2001-07-24,13.16551685333252,27.270000457763672,27.510000228881836,27.0,27.0,454500
2001-07-25,13.252424240112305,27.450000762939453,27.6200008392334,27.010000228881836,27.600000381469727,263500
2001-07-26,13.460014343261719,27.8799991607666,28.0,26.90999984741211,27.299999237060547,265600
2001-07-27,13.469667434692383,27.899999618530273,28.0,27.309999465942383,28.0,228300
2001-07-30,13.51312255859375,27.989999771118164,28.0,27.25,27.899999618530273,211500
2001-07-31,13.276558876037598,27.5,28.059999465942383,27.40999984741211,27.989999771118164,149200
2001-08-01,13.030342102050781,26.989999771118164,27.5,26.75,27.5,367100
2001-08-02,12.745498657226562,26.399999618530273,27.0,26.139999389648438,27.0,367900
2001-08-03,12.673075675964355,26.25,26.600000381469727,25.3700008392334,26.5,722400
2001-08-06,12.837224006652832,26.59000015258789,26.739999771118164,26.399999618530273,26.5,277300
2001-08-07,13.083440780639648,27.100000381469727,27.350000381469727,26.690000534057617,26.700000762939453,271500
2001-08-08,13.281386375427246,27.510000228881836,27.65999984741211,26.799999237060547,27.049999237060547,259600
2001-08-09,13.373109817504883,27.700000762939453,27.739999771118164,27.25,27.299999237060547,349500
2001-08-10,13.527605056762695,28.020000457763672,28.200000762939453,27.3700008392334,27.59000015258789,487300
2001-08-13,13.566227912902832,28.100000381469727,28.100000381469727,27.68000030517578,28.0,292100
2001-08-14,13.508294105529785,27.979999542236328,28.450000762939453,27.700000762939453,28.299999237060547,194100
2001-08-15,13.315186500549316,27.579999923706055,28.049999237060547,27.049999237060547,28.049999237060547,157600
2001-08-16,13.276558876037598,27.5,27.649999618530273,27.1299991607666,27.649999618530273,331800
2001-08-17,13.044815063476562,27.020000457763672,27.40999984741211,26.84000015258789,27.25,165100
2001-08-20,13.30069351196289,27.549999237060547,27.75,27.049999237060547,27.75,114700
2001-08-21,13.073783874511719,27.079999923706055,27.5,26.75,27.5,277200
2001-08-22,13.276558876037598,27.5,27.5,26.920000076293945,27.079999923706055,224300
2001-08-23,13.141373634338379,27.219999313354492,27.5,27.010000228881836,27.399999618530273,89200
2001-08-24,13.247590065002441,27.440000534057617,27.639999389648438,27.020000457763672,27.450000762939453,244100
2001-08-27,13.247590065002441,27.440000534057617,27.75,27.15999984741211,27.25,217200
2001-08-28,13.1799955368042,27.299999237060547,28.040000915527344,27.290000915527344,27.299999237060547,409400
2001-08-29,12.95791244506836,26.84000015258789,27.299999237060547,26.700000762939453,27.299999237060547,321800
2001-08-30,13.073783874511719,27.079999923706055,27.149999618530273,26.350000381469727,26.899999618530273,222400
2001-08-31,12.798601150512695,26.510000228881836,27.299999237060547,26.399999618530273,27.09000015258789,422600
2001-09-04,13.34897232055664,27.649999618530273,27.709999084472656,26.510000228881836,26.510000228881836,259100
2001-09-05,13.469667434692383,27.899999618530273,28.0,27.68000030517578,28.0,566200
2001-09-06,13.039996147155762,27.010000228881836,27.899999618530273,26.889999389648438,27.899999618530273,298900
2001-09-07,12.96757698059082,26.860000610351562,27.200000762939453,26.700000762939453,26.899999618530273,148700
2001-09-10,12.67790699005127,26.260000228881836,26.639999389648438,25.75,26.610000610351562,282600
2001-09-17,14.652484893798828,30.350000381469727,31.0,28.389999389648438,31.0,2514000
2001-09-18,14.483516693115234,30.0,31.0,29.0,31.0,1158000
2001-09-19,15.198039054870605,31.479999542236328,31.75,29.899999618530273,30.0,1934000
2001-09-20,15.593918800354004,32.29999923706055,32.5,31.100000381469727,31.350000381469727,1148000
2001-09-21,15.009761810302734,31.09000015258789,33.0,30.68000030517578,31.5,1370400
2001-09-24,14.724909782409668,30.5,32.0,30.0,31.399999618530273,1105900
2001-09-25,14.956649780273438,30.979999542236328,31.100000381469727,30.5,30.5,809200
2001-09-26,16.0135440826416,33.029998779296875,34.0,30.920000076293945,31.0,1755900
2001-09-27,16.338380813598633,33.70000076293945,33.970001220703125,33.11000061035156,33.279998779296875,1023900
2001-09-28,16.41109848022461,33.849998474121094,33.849998474121094,32.54999923706055,33.099998474121094,766000
2001-10-01,16.48383140563965,34.0,34.2400016784668,33.66999816894531,33.900001525878906,922000
2001-10-02,16.605026245117188,34.25,34.5,34.04999923706055,34.04999923706055,1228100
2001-10-03,17.366191864013672,35.81999969482422,35.97999954223633,34.2400016784668,34.25,1296200
2001-10-04,17.065610885620117,35.20000076293945,36.900001525878906,34.79999923706055,35.88999938964844,772100
2001-10-05,17.4146671295166,35.91999816894531,35.91999816894531,34.79999923706055,35.45000076293945,425000
2001-10-08,18.059478759765625,37.25,37.25,35.75,35.939998626708984,786700
2001-10-09,17.72010612487793,36.54999923706055,38.20000076293945,36.20000076293945,37.29999923706055,906400
2001-10-10,17.68617820739746,36.47999954223633,37.52000045776367,35.400001525878906,36.900001525878906,522100
2001-10-11,17.652240753173828,36.40999984741211,36.75,35.599998474121094,36.47999954223633,754400
2001-10-12,17.9625186920166,37.04999923706055,37.400001525878906,35.5,36.40999984741211,498200
2001-10-15,17.98674964904785,37.099998474121094,37.099998474121094,36.27000045776367,36.400001525878906,235200
2001-10-16,18.04493522644043,37.220001220703125,37.29999923706055,36.79999923706055,37.099998474121094,489900
2001-10-17,18.12251091003418,37.380001068115234,37.9900016784668,36.81999969482422,37.5,512800
2001-10-18,18.1322078704834,37.400001525878906,37.41999816894531,36.68000030517578,37.130001068115234,364300
2001-10-19,18.21462631225586,37.56999969482422,37.7400016784668,37.04999923706055,37.04999923706055,410800
2001-10-22,18.423093795776367,38.0,38.0,36.650001525878906,37.31999969482422,537000
2001-10-23,18.360069274902344,37.869998931884766,38.0,37.400001525878906,37.9900016784668,187800
2001-10-24,18.568544387817383,38.29999923706055,38.38999938964844,37.20000076293945,37.869998931884766,537000
2001-10-25,18.50066566467285,38.15999984741211,38.209999084472656,36.54999923706055,38.04999923706055,487000
2001-10-26,18.384296417236328,37.91999816894531,38.08000183105469,37.310001373291016,37.90999984741211,425300
2001-10-29,18.2534122467041,37.650001525878906,38.81999969482422,37.54999923706055,37.9900016784668,375400
2001-10-30,17.855859756469727,36.83000183105469,37.650001525878906,35.0,37.650001525878906,654900
2001-10-31,17.715259552001953,36.540000915527344,36.939998626708984,36.150001525878906,36.83000183105469,622700
2001-11-01,17.9091796875,36.939998626708984,37.220001220703125,36.29999923706055,36.599998474121094,211900
2001-11-02,17.6376953125,36.380001068115234,36.939998626708984,36.380001068115234,36.939998626708984,729800
2001-11-05,17.545574188232422,36.189998626708984,37.04999923706055,36.0,36.41999816894531,1804800
2001-11-06,17.98191261291504,37.09000015258789,37.13999938964844,36.349998474121094,36.349998474121094,373100
2001-11-07,17.681324005126953,36.470001220703125,37.400001525878906,36.29999923706055,37.0,422200
2001-11-08,17.44861602783203,35.9900016784668,36.470001220703125,35.72999954223633,36.470001220703125,472900
2001-11-09,16.769861221313477,34.59000015258789,35.849998474121094,34.369998931884766,35.849998474121094,508900
2001-11-12,16.328683853149414,33.68000030517578,34.099998474121094,32.900001525878906,34.0,722300
2001-11-13,16.638961791992188,34.31999969482422,35.0,34.0,34.5,822300
2001-11-14,16.551694869995117,34.13999938964844,34.70000076293945,34.119998931884766,34.5,419000
2001-11-15,16.4062442779541,33.84000015258789,34.25,33.75,34.130001068115234,436000
2001-11-16,16.338380813598633,33.70000076293945,34.189998626708984,33.40999984741211,34.0,652400
2001-11-19,16.624414443969727,34.290000915527344,35.20000076293945,33.560001373291016,33.599998474121094,472400
2001-11-20,16.85228157043457,34.7599983215332,34.9900016784668,34.22999954223633,34.290000915527344,495100
2001-11-21,17.143178939819336,35.36000061035156,35.61000061035156,34.45000076293945,34.650001525878906,285800
2001-11-23,17.08499526977539,35.2400016784668,35.4900016784668,34.75,35.11000061035156,76700
2001-11-26,17.240148544311523,35.560001373291016,35.7400016784668,34.849998474121094,35.2400016784668,232400
2001-11-27,17.259525299072266,35.599998474121094,35.869998931884766,35.0099983215332,35.560001373291016,274600
2001-11-28,17.4146671295166,35.91999816894531,36.150001525878906,35.70000076293945,35.70000076293945,379000
2001-11-29,17.75889778137207,36.630001068115234,36.70000076293945,35.650001525878906,35.91999816894531,257000
2001-11-30,17.69586753845215,36.5,36.540000915527344,36.0099983215332,36.529998779296875,349600
2001-12-03,17.710416793823242,36.529998779296875,36.810001373291016,35.79999923706055,36.54999923706055,332200
2001-12-04,17.821922302246094,36.7599983215332,36.79999923706055,36.29999923706055,36.599998474121094,274800
2001-12-05,17.56496810913086,36.22999954223633,36.7599983215332,36.099998474121094,36.7599983215332,517800
2001-12-06,17.56496810913086,36.22999954223633,36.369998931884766,35.959999084472656,36.22999954223633,278700
2001-12-07,17.66193199157715,36.43000030517578,36.5099983215332,36.20000076293945,36.25,289700
2001-12-10,17.472843170166016,36.040000915527344,36.4900016784668,36.040000915527344,36.439998626708984,272300
2001-12-11,17.4146671295166,35.91999816894531,36.349998474121094,35.779998779296875,35.900001525878906,301600
2001-12-12,16.98802947998047,35.040000915527344,36.0,34.65999984741211,36.0,751100
2001-12-13,16.4935245513916,34.02000045776367,35.29999923706055,34.02000045776367,35.0,509100
2001-12-14,16.6292667388916,34.29999923706055,34.45000076293945,33.560001373291016,34.150001525878906,479000
2001-12-17,16.745634078979492,34.540000915527344,34.63999938964844,34.18000030517578,34.29999923706055,246600
2001-12-18,16.828048706054688,34.709999084472656,35.0,34.470001220703125,34.75,291800
2001-12-19,16.784408569335938,34.619998931884766,34.97999954223633,34.349998474121094,34.900001525878906,584100
2001-12-20,16.701982498168945,34.45000076293945,34.900001525878906,34.45000076293945,34.650001525878906,357100
2001-12-21,16.75046730041504,34.54999923706055,34.97999954223633,34.0,34.97999954223633,497800
2001-12-24,16.71653938293457,34.47999954223633,34.650001525878906,34.29999923706055,34.29999923706055,174900
2001-12-26,16.774715423583984,34.599998474121094,34.9900016784668,34.5,34.5,316600
2001-12-27,17.02289581298828,34.97999954223633,35.31999969482422,34.599998474121094,34.599998474121094,219700
2001-12-28,16.95962905883789,34.849998474121094,35.0,34.70000076293945,34.9900016784668,270900
2001-12-31,16.78445053100586,34.4900016784668,34.900001525878906,34.45000076293945,34.900001525878906,324800
2002-01-02,16.51679229736328,33.939998626708984,34.650001525878906,33.689998626708984,34.650001525878906,355400
2002-01-03,16.205337524414062,33.29999923706055,34.099998474121094,32.560001373291016,33.689998626708984,860500
2002-01-04,15.971742630004883,32.81999969482422,33.25,32.400001525878906,33.04999923706055,637300
2002-01-07,15.504566192626953,31.860000610351562,32.9900016784668,31.739999771118164,32.95000076293945,773400
2002-01-08,15.188241958618164,31.209999084472656,31.899999618530273,31.0,31.899999618530273,773100
2002-01-09,15.266106605529785,31.3700008392334,31.700000762939453,31.209999084472656,31.209999084472656,837400
2002-01-10,15.830612182617188,32.529998779296875,32.540000915527344,31.399999618530273,31.469999313354492,626400
2002-01-11,16.26373291015625,33.41999816894531,33.650001525878906,32.25,32.529998779296875,557300
2002-01-14,16.039880752563477,32.959999084472656,33.279998779296875,32.70000076293945,33.20000076293945,585100
2002-01-15,16.253997802734375,33.400001525878906,33.54999923706055,32.9900016784668,33.0,513800
2002-01-16,16.180999755859375,33.25,33.70000076293945,33.20000076293945,33.5,237900
2002-01-17,15.952266693115234,32.779998779296875,33.400001525878906,32.52000045776367,33.25,382400
2002-01-18,16.351333618164062,33.599998474121094,33.7400016784668,32.779998779296875,32.779998779296875,526900
2002-01-22,16.545997619628906,34.0,34.25,33.619998931884766,34.0,416100
2002-01-23,16.108007431030273,33.099998474121094,34.380001068115234,32.75,34.25,953400
2002-01-24,16.341590881347656,33.58000183105469,33.81999969482422,32.45000076293945,33.099998474121094,451300
2002-01-25,16.497329711914062,33.900001525878906,34.5099983215332,33.58000183105469,33.630001068115234,369500
2002-01-28,16.180999755859375,33.25,34.13999938964844,33.22999954223633,34.099998474121094,261900
2002-01-29,15.898752212524414,32.66999816894531,33.61000061035156,32.540000915527344,33.25,322700
2002-01-30,16.00580596923828,32.88999938964844,32.9900016784668,31.889999389648438,31.899999618530273,558700
2002-01-31,16.059343338012695,33.0,33.0,32.25,32.599998474121094,356600
2002-02-01,16.380529403686523,33.65999984741211,33.95000076293945,32.849998474121094,33.0,287400
2002-02-04,16.268596649169922,33.43000030517578,33.70000076293945,33.0,33.65999984741211,264000
2002-02-05,16.618988037109375,34.150001525878906,34.150001525878906,33.209999084472656,33.22999954223633,325000
2002-02-06,16.68711280822754,34.290000915527344,34.4900016784668,33.810001373291016,34.150001525878906,898500
2002-02-07,16.85744857788086,34.63999938964844,35.119998931884766,33.099998474121094,34.29999923706055,355700
2002-02-08,17.105634689331055,35.150001525878906,35.150001525878906,34.150001525878906,34.7400016784668,219600
2002-02-11,17.086166381835938,35.11000061035156,35.25,34.2599983215332,35.220001220703125,204100
2002-02-12,17.071569442749023,35.08000183105469,35.400001525878906,34.75,34.900001525878906,190300
2002-02-13,17.616607666015625,36.20000076293945,36.20000076293945,35.0,35.0,454700
2002-02-14,17.9183349609375,36.81999969482422,37.2400016784668,36.349998474121094,36.5,486500
2002-02-15,17.421953201293945,35.79999923706055,36.81999969482422,35.40999984741211,36.81999969482422,586100
2002-02-19,17.261356353759766,35.470001220703125,35.75,35.150001525878906,35.599998474121094,213600
2002-02-20,17.314889907836914,35.58000183105469,35.61000061035156,34.380001068115234,35.470001220703125,185700
2002-02-21,16.764978408813477,34.45000076293945,35.900001525878906,34.04999923706055,35.400001525878906,482600
2002-02-22,16.653059005737305,34.220001220703125,34.40999984741211,33.84000015258789,34.40999984741211,302900
2002-02-25,16.93531036376953,34.79999923706055,34.869998931884766,34.25,34.25,286000
2002-02-26,16.72117805480957,34.36000061035156,35.0,33.900001525878906,34.900001525878906,410300
2002-02-27,16.910972595214844,34.75,34.880001068115234,34.25,34.25,281300
2002-02-28,16.964506149291992,34.86000061035156,35.099998474121094,34.599998474121094,34.599998474121094,211000
2002-03-01,16.93531036376953,34.79999923706055,35.02000045776367,34.29999923706055,34.70000076293945,193800
2002-03-04,17.076433181762695,35.09000015258789,35.66999816894531,34.709999084472656,34.75,209000
2002-03-05,16.99370765686035,34.91999816894531,35.20000076293945,34.560001373291016,35.0,238200
2002-03-06,16.891515731811523,34.709999084472656,34.970001220703125,34.27000045776367,34.939998626708984,199300
2002-03-07,16.497329711914062,33.900001525878906,34.5,33.2400016784668,34.5,420500
2002-03-08,16.30266571044922,33.5,34.25,33.29999923706055,34.150001525878906,276200
2002-03-11,16.04474449157715,32.970001220703125,33.5,32.7599983215332,33.400001525878906,462700
2002-03-12,16.04474449157715,32.970001220703125,33.34000015258789,32.400001525878906,32.79999923706055,490000
2002-03-13,16.229665756225586,33.349998474121094,33.56999969482422,32.75,32.79999923706055,340600
2002-03-14,16.25886344909668,33.40999984741211,33.7599983215332,33.209999084472656,33.400001525878906,313300
2002-03-15,16.502193450927734,33.90999984741211,34.13999938964844,33.349998474121094,33.400001525878906,309500
2002-03-18,16.12747573852539,33.13999938964844,34.20000076293945,32.900001525878906,34.0,459100
2002-03-19,16.229665756225586,33.349998474121094,33.72999954223633,32.95000076293945,33.13999938964844,223000
2002-03-20,16.059343338012695,33.0,33.400001525878906,33.0,33.400001525878906,249400
2002-03-21,16.083677291870117,33.04999923706055,33.29999923706055,32.900001525878906,33.04999923706055,420400
2002-03-22,15.991209030151367,32.86000061035156,33.16999816894531,32.79999923706055,33.099998474121094,250800
2002-03-25,15.718701362609863,32.29999923706055,32.900001525878906,32.130001068115234,32.61000061035156,329900
2002-03-26,15.791980743408203,32.31999969482422,32.5,32.13999938964844,32.29999923706055,305600
2002-03-27,16.050941467285156,32.849998474121094,32.93000030517578,32.2599983215332,32.349998474121094,249300
2002-03-28,16.011859893798828,32.77000045776367,32.900001525878906,32.400001525878906,32.900001525878906,244700
2002-04-01,16.02163314819336,32.790000915527344,32.869998931884766,32.150001525878906,32.7599983215332,279400
2002-04-02,16.168210983276367,33.09000015258789,33.349998474121094,32.72999954223633,32.900001525878906,353100
2002-04-03,16.143789291381836,33.040000915527344,33.20000076293945,32.75,32.900001525878906,261700
2002-04-04,16.43206024169922,33.630001068115234,33.95000076293945,33.0,33.04999923706055,522900
2002-04-05,17.086803436279297,34.970001220703125,35.029998779296875,33.81999969482422,33.83000183105469,723300
2002-04-08,17.233394622802734,35.27000045776367,35.27000045776367,34.63999938964844,34.970001220703125,541900
2002-04-09,17.35554313659668,35.52000045776367,35.900001525878906,35.45000076293945,35.45000076293945,479900
2002-04-10,17.541215896606445,35.900001525878906,35.97999954223633,35.31999969482422,35.52000045776367,199500
2002-04-11,17.22361946105957,35.25,36.150001525878906,35.2400016784668,35.70000076293945,278100
2002-04-12,17.331113815307617,35.470001220703125,35.5099983215332,34.5,35.04999923706055,222400
2002-04-15,16.998857498168945,34.790000915527344,35.650001525878906,34.540000915527344,35.470001220703125,248700
2002-04-16,16.896251678466797,34.58000183105469,35.25,34.4900016784668,34.75,279800
2002-04-17,17.00374984741211,34.79999923706055,35.04999923706055,34.68000030517578,34.70000076293945,290900
2002-04-18,17.267593383789062,35.34000015258789,35.349998474121094,34.650001525878906,34.70000076293945,513700
2002-04-19,17.218734741210938,35.2400016784668,35.369998931884766,34.900001525878906,35.20000076293945,265400
2002-04-22,17.218734741210938,35.2400016784668,35.9900016784668,35.2400016784668,35.849998474121094,330400
2002-04-23,17.477703094482422,35.77000045776367,35.77000045776367,34.70000076293945,35.400001525878906,535900
2002-04-24,17.028165817260742,34.849998474121094,36.099998474121094,34.75,35.77000045776367,696800
2002-04-25,17.145435333251953,35.09000015258789,35.20000076293945,34.52000045776367,34.849998474121094,827900
2002-04-26,17.106355667114258,35.0099983215332,35.400001525878906,34.95000076293945,35.099998474121094,612300
2002-04-29,16.984201431274414,34.7599983215332,35.349998474121094,34.720001220703125,35.2599983215332,446300
2002-04-30,17.638938903808594,36.099998474121094,36.25,34.84000015258789,34.849998474121094,1141300
2002-05-01,17.379968643188477,35.56999969482422,36.04999923706055,35.0,36.0,493400
2002-05-02,17.697574615478516,36.220001220703125,36.4900016784668,35.68000030517578,35.81999969482422,400500
2002-05-03,17.66826057434082,36.15999984741211,36.400001525878906,35.869998931884766,36.22999954223633,191300
2002-05-06,17.463041305541992,35.7400016784668,36.52000045776367,35.599998474121094,36.15999984741211,291500
2002-05-07,17.101463317871094,35.0,35.849998474121094,35.0,35.599998474121094,162100
2002-05-08,17.262704849243164,35.33000183105469,35.40999984741211,34.630001068115234,34.900001525878906,366600
2002-05-09,17.13566780090332,35.06999969482422,35.7400016784668,35.06999969482422,35.33000183105469,247100
2002-05-10,16.95488929748535,34.70000076293945,35.06999969482422,34.52000045776367,35.06999969482422,296400
2002-05-13,17.101463317871094,35.0,35.380001068115234,34.529998779296875,34.650001525878906,274700
2002-05-14,17.521671295166016,35.86000061035156,36.20000076293945,35.060001373291016,35.099998474121094,401600
2002-05-15,17.2431640625,35.290000915527344,36.29999923706055,35.27000045776367,35.650001525878906,370000
2002-05-16,17.49235725402832,35.79999923706055,36.0099983215332,35.25,35.29999923706055,322700
2002-05-17,18.010284423828125,36.86000061035156,37.20000076293945,36.099998474121094,36.150001525878906,443100
2002-05-20,17.76109504699707,36.349998474121094,36.86000061035156,36.20000076293945,36.86000061035156,248900
2002-05-21,17.531452178955078,35.880001068115234,36.5,35.59000015258789,36.36000061035156,222500
2002-05-22,17.277353286743164,35.36000061035156,35.970001220703125,35.099998474121094,35.880001068115234,310800
2002-05-23,17.433725357055664,35.68000030517578,35.970001220703125,35.369998931884766,35.369998931884766,300500
2002-05-24,17.179645538330078,35.15999984741211,35.849998474121094,35.130001068115234,35.68000030517578,158500
2002-05-28,17.077035903930664,34.95000076293945,35.279998779296875,34.0,35.20000076293945,506600
2002-05-29,17.46792221069336,35.75,36.0,34.79999923706055,34.79999923706055,221300
2002-05-30,17.2529354095459,35.310001373291016,35.75,34.9900016784668,35.75,374600
2002-05-31,17.22361946105957,35.25,35.369998931884766,34.849998474121094,35.310001373291016,286800
2002-06-03,17.15521240234375,35.11000061035156,35.47999954223633,34.79999923706055,35.0,305000
2002-06-04,16.759435653686523,34.29999923706055,34.95000076293945,34.0,34.95000076293945,319600
2002-06-05,17.028165817260742,34.849998474121094,35.2400016784668,34.29999923706055,34.29999923706055,232000
2002-06-06,16.759435653686523,34.29999923706055,34.7599983215332,34.040000915527344,34.400001525878906,288900
2002-06-07,16.818071365356445,34.41999816894531,34.65999984741211,34.040000915527344,34.25,109200
2002-06-10,16.90113067626953,34.59000015258789,35.150001525878906,34.380001068115234,34.47999954223633,227900
2002-06-11,16.58841896057129,33.95000076293945,34.880001068115234,33.75,34.75,320300
2002-06-12,16.612850189208984,34.0,34.2400016784668,33.33000183105469,33.79999923706055,223900
2002-06-13,16.202415466308594,33.15999984741211,34.45000076293945,33.08000183105469,34.0099983215332,256400
2002-06-14,16.700801849365234,34.18000030517578,34.900001525878906,32.540000915527344,32.75,454100
2002-06-17,16.720352172851562,34.220001220703125,34.70000076293945,34.18000030517578,34.18000030517578,430000
2002-06-18,17.0526123046875,34.900001525878906,35.25,34.150001525878906,34.22999954223633,434700
2002-06-19,16.857158660888672,34.5,35.29999923706055,34.5,34.90999984741211,388500
2002-06-20,16.837600708007812,34.459999084472656,35.0,34.45000076293945,34.599998474121094,181200
2002-06-21,16.71057891845703,34.20000076293945,34.86000061035156,34.20000076293945,34.209999084472656,237100
2002-06-24,16.95488929748535,34.70000076293945,35.099998474121094,34.150001525878906,34.29999923706055,492200
2002-06-25,16.691036224365234,34.15999984741211,34.900001525878906,33.95000076293945,34.849998474121094,404500
2002-06-26,16.73028564453125,34.09000015258789,34.189998626708984,33.099998474121094,33.849998474121094,421000
2002-06-27,16.759737014770508,34.150001525878906,34.59000015258789,33.95000076293945,34.150001525878906,329600
2002-06-28,17.005123138427734,34.650001525878906,34.86000061035156,34.15999984741211,34.15999984741211,330500
2002-07-01,16.828439712524414,34.290000915527344,34.900001525878906,34.15999984741211,34.25,327700
2002-07-02,16.224802017211914,33.060001373291016,34.279998779296875,32.970001220703125,34.279998779296875,639600
2002-07-03,15.827278137207031,32.25,33.20000076293945,32.04999923706055,32.849998474121094,438500
2002-07-05,16.224802017211914,33.060001373291016,33.25,32.29999923706055,32.380001068115234,255800
2002-07-08,15.964691162109375,32.529998779296875,33.400001525878906,32.5,32.900001525878906,481300
2002-07-09,15.842000007629395,32.279998779296875,33.0,32.279998779296875,32.54999923706055,500600
2002-07-10,15.41994857788086,31.420000076293945,32.90999984741211,31.420000076293945,32.04999923706055,333300
2002-07-11,15.37576961517334,31.329999923706055,31.420000076293945,30.25,31.25,533900
2002-07-12,15.081306457519531,30.729999542236328,31.700000762939453,30.690000534057617,31.579999923706055,366000
2002-07-15,14.772127151489258,30.100000381469727,30.829999923706055,29.450000762939453,30.479999542236328,669600
2002-07-16,14.968430519104004,30.5,31.059999465942383,29.8799991607666,30.06999969482422,429800
2002-07-17,15.091129302978516,30.75,31.200000762939453,30.110000610351562,30.75,343100
2002-07-18,14.443310737609863,29.43000030517578,30.81999969482422,29.43000030517578,30.649999618530273,378600
2002-07-19,12.759973526000977,26.0,30.010000228881836,26.0,29.43000030517578,1878400
2002-07-22,11.140439987182617,22.700000762939453,24.75,21.700000762939453,24.5,3300500
2002-07-23,11.748990058898926,23.940000534057617,24.600000381469727,22.600000381469727,22.729999542236328,2083200
2002-07-24,12.485150337219238,25.440000534057617,26.530000686645508,23.600000381469727,23.950000762939453,1165500
2002-07-25,12.681450843811035,25.84000015258789,26.75,25.260000228881836,25.770000457763672,598700
2002-07-26,13.132957458496094,26.760000228881836,26.899999618530273,25.719999313354492,25.850000381469727,581800
2002-07-29,13.7415132522583,28.0,28.75,27.299999237060547,27.299999237060547,583800
2002-07-30,14.31571102142334,29.170000076293945,29.299999237060547,27.399999618530273,28.0,819000
2002-07-31,14.433488845825195,29.40999984741211,29.40999984741211,28.5,28.920000076293945,337000
2002-08-01,14.134130477905273,28.799999237060547,29.299999237060547,28.700000762939453,29.299999237060547,516200
2002-08-02,13.746417999267578,28.010000228881836,29.0,27.75,28.799999237060547,380900
2002-08-05,13.496124267578125,27.5,28.190000534057617,27.299999237060547,28.100000381469727,593200
2002-08-06,13.550115585327148,27.610000610351562,27.950000762939453,27.600000381469727,27.700000762939453,565600
2002-08-07,13.736601829528809,27.989999771118164,27.989999771118164,27.299999237060547,27.549999237060547,768300
2002-08-08,14.320618629455566,29.18000030517578,29.200000762939453,27.549999237060547,27.549999237060547,449400
2002-08-09,14.359883308410645,29.260000228881836,29.489999771118164,28.479999542236328,29.280000686645508,142800
2002-08-12,14.276456832885742,29.09000015258789,29.3799991607666,28.5,29.270000457763672,319200
2002-08-13,13.942727088928223,28.40999984741211,29.190000534057617,28.399999618530273,29.09000015258789,395400
2002-08-14,14.330428123474121,29.200000762939453,29.200000762939453,28.100000381469727,28.40999984741211,441300
2002-08-15,14.72304630279541,30.0,30.0,29.139999389648438,29.350000381469727,463900
2002-08-16,14.624895095825195,29.799999237060547,30.06999969482422,29.59000015258789,29.989999771118164,224500
2002-08-19,14.624895095825195,29.799999237060547,30.299999237060547,29.799999237060547,30.200000762939453,431300
2002-08-20,14.5856351852417,29.719999313354492,29.989999771118164,28.899999618530273,29.899999618530273,397400
2002-08-21,14.752497673034668,30.059999465942383,30.399999618530273,29.450000762939453,30.350000381469727,504300
2002-08-22,14.71323299407959,29.979999542236328,30.209999084472656,29.799999237060547,30.059999465942383,248000
2002-08-23,14.359883308410645,29.260000228881836,29.579999923706055,29.100000381469727,29.299999237060547,340800
2002-08-26,14.492393493652344,29.530000686645508,29.639999389648438,28.690000534057617,29.299999237060547,542700
2002-08-27,14.256817817687988,29.049999237060547,30.0,28.93000030517578,29.950000762939453,371000
2002-08-28,14.035970687866211,28.600000381469727,28.959999084472656,28.3799991607666,28.700000762939453,349000
2002-08-29,14.256817817687988,29.049999237060547,29.549999237060547,28.43000030517578,28.639999389648438,251200
2002-08-30,14.21264934539795,28.959999084472656,29.600000381469727,28.950000762939453,29.0,225800
2002-09-03,13.913286209106445,28.350000381469727,28.75,28.040000915527344,28.75,364900
2002-09-04,13.68262004852295,27.8799991607666,28.780000686645508,27.799999237060547,28.25,1439300
2002-09-05,12.367362022399902,25.200000762939453,25.899999618530273,23.0,24.0,4762800
2002-09-06,12.858136177062988,26.200000762939453,26.559999465942383,25.799999237060547,25.899999618530273,1022700
2002-09-09,13.005362510681152,26.5,26.670000076293945,25.350000381469727,26.100000381469727,792200
2002-09-10,13.177132606506348,26.850000381469727,26.93000030517578,26.1200008392334,26.5,554700
2002-09-11,12.858136177062988,26.200000762939453,26.799999237060547,26.049999237060547,26.399999618530273,597800
2002-09-12,12.691265106201172,25.860000610351562,26.399999618530273,25.829999923706055,26.18000030517578,477100
2002-09-13,12.858136177062988,26.200000762939453,26.75,25.399999618530273,25.399999618530273,629600
2002-09-16,12.828680038452148,26.139999389648438,26.25,25.75,26.0,407600
2002-09-17,12.710901260375977,25.899999618530273,26.600000381469727,25.719999313354492,26.329999923706055,402200
2002-09-18,12.755073547363281,25.989999771118164,26.25,25.600000381469727,25.899999618530273,427800
2002-09-19,12.416439056396484,25.299999237060547,25.90999984741211,25.25,25.850000381469727,327100
2002-09-20,12.367362022399902,25.200000762939453,25.799999237060547,24.850000381469727,25.799999237060547,600000
2002-09-23,12.136699676513672,24.729999542236328,25.200000762939453,24.479999542236328,25.200000762939453,371600
2002-09-24,11.847143173217773,24.139999389648438,24.790000915527344,24.0,24.6299991607666,287900
2002-09-25,12.063085556030273,24.579999923706055,24.6200008392334,23.770000457763672,24.389999389648438,333500
2002-09-26,12.32972526550293,24.969999313354492,24.969999313354492,24.5,24.600000381469727,249500
2002-09-27,12.226031303405762,24.760000228881836,25.0,24.510000228881836,24.8700008392334,374300
2002-09-30,12.17171573638916,24.649999618530273,24.93000030517578,23.709999084472656,24.510000228881836,334500
2002-10-01,12.714874267578125,25.75,25.780000686645508,24.329999923706055,24.68000030517578,476700
2002-10-02,12.438358306884766,25.190000534057617,25.709999084472656,25.190000534057617,25.600000381469727,706800
2002-10-03,11.974201202392578,24.25,25.389999389648438,24.1299991607666,25.350000381469727,672200
2002-10-04,11.455733299255371,23.200000762939453,24.399999618530273,22.950000762939453,24.399999618530273,346700
2002-10-07,11.139714241027832,22.559999465942383,23.299999237060547,22.1200008392334,22.5,411200
2002-10-08,11.435983657836914,23.15999984741211,23.610000610351562,22.5,22.5,371900
2002-10-09,10.912572860717773,22.100000381469727,23.0,22.100000381469727,23.0,540200
2002-10-10,11.519927978515625,23.329999923706055,23.34000015258789,22.100000381469727,22.100000381469727,516900
2002-10-11,12.532176971435547,25.3799991607666,26.0,24.299999237060547,24.5,674000
2002-10-14,12.418606758117676,25.149999618530273,25.299999237060547,24.84000015258789,25.1299991607666,311900
2002-10-15,12.887699127197266,26.100000381469727,26.850000381469727,25.600000381469727,25.600000381469727,536400
2002-10-16,12.537118911743164,25.389999389648438,26.110000610351562,24.860000610351562,26.0,331500
2002-10-17,12.660561561584473,25.639999389648438,26.100000381469727,25.5,26.0,354900
2002-10-18,12.640802383422852,25.600000381469727,26.200000762939453,25.399999618530273,25.6200008392334,260200
2002-10-21,12.902510643005371,26.1299991607666,26.299999237060547,25.0,25.0,337900
2002-10-22,12.779067993164062,25.8799991607666,26.290000915527344,25.75,26.049999237060547,215900
2002-10-23,12.477862358093262,25.270000457763672,25.709999084472656,25.0,25.700000762939453,559900
2002-10-24,13.109906196594238,26.549999237060547,27.040000915527344,24.290000915527344,25.270000457763672,1543400
2002-10-25,13.455551147460938,27.25,27.399999618530273,26.75,27.25,909900
2002-10-28,13.36173152923584,27.059999465942383,27.5,26.700000762939453,27.5,354300
2002-10-29,12.887699127197266,26.100000381469727,27.139999389648438,25.799999237060547,27.059999465942383,679100
2002-10-30,13.01607894897461,26.360000610351562,26.5,25.860000610351562,26.110000610351562,175500
2002-10-31,13.243221282958984,26.81999969482422,27.260000228881836,26.360000610351562,26.360000610351562,433700
2002-11-01,13.267912864685059,26.8700008392334,27.100000381469727,26.290000915527344,26.700000762939453,445300
2002-11-04,13.233345985412598,26.799999237060547,27.3700008392334,26.790000915527344,27.200000762939453,351900
2002-11-05,13.371598243713379,27.079999923706055,27.290000915527344,26.729999542236328,26.75,568500
2002-11-06,13.337043762207031,27.010000228881836,27.280000686645508,26.649999618530273,27.100000381469727,320900
2002-11-07,13.114838600158691,26.559999465942383,27.1299991607666,26.399999618530273,27.010000228881836,512600
2002-11-08,13.149406433105469,26.6299991607666,27.020000457763672,26.469999313354492,26.559999465942383,260000
2002-11-11,13.307415962219238,26.950000762939453,27.049999237060547,26.450000762939453,26.610000610351562,265900
2002-11-12,13.159284591674805,26.649999618530273,27.049999237060547,26.530000686645508,26.950000762939453,243500
2002-11-13,12.9913969039917,26.309999465942383,26.700000762939453,26.06999969482422,26.399999618530273,451000
2002-11-14,13.109906196594238,26.549999237060547,26.799999237060547,26.450000762939453,26.479999542236328,571100
2002-11-15,13.499988555908203,27.34000015258789,27.469999313354492,26.200000762939453,26.200000762939453,394700
2002-11-18,13.159284591674805,26.649999618530273,27.15999984741211,26.600000381469727,27.0,460800
2002-11-19,13.065461158752441,26.459999084472656,26.709999084472656,26.34000015258789,26.65999984741211,456500
2002-11-20,13.39135456085205,27.1200008392334,27.149999618530273,26.450000762939453,26.450000762939453,697000
2002-11-21,13.48023509979248,27.299999237060547,27.399999618530273,27.0,27.149999618530273,284800
2002-11-22,13.544429779052734,27.43000030517578,27.540000915527344,27.030000686645508,27.25,360600
2002-11-25,13.781442642211914,27.90999984741211,28.5,27.65999984741211,28.5,455300
2002-11-26,13.667874336242676,27.68000030517578,27.899999618530273,27.440000534057617,27.899999618530273,769300
2002-11-27,13.94933032989502,28.25,28.309999465942383,27.65999984741211,27.700000762939453,201400
2002-11-29,13.909829139709473,28.170000076293945,28.479999542236328,28.100000381469727,28.25,113100
2002-12-02,14.39372730255127,29.149999618530273,29.350000381469727,28.299999237060547,28.5,395500
2002-12-03,14.206099510192871,28.770000457763672,29.1200008392334,28.520000457763672,29.1200008392334,239900
2002-12-04,14.423357009887695,29.209999084472656,29.25,28.549999237060547,28.549999237060547,309200
2002-12-05,14.349292755126953,29.059999465942383,29.489999771118164,28.56999969482422,29.399999618530273,263700
2002-12-06,14.35916519165039,29.079999923706055,29.200000762939453,28.459999084472656,28.950000762939453,281200
2002-12-09,14.132035255432129,28.6200008392334,28.950000762939453,28.540000915527344,28.950000762939453,224200
2002-12-10,14.42829704284668,29.219999313354492,29.239999771118164,28.649999618530273,28.670000076293945,240200
2002-12-11,14.714693069458008,29.799999237060547,29.799999237060547,28.93000030517578,29.1200008392334,261000
2002-12-12,14.398673057556152,29.15999984741211,29.709999084472656,29.100000381469727,29.700000762939453,200100
2002-12-13,14.285102844238281,28.93000030517578,29.260000228881836,28.56999969482422,29.100000381469727,221300
2002-12-16,14.620875358581543,29.610000610351562,29.610000610351562,28.399999618530273,28.75,478700
2002-12-17,14.443113327026367,29.25,29.6200008392334,29.170000076293945,29.520000457763672,353900
2002-12-18,14.201153755187988,28.760000228881836,29.209999084472656,28.59000015258789,29.200000762939453,165700
2002-12-19,14.122150421142578,28.600000381469727,28.969999313354492,28.420000076293945,28.729999542236328,337600
2002-12-20,14.30978775024414,28.979999542236328,28.979999542236328,28.3799991607666,28.600000381469727,421100
2002-12-23,14.329536437988281,29.020000457763672,29.079999923706055,28.760000228881836,28.850000381469727,285400
2002-12-24,14.215970993041992,28.790000915527344,29.1299991607666,28.6299991607666,29.0,134100
2002-12-26,14.344354629516602,29.049999237060547,29.15999984741211,28.799999237060547,28.799999237060547,141400
2002-12-27,14.259978294372559,28.729999542236328,29.06999969482422,28.450000762939453,28.899999618530273,192600
2002-12-30,14.245081901550293,28.700000762939453,28.899999618530273,28.25,28.729999542236328,350500
2002-12-31,14.582598686218262,29.3799991607666,29.3799991607666,28.549999237060547,28.649999618530273,473300
2003-01-02,14.706684112548828,29.6299991607666,29.739999771118164,29.239999771118164,29.440000534057617,450200
2003-01-03,14.592528343200684,29.399999618530273,29.639999389648438,28.940000534057617,29.6299991607666,375300
2003-01-06,14.691789627075195,29.600000381469727,29.75,29.049999237060547,29.350000381469727,490100
2003-01-07,14.408878326416016,29.030000686645508,29.559999465942383,29.0,29.549999237060547,430100
2003-01-08,14.329468727111816,28.8700008392334,29.049999237060547,28.809999465942383,29.010000228881836,207000
2003-01-09,14.478368759155273,29.170000076293945,29.170000076293945,28.860000610351562,28.8700008392334,323100
2003-01-10,14.309609413146973,28.829999923706055,29.18000030517578,28.649999618530273,29.020000457763672,671800
2003-01-13,14.27983283996582,28.770000457763672,28.889999389648438,28.5,28.850000381469727,464400
2003-01-14,14.314579963684082,28.84000015258789,28.899999618530273,28.200000762939453,28.700000762939453,479200
2003-01-15,14.1756010055542,28.559999465942383,28.8700008392334,28.31999969482422,28.8700008392334,307200
2003-01-16,13.917495727539062,28.040000915527344,28.719999313354492,27.799999237060547,28.600000381469727,392700
2003-01-17,14.071370124816895,28.350000381469727,28.3799991607666,27.649999618530273,28.040000915527344,297600
2003-01-21,13.649470329284668,27.5,28.010000228881836,27.299999237060547,28.0,956400
2003-01-22,13.202764511108398,26.600000381469727,27.510000228881836,26.56999969482422,27.510000228881836,571600
2003-01-23,13.441000938415527,27.079999923706055,27.079999923706055,26.450000762939453,26.75,409800
2003-01-24,13.172980308532715,26.540000915527344,27.139999389648438,26.5,26.979999542236328,458400
2003-01-27,12.94962215423584,26.09000015258789,26.729999542236328,25.90999984741211,26.450000762939453,310600
2003-01-28,13.29210376739502,26.780000686645508,26.899999618530273,25.93000030517578,26.34000015258789,540400
2003-01-29,13.277212142944336,26.75,27.0,26.5,26.780000686645508,853500
2003-01-30,12.443358421325684,25.06999969482422,27.5,24.299999237060547,27.25,1932900
2003-01-31,12.532693862915039,25.25,25.5,24.799999237060547,25.079999923706055,723600
2003-02-03,12.403646469116211,24.989999771118164,25.260000228881836,24.670000076293945,25.25,648500
2003-02-04,12.135615348815918,24.450000762939453,24.959999084472656,24.360000610351562,24.799999237060547,545200
2003-02-05,12.170367240905762,24.520000457763672,25.450000762939453,24.450000762939453,24.649999618530273,287000
2003-02-06,12.110804557800293,24.399999618530273,24.90999984741211,24.280000686645508,24.420000076293945,300600
2003-02-07,11.971827507019043,24.1200008392334,24.649999618530273,23.969999313354492,24.350000381469727,229300
2003-02-10,12.160445213317871,24.5,24.549999237060547,24.1200008392334,24.1200008392334,425400
2003-02-11,12.041316986083984,24.260000228881836,24.75,24.25,24.75,360800
2003-02-12,11.639276504516602,23.450000762939453,24.190000534057617,23.450000762939453,24.100000381469727,608400
2003-02-13,11.76336669921875,23.700000762939453,23.90999984741211,23.280000686645508,23.459999084472656,526200
2003-02-14,11.92219352722168,24.020000457763672,24.239999771118164,23.700000762939453,23.700000762939453,523600
2003-02-18,12.01153564453125,24.200000762939453,24.25,24.059999465942383,24.149999618530273,676200
2003-02-19,11.887452125549316,23.950000762939453,24.229999542236328,23.950000762939453,24.149999618530273,305400
2003-02-20,11.827886581420898,23.829999923706055,24.1200008392334,23.739999771118164,24.100000381469727,274300
2003-02-21,12.036351203918457,24.25,24.299999237060547,23.56999969482422,23.829999923706055,578400
2003-02-24,11.937088012695312,24.049999237060547,24.260000228881836,23.809999465942383,24.25,283600
2003-02-25,12.090951919555664,24.360000610351562,24.549999237060547,23.969999313354492,24.020000457763672,291200
2003-02-26,11.927157402038574,24.030000686645508,24.360000610351562,24.0,24.360000610351562,212900
2003-02-27,12.140581130981445,24.459999084472656,24.649999618530273,24.040000915527344,24.040000915527344,222600
2003-02-28,12.145545959472656,24.469999313354492,24.770000457763672,24.299999237060547,24.540000915527344,181500
2003-03-03,12.20014762878418,24.579999923706055,24.850000381469727,24.329999923706055,24.459999084472656,367800
2003-03-04,12.066130638122559,24.309999465942383,24.549999237060547,24.1299991607666,24.549999237060547,344200
2003-03-05,12.150514602661133,24.479999542236328,24.510000228881836,24.149999618530273,24.299999237060547,260200
2003-03-06,12.085988998413086,24.350000381469727,24.40999984741211,24.1200008392334,24.40999984741211,520600
2003-03-07,12.07606029510498,24.329999923706055,24.40999984741211,24.149999618530273,24.299999237060547,178000
2003-03-10,12.01153564453125,24.200000762939453,24.239999771118164,24.09000015258789,24.200000762939453,339200
2003-03-11,11.986720085144043,24.149999618530273,24.360000610351562,24.100000381469727,24.200000762939453,904100
2003-03-12,11.77328872680664,23.719999313354492,24.1299991607666,23.690000534057617,24.1299991607666,1153100
2003-03-13,12.051237106323242,24.280000686645508,24.299999237060547,23.700000762939453,23.899999618530273,839500
2003-03-14,12.110804557800293,24.399999618530273,24.520000457763672,24.09000015258789,24.299999237060547,339000
2003-03-17,12.388760566711426,24.959999084472656,25.100000381469727,24.149999618530273,24.25,252500
2003-03-18,12.418537139892578,25.020000457763672,25.059999465942383,24.799999237060547,25.0,313500
2003-03-19,12.666707992553711,25.520000457763672,25.549999237060547,25.0,25.020000457763672,248300
2003-03-20,12.904953956604004,26.0,26.0,25.200000762939453,25.520000457763672,424100
2003-03-21,13.168025016784668,26.530000686645508,26.600000381469727,26.020000457763672,26.299999237060547,275500
2003-03-24,12.403646469116211,24.989999771118164,25.5,24.639999389648438,25.25,886900
2003-03-25,12.532693862915039,25.25,25.299999237060547,24.649999618530273,24.989999771118164,452700
2003-03-26,12.408610343933105,25.0,25.200000762939453,24.899999618530273,25.200000762939453,279600
2003-03-27,12.41360855102539,24.829999923706055,24.829999923706055,24.489999771118164,24.700000762939453,351600
2003-03-28,12.433613777160645,24.8700008392334,24.979999542236328,24.520000457763672,24.75,201000
2003-03-31,12.273624420166016,24.549999237060547,24.75,24.350000381469727,24.399999618530273,350600
2003-04-01,12.323616981506348,24.649999618530273,25.0,24.5,24.649999618530273,508200
2003-04-02,12.773569107055664,25.549999237060547,25.559999465942383,24.850000381469727,24.850000381469727,279200
2003-04-03,12.713581085205078,25.43000030517578,25.75,25.3700008392334,25.75,291400
2003-04-04,12.92855453491211,25.860000610351562,25.989999771118164,25.329999923706055,25.329999923706055,280200
2003-04-07,12.813565254211426,25.6299991607666,26.5,25.25,26.110000610351562,280900
2003-04-08,12.833564758300781,25.670000076293945,25.950000762939453,25.5,25.68000030517578,300400
2003-04-09,12.748568534851074,25.5,25.81999969482422,25.270000457763672,25.81999969482422,182800
2003-04-10,12.748568534851074,25.5,25.5,25.270000457763672,25.5,130000
2003-04-11,12.913557052612305,25.829999923706055,26.0,25.479999542236328,25.700000762939453,260300
2003-04-14,13.128528594970703,26.260000228881836,26.3799991607666,25.850000381469727,25.850000381469727,293500
2003-04-15,13.07353687286377,26.149999618530273,26.3700008392334,26.049999237060547,26.260000228881836,316000
2003-04-16,13.153532028198242,26.309999465942383,26.6200008392334,26.25,26.299999237060547,415100
2003-04-17,13.228515625,26.459999084472656,26.760000228881836,26.309999465942383,26.309999465942383,337400
2003-04-21,13.028546333312988,26.059999465942383,26.610000610351562,26.020000457763672,26.610000610351562,461300
2003-04-22,13.20851993560791,26.420000076293945,26.639999389648438,25.950000762939453,26.020000457763672,957700
2003-04-23,13.398503303527832,26.799999237060547,26.799999237060547,26.239999771118164,26.549999237060547,448400
2003-04-24,12.038656234741211,24.079999923706055,26.200000762939453,23.350000381469727,26.200000762939453,5869700
2003-04-25,12.503602027893066,25.010000228881836,25.010000228881836,24.020000457763672,24.079999923706055,1445700
2003-04-28,12.548596382141113,25.100000381469727,25.350000381469727,25.0,25.010000228881836,571500
2003-04-29,12.553594589233398,25.110000610351562,25.399999618530273,25.030000686645508,25.110000610351562,512100
2003-04-30,12.493602752685547,24.989999771118164,25.420000076293945,24.920000076293945,25.010000228881836,602900
2003-05-01,12.263632774353027,24.530000686645508,24.899999618530273,24.399999618530273,24.899999618530273,560500
2003-05-02,12.498598098754883,25.0,25.110000610351562,24.600000381469727,24.600000381469727,401500
2003-05-05,12.348620414733887,24.700000762939453,25.3799991607666,24.670000076293945,25.049999237060547,466600
2003-05-06,12.46360969543457,24.93000030517578,25.0,24.350000381469727,24.780000686645508,783000
2003-05-07,12.548596382141113,25.100000381469727,25.18000030517578,24.770000457763672,24.93000030517578,740200
2003-05-08,12.498598098754883,25.0,25.049999237060547,24.850000381469727,24.950000762939453,518600
2003-05-09,12.578598976135254,25.15999984741211,25.25,24.90999984741211,25.030000686645508,508600
2003-05-12,12.773569107055664,25.549999237060547,25.670000076293945,25.25,25.25,532600
2003-05-13,12.633583068847656,25.270000457763672,25.489999771118164,25.149999618530273,25.450000762939453,406300
2003-05-14,12.723577499389648,25.450000762939453,25.5,25.299999237060547,25.350000381469727,228100
2003-05-15,12.93854808807373,25.8799991607666,25.8799991607666,25.450000762939453,25.600000381469727,400200
2003-05-16,13.013547897338867,26.030000686645508,26.350000381469727,25.719999313354492,25.850000381469727,901200
2003-05-19,12.958555221557617,25.920000076293945,26.020000457763672,25.75,25.899999618530273,363500
2003-05-20,12.948548316955566,25.899999618530273,25.989999771118164,25.729999542236328,25.8700008392334,541200
2003-05-21,12.893558502197266,25.790000915527344,26.030000686645508,25.6200008392334,25.899999618530273,316300
2003-05-22,13.278512954711914,26.559999465942383,26.690000534057617,25.799999237060547,25.850000381469727,602200
2003-05-23,13.278512954711914,26.559999465942383,26.600000381469727,26.399999618530273,26.459999084472656,297800
2003-05-27,13.508490562438965,27.020000457763672,27.020000457763672,26.219999313354492,26.559999465942383,302000
2003-05-28,13.448500633239746,26.899999618530273,27.350000381469727,26.81999969482422,26.81999969482422,387800
2003-05-29,13.348506927490234,26.700000762939453,27.229999542236328,26.610000610351562,26.899999618530273,258000
2003-05-30,13.623477935791016,27.25,27.31999969482422,26.690000534057617,26.850000381469727,338300
2003-06-02,13.77346134185791,27.549999237060547,27.84000015258789,26.969999313354492,27.100000381469727,430200
2003-06-03,13.54848861694336,27.100000381469727,27.579999923706055,27.040000915527344,27.549999237060547,391400
2003-06-04,13.598480224609375,27.200000762939453,27.309999465942383,26.920000076293945,27.0,558300
2003-06-05,14.03842830657959,28.079999923706055,28.280000686645508,27.200000762939453,27.209999084472656,379100
2003-06-06,13.798460006713867,27.600000381469727,28.079999923706055,27.559999465942383,28.0,384300
2003-06-09,13.398503303527832,26.799999237060547,27.5,26.790000915527344,27.5,276600
2003-06-10,13.798460006713867,27.600000381469727,27.889999389648438,26.780000686645508,26.780000686645508,459000
2003-06-11,13.973433494567871,27.950000762939453,27.950000762939453,27.489999771118164,27.549999237060547,215200
2003-06-12,13.958439826965332,27.920000076293945,28.049999237060547,27.649999618530273,27.979999542236328,187900
2003-06-13,13.958439826965332,27.920000076293945,28.1200008392334,27.649999618530273,28.020000457763672,269700
2003-06-16,14.498381614685059,29.0,29.0,27.920000076293945,27.920000076293945,371800
2003-06-17,14.30840015411377,28.6200008392334,29.0,28.3700008392334,29.0,224000
2003-06-18,14.358394622802734,28.719999313354492,28.860000610351562,28.43000030517578,28.6200008392334,282800
2003-06-19,14.248406410217285,28.5,28.719999313354492,28.3700008392334,28.670000076293945,435200
2003-06-20,14.26340103149414,28.530000686645508,28.729999542236328,28.350000381469727,28.5,600700
2003-06-23,14.163418769836426,28.329999923706055,28.600000381469727,27.950000762939453,28.600000381469727,330000
2003-06-24,14.138419151306152,28.280000686645508,28.56999969482422,28.15999984741211,28.329999923706055,227200
2003-06-25,14.128421783447266,28.260000228881836,28.5,28.239999771118164,28.350000381469727,346300
2003-06-26,14.21898365020752,28.260000228881836,28.290000915527344,27.889999389648438,28.15999984741211,412200
2003-06-27,14.017723083496094,27.860000610351562,28.399999618530273,27.68000030517578,28.350000381469727,690300
2003-06-30,13.685649871826172,27.200000762939453,27.950000762939453,27.079999923706055,27.950000762939453,934200
2003-07-01,13.549798011779785,26.93000030517578,27.100000381469727,26.75,26.850000381469727,872700
2003-07-02,13.57495403289795,26.979999542236328,27.1299991607666,26.950000762939453,27.0,1067600
2003-07-03,13.564889907836914,26.959999084472656,27.09000015258789,26.899999618530273,26.93000030517578,294400
2003-07-07,13.660493850708008,27.149999618530273,27.420000076293945,27.100000381469727,27.200000762939453,629500
2003-07-08,13.660493850708008,27.149999618530273,27.329999923706055,26.950000762939453,27.25,737200
2003-07-09,13.5850191116333,27.0,27.25,26.829999923706055,27.25,628600
2003-07-10,12.930920600891113,25.700000762939453,26.5,25.200000762939453,26.5,1830500
2003-07-11,13.06676959991455,25.969999313354492,26.25,25.899999618530273,25.899999618530273,607800
2003-07-14,13.006392478942871,25.850000381469727,26.510000228881836,25.850000381469727,26.229999542236328,402900
2003-07-15,12.729663848876953,25.299999237060547,26.030000686645508,25.260000228881836,25.950000762939453,690800
2003-07-16,12.613938331604004,25.06999969482422,25.40999984741211,24.90999984741211,25.299999237060547,654000
2003-07-17,12.528409004211426,24.899999618530273,25.25,24.639999389648438,25.0,596000
2003-07-18,12.603878021240234,25.049999237060547,25.18000030517578,24.799999237060547,24.93000030517578,577900
2003-07-21,12.46803092956543,24.780000686645508,25.299999237060547,24.780000686645508,25.06999969482422,315900
2003-07-22,12.583749771118164,25.010000228881836,25.200000762939453,24.770000457763672,25.030000686645508,575100
2003-07-23,13.38879108428955,26.610000610351562,27.110000610351562,25.959999084472656,26.0,1835400
2003-07-24,13.509543418884277,26.850000381469727,27.299999237060547,26.739999771118164,26.75,895600
2003-07-25,13.484391212463379,26.799999237060547,27.229999542236328,26.5,26.850000381469727,623300
2003-07-28,13.610173225402832,27.049999237060547,27.399999618530273,27.010000228881836,27.049999237060547,384000
2003-07-29,13.57495403289795,26.979999542236328,27.34000015258789,26.649999618530273,26.850000381469727,666700
2003-07-30,13.605147361755371,27.040000915527344,27.200000762939453,26.670000076293945,27.049999237060547,388700
2003-07-31,13.348541259765625,26.530000686645508,27.399999618530273,26.420000076293945,27.149999618530273,431700
2003-08-01,13.16740608215332,26.170000076293945,26.59000015258789,26.170000076293945,26.559999465942383,522700
2003-08-04,13.10703182220459,26.049999237060547,26.389999389648438,25.920000076293945,26.25,431600
2003-08-05,13.041624069213867,25.920000076293945,26.299999237060547,25.860000610351562,26.149999618530273,326200
2003-08-06,13.051681518554688,25.940000534057617,26.200000762939453,25.889999389648438,26.149999618530273,430500
2003-08-07,13.10703182220459,26.049999237060547,26.25,25.959999084472656,26.0,574400
2003-08-08,13.35860538482666,26.549999237060547,26.610000610351562,25.950000762939453,26.200000762939453,894000
2003-08-11,13.509543418884277,26.850000381469727,26.90999984741211,26.479999542236328,26.780000686645508,759900
2003-08-12,13.559859275817871,26.950000762939453,27.1200008392334,26.799999237060547,26.950000762939453,587400
2003-08-13,13.519609451293945,26.8700008392334,27.209999084472656,26.809999465942383,27.0,280100
2003-08-14,13.434067726135254,26.700000762939453,26.950000762939453,26.530000686645508,26.75,175300
2003-08-15,13.57495403289795,26.979999542236328,27.290000915527344,26.600000381469727,26.600000381469727,239900
2003-08-18,13.650424003601074,27.1299991607666,27.549999237060547,26.68000030517578,27.040000915527344,379200
2003-08-19,13.725899696350098,27.280000686645508,27.43000030517578,27.100000381469727,27.25,291200
2003-08-20,13.655458450317383,27.139999389648438,27.5,27.049999237060547,27.25,268800
2003-08-21,13.549798011779785,26.93000030517578,27.43000030517578,26.790000915527344,27.389999389648438,340900
2003-08-22,13.33344841003418,26.5,27.049999237060547,26.309999465942383,27.049999237060547,199400
2003-08-25,13.459229469299316,26.75,26.90999984741211,26.3799991607666,26.3799991607666,254500
2003-08-26,13.484391212463379,26.799999237060547,26.860000610351562,26.65999984741211,26.760000228881836,362700
2003-08-27,13.484391212463379,26.799999237060547,27.049999237060547,26.5,26.799999237060547,200800
2003-08-28,13.509543418884277,26.850000381469727,27.030000686645508,26.489999771118164,26.920000076293945,429600
2003-08-29,13.5850191116333,27.0,27.079999923706055,26.780000686645508,26.780000686645508,146700
2003-09-02,13.746025085449219,27.31999969482422,27.479999542236328,26.75,27.09000015258789,278900
2003-09-03,14.113326072692871,28.049999237060547,28.229999542236328,27.420000076293945,27.420000076293945,531700
2003-09-04,14.148542404174805,28.1200008392334,28.299999237060547,27.729999542236328,28.010000228881836,311500
2003-09-05,14.027789115905762,27.8799991607666,28.389999389648438,27.75,27.760000228881836,343500
2003-09-08,14.158605575561523,28.139999389648438,28.229999542236328,27.700000762939453,27.799999237060547,196000
2003-09-09,14.138480186462402,28.100000381469727,28.299999237060547,27.969999313354492,28.100000381469727,186700
2003-09-10,13.962382316589355,27.75,28.149999618530273,27.65999984741211,28.149999618530273,244800
2003-09-11,14.113326072692871,28.049999237060547,28.139999389648438,27.600000381469727,27.75,356600
2003-09-12,14.138480186462402,28.100000381469727,28.200000762939453,27.850000381469727,27.850000381469727,379400
2003-09-15,13.957351684570312,27.739999771118164,28.18000030517578,27.649999618530273,28.110000610351562,464700
2003-09-16,14.10828971862793,28.040000915527344,28.09000015258789,27.75,27.790000915527344,396700
2003-09-17,14.088168144226074,28.0,28.09000015258789,27.84000015258789,28.0,255900
2003-09-18,14.505784034729004,28.829999923706055,28.93000030517578,28.030000686645508,28.100000381469727,406800
2003-09-19,14.450434684753418,28.719999313354492,29.059999465942383,28.719999313354492,29.049999237060547,485200
2003-09-22,14.359874725341797,28.540000915527344,28.889999389648438,28.329999923706055,28.729999542236328,222500
2003-09-23,14.510815620422363,28.84000015258789,28.950000762939453,28.450000762939453,28.5,218600
2003-09-24,14.103259086608887,28.030000686645508,28.969999313354492,28.020000457763672,28.899999618530273,326700
2003-09-25,14.334711074829102,28.489999771118164,28.549999237060547,28.049999237060547,28.200000762939453,446600
2003-09-26,14.223313331604004,28.09000015258789,28.5,27.899999618530273,28.299999237060547,350500
2003-09-29,14.192937850952148,28.030000686645508,28.25,27.940000534057617,28.100000381469727,238200
2003-09-30,14.3195219039917,28.280000686645508,28.459999084472656,27.700000762939453,28.030000686645508,300400
2003-10-01,14.719538688659668,29.06999969482422,29.100000381469727,28.100000381469727,28.399999618530273,406000
2003-10-02,14.46129322052002,28.559999465942383,29.049999237060547,28.350000381469727,29.049999237060547,347000
2003-10-03,14.329642295837402,28.299999237060547,28.889999389648438,28.219999313354492,28.600000381469727,443000
2003-10-06,14.420785903930664,28.479999542236328,28.549999237060547,28.100000381469727,28.149999618530273,358400
2003-10-07,14.425857543945312,28.489999771118164,28.530000686645508,28.100000381469727,28.350000381469727,278200
2003-10-08,14.243566513061523,28.1299991607666,28.399999618530273,28.020000457763672,28.350000381469727,406600
2003-10-09,14.203052520751953,28.049999237060547,28.149999618530273,27.389999389648438,27.799999237060547,722300
2003-10-10,13.868877410888672,27.389999389648438,27.5,27.06999969482422,27.399999618530273,967900
2003-10-13,14.071415901184082,27.790000915527344,27.950000762939453,27.270000457763672,27.299999237060547,311500
2003-10-14,14.025840759277344,27.700000762939453,27.950000762939453,27.559999465942383,27.950000762939453,248300
2003-10-15,13.990403175354004,27.6299991607666,27.690000534057617,27.520000457763672,27.68000030517578,336200
2003-10-16,14.370157241821289,28.3799991607666,28.579999923706055,27.399999618530273,27.399999618530273,422700
2003-10-17,14.081534385681152,27.809999465942383,28.190000534057617,27.649999618530273,28.1299991607666,306000
2003-10-20,13.848615646362305,27.350000381469727,27.5,27.100000381469727,27.100000381469727,496800
2003-10-21,13.965073585510254,27.579999923706055,27.610000610351562,27.299999237060547,27.450000762939453,485300
2003-10-22,13.620766639709473,26.899999618530273,27.489999771118164,26.739999771118164,26.75,700100
2003-10-23,13.960009574890137,27.56999969482422,27.989999771118164,27.200000762939453,27.450000762939453,590500
2003-10-24,13.99545669555664,27.639999389648438,27.68000030517578,27.25,27.579999923706055,443400
2003-10-27,14.101792335510254,27.850000381469727,27.899999618530273,27.549999237060547,27.549999237060547,355400
2003-10-28,14.385342597961426,28.40999984741211,28.479999542236328,28.0,28.0,290700
2003-10-29,14.577754020690918,28.790000915527344,29.25,28.440000534057617,28.59000015258789,492000
2003-10-30,14.55749797821045,28.75,29.100000381469727,28.489999771118164,29.040000915527344,311900
2003-10-31,14.78029727935791,29.190000534057617,29.469999313354492,28.68000030517578,28.68000030517578,428900
2003-11-03,15.013215065002441,29.649999618530273,29.700000762939453,29.299999237060547,29.299999237060547,475000
2003-11-04,15.043599128723145,29.709999084472656,29.8799991607666,28.809999465942383,29.600000381469727,619100
2003-11-05,15.013215065002441,29.649999618530273,29.790000915527344,29.43000030517578,29.549999237060547,446600
2003-11-06,15.190441131591797,30.0,30.010000228881836,29.34000015258789,29.549999237060547,529100
2003-11-07,15.190441131591797,30.0,30.350000381469727,29.739999771118164,30.0,391400
2003-11-10,15.266392707824707,30.149999618530273,30.299999237060547,29.959999084472656,29.979999542236328,259500
2003-11-11,15.398036003112793,30.40999984741211,30.579999923706055,30.09000015258789,30.25,390700
2003-11-12,15.575264930725098,30.760000228881836,30.940000534057617,30.200000762939453,30.299999237060547,457000
2003-11-13,15.620834350585938,30.850000381469727,31.049999237060547,30.56999969482422,30.760000228881836,212300
2003-11-14,15.534751892089844,30.68000030517578,31.299999237060547,30.59000015258789,30.950000762939453,241800
2003-11-17,16.06136131286621,31.719999313354492,31.850000381469727,31.229999542236328,31.399999618530273,865400
2003-11-18,15.656275749206543,30.920000076293945,31.229999542236328,29.950000762939453,30.25,987800
2003-11-19,16.101863861083984,31.799999237060547,31.799999237060547,31.34000015258789,31.399999618530273,461400
2003-11-20,15.97021198272705,31.540000915527344,31.84000015258789,31.3700008392334,31.790000915527344,405300
2003-11-21,15.79299259185791,31.190000534057617,31.600000381469727,31.0,31.549999237060547,420000
2003-11-24,15.696788787841797,31.0,31.0,30.489999771118164,31.0,728900
2003-11-25,15.641082763671875,30.889999389648438,31.15999984741211,30.6299991607666,31.0,1251300
2003-11-26,15.747418403625488,31.100000381469727,31.18000030517578,30.829999923706055,31.0,397100
2003-11-28,15.84868335723877,31.299999237060547,31.5,31.100000381469727,31.100000381469727,283400
2003-12-01,16.096803665161133,31.790000915527344,31.850000381469727,31.299999237060547,31.450000762939453,399400
2003-12-02,16.203136444091797,32.0,32.0,31.649999618530273,31.790000915527344,273100
2003-12-03,16.036039352416992,31.670000076293945,32.16999816894531,31.600000381469727,32.0,480800
2003-12-04,16.111989974975586,31.81999969482422,31.920000076293945,31.56999969482422,31.670000076293945,178900
2003-12-05,16.041105270385742,31.68000030517578,31.979999542236328,31.399999618530273,31.850000381469727,214000
2003-12-08,16.19806671142578,31.989999771118164,32.220001220703125,31.670000076293945,31.68000030517578,332500
2003-12-09,16.258840560913086,32.11000061035156,32.40999984741211,31.899999618530273,32.04999923706055,329400
2003-12-10,16.294281005859375,32.18000030517578,32.650001525878906,32.099998474121094,32.11000061035156,563000
2003-12-11,16.53226089477539,32.650001525878906,32.65999984741211,31.649999618530273,32.0,532400
2003-12-12,16.405675888061523,32.400001525878906,32.540000915527344,32.0,32.5,464700
2003-12-15,16.13730812072754,31.8700008392334,32.7400016784668,31.770000457763672,32.70000076293945,414100
2003-12-16,16.127182006835938,31.850000381469727,31.989999771118164,31.6299991607666,31.799999237060547,304800
2003-12-17,16.03097915649414,31.65999984741211,31.75,31.299999237060547,31.75,290000
2003-12-18,15.9752779006958,31.549999237060547,31.75,31.280000686645508,31.65999984741211,424700
2003-12-19,16.00059700012207,31.600000381469727,32.150001525878906,31.399999618530273,32.150001525878906,434100
2003-12-22,15.985400199890137,31.56999969482422,31.700000762939453,30.899999618530273,31.600000381469727,564100
2003-12-23,16.06136131286621,31.719999313354492,31.850000381469727,31.5,31.56999969482422,416800
2003-12-24,16.172760009765625,31.940000534057617,32.029998779296875,31.690000534057617,31.719999313354492,159500
2003-12-26,16.177814483642578,31.950000762939453,32.130001068115234,31.850000381469727,32.0,111400
2003-12-29,16.4222354888916,32.25,32.470001220703125,32.02000045776367,32.20000076293945,334200
2003-12-30,16.468074798583984,32.34000015258789,32.4900016784668,32.09000015258789,32.29999923706055,203200
2003-12-31,16.544450759887695,32.4900016784668,32.70000076293945,32.25,32.439998626708984,607400
2004-01-02,16.26947593688965,31.950000762939453,32.650001525878906,31.739999771118164,32.400001525878906,323700
2004-01-05,16.452795028686523,32.310001373291016,32.810001373291016,31.969999313354492,31.969999313354492,430000
2004-01-06,16.101430892944336,31.6200008392334,32.41999816894531,31.450000762939453,32.400001525878906,380000
2004-01-07,16.14726448059082,31.709999084472656,31.739999771118164,31.3799991607666,31.6200008392334,251600
2004-01-08,16.33567237854004,32.08000183105469,32.209999084472656,31.649999618530273,31.799999237060547,316900
2004-01-09,16.203279495239258,31.81999969482422,32.2599983215332,31.809999465942383,31.899999618530273,367500
2004-01-12,16.12689208984375,31.670000076293945,32.040000915527344,31.6200008392334,32.0,229100
2004-01-13,16.218547821044922,31.850000381469727,31.889999389648438,31.59000015258789,31.700000762939453,218500
2004-01-14,16.427335739135742,32.2599983215332,32.400001525878906,31.829999923706055,31.8799991607666,248900
2004-01-15,16.26947593688965,31.950000762939453,32.2599983215332,31.770000457763672,32.2599983215332,247300
2004-01-16,16.33057975769043,32.06999969482422,32.400001525878906,31.959999084472656,32.20000076293945,219800
2004-01-20,16.452795028686523,32.310001373291016,32.349998474121094,31.760000228881836,32.0,237200
2004-01-21,16.33567237854004,32.08000183105469,32.29999923706055,31.850000381469727,32.0,505000
2004-01-22,16.264387130737305,31.940000534057617,32.279998779296875,31.850000381469727,32.150001525878906,292100
2004-01-23,16.289846420288086,31.989999771118164,32.150001525878906,31.93000030517578,32.0,628900
2004-01-26,16.34585952758789,32.099998474121094,32.20000076293945,31.850000381469727,32.0,637700
2004-01-27,16.605554580688477,32.61000061035156,32.619998931884766,31.75,32.099998474121094,580000
2004-01-28,16.27965545654297,31.969999313354492,33.29999923706055,31.549999237060547,32.790000915527344,806600
2004-01-29,16.03013801574707,31.479999542236328,32.099998474121094,30.760000228881836,32.099998474121094,549100
2004-01-30,15.928302764892578,31.280000686645508,31.479999542236328,31.030000686645508,31.479999542236328,212000
2004-02-02,16.325496673583984,32.060001373291016,32.2400016784668,31.200000762939453,31.450000762939453,379200
2004-02-03,15.98940658569336,31.399999618530273,32.150001525878906,31.399999618530273,32.150001525878906,290100
2004-02-04,16.131980895996094,31.68000030517578,31.84000015258789,31.139999389648438,31.399999618530273,232400
2004-02-05,16.33057975769043,32.06999969482422,32.16999816894531,31.360000610351562,31.75,297500
2004-02-06,16.452795028686523,32.310001373291016,32.5,32.16999816894531,32.2599983215332,322400
2004-02-09,16.473169326782227,32.349998474121094,32.47999954223633,32.150001525878906,32.310001373291016,248300
2004-02-10,16.427335739135742,32.2599983215332,32.45000076293945,32.25,32.31999969482422,209000
2004-02-11,16.524084091186523,32.45000076293945,32.5,32.22999954223633,32.290000915527344,310500
2004-02-12,16.865270614624023,33.119998931884766,33.20000076293945,32.25,32.29999923706055,393400
2004-02-13,16.727779388427734,32.849998474121094,33.220001220703125,32.54999923706055,33.119998931884766,173100
2004-02-17,17.242076873779297,33.86000061035156,33.9900016784668,33.0,33.0,455900
2004-02-18,17.109691619873047,33.599998474121094,34.25,33.58000183105469,33.86000061035156,322000
2004-02-19,16.855070114135742,33.099998474121094,33.75,33.099998474121094,33.650001525878906,227300
2004-02-20,16.941640853881836,33.27000045776367,33.439998626708984,32.95000076293945,33.16999816894531,158100
2004-02-23,16.676849365234375,32.75,33.27000045776367,32.54999923706055,33.27000045776367,307500
2004-02-24,16.732858657836914,32.86000061035156,32.900001525878906,32.529998779296875,32.79999923706055,349600
2004-02-25,16.814334869384766,33.02000045776367,33.11000061035156,32.540000915527344,32.95000076293945,212800
2004-02-26,16.7786922454834,32.95000076293945,33.06999969482422,32.66999816894531,32.849998474121094,177400
2004-02-27,17.135150909423828,33.650001525878906,33.72999954223633,33.0,33.0,230400
2004-03-01,17.114778518676758,33.61000061035156,33.91999816894531,33.380001068115234,33.900001525878906,271600
2004-03-02,17.135150909423828,33.650001525878906,33.810001373291016,33.349998474121094,33.61000061035156,161400
2004-03-03,17.135150909423828,33.650001525878906,33.880001068115234,33.47999954223633,33.54999923706055,162300
2004-03-04,16.987472534179688,33.36000061035156,33.630001068115234,33.2400016784668,33.630001068115234,195000
2004-03-05,16.987472534179688,33.36000061035156,33.45000076293945,33.31999969482422,33.36000061035156,330700
2004-03-08,17.01802635192871,33.41999816894531,33.68000030517578,33.349998474121094,33.61000061035156,291300
2004-03-09,16.80924415588379,33.0099983215332,33.54999923706055,32.77000045776367,33.5,306800
2004-03-10,16.6717586517334,32.7400016784668,33.119998931884766,32.709999084472656,33.119998931884766,228500
2004-03-11,16.452795028686523,32.310001373291016,32.75,32.29999923706055,32.75,347800
2004-03-12,16.549541473388672,32.5,32.59000015258789,32.2400016784668,32.54999923706055,289300
2004-03-15,16.4222354888916,32.25,32.65999984741211,32.150001525878906,32.650001525878906,249200
2004-03-16,16.44770622253418,32.29999923706055,32.5,32.13999938964844,32.400001525878906,307800
2004-03-17,16.473169326782227,32.349998474121094,32.650001525878906,32.29999923706055,32.29999923706055,277900
2004-03-18,16.44770622253418,32.29999923706055,32.52000045776367,32.02000045776367,32.45000076293945,244600
2004-03-19,16.381500244140625,32.16999816894531,32.59000015258789,32.099998474121094,32.400001525878906,272800
2004-03-22,16.473169326782227,32.349998474121094,32.58000183105469,32.16999816894531,32.20000076293945,263600
2004-03-23,16.320402145385742,32.04999923706055,32.66999816894531,32.04999923706055,32.599998474121094,213100
2004-03-24,16.142173767089844,31.700000762939453,32.20000076293945,31.700000762939453,32.150001525878906,288500
2004-03-25,16.371322631835938,32.150001525878906,32.25,31.950000762939453,31.950000762939453,257600
2004-03-26,16.040332794189453,31.5,32.279998779296875,31.450000762939453,32.150001525878906,494000
2004-03-29,16.425302505493164,32.0,32.099998474121094,31.75,31.75,442300
2004-03-30,16.67168617248535,32.47999954223633,32.5099983215332,31.920000076293945,32.0,229800
2004-03-31,16.717870712280273,32.56999969482422,32.58000183105469,32.18000030517578,32.5,446900
2004-04-01,17.08230972290039,33.279998779296875,33.290000915527344,32.61000061035156,32.75,424500
2004-04-02,16.923187255859375,32.970001220703125,33.970001220703125,32.81999969482422,33.5,714800
2004-04-05,17.133638381958008,33.380001068115234,33.5,32.65999984741211,32.970001220703125,321000
2004-04-06,16.9437198638916,33.0099983215332,33.470001220703125,32.77000045776367,33.380001068115234,316000
2004-04-07,16.85133171081543,32.83000183105469,33.06999969482422,32.56999969482422,32.849998474121094,172700
2004-04-08,16.871868133544922,32.869998931884766,33.119998931884766,32.72999954223633,33.099998474121094,190700
2004-04-12,17.16443634033203,33.439998626708984,33.45000076293945,32.900001525878906,33.04999923706055,272100
2004-04-13,17.08230972290039,33.279998779296875,33.5,32.900001525878906,33.5,348100
2004-04-14,17.077173233032227,33.27000045776367,33.689998626708984,33.20000076293945,33.279998779296875,465400
2004-04-15,16.82052993774414,32.77000045776367,33.41999816894531,32.70000076293945,33.25,384600
2004-04-16,17.036115646362305,33.189998626708984,33.29999923706055,32.599998474121094,32.77000045776367,239600
2004-04-19,16.82052993774414,32.77000045776367,33.20000076293945,32.70000076293945,33.20000076293945,187600
2004-04-20,16.630611419677734,32.400001525878906,32.9900016784668,32.369998931884766,32.900001525878906,445200
2004-04-21,16.697343826293945,32.529998779296875,32.77000045776367,32.040000915527344,32.400001525878906,195000
2004-04-22,16.9385929107666,33.0,33.150001525878906,32.400001525878906,32.400001525878906,408300
2004-04-23,16.630611419677734,32.400001525878906,32.79999923706055,32.2400016784668,32.79999923706055,408800
2004-04-26,16.47662925720215,32.099998474121094,32.47999954223633,32.0,32.45000076293945,401400
2004-04-27,16.846195220947266,32.81999969482422,33.349998474121094,32.099998474121094,32.099998474121094,382600
2004-04-28,16.69221305847168,32.52000045776367,32.81999969482422,32.15999984741211,32.81999969482422,584700
2004-04-29,16.604955673217773,32.349998474121094,32.599998474121094,32.189998626708984,32.52000045776367,341900
2004-04-30,16.54335594177246,32.22999954223633,32.56999969482422,31.950000762939453,32.54999923706055,411500
2004-05-03,16.548484802246094,32.2400016784668,32.43000030517578,31.950000762939453,32.400001525878906,352000
2004-05-04,16.450963973999023,32.04999923706055,32.31999969482422,31.850000381469727,32.31999969482422,461100
2004-05-05,16.399629592895508,31.950000762939453,32.130001068115234,31.75,32.04999923706055,535200
2004-05-06,16.296968460083008,31.75,31.979999542236328,31.25,31.959999084472656,254500
2004-05-07,15.92740535736084,31.030000686645508,31.75,31.020000457763672,31.399999618530273,426000
2004-05-10,15.999268531799316,31.170000076293945,31.280000686645508,30.780000686645508,31.020000457763672,423100
2004-05-11,15.973601341247559,31.1200008392334,31.81999969482422,30.989999771118164,31.81999969482422,389100
2004-05-12,16.15325355529785,31.469999313354492,31.649999618530273,30.25,31.1200008392334,547000
2004-05-13,15.94279956817627,31.059999465942383,31.540000915527344,30.989999771118164,31.399999618530273,398700
2004-05-14,15.860675811767578,30.899999618530273,31.200000762939453,30.6299991607666,30.899999618530273,677000
2004-05-17,15.691292762756348,30.56999969482422,30.809999465942383,30.25,30.700000762939453,245400
2004-05-18,15.696422576904297,30.579999923706055,30.770000457763672,30.329999923706055,30.450000762939453,424300
2004-05-19,15.752884864807129,30.690000534057617,31.209999084472656,30.649999618530273,30.829999923706055,265700
2004-05-20,15.886336326599121,30.950000762939453,30.950000762939453,30.68000030517578,30.68000030517578,230600
2004-05-21,15.75801944732666,30.700000762939453,30.950000762939453,30.530000686645508,30.850000381469727,157400
2004-05-24,15.660490036010742,30.510000228881836,30.920000076293945,30.200000762939453,30.850000381469727,285700
2004-05-25,16.127599716186523,31.420000076293945,31.5,30.25,30.25,466100
2004-05-26,16.11732292175293,31.399999618530273,31.59000015258789,31.200000762939453,31.350000381469727,310500
2004-05-27,16.271312713623047,31.700000762939453,31.940000534057617,31.549999237060547,31.700000762939453,385700
2004-05-28,16.348297119140625,31.850000381469727,31.850000381469727,31.440000534057617,31.700000762939453,194600
2004-06-01,16.415029525756836,31.979999542236328,32.060001373291016,31.700000762939453,31.899999618530273,340400
2004-06-02,16.276445388793945,31.709999084472656,32.099998474121094,31.690000534057617,32.0,286600
2004-06-03,16.225112915039062,31.610000610351562,31.799999237060547,31.459999084472656,31.780000686645508,145800
2004-06-04,16.33290672302246,31.81999969482422,31.979999542236328,31.739999771118164,31.860000610351562,153300
2004-06-07,16.373971939086914,31.899999618530273,31.950000762939453,31.799999237060547,31.899999618530273,320900
2004-06-08,16.51255226135254,32.16999816894531,32.22999954223633,31.860000610351562,31.979999542236328,251700
2004-06-09,16.086530685424805,31.34000015258789,32.16999816894531,31.18000030517578,32.16999816894531,555800
2004-06-10,16.1070556640625,31.3799991607666,31.549999237060547,30.959999084472656,31.34000015258789,598500
2004-06-14,16.065982818603516,31.299999237060547,31.549999237060547,31.149999618530273,31.3799991607666,720500
2004-06-15,16.142986297607422,31.450000762939453,31.6200008392334,31.40999984741211,31.5,851600
2004-06-16,16.050600051879883,31.270000457763672,31.610000610351562,31.229999542236328,31.5,197600
2004-06-17,16.194318771362305,31.549999237060547,31.559999465942383,31.040000915527344,31.149999618530273,316700
2004-06-18,16.11732292175293,31.399999618530273,31.600000381469727,31.139999389648438,31.549999237060547,429300
2004-06-21,16.168655395507812,31.5,31.65999984741211,31.260000228881836,31.450000762939453,350600
2004-06-22,16.199447631835938,31.559999465942383,31.700000762939453,31.360000610351562,31.5,213100
2004-06-23,16.1121883392334,31.389999389648438,31.700000762939453,31.280000686645508,31.700000762939453,234000
2004-06-24,16.071123123168945,31.309999465942383,31.600000381469727,31.260000228881836,31.5,300700
2004-06-25,16.065982818603516,31.299999237060547,31.56999969482422,31.100000381469727,31.459999084472656,409700
2004-06-28,16.185001373291016,31.280000686645508,31.489999771118164,31.18000030517578,31.350000381469727,247700
2004-06-29,15.791763305664062,30.520000457763672,31.0,30.440000534057617,30.989999771118164,885400
2004-06-30,15.75554370880127,30.450000762939453,30.719999313354492,30.1299991607666,30.649999618530273,617600
2004-07-01,15.734840393066406,30.40999984741211,30.600000381469727,29.860000610351562,30.270000457763672,596700
2004-07-02,15.69344711303711,30.329999923706055,30.75,30.25,30.540000915527344,370100
2004-07-06,15.946986198425293,30.81999969482422,30.81999969482422,29.940000534057617,30.329999923706055,513400
2004-07-07,16.08669090270996,31.09000015258789,31.25,30.639999389648438,30.81999969482422,843300
2004-07-08,15.95733642578125,30.84000015258789,31.200000762939453,30.739999771118164,31.100000381469727,522700
2004-07-09,15.86937427520752,30.670000076293945,30.850000381469727,30.549999237060547,30.799999237060547,500600
2004-07-12,15.786582946777344,30.510000228881836,30.799999237060547,30.329999923706055,30.700000762939453,611200
2004-07-13,15.89523983001709,30.719999313354492,30.799999237060547,30.450000762939453,30.450000762939453,1511000
2004-07-14,15.750362396240234,30.440000534057617,30.75,30.299999237060547,30.5,273200
2004-07-15,15.626188278198242,30.200000762939453,30.649999618530273,30.200000762939453,30.649999618530273,394500
2004-07-16,15.548565864562988,30.049999237060547,30.399999618530273,30.0,30.399999618530273,413300
2004-07-19,15.388171195983887,29.739999771118164,30.149999618530273,29.68000030517578,30.059999465942383,362200
2004-07-20,15.476133346557617,29.90999984741211,29.90999984741211,29.5,29.850000381469727,421600
2004-07-21,15.600310325622559,30.149999618530273,30.399999618530273,29.950000762939453,30.049999237060547,559700
2004-07-22,15.2225923538208,29.420000076293945,30.100000381469727,28.75,30.100000381469727,612100
2004-07-23,15.005274772644043,29.0,29.399999618530273,28.8700008392334,29.399999618530273,433900
2004-07-26,15.419212341308594,29.799999237060547,29.84000015258789,29.149999618530273,29.200000762939453,465800
2004-07-27,15.677924156188965,30.299999237060547,30.989999771118164,29.700000762939453,29.700000762939453,678800
2004-07-28,16.034950256347656,30.989999771118164,31.920000076293945,30.649999618530273,31.75,992100
2004-07-29,15.962512016296387,30.850000381469727,31.350000381469727,30.649999618530273,31.0,475000
2004-07-30,16.02460479736328,30.969999313354492,31.100000381469727,30.65999984741211,30.850000381469727,417000
2004-08-02,16.164304733276367,31.239999771118164,31.31999969482422,30.829999923706055,30.889999389648438,699000
2004-08-03,16.055646896362305,31.030000686645508,31.229999542236328,30.8799991607666,31.200000762939453,695000
2004-08-04,16.045303344726562,31.010000228881836,31.34000015258789,30.889999389648438,31.030000686645508,563200
2004-08-05,16.014245986938477,30.950000762939453,31.190000534057617,30.950000762939453,31.040000915527344,470600
2004-08-06,15.900411605834961,30.729999542236328,31.0,30.65999984741211,31.0,277100
2004-08-09,16.040122985839844,31.0,31.0,30.809999465942383,30.969999313354492,287900
2004-08-10,16.200519561767578,31.309999465942383,31.440000534057617,31.0,31.149999618530273,332400
2004-08-11,16.257450103759766,31.420000076293945,31.489999771118164,30.950000762939453,31.200000762939453,230400
2004-08-12,16.2315673828125,31.3700008392334,31.469999313354492,31.270000457763672,31.420000076293945,186900
2004-08-13,16.190174102783203,31.290000915527344,31.469999313354492,31.170000076293945,31.329999923706055,242300
2004-08-16,16.29366111755371,31.489999771118164,31.75,31.290000915527344,31.299999237060547,177400
2004-08-17,16.304014205932617,31.510000228881836,31.700000762939453,31.350000381469727,31.549999237060547,228700
2004-08-18,16.340227127075195,31.579999923706055,31.600000381469727,31.360000610351562,31.510000228881836,148400
2004-08-19,16.340227127075195,31.579999923706055,31.600000381469727,31.280000686645508,31.479999542236328,230700
2004-08-20,16.381620407104492,31.65999984741211,31.690000534057617,31.399999618530273,31.5,165200
2004-08-23,16.267786026000977,31.440000534057617,31.700000762939453,31.360000610351562,31.65999984741211,253600
2004-08-24,16.304014205932617,31.510000228881836,31.639999389648438,31.43000030517578,31.600000381469727,220300
2004-08-25,16.37644386291504,31.649999618530273,31.780000686645508,31.34000015258789,31.399999618530273,171800
2004-08-26,16.3660945892334,31.6299991607666,31.780000686645508,31.579999923706055,31.68000030517578,157800
2004-08-27,16.41266632080078,31.719999313354492,31.760000228881836,31.5,31.729999542236328,325600
2004-08-30,16.397140502929688,31.690000534057617,31.799999237060547,31.5,31.799999237060547,226500
2004-08-31,16.485103607177734,31.860000610351562,31.889999389648438,31.6200008392334,31.6200008392334,356200
2004-09-01,16.516151428222656,31.920000076293945,32.25,31.760000228881836,31.899999618530273,552700
2004-09-02,16.557546615600586,32.0,32.15999984741211,31.56999969482422,32.0,256100
2004-09-03,16.53167152404785,31.950000762939453,32.209999084472656,31.850000381469727,32.029998779296875,237900
2004-09-07,16.557546615600586,32.0,32.08000183105469,31.860000610351562,31.950000762939453,302200
2004-09-08,16.54202651977539,31.969999313354492,32.0099983215332,31.850000381469727,31.850000381469727,256700
2004-09-09,16.619638442993164,32.119998931884766,32.20000076293945,31.90999984741211,31.969999313354492,441300
2004-09-10,16.681724548339844,32.2400016784668,32.34000015258789,32.0,32.099998474121094,216100
2004-09-13,16.681724548339844,32.2400016784668,32.290000915527344,32.119998931884766,32.25,168200
2004-09-14,16.598939895629883,32.08000183105469,32.2400016784668,31.979999542236328,32.2400016784668,209800
2004-09-15,16.583417892456055,32.04999923706055,32.150001525878906,31.969999313354492,32.130001068115234,403900
2004-09-16,16.66103172302246,32.20000076293945,32.29999923706055,32.02000045776367,32.099998474121094,334400
2004-09-17,16.76969337463379,32.40999984741211,32.7599983215332,32.29999923706055,32.400001525878906,272600
2004-09-20,16.71795082092285,32.310001373291016,32.45000076293945,32.220001220703125,32.45000076293945,178600
2004-09-21,16.831783294677734,32.529998779296875,32.630001068115234,32.2400016784668,32.310001373291016,229600
2004-09-22,16.961130142211914,32.779998779296875,32.97999954223633,32.29999923706055,32.52000045776367,373300
2004-09-23,16.878353118896484,32.619998931884766,32.97999954223633,32.56999969482422,32.900001525878906,206600
2004-09-24,17.13188934326172,33.11000061035156,33.5,32.529998779296875,32.619998931884766,348800
2004-09-27,16.945613861083984,32.75,33.310001373291016,32.75,33.02000045776367,312400
2004-09-28,17.096818923950195,32.790000915527344,33.0,32.5,32.599998474121094,263900
2004-09-29,17.049896240234375,32.70000076293945,32.900001525878906,32.54999923706055,32.900001525878906,154300
2004-09-30,17.274093627929688,33.130001068115234,33.20000076293945,32.619998931884766,32.650001525878906,319300
2004-10-01,17.597366333007812,33.75,33.900001525878906,33.15999984741211,33.29999923706055,582900
2004-10-04,17.675580978393555,33.900001525878906,34.119998931884766,33.79999923706055,33.81999969482422,340800
2004-10-05,17.513940811157227,33.59000015258789,33.900001525878906,33.529998779296875,33.849998474121094,293900
2004-10-06,17.706857681274414,33.959999084472656,33.959999084472656,33.650001525878906,33.650001525878906,228300
2004-10-07,17.628650665283203,33.810001373291016,33.88999938964844,33.65999984741211,33.86000061035156,213500
2004-10-08,17.529582977294922,33.619998931884766,33.81999969482422,33.59000015258789,33.75,121400
2004-10-11,17.581722259521484,33.720001220703125,33.849998474121094,33.650001525878906,33.70000076293945,120800
2004-10-12,17.498300552368164,33.560001373291016,33.650001525878906,33.29999923706055,33.650001525878906,193800
2004-10-13,17.206314086914062,33.0,33.599998474121094,32.970001220703125,33.599998474121094,184900
2004-10-14,15.902809143066406,30.5,33.099998474121094,30.110000610351562,33.0,2058100
2004-10-15,14.109176635742188,27.059999465942383,29.850000381469727,25.420000076293945,26.0,6308800
2004-10-18,15.026850700378418,28.81999969482422,28.8700008392334,26.670000076293945,26.969999313354492,1712500
2004-10-19,14.755717277526855,28.299999237060547,29.469999313354492,27.260000228881836,28.889999389648438,1449000
2004-10-20,15.355334281921387,29.450000762939453,29.530000686645508,27.899999618530273,27.950000762939453,1232900
2004-10-21,15.595185279846191,29.90999984741211,30.5,28.68000030517578,28.700000762939453,1367800
2004-10-22,15.605603218078613,29.93000030517578,30.170000076293945,29.5,29.959999084472656,767900
2004-10-25,15.43354320526123,29.600000381469727,29.93000030517578,27.979999542236328,29.170000076293945,861600
2004-10-26,15.64210033416748,30.0,30.600000381469727,30.0,30.100000381469727,764100
2004-10-27,14.797433853149414,28.3799991607666,29.739999771118164,27.260000228881836,29.440000534057617,2678200
2004-10-28,14.724431037902832,28.239999771118164,28.459999084472656,27.920000076293945,28.0,728000
2004-10-29,14.651435852050781,28.100000381469727,28.200000762939453,27.170000076293945,28.0,974000
2004-11-01,14.599303245544434,28.0,28.420000076293945,27.6299991607666,28.299999237060547,647600
2004-11-02,14.630581855773926,28.059999465942383,28.280000686645508,27.920000076293945,28.25,894100
2004-11-03,14.912137985229492,28.600000381469727,28.600000381469727,27.950000762939453,28.34000015258789,537800
2004-11-04,15.016413688659668,28.799999237060547,29.1200008392334,28.329999923706055,28.469999313354492,552200
2004-11-05,14.781785011291504,28.350000381469727,29.0,28.100000381469727,28.899999618530273,556800
2004-11-08,14.870423316955566,28.520000457763672,28.770000457763672,28.149999618530273,28.149999618530273,413900
2004-11-09,14.891283988952637,28.559999465942383,28.65999984741211,28.219999313354492,28.520000457763672,611100
2004-11-10,15.078988075256348,28.920000076293945,29.030000686645508,28.450000762939453,28.450000762939453,581300
2004-11-11,15.271906852722168,29.290000915527344,29.360000610351562,28.829999923706055,28.850000381469727,305600
2004-11-12,15.36054515838623,29.459999084472656,29.469999313354492,28.719999313354492,29.079999923706055,405900
2004-11-15,15.579532623291016,29.8799991607666,30.049999237060547,29.399999618530273,29.549999237060547,599400
2004-11-16,15.574316024780273,29.8700008392334,29.979999542236328,29.600000381469727,29.75,503100
2004-11-17,15.626471519470215,29.969999313354492,30.079999923706055,29.75,29.8700008392334,380200
2004-11-18,15.616026878356934,29.950000762939453,30.100000381469727,29.639999389648438,30.0,432300
2004-11-19,15.558683395385742,29.84000015258789,30.15999984741211,29.59000015258789,30.09000015258789,511000
2004-11-22,15.548247337341309,29.81999969482422,29.959999084472656,29.559999465942383,29.850000381469727,298600
2004-11-23,15.616026878356934,29.950000762939453,29.969999313354492,29.510000228881836,29.520000457763672,627100
2004-11-24,15.960155487060547,30.610000610351562,30.75,29.969999313354492,29.969999313354492,574900
2004-11-26,15.970592498779297,30.6299991607666,30.799999237060547,30.510000228881836,30.610000610351562,102400
2004-11-29,15.808959007263184,30.31999969482422,30.770000457763672,30.299999237060547,30.65999984741211,532300
2004-11-30,15.981013298034668,30.649999618530273,30.75,30.299999237060547,30.360000610351562,408600
2004-12-01,15.986233711242676,30.65999984741211,30.90999984741211,30.360000610351562,30.610000610351562,432900
2004-12-02,16.0070858001709,30.700000762939453,31.0,30.450000762939453,30.75,892700
2004-12-03,16.090505599975586,30.860000610351562,31.09000015258789,30.450000762939453,30.450000762939453,511900
2004-12-06,16.121788024902344,30.920000076293945,31.209999084472656,30.479999542236328,30.700000762939453,393200
2004-12-07,16.054012298583984,30.790000915527344,31.049999237060547,30.719999313354492,30.920000076293945,545400
2004-12-08,16.038368225097656,30.760000228881836,30.93000030517578,30.559999465942383,30.75,351900
2004-12-09,16.163509368896484,31.0,31.25,30.549999237060547,30.760000228881836,482500
2004-12-10,16.41377830505371,31.479999542236328,31.780000686645508,30.90999984741211,30.950000762939453,371800
2004-12-13,16.424205780029297,31.5,31.65999984741211,31.239999771118164,31.5,377200
2004-12-14,16.325136184692383,31.309999465942383,31.700000762939453,31.190000534057617,31.549999237060547,421800
2004-12-15,16.246932983398438,31.15999984741211,31.440000534057617,30.940000534057617,31.25,610400
2004-12-16,16.24171257019043,31.149999618530273,31.239999771118164,30.719999313354492,31.200000762939453,394300
2004-12-17,16.39813995361328,31.450000762939453,31.65999984741211,30.979999542236328,31.0,1035000
2004-12-20,16.465923309326172,31.579999923706055,31.6200008392334,31.209999084472656,31.440000534057617,396300
2004-12-21,16.72662353515625,32.08000183105469,32.290000915527344,31.5,31.5,863500
2004-12-22,16.690122604370117,32.0099983215332,32.36000061035156,31.8700008392334,31.8700008392334,307200
2004-12-23,16.653627395629883,31.940000534057617,32.06999969482422,31.81999969482422,32.040000915527344,265000
2004-12-27,16.648408889770508,31.93000030517578,32.040000915527344,31.760000228881836,31.950000762939453,222800
2004-12-28,16.84654998779297,32.310001373291016,32.400001525878906,32.099998474121094,32.150001525878906,277600
2004-12-29,16.993671417236328,32.34000015258789,32.400001525878906,31.850000381469727,32.02000045776367,227900
2004-12-30,17.03046417236328,32.40999984741211,32.59000015258789,32.16999816894531,32.25,274900
2004-12-31,17.07775115966797,32.5,32.70000076293945,32.29999923706055,32.29999923706055,202400
2005-01-03,17.172338485717773,32.68000030517578,32.849998474121094,32.2599983215332,32.41999816894531,515900
2005-01-04,16.80450439453125,31.979999542236328,32.75,31.920000076293945,32.75,413700
2005-01-05,16.715167999267578,31.809999465942383,32.02000045776367,31.6200008392334,31.850000381469727,351500
2005-01-06,16.783493041992188,31.940000534057617,31.989999771118164,31.739999771118164,31.809999465942383,275600
2005-01-07,16.631105422973633,31.649999618530273,31.989999771118164,31.600000381469727,31.959999084472656,284500
2005-01-10,16.699413299560547,31.780000686645508,31.790000915527344,31.540000915527344,31.75,392900
2005-01-11,16.56804656982422,31.530000686645508,31.889999389648438,31.350000381469727,31.850000381469727,215700
2005-01-12,16.54702377319336,31.489999771118164,31.530000686645508,31.149999618530273,31.530000686645508,233200
2005-01-13,16.494478225708008,31.389999389648438,31.75,31.299999237060547,31.350000381469727,245900
2005-01-14,16.45769500732422,31.31999969482422,31.5,31.139999389648438,31.389999389648438,343600
2005-01-18,16.688905715942383,31.760000228881836,31.770000457763672,31.059999465942383,31.329999923706055,245900
2005-01-19,16.510255813598633,31.420000076293945,31.850000381469727,31.200000762939453,31.760000228881836,208200
2005-01-20,16.436681747436523,31.280000686645508,31.610000610351562,31.010000228881836,31.420000076293945,481300
2005-01-21,16.28955078125,31.0,31.450000762939453,30.920000076293945,31.280000686645508,204300
2005-01-24,16.28955078125,31.0,31.100000381469727,30.850000381469727,30.90999984741211,417400
2005-01-25,16.058340072631836,30.559999465942383,31.079999923706055,30.309999465942383,30.979999542236328,455900
2005-01-26,15.595929145812988,29.68000030517578,30.40999984741211,29.520000457763672,30.399999618530273,731800
2005-01-27,15.506592750549316,29.510000228881836,29.670000076293945,29.399999618530273,29.600000381469727,601500
2005-01-28,15.448799133300781,29.399999618530273,29.709999084472656,29.25,29.65999984741211,728100
2005-01-31,15.580169677734375,29.649999618530273,29.709999084472656,29.329999923706055,29.559999465942383,445800
2005-02-01,15.764077186584473,30.0,30.200000762939453,29.600000381469727,29.649999618530273,476500
2005-02-02,15.869169235229492,30.200000762939453,30.309999465942383,30.010000228881836,30.25,358800
2005-02-03,15.73780345916748,29.950000762939453,30.299999237060547,29.809999465942383,30.299999237060547,374000
2005-02-04,15.73780345916748,29.950000762939453,30.049999237060547,29.829999923706055,29.959999084472656,360700
2005-02-07,15.690505981445312,29.860000610351562,29.950000762939453,29.65999984741211,29.950000762939453,405900
2005-02-08,15.680006980895996,29.84000015258789,29.920000076293945,29.75,29.75,279800
2005-02-09,15.574911117553711,29.639999389648438,29.979999542236328,29.600000381469727,29.959999084472656,358300
2005-02-10,15.764077186584473,30.0,30.1299991607666,29.510000228881836,29.639999389648438,385600
2005-02-11,16.10037612915039,30.639999389648438,30.68000030517578,29.799999237060547,30.0,297200
2005-02-14,15.79035758972168,30.049999237060547,30.309999465942383,29.709999084472656,30.299999237060547,744600
2005-02-15,15.748320579528809,29.969999313354492,30.1200008392334,29.81999969482422,29.920000076293945,371900
2005-02-16,15.522366523742676,29.540000915527344,29.969999313354492,29.3700008392334,29.969999313354492,582900
2005-02-17,15.485588073730469,29.469999313354492,29.729999542236328,29.030000686645508,29.420000076293945,566900
2005-02-18,15.433032989501953,29.3700008392334,29.559999465942383,29.25,29.479999542236328,354600
2005-02-22,15.14403247833252,28.81999969482422,29.40999984741211,28.6200008392334,29.3700008392334,655500
2005-02-23,15.40676498413086,29.31999969482422,29.739999771118164,29.0,29.399999618530273,399800
2005-02-24,15.622203826904297,29.729999542236328,29.75,28.969999313354492,29.34000015258789,507300
2005-02-25,15.73780345916748,29.950000762939453,30.0,29.649999618530273,29.700000762939453,346500
2005-02-28,15.690505981445312,29.860000610351562,29.959999084472656,29.68000030517578,29.850000381469727,496500
2005-03-01,15.753576278686523,29.979999542236328,30.0,29.700000762939453,29.860000610351562,588800
2005-03-02,15.821883201599121,30.110000610351562,30.229999542236328,29.809999465942383,29.979999542236328,335300
2005-03-03,15.848146438598633,30.15999984741211,30.25,29.950000762939453,30.209999084472656,279100
2005-03-04,16.016307830810547,30.479999542236328,30.549999237060547,30.149999618530273,30.149999618530273,403800
2005-03-07,15.921714782714844,30.299999237060547,30.450000762939453,30.079999923706055,30.399999618530273,429300
2005-03-08,15.926979064941406,30.309999465942383,30.420000076293945,30.239999771118164,30.309999465942383,440400
2005-03-09,15.748320579528809,29.969999313354492,30.329999923706055,29.90999984741211,30.309999465942383,472400
2005-03-10,15.764077186584473,30.0,30.100000381469727,29.799999237060547,29.93000030517578,321100
2005-03-11,15.716792106628418,29.90999984741211,30.229999542236328,29.850000381469727,30.100000381469727,252800
2005-03-14,15.837653160095215,30.139999389648438,30.389999389648438,29.920000076293945,29.920000076293945,301800
2005-03-15,15.685258865356445,29.850000381469727,30.190000534057617,29.709999084472656,30.100000381469727,325800
2005-03-16,15.643218994140625,29.770000457763672,29.899999618530273,29.579999923706055,29.899999618530273,306200
2005-03-17,15.574911117553711,29.639999389648438,29.850000381469727,29.5,29.770000457763672,291600
2005-03-18,15.396247863769531,29.299999237060547,29.75,29.100000381469727,29.700000762939453,366700
2005-03-21,15.238608360290527,29.0,29.260000228881836,28.81999969482422,29.149999618530273,572600
2005-03-22,15.080963134765625,28.700000762939453,29.170000076293945,28.670000076293945,29.100000381469727,317900
2005-03-23,15.054691314697266,28.649999618530273,28.920000076293945,28.549999237060547,28.700000762939453,310200
2005-03-24,15.107243537902832,28.75,28.969999313354492,28.579999923706055,28.579999923706055,238300
2005-03-28,15.128259658813477,28.790000915527344,29.149999618530273,28.75,28.799999237060547,352300
2005-03-29,15.313983917236328,28.860000610351562,29.1299991607666,28.75,28.93000030517578,465100
2005-03-30,15.5050048828125,29.219999313354492,29.299999237060547,28.790000915527344,28.860000610351562,316300
2005-03-31,15.282142639160156,28.799999237060547,29.270000457763672,28.75,29.219999313354492,346800
2005-04-01,15.250311851501465,28.739999771118164,29.149999618530273,28.56999969482422,28.799999237060547,382700
2005-04-04,15.223777770996094,28.690000534057617,28.829999923706055,28.25,28.719999313354492,208400
2005-04-05,15.096421241760254,28.450000762939453,28.700000762939453,28.40999984741211,28.700000762939453,388100
2005-04-06,15.186627388000488,28.6200008392334,28.739999771118164,28.440000534057617,28.450000762939453,276600
2005-04-07,15.165407180786133,28.579999923706055,28.639999389648438,28.290000915527344,28.6200008392334,527200
2005-04-08,15.069892883300781,28.399999618530273,28.530000686645508,28.110000610351562,28.5,463300
2005-04-11,14.990291595458984,28.25,28.639999389648438,28.170000076293945,28.5,313800
2005-04-12,15.011524200439453,28.290000915527344,28.440000534057617,27.920000076293945,28.239999771118164,463400
2005-04-13,14.77274227142334,27.84000015258789,28.510000228881836,27.770000457763672,28.399999618530273,401500
2005-04-14,14.783347129821777,27.860000610351562,27.959999084472656,27.56999969482422,27.860000610351562,266900
2005-04-15,14.650694847106934,27.610000610351562,28.020000457763672,27.610000610351562,27.860000610351562,252200
2005-04-18,14.698456764221191,27.700000762939453,27.93000030517578,27.610000610351562,27.639999389648438,334300
2005-04-19,14.730283737182617,27.760000228881836,27.809999465942383,27.610000610351562,27.75,237300
2005-04-20,14.602931022644043,27.520000457763672,27.989999771118164,27.399999618530273,27.950000762939453,260300
2005-04-21,14.804581642150879,27.899999618530273,27.899999618530273,27.299999237060547,27.75,396900
2005-04-22,14.85764217376709,28.0,28.450000762939453,27.6299991607666,27.899999618530273,534400
2005-04-25,14.963766098022461,28.200000762939453,28.440000534057617,27.950000762939453,28.0,450500
2005-04-26,14.889479637145996,28.059999465942383,28.229999542236328,27.81999969482422,28.200000762939453,473700
2005-04-27,14.507418632507324,27.34000015258789,27.989999771118164,26.719999313354492,27.75,1062900
2005-04-28,14.7196683883667,27.739999771118164,28.0,27.239999771118164,27.350000381469727,852600
2005-04-29,14.77274227142334,27.84000015258789,28.25,27.600000381469727,27.989999771118164,669900
2005-05-02,14.804581642150879,27.899999618530273,28.06999969482422,27.65999984741211,27.799999237060547,390800
2005-05-03,14.868255615234375,28.020000457763672,28.25,27.75,27.75,307800
2005-05-04,15.027436256408691,28.31999969482422,28.649999618530273,28.079999923706055,28.149999618530273,564100
2005-05-05,14.894786834716797,28.06999969482422,28.299999237060547,27.719999313354492,28.18000030517578,594500
2005-05-06,14.85232925415039,27.989999771118164,28.1200008392334,27.760000228881836,28.06999969482422,279800
2005-05-09,14.778043746948242,27.850000381469727,28.110000610351562,27.760000228881836,27.989999771118164,295700
2005-05-10,14.592329978942871,27.5,27.850000381469727,27.329999923706055,27.850000381469727,607500
2005-05-11,14.655999183654785,27.6200008392334,27.65999984741211,27.229999542236328,27.5,316100
2005-05-12,14.3906888961792,27.1200008392334,27.6200008392334,27.110000610351562,27.6200008392334,492500
2005-05-13,14.35884952545166,27.059999465942383,27.290000915527344,26.829999923706055,27.290000915527344,262900
2005-05-16,14.411910057067871,27.15999984741211,27.360000610351562,26.979999542236328,27.0,397700
2005-05-17,14.380073547363281,27.100000381469727,27.15999984741211,26.920000076293945,27.15999984741211,361500
2005-05-18,14.714366912841797,27.729999542236328,27.81999969482422,27.239999771118164,27.299999237060547,637400
2005-05-19,14.820503234863281,27.93000030517578,27.979999542236328,27.709999084472656,27.729999542236328,305500
2005-05-20,14.783347129821777,27.860000610351562,27.93000030517578,27.469999313354492,27.93000030517578,326300
2005-05-23,14.629469871520996,27.56999969482422,27.760000228881836,27.219999313354492,27.760000228881836,473900
2005-05-24,14.581711769104004,27.479999542236328,27.6200008392334,27.09000015258789,27.579999923706055,649300
2005-05-25,14.555183410644531,27.43000030517578,27.489999771118164,27.149999618530273,27.489999771118164,496100
2005-05-26,14.640074729919434,27.59000015258789,27.639999389648438,27.299999237060547,27.40999984741211,423900
2005-05-27,14.7196683883667,27.739999771118164,27.75,27.3700008392334,27.5,445000
2005-05-31,14.655999183654785,27.6200008392334,27.799999237060547,27.450000762939453,27.790000915527344,476700
2005-06-01,14.804581642150879,27.899999618530273,27.959999084472656,27.6200008392334,27.700000762939453,361900
2005-06-02,14.565793991088867,27.450000762939453,27.84000015258789,27.399999618530273,27.84000015258789,371500
2005-06-03,14.587016105651855,27.489999771118164,27.5,27.209999084472656,27.459999084472656,357500
2005-06-06,14.587016105651855,27.489999771118164,27.559999465942383,27.299999237060547,27.3700008392334,389900
2005-06-07,14.422525405883789,27.18000030517578,27.530000686645508,27.149999618530273,27.450000762939453,577800
2005-06-08,14.289865493774414,26.93000030517578,27.350000381469727,26.899999618530273,27.1200008392334,722900
2005-06-09,14.321701049804688,26.989999771118164,27.0,26.600000381469727,26.940000534057617,869900
2005-06-10,14.411910057067871,27.15999984741211,27.329999923706055,26.780000686645508,27.100000381469727,383500
2005-06-13,14.380073547363281,27.100000381469727,27.280000686645508,26.959999084472656,27.170000076293945,244300
2005-06-14,14.592329978942871,27.5,27.579999923706055,27.010000228881836,27.049999237060547,431000
2005-06-15,14.48619556427002,27.299999237060547,27.600000381469727,27.299999237060547,27.549999237060547,417800
2005-06-16,14.751516342163086,27.799999237060547,27.8799991607666,27.309999465942383,27.309999465942383,365800
2005-06-17,14.820503234863281,27.93000030517578,28.0,27.600000381469727,27.940000534057617,576700
2005-06-20,14.560486793518066,27.440000534057617,27.84000015258789,27.43000030517578,27.829999923706055,409600
2005-06-21,14.48619556427002,27.299999237060547,27.469999313354492,27.1200008392334,27.450000762939453,469000
2005-06-22,14.523336410522461,27.3700008392334,27.43000030517578,27.1299991607666,27.43000030517578,405600
2005-06-23,14.226181030273438,26.809999465942383,27.3700008392334,26.770000457763672,27.3700008392334,735200
2005-06-24,14.061704635620117,26.5,26.81999969482422,26.479999542236328,26.809999465942383,452200
2005-06-27,14.242110252380371,26.84000015258789,26.850000381469727,26.5,26.600000381469727,351900
2005-06-28,14.301090240478516,26.670000076293945,26.700000762939453,26.489999771118164,26.700000762939453,734700
2005-06-29,14.333268165588379,26.729999542236328,26.799999237060547,26.5,26.780000686645508,367900
2005-06-30,14.547754287719727,27.1299991607666,27.239999771118164,26.799999237060547,26.81999969482422,609500
2005-07-01,14.590654373168945,27.209999084472656,27.299999237060547,27.09000015258789,27.1299991607666,508500
2005-07-05,14.708626747131348,27.43000030517578,27.469999313354492,27.170000076293945,27.200000762939453,418100
2005-07-06,14.703262329101562,27.420000076293945,27.43000030517578,27.260000228881836,27.3799991607666,455100
2005-07-07,14.756876945495605,27.520000457763672,27.700000762939453,27.010000228881836,27.149999618530273,477300
2005-07-08,14.751523971557617,27.510000228881836,27.639999389648438,27.329999923706055,27.600000381469727,368400
2005-07-11,14.831953048706055,27.65999984741211,27.719999313354492,27.5,27.5,419100
2005-07-12,14.746160507202148,27.5,27.65999984741211,27.5,27.549999237060547,611800
2005-07-13,14.58529281616211,27.200000762939453,27.559999465942383,27.190000534057617,27.510000228881836,293500
2005-07-14,14.558479309082031,27.149999618530273,27.299999237060547,27.020000457763672,27.25,426200
2005-07-15,14.488767623901367,27.020000457763672,27.149999618530273,26.969999313354492,27.149999618530273,270100
2005-07-18,14.558479309082031,27.149999618530273,27.229999542236328,26.989999771118164,27.010000228881836,534500
2005-07-19,14.61746597290039,27.260000228881836,27.270000457763672,26.969999313354492,27.229999542236328,368300
2005-07-20,14.58529281616211,27.200000762939453,27.299999237060547,27.100000381469727,27.260000228881836,290400
2005-07-21,14.612099647521973,27.25,27.25,26.959999084472656,27.200000762939453,368000
2005-07-22,14.622834205627441,27.270000457763672,27.309999465942383,27.110000610351562,27.18000030517578,339200
2005-07-25,14.419059753417969,26.889999389648438,27.280000686645508,26.799999237060547,27.25,517600
2005-07-26,14.263553619384766,26.600000381469727,27.1299991607666,26.540000915527344,27.049999237060547,866800
2005-07-27,14.655006408691406,27.329999923706055,27.450000762939453,26.75,27.110000610351562,1021600
2005-07-28,14.837322235107422,27.670000076293945,27.690000534057617,27.190000534057617,27.350000381469727,886900
2005-07-29,14.955286979675293,27.889999389648438,27.93000030517578,27.600000381469727,27.65999984741211,788200
2005-08-01,14.85340404510498,27.700000762939453,28.0,27.600000381469727,27.889999389648438,941200
2005-08-02,14.724708557128906,27.459999084472656,27.700000762939453,27.34000015258789,27.700000762939453,360700
2005-08-03,14.756876945495605,27.520000457763672,27.530000686645508,27.290000915527344,27.420000076293945,481000
2005-08-04,14.52630615234375,27.09000015258789,27.520000457763672,27.049999237060547,27.520000457763672,362900
2005-08-05,14.499493598937988,27.040000915527344,27.1200008392334,26.8700008392334,27.1200008392334,290600
2005-08-08,14.392251968383789,26.84000015258789,27.020000457763672,26.809999465942383,27.0,327400
2005-08-09,14.386890411376953,26.829999923706055,26.969999313354492,26.700000762939453,26.850000381469727,340000
2005-08-10,14.370800971984863,26.799999237060547,27.030000686645508,26.639999389648438,26.920000076293945,356600
2005-08-11,14.451236724853516,26.950000762939453,27.100000381469727,26.75,26.75,278100
2005-08-12,14.478047370910645,27.0,27.010000228881836,26.75,26.940000534057617,318300
2005-08-15,14.440508842468262,26.93000030517578,27.020000457763672,26.799999237060547,26.950000762939453,285300
2005-08-16,14.542394638061523,27.1200008392334,27.299999237060547,26.920000076293945,26.93000030517578,691900
2005-08-17,14.655006408691406,27.329999923706055,27.360000610351562,27.049999237060547,27.1200008392334,473000
2005-08-18,14.520942687988281,27.079999923706055,27.329999923706055,27.010000228881836,27.329999923706055,346900
2005-08-19,14.740796089172363,27.489999771118164,27.510000228881836,27.049999237060547,27.079999923706055,515700
2005-08-22,14.671090126037598,27.360000610351562,27.459999084472656,27.149999618530273,27.399999618530273,405000
2005-08-23,14.655006408691406,27.329999923706055,27.399999618530273,27.229999542236328,27.389999389648438,238500
2005-08-24,14.76224422454834,27.530000686645508,27.799999237060547,27.34000015258789,27.350000381469727,550300
2005-08-25,14.76224422454834,27.530000686645508,27.600000381469727,27.399999618530273,27.549999237060547,305500
2005-08-26,14.692543029785156,27.399999618530273,27.469999313354492,27.329999923706055,27.450000762939453,301300
2005-08-29,15.019627571105957,28.010000228881836,28.010000228881836,27.299999237060547,27.399999618530273,586200
2005-08-30,14.923113822937012,27.829999923706055,28.010000228881836,27.649999618530273,28.010000228881836,386700
2005-08-31,15.314557075500488,28.559999465942383,28.559999465942383,27.549999237060547,27.75,982500
2005-09-01,15.55586051940918,29.010000228881836,29.350000381469727,28.530000686645508,28.719999313354492,898200
2005-09-02,15.502239227294922,28.90999984741211,29.079999923706055,28.739999771118164,29.010000228881836,348700
2005-09-06,15.711363792419434,29.299999237060547,29.3700008392334,29.049999237060547,29.100000381469727,571600
2005-09-07,15.625571250915527,29.139999389648438,29.31999969482422,29.030000686645508,29.200000762939453,966300
2005-09-08,15.36281967163086,28.649999618530273,29.0,28.59000015258789,29.0,816900
2005-09-09,15.550492286682129,29.0,29.190000534057617,28.540000915527344,28.65999984741211,1042300
2005-09-12,15.529044151306152,28.959999084472656,29.059999465942383,28.84000015258789,29.0,581500
2005-09-13,15.384267807006836,28.690000534057617,28.950000762939453,28.3799991607666,28.950000762939453,478500
2005-09-14,15.234126091003418,28.40999984741211,28.700000762939453,28.290000915527344,28.690000534057617,282700
2005-09-15,15.309192657470703,28.549999237060547,28.700000762939453,28.299999237060547,28.40999984741211,597200
2005-09-16,15.437886238098145,28.790000915527344,28.799999237060547,28.420000076293945,28.549999237060547,668600
2005-09-19,15.49687385559082,28.899999618530273,28.899999618530273,28.600000381469727,28.780000686645508,489100
2005-09-20,15.711363792419434,29.299999237060547,29.299999237060547,28.969999313354492,29.06999969482422,851400
2005-09-21,15.743538856506348,29.360000610351562,29.420000076293945,29.149999618530273,29.299999237060547,529800
2005-09-22,15.877599716186523,29.610000610351562,29.6200008392334,29.149999618530273,29.31999969482422,645100
2005-09-23,15.882955551147461,29.6200008392334,29.670000076293945,29.440000534057617,29.610000610351562,564500
2005-09-26,15.936580657958984,29.719999313354492,29.780000686645508,29.649999618530273,29.719999313354492,878000
2005-09-27,15.845418930053711,29.549999237060547,29.75,29.350000381469727,29.729999542236328,366600
2005-09-28,15.563920021057129,28.75,29.3700008392334,28.510000228881836,29.3700008392334,654300
2005-09-29,15.964515686035156,29.489999771118164,29.530000686645508,28.700000762939453,28.790000915527344,489400
2005-09-30,15.59640121459961,28.809999465942383,29.489999771118164,28.450000762939453,29.489999771118164,590600
2005-10-03,15.677595138549805,28.959999084472656,28.989999771118164,28.719999313354492,28.829999923706055,401300
2005-10-04,15.73714542388916,29.06999969482422,29.200000762939453,28.829999923706055,28.959999084472656,454100
2005-10-05,15.75339126586914,29.100000381469727,29.25,28.989999771118164,29.0,676900
2005-10-06,15.764205932617188,29.1200008392334,29.200000762939453,29.0,29.100000381469727,909600
2005-10-07,15.726317405700684,29.049999237060547,29.229999542236328,29.0,29.1200008392334,394900
2005-10-10,15.71007251739502,29.020000457763672,29.190000534057617,28.920000076293945,29.059999465942383,481300
2005-10-11,15.666772842407227,28.940000534057617,29.079999923706055,28.940000534057617,29.020000457763672,526100
2005-10-12,15.363617897033691,28.3799991607666,28.979999542236328,28.200000762939453,28.770000457763672,642900
2005-10-13,15.428574562072754,28.5,28.540000915527344,28.15999984741211,28.350000381469727,420900
2005-10-14,15.639700889587402,28.889999389648438,28.90999984741211,28.399999618530273,28.5,472400
2005-10-17,15.704660415649414,29.010000228881836,29.239999771118164,28.81999969482422,29.020000457763672,624700
2005-10-18,15.677595138549805,28.959999084472656,29.229999542236328,28.860000610351562,29.200000762939453,479900
2005-10-19,15.910377502441406,29.389999389648438,29.440000534057617,28.850000381469727,28.969999313354492,263300
2005-10-20,15.948272705078125,29.459999084472656,29.5,29.25,29.290000915527344,404600
2005-10-21,15.959096908569336,29.479999542236328,29.84000015258789,29.399999618530273,29.540000915527344,433300
2005-10-24,16.05113410949707,29.649999618530273,29.670000076293945,29.280000686645508,29.450000762939453,349500
2005-10-25,16.12692642211914,29.790000915527344,29.889999389648438,29.149999618530273,29.75,551900
2005-10-26,15.74797534942627,29.09000015258789,29.610000610351562,29.0,29.350000381469727,676300
2005-10-27,15.699250221252441,29.0,29.280000686645508,28.829999923706055,29.06999969482422,342500
2005-10-28,15.926624298095703,29.420000076293945,29.420000076293945,28.920000076293945,29.100000381469727,321200
2005-10-31,15.926624298095703,29.420000076293945,29.829999923706055,29.420000076293945,29.479999542236328,611700
2005-11-01,15.9049711227417,29.3799991607666,29.56999969482422,29.260000228881836,29.260000228881836,244400
2005-11-02,16.07278823852539,29.690000534057617,29.799999237060547,29.3799991607666,29.3799991607666,298000
2005-11-03,15.877897262573242,29.329999923706055,29.760000228881836,29.25,29.719999313354492,378800
2005-11-04,15.9049711227417,29.3799991607666,29.399999618530273,29.209999084472656,29.31999969482422,347400
2005-11-07,15.959096908569336,29.479999542236328,29.639999389648438,29.420000076293945,29.489999771118164,236900
2005-11-08,15.915791511535645,29.399999618530273,29.5,29.260000228881836,29.329999923706055,256800
2005-11-09,15.96993350982666,29.5,29.600000381469727,29.0,29.40999984741211,348000
2005-11-10,15.964515686035156,29.489999771118164,29.670000076293945,29.389999389648438,29.5,409700
2005-11-11,16.17022705078125,29.8700008392334,29.8799991607666,29.43000030517578,29.450000762939453,229800
2005-11-14,16.375951766967773,30.25,30.389999389648438,29.760000228881836,29.899999618530273,493200
2005-11-15,16.332637786865234,30.170000076293945,30.690000534057617,29.989999771118164,30.350000381469727,375800
2005-11-16,16.256845474243164,30.030000686645508,30.280000686645508,29.770000457763672,30.200000762939453,160400
2005-11-17,16.332637786865234,30.170000076293945,30.299999237060547,30.0,30.040000915527344,206600
2005-11-18,16.467966079711914,30.420000076293945,30.459999084472656,30.139999389648438,30.229999542236328,200200
2005-11-21,16.467966079711914,30.420000076293945,30.420000076293945,30.170000076293945,30.309999465942383,244100
2005-11-22,16.47339630126953,30.43000030517578,30.43000030517578,30.030000686645508,30.399999618530273,264200
2005-11-23,16.74948501586914,30.940000534057617,30.969999313354492,30.360000610351562,30.389999389648438,257900
2005-11-25,16.689929962158203,30.829999923706055,30.920000076293945,30.56999969482422,30.739999771118164,83800
2005-11-28,16.52210235595703,30.520000457763672,30.940000534057617,30.40999984741211,30.889999389648438,263700
2005-11-29,16.619552612304688,30.700000762939453,30.920000076293945,30.459999084472656,30.459999084472656,226000
2005-11-30,16.484210968017578,30.450000762939453,30.75,30.34000015258789,30.75,185600
2005-12-01,16.619552612304688,30.700000762939453,30.850000381469727,30.469999313354492,30.469999313354492,202900
2005-12-02,16.60873031616211,30.68000030517578,30.8799991607666,30.3700008392334,30.549999237060547,216700
2005-12-05,16.478801727294922,30.440000534057617,30.6299991607666,30.239999771118164,30.600000381469727,344600
2005-12-06,16.489625930786133,30.459999084472656,30.709999084472656,30.350000381469727,30.40999984741211,246000
2005-12-07,16.446317672729492,30.3799991607666,30.56999969482422,30.209999084472656,30.3700008392334,601900
2005-12-08,16.419246673583984,30.329999923706055,30.5,30.299999237060547,30.3799991607666,283800
2005-12-09,16.570833206176758,30.610000610351562,30.760000228881836,30.31999969482422,30.31999969482422,210100
2005-12-12,16.538349151611328,30.549999237060547,30.8799991607666,30.40999984741211,30.729999542236328,216400
2005-12-13,16.689929962158203,30.829999923706055,30.940000534057617,30.469999313354492,30.5,292300
2005-12-14,16.895645141601562,31.209999084472656,31.489999771118164,30.8700008392334,30.8700008392334,373800
2005-12-15,16.836095809936523,31.100000381469727,31.260000228881836,30.90999984741211,31.209999084472656,487800
2005-12-16,16.890230178833008,31.200000762939453,31.229999542236328,30.989999771118164,31.100000381469727,612600
2005-12-19,16.852333068847656,31.1299991607666,31.200000762939453,30.93000030517578,31.200000762939453,392800
2005-12-20,16.93895721435547,31.290000915527344,31.360000610351562,31.040000915527344,31.190000534057617,334000
2005-12-21,16.90105628967285,31.219999313354492,31.579999923706055,31.100000381469727,31.290000915527344,273900
2005-12-22,16.90105628967285,31.219999313354492,31.329999923706055,31.030000686645508,31.290000915527344,257100
2005-12-23,17.198806762695312,31.770000457763672,31.770000457763672,31.280000686645508,31.31999969482422,222800
2005-12-27,17.009336471557617,31.420000076293945,31.940000534057617,31.40999984741211,31.799999237060547,181700
2005-12-28,16.905546188354492,30.950000762939453,31.34000015258789,30.899999618530273,31.200000762939453,276900
2005-12-29,16.905546188354492,30.950000762939453,31.18000030517578,30.81999969482422,30.889999389648438,202500
2005-12-30,16.8673095703125,30.8799991607666,30.93000030517578,30.65999984741211,30.81999969482422,192700
2006-01-03,17.118572235107422,31.34000015258789,31.34000015258789,30.65999984741211,30.979999542236328,338800
2006-01-04,17.347984313964844,31.760000228881836,31.760000228881836,31.200000762939453,31.200000762939453,344800
2006-01-05,16.99840545654297,31.1200008392334,31.770000457763672,30.979999542236328,31.760000228881836,418000
2006-01-06,16.938331604003906,31.010000228881836,31.219999313354492,30.84000015258789,31.219999313354492,340000
2006-01-09,17.124027252197266,31.350000381469727,31.399999618530273,30.899999618530273,31.1299991607666,464300
2006-01-10,17.03117561340332,31.18000030517578,31.239999771118164,30.940000534057617,31.229999542236328,332400
2006-01-11,17.085805892944336,31.280000686645508,31.290000915527344,31.010000228881836,31.280000686645508,229200
2006-01-12,17.074880599975586,31.260000228881836,31.360000610351562,30.93000030517578,31.290000915527344,423900
2006-01-13,17.058486938476562,31.229999542236328,31.43000030517578,31.059999465942383,31.200000762939453,277500
2006-01-17,16.900089263916016,30.940000534057617,31.190000534057617,30.920000076293945,31.0,387100
2006-01-18,16.697986602783203,30.56999969482422,30.989999771118164,30.510000228881836,30.81999969482422,338500
2006-01-19,16.79084014892578,30.739999771118164,30.899999618530273,30.610000610351562,30.610000610351562,368600
2006-01-20,16.332012176513672,29.899999618530273,30.729999542236328,29.899999618530273,30.729999542236328,420300
2006-01-23,16.386634826660156,30.0,30.209999084472656,29.8799991607666,29.90999984741211,407700
2006-01-24,16.27193260192871,29.790000915527344,30.260000228881836,29.790000915527344,30.0,660600
2006-01-25,16.342939376831055,29.920000076293945,30.030000686645508,29.829999923706055,29.940000534057617,630600
2006-01-26,16.129905700683594,29.530000686645508,30.079999923706055,29.5,29.93000030517578,1198500
2006-01-27,16.21184730529785,29.68000030517578,29.969999313354492,29.270000457763672,29.649999618530273,838700
2006-01-30,15.895037651062012,29.100000381469727,29.829999923706055,29.100000381469727,29.68000030517578,921500
2006-01-31,15.92780876159668,29.15999984741211,29.309999465942383,28.850000381469727,29.200000762939453,929800
2006-02-01,16.086223602294922,29.450000762939453,29.75,28.75,29.15999984741211,854400
2006-02-02,15.447135925292969,28.280000686645508,29.25,28.100000381469727,29.25,1099800
2006-02-03,15.512679100036621,28.399999618530273,28.600000381469727,28.239999771118164,28.280000686645508,1348300
2006-02-06,15.534531593322754,28.440000534057617,28.479999542236328,28.1299991607666,28.389999389648438,714600
2006-02-07,15.496295928955078,28.3700008392334,28.600000381469727,28.1299991607666,28.350000381469727,487600
2006-02-08,15.550915718078613,28.469999313354492,28.469999313354492,28.100000381469727,28.389999389648438,869900
2006-02-09,15.605536460876465,28.56999969482422,28.719999313354492,28.299999237060547,28.399999618530273,939600
2006-02-10,15.785792350769043,28.899999618530273,29.0,28.43000030517578,28.56999969482422,650300
2006-02-13,15.64924144744873,28.649999618530273,28.93000030517578,28.579999923706055,28.899999618530273,750200
2006-02-14,15.840413093566895,29.0,29.3799991607666,28.799999237060547,28.799999237060547,623300
2006-02-15,16.009748458862305,29.309999465942383,29.389999389648438,29.040000915527344,29.049999237060547,800000
2006-02-16,16.2227725982666,29.700000762939453,29.790000915527344,29.360000610351562,29.459999084472656,732900
2006-02-17,16.2227725982666,29.700000762939453,29.799999237060547,29.489999771118164,29.649999618530273,789700
2006-02-21,16.244613647460938,29.739999771118164,29.739999771118164,29.510000228881836,29.649999618530273,688200
2006-02-22,16.512271881103516,30.229999542236328,30.260000228881836,29.75,29.75,592300
2006-02-23,16.200916290283203,29.65999984741211,30.139999389648438,29.5,30.09000015258789,2298500
2006-02-24,16.2227725982666,29.700000762939453,29.760000228881836,29.420000076293945,29.520000457763672,442700
2006-02-27,16.244613647460938,29.739999771118164,29.799999237060547,29.610000610351562,29.649999618530273,303000
2006-02-28,16.108062744140625,29.489999771118164,29.700000762939453,29.360000610351562,29.649999618530273,230500
2006-03-01,16.157224655151367,29.579999923706055,29.579999923706055,29.260000228881836,29.489999771118164,334000
2006-03-02,16.047977447509766,29.3799991607666,29.450000762939453,29.1200008392334,29.43000030517578,459400
2006-03-03,15.97150993347168,29.239999771118164,29.440000534057617,29.170000076293945,29.200000762939453,444400
2006-03-06,15.86772632598877,29.049999237060547,29.219999313354492,28.899999618530273,29.139999389648438,531400
2006-03-07,15.87864875793457,29.06999969482422,29.170000076293945,28.860000610351562,28.899999618530273,189500
2006-03-08,15.79671859741211,28.920000076293945,29.200000762939453,28.760000228881836,29.0,323500
2006-03-09,15.671089172363281,28.690000534057617,28.8799991607666,28.68000030517578,28.799999237060547,275900
2006-03-10,15.834952354431152,28.989999771118164,28.989999771118164,28.6299991607666,28.739999771118164,177600
2006-03-13,15.813103675842285,28.950000762939453,29.0,28.860000610351562,29.0,349900
2006-03-14,15.845877647399902,29.010000228881836,29.100000381469727,28.799999237060547,28.959999084472656,383000
2006-03-15,15.813103675842285,28.950000762939453,29.110000610351562,28.829999923706055,28.969999313354492,239400
2006-03-16,15.840413093566895,29.0,29.100000381469727,28.850000381469727,28.950000762939453,689200
2006-03-17,15.873190879821777,29.059999465942383,29.059999465942383,28.780000686645508,29.0,445500
2006-03-20,15.856803894042969,29.030000686645508,29.149999618530273,28.950000762939453,29.040000915527344,235100
2006-03-21,15.76394271850586,28.860000610351562,29.079999923706055,28.75,28.979999542236328,275400
2006-03-22,15.703861236572266,28.75,29.030000686645508,28.670000076293945,28.899999618530273,370500
2006-03-23,15.709325790405273,28.760000228881836,28.920000076293945,28.700000762939453,28.700000762939453,439000
2006-03-24,15.698395729064941,28.739999771118164,28.850000381469727,28.549999237060547,28.549999237060547,308200
2006-03-27,15.534531593322754,28.440000534057617,28.850000381469727,28.399999618530273,28.719999313354492,245900
2006-03-28,15.283267974853516,27.979999542236328,28.450000762939453,27.940000534057617,28.399999618530273,595400
2006-03-29,15.31639289855957,27.739999771118164,27.860000610351562,27.649999618530273,27.690000534057617,777200
2006-03-30,15.49308967590332,28.059999465942383,28.110000610351562,27.690000534057617,27.84000015258789,424200
2006-03-31,15.355049133300781,27.809999465942383,28.280000686645508,27.729999542236328,28.0,526600
2006-04-03,15.415783882141113,27.920000076293945,28.0,27.790000915527344,27.829999923706055,483600
2006-04-04,15.570387840270996,28.200000762939453,28.239999771118164,27.889999389648438,27.889999389648438,552300
2006-04-05,15.410263061523438,27.90999984741211,28.31999969482422,27.8700008392334,28.200000762939453,396700
2006-04-06,15.327439308166504,27.760000228881836,28.0,27.670000076293945,27.860000610351562,350600
2006-04-07,15.239095687866211,27.600000381469727,27.93000030517578,27.520000457763672,27.799999237060547,302900
2006-04-10,15.189409255981445,27.510000228881836,27.700000762939453,27.479999542236328,27.600000381469727,342900
2006-04-11,15.023764610290527,27.209999084472656,27.75,27.190000534057617,27.510000228881836,408600
2006-04-12,15.189409255981445,27.510000228881836,27.549999237060547,27.190000534057617,27.200000762939453,455700
2006-04-13,15.183890342712402,27.5,27.690000534057617,27.450000762939453,27.510000228881836,419100
2006-04-17,15.183890342712402,27.5,27.81999969482422,27.469999313354492,27.559999465942383,510300
2006-04-18,15.426831245422363,27.940000534057617,27.940000534057617,27.59000015258789,27.610000610351562,650400
2006-04-19,15.283272743225098,27.68000030517578,28.0,27.6299991607666,27.90999984741211,467000
2006-04-20,15.321924209594727,27.75,27.81999969482422,27.420000076293945,27.649999618530273,434800
2006-04-21,14.692477226257324,26.610000610351562,27.719999313354492,26.540000915527344,27.709999084472656,2421800
2006-04-24,14.532360076904297,26.31999969482422,26.850000381469727,26.06999969482422,26.780000686645508,1527000
2006-04-25,14.703520774841309,26.6299991607666,26.709999084472656,26.309999465942383,26.3700008392334,1194100
2006-04-26,15.023764610290527,27.209999084472656,27.290000915527344,26.799999237060547,26.799999237060547,1406500
2006-04-27,15.123147010803223,27.389999389648438,27.700000762939453,27.149999618530273,27.209999084472656,1019200
2006-04-28,15.150757789611816,27.440000534057617,27.450000762939453,27.170000076293945,27.299999237060547,646100
2006-05-01,14.924386024475098,27.030000686645508,27.479999542236328,26.920000076293945,27.440000534057617,786400
2006-05-02,14.957508087158203,27.09000015258789,27.170000076293945,26.90999984741211,27.040000915527344,739400
2006-05-03,14.896775245666504,26.979999542236328,27.149999618530273,26.969999313354492,27.079999923706055,537500
2006-05-04,15.007201194763184,27.18000030517578,27.280000686645508,27.0,27.0,601300
2006-05-05,14.847075462341309,26.889999389648438,27.280000686645508,26.889999389648438,27.209999084472656,556900
2006-05-08,14.918854713439941,27.020000457763672,27.09000015258789,26.889999389648438,26.93000030517578,344800
2006-05-09,14.96854305267334,27.110000610351562,27.1299991607666,26.979999542236328,27.010000228881836,371700
2006-05-10,14.96854305267334,27.110000610351562,27.18000030517578,26.899999618530273,27.110000610351562,428200
2006-05-11,14.957508087158203,27.09000015258789,27.170000076293945,27.0,27.06999969482422,520400
2006-05-12,15.040323257446289,27.239999771118164,27.34000015258789,27.020000457763672,27.049999237060547,566300
2006-05-15,15.078975677490234,27.309999465942383,27.440000534057617,27.010000228881836,27.139999389648438,1138700
2006-05-16,14.924386024475098,27.030000686645508,27.34000015258789,26.950000762939453,27.309999465942383,668600
2006-05-17,14.963025093078613,27.100000381469727,27.149999618530273,26.93000030517578,26.979999542236328,932300
2006-05-18,14.880208015441895,26.950000762939453,27.170000076293945,26.799999237060547,27.110000610351562,1238200
2006-05-19,14.935418128967285,27.049999237060547,27.25,27.0,27.100000381469727,597900
2006-05-22,14.880208015441895,26.950000762939453,27.040000915527344,26.809999465942383,27.0,762400
2006-05-23,14.836031913757324,26.8700008392334,27.049999237060547,26.690000534057617,26.979999542236328,1294800
2006-05-24,14.830513954162598,26.860000610351562,27.0,26.709999084472656,26.860000610351562,862900
2006-05-25,14.87468147277832,26.940000534057617,27.059999465942383,26.84000015258789,26.899999618530273,684200
2006-05-26,14.880208015441895,26.950000762939453,27.09000015258789,26.940000534057617,26.950000762939453,325100
2006-05-30,14.59309196472168,26.43000030517578,26.850000381469727,26.399999618530273,26.850000381469727,736900
2006-05-31,14.675911903381348,26.579999923706055,26.579999923706055,26.270000457763672,26.420000076293945,857500
2006-06-01,14.686952590942383,26.600000381469727,26.75,26.420000076293945,26.510000228881836,635200
2006-06-02,14.642794609069824,26.520000457763672,26.6200008392334,26.389999389648438,26.600000381469727,572300
2006-06-05,14.63174057006836,26.5,26.579999923706055,26.389999389648438,26.520000457763672,693500
2006-06-06,14.62621784210205,26.489999771118164,26.600000381469727,26.260000228881836,26.489999771118164,559900
2006-06-07,14.604138374328613,26.450000762939453,26.600000381469727,26.43000030517578,26.479999542236328,676300
2006-06-08,14.582049369812012,26.40999984741211,26.5,26.219999313354492,26.459999084472656,770300
2006-06-09,14.769775390625,26.75,26.84000015258789,26.34000015258789,26.479999542236328,692200
2006-06-12,14.637267112731934,26.510000228881836,26.690000534057617,26.280000686645508,26.530000686645508,564300
2006-06-13,14.521315574645996,26.299999237060547,26.65999984741211,26.299999237060547,26.5,894400
2006-06-14,14.427447319030762,26.1299991607666,26.350000381469727,26.049999237060547,26.350000381469727,373400
2006-06-15,14.471626281738281,26.209999084472656,26.270000457763672,26.079999923706055,26.139999389648438,591300
2006-06-16,14.388801574707031,26.059999465942383,26.389999389648438,25.989999771118164,26.260000228881836,819900
2006-06-19,14.261805534362793,25.829999923706055,26.1299991607666,25.780000686645508,26.030000686645508,540700
2006-06-20,14.289413452148438,25.8799991607666,26.06999969482422,25.799999237060547,25.889999389648438,430600
2006-06-21,14.350150108337402,25.989999771118164,26.149999618530273,25.790000915527344,25.8799991607666,426700
2006-06-22,14.22315788269043,25.760000228881836,25.979999542236328,25.719999313354492,25.979999542236328,375800
2006-06-23,14.228682518005371,25.770000457763672,25.850000381469727,25.68000030517578,25.790000915527344,601000
2006-06-26,14.206595420837402,25.729999542236328,25.920000076293945,25.670000076293945,25.790000915527344,409700
2006-06-27,14.06856632232666,25.479999542236328,25.719999313354492,25.360000610351562,25.709999084472656,691400
2006-06-28,14.051797866821289,25.149999618530273,25.350000381469727,24.75,25.350000381469727,663000
2006-06-29,14.118844985961914,25.270000457763672,25.34000015258789,24.920000076293945,25.219999313354492,601500
2006-06-30,14.157952308654785,25.34000015258789,25.389999389648438,25.079999923706055,25.270000457763672,912500
2006-07-03,14.157952308654785,25.34000015258789,25.34000015258789,25.15999984741211,25.329999923706055,282700
2006-07-05,13.962396621704102,24.989999771118164,25.34000015258789,24.760000228881836,25.34000015258789,671400
2006-07-06,14.040621757507324,25.1299991607666,25.149999618530273,24.81999969482422,24.950000762939453,631100
2006-07-07,14.057388305664062,25.15999984741211,25.270000457763672,25.010000228881836,25.1299991607666,538900
2006-07-10,14.012685775756836,25.079999923706055,25.3700008392334,25.06999969482422,25.229999542236328,429100
2006-07-11,14.001505851745605,25.059999465942383,25.09000015258789,24.899999618530273,25.030000686645508,348100
2006-07-12,14.118844985961914,25.270000457763672,25.280000686645508,24.969999313354492,25.0,763300
2006-07-13,13.945637702941895,24.959999084472656,25.209999084472656,24.809999465942383,25.18000030517578,753100
2006-07-14,13.722160339355469,24.559999465942383,24.979999542236328,24.530000686645508,24.979999542236328,422400
2006-07-17,13.828311920166016,24.75,24.860000610351562,24.420000076293945,24.559999465942383,507500
2006-07-18,13.82271957397461,24.739999771118164,24.889999389648438,24.59000015258789,24.799999237060547,499700
2006-07-19,13.956817626953125,24.979999542236328,25.09000015258789,24.739999771118164,24.760000228881836,459900
2006-07-20,13.79478645324707,24.690000534057617,25.0,24.690000534057617,24.940000534057617,368700
2006-07-21,13.828311920166016,24.75,24.799999237060547,24.5,24.690000534057617,327200
2006-07-24,13.90653133392334,24.889999389648438,24.899999618530273,24.639999389648438,24.75,410700
2006-07-25,14.062973022460938,25.170000076293945,25.200000762939453,24.760000228881836,24.979999542236328,789500
2006-07-26,15.476530075073242,27.700000762939453,27.969999313354492,25.90999984741211,26.09000015258789,2902900
2006-07-27,15.392723083496094,27.549999237060547,28.139999389648438,27.5,27.799999237060547,1405400
2006-07-28,15.28097915649414,27.350000381469727,27.75,27.270000457763672,27.549999237060547,764000
2006-07-31,15.180413246154785,27.170000076293945,27.25,26.959999084472656,27.209999084472656,751800
2006-08-01,15.213932991027832,27.229999542236328,27.299999237060547,26.899999618530273,27.049999237060547,625400
2006-08-02,15.174824714660645,27.15999984741211,27.309999465942383,27.1299991607666,27.280000686645508,523300
2006-08-03,15.28097915649414,27.350000381469727,27.479999542236328,26.969999313354492,27.1200008392334,738400
2006-08-04,15.253042221069336,27.299999237060547,27.81999969482422,27.0,27.59000015258789,616900
2006-08-07,15.247457504272461,27.290000915527344,27.34000015258789,27.040000915527344,27.299999237060547,642100
2006-08-08,15.046314239501953,26.93000030517578,27.389999389648438,26.780000686645508,27.290000915527344,661400
2006-08-09,15.029557228088379,26.899999618530273,27.200000762939453,26.8799991607666,27.030000686645508,674500
2006-08-10,15.091017723083496,27.010000228881836,27.149999618530273,26.790000915527344,26.850000381469727,460500
2006-08-11,15.063076972961426,26.959999084472656,27.149999618530273,26.899999618530273,27.020000457763672,673000
2006-08-14,14.945744514465332,26.75,27.040000915527344,26.690000534057617,26.989999771118164,621300
2006-08-15,15.135714530944824,27.09000015258789,27.100000381469727,26.8700008392334,26.899999618530273,394800
2006-08-16,15.158056259155273,27.1299991607666,27.25,27.059999465942383,27.059999465942383,366900
2006-08-17,15.174824714660645,27.15999984741211,27.239999771118164,27.06999969482422,27.149999618530273,341400
2006-08-18,15.158056259155273,27.1299991607666,27.200000762939453,27.030000686645508,27.139999389648438,188100
2006-08-21,14.945744514465332,26.75,27.100000381469727,26.75,27.020000457763672,270700
2006-08-22,15.029557228088379,26.899999618530273,27.1200008392334,26.68000030517578,26.68000030517578,354600
2006-08-23,14.940164566040039,26.739999771118164,27.049999237060547,26.6299991607666,26.920000076293945,208500
2006-08-24,14.98486042022705,26.81999969482422,27.010000228881836,26.579999923706055,26.850000381469727,255200
2006-08-25,14.917810440063477,26.700000762939453,26.81999969482422,26.56999969482422,26.56999969482422,186600
2006-08-28,14.9233980178833,26.709999084472656,26.899999618530273,26.549999237060547,26.549999237060547,346000
2006-08-29,14.928982734680176,26.719999313354492,26.889999389648438,26.700000762939453,26.829999923706055,437900
2006-08-30,15.057496070861816,26.950000762939453,27.0,26.760000228881836,26.81999969482422,330900
2006-08-31,14.973687171936035,26.799999237060547,27.049999237060547,26.739999771118164,26.989999771118164,481200
2006-09-01,14.956920623779297,26.770000457763672,26.93000030517578,26.760000228881836,26.799999237060547,263800
2006-09-05,14.912227630615234,26.690000534057617,26.90999984741211,26.6200008392334,26.790000915527344,302300
2006-09-06,14.806068420410156,26.5,26.670000076293945,26.31999969482422,26.649999618530273,503600
2006-09-07,14.834001541137695,26.549999237060547,26.68000030517578,26.3700008392334,26.450000762939453,874200
2006-09-08,14.873117446899414,26.6200008392334,26.700000762939453,26.56999969482422,26.639999389648438,790900
2006-09-11,14.88429069519043,26.639999389648438,26.8799991607666,26.579999923706055,26.6200008392334,650100
2006-09-12,15.029557228088379,26.899999618530273,26.950000762939453,26.649999618530273,26.649999618530273,395300
2006-09-13,15.046314239501953,26.93000030517578,27.0,26.8799991607666,26.940000534057617,318600
2006-09-14,15.063076972961426,26.959999084472656,26.989999771118164,26.829999923706055,26.899999618530273,302900
2006-09-15,15.135714530944824,27.09000015258789,27.18000030517578,26.959999084472656,27.010000228881836,934500
2006-09-18,15.085421562194824,27.0,27.100000381469727,26.899999618530273,27.09000015258789,272600
2006-09-19,15.091017723083496,27.010000228881836,27.1200008392334,26.739999771118164,27.100000381469727,513200
2006-09-20,15.158056259155273,27.1299991607666,27.200000762939453,26.969999313354492,27.020000457763672,499300
2006-09-21,15.029557228088379,26.899999618530273,27.200000762939453,26.809999465942383,27.18000030517578,196800
2006-09-22,14.928982734680176,26.719999313354492,26.969999313354492,26.65999984741211,26.809999465942383,164300
2006-09-25,15.023967742919922,26.889999389648438,27.059999465942383,26.809999465942383,26.829999923706055,370700
2006-09-26,15.063076972961426,26.959999084472656,27.040000915527344,26.799999237060547,26.920000076293945,438300
2006-09-27,15.243885040283203,26.979999542236328,27.010000228881836,26.649999618530273,26.760000228881836,456800
2006-09-28,15.243885040283203,26.979999542236328,27.100000381469727,26.889999389648438,26.989999771118164,281500
2006-09-29,15.06872844696045,26.670000076293945,27.020000457763672,26.65999984741211,26.93000030517578,237100
2006-10-02,15.051778793334961,26.639999389648438,26.940000534057617,26.639999389648438,26.790000915527344,467400
2006-10-03,15.085679054260254,26.700000762939453,26.8700008392334,26.649999618530273,26.649999618530273,432300
2006-10-04,15.243885040283203,26.979999542236328,27.0,26.549999237060547,26.6299991607666,238700
2006-10-05,15.272137641906738,27.030000686645508,27.149999618530273,26.950000762939453,27.040000915527344,751300
2006-10-06,15.289077758789062,27.059999465942383,27.139999389648438,26.899999618530273,27.040000915527344,341500
2006-10-09,15.37948226928711,27.219999313354492,27.329999923706055,26.889999389648438,27.0,559900
2006-10-10,15.413390159606934,27.280000686645508,27.389999389648438,27.170000076293945,27.280000686645508,445400
2006-10-11,15.300379753112793,27.079999923706055,27.280000686645508,26.93000030517578,27.280000686645508,276100
2006-10-12,15.306035995483398,27.09000015258789,27.219999313354492,27.020000457763672,27.06999969482422,411000
2006-10-13,15.306035995483398,27.09000015258789,27.329999923706055,27.079999923706055,27.149999618530273,429600
2006-10-16,15.37948226928711,27.219999313354492,27.280000686645508,27.079999923706055,27.170000076293945,263200
2006-10-17,15.322981834411621,27.1200008392334,27.260000228881836,27.100000381469727,27.100000381469727,368900
2006-10-18,15.255181312561035,27.0,27.200000762939453,26.8700008392334,27.139999389648438,361200
2006-10-19,15.266472816467285,27.020000457763672,27.1200008392334,26.81999969482422,26.950000762939453,508800
2006-10-20,15.000934600830078,26.549999237060547,27.1200008392334,26.469999313354492,27.049999237060547,567000
2006-10-23,15.23258113861084,26.959999084472656,27.010000228881836,26.440000534057617,26.5,548000
2006-10-24,15.147829055786133,26.809999465942383,27.06999969482422,26.670000076293945,26.84000015258789,967600
2006-10-25,15.735445976257324,27.850000381469727,28.030000686645508,26.700000762939453,26.809999465942383,1333900
2006-10-26,15.633740425109863,27.670000076293945,27.799999237060547,27.479999542236328,27.799999237060547,705600
2006-10-27,15.678936004638672,27.75,28.030000686645508,27.670000076293945,27.700000762939453,520300
2006-10-30,15.707188606262207,27.799999237060547,27.889999389648438,27.700000762939453,27.700000762939453,301400
2006-10-31,15.735445976257324,27.850000381469727,28.030000686645508,27.690000534057617,27.860000610351562,380300
2006-11-01,15.678936004638672,27.75,27.989999771118164,27.639999389648438,27.860000610351562,567400
2006-11-02,15.735445976257324,27.850000381469727,27.920000076293945,27.530000686645508,27.770000457763672,555900
2006-11-03,15.81453800201416,27.989999771118164,28.059999465942383,27.729999542236328,27.899999618530273,364000
2006-11-06,15.927539825439453,28.190000534057617,28.270000457763672,27.989999771118164,27.989999771118164,240800
2006-11-07,15.955792427062988,28.239999771118164,28.520000457763672,28.200000762939453,28.200000762939453,286400
2006-11-08,16.046188354492188,28.399999618530273,28.549999237060547,28.1200008392334,28.139999389648438,268300
2006-11-09,15.916239738464355,28.170000076293945,28.43000030517578,28.049999237060547,28.3799991607666,255300
2006-11-10,15.927539825439453,28.190000534057617,28.360000610351562,28.149999618530273,28.219999313354492,253400
2006-11-13,16.000986099243164,28.31999969482422,28.389999389648438,28.190000534057617,28.190000534057617,181700
2006-11-14,16.029239654541016,28.3700008392334,28.3700008392334,28.079999923706055,28.309999465942383,271200
2006-11-15,16.26089859008789,28.780000686645508,28.8700008392334,28.3700008392334,28.3700008392334,489100
2006-11-16,16.311750411987305,28.8700008392334,28.950000762939453,28.729999542236328,28.860000610351562,601800
2006-11-17,16.317394256591797,28.8799991607666,28.889999389648438,28.540000915527344,28.8700008392334,354300
2006-11-20,16.46429443359375,29.139999389648438,29.149999618530273,28.93000030517578,28.93000030517578,438900
2006-11-21,16.498197555541992,29.200000762939453,29.31999969482422,29.020000457763672,29.09000015258789,558100
2006-11-22,16.639453887939453,29.450000762939453,29.469999313354492,29.1299991607666,29.190000534057617,456100
2006-11-24,16.79764747619629,29.729999542236328,29.739999771118164,29.350000381469727,29.350000381469727,238100
2006-11-27,16.300445556640625,28.850000381469727,29.649999618530273,28.829999923706055,29.649999618530273,682400
2006-11-28,16.402145385742188,29.030000686645508,29.079999923706055,28.56999969482422,28.6200008392334,432600
2006-11-29,16.58294677734375,29.350000381469727,29.3799991607666,29.06999969482422,29.079999923706055,487900
2006-11-30,16.549047470092773,29.290000915527344,29.440000534057617,29.09000015258789,29.31999969482422,614200
2006-12-01,16.475597381591797,29.15999984741211,29.299999237060547,28.90999984741211,29.219999313354492,523200
2006-12-04,16.758098602294922,29.65999984741211,29.65999984741211,29.219999313354492,29.219999313354492,442900
2006-12-05,16.933250427246094,29.969999313354492,30.06999969482422,29.639999389648438,29.760000228881836,438800
2006-12-06,17.00670623779297,30.100000381469727,30.31999969482422,29.899999618530273,29.979999542236328,366100
2006-12-07,17.012353897094727,30.110000610351562,30.219999313354492,30.040000915527344,30.09000015258789,226200
2006-12-08,17.012353897094727,30.110000610351562,30.25,29.860000610351562,29.989999771118164,230800
2006-12-11,16.984102249145508,30.059999465942383,30.100000381469727,29.889999389648438,30.0,222400
2006-12-12,17.04625701904297,30.170000076293945,30.190000534057617,29.920000076293945,30.0,366800
2006-12-13,17.012353897094727,30.110000610351562,30.290000915527344,29.93000030517578,30.270000457763672,289800
2006-12-14,17.023649215698242,30.1299991607666,30.399999618530273,30.030000686645508,30.030000686645508,163400
2006-12-15,17.057554244995117,30.190000534057617,30.420000076293945,30.079999923706055,30.139999389648438,485000
2006-12-18,16.89934730529785,29.90999984741211,30.209999084472656,29.8700008392334,30.139999389648438,269400
2006-12-19,16.92759895324707,29.959999084472656,30.020000457763672,29.780000686645508,29.860000610351562,318000
2006-12-20,16.91065216064453,29.93000030517578,30.15999984741211,29.8799991607666,29.950000762939453,413800
2006-12-21,16.85980796813965,29.84000015258789,29.979999542236328,29.729999542236328,29.93000030517578,291400
2006-12-22,16.955854415893555,30.010000228881836,30.06999969482422,29.690000534057617,29.81999969482422,236600
2006-12-26,16.978450775146484,30.049999237060547,30.100000381469727,29.829999923706055,29.920000076293945,197800
2006-12-27,17.166786193847656,30.079999923706055,30.100000381469727,29.8799991607666,29.940000534057617,185500
2006-12-28,17.1268367767334,30.010000228881836,30.09000015258789,29.899999618530273,30.079999923706055,195900
2006-12-29,16.864303588867188,29.549999237060547,30.049999237060547,29.540000915527344,29.979999542236328,274300
2007-01-03,16.904268264770508,29.6200008392334,30.149999618530273,29.420000076293945,29.610000610351562,795600
2007-01-04,16.835777282714844,29.5,29.59000015258789,29.360000610351562,29.59000015258789,535900
2007-01-05,16.61319923400879,29.110000610351562,29.459999084472656,28.920000076293945,29.459999084472656,234000
2007-01-08,16.310718536376953,28.579999923706055,29.200000762939453,28.3700008392334,29.18000030517578,940900
2007-01-09,16.316436767578125,28.59000015258789,29.0,28.440000534057617,28.65999984741211,506100
2007-01-10,16.339271545410156,28.6299991607666,28.719999313354492,28.31999969482422,28.5,372800
2007-01-11,16.4362850189209,28.799999237060547,28.989999771118164,28.68000030517578,28.68000030517578,440000
2007-01-12,16.453399658203125,28.829999923706055,28.8700008392334,28.75,28.790000915527344,336900
2007-01-16,16.487638473510742,28.889999389648438,28.989999771118164,28.770000457763672,28.860000610351562,431500
2007-01-17,16.39063262939453,28.719999313354492,28.979999542236328,28.65999984741211,28.809999465942383,316200
2007-01-18,16.316436767578125,28.59000015258789,28.790000915527344,28.559999465942383,28.709999084472656,185200
2007-01-19,16.44198989868164,28.809999465942383,28.889999389648438,28.5,28.549999237060547,345100
2007-01-22,16.367799758911133,28.68000030517578,28.84000015258789,28.520000457763672,28.809999465942383,211100
2007-01-23,16.44198989868164,28.809999465942383,28.850000381469727,28.399999618530273,28.600000381469727,435700
2007-01-24,16.476238250732422,28.8700008392334,28.899999618530273,28.610000610351562,28.780000686645508,268600
2007-01-25,16.4362850189209,28.799999237060547,28.93000030517578,28.670000076293945,28.889999389648438,303500
2007-01-26,16.464818954467773,28.850000381469727,28.93000030517578,28.6299991607666,28.81999969482422,293100
2007-01-29,16.49335479736328,28.899999618530273,29.0,28.68000030517578,28.959999084472656,773200
2007-01-30,16.647438049316406,29.170000076293945,29.299999237060547,28.809999465942383,28.90999984741211,701600
2007-01-31,16.36208724975586,28.670000076293945,29.200000762939453,28.170000076293945,29.170000076293945,1088200
2007-02-01,16.41916847229004,28.770000457763672,29.0,28.649999618530273,28.75,990800
2007-02-02,16.293607711791992,28.549999237060547,28.979999542236328,28.399999618530273,28.860000610351562,932200
2007-02-05,16.470523834228516,28.860000610351562,28.950000762939453,28.59000015258789,28.59000015258789,521700
2007-02-06,16.533296585083008,28.969999313354492,29.0,28.799999237060547,28.899999618530273,491300
2007-02-07,16.70452308654785,29.270000457763672,29.31999969482422,28.969999313354492,28.979999542236328,740800
2007-02-08,16.738758087158203,29.329999923706055,29.440000534057617,29.049999237060547,29.299999237060547,484900
2007-02-09,16.733047485351562,29.31999969482422,29.510000228881836,29.149999618530273,29.3700008392334,416300
2007-02-12,16.424869537353516,28.780000686645508,29.110000610351562,28.450000762939453,29.110000610351562,844800
2007-02-13,16.499067306518555,28.90999984741211,28.989999771118164,28.780000686645508,28.780000686645508,604800
2007-02-14,16.624618530273438,29.1299991607666,29.280000686645508,28.8799991607666,28.979999542236328,641900
2007-02-15,16.5275821685791,28.959999084472656,29.170000076293945,28.809999465942383,29.1299991607666,942100
2007-02-16,16.675973892211914,29.219999313354492,29.239999771118164,28.940000534057617,28.979999542236328,550300
2007-02-20,16.687389373779297,29.239999771118164,29.350000381469727,29.1299991607666,29.209999084472656,482100
2007-02-21,16.57895278930664,29.049999237060547,29.190000534057617,29.0,29.1200008392334,557700
2007-02-22,16.584659576416016,29.059999465942383,29.1200008392334,28.889999389648438,29.1200008392334,428000
2007-02-23,16.430570602416992,28.790000915527344,28.989999771118164,28.639999389648438,28.989999771118164,413400
2007-02-26,16.61319923400879,29.110000610351562,29.1299991607666,28.729999542236328,28.889999389648438,492800
2007-02-27,16.185169219970703,28.360000610351562,29.010000228881836,28.329999923706055,28.739999771118164,599900
2007-02-28,16.339271545410156,28.6299991607666,28.729999542236328,28.09000015258789,28.43000030517578,693700
2007-03-01,16.082448959350586,28.18000030517578,28.399999618530273,26.020000457763672,28.31999969482422,886000
2007-03-02,16.185169219970703,28.360000610351562,28.510000228881836,27.899999618530273,28.149999618530273,730900
2007-03-05,16.09956169128418,28.209999084472656,28.540000915527344,28.049999237060547,28.170000076293945,884400
2007-03-06,16.236539840698242,28.450000762939453,28.530000686645508,28.219999313354492,28.31999969482422,885400
2007-03-07,16.088157653808594,28.190000534057617,28.389999389648438,28.15999984741211,28.3700008392334,458100
2007-03-08,16.088157653808594,28.190000534057617,28.459999084472656,28.149999618530273,28.299999237060547,465900
2007-03-09,16.19088363647461,28.3700008392334,28.3700008392334,28.1299991607666,28.299999237060547,373800
2007-03-12,16.110980987548828,28.229999542236328,28.3799991607666,27.600000381469727,28.360000610351562,1711000
2007-03-13,15.842751502990723,27.760000228881836,28.149999618530273,27.649999618530273,28.1200008392334,588200
2007-03-14,15.911233901977539,27.8799991607666,28.010000228881836,27.59000015258789,27.719999313354492,747200
2007-03-15,15.979719161987305,28.0,28.200000762939453,27.809999465942383,27.809999465942383,529200
2007-03-16,15.91694450378418,27.889999389648438,28.18000030517578,27.84000015258789,28.020000457763672,338900
2007-03-19,15.854166030883789,27.780000686645508,28.049999237060547,27.700000762939453,27.950000762939453,488000
2007-03-20,15.956892967224121,27.959999084472656,28.010000228881836,27.799999237060547,27.81999969482422,603900
2007-03-21,16.065322875976562,28.149999618530273,28.329999923706055,27.809999465942383,28.0,823400
2007-03-22,16.15663719177246,28.309999465942383,28.979999542236328,28.059999465942383,28.700000762939453,736800
2007-03-23,16.310718536376953,28.579999923706055,28.709999084472656,28.299999237060547,28.3799991607666,487800
2007-03-26,16.339271545410156,28.6299991607666,28.719999313354492,28.31999969482422,28.6299991607666,467600
2007-03-27,16.247953414916992,28.469999313354492,28.670000076293945,28.329999923706055,28.510000228881836,410600
2007-03-28,16.282569885253906,28.219999313354492,28.399999618530273,28.110000610351562,28.260000228881836,462100
2007-03-29,16.426816940307617,28.469999313354492,28.479999542236328,28.149999618530273,28.31999969482422,500000
2007-03-30,16.346038818359375,28.329999923706055,28.700000762939453,28.110000610351562,28.450000762939453,744400
2007-04-02,16.271028518676758,28.200000762939453,28.360000610351562,28.09000015258789,28.34000015258789,338100
2007-04-03,16.288341522216797,28.229999542236328,28.399999618530273,28.190000534057617,28.280000686645508,431300
2007-04-04,16.219100952148438,28.110000610351562,28.209999084472656,28.0,28.200000762939453,345900
2007-04-05,16.282569885253906,28.219999313354492,28.399999618530273,28.059999465942383,28.059999465942383,299500
2007-04-09,16.265260696411133,28.190000534057617,28.25,28.010000228881836,28.010000228881836,427500
2007-04-10,16.346038818359375,28.329999923706055,28.440000534057617,28.139999389648438,28.139999389648438,231800
2007-04-11,16.305652618408203,28.260000228881836,28.43000030517578,28.1299991607666,28.299999237060547,317600
2007-04-12,16.380661010742188,28.389999389648438,28.420000076293945,28.0,28.229999542236328,404000
2007-04-13,16.421051025390625,28.459999084472656,28.559999465942383,28.34000015258789,28.389999389648438,289700
2007-04-16,16.836477279663086,29.18000030517578,29.18000030517578,28.540000915527344,28.540000915527344,553200
2007-04-17,16.83070945739746,29.170000076293945,29.190000534057617,29.010000228881836,29.09000015258789,447100
2007-04-18,16.871097564697266,29.239999771118164,29.440000534057617,29.149999618530273,29.170000076293945,448000
2007-04-19,16.801856994628906,29.1200008392334,29.260000228881836,28.899999618530273,29.0,361900
2007-04-20,16.963411331176758,29.399999618530273,29.440000534057617,29.18000030517578,29.18000030517578,396000
2007-04-23,16.871097564697266,29.239999771118164,29.5,29.200000762939453,29.399999618530273,317800
2007-04-24,16.72685432434082,28.989999771118164,29.200000762939453,28.729999542236328,29.200000762939453,402700
2007-04-25,16.149864196777344,27.989999771118164,29.030000686645508,27.200000762939453,28.3700008392334,1344600
2007-04-26,16.03447151184082,27.790000915527344,28.15999984741211,27.610000610351562,27.969999313354492,856400
2007-04-27,16.16140365600586,28.010000228881836,28.030000686645508,27.639999389648438,27.790000915527344,862700
2007-04-30,16.13255500793457,27.959999084472656,28.059999465942383,27.809999465942383,27.979999542236328,841800
2007-05-01,16.271028518676758,28.200000762939453,28.219999313354492,27.600000381469727,27.899999618530273,751700
2007-05-02,16.351804733276367,28.34000015258789,28.540000915527344,28.059999465942383,28.15999984741211,717500
2007-05-03,16.54798126220703,28.68000030517578,28.760000228881836,28.3700008392334,28.420000076293945,544200
2007-05-04,16.651838302612305,28.860000610351562,29.010000228881836,28.65999984741211,28.68000030517578,820400
2007-05-07,16.536447525024414,28.65999984741211,29.049999237060547,28.639999389648438,28.920000076293945,576800
2007-05-08,16.501829147338867,28.600000381469727,28.81999969482422,28.489999771118164,28.610000610351562,742600
2007-05-09,16.49027442932129,28.579999923706055,28.649999618530273,28.399999618530273,28.420000076293945,581900
2007-05-10,16.496051788330078,28.59000015258789,28.739999771118164,28.420000076293945,28.450000762939453,350400
2007-05-11,16.478744506835938,28.559999465942383,28.670000076293945,28.389999389648438,28.610000610351562,351900
2007-05-14,16.571062088012695,28.719999313354492,28.790000915527344,28.559999465942383,28.56999969482422,431900
2007-05-15,16.53066635131836,28.649999618530273,28.860000610351562,28.5,28.65999984741211,485800
2007-05-16,16.536447525024414,28.65999984741211,28.75,28.559999465942383,28.68000030517578,576000
2007-05-17,16.519132614135742,28.6299991607666,28.75,28.549999237060547,28.56999969482422,445700
2007-05-18,16.513362884521484,28.6200008392334,28.719999313354492,28.489999771118164,28.670000076293945,462900
2007-05-21,16.76723861694336,29.059999465942383,29.06999969482422,28.530000686645508,28.559999465942383,373200
2007-05-22,16.807628631591797,29.1299991607666,29.270000457763672,28.860000610351562,29.049999237060547,525200
2007-05-23,16.836477279663086,29.18000030517578,29.299999237060547,29.030000686645508,29.110000610351562,445000
2007-05-24,16.744165420532227,29.020000457763672,29.290000915527344,28.950000762939453,29.1200008392334,371900
2007-05-25,16.778779983520508,29.079999923706055,29.190000534057617,28.780000686645508,29.0,510200
2007-05-29,16.84801483154297,29.200000762939453,29.229999542236328,28.979999542236328,29.059999465942383,500900
2007-05-30,16.905715942382812,29.299999237060547,29.299999237060547,28.969999313354492,29.040000915527344,433900
2007-05-31,16.963411331176758,29.399999618530273,29.399999618530273,29.209999084472656,29.299999237060547,578700
2007-06-01,16.905715942382812,29.299999237060547,29.489999771118164,29.280000686645508,29.399999618530273,475000
2007-06-04,17.00957489013672,29.479999542236328,29.479999542236328,29.1200008392334,29.170000076293945,435200
2007-06-05,16.755699157714844,29.040000915527344,29.440000534057617,28.969999313354492,29.280000686645508,567700
2007-06-06,16.72685432434082,28.989999771118164,29.15999984741211,28.809999465942383,28.940000534057617,426600
2007-06-07,16.438352584838867,28.489999771118164,28.959999084472656,28.43000030517578,28.889999389648438,500500
2007-06-08,16.634532928466797,28.829999923706055,28.850000381469727,28.459999084472656,28.520000457763672,435800
2007-06-11,16.599912643432617,28.770000457763672,28.8799991607666,28.520000457763672,28.770000457763672,447400
2007-06-12,16.50759506225586,28.610000610351562,28.829999923706055,28.540000915527344,28.690000534057617,461700
2007-06-13,16.66338539123535,28.8799991607666,28.950000762939453,28.530000686645508,28.670000076293945,414500
2007-06-14,16.76723861694336,29.059999465942383,29.100000381469727,28.860000610351562,28.959999084472656,421700
2007-06-15,16.84801483154297,29.200000762939453,29.3700008392334,29.1299991607666,29.200000762939453,411300
2007-06-18,16.842243194580078,29.190000534057617,29.350000381469727,29.059999465942383,29.270000457763672,246100
2007-06-19,16.88840675354004,29.270000457763672,29.360000610351562,29.0,29.059999465942383,265300
2007-06-20,16.72685432434082,28.989999771118164,29.34000015258789,28.969999313354492,29.270000457763672,243300
2007-06-21,16.807628631591797,29.1299991607666,29.25,28.90999984741211,29.079999923706055,231600
2007-06-22,16.588369369506836,28.75,29.09000015258789,28.68000030517578,29.09000015258789,275800
2007-06-25,16.559524536132812,28.700000762939453,28.959999084472656,28.649999618530273,28.75,249800
2007-06-26,16.444124221801758,28.5,28.850000381469727,28.399999618530273,28.81999969482422,410500
2007-06-27,16.449960708618164,28.200000762939453,28.3799991607666,28.0,28.239999771118164,361600
2007-06-28,16.52579116821289,28.329999923706055,28.420000076293945,28.09000015258789,28.200000762939453,297000
2007-06-29,16.263290405273438,27.8799991607666,28.420000076293945,27.65999984741211,28.3700008392334,746200
2007-07-02,16.449960708618164,28.200000762939453,28.270000457763672,27.979999542236328,28.020000457763672,358400
2007-07-03,16.432458877563477,28.170000076293945,28.280000686645508,27.93000030517578,28.219999313354492,191500
2007-07-05,16.44412612915039,28.190000534057617,28.270000457763672,27.8799991607666,28.15999984741211,315500
2007-07-06,16.50828742980957,28.299999237060547,28.309999465942383,28.049999237060547,28.219999313354492,322800
2007-07-09,16.280792236328125,27.90999984741211,28.280000686645508,27.760000228881836,28.280000686645508,395800
2007-07-10,16.024126052856445,27.469999313354492,27.889999389648438,27.459999084472656,27.790000915527344,262700
2007-07-11,16.04163360595703,27.5,27.510000228881836,27.229999542236328,27.510000228881836,437000
2007-07-12,16.333295822143555,28.0,28.040000915527344,27.5,27.600000381469727,457300
2007-07-13,16.350799560546875,28.030000686645508,28.1200008392334,27.829999923706055,28.030000686645508,289500
2007-07-16,16.29245948791504,27.93000030517578,27.989999771118164,27.719999313354492,27.93000030517578,453000
2007-07-17,16.216623306274414,27.799999237060547,28.15999984741211,27.790000915527344,27.889999389648438,314700
2007-07-18,15.989128112792969,27.40999984741211,27.68000030517578,27.270000457763672,27.489999771118164,588000
2007-07-19,15.983296394348145,27.399999618530273,27.68000030517578,27.31999969482422,27.510000228881836,470300
2007-07-20,15.854964256286621,27.18000030517578,27.5,26.979999542236328,27.399999618530273,714900
2007-07-23,15.854964256286621,27.18000030517578,27.530000686645508,27.18000030517578,27.239999771118164,551400
2007-07-24,15.604127883911133,26.75,27.209999084472656,26.65999984741211,27.0,467000
2007-07-25,16.333295822143555,28.0,29.0,27.110000610351562,27.149999618530273,1838800
2007-07-26,16.140792846679688,27.670000076293945,28.079999923706055,27.239999771118164,27.690000534057617,1343200
2007-07-27,15.907464027404785,27.270000457763672,28.5,26.969999313354492,27.579999923706055,897400
2007-07-30,15.930793762207031,27.309999465942383,27.639999389648438,27.1200008392334,27.309999465942383,997000
2007-07-31,16.088289260864258,27.579999923706055,28.059999465942383,27.43000030517578,27.520000457763672,807400
2007-08-01,16.449960708618164,28.200000762939453,28.25,27.450000762939453,27.549999237060547,852400
2007-08-02,16.654123306274414,28.549999237060547,28.93000030517578,28.299999237060547,28.450000762939453,1201200
2007-08-03,16.537456512451172,28.350000381469727,29.329999923706055,28.280000686645508,28.6200008392334,1448100
2007-08-06,17.062454223632812,29.25,29.450000762939453,28.09000015258789,28.389999389648438,1014000
2007-08-07,17.278295516967773,29.6200008392334,29.770000457763672,28.950000762939453,29.149999618530273,1327400
2007-08-08,17.93162727355957,30.739999771118164,31.040000915527344,29.84000015258789,29.899999618530273,2230800
2007-08-09,18.129962921142578,31.079999923706055,31.829999923706055,30.209999084472656,30.209999084472656,2381300
2007-08-10,17.06829261779785,29.260000228881836,30.239999771118164,28.6200008392334,30.200000762939453,1906500
2007-08-13,17.179126739501953,29.450000762939453,29.860000610351562,29.309999465942383,29.309999465942383,1015300
2007-08-14,16.735797882080078,28.690000534057617,29.809999465942383,28.670000076293945,29.469999313354492,930600
2007-08-15,17.00996208190918,29.15999984741211,29.770000457763672,28.549999237060547,28.549999237060547,1168000
2007-08-16,17.062454223632812,29.25,29.549999237060547,28.600000381469727,28.979999542236328,1507300
2007-08-17,17.319120407104492,29.690000534057617,30.739999771118164,29.329999923706055,30.739999771118164,1029800
2007-08-20,17.63412857055664,30.229999542236328,30.5,29.799999237060547,29.84000015258789,1184300
2007-08-21,17.814964294433594,30.540000915527344,30.799999237060547,29.56999969482422,29.979999542236328,979700
2007-08-22,17.9549617767334,30.780000686645508,31.350000381469727,30.360000610351562,30.68000030517578,686600
2007-08-23,17.686626434326172,30.31999969482422,31.0,30.200000762939453,31.0,534900
2007-08-24,17.587451934814453,30.149999618530273,30.43000030517578,29.920000076293945,30.229999542236328,562200
2007-08-27,17.645790100097656,30.25,30.399999618530273,29.81999969482422,30.139999389648438,496000
2007-08-28,17.21413230895996,29.510000228881836,30.190000534057617,29.5,30.110000610351562,467100
2007-08-29,17.243289947509766,29.559999465942383,29.600000381469727,28.639999389648438,28.770000457763672,1084300
2007-08-30,17.219953536987305,29.520000457763672,29.829999923706055,29.239999771118164,29.34000015258789,670600
2007-08-31,17.22579002380371,29.530000686645508,29.899999618530273,29.3799991607666,29.829999923706055,365400
2007-09-04,17.63412857055664,30.229999542236328,30.3700008392334,29.360000610351562,29.610000610351562,494500
2007-09-05,17.365795135498047,29.770000457763672,30.200000762939453,29.65999984741211,29.90999984741211,818300
2007-09-06,17.424123764038086,29.8700008392334,29.989999771118164,29.579999923706055,29.920000076293945,732900
2007-09-07,17.307453155517578,29.670000076293945,29.899999618530273,29.270000457763672,29.579999923706055,943000
2007-09-10,17.249128341674805,29.56999969482422,29.950000762939453,29.43000030517578,29.860000610351562,946400
2007-09-11,17.249128341674805,29.56999969482422,29.84000015258789,29.350000381469727,29.75,964700
2007-09-12,17.29578971862793,29.649999618530273,29.940000534057617,29.329999923706055,29.549999237060547,551400
2007-09-13,17.35411834716797,29.75,29.940000534057617,29.68000030517578,29.850000381469727,471500
2007-09-14,17.464956283569336,29.940000534057617,29.969999313354492,29.540000915527344,29.549999237060547,677800
2007-09-17,17.249128341674805,29.56999969482422,29.93000030517578,29.559999465942383,29.81999969482422,448600
2007-09-18,17.365795135498047,29.770000457763672,29.969999313354492,29.31999969482422,29.709999084472656,739500
2007-09-19,17.28996467590332,29.639999389648438,30.0,29.56999969482422,29.950000762939453,678700
2007-09-20,17.062454223632812,29.25,29.75,29.200000762939453,29.56999969482422,639600
2007-09-21,17.126625061035156,29.360000610351562,29.549999237060547,29.170000076293945,29.299999237060547,766400
2007-09-24,17.138288497924805,29.3799991607666,29.59000015258789,29.25,29.260000228881836,429700
2007-09-25,17.015790939331055,29.170000076293945,29.469999313354492,29.1200008392334,29.260000228881836,502300
2007-09-26,17.23984146118164,29.239999771118164,29.299999237060547,28.799999237060547,29.020000457763672,347400
2007-09-27,17.469776153564453,29.6299991607666,29.6299991607666,29.190000534057617,29.280000686645508,409000
2007-09-28,17.08064842224121,28.969999313354492,29.489999771118164,28.90999984741211,29.440000534057617,439300
2007-10-01,16.950931549072266,28.75,29.049999237060547,28.420000076293945,29.0,674200
2007-10-02,17.074743270874023,28.959999084472656,29.110000610351562,28.530000686645508,28.75,672800
2007-10-03,17.098331451416016,29.0,29.190000534057617,28.75,28.770000457763672,426900
2007-10-04,17.169084548950195,29.1200008392334,29.459999084472656,28.950000762939453,29.110000610351562,584000
2007-10-05,17.222156524658203,29.209999084472656,29.34000015258789,29.06999969482422,29.209999084472656,592800
2007-10-08,17.039382934570312,28.899999618530273,29.299999237060547,28.850000381469727,29.100000381469727,570400
2007-10-09,17.033475875854492,28.889999389648438,29.0,28.600000381469727,29.0,656100
2007-10-10,17.015792846679688,28.860000610351562,29.020000457763672,28.780000686645508,28.889999389648438,651100
2007-10-11,17.015792846679688,28.860000610351562,28.989999771118164,28.6299991607666,28.8799991607666,749200
2007-10-12,17.1867733001709,29.149999618530273,29.299999237060547,28.850000381469727,28.940000534057617,386100
2007-10-15,17.039382934570312,28.899999618530273,29.149999618530273,28.8700008392334,29.100000381469727,553700
2007-10-16,16.891971588134766,28.649999618530273,29.059999465942383,28.579999923706055,28.829999923706055,411100
2007-10-17,16.791736602783203,28.479999542236328,28.850000381469727,28.1200008392334,28.700000762939453,653200
2007-10-18,16.473365783691406,27.940000534057617,28.540000915527344,27.860000610351562,28.31999969482422,421900
2007-10-19,16.18446159362793,27.450000762939453,28.1200008392334,27.389999389648438,27.940000534057617,601300
2007-10-22,16.272891998291016,27.600000381469727,27.850000381469727,27.100000381469727,27.1299991607666,1069900
2007-10-23,15.9368314743042,27.030000686645508,27.610000610351562,26.739999771118164,27.610000610351562,783100
2007-10-24,15.311850547790527,25.969999313354492,26.1200008392334,24.639999389648438,25.780000686645508,2550100
2007-10-25,15.105484008789062,25.6200008392334,26.280000686645508,25.5,26.010000228881836,1301500
2007-10-26,15.588964462280273,26.440000534057617,26.709999084472656,25.700000762939453,25.81999969482422,1108100
2007-10-29,15.447463989257812,26.200000762939453,26.469999313354492,26.06999969482422,26.469999313354492,752700
2007-10-30,15.724571228027344,26.670000076293945,26.850000381469727,26.170000076293945,26.190000534057617,631900
2007-10-31,15.689199447631836,26.610000610351562,26.940000534057617,26.299999237060547,26.739999771118164,873900
2007-11-01,15.7009859085083,26.6299991607666,27.110000610351562,26.079999923706055,26.360000610351562,985500
2007-11-02,15.583065032958984,26.43000030517578,26.65999984741211,26.100000381469727,26.639999389648438,829500
2007-11-05,15.482834815979004,26.260000228881836,26.549999237060547,26.020000457763672,26.040000915527344,668700
2007-11-06,15.724571228027344,26.670000076293945,26.760000228881836,26.190000534057617,26.31999969482422,813900
2007-11-07,15.417977333068848,26.149999618530273,26.610000610351562,26.1200008392334,26.229999542236328,773900
2007-11-08,14.568963050842285,24.709999084472656,26.18000030517578,24.520000457763672,26.18000030517578,3007300
2007-11-09,15.317743301391602,25.979999542236328,26.489999771118164,24.3700008392334,24.3700008392334,1116000
2007-11-12,15.689199447631836,26.610000610351562,26.93000030517578,25.940000534057617,26.010000228881836,818000
2007-11-13,15.954516410827637,27.059999465942383,27.15999984741211,26.56999969482422,26.850000381469727,673700
2007-11-14,15.754050254821777,26.719999313354492,27.239999771118164,26.670000076293945,27.15999984741211,479700
2007-11-15,15.494635581970215,26.280000686645508,26.790000915527344,26.170000076293945,26.639999389648438,509400
2007-11-16,15.606650352478027,26.469999313354492,26.540000915527344,26.030000686645508,26.309999465942383,658900
2007-11-19,15.376712799072266,26.079999923706055,26.420000076293945,25.860000610351562,26.219999313354492,576300
2007-11-20,15.412087440490723,26.139999389648438,26.489999771118164,25.540000915527344,25.979999542236328,700100
2007-11-21,15.317743301391602,25.979999542236328,26.420000076293945,25.719999313354492,26.030000686645508,502300
2007-11-23,15.45925521850586,26.219999313354492,26.31999969482422,25.889999389648438,26.040000915527344,273400
2007-11-26,15.058326721191406,25.540000915527344,26.200000762939453,25.510000228881836,26.15999984741211,362000
2007-11-27,15.300063133239746,25.950000762939453,26.040000915527344,25.530000686645508,25.610000610351562,688600
2007-11-28,15.347223281860352,26.030000686645508,26.3700008392334,25.8799991607666,25.950000762939453,679900
2007-11-29,15.341330528259277,26.020000457763672,26.110000610351562,25.75,25.8700008392334,578900
2007-11-30,15.494635581970215,26.280000686645508,26.540000915527344,25.959999084472656,26.219999313354492,701200
2007-12-03,15.54179859161377,26.360000610351562,26.559999465942383,26.020000457763672,26.110000610351562,478200
2007-12-04,15.594862937927246,26.450000762939453,26.809999465942383,26.06999969482422,26.149999618530273,456000
2007-12-05,15.718679428100586,26.65999984741211,26.760000228881836,26.270000457763672,26.729999542236328,440500
2007-12-06,15.824808120727539,26.84000015258789,26.850000381469727,26.559999465942383,26.719999313354492,376800
2007-12-07,15.79532241821289,26.790000915527344,26.959999084472656,26.59000015258789,26.8700008392334,343700
2007-12-10,15.736370086669922,26.690000534057617,27.0,26.559999465942383,26.860000610351562,464400
2007-12-11,15.21751880645752,25.809999465942383,26.760000228881836,25.809999465942383,26.670000076293945,485200
2007-12-12,15.211621284484863,25.799999237060547,26.520000457763672,25.5,26.350000381469727,588500
2007-12-13,15.258788108825684,25.8799991607666,25.940000534057617,25.510000228881836,25.6299991607666,375500
2007-12-14,15.258788108825684,25.8799991607666,26.260000228881836,25.600000381469727,25.729999542236328,444100
2007-12-17,14.910929679870605,25.290000915527344,25.81999969482422,25.290000915527344,25.719999313354492,484700
2007-12-18,15.04653263092041,25.520000457763672,25.610000610351562,25.15999984741211,25.56999969482422,484300
2007-12-19,14.910929679870605,25.290000915527344,25.700000762939453,25.229999542236328,25.420000076293945,359000
2007-12-20,14.763532638549805,25.040000915527344,25.450000762939453,24.81999969482422,25.43000030517578,528500
2007-12-21,14.958099365234375,25.3700008392334,25.530000686645508,24.809999465942383,25.530000686645508,1044100
2007-12-24,15.2293119430542,25.829999923706055,25.8799991607666,25.190000534057617,25.190000534057617,177200
2007-12-26,15.011151313781738,25.459999084472656,25.959999084472656,25.329999923706055,25.75,489100
2007-12-27,14.605290412902832,24.469999313354492,25.309999465942383,24.450000762939453,25.280000686645508,524300
2007-12-28,14.479948997497559,24.260000228881836,24.690000534057617,24.229999542236328,24.360000610351562,402400
2007-12-31,14.438167572021484,24.190000534057617,24.3799991607666,24.010000228881836,24.18000030517578,449600
2008-01-02,14.157638549804688,23.719999313354492,24.229999542236328,23.700000762939453,24.139999389648438,443800
2008-01-03,13.966647148132324,23.399999618530273,23.829999923706055,23.31999969482422,23.799999237060547,602700
2008-01-04,13.87114429473877,23.239999771118164,23.469999313354492,23.079999923706055,23.1299991607666,806800
2008-01-07,14.008423805236816,23.469999313354492,23.780000686645508,23.18000030517578,23.299999237060547,624000
2008-01-08,13.99648666381836,23.450000762939453,24.950000762939453,23.440000534057617,24.170000076293945,1446700
2008-01-09,14.181514739990234,23.760000228881836,23.84000015258789,23.079999923706055,23.31999969482422,726400
2008-01-10,14.306862831115723,23.969999313354492,24.15999984741211,23.3799991607666,23.540000915527344,612400
2008-01-11,14.115863800048828,23.649999618530273,23.75,23.170000076293945,23.729999542236328,1567800
2008-01-14,14.199423789978027,23.790000915527344,23.93000030517578,23.579999923706055,23.860000610351562,535300
2008-01-15,13.87114429473877,23.239999771118164,23.649999618530273,23.219999313354492,23.559999465942383,407200
2008-01-16,14.611260414123535,24.479999542236328,24.790000915527344,22.979999542236328,23.549999237060547,1210100
2008-01-17,14.229269027709961,23.84000015258789,24.84000015258789,23.84000015258789,24.510000228881836,847000
2008-01-18,13.895013809204102,23.280000686645508,24.049999237060547,22.969999313354492,23.920000076293945,854200
2008-01-22,14.24119758605957,23.860000610351562,24.010000228881836,22.399999618530273,22.399999618530273,1069100
2008-01-23,15.22005844116211,25.5,25.700000762939453,23.280000686645508,23.280000686645508,1484900
2008-01-24,14.838067054748535,24.860000610351562,25.649999618530273,24.559999465942383,25.649999618530273,1014600
2008-01-25,14.605290412902832,24.469999313354492,24.989999771118164,24.239999771118164,24.93000030517578,1072100
2008-01-28,15.226034164428711,25.510000228881836,25.510000228881836,24.34000015258789,24.34000015258789,979000
2008-01-29,15.303618431091309,25.639999389648438,25.700000762939453,25.1200008392334,25.549999237060547,630800
2008-01-30,15.118597030639648,25.329999923706055,26.25,24.5,25.280000686645508,1018700
2008-01-31,15.154406547546387,25.389999389648438,25.59000015258789,24.829999923706055,25.010000228881836,854000
2008-02-01,15.494622230529785,25.959999084472656,25.959999084472656,25.270000457763672,25.3700008392334,657600
2008-02-04,15.226034164428711,25.510000228881836,25.979999542236328,25.469999313354492,25.979999542236328,420000
2008-02-05,14.838067054748535,24.860000610351562,25.450000762939453,24.829999923706055,25.100000381469727,485900
2008-02-06,14.611260414123535,24.479999542236328,24.940000534057617,24.3700008392334,24.940000534057617,625600
2008-02-07,14.682884216308594,24.600000381469727,24.940000534057617,24.25,24.3799991607666,477000
2008-02-08,14.778385162353516,24.760000228881836,25.139999389648438,24.479999542236328,24.59000015258789,591800
2008-02-11,14.205384254455566,23.799999237060547,24.829999923706055,23.75,24.829999923706055,753300
2008-02-12,14.127800941467285,23.670000076293945,24.100000381469727,23.5,23.8799991607666,660300
2008-02-13,14.139732360839844,23.690000534057617,24.010000228881836,23.520000457763672,23.950000762939453,488900
2008-02-14,14.020366668701172,23.489999771118164,23.799999237060547,23.309999465942383,23.799999237060547,483000
2008-02-15,14.253135681152344,23.8799991607666,23.899999618530273,23.219999313354492,23.43000030517578,449500
2008-02-19,14.109890937805176,23.639999389648438,24.260000228881836,23.510000228881836,24.040000915527344,453300
2008-02-20,14.348644256591797,24.040000915527344,24.09000015258789,23.520000457763672,23.56999969482422,450700
2008-02-21,14.175546646118164,23.75,24.1299991607666,23.639999389648438,24.1299991607666,363200
2008-02-22,14.324766159057617,24.0,24.030000686645508,23.40999984741211,23.770000457763672,475600
2008-02-25,14.503822326660156,24.299999237060547,24.5,23.510000228881836,24.110000610351562,595800
2008-02-26,14.52769947052002,24.34000015258789,24.34000015258789,23.950000762939453,24.1200008392334,494000
2008-02-27,14.605290412902832,24.469999313354492,24.920000076293945,24.139999389648438,24.239999771118164,740200
2008-02-28,14.45011043548584,24.209999084472656,24.420000076293945,24.170000076293945,24.389999389648438,871100
2008-02-29,14.086020469665527,23.600000381469727,24.1200008392334,23.56999969482422,24.010000228881836,670600
2008-03-03,14.097954750061035,23.6200008392334,23.709999084472656,23.450000762939453,23.639999389648438,564900
2008-03-04,14.181514739990234,23.760000228881836,23.920000076293945,23.399999618530273,23.420000076293945,310700
2008-03-05,14.181514739990234,23.760000228881836,23.989999771118164,23.59000015258789,23.770000457763672,481400
2008-03-06,14.109890937805176,23.639999389648438,23.889999389648438,23.540000915527344,23.6299991607666,671300
2008-03-07,14.193453788757324,23.780000686645508,23.979999542236328,23.450000762939453,23.530000686645508,528700
2008-03-10,14.324766159057617,24.0,24.040000915527344,23.610000610351562,23.739999771118164,602600
2008-03-11,14.653039932250977,24.549999237060547,24.739999771118164,23.969999313354492,24.5,881000
2008-03-12,14.503822326660156,24.299999237060547,24.899999618530273,24.260000228881836,24.600000381469727,726700
2008-03-13,14.700787544250488,24.6299991607666,24.65999984741211,24.0,24.25,663400
2008-03-14,14.312825202941895,23.979999542236328,24.690000534057617,23.829999923706055,24.690000534057617,614900
2008-03-17,14.259109497070312,23.889999389648438,24.100000381469727,23.270000457763672,23.5,880400
2008-03-18,14.647076606750488,24.540000915527344,24.579999923706055,24.020000457763672,24.239999771118164,888900
2008-03-19,14.551567077636719,24.3799991607666,24.940000534057617,24.3799991607666,24.56999969482422,645900
2008-03-20,14.796292304992676,24.790000915527344,24.889999389648438,24.309999465942383,24.459999084472656,781600
2008-03-24,14.2710542678833,23.90999984741211,24.979999542236328,23.81999969482422,24.8799991607666,1412200
2008-03-25,14.802251815795898,24.799999237060547,24.81999969482422,23.8700008392334,23.8700008392334,915700
2008-03-26,14.485918045043945,24.270000457763672,24.709999084472656,24.229999542236328,24.65999984741211,1076400
2008-03-27,14.2802734375,23.610000610351562,24.489999771118164,23.56999969482422,24.219999313354492,882400
2008-03-28,14.201641082763672,23.479999542236328,23.81999969482422,23.399999618530273,23.579999923706055,404100
2008-03-31,14.286320686340332,23.6200008392334,23.690000534057617,23.40999984741211,23.559999465942383,874300
2008-04-01,14.897207260131836,24.6299991607666,24.6299991607666,23.760000228881836,23.760000228881836,557800
2008-04-02,15.121004104614258,25.0,25.0,24.559999465942383,24.770000457763672,616300
2008-04-03,15.121004104614258,25.0,25.0,24.719999313354492,24.850000381469727,495700
2008-04-04,15.060517311096191,24.899999618530273,25.09000015258789,24.719999313354492,24.950000762939453,497500
2008-04-07,15.181486129760742,25.100000381469727,25.15999984741211,24.81999969482422,25.100000381469727,355200
2008-04-08,15.030275344848633,24.850000381469727,25.079999923706055,24.780000686645508,24.969999313354492,569500
2008-04-09,14.969797134399414,24.75,25.0,24.690000534057617,24.809999465942383,330400
2008-04-10,15.018179893493652,24.829999923706055,24.989999771118164,24.5,24.700000762939453,272800
2008-04-11,14.86697006225586,24.579999923706055,25.0,24.559999465942383,24.6200008392334,347500
2008-04-14,14.328660011291504,23.690000534057617,24.6200008392334,23.469999313354492,24.5,1559900
2008-04-15,14.74599552154541,24.3799991607666,24.389999389648438,23.780000686645508,23.780000686645508,608400
2008-04-16,14.606889724731445,24.149999618530273,24.719999313354492,23.899999618530273,24.719999313354492,894300
2008-04-17,14.516159057617188,24.0,24.299999237060547,23.899999618530273,24.110000610351562,1087600
2008-04-18,14.72785472869873,24.350000381469727,24.459999084472656,24.079999923706055,24.299999237060547,517500
2008-04-21,14.528258323669434,24.020000457763672,24.309999465942383,23.56999969482422,24.049999237060547,404900
2008-04-22,14.50405502319336,23.979999542236328,24.209999084472656,23.84000015258789,23.989999771118164,316600
2008-04-23,14.558492660522461,24.06999969482422,24.190000534057617,23.889999389648438,24.030000686645508,399200
2008-04-24,14.715754508972168,24.329999923706055,24.450000762939453,23.950000762939453,24.049999237060547,462200
2008-04-25,14.836723327636719,24.530000686645508,24.6200008392334,23.75,23.760000228881836,916500
2008-04-28,14.92140007019043,24.670000076293945,24.75,24.40999984741211,24.6200008392334,460800
2008-04-29,15.054469108581543,24.889999389648438,24.920000076293945,24.479999542236328,24.670000076293945,511900
2008-04-30,14.860920906066895,24.56999969482422,24.959999084472656,24.549999237060547,24.950000762939453,498200
2008-05-01,15.381078720092773,25.43000030517578,25.43000030517578,24.579999923706055,24.579999923706055,434400
2008-05-02,15.38713264465332,25.440000534057617,25.559999465942383,25.110000610351562,25.559999465942383,517700
2008-05-05,15.320603370666504,25.329999923706055,25.530000686645508,25.1200008392334,25.420000076293945,451200
2008-05-06,15.42946720123291,25.510000228881836,25.649999618530273,25.15999984741211,25.18000030517578,397700
2008-05-07,15.121004104614258,25.0,25.799999237060547,25.0,25.600000381469727,507100
2008-05-08,15.272208213806152,25.25,25.420000076293945,24.889999389648438,24.969999313354492,464300
2008-05-09,15.44761848449707,25.540000915527344,25.690000534057617,25.049999237060547,25.100000381469727,412100
2008-05-12,15.864948272705078,26.229999542236328,26.270000457763672,25.600000381469727,25.600000381469727,483900
2008-05-13,15.780271530151367,26.09000015258789,26.25,25.989999771118164,26.190000534057617,441300
2008-05-14,16.03430938720703,26.510000228881836,26.59000015258789,26.1200008392334,26.1200008392334,390400
2008-05-15,15.949634552001953,26.3700008392334,26.59000015258789,26.020000457763672,26.59000015258789,555900
2008-05-16,15.798422813415527,26.1200008392334,26.5,26.040000915527344,26.5,342100
2008-05-19,15.889150619506836,26.270000457763672,26.40999984741211,25.950000762939453,26.15999984741211,443100
2008-05-20,15.731891632080078,26.010000228881836,26.239999771118164,25.899999618530273,26.149999618530273,468400
2008-05-21,15.114946365356445,24.989999771118164,25.420000076293945,24.829999923706055,25.299999237060547,1096600
2008-05-22,15.272208213806152,25.25,25.3799991607666,25.0,25.020000457763672,466900
2008-05-23,15.108909606933594,24.979999542236328,25.110000610351562,24.920000076293945,25.100000381469727,550000
2008-05-27,15.241969108581543,25.200000762939453,25.290000915527344,25.010000228881836,25.06999969482422,455900
2008-05-28,15.133095741271973,25.020000457763672,25.389999389648438,24.989999771118164,25.219999313354492,384900
2008-05-29,15.326641082763672,25.34000015258789,25.40999984741211,25.020000457763672,25.059999465942383,383700
2008-05-30,15.44156265258789,25.530000686645508,25.559999465942383,25.209999084472656,25.399999618530273,514800
2008-06-02,15.272208213806152,25.25,25.530000686645508,25.010000228881836,25.530000686645508,472700
2008-06-03,15.248014450073242,25.209999084472656,25.420000076293945,25.0,25.299999237060547,420300
2008-06-04,15.20567512512207,25.139999389648438,25.260000228881836,24.90999984741211,25.079999923706055,373000
2008-06-05,15.483901023864746,25.600000381469727,25.600000381469727,25.200000762939453,25.200000762939453,287500
2008-06-06,15.121004104614258,25.0,25.440000534057617,24.989999771118164,25.399999618530273,435700
2008-06-09,15.393177032470703,25.450000762939453,25.90999984741211,25.209999084472656,25.239999771118164,660200
2008-06-10,15.58067512512207,25.760000228881836,25.90999984741211,25.170000076293945,25.329999923706055,531600
2008-06-11,15.568585395812988,25.739999771118164,26.170000076293945,25.610000610351562,25.700000762939453,797600
2008-06-12,15.737932205200195,26.020000457763672,26.270000457763672,25.770000457763672,25.809999465942383,406200
2008-06-13,15.852856636047363,26.209999084472656,26.239999771118164,25.799999237060547,26.239999771118164,308000
2008-06-16,15.762125968933105,26.059999465942383,26.18000030517578,25.850000381469727,26.06999969482422,310700
2008-06-17,15.647212982177734,25.8700008392334,26.270000457763672,25.760000228881836,26.149999618530273,405100
2008-06-18,15.598814010620117,25.790000915527344,26.0,25.559999465942383,25.700000762939453,385300
2008-06-19,15.725841522216797,26.0,26.020000457763672,25.540000915527344,25.760000228881836,374700
2008-06-20,15.211724281311035,25.149999618530273,25.899999618530273,25.139999389648438,25.899999618530273,793100
2008-06-23,15.356892585754395,25.389999389648438,25.940000534057617,25.110000610351562,25.31999969482422,631400
2008-06-24,15.229870796203613,25.18000030517578,25.450000762939453,25.010000228881836,25.450000762939453,496000
2008-06-25,15.235918998718262,25.190000534057617,25.729999542236328,25.09000015258789,25.209999084472656,499600
2008-06-26,15.156279563903809,24.739999771118164,24.989999771118164,24.5,24.889999389648438,758900
2008-06-27,15.058255195617676,24.579999923706055,24.989999771118164,24.469999313354492,24.670000076293945,810300
2008-06-30,14.76419448852539,24.100000381469727,24.579999923706055,23.989999771118164,24.579999923706055,660000
2008-07-01,14.935735702514648,24.3799991607666,24.459999084472656,23.860000610351562,23.899999618530273,691300
2008-07-02,14.9663667678833,24.43000030517578,24.68000030517578,24.229999542236328,24.34000015258789,581600
2008-07-03,14.947983741760254,24.399999618530273,24.649999618530273,24.200000762939453,24.540000915527344,232200
2008-07-07,14.954115867614746,24.40999984741211,24.690000534057617,23.979999542236328,24.479999542236328,472100
2008-07-08,15.732135772705078,25.68000030517578,25.68000030517578,24.309999465942383,24.540000915527344,674100
2008-07-09,15.732135772705078,25.68000030517578,26.18000030517578,25.59000015258789,25.690000534057617,751500
2008-07-10,15.548357963562012,25.3799991607666,26.0,25.25,25.56999969482422,638500
2008-07-11,15.48096752166748,25.270000457763672,25.739999771118164,24.969999313354492,25.09000015258789,774200
2008-07-14,15.064384460449219,24.59000015258789,25.479999542236328,24.59000015258789,25.34000015258789,1181600
2008-07-15,14.849968910217285,24.239999771118164,24.81999969482422,24.1200008392334,24.399999618530273,1074000
2008-07-16,15.554487228393555,25.389999389648438,25.450000762939453,24.079999923706055,24.40999984741211,1026100
2008-07-17,15.64637565612793,25.540000915527344,25.739999771118164,24.8700008392334,25.5,1122600
2008-07-18,15.603498458862305,25.469999313354492,25.649999618530273,24.860000610351562,25.649999618530273,921900
2008-07-21,15.272682189941406,24.93000030517578,25.600000381469727,24.889999389648438,25.600000381469727,685200
2008-07-22,15.87304401397705,25.90999984741211,25.93000030517578,24.75,24.8799991607666,561000
2008-07-23,15.940433502197266,26.020000457763672,26.059999465942383,25.5,25.8799991607666,870100
2008-07-24,15.5115966796875,25.31999969482422,26.079999923706055,25.31999969482422,25.979999542236328,666800
2008-07-25,15.419710159301758,25.170000076293945,25.790000915527344,25.040000915527344,25.549999237060547,643100
2008-07-28,15.162406921386719,24.75,25.229999542236328,24.700000762939453,25.229999542236328,677500
2008-07-29,15.523850440979004,25.34000015258789,25.479999542236328,24.700000762939453,24.760000228881836,950000
2008-07-30,15.407458305358887,25.149999618530273,25.850000381469727,24.399999618530273,24.399999618530273,1066100
2008-07-31,15.57898998260498,25.43000030517578,25.639999389648438,24.899999618530273,24.90999984741211,876100
2008-08-01,15.358447074890137,25.06999969482422,25.389999389648438,24.90999984741211,25.389999389648438,746600
2008-08-04,15.333935737609863,25.030000686645508,25.200000762939453,24.5,24.850000381469727,541500
2008-08-05,15.762773513793945,25.729999542236328,25.729999542236328,25.079999923706055,25.110000610351562,587600
2008-08-06,15.738265991210938,25.690000534057617,25.979999542236328,25.350000381469727,25.649999618530273,531200
2008-08-07,15.505477905273438,25.309999465942383,25.920000076293945,24.93000030517578,25.489999771118164,516000
2008-08-08,15.84241771697998,25.860000610351562,25.899999618530273,25.229999542236328,25.239999771118164,410900
2008-08-11,16.124223709106445,26.31999969482422,26.6299991607666,25.56999969482422,25.8700008392334,524800
2008-08-12,15.952690124511719,26.040000915527344,26.510000228881836,26.040000915527344,26.299999237060547,675800
2008-08-13,15.738265991210938,25.690000534057617,25.950000762939453,25.440000534057617,25.850000381469727,412700
2008-08-14,16.0384578704834,26.18000030517578,26.290000915527344,25.540000915527344,25.559999465942383,383100
2008-08-15,16.00170135498047,26.1200008392334,26.43000030517578,25.899999618530273,26.260000228881836,402100
2008-08-18,15.84241771697998,25.860000610351562,26.31999969482422,25.760000228881836,26.1200008392334,457300
2008-08-19,15.83629035949707,25.850000381469727,26.020000457763672,25.510000228881836,25.739999771118164,487800
2008-08-20,15.903675079345703,25.959999084472656,26.010000228881836,25.579999923706055,25.809999465942383,458500
2008-08-21,15.915935516357422,25.979999542236328,26.149999618530273,25.549999237060547,25.799999237060547,354400
2008-08-22,16.020076751708984,26.149999618530273,26.190000534057617,25.780000686645508,26.020000457763672,540000
2008-08-25,15.68312931060791,25.600000381469727,26.1299991607666,25.549999237060547,26.100000381469727,526700
2008-08-26,15.87304401397705,25.90999984741211,25.90999984741211,25.25,25.56999969482422,509400
2008-08-27,16.06296157836914,26.219999313354492,26.219999313354492,25.899999618530273,25.90999984741211,384900
2008-08-28,16.25899887084961,26.540000915527344,26.540000915527344,26.200000762939453,26.309999465942383,470200
2008-08-29,16.22224235534668,26.479999542236328,26.770000457763672,26.239999771118164,26.5,398800
2008-09-02,16.479549407958984,26.899999618530273,26.989999771118164,26.59000015258789,26.809999465942383,432500
2008-09-03,16.700088500976562,27.260000228881836,27.270000457763672,26.549999237060547,26.899999618530273,542100
2008-09-04,16.387649536132812,26.75,27.1299991607666,26.700000762939453,27.100000381469727,470600
2008-09-05,16.448911666870117,26.850000381469727,26.940000534057617,26.31999969482422,26.520000457763672,649700
2008-09-08,16.681703567504883,27.229999542236328,27.6200008392334,26.65999984741211,27.399999618530273,698100
2008-09-09,16.160978317260742,26.3799991607666,27.309999465942383,26.3799991607666,27.139999389648438,908200
2008-09-10,16.38152313232422,26.739999771118164,26.940000534057617,26.25,26.420000076293945,455600
2008-09-11,16.430532455444336,26.81999969482422,26.950000762939453,26.40999984741211,26.420000076293945,545700
2008-09-12,16.577558517456055,27.059999465942383,27.399999618530273,26.469999313354492,26.59000015258789,774600
2008-09-15,16.308008193969727,26.6200008392334,27.5,25.540000915527344,26.059999465942383,980700
2008-09-16,16.785852432250977,27.399999618530273,27.43000030517578,25.8799991607666,26.270000457763672,894800
2008-09-17,16.40603256225586,26.780000686645508,27.489999771118164,26.780000686645508,27.149999618530273,915500
2008-09-18,17.33721923828125,28.299999237060547,28.389999389648438,25.959999084472656,26.84000015258789,2511100
2008-09-19,17.48424530029297,28.540000915527344,30.0,27.600000381469727,29.209999084472656,1404300
2008-09-22,17.00027084350586,27.75,28.5,27.709999084472656,28.25,365900
2008-09-23,16.761348724365234,27.360000610351562,27.75,27.190000534057617,27.649999618530273,465600
2008-09-24,16.510173797607422,26.950000762939453,27.549999237060547,26.760000228881836,27.25,443600
2008-09-25,16.76748275756836,27.3700008392334,27.43000030517578,26.860000610351562,27.110000610351562,552400
2008-09-26,16.724077224731445,26.979999542236328,27.209999084472656,26.68000030517578,27.010000228881836,544900
2008-09-29,15.843865394592285,25.559999465942383,27.049999237060547,25.3700008392334,26.6299991607666,751300
2008-09-30,15.905855178833008,25.65999984741211,26.229999542236328,25.280000686645508,26.0,1290200
2008-10-01,15.608323097229004,25.18000030517578,25.68000030517578,24.829999923706055,25.59000015258789,1444100
2008-10-02,15.60212516784668,25.170000076293945,25.610000610351562,24.809999465942383,25.100000381469727,1534000
2008-10-03,15.63931941986084,25.229999542236328,25.8700008392334,24.809999465942383,25.43000030517578,1423700
2008-10-06,15.416156768798828,24.8700008392334,26.3799991607666,24.549999237060547,24.790000915527344,1927600
2008-10-07,15.329377174377441,24.729999542236328,26.020000457763672,24.729999542236328,24.959999084472656,2236500
2008-10-08,15.341778755187988,24.75,24.979999542236328,23.709999084472656,23.860000610351562,1342600
2008-10-09,14.752894401550293,23.799999237060547,25.399999618530273,23.739999771118164,25.020000457763672,1910200
2008-10-10,17.170391082763672,27.700000762939453,27.700000762939453,21.6299991607666,23.469999313354492,2361200
2008-10-13,15.695098876953125,25.31999969482422,28.209999084472656,23.649999618530273,27.209999084472656,2095200
2008-10-14,15.496744155883789,25.0,26.5,24.280000686645508,25.559999465942383,1631400
2008-10-15,15.217803001403809,24.549999237060547,25.020000457763672,24.399999618530273,24.770000457763672,1493600
2008-10-16,14.957454681396484,24.1299991607666,24.729999542236328,22.93000030517578,24.719999313354492,1192300
2008-10-17,14.821085929870605,23.90999984741211,24.610000610351562,23.309999465942383,23.889999389648438,895100
2008-10-20,14.957454681396484,24.1299991607666,24.729999542236328,23.770000457763672,23.889999389648438,1449600
2008-10-21,15.025644302368164,24.239999771118164,24.6200008392334,23.90999984741211,23.989999771118164,2111800
2008-10-22,14.715703964233398,23.739999771118164,24.299999237060547,23.469999313354492,24.0,1889800
2008-10-23,14.257002830505371,23.0,24.1200008392334,22.489999771118164,23.8799991607666,1196100
2008-10-24,13.984259605407715,22.559999465942383,22.8799991607666,21.3799991607666,22.299999237060547,1135800
2008-10-27,13.699125289916992,22.100000381469727,22.84000015258789,21.709999084472656,22.31999969482422,658600
2008-10-28,14.653717041015625,23.639999389648438,23.799999237060547,22.030000686645508,22.579999923706055,797000
2008-10-29,14.554537773132324,23.479999542236328,24.309999465942383,23.079999923706055,23.690000534057617,1942700
2008-10-30,14.845880508422852,23.950000762939453,24.170000076293945,23.600000381469727,23.670000076293945,860200
2008-10-31,15.100024223327637,24.360000610351562,24.690000534057617,23.729999542236328,23.809999465942383,1593600
2008-11-03,15.279784202575684,24.649999618530273,25.600000381469727,24.3799991607666,25.600000381469727,1188100
2008-11-04,15.812874794006348,25.510000228881836,25.510000228881836,24.18000030517578,24.690000534057617,961200
2008-11-05,14.920254707336426,24.06999969482422,25.34000015258789,24.010000228881836,25.34000015258789,816700
2008-11-06,14.405770301818848,23.239999771118164,23.989999771118164,23.239999771118164,23.950000762939453,825100
2008-11-07,14.647518157958984,23.6299991607666,23.6299991607666,22.809999465942383,23.280000686645508,867900
2008-11-10,14.374777793884277,23.190000534057617,24.049999237060547,23.079999923706055,23.899999618530273,454700
2008-11-11,14.287996292114258,23.049999237060547,23.309999465942383,22.68000030517578,23.040000915527344,817700
2008-11-12,14.362382888793945,23.170000076293945,23.790000915527344,22.950000762939453,23.020000457763672,907000
2008-11-13,15.205401420593262,24.530000686645508,24.530000686645508,22.450000762939453,23.290000915527344,912400
2008-11-14,14.814885139465332,23.899999618530273,25.010000228881836,23.350000381469727,23.360000610351562,935100
2008-11-17,14.957454681396484,24.1299991607666,24.649999618530273,23.790000915527344,23.809999465942383,1056900
2008-11-18,15.025644302368164,24.239999771118164,25.079999923706055,23.84000015258789,24.030000686645508,1494000
2008-11-19,14.597932815551758,23.549999237060547,25.0,23.549999237060547,24.219999313354492,997200
2008-11-20,13.792098999023438,22.25,24.0,22.200000762939453,23.399999618530273,1202300
2008-11-21,14.052446365356445,22.670000076293945,22.989999771118164,21.3799991607666,22.59000015258789,1134300
2008-11-24,14.672321319580078,23.670000076293945,23.950000762939453,22.360000610351562,23.040000915527344,807000
2008-11-25,15.031848907470703,24.25,24.31999969482422,23.489999771118164,24.030000686645508,975400
2008-11-26,15.354162216186523,24.770000457763672,24.770000457763672,23.639999389648438,23.969999313354492,641500
2008-11-28,15.372766494750977,24.799999237060547,24.799999237060547,24.389999389648438,24.600000381469727,298100
2008-12-01,14.442968368530273,23.299999237060547,24.860000610351562,23.06999969482422,24.15999984741211,1019700
2008-12-02,14.746705055236816,23.790000915527344,24.09000015258789,23.059999465942383,23.479999542236328,1012300
2008-12-03,15.16201114654541,24.459999084472656,24.59000015258789,23.1299991607666,23.5,684700
2008-12-04,14.821085929870605,23.90999984741211,24.6299991607666,23.6200008392334,24.139999389648438,692800
2008-12-05,15.298379898071289,24.68000030517578,24.68000030517578,23.479999542236328,23.729999542236328,1008800
2008-12-08,15.329377174377441,24.729999542236328,25.020000457763672,24.31999969482422,25.020000457763672,785300
2008-12-09,14.69710636138916,23.709999084472656,24.729999542236328,23.6200008392334,24.530000686645508,954900
2008-12-10,14.796294212341309,23.8700008392334,23.959999084472656,23.299999237060547,23.790000915527344,929700
2008-12-11,14.287996292114258,23.049999237060547,24.049999237060547,22.899999618530273,23.540000915527344,915500
2008-12-12,14.48635482788086,23.3700008392334,23.81999969482422,22.649999618530273,22.790000915527344,1271400
2008-12-15,14.566935539245605,23.5,23.670000076293945,22.90999984741211,23.420000076293945,805800
2008-12-16,15.081424713134766,24.329999923706055,24.389999389648438,23.5,23.729999542236328,1138400
2008-12-17,15.2116060256958,24.540000915527344,24.850000381469727,23.959999084472656,24.43000030517578,797100
2008-12-18,15.28598690032959,24.65999984741211,25.610000610351562,24.389999389648438,24.639999389648438,837800
2008-12-19,15.515335083007812,25.030000686645508,25.09000015258789,24.299999237060547,24.790000915527344,1096800
2008-12-22,15.298379898071289,24.68000030517578,25.200000762939453,24.350000381469727,24.959999084472656,755300
2008-12-23,15.316983222961426,24.709999084472656,25.0,24.5,24.799999237060547,633700
2008-12-24,15.391366958618164,24.829999923706055,24.84000015258789,24.270000457763672,24.549999237060547,382300
2008-12-26,15.645506858825684,25.239999771118164,25.270000457763672,24.639999389648438,24.780000686645508,461600
2008-12-29,15.551337242126465,24.770000457763672,25.170000076293945,24.510000228881836,25.170000076293945,727700
2008-12-30,15.946874618530273,25.399999618530273,25.469999313354492,24.75,24.75,636700
2008-12-31,16.26706314086914,25.90999984741211,26.0,25.299999237060547,25.43000030517578,703700
2009-01-02,16.185441970825195,25.780000686645508,26.0,25.469999313354492,25.969999313354492,490400
2009-01-05,16.084993362426758,25.6200008392334,25.8700008392334,25.299999237060547,25.6200008392334,690100
2009-01-06,16.166614532470703,25.75,25.969999313354492,25.149999618530273,25.709999084472656,703200
2009-01-07,16.034759521484375,25.540000915527344,26.020000457763672,25.450000762939453,25.510000228881836,842500
2009-01-08,16.197994232177734,25.799999237060547,25.90999984741211,25.190000534057617,25.190000534057617,830200
2009-01-09,15.890358924865723,25.309999465942383,25.799999237060547,25.25,25.65999984741211,506000
2009-01-12,15.287643432617188,24.350000381469727,25.079999923706055,23.729999542236328,24.530000686645508,1042300
2009-01-13,15.50738525390625,24.700000762939453,24.93000030517578,24.219999313354492,24.510000228881836,736000
2009-01-14,14.84816837310791,23.649999618530273,24.520000457763672,23.649999618530273,24.360000610351562,900000
2009-01-15,15.017683982849121,23.920000076293945,24.360000610351562,23.290000915527344,23.719999313354492,963800
2009-01-16,15.287643432617188,24.350000381469727,24.59000015258789,24.040000915527344,24.139999389648438,876600
2009-01-20,15.249978065490723,24.290000915527344,25.270000457763672,23.100000381469727,23.979999542236328,1274200
2009-01-21,15.444607734680176,24.600000381469727,24.709999084472656,23.559999465942383,24.709999084472656,1152800
2009-01-22,15.06790542602539,24.0,24.6200008392334,23.649999618530273,23.649999618530273,988400
2009-01-23,14.973730087280273,23.850000381469727,24.09000015258789,23.020000457763672,23.59000015258789,954400
2009-01-26,14.829337120056152,23.6200008392334,24.139999389648438,23.399999618530273,23.940000534057617,837500
2009-01-27,14.892110824584961,23.719999313354492,24.190000534057617,23.3799991607666,23.700000762939453,764100
2009-01-28,15.30648136138916,24.3799991607666,24.459999084472656,23.739999771118164,24.229999542236328,1047200
2009-01-29,14.96745491027832,23.84000015258789,24.3799991607666,23.770000457763672,24.170000076293945,778700
2009-01-30,14.797942161560059,23.56999969482422,24.309999465942383,23.5,24.020000457763672,1040800
2009-02-02,15.086743354797363,24.030000686645508,24.09000015258789,23.170000076293945,23.290000915527344,1356800
2009-02-03,14.917232513427734,23.760000228881836,24.15999984741211,23.6200008392334,24.020000457763672,1355900
2009-02-04,11.583453178405762,18.450000762939453,21.0,18.309999465942383,20.989999771118164,3851100
2009-02-05,11.759246826171875,18.729999542236328,18.850000381469727,17.780000686645508,18.610000610351562,3545000
2009-02-06,11.269540786743164,17.950000762939453,18.8700008392334,17.610000610351562,18.8700008392334,2956300
2009-02-09,11.238149642944336,17.899999618530273,18.06999969482422,17.579999923706055,18.0,1629000
2009-02-10,10.98701286315918,17.5,18.329999923706055,17.40999984741211,17.8700008392334,1952600
2009-02-11,11.294649124145508,17.989999771118164,17.989999771118164,16.989999771118164,17.520000457763672,1897600
2009-02-12,11.514398574829102,18.34000015258789,18.889999389648438,17.690000534057617,18.31999969482422,1954800
2009-02-13,11.005855560302734,17.530000686645508,18.600000381469727,17.360000610351562,18.280000686645508,1590000
2009-02-17,11.012130737304688,17.540000915527344,17.809999465942383,16.8799991607666,17.110000610351562,1833700
2009-02-18,11.030963897705078,17.56999969482422,17.809999465942383,17.010000228881836,17.309999465942383,1307100
2009-02-19,10.622876167297363,16.920000076293945,17.579999923706055,16.8799991607666,17.579999923706055,1002900
2009-02-20,10.447081565856934,16.639999389648438,16.920000076293945,16.270000457763672,16.790000915527344,1435300
2009-02-23,10.051551818847656,16.010000228881836,16.959999084472656,16.010000228881836,16.770000457763672,940800
2009-02-24,10.2147855758667,16.270000457763672,16.309999465942383,15.579999923706055,16.049999237060547,1588300
2009-02-25,10.170843124389648,16.200000762939453,16.540000915527344,15.880000114440918,16.15999984741211,974600
2009-02-26,9.907148361206055,15.779999732971191,16.479999542236328,15.510000228881836,16.350000381469727,1245900
2009-02-27,9.963656425476074,15.869999885559082,16.280000686645508,15.569999694824219,15.569999694824219,1957600
2009-03-02,9.775306701660156,15.569999694824219,15.720000267028809,15.3100004196167,15.539999961853027,1710100
2009-03-03,9.442559242248535,15.039999961853027,15.6899995803833,14.960000038146973,15.460000038146973,1389500
2009-03-04,9.706243515014648,15.460000038146973,15.75,14.819999694824219,14.949999809265137,1715000
2009-03-05,9.725076675415039,15.489999771118164,15.630000114440918,15.199999809265137,15.59000015258789,2969000
2009-03-06,9.844366073608398,15.680000305175781,15.739999771118164,15.170000076293945,15.619999885559082,1513700
2009-03-09,9.725076675415039,15.489999771118164,15.859999656677246,15.3100004196167,15.859999656677246,1247600
2009-03-10,9.969931602478027,15.880000114440918,15.90999984741211,15.0600004196167,15.739999771118164,1479200
2009-03-11,9.995043754577637,15.920000076293945,16.020000457763672,15.34000015258789,15.949999809265137,1090400
2009-03-12,10.164558410644531,16.190000534057617,16.260000228881836,15.399999618530273,15.949999809265137,1564600
2009-03-13,10.440807342529297,16.6299991607666,16.700000762939453,15.890000343322754,16.209999084472656,1214800
2009-03-16,10.133167266845703,16.139999389648438,16.81999969482422,16.030000686645508,16.43000030517578,1591500
2009-03-17,10.52869987487793,16.770000457763672,16.780000686645508,15.979999542236328,16.290000915527344,987100
2009-03-18,11.024686813354492,17.559999465942383,17.56999969482422,16.43000030517578,16.690000534057617,1437800
2009-03-19,10.71705150604248,17.06999969482422,17.59000015258789,16.989999771118164,17.559999465942383,1375900
2009-03-20,10.691934585571289,17.030000686645508,17.469999313354492,16.989999771118164,17.049999237060547,1073000
2009-03-23,11.112584114074707,17.700000762939453,17.729999542236328,16.940000534057617,17.309999465942383,1385500
2009-03-24,10.949344635009766,17.440000534057617,17.850000381469727,17.200000762939453,17.5,1561000
2009-03-25,11.23187255859375,17.889999389648438,17.959999084472656,17.34000015258789,17.56999969482422,1935700
2009-03-26,11.426493644714355,18.200000762939453,18.329999923706055,17.760000228881836,17.950000762939453,1362500
2009-03-27,11.023884773254395,17.25,17.8700008392334,17.229999542236328,17.8700008392334,1365800
2009-03-30,10.653228759765625,16.670000076293945,17.1200008392334,16.6299991607666,16.989999771118164,1342200
2009-03-31,10.864116668701172,17.0,17.149999618530273,16.440000534057617,16.809999465942383,1351900
2009-04-01,10.774650573730469,16.860000610351562,17.020000457763672,16.510000228881836,16.860000610351562,1170200
2009-04-02,10.774650573730469,16.860000610351562,17.25,16.670000076293945,17.079999923706055,1380200
2009-04-03,11.190040588378906,17.510000228881836,17.530000686645508,16.520000457763672,16.90999984741211,2329100
2009-04-06,11.06861686706543,17.31999969482422,17.56999969482422,17.219999313354492,17.3799991607666,875300
2009-04-07,10.959980964660645,17.149999618530273,17.40999984741211,16.989999771118164,17.15999984741211,867500
2009-04-08,11.011102676391602,17.229999542236328,17.399999618530273,16.969999313354492,17.25,621700
2009-04-09,11.554311752319336,18.079999923706055,18.09000015258789,17.110000610351562,17.510000228881836,2260100
2009-04-13,11.50318717956543,18.0,18.040000915527344,17.559999465942383,17.8799991607666,873500
2009-04-14,11.24755859375,17.600000381469727,18.079999923706055,17.579999923706055,18.030000686645508,1217600
2009-04-15,11.790765762329102,18.450000762939453,18.459999084472656,17.579999923706055,17.729999542236328,985000
2009-04-16,11.976097106933594,18.739999771118164,18.850000381469727,18.190000534057617,18.559999465942383,927300
2009-04-17,12.001655578613281,18.780000686645508,18.940000534057617,18.440000534057617,18.719999313354492,1236400
2009-04-20,11.624606132507324,18.190000534057617,18.950000762939453,18.18000030517578,18.489999771118164,1204200
2009-04-21,11.899406433105469,18.6200008392334,18.649999618530273,16.860000610351562,18.030000686645508,1490800
2009-04-22,11.599041938781738,18.149999618530273,18.65999984741211,17.739999771118164,18.3799991607666,1398800
2009-04-23,11.52874755859375,18.040000915527344,18.34000015258789,17.450000762939453,18.34000015258789,1184600
2009-04-24,11.746034622192383,18.3799991607666,18.510000228881836,17.700000762939453,18.1299991607666,1440900
2009-04-27,12.155031204223633,19.020000457763672,19.190000534057617,18.280000686645508,18.280000686645508,1896100
2009-04-28,12.174206733703613,19.049999237060547,19.219999313354492,18.5,18.600000381469727,1515100
2009-04-29,14.347025871276855,22.450000762939453,22.549999237060547,21.440000534057617,22.0,3520400
2009-04-30,14.366201400756836,22.479999542236328,23.25,22.459999084472656,22.5,2019700
2009-05-01,13.66961669921875,21.389999389648438,22.489999771118164,21.299999237060547,22.489999771118164,1880100
2009-05-04,13.707961082458496,21.450000762939453,21.610000610351562,21.040000915527344,21.149999618530273,2555600
2009-05-05,13.86773681640625,21.700000762939453,21.8700008392334,21.34000015258789,21.420000076293945,1410200
2009-05-06,13.759084701538086,21.530000686645508,21.84000015258789,21.229999542236328,21.84000015258789,1776800
2009-05-07,13.509855270385742,21.139999389648438,21.899999618530273,21.100000381469727,21.770000457763672,1649900
2009-05-08,14.104187965393066,22.06999969482422,22.06999969482422,21.09000015258789,21.549999237060547,1196300
2009-05-11,13.707961082458496,21.450000762939453,21.950000762939453,21.0,21.43000030517578,1154200
2009-05-12,13.599320411682129,21.280000686645508,21.950000762939453,21.18000030517578,21.579999923706055,1169800
2009-05-13,13.209491729736328,20.670000076293945,21.549999237060547,20.670000076293945,21.15999984741211,1253000
2009-05-14,13.292566299438477,20.799999237060547,20.940000534057617,20.520000457763672,20.709999084472656,1299300
2009-05-15,13.311737060546875,20.829999923706055,21.0,20.559999465942383,20.81999969482422,997300
2009-05-18,13.529027938842773,21.170000076293945,21.239999771118164,20.43000030517578,20.84000015258789,1283800
2009-05-19,13.19031810760498,20.639999389648438,21.1200008392334,20.530000686645508,21.06999969482422,769700
2009-05-20,13.030550956726074,20.389999389648438,20.950000762939453,20.350000381469727,20.65999984741211,760000
2009-05-21,13.132798194885254,20.549999237060547,20.600000381469727,20.200000762939453,20.329999923706055,768900
2009-05-22,13.100854873657227,20.5,20.920000076293945,20.34000015258789,20.520000457763672,696200
2009-05-26,13.337302207946777,20.8700008392334,20.8799991607666,20.06999969482422,20.579999923706055,927600
2009-05-27,12.864396095275879,20.1299991607666,20.829999923706055,20.100000381469727,20.790000915527344,726600
2009-05-28,13.145586013793945,20.56999969482422,20.670000076293945,20.049999237060547,20.31999969482422,651700
2009-05-29,13.388433456420898,20.950000762939453,20.950000762939453,20.190000534057617,20.309999465942383,714000
2009-06-01,13.548199653625488,21.200000762939453,21.280000686645508,20.549999237060547,21.0,1204100
2009-06-02,13.701570510864258,21.440000534057617,21.799999237060547,20.899999618530273,21.31999969482422,725800
2009-06-03,13.535414695739746,21.18000030517578,21.329999923706055,20.719999313354492,21.110000610351562,695100
2009-06-04,13.61849594116211,21.309999465942383,21.3700008392334,21.040000915527344,21.260000228881836,715400
2009-06-05,13.695181846618652,21.43000030517578,21.559999465942383,21.06999969482422,21.40999984741211,725100
2009-06-08,13.720738410949707,21.469999313354492,21.540000915527344,21.09000015258789,21.25,518200
2009-06-09,13.791038513183594,21.579999923706055,21.670000076293945,21.25,21.25,449400
2009-06-10,13.880504608154297,21.719999313354492,21.75,21.459999084472656,21.670000076293945,561700
2009-06-11,13.71435260772705,21.459999084472656,21.84000015258789,21.290000915527344,21.459999084472656,506200
2009-06-12,13.548199653625488,21.200000762939453,21.489999771118164,20.75,21.489999771118164,423100
2009-06-15,13.509855270385742,21.139999389648438,21.3799991607666,21.049999237060547,21.079999923706055,539600
2009-06-16,13.516242027282715,21.149999618530273,21.389999389648438,21.079999923706055,21.239999771118164,501300
2009-06-17,13.586536407470703,21.260000228881836,21.59000015258789,21.149999618530273,21.149999618530273,541600
2009-06-18,13.707961082458496,21.450000762939453,21.600000381469727,21.170000076293945,21.329999923706055,719400
2009-06-19,13.861334800720215,21.690000534057617,21.920000076293945,21.489999771118164,21.600000381469727,919000
2009-06-22,13.695181846618652,21.43000030517578,22.0,21.40999984741211,21.670000076293945,968300
2009-06-23,13.944417953491211,21.81999969482422,21.899999618530273,21.420000076293945,21.440000534057617,1006800
2009-06-24,13.893291473388672,21.739999771118164,21.950000762939453,21.600000381469727,21.93000030517578,534500
2009-06-25,14.014715194702148,21.93000030517578,21.950000762939453,21.530000686645508,21.809999465942383,686400
2009-06-26,13.80718994140625,21.290000915527344,21.790000915527344,21.209999084472656,21.700000762939453,2052400
2009-06-29,13.988774299621582,21.56999969482422,21.600000381469727,21.299999237060547,21.5,615500
2009-06-30,13.83961009979248,21.34000015258789,21.600000381469727,21.280000686645508,21.600000381469727,655100
2009-07-01,13.84609603881836,21.350000381469727,21.510000228881836,20.959999084472656,21.43000030517578,761000
2009-07-02,13.567227363586426,20.920000076293945,21.3700008392334,20.920000076293945,21.200000762939453,567400
2009-07-06,13.651535987854004,21.049999237060547,21.139999389648438,20.760000228881836,20.950000762939453,592600
2009-07-07,13.366181373596191,20.610000610351562,21.190000534057617,20.600000381469727,20.969999313354492,499700
2009-07-08,13.217020988464355,20.3799991607666,20.780000686645508,20.200000762939453,20.700000762939453,893000
2009-07-09,13.398609161376953,20.65999984741211,20.709999084472656,20.200000762939453,20.549999237060547,491700
2009-07-10,13.301332473754883,20.510000228881836,20.780000686645508,20.399999618530273,20.600000381469727,475200
2009-07-13,13.651535987854004,21.049999237060547,21.049999237060547,20.549999237060547,20.6299991607666,880700
2009-07-14,13.761788368225098,21.219999313354492,21.219999313354492,20.780000686645508,20.989999771118164,571400
2009-07-15,13.995262145996094,21.579999923706055,21.700000762939453,21.170000076293945,21.399999618530273,1055200
2009-07-16,14.118477821350098,21.770000457763672,21.899999618530273,21.290000915527344,21.530000686645508,568600
2009-07-17,14.124967575073242,21.780000686645508,21.899999618530273,21.540000915527344,21.790000915527344,440100
2009-07-20,14.163881301879883,21.84000015258789,21.860000610351562,21.59000015258789,21.739999771118164,542100
2009-07-21,14.014711380004883,21.610000610351562,21.899999618530273,21.5,21.860000610351562,400700
2009-07-22,14.111995697021484,21.760000228881836,21.959999084472656,21.530000686645508,21.530000686645508,580500
2009-07-23,14.423284530639648,22.239999771118164,22.350000381469727,21.690000534057617,21.809999465942383,701300
2009-07-24,14.416804313659668,22.229999542236328,22.239999771118164,21.860000610351562,22.030000686645508,467000
2009-07-27,14.72810173034668,22.709999084472656,22.8700008392334,21.989999771118164,22.229999542236328,877200
2009-07-28,14.656754493713379,22.600000381469727,22.829999923706055,22.549999237060547,22.649999618530273,643800
2009-07-29,15.039393424987793,23.190000534057617,23.450000762939453,22.700000762939453,22.700000762939453,1009800
2009-07-30,14.851314544677734,22.899999618530273,23.459999084472656,22.799999237060547,23.389999389648438,955000
2009-07-31,14.851314544677734,22.899999618530273,23.18000030517578,22.780000686645508,22.780000686645508,982500
2009-08-03,14.942112922668457,23.040000915527344,23.239999771118164,22.8799991607666,23.190000534057617,691300
2009-08-04,15.078303337097168,23.25,23.3799991607666,22.84000015258789,23.030000686645508,578200
2009-08-05,15.24691390991211,23.510000228881836,23.65999984741211,23.219999313354492,23.309999465942383,732500
2009-08-06,15.091277122497559,23.270000457763672,23.6299991607666,23.149999618530273,23.520000457763672,588500
2009-08-07,15.175580024719238,23.399999618530273,23.559999465942383,23.270000457763672,23.530000686645508,609700
2009-08-10,15.084786415100098,23.260000228881836,23.520000457763672,23.190000534057617,23.34000015258789,436900
2009-08-11,15.409052848815918,23.760000228881836,23.950000762939453,23.239999771118164,23.280000686645508,765300
2009-08-12,15.759252548217773,24.299999237060547,24.43000030517578,23.65999984741211,23.780000686645508,770400
2009-08-13,15.869499206542969,24.469999313354492,24.469999313354492,23.510000228881836,23.690000534057617,1722200
2009-08-14,15.77222728729248,24.31999969482422,24.360000610351562,23.989999771118164,24.360000610351562,797100
2009-08-17,15.499846458435059,23.899999618530273,24.190000534057617,23.729999542236328,24.079999923706055,801300
2009-08-18,15.182065963745117,23.40999984741211,23.989999771118164,23.34000015258789,23.989999771118164,943000
2009-08-19,15.091277122497559,23.270000457763672,23.520000457763672,23.100000381469727,23.31999969482422,632800
2009-08-20,15.305286407470703,23.600000381469727,23.600000381469727,23.170000076293945,23.219999313354492,420400
2009-08-21,15.519301414489746,23.93000030517578,24.1200008392334,23.6200008392334,23.719999313354492,547500
2009-08-24,15.519301414489746,23.93000030517578,24.200000762939453,23.850000381469727,24.020000457763672,380700
2009-08-25,15.57119083404541,24.010000228881836,24.149999618530273,23.809999465942383,23.959999084472656,360600
2009-08-26,15.480384826660156,23.8700008392334,24.15999984741211,23.809999465942383,24.020000457763672,514800
2009-08-27,15.454442977905273,23.829999923706055,23.93000030517578,23.510000228881836,23.8700008392334,478400
2009-08-28,15.305286407470703,23.600000381469727,23.90999984741211,23.440000534057617,23.8700008392334,666200
2009-08-31,15.415533065795898,23.770000457763672,23.829999923706055,23.360000610351562,23.360000610351562,581400
2009-09-01,15.214493751525879,23.459999084472656,23.899999618530273,23.450000762939453,23.690000534057617,692200
2009-09-02,15.175580024719238,23.399999618530273,23.559999465942383,23.219999313354492,23.360000610351562,371800
2009-09-03,15.195030212402344,23.43000030517578,23.559999465942383,22.950000762939453,23.559999465942383,423800
2009-09-04,15.324743270874023,23.6299991607666,23.6299991607666,23.25,23.43000030517578,287900
2009-09-08,15.253397941589355,23.520000457763672,23.84000015258789,23.459999084472656,23.770000457763672,402700
2009-09-09,15.434991836547852,23.799999237060547,23.899999618530273,23.360000610351562,23.510000228881836,460100
2009-09-10,15.55821418762207,23.989999771118164,24.020000457763672,23.65999984741211,23.739999771118164,459100
2009-09-11,15.480384826660156,23.8700008392334,24.110000610351562,23.799999237060547,23.989999771118164,327200
2009-09-14,15.674948692321777,24.170000076293945,24.209999084472656,23.639999389648438,23.829999923706055,377600
2009-09-15,15.629546165466309,24.100000381469727,24.200000762939453,23.969999313354492,24.15999984741211,530900
2009-09-16,15.927872657775879,24.559999465942383,24.559999465942383,23.969999313354492,24.09000015258789,739600
2009-09-17,15.733317375183105,24.260000228881836,24.700000762939453,24.209999084472656,24.549999237060547,438900
2009-09-18,15.610095024108887,24.06999969482422,24.31999969482422,24.040000915527344,24.260000228881836,531200
2009-09-21,15.65549373626709,24.139999389648438,24.389999389648438,23.920000076293945,23.920000076293945,500200
2009-09-22,15.454442977905273,23.829999923706055,24.229999542236328,23.709999084472656,24.229999542236328,431900
2009-09-23,15.901934623718262,24.520000457763672,24.780000686645508,23.75,23.93000030517578,879000
2009-09-24,16.141887664794922,24.889999389648438,25.0,24.440000534057617,24.579999923706055,879600
2009-09-25,16.11594581604004,24.850000381469727,24.959999084472656,24.700000762939453,24.899999618530273,1110700
2009-09-28,16.3656005859375,24.90999984741211,25.0,24.549999237060547,24.729999542236328,885400
2009-09-29,16.267053604125977,24.760000228881836,24.989999771118164,24.649999618530273,24.920000076293945,386500
2009-09-30,16.010831832885742,24.3700008392334,24.889999389648438,24.290000915527344,24.850000381469727,779200
2009-10-01,15.695480346679688,23.889999389648438,24.540000915527344,23.860000610351562,24.389999389648438,727600
2009-10-02,15.58378791809082,23.719999313354492,23.8799991607666,23.6200008392334,23.739999771118164,687800
2009-10-05,15.610065460205078,23.760000228881836,23.84000015258789,23.559999465942383,23.84000015258789,452400
2009-10-06,15.787452697753906,24.030000686645508,24.079999923706055,23.75,23.809999465942383,294500
2009-10-07,15.886002540588379,24.18000030517578,24.18000030517578,23.780000686645508,23.950000762939453,407300
2009-10-08,16.023971557617188,24.389999389648438,24.56999969482422,24.209999084472656,24.309999465942383,413900
2009-10-09,16.1422176361084,24.56999969482422,24.610000610351562,24.260000228881836,24.350000381469727,318800
2009-10-12,16.06339454650879,24.450000762939453,24.549999237060547,24.3700008392334,24.549999237060547,209900
2009-10-13,15.905712127685547,24.209999084472656,24.510000228881836,24.06999969482422,24.350000381469727,286900
2009-10-14,16.08966636657715,24.489999771118164,24.530000686645508,24.25,24.329999923706055,364300
2009-10-15,16.16193389892578,24.600000381469727,24.649999618530273,24.329999923706055,24.440000534057617,269200
2009-10-16,16.037113189697266,24.40999984741211,24.56999969482422,24.079999923706055,24.450000762939453,367600
2009-10-19,15.991119384765625,24.34000015258789,24.489999771118164,24.280000686645508,24.40999984741211,326700
2009-10-20,15.800597190856934,24.049999237060547,24.3700008392334,24.020000457763672,24.290000915527344,471600
2009-10-21,15.715187072753906,23.920000076293945,24.520000457763672,23.90999984741211,24.049999237060547,465000
2009-10-22,16.08966636657715,24.489999771118164,24.520000457763672,23.850000381469727,23.969999313354492,409400
2009-10-23,15.964836120605469,24.299999237060547,24.600000381469727,24.040000915527344,24.559999465942383,462800
2009-10-26,15.859720230102539,24.139999389648438,24.610000610351562,24.06999969482422,24.3700008392334,566700
2009-10-27,15.77431583404541,24.010000228881836,24.389999389648438,23.969999313354492,24.209999084472656,518700
2009-10-28,14.709991455078125,22.389999389648438,23.889999389648438,22.219999313354492,23.18000030517578,1369600
2009-10-29,14.893950462341309,22.670000076293945,22.690000534057617,22.239999771118164,22.459999084472656,864300
2009-10-30,14.657426834106445,22.309999465942383,22.540000915527344,22.15999984741211,22.540000915527344,926200
2009-11-02,14.703421592712402,22.3799991607666,22.649999618530273,22.0,22.420000076293945,524400
2009-11-03,14.8479585647583,22.600000381469727,22.649999618530273,22.239999771118164,22.389999389648438,743000
2009-11-04,14.788829803466797,22.510000228881836,22.90999984741211,22.5,22.670000076293945,511500
2009-11-05,15.025341987609863,22.8700008392334,22.90999984741211,22.559999465942383,22.709999084472656,740800
2009-11-06,15.018775939941406,22.860000610351562,22.899999618530273,22.65999984741211,22.799999237060547,490600
2009-11-09,15.327564239501953,23.329999923706055,23.350000381469727,22.84000015258789,22.899999618530273,371400
2009-11-10,15.22244644165039,23.170000076293945,23.40999984741211,23.020000457763672,23.239999771118164,357200
2009-11-11,15.307852745056152,23.299999237060547,23.450000762939453,23.110000610351562,23.360000610351562,436600
2009-11-12,15.045051574707031,22.899999618530273,23.40999984741211,22.8799991607666,23.25,327500
2009-11-13,15.097617149353027,22.979999542236328,23.1200008392334,22.860000610351562,23.020000457763672,230900
2009-11-16,15.261869430541992,23.229999542236328,23.3799991607666,23.059999465942383,23.059999465942383,406300
2009-11-17,15.261869430541992,23.229999542236328,23.270000457763672,23.049999237060547,23.100000381469727,330900
2009-11-18,15.183023452758789,23.110000610351562,23.299999237060547,23.040000915527344,23.219999313354492,265100
2009-11-19,14.775691032409668,22.489999771118164,23.040000915527344,22.43000030517578,22.950000762939453,364600
2009-11-20,14.755980491638184,22.459999084472656,22.530000686645508,22.290000915527344,22.350000381469727,219100
2009-11-23,14.953071594238281,22.760000228881836,22.84000015258789,22.56999969482422,22.690000534057617,390000
2009-11-24,14.926799774169922,22.719999313354492,22.829999923706055,22.56999969482422,22.719999313354492,264800
2009-11-25,14.913661003112793,22.700000762939453,22.899999618530273,22.579999923706055,22.81999969482422,152600
2009-11-27,14.604873657226562,22.229999542236328,22.549999237060547,22.1200008392334,22.299999237060547,212100
2009-11-30,14.716561317443848,22.399999618530273,22.420000076293945,21.950000762939453,22.149999618530273,616800
2009-12-01,14.801966667175293,22.530000686645508,22.559999465942383,22.299999237060547,22.399999618530273,325800
2009-12-02,14.808537483215332,22.540000915527344,22.6200008392334,22.40999984741211,22.579999923706055,216900
2009-12-03,14.650858879089355,22.299999237060547,22.610000610351562,22.290000915527344,22.559999465942383,306900
2009-12-04,14.8479585647583,22.600000381469727,22.719999313354492,22.309999465942383,22.489999771118164,329700
2009-12-07,14.821673393249512,22.559999465942383,22.649999618530273,22.469999313354492,22.6299991607666,416600
2009-12-08,14.690279006958008,22.360000610351562,22.540000915527344,22.280000686645508,22.43000030517578,224300
2009-12-09,14.591733932495117,22.209999084472656,22.389999389648438,22.100000381469727,22.280000686645508,445500
2009-12-10,14.618012428283691,22.25,22.43000030517578,22.1200008392334,22.280000686645508,433800
2009-12-11,14.585160255432129,22.200000762939453,22.31999969482422,22.110000610351562,22.219999313354492,428500
2009-12-14,14.703421592712402,22.3799991607666,22.3799991607666,22.1200008392334,22.229999542236328,372200
2009-12-15,14.821673393249512,22.559999465942383,22.56999969482422,22.229999542236328,22.3799991607666,541400
2009-12-16,14.709991455078125,22.389999389648438,22.68000030517578,22.219999313354492,22.68000030517578,573100
2009-12-17,14.572025299072266,22.18000030517578,22.360000610351562,21.8799991607666,22.219999313354492,1077500
2009-12-18,14.486618041992188,22.049999237060547,22.200000762939453,21.959999084472656,22.190000534057617,1833300
2009-12-21,14.519465446472168,22.100000381469727,22.260000228881836,22.030000686645508,22.09000015258789,351500
2009-12-22,14.696853637695312,22.3700008392334,22.3700008392334,22.010000228881836,22.110000610351562,568200
2009-12-23,14.696853637695312,22.3700008392334,22.59000015258789,22.219999313354492,22.450000762939453,598700
2009-12-24,14.801966667175293,22.530000686645508,22.65999984741211,22.280000686645508,22.3700008392334,367100
2009-12-28,14.972792625427246,22.790000915527344,22.850000381469727,22.489999771118164,22.6299991607666,408800
2009-12-29,15.245981216430664,22.8799991607666,22.90999984741211,22.459999084472656,22.709999084472656,338700
2009-12-30,15.245981216430664,22.8799991607666,23.09000015258789,22.780000686645508,22.889999389648438,392600
2009-12-31,14.999443054199219,22.510000228881836,22.8799991607666,22.510000228881836,22.829999923706055,368700
2010-01-04,14.879499435424805,22.329999923706055,22.809999465942383,22.280000686645508,22.600000381469727,379300
2010-01-05,14.79953670501709,22.209999084472656,22.420000076293945,21.899999618530273,22.350000381469727,545700
2010-01-06,14.806199073791504,22.219999313354492,22.440000534057617,22.110000610351562,22.260000228881836,349400
2010-01-07,14.712916374206543,22.079999923706055,22.149999618530273,21.959999084472656,22.100000381469727,633500
2010-01-08,14.752894401550293,22.139999389648438,22.18000030517578,22.0,22.100000381469727,391300
2010-01-11,14.77288818359375,22.170000076293945,22.299999237060547,22.049999237060547,22.139999389648438,582600
2010-01-12,14.859505653381348,22.299999237060547,22.350000381469727,22.100000381469727,22.100000381469727,447000
2010-01-13,14.852840423583984,22.290000915527344,22.360000610351562,22.200000762939453,22.309999465942383,244200
2010-01-14,14.812865257263184,22.229999542236328,22.280000686645508,22.1299991607666,22.219999313354492,299400
2010-01-15,14.659608840942383,22.0,22.280000686645508,21.979999542236328,22.239999771118164,243300
2010-01-19,14.826190948486328,22.25,22.260000228881836,22.020000457763672,22.020000457763672,400800
2010-01-20,14.752894401550293,22.139999389648438,22.139999389648438,21.899999618530273,22.079999923706055,278800
2010-01-21,14.866166114807129,22.309999465942383,22.3700008392334,22.020000457763672,22.09000015258789,501600
2010-01-22,15.126051902770996,22.700000762939453,22.729999542236328,22.309999465942383,22.360000610351562,778500
2010-01-25,15.20600700378418,22.81999969482422,23.34000015258789,22.68000030517578,22.81999969482422,558700
2010-01-26,15.099393844604492,22.65999984741211,22.989999771118164,22.65999984741211,22.84000015258789,317000
2010-01-27,14.979447364807129,22.479999542236328,22.829999923706055,22.31999969482422,22.59000015258789,561700
2010-01-28,15.05941390991211,22.600000381469727,22.739999771118164,22.270000457763672,22.549999237060547,385900
2010-01-29,15.026094436645508,22.549999237060547,22.979999542236328,22.549999237060547,22.65999984741211,470000
2010-02-01,15.17935562133789,22.780000686645508,22.84000015258789,22.530000686645508,22.610000610351562,404700
2010-02-02,15.126051902770996,22.700000762939453,23.0,22.549999237060547,22.829999923706055,903500
2010-02-03,15.819043159484863,23.739999771118164,24.1200008392334,22.799999237060547,22.799999237060547,1457900
2010-02-04,15.699103355407715,23.559999465942383,23.780000686645508,23.31999969482422,23.5,925300
2010-02-05,15.392590522766113,23.100000381469727,23.520000457763672,22.81999969482422,23.489999771118164,843400
2010-02-08,15.172689437866211,22.770000457763672,23.25,22.709999084472656,23.25,571100
2010-02-09,15.232666969299316,22.860000610351562,23.0,22.719999313354492,22.920000076293945,530800
2010-02-10,15.245981216430664,22.8799991607666,22.950000762939453,22.709999084472656,22.850000381469727,339600
2010-02-11,15.285969734191895,22.940000534057617,23.0,22.760000228881836,22.899999618530273,304500
2010-02-12,15.312625885009766,22.979999542236328,22.979999542236328,22.68000030517578,22.850000381469727,523700
2010-02-16,15.3526029586792,23.040000915527344,23.040000915527344,22.760000228881836,23.040000915527344,399100
2010-02-17,15.505859375,23.270000457763672,23.329999923706055,22.950000762939453,23.059999465942383,588600
2010-02-18,15.552501678466797,23.34000015258789,23.360000610351562,23.149999618530273,23.280000686645508,443600
2010-02-19,15.685781478881836,23.540000915527344,23.540000915527344,23.280000686645508,23.34000015258789,361100
2010-02-22,15.732414245605469,23.610000610351562,23.6200008392334,23.40999984741211,23.600000381469727,317200
2010-02-23,15.805721282958984,23.719999313354492,23.809999465942383,23.489999771118164,23.600000381469727,455900
2010-02-24,15.905668258666992,23.8700008392334,23.8799991607666,23.729999542236328,23.790000915527344,378800
2010-02-25,15.83903980255127,23.770000457763672,23.799999237060547,23.59000015258789,23.6299991607666,362500
2010-02-26,15.8123779296875,23.729999542236328,23.829999923706055,23.59000015258789,23.790000915527344,480800
2010-03-01,16.00562286376953,24.020000457763672,24.030000686645508,23.700000762939453,23.770000457763672,567700
2010-03-02,16.078920364379883,24.1299991607666,24.15999984741211,23.8799991607666,24.010000228881836,484400
2010-03-03,16.185531616210938,24.290000915527344,24.31999969482422,24.059999465942383,24.09000015258789,389100
2010-03-04,16.105575561523438,24.170000076293945,24.5,24.020000457763672,24.389999389648438,482800
2010-03-05,16.278820037841797,24.43000030517578,24.450000762939453,24.049999237060547,24.31999969482422,334800
2010-03-08,16.25217628479004,24.389999389648438,24.559999465942383,24.360000610351562,24.420000076293945,541200
2010-03-09,16.278820037841797,24.43000030517578,24.479999542236328,24.190000534057617,24.3700008392334,728800
2010-03-10,16.418750762939453,24.639999389648438,24.639999389648438,24.200000762939453,24.420000076293945,768400
2010-03-11,16.47872543334961,24.729999542236328,24.809999465942383,24.459999084472656,24.579999923706055,434900
2010-03-12,16.79857635498047,25.209999084472656,25.209999084472656,24.700000762939453,24.860000610351562,729200
2010-03-15,16.87187957763672,25.31999969482422,25.440000534057617,25.049999237060547,25.25,625900
2010-03-16,16.985145568847656,25.489999771118164,25.610000610351562,25.290000915527344,25.299999237060547,496500
2010-03-17,17.085100173950195,25.639999389648438,25.68000030517578,25.399999618530273,25.559999465942383,325300
2010-03-18,17.145071029663086,25.729999542236328,25.84000015258789,25.610000610351562,25.700000762939453,327900
2010-03-19,17.04511833190918,25.579999923706055,25.600000381469727,24.959999084472656,25.579999923706055,915900
2010-03-22,16.638660430908203,24.969999313354492,25.5,24.920000076293945,25.5,2011100
2010-03-23,16.79857635498047,25.209999084472656,25.209999084472656,24.760000228881836,24.93000030517578,746600
2010-03-24,16.698619842529297,25.059999465942383,25.170000076293945,24.739999771118164,25.170000076293945,510500
2010-03-25,16.77191925048828,25.170000076293945,25.280000686645508,25.059999465942383,25.18000030517578,569800
2010-03-26,16.718608856201172,25.09000015258789,25.309999465942383,25.020000457763672,25.25,410500
2010-03-29,16.840106964111328,24.950000762939453,25.1200008392334,24.770000457763672,25.010000228881836,450800
2010-03-30,16.81310272216797,24.90999984741211,25.040000915527344,24.760000228881836,25.010000228881836,425100
2010-03-31,16.570127487182617,24.549999237060547,24.940000534057617,24.530000686645508,24.829999923706055,451000
2010-04-01,16.536375045776367,24.5,24.729999542236328,24.329999923706055,24.59000015258789,463400
2010-04-05,16.603872299194336,24.600000381469727,24.649999618530273,24.459999084472656,24.5,510200
2010-04-06,16.69161033630371,24.729999542236328,24.81999969482422,24.459999084472656,24.459999084472656,467900
2010-04-07,16.65787124633789,24.68000030517578,24.770000457763672,24.459999084472656,24.56999969482422,455200
2010-04-08,16.59037208557129,24.579999923706055,24.729999542236328,24.5,24.68000030517578,537900
2010-04-09,16.610618591308594,24.610000610351562,24.6200008392334,24.290000915527344,24.510000228881836,398900
2010-04-12,16.74560546875,24.809999465942383,24.809999465942383,24.299999237060547,24.549999237060547,307200
2010-04-13,16.887340545654297,25.020000457763672,25.020000457763672,24.709999084472656,24.709999084472656,410200
2010-04-14,17.035839080810547,25.239999771118164,25.239999771118164,24.989999771118164,25.010000228881836,286500
2010-04-15,17.103342056274414,25.34000015258789,25.420000076293945,25.100000381469727,25.18000030517578,454200
2010-04-16,17.12358283996582,25.3700008392334,25.530000686645508,25.170000076293945,25.350000381469727,598800
2010-04-19,17.143829345703125,25.399999618530273,25.440000534057617,25.06999969482422,25.25,505100
2010-04-20,17.440813064575195,25.84000015258789,25.84000015258789,25.309999465942383,25.489999771118164,437800
2010-04-21,17.38681983947754,25.760000228881836,25.889999389648438,25.510000228881836,25.790000915527344,551300
2010-04-22,17.75803565979004,26.309999465942383,26.350000381469727,25.510000228881836,25.68000030517578,631800
2010-04-23,17.893030166625977,26.510000228881836,27.0,26.209999084472656,26.5,782600
2010-04-26,17.845781326293945,26.440000534057617,26.649999618530273,26.3799991607666,26.549999237060547,520000
2010-04-27,17.589298248291016,26.059999465942383,26.790000915527344,26.020000457763672,26.399999618530273,752400
2010-04-28,17.420560836791992,25.809999465942383,26.290000915527344,25.709999084472656,26.209999084472656,706800
2010-04-29,17.926774978637695,26.559999465942383,26.559999465942383,25.799999237060547,25.850000381469727,785200
2010-04-30,17.731042861938477,26.270000457763672,26.559999465942383,26.219999313354492,26.5,560900
2010-05-03,17.947025299072266,26.59000015258789,26.610000610351562,26.299999237060547,26.3799991607666,496700
2010-05-04,17.82553482055664,26.40999984741211,26.530000686645508,26.260000228881836,26.350000381469727,675100
2010-05-05,17.461057662963867,25.8700008392334,26.5,25.739999771118164,26.15999984741211,855000
2010-05-06,16.59037208557129,24.579999923706055,25.850000381469727,22.6299991607666,25.760000228881836,1912500
2010-05-07,16.394630432128906,24.290000915527344,24.729999542236328,24.030000686645508,24.6200008392334,1491500
2010-05-10,17.00209617614746,25.190000534057617,25.239999771118164,24.600000381469727,25.239999771118164,584300
2010-05-11,17.069589614868164,25.290000915527344,25.579999923706055,24.90999984741211,24.90999984741211,446600
2010-05-12,17.184326171875,25.459999084472656,25.540000915527344,25.139999389648438,25.420000076293945,508400
2010-05-13,17.00209617614746,25.190000534057617,25.450000762939453,25.190000534057617,25.3799991607666,631500
2010-05-14,16.96160125732422,25.1299991607666,25.200000762939453,24.940000534057617,25.010000228881836,880400
2010-05-17,16.948095321655273,25.110000610351562,25.260000228881836,24.6299991607666,25.139999389648438,593900
2010-05-18,16.873855590820312,25.0,25.360000610351562,24.84000015258789,25.360000610351562,820600
2010-05-19,16.806350708007812,24.899999618530273,25.1299991607666,24.690000534057617,24.850000381469727,560200
2010-05-20,16.48912811279297,24.43000030517578,24.829999923706055,24.43000030517578,24.510000228881836,1326600
2010-05-21,16.637611389160156,24.649999618530273,24.670000076293945,23.93000030517578,24.170000076293945,965300
2010-05-24,16.502626419067383,24.450000762939453,24.670000076293945,24.399999618530273,24.520000457763672,469700
2010-05-25,16.300140380859375,24.149999618530273,24.190000534057617,23.65999984741211,23.850000381469727,549600
2010-05-26,16.1651554107666,23.950000762939453,24.3700008392334,23.920000076293945,24.190000534057617,620700
2010-05-27,16.765857696533203,24.84000015258789,24.850000381469727,24.209999084472656,24.34000015258789,620700
2010-05-28,16.66461753845215,24.690000534057617,24.920000076293945,24.559999465942383,24.770000457763672,348900
2010-06-01,16.448631286621094,24.3700008392334,24.8700008392334,24.3700008392334,24.6200008392334,410900
2010-06-02,16.671369552612305,24.700000762939453,24.700000762939453,24.280000686645508,24.40999984741211,458900
2010-06-03,17.238323211669922,25.540000915527344,25.65999984741211,24.8700008392334,25.65999984741211,778200
2010-06-04,16.54987144470215,24.520000457763672,25.34000015258789,24.489999771118164,25.200000762939453,566200
2010-06-07,16.394630432128906,24.290000915527344,24.739999771118164,24.290000915527344,24.6299991607666,448000
2010-06-08,16.482383728027344,24.420000076293945,24.459999084472656,23.959999084472656,24.280000686645508,543800
2010-06-09,16.38113021850586,24.270000457763672,24.649999618530273,24.239999771118164,24.549999237060547,632200
2010-06-10,16.73210906982422,24.790000915527344,24.81999969482422,24.530000686645508,24.639999389648438,389900
2010-06-11,16.927852630615234,25.079999923706055,25.100000381469727,24.530000686645508,24.549999237060547,349000
2010-06-14,17.11683464050293,25.360000610351562,25.549999237060547,25.1200008392334,25.290000915527344,859300
2010-06-15,17.373313903808594,25.739999771118164,25.770000457763672,25.280000686645508,25.420000076293945,519500
2010-06-16,17.359813690185547,25.719999313354492,25.75,25.440000534057617,25.649999618530273,499100
2010-06-17,17.32607078552246,25.670000076293945,25.799999237060547,25.360000610351562,25.790000915527344,482900
2010-06-18,17.31931495666504,25.65999984741211,25.68000030517578,25.350000381469727,25.68000030517578,427300
2010-06-21,17.420560836791992,25.809999465942383,25.989999771118164,25.729999542236328,25.93000030517578,499200
2010-06-22,17.272066116333008,25.59000015258789,26.049999237060547,25.59000015258789,25.860000610351562,373900
2010-06-23,17.32607078552246,25.670000076293945,25.799999237060547,25.3799991607666,25.600000381469727,454300
2010-06-24,17.33281898498535,25.68000030517578,25.799999237060547,25.5,25.540000915527344,613400
2010-06-25,17.481311798095703,25.899999618530273,26.049999237060547,25.440000534057617,25.670000076293945,1962600
2010-06-28,17.351472854614258,25.389999389648438,25.75,25.34000015258789,25.75,614700
2010-06-29,16.941421508789062,24.790000915527344,25.190000534057617,24.719999313354492,25.1200008392334,668800
2010-06-30,16.661231994628906,24.3799991607666,24.889999389648438,24.3799991607666,24.75,549700
2010-07-01,16.66806983947754,24.389999389648438,24.420000076293945,23.959999084472656,24.360000610351562,688400
2010-07-02,16.640729904174805,24.350000381469727,24.540000915527344,24.200000762939453,24.43000030517578,451900
2010-07-06,16.599729537963867,24.290000915527344,24.709999084472656,24.1299991607666,24.6299991607666,380400
2010-07-07,17.030261993408203,24.920000076293945,24.940000534057617,24.290000915527344,24.290000915527344,438800
2010-07-08,17.22845458984375,25.209999084472656,25.270000457763672,24.899999618530273,25.110000610351562,632600
2010-07-09,17.317293167114258,25.34000015258789,25.3700008392334,25.06999969482422,25.18000030517578,246100
2010-07-12,17.16694450378418,25.1200008392334,25.280000686645508,24.979999542236328,25.219999313354492,277100
2010-07-13,17.71365737915039,25.920000076293945,26.0,25.25,25.270000457763672,582800
2010-07-14,17.638484954833984,25.809999465942383,25.90999984741211,25.700000762939453,25.770000457763672,403000
2010-07-15,17.611156463623047,25.770000457763672,25.829999923706055,25.489999771118164,25.829999923706055,308800
2010-07-16,17.27629280090332,25.280000686645508,25.75,25.270000457763672,25.700000762939453,557800
2010-07-19,17.21478271484375,25.190000534057617,25.40999984741211,25.020000457763672,25.399999618530273,271900
2010-07-20,17.61799430847168,25.780000686645508,25.780000686645508,24.8700008392334,25.0,419700
2010-07-21,17.29679298400879,25.309999465942383,25.84000015258789,25.270000457763672,25.84000015258789,466900
2010-07-22,17.631656646728516,25.799999237060547,25.809999465942383,25.520000457763672,25.540000915527344,654100
2010-07-23,17.652158737182617,25.829999923706055,25.829999923706055,25.6200008392334,25.719999313354492,619400
2010-07-26,17.870845794677734,26.149999618530273,26.270000457763672,25.809999465942383,25.899999618530273,491400
2010-07-27,17.761507034301758,25.989999771118164,26.440000534057617,25.770000457763672,26.25,810100
2010-07-28,17.324119567871094,25.350000381469727,26.049999237060547,25.149999618530273,25.739999771118164,797600
2010-07-29,17.255786895751953,25.25,25.5,24.809999465942383,25.5,731600
2010-07-30,17.371971130371094,25.420000076293945,25.469999313354492,24.850000381469727,24.889999389648438,461300
2010-08-02,17.46763801574707,25.559999465942383,25.780000686645508,25.239999771118164,25.760000228881836,639500
2010-08-03,17.34463119506836,25.3799991607666,25.579999923706055,25.31999969482422,25.389999389648438,406300
2010-08-04,17.310461044311523,25.329999923706055,25.600000381469727,25.280000686645508,25.459999084472656,374200
2010-08-05,17.173784255981445,25.1299991607666,25.420000076293945,25.1200008392334,25.280000686645508,378500
2010-08-06,17.392475128173828,25.450000762939453,25.489999771118164,24.889999389648438,24.979999542236328,520900
2010-08-09,17.66582679748535,25.850000381469727,25.850000381469727,25.420000076293945,25.610000610351562,279300
2010-08-10,17.406137466430664,25.469999313354492,25.709999084472656,25.450000762939453,25.68000030517578,249000
2010-08-11,16.9824275970459,24.850000381469727,25.190000534057617,24.850000381469727,25.1200008392334,376900
2010-08-12,16.914093017578125,24.75,24.799999237060547,24.5,24.5,276800
2010-08-13,16.866256713867188,24.68000030517578,24.90999984741211,24.600000381469727,24.700000762939453,340600
2010-08-16,16.879924774169922,24.700000762939453,24.799999237060547,24.520000457763672,24.649999618530273,385500
2010-08-17,17.098604202270508,25.020000457763672,25.059999465942383,24.6200008392334,24.770000457763672,302500
2010-08-18,17.16694450378418,25.1200008392334,25.239999771118164,24.729999542236328,25.010000228881836,255900
2010-08-19,16.886747360229492,24.709999084472656,25.09000015258789,24.709999084472656,25.059999465942383,258900
2010-08-20,16.92776107788086,24.770000457763672,24.81999969482422,24.510000228881836,24.639999389648438,239000
2010-08-23,16.859416961669922,24.670000076293945,24.889999389648438,24.639999389648438,24.780000686645508,443700
2010-08-24,16.688566207885742,24.420000076293945,24.610000610351562,24.34000015258789,24.459999084472656,523400
2010-08-25,16.95509147644043,24.809999465942383,24.8799991607666,24.299999237060547,24.299999237060547,522900
2010-08-26,17.009761810302734,24.889999389648438,25.18000030517578,24.829999923706055,24.899999618530273,331500
2010-08-27,17.310461044311523,25.329999923706055,25.329999923706055,24.719999313354492,25.020000457763672,377200
2010-08-30,16.95509147644043,24.809999465942383,25.399999618530273,24.780000686645508,25.200000762939453,338400
2010-08-31,16.9824275970459,24.850000381469727,24.989999771118164,24.6299991607666,24.719999313354492,471300
2010-09-01,17.47447967529297,25.56999969482422,25.610000610351562,24.969999313354492,25.15999984741211,635800
2010-09-02,17.570152282714844,25.709999084472656,25.739999771118164,25.40999984741211,25.559999465942383,526800
2010-09-03,17.62482452392578,25.790000915527344,26.0,25.600000381469727,25.989999771118164,356000
2010-09-07,17.440309524536133,25.520000457763672,25.81999969482422,25.510000228881836,25.739999771118164,340300
2010-09-08,17.310461044311523,25.329999923706055,25.700000762939453,25.309999465942383,25.6299991607666,649900
2010-09-09,17.529144287109375,25.649999618530273,25.75,25.459999084472656,25.700000762939453,263400
2010-09-10,17.508649826049805,25.6200008392334,25.770000457763672,25.420000076293945,25.729999542236328,285900
2010-09-13,17.740999221801758,25.959999084472656,26.0,25.719999313354492,25.799999237060547,331700
2010-09-14,17.73417091369629,25.950000762939453,26.100000381469727,25.889999389648438,25.889999389648438,322300
2010-09-15,17.747833251953125,25.969999313354492,26.040000915527344,25.829999923706055,25.899999618530273,413000
2010-09-16,17.76833724975586,26.0,26.100000381469727,25.93000030517578,25.969999313354492,172100
2010-09-17,17.836671829223633,26.100000381469727,26.290000915527344,26.030000686645508,26.09000015258789,464700
2010-09-20,18.048526763916016,26.40999984741211,26.43000030517578,26.09000015258789,26.25,444300
2010-09-21,18.096364974975586,26.479999542236328,26.700000762939453,26.360000610351562,26.3799991607666,343300
2010-09-22,17.884521484375,26.170000076293945,26.600000381469727,26.170000076293945,26.40999984741211,325400
2010-09-23,17.658994674682617,25.84000015258789,26.15999984741211,25.829999923706055,26.040000915527344,317600
2010-09-24,18.267223358154297,26.729999542236328,26.75,26.059999465942383,26.15999984741211,443900
2010-09-27,18.05536651611328,26.420000076293945,26.65999984741211,26.31999969482422,26.65999984741211,355600
2010-09-28,18.07611656188965,26.1299991607666,26.209999084472656,25.899999618530273,26.020000457763672,255700
2010-09-29,18.179885864257812,26.280000686645508,26.40999984741211,25.90999984741211,25.93000030517578,317900
2010-09-30,18.24214744567871,26.3700008392334,26.65999984741211,26.34000015258789,26.34000015258789,624500
2010-10-01,18.09686851501465,26.15999984741211,26.600000381469727,26.06999969482422,26.399999618530273,397300
2010-10-04,18.138378143310547,26.219999313354492,26.34000015258789,25.8700008392334,26.100000381469727,442000
2010-10-05,18.318233489990234,26.479999542236328,26.5,26.06999969482422,26.459999084472656,320000
2010-10-06,18.24214744567871,26.3700008392334,26.459999084472656,26.329999923706055,26.389999389648438,242200
2010-10-07,18.131460189819336,26.209999084472656,26.5,26.200000762939453,26.5,112600
2010-10-08,18.09686851501465,26.15999984741211,26.239999771118164,26.030000686645508,26.200000762939453,202100
2010-10-11,18.26289939880371,26.399999618530273,26.5,26.1299991607666,26.1299991607666,214800
2010-10-12,18.338987350463867,26.510000228881836,26.520000457763672,26.18000030517578,26.389999389648438,257800
2010-10-13,18.4842529296875,26.719999313354492,26.899999618530273,26.489999771118164,26.649999618530273,386900
2010-10-14,18.629539489746094,26.93000030517578,27.0,26.729999542236328,26.770000457763672,413900
2010-10-15,18.352834701538086,26.530000686645508,27.1200008392334,26.510000228881836,27.0,506600
2010-10-18,18.74713897705078,27.100000381469727,27.100000381469727,26.579999923706055,26.6299991607666,362900
2010-10-19,18.58802604675293,26.8700008392334,27.200000762939453,26.780000686645508,26.799999237060547,529200
2010-10-20,18.843992233276367,27.239999771118164,27.260000228881836,26.950000762939453,26.979999542236328,340100
2010-10-21,18.87165641784668,27.280000686645508,27.540000915527344,27.18000030517578,27.25,354800
2010-10-22,18.947751998901367,27.389999389648438,27.450000762939453,27.299999237060547,27.299999237060547,148800
2010-10-25,19.030765533447266,27.510000228881836,27.549999237060547,27.260000228881836,27.469999313354492,375800
2010-10-26,18.830154418945312,27.219999313354492,27.610000610351562,27.18000030517578,27.469999313354492,440500
2010-10-27,19.81939125061035,28.649999618530273,28.719999313354492,27.219999313354492,27.219999313354492,1317200
2010-10-28,19.584190368652344,28.309999465942383,28.899999618530273,28.25,28.75,704000
2010-10-29,19.480422973632812,28.15999984741211,28.3700008392334,28.020000457763672,28.219999313354492,377500
2010-11-01,19.494264602661133,28.18000030517578,28.3700008392334,28.040000915527344,28.09000015258789,331400
2010-11-02,19.611862182617188,28.350000381469727,28.469999313354492,28.219999313354492,28.360000610351562,269700
2010-11-03,19.72254180908203,28.510000228881836,28.530000686645508,28.239999771118164,28.399999618530273,468800
2010-11-04,19.98541831970215,28.889999389648438,28.899999618530273,28.5,28.690000534057617,501100
2010-11-05,19.943912506103516,28.829999923706055,29.0,28.649999618530273,28.84000015258789,444400
2010-11-08,19.70178985595703,28.479999542236328,28.75,28.360000610351562,28.68000030517578,371300
2010-11-09,19.348976135253906,27.969999313354492,28.600000381469727,27.969999313354492,28.5,555500
2010-11-10,19.508094787597656,28.200000762939453,28.25,27.950000762939453,28.030000686645508,492000
2010-11-11,19.54960060119629,28.260000228881836,28.350000381469727,28.030000686645508,28.040000915527344,299900
2010-11-12,19.348976135253906,27.969999313354492,28.260000228881836,27.969999313354492,28.15999984741211,315700
2010-11-15,19.515018463134766,28.209999084472656,28.389999389648438,27.8700008392334,28.010000228881836,361900
2010-11-16,19.224470138549805,27.790000915527344,28.1299991607666,27.690000534057617,28.09000015258789,372400
2010-11-17,19.231382369995117,27.799999237060547,27.989999771118164,27.649999618530273,27.81999969482422,237600
2010-11-18,19.54960060119629,28.260000228881836,28.350000381469727,28.0,28.0,246800
2010-11-19,19.54960060119629,28.260000228881836,28.270000457763672,27.969999313354492,28.190000534057617,201500
2010-11-22,19.5772705078125,28.299999237060547,28.360000610351562,28.110000610351562,28.15999984741211,379300
2010-11-23,19.390493392944336,28.030000686645508,28.219999313354492,27.969999313354492,28.010000228881836,301400
2010-11-24,19.660289764404297,28.420000076293945,28.420000076293945,28.170000076293945,28.190000534057617,235500
2010-11-26,19.5565185546875,28.270000457763672,28.389999389648438,28.139999389648438,28.139999389648438,140600
2010-11-29,19.5772705078125,28.299999237060547,28.3799991607666,27.959999084472656,28.149999618530273,269000
2010-11-30,19.425090789794922,28.079999923706055,28.280000686645508,27.959999084472656,28.049999237060547,478400
2010-12-01,19.888572692871094,28.75,28.75,28.360000610351562,28.360000610351562,393500
2010-12-02,19.971586227416992,28.8700008392334,28.889999389648438,28.600000381469727,28.75,361300
2010-12-03,19.98541831970215,28.889999389648438,28.940000534057617,28.489999771118164,28.760000228881836,300800
2010-12-06,19.777883529663086,28.59000015258789,28.850000381469727,28.56999969482422,28.809999465942383,437500
2010-12-07,19.98541831970215,28.889999389648438,28.93000030517578,28.700000762939453,28.790000915527344,478500
2010-12-08,20.09610939025879,29.049999237060547,29.100000381469727,28.81999969482422,28.950000762939453,280300
2010-12-09,20.179109573364258,29.170000076293945,29.25,28.899999618530273,29.149999618530273,455200
2010-12-10,20.317474365234375,29.3700008392334,29.40999984741211,29.049999237060547,29.15999984741211,420500
2010-12-13,20.393569946289062,29.479999542236328,29.540000915527344,29.299999237060547,29.3799991607666,369100
2010-12-14,20.469663619995117,29.59000015258789,29.799999237060547,29.479999542236328,29.479999542236328,390200
2010-12-15,20.33823013305664,29.399999618530273,29.729999542236328,29.31999969482422,29.600000381469727,712500
2010-12-16,20.511165618896484,29.649999618530273,29.780000686645508,29.309999465942383,29.389999389648438,400600
2010-12-17,20.38665199279785,29.469999313354492,29.760000228881836,29.440000534057617,29.700000762939453,1364100
2010-12-20,20.40740203857422,29.5,29.59000015258789,29.399999618530273,29.540000915527344,509100
2010-12-21,20.421241760253906,29.520000457763672,29.579999923706055,29.43000030517578,29.5,511000
2010-12-22,20.400487899780273,29.489999771118164,29.700000762939453,29.43000030517578,29.510000228881836,669100
2010-12-23,20.365894317626953,29.440000534057617,29.65999984741211,29.40999984741211,29.510000228881836,201000
2010-12-27,20.345144271850586,29.40999984741211,29.469999313354492,29.34000015258789,29.469999313354492,268300
2010-12-28,20.303638458251953,29.350000381469727,29.450000762939453,29.200000762939453,29.420000076293945,335600
2010-12-29,20.45050811767578,29.239999771118164,29.309999465942383,28.90999984741211,29.100000381469727,252000
2010-12-30,20.415544509887695,29.190000534057617,29.399999618530273,29.06999969482422,29.25,220300
2010-12-31,20.338605880737305,29.079999923706055,29.200000762939453,29.030000686645508,29.1200008392334,202400
2011-01-03,20.59738540649414,29.450000762939453,29.510000228881836,29.239999771118164,29.290000915527344,408600
2011-01-04,20.35259246826172,29.100000381469727,29.5,29.079999923706055,29.5,305000
2011-01-05,20.366579055786133,29.1200008392334,29.309999465942383,28.93000030517578,28.959999084472656,300100
2011-01-06,20.29664421081543,29.020000457763672,29.290000915527344,28.969999313354492,29.049999237060547,312400
2011-01-07,20.170751571655273,28.84000015258789,29.190000534057617,28.670000076293945,29.059999465942383,303700
2011-01-10,20.2476863861084,28.950000762939453,29.100000381469727,28.399999618530273,28.690000534057617,396100
2011-01-11,20.212717056274414,28.899999618530273,29.079999923706055,28.809999465942383,28.979999542236328,252300
2011-01-12,20.170751571655273,28.84000015258789,29.09000015258789,28.709999084472656,29.09000015258789,465400
2011-01-13,20.06584358215332,28.690000534057617,28.940000534057617,28.65999984741211,28.84000015258789,201500
2011-01-14,20.233701705932617,28.93000030517578,28.93000030517578,28.6299991607666,28.700000762939453,298900
2011-01-18,20.415544509887695,29.190000534057617,29.190000534057617,28.81999969482422,28.899999618530273,589800
2011-01-19,20.212717056274414,28.899999618530273,29.149999618530273,28.860000610351562,29.149999618530273,344500
2011-01-20,20.170751571655273,28.84000015258789,28.979999542236328,28.670000076293945,28.799999237060547,289600
2011-01-21,20.030868530273438,28.639999389648438,28.950000762939453,28.59000015258789,28.950000762939453,249300
2011-01-24,20.24068832397461,28.940000534057617,29.010000228881836,28.59000015258789,28.68000030517578,261800
2011-01-25,20.59738540649414,29.450000762939453,29.469999313354492,28.850000381469727,28.959999084472656,442800
2011-01-26,20.751251220703125,29.670000076293945,29.690000534057617,29.40999984741211,29.520000457763672,303200
2011-01-27,20.982057571411133,30.0,30.049999237060547,29.510000228881836,29.700000762939453,565900
2011-01-28,20.772245407104492,29.700000762939453,30.170000076293945,29.610000610351562,30.09000015258789,432100
2011-01-31,20.758251190185547,29.68000030517578,29.920000076293945,29.479999542236328,29.84000015258789,716300
2011-02-01,20.947092056274414,29.950000762939453,30.010000228881836,29.479999542236328,29.790000915527344,756700
2011-02-02,20.90511703491211,29.889999389648438,30.389999389648438,29.540000915527344,30.020000457763672,629800
2011-02-03,20.814199447631836,29.760000228881836,29.979999542236328,29.68000030517578,29.780000686645508,372300
2011-02-04,21.01702880859375,30.049999237060547,30.18000030517578,29.670000076293945,29.670000076293945,458500
2011-02-07,21.11494255065918,30.190000534057617,30.209999084472656,29.93000030517578,30.020000457763672,514200
2011-02-08,21.14291763305664,30.229999542236328,30.290000915527344,30.040000915527344,30.290000915527344,382500
2011-02-09,21.003042221069336,30.030000686645508,30.219999313354492,29.969999313354492,30.1299991607666,423700
2011-02-10,21.051992416381836,30.100000381469727,30.1200008392334,29.729999542236328,29.950000762939453,269700
2011-02-11,21.191877365112305,30.299999237060547,30.34000015258789,29.979999542236328,29.989999771118164,242100
2011-02-14,21.275800704956055,30.420000076293945,30.459999084472656,30.290000915527344,30.34000015258789,217100
2011-02-15,21.394704818725586,30.59000015258789,30.850000381469727,30.3799991607666,30.3799991607666,328300
2011-02-16,21.75139808654785,31.100000381469727,31.329999923706055,30.780000686645508,30.81999969482422,684900
2011-02-17,21.968219757080078,31.40999984741211,31.469999313354492,30.90999984741211,31.059999465942383,412600
2011-02-18,22.115083694458008,31.6200008392334,31.670000076293945,31.229999542236328,31.440000534057617,339400
2011-02-22,21.870298385620117,31.270000457763672,31.920000076293945,31.239999771118164,31.6200008392334,642200
2011-02-23,21.457643508911133,30.68000030517578,31.280000686645508,30.670000076293945,31.280000686645508,544200
2011-02-24,21.42967414855957,30.639999389648438,30.93000030517578,30.43000030517578,30.719999313354492,595800
2011-02-25,21.758394241333008,31.110000610351562,31.110000610351562,30.639999389648438,30.75,421200
2011-02-28,21.961223602294922,31.399999618530273,31.56999969482422,31.06999969482422,31.18000030517578,458000
2011-03-01,21.653493881225586,30.959999084472656,31.450000762939453,30.780000686645508,31.399999618530273,562100
2011-03-02,21.569561004638672,30.84000015258789,31.040000915527344,30.729999542236328,30.920000076293945,210000
2011-03-03,21.954221725463867,31.389999389648438,31.489999771118164,31.06999969482422,31.139999389648438,259800
2011-03-04,21.625507354736328,30.920000076293945,31.34000015258789,30.729999542236328,31.270000457763672,321600
2011-03-07,21.471643447875977,30.700000762939453,31.18000030517578,30.65999984741211,31.030000686645508,318600
2011-03-08,21.6464900970459,30.950000762939453,31.0,30.700000762939453,30.81999969482422,410400
2011-03-09,21.499610900878906,30.739999771118164,30.940000534057617,30.700000762939453,30.8700008392334,329100
2011-03-10,21.303783416748047,30.459999084472656,30.639999389648438,30.299999237060547,30.549999237060547,293800
2011-03-11,21.57655143737793,30.850000381469727,31.0,30.440000534057617,30.459999084472656,383100
2011-03-14,21.57655143737793,30.850000381469727,31.049999237060547,30.399999618530273,30.440000534057617,446400
2011-03-15,21.275800704956055,30.420000076293945,30.709999084472656,29.889999389648438,29.90999984741211,596700
2011-03-16,21.010032653808594,30.040000915527344,30.43000030517578,29.969999313354492,30.420000076293945,591500
2011-03-17,21.051992416381836,30.100000381469727,30.360000610351562,30.0,30.350000381469727,420200
2011-03-18,21.038013458251953,30.079999923706055,30.690000534057617,30.030000686645508,30.309999465942383,834800
2011-03-21,21.310773849487305,30.469999313354492,30.639999389648438,30.309999465942383,30.350000381469727,481900
2011-03-22,21.19886589050293,30.309999465942383,30.610000610351562,30.309999465942383,30.459999084472656,256600
2011-03-23,21.2198486328125,30.34000015258789,30.440000534057617,30.0,30.34000015258789,321500
2011-03-24,21.177894592285156,30.280000686645508,30.43000030517578,29.93000030517578,30.360000610351562,540500
2011-03-25,21.247825622558594,30.3799991607666,30.709999084472656,30.329999923706055,30.3700008392334,432400
2011-03-28,21.401695251464844,30.600000381469727,30.690000534057617,30.329999923706055,30.329999923706055,571500
2011-03-29,21.49361228942871,30.399999618530273,30.440000534057617,30.030000686645508,30.440000534057617,423200
2011-03-30,21.571386337280273,30.510000228881836,30.549999237060547,30.3700008392334,30.399999618530273,374700
2011-03-31,21.50068473815918,30.40999984741211,30.5,30.329999923706055,30.450000762939453,483400
2011-04-01,21.783491134643555,30.809999465942383,30.850000381469727,30.549999237060547,30.600000381469727,834300
2011-04-04,21.840057373046875,30.889999389648438,30.950000762939453,30.780000686645508,30.780000686645508,602300
2011-04-05,21.811777114868164,30.850000381469727,30.920000076293945,30.780000686645508,30.809999465942383,535600
2011-04-06,21.960241317749023,31.059999465942383,31.100000381469727,30.780000686645508,30.90999984741211,468500
2011-04-07,21.94610595703125,31.040000915527344,31.219999313354492,30.889999389648438,31.010000228881836,553600
2011-04-08,21.769351959228516,30.790000915527344,31.06999969482422,30.700000762939453,31.0,737200
2011-04-11,21.68450927734375,30.670000076293945,30.940000534057617,30.610000610351562,30.780000686645508,264000
2011-04-12,21.224943161010742,30.020000457763672,30.5,30.020000457763672,30.489999771118164,458300
2011-04-13,21.224943161010742,30.020000457763672,30.200000762939453,29.959999084472656,30.15999984741211,512300
2011-04-14,21.253223419189453,30.059999465942383,30.209999084472656,29.75,29.770000457763672,680500
2011-04-15,21.168380737304688,29.940000534057617,30.139999389648438,29.8799991607666,30.049999237060547,536500
2011-04-18,20.722957611083984,29.309999465942383,29.719999313354492,29.15999984741211,29.68000030517578,743000
2011-04-19,20.63103485107422,29.18000030517578,29.450000762939453,29.06999969482422,29.450000762939453,435800
2011-04-20,20.920923233032227,29.59000015258789,29.719999313354492,29.420000076293945,29.649999618530273,660900
2011-04-21,20.920923233032227,29.59000015258789,29.729999542236328,29.510000228881836,29.729999542236328,347700
2011-04-25,20.93505859375,29.610000610351562,29.670000076293945,29.479999542236328,29.479999542236328,402100
2011-04-26,21.00576400756836,29.709999084472656,29.84000015258789,29.600000381469727,29.6200008392334,554300
2011-04-27,21.175453186035156,29.950000762939453,30.059999465942383,29.40999984741211,29.5,1160800
2011-04-28,21.302709579467773,30.1299991607666,30.149999618530273,29.850000381469727,29.850000381469727,557700
2011-04-29,21.055253982543945,29.780000686645508,30.200000762939453,29.649999618530273,30.200000762939453,728000
2011-05-02,20.751232147216797,29.350000381469727,29.90999984741211,29.34000015258789,29.799999237060547,555900
2011-05-03,20.970407485961914,29.65999984741211,29.65999984741211,29.309999465942383,29.350000381469727,598600
2011-05-04,20.73002052307129,29.31999969482422,29.6200008392334,29.139999389648438,29.6200008392334,752000
2011-05-05,20.694673538208008,29.270000457763672,29.459999084472656,29.0,29.25,515100
2011-05-06,20.73709487915039,29.329999923706055,29.639999389648438,29.31999969482422,29.489999771118164,523400
2011-05-09,20.623964309692383,29.170000076293945,29.389999389648438,29.15999984741211,29.299999237060547,459700
2011-05-10,20.829011917114258,29.459999084472656,29.549999237060547,29.280000686645508,29.299999237060547,607600
2011-05-11,20.744155883789062,29.34000015258789,29.59000015258789,29.229999542236328,29.479999542236328,485200
2011-05-12,20.949203491210938,29.6299991607666,29.719999313354492,28.899999618530273,29.6299991607666,674000
2011-05-13,20.623964309692383,29.170000076293945,29.649999618530273,29.079999923706055,29.649999618530273,450800
2011-05-16,20.623964309692383,29.170000076293945,29.31999969482422,28.979999542236328,29.059999465942383,301600
2011-05-17,20.319948196411133,28.739999771118164,29.1200008392334,28.600000381469727,28.989999771118164,531700
2011-05-18,20.55326271057129,29.06999969482422,29.09000015258789,28.719999313354492,28.799999237060547,329400
2011-05-19,20.5886173248291,29.1200008392334,29.25,29.0,29.1200008392334,690300
2011-05-20,20.305805206298828,28.719999313354492,29.09000015258789,28.709999084472656,29.030000686645508,773100
2011-05-23,19.902799606323242,28.149999618530273,28.469999313354492,28.110000610351562,28.469999313354492,752300
2011-05-24,19.84623908996582,28.06999969482422,28.31999969482422,28.030000686645508,28.239999771118164,373200
2011-05-25,19.938152313232422,28.200000762939453,28.229999542236328,27.860000610351562,28.219999313354492,863400
2011-05-26,20.15025520324707,28.5,28.579999923706055,28.09000015258789,28.139999389648438,627200
2011-05-27,20.235103607177734,28.6200008392334,28.739999771118164,28.459999084472656,28.6200008392334,343600
2011-05-31,20.298734664916992,28.709999084472656,28.959999084472656,28.540000915527344,28.809999465942383,877800
2011-06-01,20.022993087768555,28.31999969482422,28.719999313354492,28.290000915527344,28.649999618530273,882700
2011-06-02,20.07248878479004,28.389999389648438,28.6299991607666,28.260000228881836,28.440000534057617,892500
2011-06-03,20.065412521362305,28.3799991607666,28.559999465942383,28.0,28.09000015258789,811600
2011-06-06,20.00885581970215,28.299999237060547,28.56999969482422,28.15999984741211,28.290000915527344,524800
2011-06-07,20.107839584350586,28.440000534057617,28.56999969482422,28.260000228881836,28.440000534057617,443200
2011-06-08,20.00885581970215,28.299999237060547,28.549999237060547,28.200000762939453,28.440000534057617,800300
2011-06-09,20.044208526611328,28.350000381469727,28.389999389648438,28.110000610351562,28.350000381469727,564000
2011-06-10,19.754329681396484,27.940000534057617,28.280000686645508,27.809999465942383,28.229999542236328,423500
2011-06-13,19.973506927490234,28.25,28.3700008392334,27.889999389648438,28.0,1028100
2011-06-14,20.051280975341797,28.360000610351562,28.56999969482422,28.309999465942383,28.40999984741211,601900
2011-06-15,19.81795310974121,28.030000686645508,28.3799991607666,27.889999389648438,28.09000015258789,560900
2011-06-16,19.881595611572266,28.1200008392334,28.360000610351562,27.920000076293945,28.020000457763672,730100
2011-06-17,19.867454528808594,28.100000381469727,28.34000015258789,27.8700008392334,28.239999771118164,1171300
2011-06-20,19.902799606323242,28.149999618530273,28.3700008392334,27.979999542236328,28.030000686645508,469300
2011-06-21,20.09370231628418,28.420000076293945,28.5,28.209999084472656,28.260000228881836,1016000
2011-06-22,19.973506927490234,28.25,28.479999542236328,28.25,28.3799991607666,553400
2011-06-23,19.909873962402344,28.15999984741211,28.200000762939453,27.850000381469727,27.989999771118164,610400
2011-06-24,19.81088638305664,28.020000457763672,28.329999923706055,27.969999313354492,28.190000534057617,536300
2011-06-27,19.740184783935547,27.920000076293945,28.270000457763672,27.90999984741211,28.049999237060547,533700
2011-06-28,20.047842025756836,28.020000457763672,28.040000915527344,27.68000030517578,27.850000381469727,347400
2011-06-29,20.35550308227539,28.450000762939453,28.479999542236328,28.059999465942383,28.110000610351562,533100
2011-06-30,20.419891357421875,28.540000915527344,28.81999969482422,28.420000076293945,28.450000762939453,694300
2011-07-01,20.555835723876953,28.729999542236328,28.760000228881836,28.3799991607666,28.520000457763672,568800
2011-07-05,20.498600006103516,28.649999618530273,28.770000457763672,28.520000457763672,28.75,339300
2011-07-06,20.613079071044922,28.809999465942383,28.889999389648438,28.579999923706055,28.6299991607666,367800
2011-07-07,20.7847957611084,29.049999237060547,29.1299991607666,28.889999389648438,28.959999084472656,317700
2011-07-08,20.605926513671875,28.799999237060547,28.899999618530273,28.649999618530273,28.809999465942383,377000
2011-07-11,20.29825782775879,28.3700008392334,28.739999771118164,28.31999969482422,28.520000457763672,330400
2011-07-12,20.412738800048828,28.530000686645508,28.739999771118164,28.270000457763672,28.299999237060547,407100
2011-07-13,20.29825782775879,28.3700008392334,28.829999923706055,28.34000015258789,28.6200008392334,433700
2011-07-14,20.090776443481445,28.079999923706055,28.540000915527344,28.040000915527344,28.459999084472656,502300
2011-07-15,19.868972778320312,27.770000457763672,28.209999084472656,27.6299991607666,28.18000030517578,401900
2011-07-18,19.68294906616211,27.510000228881836,27.799999237060547,27.299999237060547,27.690000534057617,528000
2011-07-19,19.296586990356445,26.969999313354492,27.459999084472656,26.8799991607666,27.459999084472656,1445300
2011-07-20,19.260807037353516,26.920000076293945,27.1299991607666,26.84000015258789,26.979999542236328,573700
2011-07-21,19.79026985168457,27.65999984741211,27.68000030517578,27.010000228881836,27.059999465942383,743300
2011-07-22,19.711566925048828,27.549999237060547,27.690000534057617,27.360000610351562,27.670000076293945,335500
2011-07-25,19.711566925048828,27.549999237060547,27.729999542236328,27.34000015258789,27.350000381469727,501600
2011-07-26,19.7330265045166,27.579999923706055,27.84000015258789,27.510000228881836,27.559999465942383,475600
2011-07-27,20.190937042236328,28.219999313354492,28.979999542236328,27.56999969482422,27.8700008392334,1503000
2011-07-28,20.11939239501953,28.1200008392334,28.56999969482422,28.049999237060547,28.479999542236328,895000
2011-07-29,20.11939239501953,28.1200008392334,28.239999771118164,27.68000030517578,27.889999389648438,972100
2011-08-01,20.25533103942871,28.309999465942383,28.549999237060547,27.889999389648438,28.40999984741211,1167400
2011-08-02,20.112239837646484,28.110000610351562,28.3700008392334,28.079999923706055,28.149999618530273,903700
2011-08-03,20.25533103942871,28.309999465942383,28.43000030517578,27.860000610351562,28.139999389648438,1012600
2011-08-04,19.511232376098633,27.270000457763672,28.110000610351562,27.25,28.040000915527344,891900
2011-08-05,18.924531936645508,26.450000762939453,27.469999313354492,26.270000457763672,27.469999313354492,1298900
2011-08-08,17.536495208740234,24.510000228881836,26.239999771118164,24.5,25.709999084472656,2190700
2011-08-09,18.724199295043945,26.170000076293945,26.190000534057617,24.290000915527344,24.959999084472656,1463600
2011-08-10,18.037334442138672,25.209999084472656,26.15999984741211,25.170000076293945,25.690000534057617,1477300
2011-08-11,19.11771011352539,26.719999313354492,26.979999542236328,25.280000686645508,25.389999389648438,922100
2011-08-12,18.960308074951172,26.5,27.049999237060547,26.309999465942383,27.049999237060547,829100
2011-08-15,19.396753311157227,27.110000610351562,27.110000610351562,26.729999542236328,26.729999542236328,479800
2011-08-16,19.318050384521484,27.0,27.100000381469727,26.670000076293945,27.020000457763672,437800
2011-08-17,19.282278060913086,26.950000762939453,27.329999923706055,26.860000610351562,27.18000030517578,532600
2011-08-18,18.645490646362305,26.059999465942383,26.469999313354492,25.8799991607666,26.290000915527344,863100
2011-08-19,18.480928421020508,25.829999923706055,26.440000534057617,25.610000610351562,25.690000534057617,456300
2011-08-22,18.55963706970215,25.940000534057617,26.489999771118164,25.700000762939453,26.3700008392334,576800
2011-08-23,19.375286102294922,27.079999923706055,27.079999923706055,25.940000534057617,26.06999969482422,917600
2011-08-24,19.661481857299805,27.479999542236328,27.510000228881836,26.850000381469727,27.100000381469727,720800
2011-08-25,19.50407600402832,27.260000228881836,27.739999771118164,26.790000915527344,27.739999771118164,832000
2011-08-26,19.847505569458008,27.739999771118164,27.920000076293945,27.06999969482422,27.06999969482422,947700
2011-08-29,20.269643783569336,28.329999923706055,28.34000015258789,27.860000610351562,28.100000381469727,646400
2011-08-30,20.133699417114258,28.139999389648438,28.399999618530273,27.850000381469727,28.1200008392334,395600
2011-08-31,20.183788299560547,28.209999084472656,28.479999542236328,27.899999618530273,28.260000228881836,730400
2011-09-01,20.012060165405273,27.969999313354492,28.520000457763672,27.8700008392334,28.3700008392334,740300
2011-09-02,19.446836471557617,27.18000030517578,27.799999237060547,27.18000030517578,27.549999237060547,466000
2011-09-06,19.210723876953125,26.850000381469727,26.93000030517578,26.350000381469727,26.420000076293945,768700
2011-09-07,19.840356826782227,27.729999542236328,27.780000686645508,27.1299991607666,27.219999313354492,553100
2011-09-08,19.747339248657227,27.600000381469727,27.899999618530273,27.440000534057617,27.440000534057617,686100
2011-09-09,19.41822624206543,27.139999389648438,27.56999969482422,26.6200008392334,27.31999969482422,1283500
2011-09-12,19.43252944946289,27.15999984741211,27.170000076293945,26.15999984741211,26.299999237060547,1190400
2011-09-13,19.38243865966797,27.09000015258789,27.389999389648438,26.860000610351562,27.139999389648438,1139000
2011-09-14,19.582782745361328,27.3700008392334,27.600000381469727,27.010000228881836,27.299999237060547,1001000
2011-09-15,19.947677612304688,27.8799991607666,27.899999618530273,27.360000610351562,27.639999389648438,631800
2011-09-16,20.233867645263672,28.280000686645508,28.280000686645508,27.6200008392334,27.850000381469727,1007200
2011-09-19,20.047842025756836,28.020000457763672,28.209999084472656,27.610000610351562,27.84000015258789,654300
2011-09-20,19.969141006469727,27.90999984741211,28.579999923706055,27.90999984741211,28.020000457763672,768500
2011-09-21,19.260807037353516,26.920000076293945,28.020000457763672,26.920000076293945,27.889999389648438,946500
2011-09-22,19.0676326751709,26.649999618530273,26.93000030517578,26.280000686645508,26.309999465942383,962100
2011-09-23,19.053319931030273,26.6299991607666,26.75,26.31999969482422,26.610000610351562,581200
2011-09-26,19.318050384521484,27.0,27.020000457763672,26.3799991607666,26.8700008392334,555400
2011-09-27,19.43252944946289,27.15999984741211,27.549999237060547,26.93000030517578,27.3799991607666,810700
2011-09-28,18.90380096435547,26.100000381469727,26.899999618530273,26.079999923706055,26.8799991607666,698600
2011-09-29,19.447010040283203,26.850000381469727,26.90999984741211,26.3700008392334,26.59000015258789,608400
2011-09-30,19.04865837097168,26.299999237060547,26.920000076293945,26.299999237060547,26.469999313354492,629400
2011-10-03,18.498201370239258,25.540000915527344,26.68000030517578,25.520000457763672,26.229999542236328,715200
2011-10-04,19.171783447265625,26.469999313354492,26.510000228881836,25.270000457763672,25.350000381469727,969500
2011-10-05,19.439769744873047,26.84000015258789,27.020000457763672,26.1200008392334,26.489999771118164,493800
2011-10-06,19.787424087524414,27.31999969482422,27.350000381469727,26.670000076293945,26.81999969482422,333200
2011-10-07,19.526681900024414,26.959999084472656,27.850000381469727,26.829999923706055,27.709999084472656,831300
2011-10-10,20.098867416381836,27.75,27.760000228881836,27.15999984741211,27.34000015258789,463000
2011-10-11,19.874343872070312,27.440000534057617,27.65999984741211,27.329999923706055,27.549999237060547,455100
2011-10-12,20.019197463989258,27.639999389648438,27.8700008392334,27.489999771118164,27.56999969482422,472700
2011-10-13,19.85985565185547,27.420000076293945,27.59000015258789,27.260000228881836,27.329999923706055,556500
2011-10-14,20.098867416381836,27.75,27.81999969482422,27.31999969482422,27.760000228881836,434500
2011-10-17,19.57014274597168,27.020000457763672,27.719999313354492,26.93000030517578,27.670000076293945,676800
2011-10-18,20.316152572631836,28.049999237060547,28.25,27.1299991607666,27.1299991607666,825500
2011-10-19,20.62034797668457,28.469999313354492,28.729999542236328,27.799999237060547,27.940000534057617,1116400
2011-10-20,21.083894729614258,29.110000610351562,29.1299991607666,28.3700008392334,28.450000762939453,1163800
2011-10-21,22.105138778686523,30.520000457763672,30.520000457763672,29.139999389648438,29.389999389648438,2363400
2011-10-24,22.684560775756836,31.31999969482422,31.479999542236328,30.700000762939453,30.739999771118164,1656900
2011-10-25,22.11962127685547,30.540000915527344,31.09000015258789,30.31999969482422,31.09000015258789,2180300
2011-10-26,22.474515914916992,31.030000686645508,31.389999389648438,30.219999313354492,31.389999389648438,1819400
2011-10-27,23.11913299560547,31.920000076293945,32.11000061035156,31.389999389648438,32.0,1196700
2011-10-28,22.423818588256836,30.959999084472656,31.65999984741211,30.860000610351562,31.65999984741211,1762400
2011-10-31,22.380359649658203,30.899999618530273,31.239999771118164,30.43000030517578,30.6299991607666,1278800
2011-11-01,21.65608024597168,29.899999618530273,30.559999465942383,29.729999542236328,29.899999618530273,1536200
2011-11-02,22.061677932739258,30.459999084472656,30.559999465942383,30.200000762939453,30.389999389648438,966400
2011-11-03,22.12686538696289,30.549999237060547,30.81999969482422,30.200000762939453,30.6299991607666,706700
2011-11-04,22.06891632080078,30.469999313354492,30.559999465942383,30.18000030517578,30.309999465942383,576100
2011-11-07,22.06891632080078,30.469999313354492,30.56999969482422,30.139999389648438,30.3700008392334,565600
2011-11-08,22.46003532409668,31.010000228881836,31.010000228881836,30.309999465942383,30.600000381469727,739800
2011-11-09,22.061677932739258,30.459999084472656,30.700000762939453,30.25,30.34000015258789,986700
2011-11-10,22.29344367980957,30.780000686645508,30.8799991607666,30.450000762939453,30.75,516000
2011-11-11,22.684560775756836,31.31999969482422,31.469999313354492,30.969999313354492,31.06999969482422,531400
2011-11-14,22.48900032043457,31.049999237060547,31.18000030517578,30.8700008392334,31.040000915527344,816400
2011-11-15,22.575916290283203,31.170000076293945,31.350000381469727,30.8799991607666,31.0,670600
2011-11-16,22.409334182739258,30.940000534057617,31.3700008392334,30.799999237060547,30.899999618530273,1142900
2011-11-17,21.9457950592041,30.299999237060547,30.950000762939453,30.190000534057617,30.940000534057617,836500
2011-11-18,21.982004165649414,30.350000381469727,30.549999237060547,30.1299991607666,30.5,542500
2011-11-21,21.627103805541992,29.860000610351562,30.110000610351562,29.59000015258789,29.950000762939453,749800
2011-11-22,21.65608024597168,29.899999618530273,30.139999389648438,29.690000534057617,29.90999984741211,1429200
2011-11-23,21.264965057373047,29.360000610351562,29.719999313354492,29.309999465942383,29.700000762939453,656300
2011-11-25,21.388099670410156,29.530000686645508,29.700000762939453,29.219999313354492,29.25,218000
2011-11-28,21.71401596069336,29.979999542236328,30.280000686645508,29.799999237060547,30.280000686645508,993200
2011-11-29,21.59089469909668,29.809999465942383,30.1200008392334,29.790000915527344,30.100000381469727,645600
2011-11-30,22.43830680847168,30.979999542236328,31.020000457763672,30.459999084472656,30.889999389648438,1278200
2011-12-01,22.583154678344727,31.18000030517578,31.350000381469727,30.709999084472656,30.860000610351562,811700
2011-12-02,22.91632652282715,31.639999389648438,31.75,31.280000686645508,31.399999618530273,771200
2011-12-05,23.13361167907715,31.940000534057617,32.16999816894531,31.639999389648438,31.93000030517578,911900
2011-12-06,23.097400665283203,31.889999389648438,32.08000183105469,31.690000534057617,31.84000015258789,421900
2011-12-07,23.27122688293457,32.130001068115234,32.16999816894531,31.600000381469727,31.690000534057617,709100
2011-12-08,23.191560745239258,32.02000045776367,32.220001220703125,31.81999969482422,31.889999389648438,980800
2011-12-09,23.560941696166992,32.529998779296875,32.59000015258789,32.150001525878906,32.150001525878906,744000
2011-12-12,23.31468391418457,32.189998626708984,32.25,31.93000030517578,32.25,755700
2011-12-13,23.46678924560547,32.400001525878906,32.619998931884766,32.25,32.400001525878906,934600
2011-12-14,23.503005981445312,32.45000076293945,32.560001373291016,32.13999938964844,32.150001525878906,753900
2011-12-15,23.611642837524414,32.599998474121094,32.790000915527344,32.40999984741211,32.650001525878906,1027300
2011-12-16,23.55369758605957,32.52000045776367,32.75,32.36000061035156,32.72999954223633,1134100
2011-12-19,23.321931838989258,32.20000076293945,32.790000915527344,32.099998474121094,32.59000015258789,497700
2011-12-20,23.886869430541992,32.97999954223633,33.0,32.4900016784668,32.650001525878906,766700
2011-12-21,24.046220779418945,33.20000076293945,33.290000915527344,32.86000061035156,33.0,707200
2011-12-22,24.249013900756836,33.47999954223633,33.52000045776367,33.099998474121094,33.25,485200
2011-12-23,24.48078155517578,33.79999923706055,33.81999969482422,33.470001220703125,33.5099983215332,253300
2011-12-27,24.495269775390625,33.81999969482422,33.9900016784668,33.599998474121094,33.599998474121094,340100
2011-12-28,24.451387405395508,33.43000030517578,33.61000061035156,33.41999816894531,33.54999923706055,448000
2011-12-29,24.63423728942871,33.68000030517578,33.68000030517578,33.47999954223633,33.56999969482422,331800
2011-12-30,24.45869255065918,33.439998626708984,33.720001220703125,33.43000030517578,33.720001220703125,359200
2012-01-03,24.348981857299805,33.290000915527344,33.88999938964844,33.220001220703125,33.720001220703125,705700
2012-01-04,23.961332321166992,32.7599983215332,33.27000045776367,32.63999938964844,33.27000045776367,583000
2012-01-05,24.01984214782715,32.84000015258789,32.86000061035156,32.0099983215332,32.599998474121094,751000
2012-01-06,24.0710506439209,32.90999984741211,33.0,32.5099983215332,32.86000061035156,427800
2012-01-09,24.10761833190918,32.959999084472656,33.0,32.709999084472656,32.91999816894531,329600
2012-01-10,24.144182205200195,33.0099983215332,33.130001068115234,32.83000183105469,33.09000015258789,455200
2012-01-11,24.15149688720703,33.02000045776367,33.119998931884766,32.7599983215332,32.88999938964844,393800
2012-01-12,24.166133880615234,33.040000915527344,33.22999954223633,32.88999938964844,33.09000015258789,310100
2012-01-13,24.12224578857422,32.97999954223633,33.060001373291016,32.79999923706055,32.869998931884766,473500
2012-01-17,24.02716827392578,32.849998474121094,33.25,32.720001220703125,33.0099983215332,418400
2012-01-18,24.348981857299805,33.290000915527344,33.290000915527344,32.7599983215332,32.88999938964844,251400
2012-01-19,24.231956481933594,33.130001068115234,33.45000076293945,33.06999969482422,33.45000076293945,299600
2012-01-20,24.341663360595703,33.279998779296875,33.310001373291016,32.93000030517578,33.08000183105469,643100
2012-01-23,24.54646110534668,33.560001373291016,33.560001373291016,33.15999984741211,33.27000045776367,462900
2012-01-24,24.48064422607422,33.470001220703125,33.599998474121094,33.29999923706055,33.400001525878906,580500
2012-01-25,24.53915023803711,33.54999923706055,33.560001373291016,33.22999954223633,33.459999084472656,504800
2012-01-26,24.509899139404297,33.5099983215332,33.810001373291016,33.4900016784668,33.63999938964844,464500
2012-01-27,24.42212677001953,33.38999938964844,33.56999969482422,33.040000915527344,33.040000915527344,645000
2012-01-30,24.414819717407227,33.380001068115234,33.5099983215332,32.79999923706055,33.20000076293945,925500
2012-01-31,24.38555145263672,33.34000015258789,33.779998779296875,33.189998626708984,33.599998474121094,598400
2012-02-01,25.087717056274414,34.29999923706055,34.45000076293945,33.09000015258789,33.86000061035156,1053500
2012-02-02,25.358339309692383,34.66999816894531,34.79999923706055,34.29999923706055,34.45000076293945,923600
2012-02-03,25.438800811767578,34.779998779296875,34.95000076293945,34.58000183105469,34.91999816894531,904000
2012-02-06,25.563140869140625,34.95000076293945,34.959999084472656,34.029998779296875,34.4900016784668,799800
2012-02-07,25.746002197265625,35.20000076293945,35.33000183105469,34.77000045776367,34.81999969482422,551900
2012-02-08,25.760637283325195,35.220001220703125,35.27000045776367,34.97999954223633,35.04999923706055,545400
2012-02-09,25.965421676635742,35.5,35.54999923706055,35.040000915527344,35.189998626708984,506800
2012-02-10,25.760637283325195,35.220001220703125,35.29999923706055,34.97999954223633,35.02000045776367,420500
2012-02-13,25.804513931274414,35.279998779296875,35.689998626708984,35.209999084472656,35.470001220703125,446200
2012-02-14,25.65091323852539,35.06999969482422,35.290000915527344,34.91999816894531,35.20000076293945,483100
2012-02-15,25.380292892456055,34.70000076293945,35.119998931884766,34.619998931884766,35.06999969482422,595300
2012-02-16,25.497314453125,34.86000061035156,35.04999923706055,34.61000061035156,34.61000061035156,754200
2012-02-17,25.482688903808594,34.84000015258789,35.0,34.83000183105469,34.970001220703125,619500
2012-02-21,25.270565032958984,34.54999923706055,34.81999969482422,34.36000061035156,34.79999923706055,975500
2012-02-22,25.160856246948242,34.400001525878906,34.689998626708984,34.060001373291016,34.060001373291016,879300
2012-02-23,25.358339309692383,34.66999816894531,34.720001220703125,34.2599983215332,34.540000915527344,564200
2012-02-24,25.241317749023438,34.5099983215332,34.709999084472656,34.290000915527344,34.709999084472656,426300
2012-02-27,25.109657287597656,34.33000183105469,34.59000015258789,33.900001525878906,34.27000045776367,563000
2012-02-28,25.051145553588867,34.25,34.459999084472656,34.150001525878906,34.36000061035156,231500
2012-02-29,24.956058502197266,34.119998931884766,34.4900016784668,34.09000015258789,34.34000015258789,391300
2012-03-01,25.343719482421875,34.650001525878906,34.650001525878906,34.060001373291016,34.20000076293945,476300
2012-03-02,25.014583587646484,34.20000076293945,34.630001068115234,34.11000061035156,34.58000183105469,300500
2012-03-05,25.212066650390625,34.470001220703125,34.56999969482422,34.0,34.08000183105469,356400
2012-03-06,25.043838500976562,34.2400016784668,34.45000076293945,34.20000076293945,34.220001220703125,523500
2012-03-07,25.212066650390625,34.470001220703125,34.470001220703125,34.040000915527344,34.2599983215332,540900
2012-03-08,25.533884048461914,34.90999984741211,34.93000030517578,34.47999954223633,34.560001373291016,529400
2012-03-09,25.687484741210938,35.119998931884766,35.209999084472656,34.88999938964844,34.97999954223633,656500
2012-03-12,25.833763122558594,35.31999969482422,35.5,34.95000076293945,35.04999923706055,493900
2012-03-13,26.19217300415039,35.810001373291016,35.810001373291016,35.349998474121094,35.5,547300
2012-03-14,26.170223236083984,35.779998779296875,35.9900016784668,35.599998474121094,35.84000015258789,520400
2012-03-15,26.521303176879883,36.2599983215332,36.31999969482422,35.650001525878906,35.84000015258789,663600
2012-03-16,26.119022369384766,35.709999084472656,36.33000183105469,35.689998626708984,36.33000183105469,1361900
2012-03-19,25.906904220581055,35.41999816894531,35.849998474121094,35.34000015258789,35.59000015258789,900800
2012-03-20,25.972736358642578,35.5099983215332,35.75,35.18000030517578,35.290000915527344,537500
2012-03-21,25.855709075927734,35.349998474121094,35.630001068115234,35.33000183105469,35.52000045776367,440300
2012-03-22,25.680173873901367,35.11000061035156,35.29999923706055,34.93000030517578,35.150001525878906,415000
2012-03-23,25.914236068725586,35.43000030517578,35.439998626708984,34.95000076293945,35.15999984741211,336700
2012-03-26,26.323827743530273,35.9900016784668,35.9900016784668,35.439998626708984,35.5,521500
2012-03-27,26.338451385498047,36.0099983215332,36.08000183105469,35.880001068115234,35.91999816894531,527400
2012-03-28,26.545198440551758,35.95000076293945,36.029998779296875,35.63999938964844,35.88999938964844,764200
2012-03-29,26.39751625061035,35.75,35.83000183105469,35.41999816894531,35.709999084472656,537700
2012-03-30,26.390140533447266,35.7400016784668,36.0,35.72999954223633,35.970001220703125,766700
2012-04-02,26.449203491210938,35.81999969482422,35.9900016784668,35.52000045776367,35.7599983215332,773800
2012-04-03,26.604270935058594,36.029998779296875,36.029998779296875,35.599998474121094,35.72999954223633,1139600
2012-04-04,26.559967041015625,35.970001220703125,36.18000030517578,35.77000045776367,35.83000183105469,1019400
2012-04-05,26.582115173339844,36.0,36.22999954223633,35.709999084472656,35.81999969482422,533400
2012-04-09,26.220308303833008,35.5099983215332,35.61000061035156,35.36000061035156,35.61000061035156,780900
2012-04-10,25.600051879882812,34.66999816894531,35.470001220703125,34.66999816894531,35.45000076293945,869600
2012-04-11,25.74772834777832,34.869998931884766,34.970001220703125,34.630001068115234,34.95000076293945,747300
2012-04-12,25.895414352416992,35.06999969482422,35.15999984741211,34.65999984741211,34.939998626708984,683300
2012-04-13,25.762495040893555,34.88999938964844,35.41999816894531,34.880001068115234,35.11000061035156,978600
2012-04-16,25.85849380493164,35.02000045776367,35.22999954223633,34.849998474121094,35.04999923706055,539900
2012-04-17,26.471364974975586,35.849998474121094,35.97999954223633,35.16999816894531,35.2599983215332,1229600
2012-04-18,26.33106231689453,35.65999984741211,35.970001220703125,35.45000076293945,35.65999984741211,1229500
2012-04-19,26.737180709838867,36.209999084472656,36.22999954223633,35.66999816894531,35.689998626708984,966700
2012-04-20,26.877471923828125,36.400001525878906,36.459999084472656,36.11000061035156,36.25,747900
2012-04-23,26.788864135742188,36.279998779296875,36.290000915527344,35.88999938964844,36.09000015258789,643700
2012-04-24,26.943937301635742,36.4900016784668,36.5,36.209999084472656,36.310001373291016,460600
2012-04-25,27.32050132751465,37.0,37.11000061035156,36.5,36.619998931884766,880000
2012-04-26,27.62325096130371,37.40999984741211,37.5,36.83000183105469,37.0099983215332,505000
2012-04-27,27.748779296875,37.58000183105469,37.66999816894531,37.18000030517578,37.5,704100
2012-04-30,27.734012603759766,37.560001373291016,37.65999984741211,37.33000183105469,37.45000076293945,518500
2012-05-01,27.85953712463379,37.72999954223633,37.95000076293945,37.459999084472656,37.61000061035156,768900
2012-05-02,27.57155990600586,37.34000015258789,38.2400016784668,37.099998474121094,37.38999938964844,786600
2012-05-03,27.42388916015625,37.13999938964844,37.560001373291016,37.08000183105469,37.2599983215332,668100
2012-05-04,27.143293380737305,36.7599983215332,37.13999938964844,36.58000183105469,37.13999938964844,892000
2012-05-07,26.84794044494629,36.36000061035156,36.650001525878906,36.22999954223633,36.599998474121094,928300
2012-05-08,26.74456787109375,36.220001220703125,36.41999816894531,36.02000045776367,36.31999969482422,917600
2012-05-09,26.589502334594727,36.0099983215332,36.15999984741211,35.790000915527344,36.04999923706055,604300
2012-05-10,26.478740692138672,35.86000061035156,36.119998931884766,35.52000045776367,35.93000030517578,932300
2012-05-11,26.471364974975586,35.849998474121094,36.02000045776367,35.45000076293945,35.709999084472656,530500
2012-05-14,26.205543518066406,35.4900016784668,35.709999084472656,35.29999923706055,35.5,667100
2012-05-15,26.212919235229492,35.5,35.77000045776367,35.349998474121094,35.5099983215332,383500
2012-05-16,25.902793884277344,35.08000183105469,35.66999816894531,35.08000183105469,35.630001068115234,359700
2012-05-17,25.49668312072754,34.529998779296875,35.119998931884766,34.529998779296875,35.119998931884766,872100
2012-05-18,24.987184524536133,33.84000015258789,34.619998931884766,33.790000915527344,34.59000015258789,766200
2012-05-21,25.17917251586914,34.099998474121094,34.189998626708984,33.75,33.959999084472656,766100
2012-05-22,25.555757522583008,34.61000061035156,34.72999954223633,34.15999984741211,34.220001220703125,845000
2012-05-23,25.629581451416016,34.709999084472656,34.75,34.22999954223633,34.380001068115234,538000
2012-05-24,25.947093963623047,35.13999938964844,35.13999938964844,34.70000076293945,34.81999969482422,770300
2012-05-25,25.799421310424805,34.939998626708984,35.310001373291016,34.869998931884766,35.09000015258789,262100
2012-05-29,26.035703659057617,35.2599983215332,35.36000061035156,35.040000915527344,35.189998626708984,470300
2012-05-30,25.688655853271484,34.790000915527344,35.15999984741211,34.790000915527344,35.11000061035156,558700
2012-05-31,25.651750564575195,34.7400016784668,34.970001220703125,34.54999923706055,34.75,3792200
2012-06-01,25.260391235351562,34.209999084472656,34.599998474121094,34.119998931884766,34.15999984741211,655200
2012-06-04,25.21609115600586,34.150001525878906,34.29999923706055,33.81999969482422,34.2400016784668,497500
2012-06-05,25.289934158325195,34.25,34.290000915527344,33.9900016784668,33.9900016784668,432400
2012-06-06,25.82895278930664,34.97999954223633,34.97999954223633,34.43000030517578,34.470001220703125,422800
2012-06-07,25.7108154296875,34.81999969482422,35.349998474121094,34.810001373291016,35.290000915527344,619700
2012-06-08,25.504056930541992,34.540000915527344,34.75,34.439998626708984,34.689998626708984,929500
2012-06-11,25.238250732421875,34.18000030517578,34.88999938964844,34.15999984741211,34.75,611200
2012-06-12,25.41545867919922,34.41999816894531,34.540000915527344,34.11000061035156,34.290000915527344,894900
2012-06-13,25.408069610595703,34.40999984741211,34.84000015258789,34.04999923706055,34.310001373291016,651100
2012-06-14,25.511438369750977,34.54999923706055,34.61000061035156,34.18000030517578,34.40999984741211,729500
2012-06-15,25.16440773010254,34.08000183105469,34.68000030517578,34.04999923706055,34.599998474121094,1211400
2012-06-18,25.504056930541992,34.540000915527344,34.63999938964844,33.810001373291016,33.810001373291016,674600
2012-06-19,25.792041778564453,34.93000030517578,34.959999084472656,34.54999923706055,34.56999969482422,574000
2012-06-20,25.70343589782715,34.810001373291016,34.93000030517578,34.54999923706055,34.70000076293945,629700
2012-06-21,25.555757522583008,34.61000061035156,35.130001068115234,34.52000045776367,34.900001525878906,659200
2012-06-22,25.688655853271484,34.790000915527344,34.900001525878906,34.41999816894531,34.790000915527344,1995300
2012-06-25,25.31946563720703,34.290000915527344,34.52000045776367,34.060001373291016,34.41999816894531,560800
2012-06-26,25.474529266357422,34.5,34.58000183105469,34.09000015258789,34.29999923706055,494800
2012-06-27,25.481983184814453,34.16999816894531,34.43000030517578,34.08000183105469,34.43000030517578,399800
2012-06-28,25.847402572631836,34.65999984741211,34.689998626708984,33.95000076293945,33.97999954223633,657300
2012-06-29,26.153148651123047,35.06999969482422,35.11000061035156,34.849998474121094,35.099998474121094,526700
2012-07-02,26.42908477783203,35.439998626708984,35.619998931884766,35.06999969482422,35.06999969482422,569600
2012-07-03,26.49619483947754,35.529998779296875,35.619998931884766,35.31999969482422,35.369998931884766,199300
2012-07-05,26.66771697998047,35.7599983215332,35.77000045776367,35.25,35.5,542900
2012-07-06,26.43653678894043,35.45000076293945,35.529998779296875,35.279998779296875,35.529998779296875,352400
2012-07-09,26.503650665283203,35.540000915527344,35.54999923706055,35.15999984741211,35.36000061035156,675800
2012-07-10,26.42162322998047,35.43000030517578,35.650001525878906,35.290000915527344,35.59000015258789,478800
2012-07-11,26.443992614746094,35.459999084472656,35.529998779296875,35.2599983215332,35.369998931884766,289400
2012-07-12,26.287389755249023,35.25,35.40999984741211,35.029998779296875,35.34000015258789,250500
2012-07-13,26.66771697998047,35.7599983215332,35.77000045776367,35.27000045776367,35.369998931884766,323700
2012-07-16,26.481279373168945,35.5099983215332,36.0,35.470001220703125,35.63999938964844,375900
2012-07-17,26.854148864746094,36.0099983215332,36.119998931884766,35.540000915527344,35.56999969482422,526300
2012-07-18,26.839242935180664,35.9900016784668,36.150001525878906,35.900001525878906,35.90999984741211,400100
2012-07-19,26.712461471557617,35.81999969482422,36.11000061035156,35.599998474121094,36.040000915527344,439100
2012-07-20,26.578218460083008,35.63999938964844,35.95000076293945,35.4900016784668,35.619998931884766,413500
2012-07-23,26.473819732666016,35.5,35.599998474121094,35.040000915527344,35.27000045776367,231500
2012-07-24,26.026376724243164,34.900001525878906,35.59000015258789,34.75,35.54999923706055,548500
2012-07-25,26.190441131591797,35.119998931884766,35.310001373291016,34.86000061035156,35.04999923706055,227800
2012-07-26,26.42908477783203,35.439998626708984,35.70000076293945,35.2599983215332,35.4900016784668,260800
2012-07-27,27.003305435180664,36.209999084472656,36.349998474121094,35.4900016784668,35.689998626708984,577100
2012-07-30,26.87653160095215,36.040000915527344,36.18000030517578,35.869998931884766,36.15999984741211,356900
2012-07-31,26.45890235900879,35.47999954223633,35.63999938964844,35.099998474121094,35.36000061035156,737500
2012-08-01,26.809402465820312,35.95000076293945,37.04999923706055,35.86000061035156,36.13999938964844,677900
2012-08-02,26.481279373168945,35.5099983215332,35.79999923706055,35.349998474121094,35.650001525878906,411400
2012-08-03,26.5111026763916,35.54999923706055,36.040000915527344,35.439998626708984,35.900001525878906,731900
2012-08-06,26.235177993774414,35.18000030517578,35.66999816894531,35.150001525878906,35.529998779296875,388700
2012-08-07,26.257556915283203,35.209999084472656,35.560001373291016,35.119998931884766,35.560001373291016,573800
2012-08-08,26.100950241088867,35.0,35.16999816894531,34.869998931884766,35.06999969482422,625100
2012-08-09,25.98909568786621,34.849998474121094,35.20000076293945,34.66999816894531,35.04999923706055,390600
2012-08-10,26.033828735351562,34.90999984741211,35.0,34.70000076293945,34.81999969482422,253200
2012-08-13,25.899595260620117,34.72999954223633,34.849998474121094,34.459999084472656,34.790000915527344,365000
2012-08-14,26.07857894897461,34.970001220703125,35.150001525878906,34.72999954223633,34.79999923706055,378300
2012-08-15,26.608055114746094,35.68000030517578,35.7599983215332,34.93000030517578,35.0099983215332,1134200
2012-08-16,26.712461471557617,35.81999969482422,35.84000015258789,35.45000076293945,35.56999969482422,667800
2012-08-17,26.898895263671875,36.06999969482422,36.16999816894531,35.70000076293945,35.90999984741211,621300
2012-08-20,26.87653160095215,36.040000915527344,36.11000061035156,35.86000061035156,35.880001068115234,440000
2012-08-21,26.69009017944336,35.790000915527344,36.25,35.7400016784668,36.189998626708984,397200
2012-08-22,26.6751766204834,35.77000045776367,35.900001525878906,35.599998474121094,35.66999816894531,350700
2012-08-23,26.518569946289062,35.560001373291016,35.869998931884766,35.4900016784668,35.75,229300
2012-08-24,26.608055114746094,35.68000030517578,35.75,35.5,35.5099983215332,258300
2012-08-27,26.787033081054688,35.91999816894531,36.06999969482422,35.650001525878906,35.75,350500
2012-08-28,26.764659881591797,35.88999938964844,36.099998474121094,35.790000915527344,35.81999969482422,286700
2012-08-29,26.816864013671875,35.959999084472656,36.040000915527344,35.75,35.9900016784668,339000
2012-08-30,26.66025733947754,35.75,35.880001068115234,35.58000183105469,35.79999923706055,222300
2012-08-31,26.637887954711914,35.720001220703125,35.970001220703125,35.40999984741211,35.88999938964844,503400
2012-09-04,26.98838233947754,36.189998626708984,36.2400016784668,35.630001068115234,35.689998626708984,455600
2012-09-05,27.04804801940918,36.27000045776367,36.38999938964844,36.06999969482422,36.29999923706055,448900
2012-09-06,27.182273864746094,36.45000076293945,36.5,36.31999969482422,36.380001068115234,746600
2012-09-07,27.212121963500977,36.4900016784668,36.529998779296875,36.2599983215332,36.5,373000
2012-09-10,26.854148864746094,36.0099983215332,36.470001220703125,35.9900016784668,36.400001525878906,441600
2012-09-11,27.018213272094727,36.22999954223633,36.279998779296875,35.959999084472656,36.029998779296875,225100
2012-09-12,27.323970794677734,36.63999938964844,36.63999938964844,36.220001220703125,36.2400016784668,404400
2012-09-13,27.696842193603516,37.13999938964844,37.13999938964844,36.38999938964844,36.66999816894531,563800
2012-09-14,27.80870819091797,37.290000915527344,37.470001220703125,37.060001373291016,37.099998474121094,650500
2012-09-17,27.71920394897461,37.16999816894531,37.560001373291016,37.15999984741211,37.220001220703125,717200
2012-09-18,27.495492935180664,36.869998931884766,37.16999816894531,36.810001373291016,37.06999969482422,284400
2012-09-19,27.59242820739746,37.0,37.060001373291016,36.68000030517578,36.88999938964844,278400
2012-09-20,27.6520938873291,37.08000183105469,37.11000061035156,36.59000015258789,36.88999938964844,331900
2012-09-21,27.71920394897461,37.16999816894531,37.43000030517578,37.06999969482422,37.29999923706055,1181000
2012-09-24,27.60735321044922,37.02000045776367,37.18000030517578,36.90999984741211,37.04999923706055,292700
2012-09-25,27.323970794677734,36.63999938964844,37.27000045776367,36.63999938964844,37.13999938964844,464100
2012-09-26,27.05299186706543,35.939998626708984,36.599998474121094,35.880001068115234,36.4900016784668,614900
2012-09-27,27.000289916992188,35.869998931884766,36.04999923706055,35.7599983215332,35.970001220703125,430200
2012-09-28,26.962661743164062,35.81999969482422,35.93000030517578,35.619998931884766,35.790000915527344,506900
2012-10-01,26.879859924316406,35.709999084472656,36.029998779296875,35.560001373291016,35.84000015258789,883300
2012-10-02,27.060514450073242,35.95000076293945,36.029998779296875,35.7599983215332,35.7599983215332,640100
2012-10-03,27.301389694213867,36.27000045776367,36.29999923706055,35.97999954223633,36.04999923706055,1120500
2012-10-04,27.512144088745117,36.54999923706055,36.630001068115234,36.279998779296875,36.380001068115234,725400
2012-10-05,27.722919464111328,36.83000183105469,36.9900016784668,36.58000183105469,36.650001525878906,633700
2012-10-08,27.707860946655273,36.810001373291016,36.880001068115234,36.54999923706055,36.849998474121094,228900
2012-10-09,27.40676498413086,36.40999984741211,36.869998931884766,36.310001373291016,36.75,236800
2012-10-10,27.41429328918457,36.41999816894531,36.77000045776367,36.349998474121094,36.45000076293945,364200
2012-10-11,27.32396697998047,36.29999923706055,36.61000061035156,36.25,36.529998779296875,471900
2012-10-12,27.158370971679688,36.08000183105469,36.540000915527344,36.0099983215332,36.189998626708984,601000
2012-10-15,27.24117088317871,36.189998626708984,36.2599983215332,35.83000183105469,36.08000183105469,530100
2012-10-16,27.346546173095703,36.33000183105469,36.41999816894531,36.130001068115234,36.220001220703125,479600
2012-10-17,27.512144088745117,36.54999923706055,36.66999816894531,36.33000183105469,36.439998626708984,300200
2012-10-18,27.42182159423828,36.43000030517578,36.779998779296875,36.369998931884766,36.470001220703125,256900
2012-10-19,26.925024032592773,35.77000045776367,36.380001068115234,35.68000030517578,36.380001068115234,358700
2012-10-22,26.879859924316406,35.709999084472656,35.900001525878906,35.5,35.709999084472656,239400
2012-10-23,26.684154510498047,35.45000076293945,35.540000915527344,35.2599983215332,35.400001525878906,329800
2012-10-24,26.548664093017578,35.27000045776367,35.52000045776367,35.189998626708984,35.400001525878906,284300
2012-10-25,26.563724517822266,35.290000915527344,35.790000915527344,35.04999923706055,35.4900016784668,375200
2012-10-26,26.849746704101562,35.66999816894531,35.7400016784668,35.2599983215332,35.290000915527344,598200
2012-10-31,26.676631927490234,35.439998626708984,35.70000076293945,34.66999816894531,35.630001068115234,1192700
2012-11-01,27.0304012298584,35.90999984741211,35.970001220703125,34.97999954223633,35.290000915527344,879300
2012-11-02,27.05299186706543,35.939998626708984,36.18000030517578,35.56999969482422,36.08000183105469,1218000
2012-11-05,27.120737075805664,36.029998779296875,36.11000061035156,35.59000015258789,35.959999084472656,547300
2012-11-06,27.226106643676758,36.16999816894531,36.439998626708984,35.93000030517578,36.119998931884766,504200
2012-11-07,26.74437141418457,35.529998779296875,36.0,35.27000045776367,36.0,487500
2012-11-08,26.601346969604492,35.34000015258789,35.70000076293945,35.27000045776367,35.560001373291016,444700
2012-11-09,26.804588317871094,35.61000061035156,35.66999816894531,34.97999954223633,35.16999816894531,461700
2012-11-12,26.77448272705078,35.56999969482422,35.720001220703125,35.34000015258789,35.63999938964844,320600
2012-11-13,26.759418487548828,35.54999923706055,35.77000045776367,35.27000045776367,35.27000045776367,589300
2012-11-14,26.571247100830078,35.29999923706055,35.7599983215332,35.13999938964844,35.68000030517578,477400
2012-11-15,26.661563873291016,35.41999816894531,35.47999954223633,35.029998779296875,35.36000061035156,426900
2012-11-16,26.917497634887695,35.7599983215332,35.849998474121094,35.279998779296875,35.529998779296875,446900
2012-11-19,27.278812408447266,36.2400016784668,36.2400016784668,35.790000915527344,36.0,710800
2012-11-20,27.40676498413086,36.40999984741211,36.40999984741211,35.880001068115234,36.349998474121094,394100
2012-11-21,27.557308197021484,36.61000061035156,36.630001068115234,36.150001525878906,36.43000030517578,274300
2012-11-23,27.768083572387695,36.88999938964844,36.90999984741211,36.5,36.70000076293945,264000
2012-11-26,27.63257598876953,36.709999084472656,36.93000030517578,36.52000045776367,36.56999969482422,433000
2012-11-27,27.354074478149414,36.34000015258789,36.72999954223633,36.31999969482422,36.720001220703125,545300
2012-11-28,27.36160659790039,36.349998474121094,36.369998931884766,35.88999938964844,36.150001525878906,384500
2012-11-29,27.58195686340332,36.29999923706055,36.400001525878906,35.779998779296875,36.400001525878906,489900
2012-11-30,27.749128341674805,36.52000045776367,36.709999084472656,36.22999954223633,36.439998626708984,872400
2012-12-03,27.77190399169922,36.54999923706055,36.84000015258789,36.349998474121094,36.619998931884766,553900
2012-12-04,27.69593620300293,36.45000076293945,36.56999969482422,36.220001220703125,36.5,358900
2012-12-05,27.70353126525879,36.459999084472656,36.66999816894531,36.310001373291016,36.439998626708984,413000
2012-12-06,27.642757415771484,36.380001068115234,36.599998474121094,36.290000915527344,36.5,296600
2012-12-07,27.688329696655273,36.439998626708984,36.5,36.209999084472656,36.349998474121094,426700
2012-12-10,27.262832641601562,35.880001068115234,36.459999084472656,35.7400016784668,36.29999923706055,665900
2012-12-11,27.285625457763672,35.90999984741211,36.09000015258789,35.779998779296875,36.04999923706055,618200
2012-12-12,27.110862731933594,35.68000030517578,36.099998474121094,35.650001525878906,35.970001220703125,455800
2012-12-13,27.019678115844727,35.560001373291016,35.790000915527344,35.5099983215332,35.599998474121094,502400
2012-12-14,26.761337280273438,35.220001220703125,35.790000915527344,35.16999816894531,35.59000015258789,396100
2012-12-17,26.936100006103516,35.45000076293945,35.7599983215332,35.15999984741211,35.31999969482422,424500
2012-12-18,26.776540756225586,35.2400016784668,35.56999969482422,35.13999938964844,35.560001373291016,950700
2012-12-19,26.8601131439209,35.349998474121094,35.68000030517578,35.209999084472656,35.2400016784668,1087800
2012-12-20,27.05767822265625,35.61000061035156,35.61000061035156,35.220001220703125,35.349998474121094,559300
2012-12-21,26.647354125976562,35.06999969482422,35.27000045776367,34.90999984741211,35.040000915527344,1528600
2012-12-24,26.594173431396484,35.0,35.11000061035156,34.97999954223633,35.0,202300
2012-12-26,26.465003967285156,34.83000183105469,35.16999816894531,34.7599983215332,35.060001373291016,585600
2012-12-27,26.335832595825195,34.65999984741211,34.93000030517578,34.43000030517578,34.84000015258789,526300
2012-12-28,26.191457748413086,34.470001220703125,34.689998626708984,34.2599983215332,34.459999084472656,459600
2012-12-31,26.32822608947754,34.650001525878906,34.650001525878906,34.20000076293945,34.459999084472656,615800
2013-01-02,26.97409439086914,35.5,35.5099983215332,34.970001220703125,35.150001525878906,688200
2013-01-03,26.85251235961914,35.34000015258789,35.66999816894531,35.15999984741211,35.560001373291016,684600
2013-01-04,26.784130096435547,35.25,35.52000045776367,35.119998931884766,35.470001220703125,1079100
2013-01-07,27.186843872070312,35.779998779296875,35.86000061035156,35.13999938964844,35.15999984741211,1133300
2013-01-08,26.90570640563965,35.40999984741211,35.880001068115234,35.34000015258789,35.70000076293945,652500
2013-01-09,26.989286422729492,35.52000045776367,35.58000183105469,35.400001525878906,35.5,405200
2013-01-10,27.118459701538086,35.689998626708984,35.77000045776367,35.54999923706055,35.70000076293945,438100
2013-01-11,27.042478561401367,35.59000015258789,35.849998474121094,35.279998779296875,35.72999954223633,624600
2013-01-14,26.90570640563965,35.40999984741211,35.560001373291016,35.119998931884766,35.5,531600
2013-01-15,26.890504837036133,35.38999938964844,35.54999923706055,35.25,35.25,486100
2013-01-16,26.791728973388672,35.2599983215332,35.40999984741211,35.06999969482422,35.27000045776367,336700
2013-01-17,26.951295852661133,35.470001220703125,35.54999923706055,35.209999084472656,35.369998931884766,419600
2013-01-18,26.96649169921875,35.4900016784668,35.560001373291016,35.29999923706055,35.529998779296875,581000
2013-01-22,27.21723747253418,35.81999969482422,35.93000030517578,35.470001220703125,35.5,577200
2013-01-23,27.072874069213867,35.630001068115234,35.849998474121094,35.599998474121094,35.84000015258789,503100
2013-01-24,26.87531089782715,35.369998931884766,35.869998931884766,35.33000183105469,35.7400016784668,674400
2013-01-25,27.338804244995117,35.97999954223633,35.97999954223633,35.54999923706055,35.54999923706055,662900
2013-01-28,27.110862731933594,35.68000030517578,36.0,35.619998931884766,36.0,833200
2013-01-29,27.22483253479004,35.83000183105469,36.0,35.689998626708984,35.689998626708984,916900
2013-01-30,27.589557647705078,36.310001373291016,36.7400016784668,36.15999984741211,36.15999984741211,2382400
2013-01-31,28.075841903686523,36.95000076293945,37.189998626708984,36.5,36.5,3124300
2013-02-01,28.410175323486328,37.38999938964844,37.810001373291016,37.08000183105469,37.65999984741211,1358900
2013-02-04,28.645721435546875,37.70000076293945,37.75,37.29999923706055,37.36000061035156,1732000
2013-02-05,28.843284606933594,37.959999084472656,37.970001220703125,37.70000076293945,37.790000915527344,855600
2013-02-06,28.980043411254883,38.13999938964844,38.13999938964844,37.81999969482422,37.91999816894531,624700
2013-02-07,28.881271362304688,38.0099983215332,38.2400016784668,37.83000183105469,38.09000015258789,512700
2013-02-08,28.85087776184082,37.970001220703125,38.08000183105469,37.83000183105469,38.0,397400
2013-02-11,28.782495498657227,37.880001068115234,38.0,37.689998626708984,37.880001068115234,500700
2013-02-12,28.736906051635742,37.81999969482422,38.0,37.77000045776367,37.900001525878906,754600
2013-02-13,29.28399085998535,38.540000915527344,38.63999938964844,37.900001525878906,37.9900016784668,852000
2013-02-14,29.496740341186523,38.81999969482422,38.93000030517578,38.43000030517578,38.43000030517578,719800
2013-02-15,29.534727096557617,38.869998931884766,38.900001525878906,38.560001373291016,38.79999923706055,580500
2013-02-19,29.519533157348633,38.849998474121094,38.93000030517578,38.58000183105469,38.81999969482422,1105000
2013-02-20,29.375165939331055,38.65999984741211,39.0,38.650001525878906,38.849998474121094,488900
2013-02-21,29.215599060058594,38.45000076293945,38.68000030517578,38.36000061035156,38.560001373291016,600400
2013-02-22,29.428363800048828,38.72999954223633,38.81999969482422,38.54999923706055,38.599998474121094,673300
2013-02-25,28.881271362304688,38.0099983215332,38.91999816894531,38.0099983215332,38.810001373291016,525200
2013-02-26,29.170013427734375,38.38999938964844,38.45000076293945,38.029998779296875,38.2400016784668,480700
2013-02-27,29.382753372192383,38.66999816894531,38.709999084472656,38.209999084472656,38.310001373291016,464100
2013-02-28,29.505441665649414,38.47999954223633,38.83000183105469,38.290000915527344,38.380001068115234,633600
2013-03-01,29.336767196655273,38.2599983215332,38.369998931884766,37.95000076293945,38.31999969482422,778200
2013-03-04,29.39043426513672,38.33000183105469,38.400001525878906,38.02000045776367,38.22999954223633,389800
2013-03-05,29.743144989013672,38.790000915527344,38.81999969482422,38.349998474121094,38.38999938964844,426000
2013-03-06,29.43644142150879,38.38999938964844,38.939998626708984,38.290000915527344,38.81999969482422,548700
2013-03-07,29.45942497253418,38.41999816894531,38.56999969482422,38.279998779296875,38.470001220703125,449300
2013-03-08,29.72013282775879,38.7599983215332,38.86000061035156,38.4900016784668,38.619998931884766,909600
2013-03-11,29.81216812133789,38.880001068115234,38.90999984741211,38.650001525878906,38.720001220703125,271000
2013-03-12,29.704803466796875,38.7400016784668,38.900001525878906,38.630001068115234,38.84000015258789,414400
2013-03-13,30.03452491760254,39.16999816894531,39.2599983215332,38.65999984741211,38.83000183105469,452800
2013-03-14,30.30289649963379,39.52000045776367,39.63999938964844,39.16999816894531,39.16999816894531,524000
2013-03-15,30.3948917388916,39.63999938964844,39.65999984741211,39.400001525878906,39.5099983215332,959500
2013-03-18,30.356569290161133,39.59000015258789,39.70000076293945,39.20000076293945,39.310001373291016,742400
2013-03-19,30.594266891479492,39.900001525878906,39.90999984741211,39.43000030517578,39.66999816894531,763000
2013-03-20,30.893308639526367,40.290000915527344,40.34000015258789,39.81999969482422,40.0,666700
2013-03-21,30.84730339050293,40.22999954223633,40.380001068115234,40.09000015258789,40.099998474121094,864500
2013-03-22,31.054340362548828,40.5,40.5,40.16999816894531,40.22999954223633,520800
2013-03-25,31.0159912109375,40.45000076293945,40.66999816894531,40.2599983215332,40.5,915300
2013-03-26,31.2230281829834,40.720001220703125,40.77000045776367,40.5,40.63999938964844,1236000
2013-03-27,31.39937400817871,40.95000076293945,40.959999084472656,40.5,40.619998931884766,1346600
2013-03-28,31.675430297851562,41.310001373291016,41.310001373291016,40.90999984741211,40.95000076293945,1293600
2013-04-01,31.61407470703125,41.22999954223633,41.41999816894531,40.970001220703125,41.2400016784668,477100
2013-04-02,31.706096649169922,41.349998474121094,41.560001373291016,41.16999816894531,41.459999084472656,737100
2013-04-03,31.445390701293945,41.0099983215332,41.470001220703125,40.849998474121094,41.36000061035156,1019800
2013-04-04,31.514400482177734,41.099998474121094,41.529998779296875,40.959999084472656,41.13999938964844,564800
2013-04-05,31.39937400817871,40.95000076293945,41.02000045776367,40.5099983215332,40.75,466800
2013-04-08,31.729095458984375,41.380001068115234,41.43000030517578,40.900001525878906,40.900001525878906,797100
2013-04-09,31.667739868164062,41.29999923706055,41.5099983215332,41.150001525878906,41.41999816894531,688800
2013-04-10,31.85177230834961,41.540000915527344,41.58000183105469,41.209999084472656,41.400001525878906,575300
2013-04-11,32.503543853759766,42.38999938964844,42.689998626708984,41.58000183105469,41.58000183105469,1205300
2013-04-12,32.403846740722656,42.2599983215332,42.43000030517578,41.97999954223633,42.33000183105469,918800
2013-04-15,32.08180618286133,41.84000015258789,42.41999816894531,41.83000183105469,42.11000061035156,1072200
2013-04-16,32.28117370605469,42.099998474121094,42.31999969482422,42.0,42.119998931884766,772800
2013-04-17,32.02047348022461,41.7599983215332,42.06999969482422,41.68000030517578,41.970001220703125,1039100
2013-04-18,32.043479919433594,41.790000915527344,41.95000076293945,41.619998931884766,41.95000076293945,834000
2013-04-19,32.16615295410156,41.95000076293945,42.02000045776367,41.40999984741211,41.79999923706055,564400
2013-04-22,32.242835998535156,42.04999923706055,42.18000030517578,41.66999816894531,41.939998626708984,451300
2013-04-23,32.32716751098633,42.15999984741211,42.45000076293945,41.93000030517578,42.34000015258789,465100
2013-04-24,32.311832427978516,42.13999938964844,42.31999969482422,42.0099983215332,42.22999954223633,356700
2013-04-25,32.365501403808594,42.209999084472656,42.459999084472656,42.099998474121094,42.25,317000
2013-04-26,32.41152572631836,42.27000045776367,42.41999816894531,42.08000183105469,42.220001220703125,429000
2013-04-29,32.534202575683594,42.43000030517578,42.54999923706055,42.220001220703125,42.2400016784668,697000
2013-04-30,32.549537658691406,42.45000076293945,42.54999923706055,42.27000045776367,42.31999969482422,837500
2013-05-01,32.61854934692383,42.540000915527344,43.75,42.439998626708984,43.75,1281200
2013-05-02,33.04027557373047,43.09000015258789,43.25,42.380001068115234,42.529998779296875,1031500
2013-05-03,33.41599655151367,43.58000183105469,43.63999938964844,43.2599983215332,43.34000015258789,375400
2013-05-06,33.653690338134766,43.88999938964844,44.0,43.599998474121094,43.599998474121094,435800
2013-05-07,33.73036193847656,43.9900016784668,44.0099983215332,43.81999969482422,44.0,329600
2013-05-08,34.006404876708984,44.349998474121094,44.349998474121094,43.900001525878906,43.9900016784668,419200
2013-05-09,34.006404876708984,44.349998474121094,44.630001068115234,44.27000045776367,44.41999816894531,517500
2013-05-10,34.006404876708984,44.349998474121094,44.59000015258789,44.290000915527344,44.470001220703125,381900
2013-05-13,34.31312942504883,44.75,44.77000045776367,44.290000915527344,44.349998474121094,291300
2013-05-14,34.658164978027344,45.20000076293945,45.2400016784668,44.650001525878906,44.66999816894531,434200
2013-05-15,34.94953536987305,45.58000183105469,45.689998626708984,45.040000915527344,45.20000076293945,690600
2013-05-16,34.92653274536133,45.54999923706055,45.869998931884766,45.459999084472656,45.560001373291016,608700
2013-05-17,34.903533935546875,45.52000045776367,45.70000076293945,45.2599983215332,45.61000061035156,751800
2013-05-20,34.750179290771484,45.31999969482422,45.599998474121094,45.209999084472656,45.45000076293945,477000
2013-05-21,34.66584396362305,45.209999084472656,45.560001373291016,45.130001068115234,45.40999984741211,407800
2013-05-22,34.34378433227539,44.790000915527344,45.619998931884766,44.52000045776367,45.2599983215332,653700
2013-05-23,34.244110107421875,44.65999984741211,44.77000045776367,44.31999969482422,44.63999938964844,484800
2013-05-24,34.10609817504883,44.47999954223633,44.58000183105469,44.02000045776367,44.459999084472656,342100
2013-05-28,34.35911178588867,44.810001373291016,45.150001525878906,44.650001525878906,44.79999923706055,902000
2013-05-29,34.09074783325195,44.459999084472656,44.66999816894531,44.189998626708984,44.619998931884766,285900
2013-05-30,34.36678695678711,44.81999969482422,44.959999084472656,44.4900016784668,44.560001373291016,405700
2013-05-31,33.75627136230469,43.68000030517578,44.5,43.66999816894531,44.459999084472656,586400
2013-06-03,33.32350158691406,43.119998931884766,43.75,42.88999938964844,43.75,762300
2013-06-04,33.18438720703125,42.939998626708984,43.5099983215332,42.72999954223633,43.209999084472656,459500
2013-06-05,32.91390609741211,42.59000015258789,42.9900016784668,42.41999816894531,42.720001220703125,353700
2013-06-06,33.35443115234375,43.15999984741211,43.15999984741211,42.5,42.560001373291016,634000
2013-06-07,33.825828552246094,43.77000045776367,43.86000061035156,43.18000030517578,43.380001068115234,450500
2013-06-10,33.779457092285156,43.709999084472656,43.93000030517578,43.47999954223633,43.83000183105469,518400
2013-06-11,33.83355712890625,43.779998779296875,43.939998626708984,43.4900016784668,43.790000915527344,794800
2013-06-12,33.60172653198242,43.47999954223633,44.060001373291016,43.459999084472656,43.95000076293945,251600
2013-06-13,34.28950500488281,44.369998931884766,44.43000030517578,43.119998931884766,43.439998626708984,452600
2013-06-14,34.27405548095703,44.349998474121094,44.4900016784668,44.130001068115234,44.279998779296875,466700
2013-06-17,34.66045379638672,44.849998474121094,44.95000076293945,44.54999923706055,44.54999923706055,444200
2013-06-18,35.05459976196289,45.36000061035156,45.4900016784668,44.7599983215332,45.0,444000
2013-06-19,33.88764190673828,43.849998474121094,44.90999984741211,43.84000015258789,44.66999816894531,859400
2013-06-20,32.99891662597656,42.70000076293945,43.63999938964844,42.68000030517578,43.529998779296875,864100
2013-06-21,33.308040618896484,43.099998474121094,43.29999923706055,42.7400016784668,42.7599983215332,847000
2013-06-24,32.98345947265625,42.68000030517578,42.939998626708984,42.34000015258789,42.70000076293945,430800
2013-06-25,33.19984817504883,42.959999084472656,43.08000183105469,42.619998931884766,42.9900016784668,477000
2013-06-26,33.377586364746094,43.189998626708984,43.439998626708984,42.88999938964844,43.31999969482422,646500
2013-06-27,33.903106689453125,43.869998931884766,44.029998779296875,43.22999954223633,43.369998931884766,323600
2013-06-28,33.76398849487305,43.689998626708984,44.04999923706055,43.619998931884766,43.86000061035156,615400
2013-07-01,34.196773529052734,44.25,44.43000030517578,43.79999923706055,43.88999938964844,393200
2013-07-02,34.08858108520508,44.11000061035156,44.63999938964844,43.849998474121094,44.20000076293945,304700
2013-07-03,33.98811721801758,43.97999954223633,44.16999816894531,43.65999984741211,44.029998779296875,154600
2013-07-05,34.24314498901367,44.310001373291016,44.34000015258789,43.9900016784668,44.209999084472656,375500
2013-07-08,34.42087936401367,44.540000915527344,44.75,44.400001525878906,44.52000045776367,343200
2013-07-09,34.38224792480469,44.4900016784668,44.90999984741211,44.470001220703125,44.720001220703125,598200
2013-07-10,34.48270797729492,44.619998931884766,44.66999816894531,44.20000076293945,44.5,369000
2013-07-11,35.031410217285156,45.33000183105469,45.36000061035156,44.880001068115234,45.0,598300
2013-07-12,35.18596267700195,45.529998779296875,45.56999969482422,45.13999938964844,45.25,245800
2013-07-15,35.046871185302734,45.349998474121094,45.88999938964844,45.040000915527344,45.5,469700
2013-07-16,34.56000518798828,44.720001220703125,45.77000045776367,44.689998626708984,45.58000183105469,522800
2013-07-17,34.45180130004883,44.58000183105469,44.91999816894531,44.5,44.880001068115234,567900
2013-07-18,34.730010986328125,44.939998626708984,45.209999084472656,44.650001525878906,44.650001525878906,850800
2013-07-19,34.760921478271484,44.97999954223633,45.15999984741211,44.810001373291016,45.0099983215332,295000
2013-07-22,34.869110107421875,45.119998931884766,45.130001068115234,44.810001373291016,44.959999084472656,323200
2013-07-23,34.51362991333008,44.65999984741211,45.38999938964844,44.63999938964844,45.209999084472656,435600
2013-07-24,33.97267150878906,43.959999084472656,44.88999938964844,43.939998626708984,44.81999969482422,507400
2013-07-25,33.995845794677734,43.9900016784668,44.349998474121094,43.84000015258789,43.9900016784668,448400
2013-07-26,33.81809997558594,43.7599983215332,43.939998626708984,43.439998626708984,43.900001525878906,668300
2013-07-29,33.733089447021484,43.650001525878906,43.90999984741211,43.52000045776367,43.720001220703125,278500
2013-07-30,33.81809997558594,43.7599983215332,44.029998779296875,43.5,43.689998626708984,311200
2013-07-31,34.297245025634766,44.380001068115234,45.29999923706055,44.20000076293945,44.25,784300
2013-08-01,34.63728332519531,44.81999969482422,45.68000030517578,44.33000183105469,44.849998474121094,1094800
2013-08-02,34.90003967285156,45.15999984741211,45.220001220703125,44.439998626708984,44.59000015258789,474200
2013-08-05,34.54452896118164,44.70000076293945,45.38999938964844,44.630001068115234,45.11000061035156,374900
2013-08-06,34.374515533447266,44.47999954223633,44.72999954223633,44.40999984741211,44.65999984741211,327000
2013-08-07,34.18131637573242,44.22999954223633,44.45000076293945,44.130001068115234,44.43000030517578,244500
2013-08-08,34.196773529052734,44.25,44.4900016784668,43.970001220703125,44.25,490200
2013-08-09,34.04994201660156,44.060001373291016,44.279998779296875,43.970001220703125,43.970001220703125,272500
2013-08-12,33.802650451660156,43.7400016784668,44.29999923706055,43.689998626708984,43.869998931884766,429300
2013-08-13,34.297245025634766,44.380001068115234,44.560001373291016,44.08000183105469,44.2599983215332,868600
2013-08-14,34.080848693847656,44.099998474121094,44.470001220703125,43.66999816894531,44.2400016784668,469900
2013-08-15,33.30031967163086,43.09000015258789,43.83000183105469,43.0,43.619998931884766,495400
2013-08-16,33.192138671875,42.95000076293945,43.25,42.7400016784668,42.84000015258789,385400
2013-08-19,33.145755767822266,42.88999938964844,42.97999954223633,42.630001068115234,42.900001525878906,316800
2013-08-20,33.508968353271484,43.36000061035156,43.52000045776367,42.66999816894531,42.880001068115234,384600
2013-08-21,33.06074523925781,42.779998779296875,43.33000183105469,42.650001525878906,43.189998626708984,381400
2013-08-22,33.08393859863281,42.810001373291016,42.97999954223633,42.52000045776367,42.849998474121094,372000
2013-08-23,33.33124542236328,43.130001068115234,43.130001068115234,42.779998779296875,43.029998779296875,337700
2013-08-26,32.8984489440918,42.56999969482422,43.279998779296875,42.56999969482422,43.15999984741211,501200
2013-08-27,32.46567916870117,42.0099983215332,42.58000183105469,41.79999923706055,42.22999954223633,642100
2013-08-28,32.26475524902344,41.75,42.15999984741211,41.650001525878906,41.95000076293945,635900
2013-08-29,32.53522872924805,42.099998474121094,42.40999984741211,41.65999984741211,41.65999984741211,523000
2013-08-30,32.21573257446289,41.34000015258789,41.86000061035156,41.189998626708984,41.86000061035156,559500
2013-09-03,32.262481689453125,41.400001525878906,42.15999984741211,41.11000061035156,41.970001220703125,1213400
2013-09-04,33.291141510009766,42.720001220703125,42.81999969482422,41.58000183105469,41.7599983215332,1517900
2013-09-05,33.4470100402832,42.91999816894531,42.970001220703125,42.58000183105469,42.81999969482422,781800
2013-09-06,33.54829788208008,43.04999923706055,43.369998931884766,42.38999938964844,42.959999084472656,666200
2013-09-09,34.202903747558594,43.88999938964844,43.88999938964844,42.93000030517578,42.939998626708984,671700
2013-09-10,34.444488525390625,44.20000076293945,44.279998779296875,43.93000030517578,43.959999084472656,589700
2013-09-11,34.5613899230957,44.349998474121094,44.40999984741211,44.040000915527344,44.20000076293945,407000
2013-09-12,34.397735595703125,44.13999938964844,44.459999084472656,44.04999923706055,44.25,828800
2013-09-13,34.02367401123047,43.65999984741211,44.29999923706055,43.560001373291016,44.27000045776367,752100
2013-09-16,34.30423355102539,44.02000045776367,44.290000915527344,43.900001525878906,44.290000915527344,579800
2013-09-17,34.51462173461914,44.290000915527344,44.439998626708984,43.90999984741211,44.0099983215332,399200
2013-09-18,34.795169830322266,44.650001525878906,44.7400016784668,43.9900016784668,44.209999084472656,768800
2013-09-19,34.52242660522461,44.29999923706055,44.790000915527344,44.279998779296875,44.75,767300
2013-09-20,34.62373352050781,44.43000030517578,44.650001525878906,44.33000183105469,44.40999984741211,1154900
2013-09-23,34.25746536254883,43.959999084472656,44.47999954223633,43.900001525878906,44.43000030517578,434100
2013-09-24,34.52242660522461,44.29999923706055,44.41999816894531,43.86000061035156,43.93000030517578,691200
2013-09-25,34.50682830810547,44.279998779296875,44.5,44.119998931884766,44.400001525878906,459800
2013-09-26,34.43669128417969,44.189998626708984,44.5,44.060001373291016,44.29999923706055,288200
2013-09-27,34.23407745361328,43.93000030517578,44.11000061035156,43.79999923706055,44.0099983215332,368800
2013-09-30,34.0158805847168,43.650001525878906,43.91999816894531,43.36000061035156,43.36000061035156,662800
2013-10-01,34.50682830810547,44.279998779296875,44.31999969482422,43.61000061035156,43.68000030517578,986200
2013-10-02,34.52242660522461,44.29999923706055,44.33000183105469,43.75,44.13999938964844,515500
2013-10-03,34.14057159423828,43.810001373291016,44.15999984741211,43.56999969482422,44.11000061035156,483100
2013-10-04,34.366546630859375,44.099998474121094,44.25,43.70000076293945,43.849998474121094,375400
2013-10-07,34.14057159423828,43.810001373291016,44.06999969482422,43.58000183105469,43.810001373291016,503600
2013-10-08,34.15615463256836,43.83000183105469,44.04999923706055,43.689998626708984,43.7400016784668,775300
2013-10-09,34.23407745361328,43.93000030517578,44.15999984741211,43.58000183105469,43.849998474121094,744500
2013-10-10,34.865299224853516,44.7400016784668,44.790000915527344,44.209999084472656,44.29999923706055,1164600
2013-10-11,35.200401306152344,45.16999816894531,45.20000076293945,44.599998474121094,44.599998474121094,1164700
2013-10-14,35.56666564941406,45.63999938964844,45.77000045776367,44.86000061035156,44.95000076293945,677200
2013-10-15,35.35624313354492,45.369998931884766,45.849998474121094,45.25,45.63999938964844,880000
2013-10-16,35.83161544799805,45.97999954223633,46.06999969482422,45.5,45.61000061035156,692700
2013-10-17,36.345947265625,46.63999938964844,46.720001220703125,45.84000015258789,45.84000015258789,581100
2013-10-18,36.634281158447266,47.0099983215332,47.029998779296875,46.619998931884766,46.900001525878906,361700
2013-10-21,36.60310745239258,46.970001220703125,47.040000915527344,46.79999923706055,46.91999816894531,391700
2013-10-22,37.10964584350586,47.619998931884766,47.68000030517578,46.91999816894531,47.099998474121094,616000
2013-10-23,37.21095275878906,47.75,47.81999969482422,47.400001525878906,47.5099983215332,839100
2013-10-24,37.14860916137695,47.66999816894531,48.11000061035156,47.56999969482422,47.7599983215332,425400
2013-10-25,37.171993255615234,47.70000076293945,47.939998626708984,47.04999923706055,47.66999816894531,439900
2013-10-28,36.93821716308594,47.400001525878906,47.7599983215332,47.310001373291016,47.68000030517578,602500
2013-10-29,37.01613998413086,47.5,47.77000045776367,47.25,47.689998626708984,1054500
2013-10-30,37.01613998413086,47.5,48.09000015258789,46.220001220703125,47.400001525878906,2065600
2013-10-31,36.97719192504883,47.45000076293945,47.810001373291016,46.959999084472656,47.27000045776367,1878500
2013-11-01,36.797935485839844,47.220001220703125,47.599998474121094,47.0,47.47999954223633,1221500
2013-11-04,36.844703674316406,47.279998779296875,47.400001525878906,47.06999969482422,47.25,380700
2013-11-05,36.68104553222656,47.06999969482422,47.2400016784668,47.0099983215332,47.150001525878906,466400
2013-11-06,36.89924240112305,47.349998474121094,47.400001525878906,47.0,47.20000076293945,445800
2013-11-07,36.447261810302734,46.77000045776367,47.560001373291016,46.7400016784668,47.41999816894531,575100
2013-11-08,36.634281158447266,47.0099983215332,47.130001068115234,46.72999954223633,46.77000045776367,467600
2013-11-11,37.05509948730469,47.54999923706055,47.54999923706055,47.060001373291016,47.060001373291016,336700
2013-11-12,36.97719192504883,47.45000076293945,47.599998474121094,47.15999984741211,47.47999954223633,379400
2013-11-13,37.14082336425781,47.65999984741211,47.66999816894531,47.0099983215332,47.11000061035156,392700
2013-11-14,37.491493225097656,48.11000061035156,48.4900016784668,47.68000030517578,47.77000045776367,509300
2013-11-15,37.413570404052734,48.0099983215332,48.45000076293945,47.65999984741211,48.13999938964844,521400
2013-11-18,37.08627700805664,47.59000015258789,48.20000076293945,47.47999954223633,48.08000183105469,525600
2013-11-19,36.81351089477539,47.2400016784668,47.79999923706055,47.220001220703125,47.560001373291016,548500
2013-11-20,36.95379638671875,47.41999816894531,47.619998931884766,47.130001068115234,47.290000915527344,466100
2013-11-21,36.97719192504883,47.45000076293945,47.77000045776367,47.27000045776367,47.41999816894531,685300
2013-11-22,37.171993255615234,47.70000076293945,47.7599983215332,47.2599983215332,47.52000045776367,416000
2013-11-25,36.907047271728516,47.36000061035156,47.939998626708984,47.220001220703125,47.7400016784668,373000
2013-11-26,36.564144134521484,46.91999816894531,47.43000030517578,46.88999938964844,47.33000183105469,375100
2013-11-27,36.673248291015625,47.060001373291016,47.16999816894531,46.619998931884766,46.970001220703125,385500
2013-11-29,36.268028259277344,46.540000915527344,47.15999984741211,46.5099983215332,47.099998474121094,233600
2013-12-02,36.32297897338867,46.2599983215332,46.5,45.75,46.380001068115234,692800
2013-12-03,35.79690933227539,45.59000015258789,46.2400016784668,45.45000076293945,46.13999938964844,519900
2013-12-04,35.83616638183594,45.63999938964844,45.68000030517578,44.84000015258789,45.529998779296875,740100
2013-12-05,36.18951416015625,46.09000015258789,46.11000061035156,45.43000030517578,45.4900016784668,554000
2013-12-06,36.69988250732422,46.7400016784668,46.810001373291016,46.15999984741211,46.470001220703125,501200
2013-12-09,36.88832092285156,46.97999954223633,47.06999969482422,46.75,46.810001373291016,730600
2013-12-10,36.707733154296875,46.75,47.040000915527344,46.720001220703125,46.84000015258789,557100
2013-12-11,36.110992431640625,45.9900016784668,47.040000915527344,45.970001220703125,46.65999984741211,919400
2013-12-12,36.05601119995117,45.91999816894531,46.11000061035156,45.849998474121094,45.91999816894531,597300
2013-12-13,35.9617919921875,45.79999923706055,46.099998474121094,45.66999816894531,46.0,534200
2013-12-16,36.04031753540039,45.900001525878906,46.09000015258789,45.849998474121094,45.95000076293945,542200
2013-12-17,35.749786376953125,45.529998779296875,45.970001220703125,45.5,45.79999923706055,791200
2013-12-18,36.00104904174805,45.849998474121094,45.900001525878906,45.4900016784668,45.619998931884766,981900
2013-12-19,36.126670837402344,46.0099983215332,46.369998931884766,45.810001373291016,45.84000015258789,1208900
2013-12-20,36.110992431640625,45.9900016784668,46.11000061035156,45.7599983215332,45.90999984741211,2019800
2013-12-23,36.205204010009766,46.11000061035156,46.369998931884766,46.040000915527344,46.27000045776367,794900
2013-12-24,36.26801681518555,46.189998626708984,46.52000045776367,45.939998626708984,46.11000061035156,336900
2013-12-26,36.252315521240234,46.16999816894531,46.4900016784668,46.119998931884766,46.25,895100
2013-12-27,36.40935516357422,46.369998931884766,46.4900016784668,46.209999084472656,46.31999969482422,512400
2013-12-30,36.64491271972656,46.66999816894531,46.83000183105469,46.38999938964844,46.47999954223633,549000
2013-12-31,36.84906768798828,46.93000030517578,47.040000915527344,46.70000076293945,46.70000076293945,474500
2014-01-02,36.23662567138672,46.150001525878906,46.88999938964844,46.09000015258789,46.66999816894531,483700
2014-01-03,36.244468688964844,46.15999984741211,46.34000015258789,46.04999923706055,46.11000061035156,282500
2014-01-06,36.21306228637695,46.119998931884766,46.40999984741211,45.88999938964844,46.290000915527344,638700
2014-01-07,37.1788444519043,47.349998474121094,47.400001525878906,46.689998626708984,46.689998626708984,1152100
2014-01-08,37.061065673828125,47.20000076293945,47.27000045776367,46.77000045776367,47.27000045776367,766900
2014-01-09,37.67351150512695,47.97999954223633,47.97999954223633,47.220001220703125,47.27000045776367,849400
2014-01-10,37.736331939697266,48.060001373291016,48.40999984741211,47.43000030517578,48.06999969482422,902000
2014-01-13,37.43010330200195,47.66999816894531,48.0099983215332,47.439998626708984,47.84000015258789,894600
2014-01-14,37.95618438720703,48.34000015258789,48.36000061035156,47.65999984741211,47.810001373291016,724700
2014-01-15,38.24671173095703,48.709999084472656,48.720001220703125,48.18000030517578,48.34000015258789,815600
2014-01-16,38.30166244506836,48.779998779296875,48.790000915527344,48.41999816894531,48.560001373291016,697700
2014-01-17,38.08966827392578,48.5099983215332,48.84000015258789,48.400001525878906,48.77000045776367,419400
2014-01-21,38.482261657714844,49.0099983215332,49.060001373291016,48.5099983215332,48.869998931884766,696400
2014-01-22,38.780635833740234,49.38999938964844,49.459999084472656,48.90999984741211,49.029998779296875,638000
2014-01-23,38.03470993041992,48.439998626708984,49.31999969482422,48.34000015258789,49.22999954223633,737300
2014-01-24,37.100337982177734,47.25,48.41999816894531,47.25,48.33000183105469,935400
2014-01-27,36.48002243041992,46.459999084472656,47.400001525878906,46.45000076293945,47.279998779296875,996600
2014-01-28,37.249515533447266,47.439998626708984,47.54999923706055,46.83000183105469,47.02000045776367,1417700
2014-01-29,36.9040412902832,47.0,47.33000183105469,44.650001525878906,45.0,1096300
2014-01-30,36.550697326660156,46.54999923706055,47.2599983215332,46.31999969482422,47.2599983215332,837000
2014-01-31,36.299434661865234,46.22999954223633,46.470001220703125,45.58000183105469,46.060001373291016,719100
2014-02-03,34.846824645996094,44.380001068115234,46.31999969482422,44.369998931884766,46.08000183105469,1116600
2014-02-04,34.92533874511719,44.47999954223633,44.65999984741211,44.02000045776367,44.45000076293945,965600
2014-02-05,35.12948989868164,44.7400016784668,44.86000061035156,44.209999084472656,44.400001525878906,681000
2014-02-06,35.00387191772461,44.58000183105469,45.04999923706055,44.529998779296875,44.84000015258789,726400
2014-02-07,35.58490753173828,45.31999969482422,45.34000015258789,44.70000076293945,44.75,458400
2014-02-10,35.52994918823242,45.25,45.380001068115234,45.04999923706055,45.25,551000
2014-02-11,35.87541961669922,45.689998626708984,45.900001525878906,45.150001525878906,45.25,339700
2014-02-12,35.537803649902344,45.2599983215332,45.79999923706055,45.13999938964844,45.65999984741211,650900
2014-02-13,35.8126106262207,45.61000061035156,45.63999938964844,44.970001220703125,45.0,427300
2014-02-14,35.8126106262207,45.61000061035156,45.7599983215332,45.29999923706055,45.540000915527344,322200
2014-02-18,35.93824005126953,45.77000045776367,46.02000045776367,45.33000183105469,45.560001373291016,387600
2014-02-19,35.8126106262207,45.61000061035156,45.900001525878906,45.4900016784668,45.59000015258789,480200
2014-02-20,36.16595458984375,46.060001373291016,46.130001068115234,45.470001220703125,45.58000183105469,346700
2014-02-21,35.985355377197266,45.83000183105469,46.220001220703125,45.7599983215332,46.029998779296875,389000
2014-02-24,35.69482421875,45.459999084472656,46.04999923706055,45.459999084472656,45.83000183105469,645300
2014-02-25,35.82046127319336,45.619998931884766,45.79999923706055,45.2599983215332,45.47999954223633,437900
2014-02-26,35.844017028808594,45.650001525878906,45.95000076293945,45.459999084472656,45.75,624900
2014-02-27,36.087425231933594,45.959999084472656,46.04999923706055,45.310001373291016,45.630001068115234,443600
2014-02-28,36.562259674072266,46.20000076293945,46.290000915527344,45.63999938964844,45.63999938964844,631400
2014-03-03,36.491031646728516,46.11000061035156,46.15999984741211,45.529998779296875,45.779998779296875,542400
2014-03-04,37.13998031616211,46.93000030517578,46.959999084472656,46.25,46.5,543600
2014-03-05,37.068756103515625,46.84000015258789,46.93000030517578,46.61000061035156,46.880001068115234,338800
2014-03-06,37.36949157714844,47.220001220703125,47.279998779296875,46.720001220703125,46.959999084472656,382800
2014-03-07,37.22703170776367,47.040000915527344,47.52000045776367,46.91999816894531,47.40999984741211,462400
2014-03-10,37.40113830566406,47.2599983215332,47.310001373291016,46.91999816894531,46.97999954223633,625800
2014-03-11,37.187469482421875,46.9900016784668,47.43000030517578,46.91999816894531,47.310001373291016,355200
2014-03-12,37.09248733520508,46.869998931884766,47.06999969482422,46.70000076293945,46.75,478800
2014-03-13,36.68889617919922,46.36000061035156,46.970001220703125,46.22999954223633,46.970001220703125,604500
2014-03-14,36.760108947753906,46.45000076293945,46.81999969482422,46.349998474121094,46.349998474121094,446600
2014-03-17,37.17955780029297,46.97999954223633,47.099998474121094,46.5099983215332,46.58000183105469,467600
2014-03-18,37.361572265625,47.209999084472656,47.2599983215332,46.91999816894531,47.08000183105469,562500
2014-03-19,36.99753189086914,46.75,47.209999084472656,46.529998779296875,47.029998779296875,396500
2014-03-20,37.20329666137695,47.0099983215332,47.0099983215332,46.529998779296875,46.66999816894531,595600
2014-03-21,37.23493957519531,47.04999923706055,47.7599983215332,46.97999954223633,47.369998931884766,1973900
2014-03-24,37.27449417114258,47.099998474121094,47.560001373291016,46.97999954223633,47.29999923706055,537100
2014-03-25,37.290340423583984,47.119998931884766,47.650001525878906,46.91999816894531,47.20000076293945,432500
2014-03-26,37.21909713745117,47.029998779296875,47.4900016784668,47.0,47.369998931884766,774400
2014-03-27,36.957950592041016,46.70000076293945,49.380001068115234,46.540000915527344,49.380001068115234,279800
2014-03-28,37.10042190551758,46.880001068115234,47.15999984741211,46.68000030517578,46.779998779296875,248900
2014-03-31,37.654380798339844,47.58000183105469,47.630001068115234,47.11000061035156,47.290000915527344,422300
2014-04-01,37.89970779418945,47.88999938964844,47.88999938964844,47.34000015258789,47.56999969482422,522700
2014-04-02,38.15296173095703,48.209999084472656,48.33000183105469,47.849998474121094,48.06999969482422,889600
2014-04-03,37.98676300048828,48.0,48.380001068115234,47.93000030517578,48.2400016784668,648500
2014-04-04,37.068756103515625,46.84000015258789,48.13999938964844,46.72999954223633,48.099998474121094,902700
2014-04-07,35.36725997924805,44.689998626708984,46.77000045776367,44.45000076293945,46.630001068115234,1800100
2014-04-08,34.496726989746094,43.59000015258789,44.900001525878906,43.5,44.709999084472656,1660200
2014-04-09,35.04279708862305,44.279998779296875,44.58000183105469,42.970001220703125,43.529998779296875,2427100
2014-04-10,34.552127838134766,43.65999984741211,44.5099983215332,43.29999923706055,44.38999938964844,2808000
2014-04-11,35.12192916870117,44.380001068115234,44.880001068115234,43.2599983215332,43.290000915527344,16607100
2014-04-14,35.40682601928711,44.7400016784668,44.900001525878906,44.34000015258789,44.70000076293945,2156600
2014-04-15,35.628421783447266,45.02000045776367,45.27000045776367,44.08000183105469,45.0099983215332,2091800
2014-04-16,35.826263427734375,45.27000045776367,45.400001525878906,44.86000061035156,45.290000915527344,1516500
2014-04-17,35.74712371826172,45.16999816894531,45.290000915527344,44.970001220703125,45.290000915527344,1613500
2014-04-21,35.762943267822266,45.189998626708984,45.380001068115234,44.75,45.130001068115234,1569500
2014-04-22,35.64423751831055,45.040000915527344,45.47999954223633,45.0,45.33000183105469,1353800
2014-04-23,35.573020935058594,44.95000076293945,45.25,44.84000015258789,45.04999923706055,852600
2014-04-24,35.3514289855957,44.66999816894531,45.20000076293945,44.52000045776367,45.040000915527344,1292800
2014-04-25,35.201072692871094,44.47999954223633,44.63999938964844,44.13999938964844,44.529998779296875,1270100
2014-04-28,35.32769012451172,44.63999938964844,45.02000045776367,44.22999954223633,44.7400016784668,1196900
2014-04-29,35.264381408691406,44.560001373291016,44.939998626708984,44.459999084472656,44.650001525878906,1810800
2014-04-30,35.628421783447266,45.02000045776367,45.130001068115234,44.279998779296875,44.47999954223633,2261800
2014-05-01,35.67589569091797,45.08000183105469,45.5,44.83000183105469,45.11000061035156,1130100
2014-05-02,35.33560562133789,44.650001525878906,45.2400016784668,44.54999923706055,45.029998779296875,766500
2014-05-05,35.41474914550781,44.75,45.0,44.13999938964844,44.529998779296875,586400
2014-05-06,35.11400604248047,44.369998931884766,44.70000076293945,44.33000183105469,44.63999938964844,682200
2014-05-07,35.32769012451172,44.63999938964844,44.709999084472656,44.18000030517578,44.400001525878906,1033800
2014-05-08,35.64423751831055,45.040000915527344,45.29999923706055,44.58000183105469,44.63999938964844,2015700
2014-05-09,35.944984436035156,45.41999816894531,45.439998626708984,44.86000061035156,44.97999954223633,942400
2014-05-12,36.29318618774414,45.86000061035156,46.0,45.45000076293945,45.619998931884766,838800
2014-05-13,36.119083404541016,45.63999938964844,45.97999954223633,45.619998931884766,45.880001068115234,663700
2014-05-14,35.75503921508789,45.18000030517578,45.599998474121094,45.08000183105469,45.599998474121094,530500
2014-05-15,35.573020935058594,44.95000076293945,45.029998779296875,44.52000045776367,44.9900016784668,782300
2014-05-16,35.873748779296875,45.33000183105469,45.5099983215332,44.86000061035156,45.0,1043600
2014-05-19,35.850006103515625,45.29999923706055,45.47999954223633,45.119998931884766,45.29999923706055,892300
2014-05-20,35.929141998291016,45.400001525878906,45.970001220703125,45.2400016784668,45.47999954223633,1176400
2014-05-21,36.285274505615234,45.849998474121094,45.90999984741211,45.13999938964844,45.279998779296875,833500
2014-05-22,36.31694030761719,45.88999938964844,46.31999969482422,45.81999969482422,45.88999938964844,1030100
2014-05-23,36.364418029785156,45.95000076293945,46.08000183105469,45.83000183105469,45.90999984741211,915900
2014-05-27,36.48311233520508,46.099998474121094,46.20000076293945,45.90999984741211,46.09000015258789,868500
2014-05-28,36.301082611083984,45.869998931884766,46.18000030517578,45.81999969482422,46.099998474121094,1570800
2014-05-29,36.3723258972168,45.959999084472656,47.68000030517578,45.7599983215332,47.68000030517578,857900
2014-05-30,36.26944351196289,45.83000183105469,45.97999954223633,45.709999084472656,45.95000076293945,992300
2014-06-02,36.530616760253906,46.15999984741211,46.2400016784668,45.7599983215332,45.93000030517578,801700
2014-06-03,36.43564224243164,46.040000915527344,46.310001373291016,45.88999938964844,46.11000061035156,475400
2014-06-04,36.86635208129883,46.220001220703125,46.27000045776367,45.68000030517578,45.68000030517578,602000
2014-06-05,36.603145599365234,45.88999938964844,46.40999984741211,45.880001068115234,46.16999816894531,1007300
2014-06-06,36.635047912597656,45.93000030517578,46.220001220703125,45.77000045776367,45.970001220703125,734200
2014-06-09,36.59516906738281,45.880001068115234,46.189998626708984,45.77000045776367,45.970001220703125,758000
2014-06-10,36.41170883178711,45.650001525878906,45.9900016784668,45.560001373291016,45.84000015258789,614000
2014-06-11,36.61909103393555,45.90999984741211,45.970001220703125,45.5,45.52000045776367,435500
2014-06-12,36.45158767700195,45.70000076293945,45.79999923706055,45.470001220703125,45.790000915527344,424700
2014-06-13,36.24421310424805,45.439998626708984,45.91999816894531,45.33000183105469,45.70000076293945,515200
2014-06-16,36.33992385864258,45.560001373291016,45.66999816894531,45.2400016784668,45.47999954223633,510700
2014-06-17,36.65099334716797,45.95000076293945,46.09000015258789,45.29999923706055,45.56999969482422,824600
2014-06-18,36.99396896362305,46.380001068115234,46.5,45.790000915527344,45.91999816894531,592100
2014-06-19,36.898258209228516,46.2599983215332,46.459999084472656,46.13999938964844,46.45000076293945,482500
2014-06-20,37.00993728637695,46.400001525878906,46.61000061035156,46.060001373291016,46.13999938964844,1553500
2014-06-23,37.07374572753906,46.47999954223633,46.66999816894531,46.290000915527344,46.4900016784668,639900
2014-06-24,37.22528839111328,46.66999816894531,47.029998779296875,46.349998474121094,46.400001525878906,1004200
2014-06-25,37.28910827636719,46.75,47.060001373291016,46.529998779296875,46.619998931884766,1007500
2014-06-26,36.978031158447266,46.36000061035156,46.81999969482422,46.04999923706055,46.81999969482422,661900
2014-06-27,37.00993728637695,46.400001525878906,46.689998626708984,46.040000915527344,46.25,640300
2014-06-30,37.169464111328125,46.599998474121094,46.619998931884766,46.310001373291016,46.43000030517578,553500
2014-07-01,37.656005859375,47.209999084472656,47.2400016784668,46.4900016784668,46.560001373291016,1088100
2014-07-02,37.169464111328125,46.599998474121094,47.25,46.5,47.09000015258789,425000
2014-07-03,37.305049896240234,46.77000045776367,46.86000061035156,46.5,46.709999084472656,307100
2014-07-07,37.105648040771484,46.52000045776367,46.72999954223633,46.380001068115234,46.619998931884766,524500
2014-07-08,36.97003936767578,46.349998474121094,46.540000915527344,46.189998626708984,46.45000076293945,664400
2014-07-09,37.241233825683594,46.689998626708984,46.720001220703125,46.36000061035156,46.369998931884766,510700
2014-07-10,37.15351867675781,46.58000183105469,46.75,46.040000915527344,46.13999938964844,546600
2014-07-11,37.31302261352539,46.779998779296875,46.880001068115234,46.40999984741211,46.40999984741211,533100
2014-07-14,37.177425384521484,46.61000061035156,46.97999954223633,46.47999954223633,46.900001525878906,522600
2014-07-15,37.113624572753906,46.529998779296875,46.709999084472656,46.310001373291016,46.47999954223633,362700
2014-07-16,36.90624237060547,46.27000045776367,46.7599983215332,46.150001525878906,46.70000076293945,895200
2014-07-17,36.73872756958008,46.060001373291016,46.56999969482422,45.970001220703125,46.27000045776367,634500
2014-07-18,37.041839599609375,46.439998626708984,46.54999923706055,46.060001373291016,46.27000045776367,573400
2014-07-21,36.8823127746582,46.2400016784668,46.38999938964844,46.119998931884766,46.380001068115234,295600
2014-07-22,37.05779266357422,46.459999084472656,46.70000076293945,46.33000183105469,46.349998474121094,459600
2014-07-23,37.209346771240234,46.650001525878906,46.7599983215332,46.380001068115234,46.61000061035156,267700
2014-07-24,37.20136642456055,46.63999938964844,46.91999816894531,46.61000061035156,46.68000030517578,510000
2014-07-25,36.40372848510742,45.63999938964844,46.59000015258789,45.619998931884766,46.5099983215332,865700
2014-07-28,36.547306060791016,45.81999969482422,45.900001525878906,45.349998474121094,45.599998474121094,620000
2014-07-29,35.973018646240234,45.099998474121094,46.09000015258789,45.099998474121094,45.790000915527344,809800
2014-07-30,36.57122802734375,45.849998474121094,46.47999954223633,45.29999923706055,45.5,1496200
2014-07-31,35.89326095581055,45.0,45.86000061035156,44.97999954223633,45.59000015258789,1022800
2014-08-01,35.661956787109375,44.709999084472656,45.2400016784668,44.560001373291016,44.900001525878906,936200
2014-08-04,35.717769622802734,44.779998779296875,45.220001220703125,44.63999938964844,45.220001220703125,556400
2014-08-05,35.37479782104492,44.349998474121094,44.83000183105469,44.220001220703125,44.720001220703125,635600
2014-08-06,35.75765609741211,44.83000183105469,44.880001068115234,44.220001220703125,44.220001220703125,798200
2014-08-07,35.845394134521484,44.939998626708984,45.15999984741211,44.79999923706055,44.81999969482422,952100
2014-08-08,35.86931610107422,44.970001220703125,44.97999954223633,44.7400016784668,44.939998626708984,921300
2014-08-11,36.004920959472656,45.13999938964844,45.34000015258789,44.9900016784668,45.04999923706055,374100
2014-08-12,36.03683090209961,45.18000030517578,45.470001220703125,45.0099983215332,45.099998474121094,360000
2014-08-13,36.37980270385742,45.61000061035156,45.63999938964844,45.209999084472656,45.380001068115234,419300
2014-08-14,36.53934097290039,45.810001373291016,45.849998474121094,45.61000061035156,45.61000061035156,399400
2014-08-15,36.387786865234375,45.619998931884766,46.08000183105469,45.400001525878906,46.060001373291016,411300
2014-08-18,36.93016815185547,46.29999923706055,46.36000061035156,45.709999084472656,45.86000061035156,693500
2014-08-19,36.898258209228516,46.2599983215332,46.4900016784668,46.220001220703125,46.31999969482422,593700
2014-08-20,36.97003936767578,46.349998474121094,46.439998626708984,46.18000030517578,46.20000076293945,408700
2014-08-21,37.241233825683594,46.689998626708984,46.720001220703125,46.25,46.290000915527344,454700
2014-08-22,37.28910827636719,46.75,47.0,46.529998779296875,46.65999984741211,699200
2014-08-25,37.48053741455078,46.9900016784668,47.220001220703125,46.779998779296875,47.0,470900
2014-08-26,37.584228515625,47.119998931884766,47.310001373291016,47.040000915527344,47.08000183105469,385300
2014-08-27,37.592201232910156,47.130001068115234,47.27000045776367,47.060001373291016,47.09000015258789,533600
2014-08-28,37.5602912902832,47.09000015258789,47.27000045776367,46.86000061035156,46.970001220703125,433600
2014-08-29,37.671958923339844,47.22999954223633,47.380001068115234,46.93000030517578,47.2400016784668,489600
2014-09-02,37.54434585571289,47.06999969482422,47.95000076293945,46.97999954223633,47.34000015258789,1025800
2014-09-03,37.52022933959961,46.68000030517578,46.939998626708984,46.56999969482422,46.939998626708984,491100
2014-09-04,37.34339904785156,46.459999084472656,46.88999938964844,46.36000061035156,46.689998626708984,416900
2014-09-05,37.21479415893555,46.29999923706055,46.779998779296875,46.150001525878906,46.470001220703125,540800
2014-09-08,37.42377471923828,46.560001373291016,46.560001373291016,45.970001220703125,46.2400016784668,618100
2014-09-09,37.021888732910156,46.060001373291016,46.470001220703125,45.939998626708984,46.45000076293945,622000
2014-09-10,37.150482177734375,46.220001220703125,46.38999938964844,45.869998931884766,46.15999984741211,706200
2014-09-11,36.997772216796875,46.029998779296875,46.189998626708984,45.869998931884766,45.959999084472656,714300
2014-09-12,36.75664520263672,45.72999954223633,46.0,45.58000183105469,45.91999816894531,862200
2014-09-15,36.62803649902344,45.56999969482422,45.810001373291016,45.400001525878906,45.7599983215332,623200
2014-09-16,36.51551055908203,45.43000030517578,45.65999984741211,45.029998779296875,45.45000076293945,927400
2014-09-17,36.579803466796875,45.5099983215332,45.70000076293945,45.31999969482422,45.599998474121094,542000
2014-09-18,36.539615631103516,45.459999084472656,45.79999923706055,45.439998626708984,45.68000030517578,596800
2014-09-19,36.33064270019531,45.20000076293945,45.63999938964844,44.90999984741211,45.31999969482422,1664700
2014-09-22,36.0010871887207,44.790000915527344,45.119998931884766,44.689998626708984,45.11000061035156,1348300
2014-09-23,35.993045806884766,44.779998779296875,45.02000045776367,44.470001220703125,44.58000183105469,1290300
2014-09-24,36.539615631103516,45.459999084472656,45.5,44.68000030517578,44.869998931884766,1071400
2014-09-25,35.97698211669922,44.7599983215332,45.31999969482422,44.7599983215332,45.31999969482422,863800
2014-09-26,36.531585693359375,45.45000076293945,45.4900016784668,44.86000061035156,44.95000076293945,694400
2014-09-29,36.226158142089844,45.06999969482422,45.25,44.86000061035156,45.09000015258789,522200
2014-09-30,36.45924758911133,45.36000061035156,45.470001220703125,45.0,45.099998474121094,1130200
2014-10-01,36.02519226074219,44.81999969482422,45.36000061035156,44.650001525878906,45.36000061035156,1149100
2014-10-02,35.97698211669922,44.7599983215332,44.9900016784668,44.45000076293945,44.7599983215332,577000
2014-10-03,36.55569839477539,45.47999954223633,45.619998931884766,44.97999954223633,45.11000061035156,550600
2014-10-06,36.78074645996094,45.7599983215332,45.869998931884766,45.290000915527344,45.66999816894531,899700
2014-10-07,36.129703521728516,44.95000076293945,45.63999938964844,44.939998626708984,45.47999954223633,821600
2014-10-08,36.435123443603516,45.33000183105469,45.34000015258789,44.650001525878906,44.900001525878906,631200
2014-10-09,36.02519226074219,44.81999969482422,45.369998931884766,44.689998626708984,45.15999984741211,1082600
2014-10-10,36.01718521118164,44.810001373291016,45.189998626708984,44.38999938964844,44.869998931884766,1128700
2014-10-13,35.502742767333984,44.16999816894531,45.0099983215332,44.029998779296875,44.77000045776367,1163500
2014-10-14,35.60724639892578,44.29999923706055,44.59000015258789,44.099998474121094,44.43000030517578,877600
2014-10-15,35.47864532470703,44.13999938964844,44.560001373291016,43.439998626708984,43.790000915527344,1559300
2014-10-16,35.2776985168457,43.88999938964844,44.02000045776367,43.36000061035156,43.47999954223633,1154200
2014-10-17,35.864444732666016,44.619998931884766,44.689998626708984,43.93000030517578,44.27000045776367,457800
2014-10-20,36.07344436645508,44.880001068115234,44.880001068115234,44.459999084472656,44.459999084472656,472800
2014-10-21,36.37887191772461,45.2599983215332,45.2599983215332,44.810001373291016,45.0,712100
2014-10-22,36.4110221862793,45.29999923706055,45.630001068115234,45.189998626708984,45.41999816894531,659900
2014-10-23,36.467281341552734,45.369998931884766,45.68000030517578,45.27000045776367,45.65999984741211,614500
2014-10-24,36.812904357910156,45.79999923706055,45.849998474121094,45.400001525878906,45.43000030517578,475300
2014-10-27,36.949554443359375,45.970001220703125,46.150001525878906,45.58000183105469,45.68000030517578,546100
2014-10-28,37.17460632324219,46.25,46.470001220703125,45.880001068115234,46.209999084472656,1108400
2014-10-29,38.10698699951172,47.40999984741211,47.470001220703125,46.02000045776367,46.189998626708984,1491100
2014-10-30,37.82566452026367,47.060001373291016,47.43000030517578,46.689998626708984,47.279998779296875,832300
2014-10-31,38.340087890625,47.70000076293945,47.81999969482422,47.279998779296875,47.5,939800
2014-11-03,38.52495193481445,47.93000030517578,48.06999969482422,47.599998474121094,47.900001525878906,958800
2014-11-04,38.50886535644531,47.90999984741211,48.119998931884766,47.709999084472656,47.86000061035156,723300
2014-11-05,38.725887298583984,48.18000030517578,48.20000076293945,47.75,48.099998474121094,757700
2014-11-06,38.645511627197266,48.08000183105469,48.22999954223633,47.93000030517578,48.189998626708984,1017900
2014-11-07,38.661590576171875,48.099998474121094,48.29999923706055,47.84000015258789,48.130001068115234,1121100
2014-11-10,38.79018783569336,48.2599983215332,48.380001068115234,47.9900016784668,48.0,944400
2014-11-11,38.725887298583984,48.18000030517578,48.31999969482422,47.970001220703125,48.31999969482422,632600
2014-11-12,38.50083541870117,47.900001525878906,48.09000015258789,47.77000045776367,48.029998779296875,848000
2014-11-13,38.51690673828125,47.91999816894531,48.33000183105469,47.880001068115234,48.029998779296875,482000
2014-11-14,38.37222671508789,47.7400016784668,48.02000045776367,47.599998474121094,47.86000061035156,370400
2014-11-17,38.51690673828125,47.91999816894531,48.119998931884766,47.5099983215332,47.7400016784668,525600
2014-11-18,38.428489685058594,47.810001373291016,48.189998626708984,47.59000015258789,47.84000015258789,626400
2014-11-19,38.36419677734375,47.72999954223633,47.880001068115234,47.40999984741211,47.709999084472656,314300
2014-11-20,38.428489685058594,47.810001373291016,47.900001525878906,47.459999084472656,47.459999084472656,313300
2014-11-21,38.46064758300781,47.849998474121094,48.22999954223633,47.720001220703125,48.15999984741211,506400
2014-11-24,38.55710220336914,47.970001220703125,48.040000915527344,47.709999084472656,48.029998779296875,578200
2014-11-25,38.629451751708984,48.060001373291016,48.18000030517578,47.84000015258789,48.09000015258789,332300
2014-11-26,38.61335754394531,48.040000915527344,48.119998931884766,47.88999938964844,48.119998931884766,278900
2014-11-28,38.54103469848633,47.95000076293945,48.540000915527344,47.88999938964844,48.22999954223633,321600
2014-12-01,38.2838134765625,47.630001068115234,47.90999984741211,47.59000015258789,47.84000015258789,401100
2014-12-02,38.565128326416016,47.97999954223633,48.029998779296875,47.630001068115234,47.68000030517578,490500
2014-12-03,38.994354248046875,48.150001525878906,48.20000076293945,47.47999954223633,48.0099983215332,648500
2014-12-04,39.399288177490234,48.650001525878906,48.650001525878906,48.02000045776367,48.11000061035156,602200
2014-12-05,39.38309097290039,48.630001068115234,49.09000015258789,48.529998779296875,48.70000076293945,674600
2014-12-08,39.553165435791016,48.84000015258789,49.2400016784668,48.13999938964844,48.65999984741211,1121500
2014-12-09,39.253517150878906,48.470001220703125,48.7400016784668,47.97999954223633,48.09000015258789,911400
2014-12-10,38.55704116821289,47.61000061035156,48.369998931884766,47.54999923706055,48.220001220703125,777000
2014-12-11,38.71091079711914,47.79999923706055,48.33000183105469,47.689998626708984,47.869998931884766,606800
2014-12-12,38.0792350769043,47.02000045776367,47.720001220703125,47.0,47.40999984741211,520500
2014-12-15,37.714786529541016,46.56999969482422,47.56999969482422,46.41999816894531,47.15999984741211,590000
2014-12-16,37.47993087768555,46.279998779296875,46.88999938964844,46.20000076293945,46.45000076293945,956900
2014-12-17,37.990142822265625,46.90999984741211,46.93000030517578,46.08000183105469,46.439998626708984,976500
2014-12-18,38.41127014160156,47.43000030517578,47.5,47.150001525878906,47.369998931884766,979300
2014-12-19,38.403175354003906,47.41999816894531,47.75,47.290000915527344,47.47999954223633,1426600
2014-12-22,38.54084396362305,47.59000015258789,47.59000015258789,47.22999954223633,47.56999969482422,587900
2014-12-23,38.451759338378906,47.47999954223633,47.869998931884766,47.459999084472656,47.86000061035156,475700
2014-12-24,38.42746353149414,47.45000076293945,47.619998931884766,47.36000061035156,47.5099983215332,217000
2014-12-26,38.451759338378906,47.47999954223633,47.7599983215332,47.43000030517578,47.68000030517578,257700
2014-12-29,38.476051330566406,47.5099983215332,47.86000061035156,47.2400016784668,47.38999938964844,391900
2014-12-30,38.74330520629883,47.84000015258789,47.88999938964844,47.41999816894531,47.470001220703125,312500
2014-12-31,38.127811431884766,47.08000183105469,47.9900016784668,47.04999923706055,47.95000076293945,404600
2015-01-02,38.046817779541016,46.97999954223633,47.4900016784668,46.540000915527344,47.25,540200
2015-01-05,37.820072174072266,46.70000076293945,46.83000183105469,46.36000061035156,46.66999816894531,744100
2015-01-06,37.74718475341797,46.61000061035156,46.95000076293945,46.27000045776367,46.66999816894531,931700
2015-01-07,38.11162567138672,47.060001373291016,47.119998931884766,46.47999954223633,46.869998931884766,643600
2015-01-08,38.775699615478516,47.880001068115234,48.040000915527344,47.16999816894531,47.29999923706055,803600
2015-01-09,38.249298095703125,47.22999954223633,47.880001068115234,47.18000030517578,47.84000015258789,435700
2015-01-12,38.127811431884766,47.08000183105469,47.470001220703125,46.75,47.15999984741211,453400
2015-01-13,38.314090728759766,47.310001373291016,48.11000061035156,46.869998931884766,47.5099983215332,677000
2015-01-14,38.046817779541016,46.97999954223633,47.16999816894531,46.52000045776367,46.84000015258789,395800
2015-01-15,37.820072174072266,46.70000076293945,47.439998626708984,46.65999984741211,46.959999084472656,551100
2015-01-16,37.39896011352539,46.18000030517578,46.45000076293945,45.75,46.15999984741211,1585700
2015-01-20,36.91305160522461,45.58000183105469,46.47999954223633,45.400001525878906,46.20000076293945,792500
2015-01-21,36.71868133544922,45.34000015258789,45.7400016784668,45.060001373291016,45.52000045776367,653400
2015-01-22,37.3908576965332,46.16999816894531,46.16999816894531,45.369998931884766,45.63999938964844,803500
2015-01-23,36.85634231567383,45.5099983215332,46.33000183105469,45.4900016784668,46.150001525878906,623800
2015-01-26,37.010223388671875,45.70000076293945,45.70000076293945,45.22999954223633,45.58000183105469,812300
2015-01-27,36.702476501464844,45.31999969482422,45.72999954223633,45.13999938964844,45.40999984741211,580200
2015-01-28,36.386634826660156,44.93000030517578,45.790000915527344,44.849998474121094,45.54999923706055,1206600
2015-01-29,36.51621627807617,45.09000015258789,45.16999816894531,44.4900016784668,45.02000045776367,753900
2015-01-30,35.981712341308594,44.43000030517578,45.119998931884766,44.40999984741211,44.97999954223633,871000
2015-02-02,36.57290267944336,45.15999984741211,45.15999984741211,44.2400016784668,44.5,996800
2015-02-03,36.95353698730469,45.630001068115234,45.70000076293945,44.95000076293945,45.20000076293945,1178800
2015-02-04,37.5123291015625,46.31999969482422,46.84000015258789,45.810001373291016,45.900001525878906,1325200
2015-02-05,37.617610931396484,46.45000076293945,46.560001373291016,46.0,46.209999084472656,879000
2015-02-06,37.5123291015625,46.31999969482422,46.77000045776367,46.16999816894531,46.459999084472656,725600
2015-02-09,37.253177642822266,46.0,46.11000061035156,45.65999984741211,46.11000061035156,873200
2015-02-10,37.44753646850586,46.2400016784668,46.43000030517578,45.93000030517578,46.0,639900
2015-02-11,37.91725540161133,46.81999969482422,46.81999969482422,46.040000915527344,46.040000915527344,583800
2015-02-12,38.249298095703125,47.22999954223633,47.2599983215332,46.790000915527344,46.9900016784668,863700
2015-02-13,38.46794128417969,47.5,47.52000045776367,46.880001068115234,47.15999984741211,722700
2015-02-17,38.87288284301758,48.0,48.16999816894531,47.54999923706055,48.06999969482422,1297000
2015-02-18,39.148231506347656,48.34000015258789,48.36000061035156,47.77000045776367,47.95000076293945,1172800
2015-02-19,39.27780532836914,48.5,48.709999084472656,48.2400016784668,48.25,1435200
2015-02-20,39.31829833984375,48.54999923706055,48.58000183105469,48.13999938964844,48.400001525878906,608300
2015-02-23,38.76760482788086,47.869998931884766,48.459999084472656,47.540000915527344,48.43000030517578,692400
2015-02-24,38.54893493652344,47.599998474121094,48.09000015258789,47.16999816894531,47.720001220703125,1471000
2015-02-25,38.2897834777832,47.279998779296875,47.61000061035156,47.189998626708984,47.47999954223633,790600
2015-02-26,38.322181701660156,47.31999969482422,47.38999938964844,47.11000061035156,47.349998474121094,551200
2015-02-27,38.054927825927734,46.9900016784668,47.40999984741211,46.97999954223633,47.27000045776367,811400
2015-03-02,38.32432174682617,46.95000076293945,46.97999954223633,46.599998474121094,46.75,711700
2015-03-03,38.21003723144531,46.810001373291016,47.0099983215332,46.7599983215332,46.79999923706055,599300
2015-03-04,37.98963165283203,46.540000915527344,46.81999969482422,46.4900016784668,46.599998474121094,622500
2015-03-05,37.92433547973633,46.459999084472656,46.72999954223633,46.189998626708984,46.5,878600
2015-03-06,37.39375686645508,45.810001373291016,46.68000030517578,45.77000045776367,46.380001068115234,684800
2015-03-09,37.6141357421875,46.08000183105469,46.18000030517578,45.849998474121094,45.849998474121094,1176100
2015-03-10,37.25497055053711,45.63999938964844,46.189998626708984,45.630001068115234,45.77000045776367,1190400
2015-03-11,37.68760299682617,46.16999816894531,46.209999084472656,45.560001373291016,45.81999969482422,970200
2015-03-12,38.299800872802734,46.91999816894531,46.959999084472656,46.40999984741211,46.40999984741211,682700
2015-03-13,37.956974029541016,46.5,47.06999969482422,46.27000045776367,46.97999954223633,450900
2015-03-16,38.72426986694336,47.439998626708984,47.47999954223633,46.59000015258789,46.70000076293945,1027100
2015-03-17,38.756935119628906,47.47999954223633,47.529998779296875,47.060001373291016,47.34000015258789,906000
2015-03-18,38.96916961669922,47.7400016784668,48.0099983215332,47.08000183105469,47.29999923706055,751000
2015-03-19,38.84672546386719,47.59000015258789,47.779998779296875,47.380001068115234,47.5099983215332,726200
2015-03-20,38.88753890991211,47.63999938964844,47.84000015258789,47.4900016784668,47.68000030517578,2298900
2015-03-23,38.6916389465332,47.400001525878906,47.779998779296875,47.400001525878906,47.77000045776367,684200
2015-03-24,38.414093017578125,47.060001373291016,47.560001373291016,47.02000045776367,47.38999938964844,522000
2015-03-25,37.801883697509766,46.310001373291016,47.220001220703125,46.310001373291016,47.220001220703125,608000
2015-03-26,38.06309127807617,46.630001068115234,46.91999816894531,46.08000183105469,46.2400016784668,848700
2015-03-27,38.20185852050781,46.79999923706055,46.88999938964844,46.43000030517578,46.560001373291016,615300
2015-03-30,38.69979476928711,47.40999984741211,47.720001220703125,47.0,47.11000061035156,727300
2015-03-31,38.161048889160156,46.75,47.119998931884766,46.68000030517578,47.119998931884766,1092200
2015-04-01,38.144718170166016,46.72999954223633,46.939998626708984,46.29999923706055,46.75,844900
2015-04-02,38.25083923339844,46.86000061035156,46.970001220703125,46.369998931884766,46.599998474121094,847400
2015-04-06,38.47123718261719,47.130001068115234,47.400001525878906,46.5,46.5,775000
2015-04-07,38.226356506347656,46.83000183105469,47.25,46.810001373291016,47.18000030517578,564100
2015-04-08,38.64265060424805,47.34000015258789,47.34000015258789,46.7400016784668,46.84000015258789,452600
2015-04-09,38.66714859008789,47.369998931884766,47.5,46.959999084472656,47.209999084472656,553800
2015-04-10,38.895687103271484,47.650001525878906,47.86000061035156,47.31999969482422,47.31999969482422,500500
2015-04-13,38.94466781616211,47.709999084472656,47.7400016784668,47.27000045776367,47.689998626708984,446300
2015-04-14,39.13241958618164,47.939998626708984,47.97999954223633,47.36000061035156,47.619998931884766,492800
2015-04-15,39.0018196105957,47.779998779296875,48.06999969482422,47.72999954223633,48.0,721200
2015-04-16,39.165069580078125,47.97999954223633,48.209999084472656,47.709999084472656,47.77000045776367,753200
2015-04-17,38.903865814208984,47.65999984741211,47.720001220703125,47.11000061035156,47.720001220703125,993000
2015-04-20,39.1079216003418,47.90999984741211,48.029998779296875,47.709999084472656,47.75,821700
2015-04-21,38.903865814208984,47.65999984741211,48.13999938964844,47.400001525878906,47.97999954223633,910800
2015-04-22,38.94466781616211,47.709999084472656,47.709999084472656,47.209999084472656,47.65999984741211,465900
2015-04-23,38.9854850769043,47.7599983215332,48.02000045776367,47.47999954223633,47.47999954223633,1004500
2015-04-24,40.046669006347656,49.060001373291016,49.11000061035156,47.540000915527344,47.58000183105469,1855200
2015-04-27,39.61402893066406,48.529998779296875,49.08000183105469,48.43000030517578,49.060001373291016,1211900
2015-04-28,39.728302001953125,48.66999816894531,48.959999084472656,48.33000183105469,48.45000076293945,1390800
2015-04-29,39.630348205566406,48.54999923706055,48.7400016784668,48.189998626708984,48.34000015258789,1145500
2015-04-30,39.042625427246094,47.83000183105469,48.470001220703125,47.709999084472656,48.43000030517578,1145100
2015-05-01,39.116092681884766,47.91999816894531,48.33000183105469,47.880001068115234,48.0099983215332,608200
2015-05-04,38.94466781616211,47.709999084472656,48.11000061035156,47.650001525878906,47.97999954223633,627800
2015-05-05,38.52020263671875,47.189998626708984,47.75,46.849998474121094,47.5,1714900
2015-05-06,38.773250579833984,47.5,47.52000045776367,46.869998931884766,47.189998626708984,829900
2015-05-07,38.96916961669922,47.7400016784668,47.88999938964844,47.38999938964844,47.619998931884766,757100
2015-05-08,39.06711959838867,47.86000061035156,48.2599983215332,47.849998474121094,48.15999984741211,801000
2015-05-11,39.042625427246094,47.83000183105469,48.13999938964844,47.650001525878906,47.68000030517578,893100
2015-05-12,39.00997543334961,47.790000915527344,47.959999084472656,47.189998626708984,47.54999923706055,539500
2015-05-13,39.41811752319336,48.290000915527344,48.400001525878906,47.54999923706055,47.849998474121094,1828100
2015-05-14,39.47526168823242,48.36000061035156,48.54999923706055,48.220001220703125,48.54999923706055,1626400
2015-05-15,39.19771957397461,48.02000045776367,48.470001220703125,48.0099983215332,48.380001068115234,1186400
2015-05-18,39.46709442138672,48.349998474121094,48.54999923706055,47.97999954223633,48.060001373291016,1652200
2015-05-19,39.75278854370117,48.70000076293945,48.83000183105469,48.31999969482422,48.5,1620400
2015-05-20,40.40580749511719,49.5,49.59000015258789,48.65999984741211,48.79999923706055,1490000
2015-05-21,40.144596099853516,49.18000030517578,49.459999084472656,49.11000061035156,49.380001068115234,870900
2015-05-22,40.17724609375,49.220001220703125,49.34000015258789,49.0,49.09000015258789,625900
2015-05-26,40.071144104003906,49.09000015258789,49.20000076293945,48.77000045776367,49.02000045776367,1492800
2015-05-27,40.071144104003906,49.09000015258789,49.22999954223633,48.81999969482422,49.130001068115234,1133700
2015-05-28,39.834434509277344,48.79999923706055,49.18000030517578,48.61000061035156,49.08000183105469,1061900
2015-05-29,39.5487174987793,48.45000076293945,48.849998474121094,48.25,48.84000015258789,5613700
2015-06-01,39.630348205566406,48.54999923706055,48.90999984741211,48.220001220703125,48.65999984741211,896300
2015-06-02,39.47526168823242,48.36000061035156,48.54999923706055,48.2400016784668,48.4900016784668,702700
2015-06-03,39.689125061035156,48.25,48.439998626708984,47.86000061035156,48.18000030517578,687700
2015-06-04,39.368324279785156,47.86000061035156,48.29999923706055,47.779998779296875,48.06999969482422,615400
2015-06-05,39.39299774169922,47.88999938964844,48.29999923706055,47.66999816894531,48.040000915527344,858300
2015-06-08,39.236717224121094,47.70000076293945,48.08000183105469,47.54999923706055,47.93000030517578,815300
2015-06-09,39.07219696044922,47.5,47.650001525878906,47.279998779296875,47.58000183105469,797400
2015-06-10,39.54928207397461,48.08000183105469,48.099998474121094,47.5,47.70000076293945,843600
2015-06-11,40.00992965698242,48.63999938964844,48.63999938964844,48.0,48.13999938964844,1311800
2015-06-12,39.90299606323242,48.5099983215332,48.709999084472656,48.400001525878906,48.5099983215332,752800
2015-06-15,39.9605712890625,48.58000183105469,48.61000061035156,47.97999954223633,47.9900016784668,979000
2015-06-16,40.371856689453125,49.08000183105469,49.08000183105469,48.13999938964844,48.58000183105469,974900
2015-06-17,40.57750701904297,49.33000183105469,49.45000076293945,48.9900016784668,49.099998474121094,751200
2015-06-18,40.48701858520508,49.220001220703125,49.5,49.09000015258789,49.33000183105469,1256300
2015-06-19,40.33074188232422,49.029998779296875,49.33000183105469,48.95000076293945,49.11000061035156,1482800
2015-06-22,40.33896255493164,49.040000915527344,49.34000015258789,48.90999984741211,49.20000076293945,610500
2015-06-23,40.35541915893555,49.060001373291016,49.290000915527344,48.880001068115234,49.15999984741211,887000
2015-06-24,40.03462219238281,48.66999816894531,49.09000015258789,48.63999938964844,48.93000030517578,626000
2015-06-25,39.83718490600586,48.43000030517578,48.86000061035156,48.310001373291016,48.86000061035156,538700
2015-06-26,39.62332534790039,48.16999816894531,48.619998931884766,48.09000015258789,48.43000030517578,2044000
2015-06-29,38.874786376953125,47.2599983215332,48.0099983215332,47.22999954223633,47.79999923706055,944700
2015-06-30,38.907684326171875,47.29999923706055,47.90999984741211,47.119998931884766,47.709999084472656,1321700
2015-07-01,39.3189697265625,47.79999923706055,47.93000030517578,47.58000183105469,47.88999938964844,1068100
2015-07-02,39.138004302978516,47.58000183105469,47.79999923706055,47.33000183105469,47.779998779296875,668600
2015-07-06,39.022830963134766,47.439998626708984,47.5,47.06999969482422,47.15999984741211,900400
2015-07-07,39.07219696044922,47.5,47.529998779296875,46.9900016784668,47.41999816894531,1025800
2015-07-08,38.7431640625,47.099998474121094,47.41999816894531,46.849998474121094,47.11000061035156,1157400
2015-07-09,38.924129486083984,47.31999969482422,47.540000915527344,47.20000076293945,47.4900016784668,691200
2015-07-10,39.138004302978516,47.58000183105469,47.72999954223633,47.470001220703125,47.66999816894531,510400
2015-07-13,39.368324279785156,47.86000061035156,47.93000030517578,47.70000076293945,47.86000061035156,597300
2015-07-14,39.573970794677734,48.11000061035156,48.13999938964844,47.720001220703125,47.7599983215332,623000
2015-07-15,39.442359924316406,47.95000076293945,48.189998626708984,47.86000061035156,48.099998474121094,594900
2015-07-16,39.63977813720703,48.189998626708984,48.189998626708984,47.84000015258789,48.15999984741211,677300
2015-07-17,39.66445541381836,48.220001220703125,48.2599983215332,47.95000076293945,48.22999954223633,848900
2015-07-20,39.60686492919922,48.150001525878906,48.31999969482422,47.959999084472656,48.18000030517578,562000
2015-07-21,39.368324279785156,47.86000061035156,48.33000183105469,47.59000015258789,48.20000076293945,828100
2015-07-22,39.27784729003906,47.75,48.189998626708984,47.709999084472656,47.7400016784668,519300
2015-07-23,39.212032318115234,47.66999816894531,48.040000915527344,47.59000015258789,47.709999084472656,755500
2015-07-24,39.01462173461914,47.43000030517578,47.86000061035156,47.43000030517578,47.65999984741211,522100
2015-07-27,38.94880294799805,47.349998474121094,47.540000915527344,47.119998931884766,47.25,684000
2015-07-28,38.817195892333984,47.189998626708984,47.529998779296875,47.119998931884766,47.52000045776367,1187600
2015-07-29,39.401222229003906,47.900001525878906,48.27000045776367,47.119998931884766,47.119998931884766,1510200
2015-07-30,39.20380401611328,47.65999984741211,47.86000061035156,47.560001373291016,47.7400016784668,781000
2015-07-31,39.01462173461914,47.43000030517578,47.83000183105469,47.400001525878906,47.79999923706055,990400
2015-08-03,39.40945053100586,47.90999984741211,47.90999984741211,47.279998779296875,47.38999938964844,887400
2015-08-04,39.35186767578125,47.84000015258789,48.290000915527344,47.630001068115234,47.84000015258789,931800
2015-08-05,39.368324279785156,47.86000061035156,48.290000915527344,47.84000015258789,48.060001373291016,718400
2015-08-06,39.0392951965332,47.459999084472656,48.119998931884766,47.33000183105469,47.90999984741211,641200
2015-08-07,39.154449462890625,47.599998474121094,47.619998931884766,47.130001068115234,47.369998931884766,446100
2015-08-10,39.41767120361328,47.91999816894531,48.220001220703125,47.86000061035156,48.04999923706055,570000
2015-08-11,39.25315856933594,47.720001220703125,47.84000015258789,47.34000015258789,47.61000061035156,537600
2015-08-12,38.80075454711914,47.16999816894531,47.439998626708984,46.83000183105469,47.380001068115234,1009000
2015-08-13,38.68559265136719,47.029998779296875,47.43000030517578,46.88999938964844,47.099998474121094,989100
2015-08-14,38.907684326171875,47.29999923706055,47.310001373291016,46.86000061035156,46.970001220703125,656700
2015-08-17,39.244930267333984,47.709999084472656,47.709999084472656,46.869998931884766,47.06999969482422,829400
2015-08-18,39.212032318115234,47.66999816894531,47.779998779296875,47.52000045776367,47.630001068115234,473600
2015-08-19,38.75961685180664,47.119998931884766,47.459999084472656,46.91999816894531,47.43000030517578,421800
2015-08-20,38.10978698730469,46.33000183105469,46.83000183105469,46.33000183105469,46.75,600500
2015-08-21,36.8594856262207,44.810001373291016,46.119998931884766,44.810001373291016,45.88999938964844,1227200
2015-08-24,35.44463348388672,43.09000015258789,43.9900016784668,39.9900016784668,42.709999084472656,1035300
2015-08-25,35.05805587768555,42.619998931884766,43.97999954223633,42.61000061035156,43.939998626708984,1213600
2015-08-26,35.61738204956055,43.29999923706055,43.7599983215332,42.54999923706055,43.7599983215332,1458500
2015-08-27,36.39061737060547,44.2400016784668,44.34000015258789,43.56999969482422,43.849998474121094,882600
2015-08-28,36.086265563964844,43.869998931884766,44.209999084472656,43.77000045776367,43.95000076293945,999400
2015-08-31,35.96287155151367,43.720001220703125,43.880001068115234,43.56999969482422,43.790000915527344,829700
2015-09-01,34.81950378417969,42.33000183105469,43.09000015258789,42.18000030517578,42.83000183105469,1059800
2015-09-02,35.19291305541992,42.40999984741211,42.560001373291016,41.880001068115234,42.560001373291016,685500
2015-09-03,35.184627532958984,42.400001525878906,42.650001525878906,42.34000015258789,42.470001220703125,1585800
2015-09-04,34.578834533691406,41.66999816894531,42.20000076293945,41.58000183105469,41.97999954223633,1336200
2015-09-08,35.234413146972656,42.459999084472656,42.68000030517578,42.0,42.25,2074300
2015-09-09,35.03525161743164,42.220001220703125,42.9900016784668,42.16999816894531,42.77000045776367,1291900
2015-09-10,34.9356689453125,42.099998474121094,42.43000030517578,41.9900016784668,42.0099983215332,952900
2015-09-11,34.852691650390625,42.0,42.119998931884766,41.7599983215332,42.0099983215332,1087700
2015-09-14,34.860992431640625,42.0099983215332,42.15999984741211,41.869998931884766,41.97999954223633,1094000
2015-09-15,35.06843566894531,42.2599983215332,42.36000061035156,41.97999954223633,42.08000183105469,882800
2015-09-16,35.251007080078125,42.47999954223633,42.61000061035156,42.11000061035156,42.31999969482422,909800
2015-09-17,35.242706298828125,42.470001220703125,42.90999984741211,42.25,42.5099983215332,1199200
2015-09-18,34.72820281982422,41.849998474121094,42.31999969482422,41.619998931884766,42.02000045776367,3015000
2015-09-21,35.126529693603516,42.33000183105469,42.439998626708984,42.06999969482422,42.290000915527344,1411000
2015-09-22,35.085044860839844,42.279998779296875,42.33000183105469,41.66999816894531,41.810001373291016,1943900
2015-09-23,34.943973541259766,42.11000061035156,42.41999816894531,41.91999816894531,42.29999923706055,855200
2015-09-24,34.75312423706055,41.880001068115234,41.959999084472656,41.56999969482422,41.849998474121094,1269900
2015-09-25,34.844390869140625,41.9900016784668,42.40999984741211,41.880001068115234,42.22999954223633,1261000
2015-09-28,34.1390380859375,41.13999938964844,41.900001525878906,41.040000915527344,41.79999923706055,1251000
2015-09-29,33.84029769897461,40.779998779296875,41.099998474121094,40.5,40.90999984741211,1419100
2015-09-30,34.255218505859375,41.279998779296875,41.34000015258789,40.70000076293945,40.90999984741211,1237900
2015-10-01,34.222023010253906,41.2400016784668,41.349998474121094,40.66999816894531,41.189998626708984,891400
2015-10-02,34.69502639770508,41.810001373291016,41.810001373291016,40.540000915527344,40.540000915527344,853800
2015-10-05,34.943973541259766,42.11000061035156,42.209999084472656,41.79999923706055,41.90999984741211,1403500
2015-10-06,34.96056365966797,42.130001068115234,42.220001220703125,41.91999816894531,41.91999816894531,1121700
2015-10-07,35.01034164428711,42.189998626708984,42.619998931884766,41.68000030517578,42.41999816894531,1472500
2015-10-08,35.30909729003906,42.54999923706055,42.630001068115234,41.91999816894531,42.11000061035156,840500
2015-10-09,35.317386627197266,42.560001373291016,42.689998626708984,42.470001220703125,42.540000915527344,778300
2015-10-12,35.42527389526367,42.689998626708984,42.720001220703125,42.439998626708984,42.5099983215332,678000
2015-10-13,35.06843566894531,42.2599983215332,42.68000030517578,42.2400016784668,42.4900016784668,501000
2015-10-14,35.226104736328125,42.45000076293945,42.54999923706055,41.63999938964844,42.25,1100900
2015-10-15,35.259307861328125,42.4900016784668,42.77000045776367,42.209999084472656,42.66999816894531,1082500
2015-10-16,35.558040618896484,42.849998474121094,42.900001525878906,42.4900016784668,42.52000045776367,1280300
2015-10-19,35.44186019897461,42.709999084472656,42.95000076293945,42.59000015258789,42.7599983215332,1458400
2015-10-20,36.05594253540039,43.45000076293945,43.619998931884766,42.560001373291016,42.599998474121094,1510600
2015-10-21,35.782081604003906,43.119998931884766,43.7599983215332,43.029998779296875,43.599998474121094,695100
2015-10-22,36.163822174072266,43.58000183105469,43.79999923706055,43.22999954223633,43.34000015258789,948300
2015-10-23,36.14720916748047,43.560001373291016,43.939998626708984,43.470001220703125,43.7599983215332,1390000
2015-10-26,36.279991149902344,43.720001220703125,43.81999969482422,43.31999969482422,43.56999969482422,1056700
2015-10-27,36.22190856933594,43.650001525878906,43.72999954223633,43.31999969482422,43.5,1244600
2015-10-28,36.5538215637207,44.04999923706055,44.29999923706055,43.630001068115234,44.029998779296875,1606000
2015-10-29,36.636810302734375,44.150001525878906,44.290000915527344,43.72999954223633,43.72999954223633,1306700
2015-10-30,36.28829574584961,43.72999954223633,44.2599983215332,43.560001373291016,44.099998474121094,1398400
2015-11-02,36.246795654296875,43.68000030517578,43.689998626708984,42.90999984741211,43.189998626708984,1072600
2015-11-03,36.44595718383789,43.91999816894531,44.15999984741211,43.529998779296875,43.58000183105469,1562200
2015-11-04,36.5206413269043,44.0099983215332,44.189998626708984,43.81999969482422,43.970001220703125,1240500
2015-11-05,36.5870246887207,44.09000015258789,44.15999984741211,43.779998779296875,43.9900016784668,845900
2015-11-06,36.562137603759766,44.060001373291016,44.310001373291016,43.83000183105469,44.2599983215332,848900
2015-11-09,36.22190856933594,43.650001525878906,44.0,43.31999969482422,44.0,616700
2015-11-10,36.52894973754883,44.02000045776367,44.04999923706055,43.47999954223633,43.599998474121094,1000100
2015-11-11,36.703208923339844,44.22999954223633,44.439998626708984,43.970001220703125,44.099998474121094,1119000
2015-11-12,35.90656661987305,43.27000045776367,44.099998474121094,43.27000045776367,43.959999084472656,615500
2015-11-13,35.66591262817383,42.97999954223633,43.29999923706055,42.86000061035156,43.220001220703125,652400
2015-11-16,36.1306266784668,43.540000915527344,43.540000915527344,42.790000915527344,42.849998474121094,784000
2015-11-17,35.873382568359375,43.22999954223633,43.689998626708984,43.16999816894531,43.61000061035156,964300
2015-11-18,36.35467529296875,43.810001373291016,43.84000015258789,43.20000076293945,43.279998779296875,802300
2015-11-19,36.404457092285156,43.869998931884766,43.959999084472656,43.529998779296875,43.7400016784668,680000
2015-11-20,36.67000198364258,44.189998626708984,44.380001068115234,44.0,44.0,809300
2015-11-23,36.6036262512207,44.11000061035156,44.540000915527344,44.040000915527344,44.31999969482422,882700
2015-11-24,36.62022018432617,44.130001068115234,44.369998931884766,43.86000061035156,43.91999816894531,887500
2015-11-25,36.47085952758789,43.95000076293945,44.25,43.86000061035156,44.209999084472656,529600
2015-11-27,36.512351989746094,44.0,44.189998626708984,43.7599983215332,44.0,301800
2015-11-30,36.30488967895508,43.75,44.34000015258789,43.75,44.13999938964844,1486400
2015-12-01,36.39616012573242,43.86000061035156,44.209999084472656,43.650001525878906,43.97999954223633,1076500
2015-12-02,36.371055603027344,43.459999084472656,43.68000030517578,43.38999938964844,43.599998474121094,1026400
2015-12-03,35.952613830566406,42.959999084472656,43.630001068115234,42.7599983215332,43.5099983215332,1034600
2015-12-04,36.75602722167969,43.91999816894531,43.93000030517578,42.970001220703125,43.060001373291016,885400
2015-12-07,36.83971405029297,44.02000045776367,44.040000915527344,43.63999938964844,43.849998474121094,848300
2015-12-08,36.262264251708984,43.33000183105469,43.77000045776367,43.2400016784668,43.68000030517578,928000
2015-12-09,36.15346145629883,43.20000076293945,43.630001068115234,42.939998626708984,43.099998474121094,1187300
2015-12-10,36.36269760131836,43.45000076293945,43.58000183105469,42.88999938964844,43.16999816894531,1290700
2015-12-11,36.329219818115234,43.40999984741211,43.709999084472656,42.900001525878906,42.95000076293945,1455500
2015-12-14,35.81034851074219,42.790000915527344,43.84000015258789,42.45000076293945,43.45000076293945,1650500
2015-12-15,36.45474624633789,43.560001373291016,43.720001220703125,43.11000061035156,43.11000061035156,962200
2015-12-16,35.59275436401367,42.529998779296875,43.599998474121094,42.04999923706055,43.599998474121094,2552300
2015-12-17,34.52989959716797,41.2599983215332,42.689998626708984,41.04999923706055,42.470001220703125,2512400
2015-12-18,33.542396545410156,40.08000183105469,41.380001068115234,40.06999969482422,41.22999954223633,4068200
2015-12-21,33.73488235473633,40.310001373291016,40.4900016784668,39.43000030517578,40.27000045776367,2321100
2015-12-22,33.90224075317383,40.5099983215332,40.529998779296875,39.79999923706055,40.40999984741211,1524600
2015-12-23,34.32905578613281,41.02000045776367,41.02000045776367,40.279998779296875,40.650001525878906,1324800
2015-12-24,34.43785095214844,41.150001525878906,41.29999923706055,40.779998779296875,41.060001373291016,388900
2015-12-28,34.58012008666992,41.31999969482422,41.31999969482422,40.779998779296875,40.97999954223633,921500
2015-12-29,34.78935241699219,41.56999969482422,41.790000915527344,41.369998931884766,41.560001373291016,861500
2015-12-30,34.630332946777344,41.380001068115234,41.7599983215332,41.279998779296875,41.599998474121094,694800
2015-12-31,34.26211929321289,40.939998626708984,41.540000915527344,40.93000030517578,41.20000076293945,855600
2016-01-04,33.64281463623047,40.20000076293945,40.4900016784668,39.86000061035156,40.400001525878906,1163800
2016-01-05,33.73488235473633,40.310001373291016,40.45000076293945,40.0,40.20000076293945,1117200
2016-01-06,33.082088470458984,39.529998779296875,39.91999816894531,39.36000061035156,39.880001068115234,975000
2016-01-07,32.39583969116211,38.709999084472656,38.959999084472656,38.349998474121094,38.81999969482422,1265500
2016-01-08,32.0527229309082,38.29999923706055,39.060001373291016,38.25,38.810001373291016,823100
2016-01-11,31.517127990722656,37.65999984741211,38.40999984741211,37.31999969482422,38.349998474121094,1649500
2016-01-12,31.701244354248047,37.880001068115234,37.939998626708984,37.43000030517578,37.869998931884766,1196900
2016-01-13,30.96477508544922,37.0,38.27000045776367,36.9900016784668,38.15999984741211,1719800
2016-01-14,31.55059051513672,37.70000076293945,38.08000183105469,36.779998779296875,37.08000183105469,2085300
2016-01-15,31.475276947021484,37.61000061035156,37.720001220703125,36.900001525878906,36.959999084472656,2241000
2016-01-19,31.123779296875,37.189998626708984,38.09000015258789,37.029998779296875,37.9900016784668,1022000
2016-01-20,30.80576515197754,36.810001373291016,37.209999084472656,35.959999084472656,36.650001525878906,1245600
2016-01-21,30.75555419921875,36.75,37.16999816894531,36.66999816894531,36.900001525878906,916500
2016-01-22,31.508760452270508,37.650001525878906,37.720001220703125,37.22999954223633,37.310001373291016,754600
2016-01-25,30.864343643188477,36.880001068115234,37.59000015258789,36.86000061035156,37.58000183105469,766400
2016-01-26,31.257673263549805,37.349998474121094,37.58000183105469,37.0,37.119998931884766,832000
2016-01-27,31.02334976196289,37.06999969482422,37.529998779296875,36.81999969482422,37.20000076293945,761700
2016-01-28,30.328744888305664,36.2400016784668,37.560001373291016,36.220001220703125,37.310001373291016,3477700
2016-01-29,31.5003719329834,37.63999938964844,37.70000076293945,36.25,36.529998779296875,3475300
2016-02-01,31.659391403198242,37.83000183105469,38.08000183105469,37.189998626708984,37.560001373291016,1665900
2016-02-02,31.37484359741211,37.4900016784668,37.70000076293945,37.189998626708984,37.459999084472656,1280700
2016-02-03,32.25358200073242,38.540000915527344,38.650001525878906,37.36000061035156,37.79999923706055,1719100
2016-02-04,32.37075424194336,38.68000030517578,38.86000061035156,38.04999923706055,38.380001068115234,1449200
2016-02-05,32.069461822509766,38.31999969482422,38.75,38.189998626708984,38.4900016784668,1409000
2016-02-08,31.952308654785156,38.18000030517578,38.2599983215332,37.72999954223633,37.93000030517578,1057400
2016-02-09,31.65102195739746,37.81999969482422,38.290000915527344,37.650001525878906,37.86000061035156,812200
2016-02-10,31.801664352416992,38.0,38.36000061035156,37.810001373291016,37.93000030517578,938100
2016-02-11,31.65102195739746,37.81999969482422,38.06999969482422,37.189998626708984,37.290000915527344,1242700
2016-02-12,32.21174240112305,38.4900016784668,38.560001373291016,37.970001220703125,38.33000183105469,937200
2016-02-16,32.638545989990234,39.0,39.130001068115234,38.68000030517578,38.97999954223633,1275100
2016-02-17,32.96493148803711,39.38999938964844,39.47999954223633,39.06999969482422,39.2599983215332,879200
2016-02-18,33.241111755371094,39.720001220703125,39.810001373291016,39.099998474121094,39.36000061035156,1187300
2016-02-19,32.998409271240234,39.43000030517578,39.619998931884766,39.16999816894531,39.41999816894531,1076800
2016-02-22,33.4168586730957,39.93000030517578,40.029998779296875,39.66999816894531,39.68000030517578,950400
2016-02-23,33.09883117675781,39.54999923706055,39.939998626708984,39.4900016784668,39.779998779296875,595300
2016-02-24,33.18252182006836,39.650001525878906,39.689998626708984,38.97999954223633,39.189998626708984,577900
2016-02-25,33.48380661010742,40.0099983215332,40.0099983215332,39.4900016784668,39.689998626708984,651500
2016-02-26,33.5256462097168,40.060001373291016,40.27000045776367,39.84000015258789,40.16999816894531,593500
2016-02-29,33.34990310668945,39.849998474121094,40.279998779296875,39.66999816894531,39.86000061035156,1049200
2016-03-01,33.98591995239258,40.61000061035156,40.61000061035156,39.88999938964844,40.16999816894531,819100
2016-03-02,34.05351638793945,40.310001373291016,40.31999969482422,39.7599983215332,40.06999969482422,1189100
2016-03-03,34.37452697753906,40.689998626708984,40.689998626708984,40.130001068115234,40.2599983215332,751900
2016-03-04,34.63642501831055,41.0,41.0,40.41999816894531,40.66999816894531,848400
2016-03-07,34.78849792480469,41.18000030517578,41.27000045776367,40.59000015258789,40.84000015258789,520200
2016-03-08,34.53505325317383,40.880001068115234,41.060001373291016,40.59000015258789,40.95000076293945,542800
2016-03-09,34.71245193481445,41.09000015258789,41.16999816894531,40.7599983215332,40.97999954223633,1018300
2016-03-10,35.067264556884766,41.5099983215332,41.52000045776367,40.939998626708984,41.29999923706055,845300
2016-03-11,35.98809051513672,42.599998474121094,42.599998474121094,41.900001525878906,41.95000076293945,981400
2016-03-14,35.861366271972656,42.45000076293945,42.59000015258789,42.0099983215332,42.5,736000
2016-03-15,36.04721450805664,42.66999816894531,42.75,42.13999938964844,42.290000915527344,876900
2016-03-16,36.300662994384766,42.970001220703125,43.11000061035156,42.31999969482422,42.439998626708984,1101100
2016-03-17,36.92581558227539,43.709999084472656,43.900001525878906,42.939998626708984,42.939998626708984,846800
2016-03-18,36.90045166015625,43.68000030517578,44.0,43.470001220703125,43.529998779296875,1652400
2016-03-21,37.255271911621094,44.099998474121094,44.25,43.84000015258789,44.119998931884766,793600
2016-03-22,37.255271911621094,44.099998474121094,44.31999969482422,43.810001373291016,43.95000076293945,645600
2016-03-23,37.18768310546875,44.02000045776367,44.150001525878906,43.77000045776367,44.099998474121094,719300
2016-03-24,37.15389633178711,43.97999954223633,44.0,43.65999984741211,43.84000015258789,674100
2016-03-28,37.111663818359375,43.93000030517578,44.119998931884766,43.869998931884766,44.040000915527344,795900
2016-03-29,37.39888000488281,44.27000045776367,44.310001373291016,43.75,43.91999816894531,1186200
2016-03-30,37.483360290527344,44.369998931884766,44.650001525878906,44.290000915527344,44.470001220703125,764300
2016-03-31,37.576297760009766,44.47999954223633,44.66999816894531,44.290000915527344,44.31999969482422,896700
2016-04-01,37.70301055908203,44.630001068115234,44.70000076293945,44.04999923706055,44.290000915527344,641600
2016-04-04,37.54249572753906,44.439998626708984,44.72999954223633,44.2599983215332,44.56999969482422,1078400
2016-04-05,36.94270324707031,43.72999954223633,44.220001220703125,43.709999084472656,44.09000015258789,590200
2016-04-06,37.170799255371094,44.0,44.060001373291016,43.59000015258789,43.790000915527344,647600
2016-04-07,36.68926239013672,43.43000030517578,43.79999923706055,43.16999816894531,43.70000076293945,1091800
2016-04-08,36.82442092895508,43.59000015258789,43.939998626708984,43.470001220703125,43.81999969482422,628700
2016-04-11,37.00183868408203,43.79999923706055,44.18000030517578,43.209999084472656,43.56999969482422,580800
2016-04-12,37.24681854248047,44.09000015258789,44.16999816894531,43.58000183105469,43.88999938964844,787700
2016-04-13,37.84663009643555,44.79999923706055,44.79999923706055,44.119998931884766,44.189998626708984,661400
2016-04-14,37.75370788574219,44.689998626708984,44.880001068115234,44.4900016784668,44.720001220703125,678700
2016-04-15,37.96489715576172,44.939998626708984,44.959999084472656,44.630001068115234,44.720001220703125,649400
2016-04-18,38.26901626586914,45.29999923706055,45.33000183105469,44.72999954223633,44.81999969482422,675000
2016-04-19,38.294349670410156,45.33000183105469,45.66999816894531,45.08000183105469,45.279998779296875,889300
2016-04-20,38.32815170288086,45.369998931884766,45.5099983215332,44.959999084472656,45.400001525878906,491100
2016-04-21,37.804386138916016,44.75,45.529998779296875,44.7400016784668,45.20000076293945,780300
2016-04-22,38.04093551635742,45.029998779296875,45.279998779296875,44.66999816894531,44.689998626708984,1462500
2016-04-25,37.939552307128906,44.90999984741211,45.04999923706055,44.65999984741211,44.9900016784668,819400
2016-04-26,38.0747184753418,45.06999969482422,45.16999816894531,44.790000915527344,44.97999954223633,684200
2016-04-27,38.13386917114258,45.13999938964844,45.439998626708984,45.0099983215332,45.15999984741211,480400
2016-04-28,37.53404998779297,44.43000030517578,44.95000076293945,44.349998474121094,44.86000061035156,993300
2016-04-29,38.89417266845703,46.040000915527344,46.45000076293945,45.31999969482422,45.68000030517578,2004300
2016-05-02,39.62069320678711,46.900001525878906,46.9900016784668,46.15999984741211,46.220001220703125,1607000
2016-05-03,39.18983459472656,46.38999938964844,46.709999084472656,46.119998931884766,46.470001220703125,1030600
2016-05-04,39.755855560302734,47.060001373291016,47.119998931884766,46.150001525878906,46.150001525878906,1249700
2016-05-05,39.77275085449219,47.08000183105469,47.43000030517578,46.959999084472656,47.2400016784668,895100
2016-05-06,39.67136001586914,46.959999084472656,47.06999969482422,46.689998626708984,46.86000061035156,739900
2016-05-09,39.62914276123047,46.90999984741211,47.099998474121094,46.720001220703125,46.77000045776367,735600
2016-05-10,40.3303108215332,47.7400016784668,47.7400016784668,46.869998931884766,47.189998626708984,813000
2016-05-11,39.82344436645508,47.13999938964844,47.790000915527344,47.099998474121094,47.56999969482422,583000
2016-05-12,40.11910629272461,47.4900016784668,47.540000915527344,47.20000076293945,47.369998931884766,732900
2016-05-13,39.81499099731445,47.130001068115234,47.439998626708984,46.900001525878906,47.33000183105469,640100
2016-05-16,40.05152893066406,47.40999984741211,47.77000045776367,47.060001373291016,47.060001373291016,683900
2016-05-17,39.86568069458008,47.189998626708984,47.59000015258789,46.88999938964844,47.349998474121094,851200
2016-05-18,40.18669509887695,47.56999969482422,48.06999969482422,47.040000915527344,47.040000915527344,1140700
2016-05-19,40.228939056396484,47.619998931884766,47.70000076293945,47.11000061035156,47.27000045776367,926200
2016-05-20,40.36410903930664,47.779998779296875,48.08000183105469,47.66999816894531,47.66999816894531,835100
2016-05-23,40.212039947509766,47.599998474121094,47.810001373291016,47.47999954223633,47.630001068115234,450300
2016-05-24,40.659793853759766,48.130001068115234,48.27000045776367,47.4900016784668,47.91999816894531,794000
2016-05-25,40.6682243347168,48.13999938964844,48.43000030517578,47.900001525878906,48.27000045776367,3177000
2016-05-26,40.55840301513672,48.0099983215332,48.2599983215332,47.849998474121094,48.20000076293945,1831200
2016-05-27,40.71892166137695,48.20000076293945,48.63999938964844,47.86000061035156,47.93000030517578,37176900
2016-05-31,40.82874298095703,48.33000183105469,48.5099983215332,48.0,48.459999084472656,2179700
2016-06-01,40.78616714477539,47.900001525878906,47.91999816894531,47.16999816894531,47.84000015258789,1139000
2016-06-02,41.08419418334961,48.25,48.25,47.61000061035156,47.84000015258789,1144700
2016-06-03,40.75210189819336,47.86000061035156,48.0,47.439998626708984,47.939998626708984,1241200
2016-06-06,40.71805191040039,47.81999969482422,48.20000076293945,47.630001068115234,47.86000061035156,1022600
2016-06-07,40.76913833618164,47.880001068115234,48.0,47.7400016784668,47.959999084472656,1110000
2016-06-08,40.803192138671875,47.91999816894531,48.13999938964844,47.68000030517578,47.81999969482422,840200
2016-06-09,41.177852630615234,48.36000061035156,48.36000061035156,47.65999984741211,47.84000015258789,1618000
2016-06-10,40.8968505859375,48.029998779296875,48.25,47.720001220703125,48.0,1236200
2016-06-13,40.505165100097656,47.56999969482422,48.189998626708984,47.540000915527344,47.95000076293945,904600
2016-06-14,39.84953689575195,46.79999923706055,47.38999938964844,46.68000030517578,47.33000183105469,1348700
2016-06-15,39.46636199951172,46.349998474121094,46.90999984741211,46.310001373291016,46.90999984741211,1373400
2016-06-16,39.6877555847168,46.61000061035156,46.61000061035156,46.0099983215332,46.18000030517578,927000
2016-06-17,39.67072296142578,46.59000015258789,46.66999816894531,46.130001068115234,46.66999816894531,1476200
2016-06-20,39.84953689575195,46.79999923706055,47.22999954223633,46.77000045776367,47.040000915527344,975600
2016-06-21,39.84102249145508,46.790000915527344,47.060001373291016,46.66999816894531,46.849998474121094,1304700
2016-06-22,39.84953689575195,46.79999923706055,47.09000015258789,46.77000045776367,46.900001525878906,848600
2016-06-23,40.49665832519531,47.560001373291016,47.560001373291016,47.119998931884766,47.29999923706055,902900
2016-06-24,38.614864349365234,45.349998474121094,46.349998474121094,45.31999969482422,45.880001068115234,2948000
2016-06-27,37.516456604003906,44.060001373291016,45.040000915527344,43.900001525878906,44.75,1921600
2016-06-28,38.55527877807617,45.279998779296875,45.38999938964844,44.439998626708984,44.4900016784668,1828100
2016-06-29,39.474876403808594,46.36000061035156,46.369998931884766,45.560001373291016,45.65999984741211,953000
2016-06-30,40.530723571777344,47.599998474121094,47.619998931884766,46.33000183105469,46.58000183105469,1292600
2016-07-01,40.70101547241211,47.79999923706055,47.84000015258789,47.27000045776367,47.599998474121094,1175700
2016-07-05,40.48814010620117,47.54999923706055,47.58000183105469,47.22999954223633,47.45000076293945,1113800
2016-07-06,40.760616302490234,47.869998931884766,47.93000030517578,47.150001525878906,47.15999984741211,1343400
2016-07-07,40.87130355834961,48.0,48.189998626708984,47.689998626708984,47.9900016784668,876900
2016-07-08,41.46735382080078,48.70000076293945,48.7599983215332,48.150001525878906,48.27000045776367,1137500
2016-07-11,41.70576095581055,48.97999954223633,49.04999923706055,48.7599983215332,48.900001525878906,816100
2016-07-12,41.86754608154297,49.16999816894531,49.38999938964844,49.0099983215332,49.220001220703125,813500
2016-07-13,41.52695083618164,48.77000045776367,49.20000076293945,48.709999084472656,49.060001373291016,1248900
2016-07-14,41.68022537231445,48.95000076293945,49.2599983215332,48.7400016784668,49.130001068115234,1638100
2016-07-15,41.73983383178711,49.02000045776367,49.11000061035156,48.7599983215332,48.95000076293945,855900
2016-07-18,41.407745361328125,48.630001068115234,49.060001373291016,48.56999969482422,48.90999984741211,634700
2016-07-19,41.46735382080078,48.70000076293945,48.790000915527344,48.43000030517578,48.5099983215332,589500
2016-07-20,41.53547286987305,48.779998779296875,48.91999816894531,48.619998931884766,48.79999923706055,401600
2016-07-21,41.407745361328125,48.630001068115234,48.900001525878906,48.529998779296875,48.70000076293945,717200
2016-07-22,41.85904312133789,49.15999984741211,49.209999084472656,48.63999938964844,48.63999938964844,595700
2016-07-25,42.16556930541992,49.52000045776367,49.529998779296875,49.02000045776367,49.060001373291016,1199100
2016-07-26,42.11448669433594,49.459999084472656,49.70000076293945,49.209999084472656,49.5099983215332,966500
2016-07-27,42.14854431152344,49.5,49.77000045776367,49.31999969482422,49.439998626708984,949300
2016-07-28,42.07190704345703,49.40999984741211,49.529998779296875,49.130001068115234,49.36000061035156,1286100
2016-07-29,41.884578704833984,49.189998626708984,49.2599983215332,48.13999938964844,49.04999923706055,1929000
2016-08-01,42.19112014770508,49.54999923706055,49.58000183105469,49.0,49.189998626708984,1133700
2016-08-02,41.70576095581055,48.97999954223633,49.650001525878906,48.810001373291016,49.43000030517578,1250200
2016-08-03,41.72279739379883,49.0,49.209999084472656,48.849998474121094,48.869998931884766,1122000
2016-08-04,41.63764190673828,48.900001525878906,49.29999923706055,48.810001373291016,48.849998474121094,1056700
2016-08-05,41.97825241088867,49.29999923706055,49.470001220703125,49.15999984741211,49.20000076293945,832900
2016-08-08,42.07190704345703,49.40999984741211,49.66999816894531,49.209999084472656,49.310001373291016,774800
2016-08-09,42.21668243408203,49.58000183105469,49.75,49.349998474121094,49.349998474121094,726500
2016-08-10,42.344390869140625,49.72999954223633,49.790000915527344,49.560001373291016,49.63999938964844,598900
2016-08-11,42.361412048339844,49.75,49.970001220703125,49.66999816894531,49.75,663400
2016-08-12,42.046363830566406,49.380001068115234,49.849998474121094,49.34000015258789,49.599998474121094,841900
2016-08-15,41.97825241088867,49.29999923706055,49.720001220703125,49.290000915527344,49.43000030517578,1042400
2016-08-16,41.52695083618164,48.77000045776367,49.459999084472656,48.7599983215332,49.150001525878906,2022000
2016-08-17,41.382198333740234,48.599998474121094,48.79999923706055,48.400001525878906,48.709999084472656,1379700
2016-08-18,41.3140869140625,48.52000045776367,48.72999954223633,48.400001525878906,48.65999984741211,1480200
2016-08-19,41.33110809326172,48.540000915527344,48.720001220703125,48.189998626708984,48.33000183105469,5072900
2016-08-22,41.552494049072266,48.79999923706055,48.90999984741211,48.369998931884766,48.540000915527344,859600
2016-08-23,41.27150344848633,48.470001220703125,49.150001525878906,48.369998931884766,49.0099983215332,1591200
2016-08-24,41.390716552734375,48.61000061035156,48.619998931884766,48.2599983215332,48.380001068115234,1659900
2016-08-25,41.62913513183594,48.88999938964844,49.0,48.47999954223633,48.54999923706055,833300
2016-08-26,41.73983383178711,49.02000045776367,49.349998474121094,48.75,49.0,1076100
2016-08-29,42.20814514160156,49.56999969482422,49.599998474121094,49.0099983215332,49.029998779296875,723300
2016-08-30,42.182594299316406,49.540000915527344,49.939998626708984,49.279998779296875,49.70000076293945,711400
2016-08-31,42.39710998535156,49.40999984741211,49.54999923706055,49.0099983215332,49.22999954223633,1002000
2016-09-01,42.40569305419922,49.41999816894531,49.540000915527344,49.060001373291016,49.439998626708984,583600
2016-09-02,42.89479446411133,49.9900016784668,49.9900016784668,49.5,49.619998931884766,636400
2016-09-06,42.946285247802734,50.04999923706055,50.04999923706055,49.59000015258789,49.95000076293945,955400
2016-09-07,43.28950881958008,50.45000076293945,50.45000076293945,49.7599983215332,49.880001068115234,864500
2016-09-08,43.152225494384766,50.290000915527344,50.4900016784668,50.18000030517578,50.400001525878906,657500
2016-09-09,42.19117736816406,49.16999816894531,50.04999923706055,49.150001525878906,49.84000015258789,1251900
2016-09-12,43.06640625,50.189998626708984,50.2599983215332,48.939998626708984,49.0,1423200
2016-09-13,42.57732009887695,49.619998931884766,49.970001220703125,49.540000915527344,49.900001525878906,1286800
2016-09-14,42.40569305419922,49.41999816894531,49.81999969482422,49.2599983215332,49.650001525878906,1061200
2016-09-15,42.920528411865234,50.02000045776367,50.13999938964844,49.29999923706055,49.29999923706055,780600
2016-09-16,42.603050231933594,49.650001525878906,50.13999938964844,49.400001525878906,49.599998474121094,1758800
2016-09-19,42.81756591796875,49.900001525878906,50.04999923706055,49.560001373291016,50.02000045776367,1095700
2016-09-20,42.972023010253906,50.08000183105469,50.470001220703125,50.0,50.2400016784668,700900
2016-09-21,43.469696044921875,50.65999984741211,50.709999084472656,50.04999923706055,50.130001068115234,1040500
2016-09-22,43.847259521484375,51.099998474121094,51.2400016784668,50.880001068115234,51.0,685400
2016-09-23,43.48686599731445,50.68000030517578,51.08000183105469,50.68000030517578,50.810001373291016,741100
2016-09-26,43.263763427734375,50.41999816894531,50.540000915527344,49.599998474121094,50.31999969482422,896200
2016-09-27,43.58982467651367,50.79999923706055,50.939998626708984,50.2599983215332,50.40999984741211,611800
2016-09-28,43.73569869995117,50.970001220703125,51.0099983215332,50.5,50.81999969482422,578000
2016-09-29,43.17796325683594,50.31999969482422,50.88999938964844,50.02000045776367,50.88999938964844,815200
2016-09-30,43.6498908996582,50.869998931884766,51.09000015258789,50.720001220703125,50.72999954223633,1289100
2016-10-03,43.29808044433594,50.459999084472656,50.81999969482422,50.369998931884766,50.720001220703125,469100
2016-10-04,43.14363479614258,50.279998779296875,50.599998474121094,49.83000183105469,50.47999954223633,946200
2016-10-05,43.263763427734375,50.41999816894531,50.77000045776367,50.34000015258789,50.54999923706055,569500
2016-10-06,43.555511474609375,50.7599983215332,50.790000915527344,50.119998931884766,50.41999816894531,662900
2016-10-07,43.39247131347656,50.56999969482422,50.88999938964844,50.380001068115234,50.88999938964844,491000
2016-10-10,43.358150482177734,50.529998779296875,51.08000183105469,50.52000045776367,50.93000030517578,460600
2016-10-11,42.74892807006836,49.81999969482422,50.5099983215332,49.68000030517578,50.470001220703125,576300
2016-10-12,43.30666732788086,50.470001220703125,50.65999984741211,49.84000015258789,49.84000015258789,449900
2016-10-13,42.96343994140625,50.06999969482422,50.29999923706055,49.84000015258789,50.20000076293945,648600
2016-10-14,43.10931396484375,50.2400016784668,50.709999084472656,50.220001220703125,50.470001220703125,493000
2016-10-17,42.826141357421875,49.90999984741211,50.36000061035156,49.869998931884766,50.33000183105469,562100
2016-10-18,42.920528411865234,50.02000045776367,50.41999816894531,49.939998626708984,50.41999816894531,448000
2016-10-19,42.920528411865234,50.02000045776367,50.2599983215332,49.849998474121094,50.18000030517578,820300
2016-10-20,42.199764251708984,49.18000030517578,49.849998474121094,49.099998474121094,49.849998474121094,763300
2016-10-21,42.019561767578125,48.970001220703125,49.20000076293945,48.630001068115234,48.869998931884766,780000
2016-10-24,41.659183502197266,48.54999923706055,49.470001220703125,48.540000915527344,49.310001373291016,1096400
2016-10-25,41.50473403930664,48.369998931884766,48.56999969482422,48.290000915527344,48.45000076293945,868800
2016-10-26,41.62485885620117,48.5099983215332,48.720001220703125,48.20000076293945,48.20000076293945,622700
2016-10-27,41.273048400878906,48.099998474121094,48.779998779296875,48.060001373291016,48.68000030517578,911200
2016-10-28,41.47039794921875,48.33000183105469,49.70000076293945,47.7599983215332,48.97999954223633,875900
2016-10-31,41.384605407714844,48.22999954223633,48.54999923706055,48.119998931884766,48.5099983215332,920200
2016-11-01,40.886924743652344,47.650001525878906,48.41999816894531,47.529998779296875,48.38999938964844,793100
2016-11-02,40.62950134277344,47.349998474121094,47.84000015258789,47.31999969482422,47.599998474121094,967600
2016-11-03,40.904075622558594,47.66999816894531,48.15999984741211,47.4900016784668,47.4900016784668,620500
2016-11-04,40.74104309082031,47.47999954223633,47.869998931884766,47.15999984741211,47.63999938964844,938700
2016-11-07,41.67633819580078,48.56999969482422,48.58000183105469,48.06999969482422,48.220001220703125,795100
2016-11-08,41.98524856567383,48.93000030517578,49.02000045776367,48.40999984741211,48.54999923706055,1039200
2016-11-09,42.81756591796875,49.900001525878906,50.150001525878906,48.2599983215332,48.810001373291016,1232400
2016-11-10,43.93306350708008,51.20000076293945,51.31999969482422,50.20000076293945,50.33000183105469,872000
2016-11-11,44.22481155395508,51.540000915527344,51.619998931884766,51.099998474121094,51.13999938964844,1072500
2016-11-14,44.722476959228516,52.119998931884766,52.34000015258789,51.5,51.779998779296875,1463200
2016-11-15,43.82150650024414,51.06999969482422,51.88999938964844,50.93000030517578,51.529998779296875,1269700
2016-11-16,43.64131546020508,50.86000061035156,50.95000076293945,50.56999969482422,50.869998931884766,905700
2016-11-17,44.30202865600586,51.630001068115234,51.900001525878906,50.86000061035156,50.900001525878906,603800
2016-11-18,44.207637786865234,51.52000045776367,51.630001068115234,51.34000015258789,51.52000045776367,880000
2016-11-21,44.104671478271484,51.400001525878906,51.91999816894531,51.31999969482422,51.61000061035156,490700
2016-11-22,43.92448043823242,51.189998626708984,51.779998779296875,51.130001068115234,51.52000045776367,1004900
2016-11-23,44.3277702331543,51.65999984741211,51.95000076293945,51.290000915527344,51.31999969482422,943400
2016-11-25,44.499385833740234,51.86000061035156,51.86000061035156,51.5099983215332,51.66999816894531,321900
2016-11-28,43.95022201538086,51.220001220703125,51.84000015258789,51.150001525878906,51.63999938964844,702000
2016-11-29,43.97595977783203,51.25,51.47999954223633,51.189998626708984,51.220001220703125,972500
2016-11-30,43.52642822265625,50.349998474121094,51.22999954223633,50.310001373291016,51.16999816894531,1989200
2016-12-01,42.9904670715332,49.72999954223633,50.40999984741211,49.56999969482422,50.349998474121094,1388600
2016-12-02,42.497703552246094,49.15999984741211,49.970001220703125,48.970001220703125,49.66999816894531,1158400
2016-12-05,42.63603210449219,49.31999969482422,49.75,49.209999084472656,49.540000915527344,1377100
2016-12-06,43.068260192871094,49.81999969482422,49.939998626708984,49.310001373291016,49.540000915527344,2222500
2016-12-07,43.60423278808594,50.439998626708984,50.459999084472656,49.65999984741211,49.81999969482422,2142100
2016-12-08,43.353538513183594,50.150001525878906,50.630001068115234,50.04999923706055,50.56999969482422,878400
2016-12-09,43.88087463378906,50.7599983215332,50.7599983215332,49.93000030517578,50.119998931884766,1159300
2016-12-12,43.820350646972656,50.689998626708984,51.0,50.599998474121094,50.70000076293945,1779600
2016-12-13,44.131568908691406,51.04999923706055,51.150001525878906,50.849998474121094,50.9900016784668,1266900
2016-12-14,43.42268753051758,50.22999954223633,51.15999984741211,50.11000061035156,50.939998626708984,1558800
2016-12-15,43.9327278137207,50.81999969482422,51.040000915527344,50.22999954223633,50.25,1143400
2016-12-16,44.56380081176758,51.54999923706055,51.7400016784668,50.869998931884766,50.95000076293945,8576100
2016-12-19,44.667537689208984,51.66999816894531,51.86000061035156,51.209999084472656,51.529998779296875,1002200
2016-12-20,44.8404426574707,51.869998931884766,51.97999954223633,51.650001525878906,51.970001220703125,945600
2016-12-21,44.719417572021484,51.72999954223633,52.09000015258789,51.619998931884766,51.900001525878906,525600
2016-12-22,44.93552780151367,51.97999954223633,52.0099983215332,51.58000183105469,51.7400016784668,517000
2016-12-23,44.96146774291992,52.0099983215332,52.119998931884766,51.83000183105469,52.0,556400
2016-12-27,44.90959930419922,51.95000076293945,52.099998474121094,51.86000061035156,52.029998779296875,523600
2016-12-28,44.62431716918945,51.619998931884766,52.04999923706055,51.599998474121094,52.02000045776367,688900
2016-12-29,44.81449508666992,51.84000015258789,51.90999984741211,51.650001525878906,51.66999816894531,912300
2016-12-30,44.9182243347168,51.959999084472656,52.15999984741211,51.630001068115234,51.959999084472656,1221400
2017-01-03,45.16029739379883,52.2400016784668,52.33000183105469,51.79999923706055,52.0,1058600
2017-01-04,45.73085021972656,52.900001525878906,53.22999954223633,52.2400016784668,52.41999816894531,1382800
2017-01-05,45.8345947265625,53.02000045776367,53.09000015258789,52.58000183105469,52.7599983215332,1309500
2017-01-06,45.93832015991211,53.13999938964844,53.36000061035156,53.09000015258789,53.220001220703125,871900
2017-01-09,45.298622131347656,52.400001525878906,53.13999938964844,52.369998931884766,52.9900016784668,922100
2017-01-10,45.31590270996094,52.41999816894531,52.75,52.27000045776367,52.43000030517578,616300
2017-01-11,45.36777877807617,52.47999954223633,52.61000061035156,52.040000915527344,52.38999938964844,621500
2017-01-12,45.454219818115234,52.58000183105469,52.650001525878906,51.959999084472656,52.16999816894531,1076200
2017-01-13,45.653053283691406,52.810001373291016,53.040000915527344,52.650001525878906,52.650001525878906,507800
2017-01-17,45.44556427001953,52.56999969482422,52.810001373291016,52.13999938964844,52.41999816894531,689900
2017-01-18,45.75678253173828,52.93000030517578,53.0099983215332,52.290000915527344,52.7400016784668,510500
2017-01-19,45.53200912475586,52.66999816894531,53.060001373291016,52.5099983215332,53.040000915527344,520700
2017-01-20,45.67898941040039,52.84000015258789,52.970001220703125,52.56999969482422,52.88999938964844,703700
2017-01-23,45.592533111572266,52.7400016784668,52.959999084472656,52.58000183105469,52.7400016784668,721700
2017-01-24,46.01613235473633,53.22999954223633,53.41999816894531,52.77000045776367,52.93000030517578,876500
2017-01-25,46.50022506713867,53.790000915527344,53.869998931884766,53.29999923706055,53.5,914300
2017-01-26,46.50022506713867,53.790000915527344,54.06999969482422,53.7400016784668,53.88999938964844,856000
2017-01-27,47.217750549316406,54.619998931884766,54.650001525878906,53.04999923706055,53.70000076293945,1053700
2017-01-30,46.56938552856445,53.869998931884766,54.5099983215332,53.33000183105469,54.2599983215332,1075600
2017-01-31,46.53483200073242,53.83000183105469,54.0,53.529998779296875,53.77000045776367,833100
2017-02-01,46.19767379760742,53.439998626708984,54.189998626708984,53.38999938964844,54.0,754600
2017-02-02,46.63856506347656,53.95000076293945,54.16999816894531,53.189998626708984,53.369998931884766,871300
2017-02-03,46.69041442871094,54.0099983215332,54.470001220703125,53.86000061035156,54.2599983215332,846400
2017-02-06,46.699066162109375,54.02000045776367,54.20000076293945,53.81999969482422,53.81999969482422,440400
2017-02-07,46.62125778198242,53.93000030517578,54.279998779296875,53.77000045776367,54.279998779296875,578900
2017-02-08,46.7336540222168,54.060001373291016,54.08000183105469,53.630001068115234,53.84000015258789,632300
2017-02-09,47.29554748535156,54.709999084472656,54.75,54.06999969482422,54.150001525878906,779200
2017-02-10,47.693214416503906,55.16999816894531,55.310001373291016,54.470001220703125,54.83000183105469,928400
2017-02-13,48.021705627441406,55.54999923706055,55.7400016784668,55.15999984741211,55.349998474121094,678300
2017-02-14,48.03035354614258,55.560001373291016,55.790000915527344,55.189998626708984,55.2599983215332,886000
2017-02-15,48.255126953125,55.81999969482422,55.88999938964844,55.36000061035156,55.560001373291016,567100
2017-02-16,48.81703567504883,56.470001220703125,56.4900016784668,55.779998779296875,55.81999969482422,640500
2017-02-17,49.22333908081055,56.939998626708984,56.939998626708984,55.959999084472656,56.2400016784668,1206100
2017-02-21,48.5404052734375,56.150001525878906,57.189998626708984,56.060001373291016,56.70000076293945,1215700
2017-02-22,48.60091018676758,56.220001220703125,56.400001525878906,55.790000915527344,56.04999923706055,705300
2017-02-23,48.81703567504883,56.470001220703125,56.470001220703125,56.16999816894531,56.22999954223633,553200
2017-02-24,49.154178619384766,56.86000061035156,56.90999984741211,55.959999084472656,56.13999938964844,751300
2017-02-27,49.257911682128906,56.97999954223633,57.08000183105469,56.79999923706055,56.86000061035156,645400
2017-02-28,49.231990814208984,56.95000076293945,57.2599983215332,56.77000045776367,57.040000915527344,833300
2017-03-01,50.27650833129883,57.7599983215332,57.81999969482422,57.040000915527344,57.2599983215332,1145100
2017-03-02,49.42346954345703,56.779998779296875,57.790000915527344,56.720001220703125,57.709999084472656,816600
2017-03-03,49.49311065673828,56.86000061035156,56.939998626708984,56.459999084472656,56.619998931884766,654200
2017-03-06,49.09270477294922,56.400001525878906,56.70000076293945,56.29999923706055,56.41999816894531,662100
2017-03-07,49.02307891845703,56.31999969482422,56.540000915527344,55.849998474121094,56.34000015258789,880600
2017-03-08,48.87510681152344,56.150001525878906,56.630001068115234,55.970001220703125,56.599998474121094,679000
2017-03-09,48.95344543457031,56.2400016784668,56.470001220703125,55.970001220703125,56.16999816894531,701300
2017-03-10,49.319026947021484,56.65999984741211,56.72999954223633,56.220001220703125,56.61000061035156,585200
2017-03-13,49.60627746582031,56.9900016784668,57.0,56.5099983215332,56.560001373291016,1217200
2017-03-14,49.48441696166992,56.849998474121094,56.93000030517578,56.529998779296875,56.790000915527344,618900
2017-03-15,49.675899505615234,57.06999969482422,57.15999984741211,56.75,56.88999938964844,813600
2017-03-16,49.49311065673828,56.86000061035156,57.529998779296875,56.72999954223633,57.33000183105469,857200
2017-03-17,49.554039001464844,56.93000030517578,57.11000061035156,56.56999969482422,56.900001525878906,5600800
2017-03-20,49.51052474975586,56.880001068115234,57.27000045776367,56.65999984741211,56.95000076293945,848400
2017-03-21,48.753238677978516,56.0099983215332,57.16999816894531,55.970001220703125,57.16999816894531,997700
2017-03-22,48.84898376464844,56.119998931884766,56.43000030517578,55.84000015258789,55.95000076293945,1013700
2017-03-23,48.988258361816406,56.279998779296875,56.79999923706055,55.91999816894531,56.20000076293945,764300
2017-03-24,49.12752151489258,56.439998626708984,56.91999816894531,56.220001220703125,56.459999084472656,879300
2017-03-27,49.214576721191406,56.540000915527344,56.650001525878906,55.540000915527344,55.869998931884766,628400
2017-03-28,49.62368392944336,57.0099983215332,57.09000015258789,56.119998931884766,56.38999938964844,665000
2017-03-29,49.43218231201172,56.790000915527344,57.099998474121094,56.72999954223633,56.869998931884766,777900
2017-03-30,49.41478729248047,56.77000045776367,56.91999816894531,56.59000015258789,56.63999938964844,447800
2017-03-31,49.214576721191406,56.540000915527344,56.81999969482422,56.5,56.599998474121094,941300
2017-04-03,48.761940002441406,56.02000045776367,56.63999938964844,55.810001373291016,56.599998474121094,887000
2017-04-04,49.07530975341797,56.380001068115234,56.5099983215332,55.77000045776367,56.0099983215332,712400
2017-04-05,48.744529724121094,56.0,56.65999984741211,55.95000076293945,56.5099983215332,830800
2017-04-06,49.09270477294922,56.400001525878906,56.5,55.72999954223633,56.09000015258789,689300
2017-04-07,49.031776428222656,56.33000183105469,56.56999969482422,56.08000183105469,56.27000045776367,894900
2017-04-10,49.04047775268555,56.34000015258789,56.540000915527344,56.130001068115234,56.2599983215332,1235000
2017-04-11,49.005680084228516,56.29999923706055,56.529998779296875,55.88999938964844,56.099998474121094,1034000
2017-04-12,48.56174087524414,55.790000915527344,56.18000030517578,55.61000061035156,56.15999984741211,1008700
2017-04-13,48.318016052246094,55.5099983215332,55.86000061035156,55.470001220703125,55.65999984741211,534900
2017-04-17,48.988258361816406,56.279998779296875,56.33000183105469,55.4900016784668,55.7400016784668,871900
2017-04-18,48.77934646606445,56.040000915527344,56.439998626708984,55.880001068115234,56.13999938964844,774300
2017-04-19,48.587860107421875,55.81999969482422,56.45000076293945,55.689998626708984,56.36000061035156,744700
2017-04-20,48.96215057373047,56.25,56.47999954223633,55.790000915527344,56.029998779296875,2009700
2017-04-21,48.405067443847656,55.61000061035156,56.369998931884766,55.61000061035156,56.0,767300
2017-04-24,48.78805923461914,56.04999923706055,56.5,55.849998474121094,56.4900016784668,833600
2017-04-25,49.12752151489258,56.439998626708984,56.56999969482422,56.15999984741211,56.400001525878906,786400
2017-04-26,49.0491828918457,56.349998474121094,56.70000076293945,56.279998779296875,56.43000030517578,954200
2017-04-27,49.37996292114258,56.72999954223633,56.9900016784668,56.5,56.5,765700
2017-04-28,48.57915115356445,55.810001373291016,56.310001373291016,55.25,56.310001373291016,1130000
2017-05-01,48.69230651855469,55.939998626708984,56.13999938964844,55.66999816894531,56.099998474121094,779400
2017-05-02,47.93503189086914,55.06999969482422,56.209999084472656,54.88999938964844,55.65999984741211,1749700
2017-05-03,47.88279724121094,55.0099983215332,55.22999954223633,54.81999969482422,54.95000076293945,1336800
2017-05-04,48.187461853027344,55.36000061035156,55.459999084472656,54.86000061035156,55.25,1241800
2017-05-05,48.49211502075195,55.709999084472656,55.709999084472656,55.36000061035156,55.47999954223633,655000
2017-05-08,48.291908264160156,55.47999954223633,55.93000030517578,55.349998474121094,55.83000183105469,750400
2017-05-09,48.06560516357422,55.220001220703125,55.7599983215332,55.150001525878906,55.58000183105469,696300
2017-05-10,48.291908264160156,55.47999954223633,55.619998931884766,54.93000030517578,55.09000015258789,950900
2017-05-11,47.98725891113281,55.130001068115234,55.56999969482422,54.79999923706055,55.2400016784668,953500
2017-05-12,47.63908386230469,54.72999954223633,55.20000076293945,54.619998931884766,54.91999816894531,791800
2017-05-15,48.03948974609375,55.189998626708984,55.27000045776367,54.5,54.66999816894531,916400
2017-05-16,48.14393997192383,55.310001373291016,55.47999954223633,55.04999923706055,55.27000045776367,561100
2017-05-17,47.839290618896484,54.959999084472656,55.310001373291016,54.630001068115234,55.310001373291016,830400
2017-05-18,48.204864501953125,55.380001068115234,55.59000015258789,54.90999984741211,55.2400016784668,790000
2017-05-19,48.535621643066406,55.7599983215332,55.939998626708984,55.27000045776367,55.31999969482422,1256400
2017-05-22,48.97956466674805,56.27000045776367,56.31999969482422,55.66999816894531,55.900001525878906,789400
2017-05-23,49.34513854980469,56.689998626708984,56.75,56.060001373291016,56.279998779296875,889400
2017-05-24,49.47571563720703,56.84000015258789,56.90999984741211,56.52000045776367,56.720001220703125,542400
2017-05-25,50.093719482421875,57.54999923706055,57.56999969482422,56.81999969482422,57.0,764200
2017-05-26,49.71942901611328,57.119998931884766,57.540000915527344,57.11000061035156,57.41999816894531,854800
2017-05-30,49.5888671875,56.970001220703125,57.150001525878906,56.54999923706055,56.810001373291016,970800
2017-05-31,49.720333099365234,56.72999954223633,56.939998626708984,56.34000015258789,56.810001373291016,1357100
2017-06-01,50.36011505126953,57.459999084472656,57.459999084472656,56.720001220703125,56.880001068115234,1224100
2017-06-02,50.263736724853516,57.349998474121094,57.54999923706055,57.060001373291016,57.33000183105469,533600
2017-06-05,49.878089904785156,56.90999984741211,57.4900016784668,56.880001068115234,57.2400016784668,791300
2017-06-06,49.29964065551758,56.25,56.70000076293945,56.189998626708984,56.70000076293945,589900
2017-06-07,49.89561080932617,56.93000030517578,57.13999938964844,56.22999954223633,56.4900016784668,1002200
2017-06-08,50.29878234863281,57.38999938964844,57.439998626708984,56.869998931884766,56.93000030517578,785600
2017-06-09,50.728240966796875,57.880001068115234,57.95000076293945,57.22999954223633,57.5,703000
2017-06-12,50.877227783203125,58.04999923706055,58.060001373291016,57.72999954223633,57.869998931884766,919500
2017-06-13,50.94734191894531,58.130001068115234,58.560001373291016,58.08000183105469,58.189998626708984,859100
2017-06-14,50.80711364746094,57.970001220703125,58.189998626708984,57.650001525878906,58.0099983215332,1354600
2017-06-15,51.54331970214844,58.810001373291016,58.84000015258789,57.7400016784668,57.7599983215332,1583900
2017-06-16,51.68354797363281,58.970001220703125,59.029998779296875,58.560001373291016,58.77000045776367,1256100
2017-06-19,51.71859359741211,59.0099983215332,59.11000061035156,58.7400016784668,58.9900016784668,738800
2017-06-20,51.4118537902832,58.65999984741211,59.09000015258789,58.65999984741211,58.91999816894531,576100
2017-06-21,50.74576950073242,57.900001525878906,58.970001220703125,57.83000183105469,58.869998931884766,753800
2017-06-22,50.044612884521484,57.099998474121094,57.86000061035156,57.099998474121094,57.66999816894531,688900
2017-06-23,49.70280456542969,56.709999084472656,57.34000015258789,56.70000076293945,57.18000030517578,1197700
2017-06-26,49.834259033203125,56.86000061035156,57.16999816894531,56.709999084472656,56.95000076293945,1143200
2017-06-27,49.52751922607422,56.5099983215332,56.9900016784668,56.43000030517578,56.880001068115234,1184400
2017-06-28,50.29878234863281,57.38999938964844,57.5099983215332,56.63999938964844,56.83000183105469,917900
2017-06-29,49.9744987487793,57.02000045776367,57.75,56.61000061035156,57.709999084472656,860900
2017-06-30,50.17607498168945,57.25,57.45000076293945,56.97999954223633,57.349998474121094,813100
2017-07-03,50.42148971557617,57.529998779296875,58.0099983215332,57.529998779296875,57.599998474121094,449100
2017-07-05,50.38643264770508,57.4900016784668,57.7400016784668,57.34000015258789,57.619998931884766,696100
2017-07-06,50.09719467163086,57.15999984741211,57.75,57.08000183105469,57.41999816894531,714300
2017-07-07,50.57924270629883,57.709999084472656,58.06999969482422,57.31999969482422,57.529998779296875,633700
2017-07-10,50.36011505126953,57.459999084472656,57.84000015258789,57.400001525878906,57.709999084472656,883600
2017-07-11,49.74662399291992,56.7599983215332,57.720001220703125,56.720001220703125,57.459999084472656,788500
2017-07-12,49.84302520751953,56.869998931884766,57.2599983215332,56.75,56.939998626708984,783700
2017-07-13,50.447776794433594,57.560001373291016,57.68000030517578,56.79999923706055,56.959999084472656,623200
2017-07-14,50.49160385131836,57.61000061035156,57.72999954223633,57.08000183105469,57.349998474121094,549900
2017-07-17,50.39519119262695,57.5,57.689998626708984,57.16999816894531,57.599998474121094,790200
2017-07-18,50.447776794433594,57.560001373291016,57.720001220703125,57.11000061035156,57.11000061035156,469400
2017-07-19,50.56170654296875,57.689998626708984,57.75,57.2599983215332,57.75,522400
2017-07-20,51.070045471191406,58.27000045776367,58.27000045776367,57.779998779296875,57.79999923706055,637900
2017-07-21,51.40309143066406,58.650001525878906,58.779998779296875,58.119998931884766,58.119998931884766,755300
2017-07-24,51.560848236083984,58.83000183105469,58.90999984741211,58.31999969482422,58.689998626708984,565500
2017-07-25,51.7974853515625,59.099998474121094,59.5,59.0,59.33000183105469,433900
2017-07-26,51.42061996459961,58.66999816894531,59.18000030517578,58.560001373291016,59.130001068115234,572800
2017-07-27,50.85969543457031,58.029998779296875,58.779998779296875,56.20000076293945,58.68000030517578,802600
2017-07-28,52.06918716430664,59.40999984741211,59.63999938964844,57.810001373291016,58.619998931884766,800600
2017-07-31,51.525787353515625,58.790000915527344,59.56999969482422,58.7400016784668,59.56999969482422,731900
2017-08-01,51.876365661621094,59.189998626708984,59.33000183105469,58.880001068115234,59.029998779296875,485600
2017-08-02,51.72736740112305,59.02000045776367,59.18000030517578,58.720001220703125,59.08000183105469,652200
2017-08-03,51.40309143066406,58.650001525878906,59.08000183105469,58.56999969482422,59.08000183105469,490900
2017-08-04,51.72736740112305,59.02000045776367,59.11000061035156,58.61000061035156,58.869998931884766,735200
2017-08-07,51.63096618652344,58.90999984741211,59.119998931884766,58.66999816894531,59.0,598300
2017-08-08,51.54331970214844,58.810001373291016,58.970001220703125,58.68000030517578,58.779998779296875,533700
2017-08-09,51.622188568115234,58.900001525878906,59.040000915527344,58.720001220703125,58.720001220703125,430200
2017-08-10,51.36803436279297,58.61000061035156,58.970001220703125,58.43000030517578,58.650001525878906,924300
2017-08-11,51.20150375366211,58.41999816894531,58.97999954223633,58.349998474121094,58.630001068115234,546200
2017-08-14,51.58714294433594,58.86000061035156,58.9900016784668,58.709999084472656,58.81999969482422,551500
2017-08-15,51.464439392089844,58.720001220703125,59.16999816894531,58.61000061035156,59.040000915527344,331400
2017-08-16,51.63096618652344,58.90999984741211,59.380001068115234,58.869998931884766,58.959999084472656,501400
2017-08-17,50.701927185058594,57.849998474121094,59.119998931884766,57.83000183105469,58.86000061035156,422200
2017-08-18,50.78080749511719,57.939998626708984,58.130001068115234,57.52000045776367,57.7400016784668,581800
2017-08-21,50.94734191894531,58.130001068115234,58.31999969482422,57.66999816894531,57.900001525878906,576300
2017-08-22,51.37680435180664,58.619998931884766,58.630001068115234,58.0,58.290000915527344,505900
2017-08-23,51.017452239990234,58.209999084472656,58.689998626708984,58.18000030517578,58.38999938964844,427000
2017-08-24,51.105106353759766,58.310001373291016,58.400001525878906,58.0099983215332,58.279998779296875,667300
2017-08-25,51.16646194458008,58.380001068115234,58.68000030517578,58.33000183105469,58.540000915527344,487000
2017-08-28,51.09634017944336,58.29999923706055,58.630001068115234,58.22999954223633,58.43000030517578,408100
2017-08-29,50.86846160888672,58.040000915527344,58.150001525878906,57.7599983215332,57.869998931884766,497200
2017-08-30,51.01846694946289,57.81999969482422,58.13999938964844,57.68000030517578,57.70000076293945,637000
2017-08-31,51.08906555175781,57.900001525878906,58.209999084472656,57.7400016784668,58.0099983215332,688700
2017-09-01,51.10669708251953,57.91999816894531,58.369998931884766,57.91999816894531,58.0099983215332,437900
2017-09-05,50.92141342163086,57.709999084472656,57.9900016784668,57.189998626708984,57.70000076293945,1466100
2017-09-06,51.336124420166016,58.18000030517578,58.38999938964844,57.290000915527344,57.959999084472656,692100
2017-09-07,50.89493942260742,57.68000030517578,58.27000045776367,57.54999923706055,58.20000076293945,629700
2017-09-08,52.668495178222656,59.689998626708984,59.91999816894531,57.529998779296875,57.59000015258789,1378200
2017-09-11,52.97732925415039,60.040000915527344,60.33000183105469,59.189998626708984,59.4900016784668,1529000
2017-09-12,53.224395751953125,60.31999969482422,61.439998626708984,59.40999984741211,60.130001068115234,861400
2017-09-13,52.906734466552734,59.959999084472656,60.29999923706055,59.279998779296875,60.18000030517578,1032800
2017-09-14,52.94203186035156,60.0,60.189998626708984,59.63999938964844,60.02000045776367,1356000
2017-09-15,53.27732849121094,60.380001068115234,60.560001373291016,59.75,59.939998626708984,1816700
2017-09-18,53.29498291015625,60.400001525878906,60.619998931884766,60.130001068115234,60.34000015258789,993400
2017-09-19,53.26849365234375,60.369998931884766,60.77000045776367,60.290000915527344,60.400001525878906,820000
2017-09-20,53.57733154296875,60.720001220703125,60.849998474121094,60.2599983215332,60.52000045776367,766100
2017-09-21,53.5332145690918,60.66999816894531,60.83000183105469,60.459999084472656,60.720001220703125,575800
2017-09-22,53.8155632019043,60.9900016784668,61.029998779296875,60.5099983215332,60.650001525878906,785500
2017-09-25,53.71852111816406,60.880001068115234,61.060001373291016,60.47999954223633,60.90999984741211,1026300
2017-09-26,54.247920989990234,61.47999954223633,61.65999984741211,60.7400016784668,60.81999969482422,1183500
2017-09-27,54.38029479980469,61.630001068115234,61.869998931884766,61.189998626708984,61.869998931884766,1039500
2017-09-28,54.27438735961914,61.5099983215332,61.75,61.36000061035156,61.650001525878906,578400
2017-09-29,54.3096923828125,61.54999923706055,61.630001068115234,61.130001068115234,61.20000076293945,798800
2017-10-02,54.4332275390625,61.689998626708984,61.7400016784668,60.970001220703125,61.68000030517578,858200
2017-10-03,54.70676040649414,62.0,62.06999969482422,61.52000045776367,61.630001068115234,618200
2017-10-04,54.353824615478516,61.599998474121094,61.72999954223633,60.869998931884766,61.650001525878906,602000
2017-10-05,54.530277252197266,61.79999923706055,61.900001525878906,61.52000045776367,61.599998474121094,471900
2017-10-06,54.4949951171875,61.7599983215332,62.119998931884766,61.529998779296875,61.970001220703125,578400
2017-10-09,54.353824615478516,61.599998474121094,61.900001525878906,61.45000076293945,61.75,578500
2017-10-10,54.59205627441406,61.869998931884766,61.869998931884766,61.52000045776367,61.560001373291016,533000
2017-10-11,54.459693908691406,61.720001220703125,61.86000061035156,61.58000183105469,61.84000015258789,497100
2017-10-12,54.7420539855957,62.040000915527344,62.13999938964844,61.75,61.77000045776367,470000
2017-10-13,54.72441864013672,62.02000045776367,62.310001373291016,61.779998779296875,62.0,390900
2017-10-16,54.81264114379883,62.119998931884766,62.209999084472656,61.4900016784668,62.06999969482422,485200
2017-10-17,54.60087585449219,61.880001068115234,62.36000061035156,61.709999084472656,62.220001220703125,603900
2017-10-18,54.821468353271484,62.130001068115234,62.38999938964844,61.75,61.97999954223633,564100
2017-10-19,55.2714729309082,62.63999938964844,62.63999938964844,61.83000183105469,62.0,623900
2017-10-20,55.51853561401367,62.91999816894531,63.13999938964844,62.75,63.11000061035156,558500
2017-10-23,55.5538330078125,62.959999084472656,63.13999938964844,62.5,63.02000045776367,512800
2017-10-24,55.43913269042969,62.83000183105469,63.20000076293945,62.65999984741211,62.939998626708984,576000
2017-10-25,55.18324661254883,62.540000915527344,62.90999984741211,62.209999084472656,62.79999923706055,538800
2017-10-26,54.92736053466797,62.25,62.90999984741211,62.099998474121094,62.7400016784668,759400
2017-10-27,55.18324661254883,62.540000915527344,63.20000076293945,61.90999984741211,62.849998474121094,844800
2017-10-30,55.359718322753906,62.7400016784668,62.84000015258789,62.13999938964844,62.5,758200
2017-10-31,55.880313873291016,63.33000183105469,63.369998931884766,62.56999969482422,62.56999969482422,761500
2017-11-01,56.11855697631836,63.599998474121094,64.05000305175781,63.45000076293945,63.56999969482422,607700
2017-11-02,56.365623474121094,63.880001068115234,64.05999755859375,62.75,63.66999816894531,919300
2017-11-03,56.19795608520508,63.689998626708984,63.93000030517578,63.310001373291016,63.59000015258789,523500
2017-11-06,56.59502410888672,64.13999938964844,64.23999786376953,63.380001068115234,63.380001068115234,672000
2017-11-07,56.215606689453125,63.709999084472656,64.44999694824219,63.43000030517578,64.19000244140625,794700
2017-11-08,56.05677795410156,63.529998779296875,63.779998779296875,63.33000183105469,63.630001068115234,663200
2017-11-09,56.16267395019531,63.650001525878906,63.77000045776367,63.13999938964844,63.29999923706055,317200
2017-11-10,56.54208755493164,64.08000183105469,64.19999694824219,63.36000061035156,63.65999984741211,590400
2017-11-13,56.41854476928711,63.939998626708984,64.31999969482422,63.689998626708984,63.97999954223633,589600
2017-11-14,57.44209671020508,65.0999984741211,65.12000274658203,63.66999816894531,63.75,1245800
2017-11-15,57.645050048828125,65.33000183105469,65.44000244140625,64.6500015258789,65.0,997100
2017-11-16,58.086238861083984,65.83000183105469,65.94000244140625,65.33999633789062,65.44000244140625,1333300
2017-11-17,58.209754943847656,65.97000122070312,66.12000274658203,65.48999786376953,65.61000061035156,1750100
2017-11-20,58.24504470825195,66.01000213623047,66.16999816894531,65.66999816894531,66.12000274658203,1702900
2017-11-21,59.08331298828125,66.95999908447266,67.05000305175781,66.0,66.13999938964844,1985000
2017-11-22,58.783294677734375,66.62000274658203,67.04000091552734,66.44999694824219,66.80999755859375,3079900
2017-11-24,57.69798278808594,65.38999938964844,66.83000183105469,65.38999938964844,66.52999877929688,624500
2017-11-27,57.980342864990234,65.70999908447266,65.91999816894531,65.30999755859375,65.30999755859375,2632700
2017-11-28,58.792118072509766,66.62999725341797,66.72000122070312,65.70999908447266,65.83000183105469,1187800
2017-11-29,58.60683822631836,66.41999816894531,67.31999969482422,66.2699966430664,66.80000305175781,1299500
2017-11-30,58.429317474365234,65.83000183105469,66.56999969482422,65.4800033569336,66.56999969482422,3083100
2017-12-01,59.08612060546875,66.56999969482422,66.76000213623047,64.80000305175781,66.16999816894531,1823800
2017-12-04,59.09499740600586,66.58000183105469,67.30000305175781,66.47000122070312,67.12999725341797,1491200
2017-12-05,58.42043685913086,65.81999969482422,66.66000366210938,65.81999969482422,66.62000274658203,756900
2017-12-06,58.429317474365234,65.83000183105469,66.37999725341797,65.77999877929688,66.19000244140625,918400
2017-12-07,57.93226623535156,65.2699966430664,66.0,65.13999938964844,65.8499984741211,1185700
2017-12-08,58.3050422668457,65.69000244140625,65.75,65.16000366210938,65.5,814200
2017-12-11,58.11865234375,65.4800033569336,65.80999755859375,65.27999877929688,65.70999908447266,844700
2017-12-12,57.50623321533203,64.79000091552734,65.62999725341797,64.7300033569336,65.51000213623047,1130600
2017-12-13,56.99143981933594,64.20999908447266,65.04000091552734,63.959999084472656,65.04000091552734,1926100
2017-12-14,56.529884338378906,63.689998626708984,64.3499984741211,63.619998931884766,64.20999908447266,1369100
2017-12-15,56.78728103637695,63.97999954223633,64.37000274658203,63.560001373291016,63.790000915527344,5084900
2017-12-18,56.67189407348633,63.849998474121094,64.69999694824219,63.65999984741211,64.47000122070312,1441300
2017-12-19,57.160064697265625,64.4000015258789,64.87000274658203,63.88999938964844,64.36000061035156,1559300
2017-12-20,56.99143981933594,64.20999908447266,64.76000213623047,64.18000030517578,64.68000030517578,823300
2017-12-21,55.89970397949219,62.97999954223633,64.4000015258789,62.95000076293945,64.4000015258789,1138500
2017-12-22,55.56243133544922,62.599998474121094,63.02000045776367,62.400001525878906,62.83000183105469,949400
2017-12-26,55.83757400512695,62.90999984741211,63.2400016784668,62.7400016784668,62.880001068115234,329100
2017-12-27,56.11273193359375,63.220001220703125,63.310001373291016,62.66999816894531,62.90999984741211,519700
2017-12-28,56.476646423339844,63.630001068115234,63.650001525878906,63.0099983215332,63.4900016784668,775800
2017-12-29,56.165985107421875,63.279998779296875,63.88999938964844,63.279998779296875,63.68000030517578,487100
2018-01-02,55.18077087402344,62.16999816894531,63.54999923706055,62.040000915527344,63.54999923706055,790300
2018-01-03,55.59792709350586,62.63999938964844,62.91999816894531,62.279998779296875,62.279998779296875,989800
2018-01-04,56.11273193359375,63.220001220703125,63.540000915527344,62.63999938964844,62.959999084472656,931600
2018-01-05,56.37010955810547,63.5099983215332,63.59000015258789,63.099998474121094,63.2400016784668,811700
2018-01-08,56.40562438964844,63.54999923706055,63.70000076293945,63.22999954223633,63.40999984741211,1004100
2018-01-09,56.476646423339844,63.630001068115234,64.08999633789062,63.58000183105469,63.75,648100
2018-01-10,56.42338180541992,63.56999969482422,63.86000061035156,63.36000061035156,63.689998626708984,768200
2018-01-11,56.272491455078125,63.400001525878906,63.689998626708984,63.06999969482422,63.599998474121094,834500
2018-01-12,56.69853973388672,63.880001068115234,63.959999084472656,62.959999084472656,63.68000030517578,836500
2018-01-16,56.290245056152344,63.41999816894531,64.23999786376953,63.290000915527344,63.93000030517578,970900
2018-01-17,56.84941864013672,64.05000305175781,64.13999938964844,63.529998779296875,63.84000015258789,637200
2018-01-18,56.831661224365234,64.02999877929688,64.19999694824219,63.459999084472656,63.97999954223633,782200
2018-01-19,57.06244659423828,64.29000091552734,64.58000183105469,63.970001220703125,64.1500015258789,1123300
2018-01-22,57.47072982788086,64.75,64.76000213623047,64.29000091552734,64.41999816894531,748800
2018-01-23,57.30207061767578,64.55999755859375,65.2699966430664,64.44000244140625,64.77999877929688,1406900
2018-01-24,57.799102783203125,65.12000274658203,65.4000015258789,64.31999969482422,64.83000183105469,1533200
2018-01-25,58.2695426940918,65.6500015258789,65.88999938964844,65.08000183105469,65.36000061035156,1123300
2018-01-26,62.565425872802734,70.48999786376953,70.48999786376953,67.12000274658203,67.30000305175781,2859500
2018-01-29,61.926353454589844,69.7699966430664,70.55000305175781,69.58000183105469,70.20999908447266,1544600
2018-01-30,61.53584289550781,69.33000183105469,70.4000015258789,69.30999755859375,69.52999877929688,1293200
2018-01-31,60.63938903808594,68.31999969482422,69.97000122070312,67.80000305175781,69.37999725341797,1363200
2018-02-01,61.41156768798828,69.19000244140625,69.31999969482422,68.04000091552734,68.30000305175781,1106100
2018-02-02,60.86127471923828,68.56999969482422,69.75,68.55999755859375,68.88999938964844,849900
2018-02-05,58.819847106933594,66.2699966430664,68.80999755859375,66.20999908447266,68.2300033569336,1778200
2018-02-06,58.04765319824219,65.4000015258789,66.12000274658203,64.0999984741211,65.0199966430664,2423900
2018-02-07,58.6778450012207,66.11000061035156,67.25,65.2300033569336,65.36000061035156,1247800
2018-02-08,57.160064697265625,64.4000015258789,67.0199966430664,64.37000274658203,66.18000030517578,2399500
2018-02-09,57.63936233520508,64.94000244140625,65.43000030517578,63.540000915527344,64.88999938964844,1914500
2018-02-12,58.76658630371094,66.20999908447266,66.43000030517578,64.87999725341797,65.27999877929688,1267000
2018-02-13,59.45003128051758,66.9800033569336,67.16999816894531,65.9000015258789,66.0199966430664,988700
2018-02-14,60.532859802246094,68.19999694824219,68.31999969482422,66.5,66.5999984741211,776700
2018-02-15,61.28731155395508,69.05000305175781,69.11000061035156,68.3499984741211,68.66999816894531,912400
2018-02-16,61.21629333496094,68.97000122070312,69.41000366210938,68.47000122070312,68.91999816894531,1111300
2018-02-20,61.51807403564453,69.30999755859375,69.94000244140625,68.66999816894531,68.91999816894531,1051300
2018-02-21,61.163028717041016,68.91000366210938,70.19000244140625,68.87000274658203,69.2300033569336,1174000
2018-02-22,60.47074508666992,68.12999725341797,69.27999877929688,67.95999908447266,69.0,1384100
2018-02-23,61.234039306640625,68.98999786376953,69.0199966430664,68.30000305175781,68.52999877929688,880000
2018-02-26,61.91748046875,69.76000213623047,69.81999969482422,69.20999908447266,69.26000213623047,928000
2018-02-27,62.1127815246582,69.9800033569336,71.30000305175781,69.5999984741211,69.61000061035156,1656100
2018-02-28,61.34055709838867,69.11000061035156,70.81999969482422,69.11000061035156,70.37999725341797,947700
2018-03-01,61.04591369628906,68.37000274658203,69.58999633789062,67.87999725341797,68.88999938964844,1415200
2018-03-02,61.30485153198242,68.66000366210938,68.76000213623047,67.62999725341797,67.94000244140625,808400
2018-03-05,62.19773483276367,69.66000366210938,69.94999694824219,68.29000091552734,68.37000274658203,1187700
2018-03-06,62.15308380126953,69.61000061035156,69.7699966430664,68.80999755859375,69.7699966430664,836100
2018-03-07,62.09950256347656,69.55000305175781,69.91999816894531,69.08000183105469,69.16999816894531,708000
2018-03-08,62.54595184326172,70.05000305175781,70.12000274658203,69.3499984741211,69.93000030517578,770300
2018-03-09,64.84955596923828,72.62999725341797,72.7699966430664,70.37999725341797,71.29000091552734,1676300
2018-03-12,64.02812194824219,71.70999908447266,72.5199966430664,71.4000015258789,72.5199966430664,1064000
2018-03-13,63.63523864746094,71.2699966430664,72.16000366210938,71.12999725341797,72.13999938964844,931000
2018-03-14,63.162044525146484,70.73999786376953,71.41999816894531,70.47000122070312,71.41999816894531,848100
2018-03-15,63.162044525146484,70.73999786376953,71.18000030517578,70.51000213623047,71.11000061035156,826200
2018-03-16,63.403099060058594,71.01000213623047,71.4000015258789,70.52999877929688,70.73999786376953,2564200
2018-03-19,62.96561050415039,70.5199966430664,71.4000015258789,70.06999969482422,71.04000091552734,1287200
2018-03-20,63.26024627685547,70.8499984741211,71.19000244140625,70.56999969482422,70.80000305175781,750300
2018-03-21,62.74238586425781,70.2699966430664,71.04000091552734,70.23999786376953,70.91000366210938,753100
2018-03-22,61.2244987487793,68.56999969482422,70.33000183105469,68.54000091552734,69.76000213623047,971800
2018-03-23,59.5458869934082,66.69000244140625,68.66000366210938,66.62000274658203,68.56999969482422,1294700
2018-03-26,60.920894622802734,68.2300033569336,68.27999877929688,66.77999877929688,67.26000213623047,1986800
2018-03-27,60.29591369628906,67.52999877929688,68.76000213623047,67.12000274658203,68.4000015258789,830900
2018-03-28,60.89411926269531,68.19999694824219,68.63999938964844,67.2699966430664,67.7699966430664,944300
2018-03-29,61.367347717285156,68.7300033569336,69.12000274658203,68.02999877929688,68.63999938964844,1265500
2018-04-02,59.911964416503906,67.0999984741211,68.75,66.06999969482422,68.6500015258789,1277400
2018-04-03,60.581626892089844,67.8499984741211,68.02999877929688,66.98999786376953,67.22000122070312,1221900
2018-04-04,61.07270050048828,68.4000015258789,68.5199966430664,66.80999755859375,66.98999786376953,1201400
2018-04-05,61.099464416503906,68.43000030517578,68.83000183105469,68.18000030517578,68.63999938964844,786900
2018-04-06,59.90304946899414,67.08999633789062,68.29000091552734,66.58000183105469,67.88999938964844,934100
2018-04-09,60.20661544799805,67.43000030517578,68.37999725341797,67.0999984741211,67.33999633789062,746300
2018-04-10,61.04591369628906,68.37000274658203,68.7300033569336,67.87999725341797,68.2699966430664,1109300
2018-04-11,60.76021194458008,68.05000305175781,68.30000305175781,67.48999786376953,67.80000305175781,665200
2018-04-12,61.21555709838867,68.55999755859375,68.98999786376953,68.12000274658203,68.25,683000
2018-04-13,61.11735153198242,68.44999694824219,69.2300033569336,68.31999969482422,69.01000213623047,847100
2018-04-16,61.858421325683594,69.27999877929688,69.87999725341797,68.8499984741211,68.95999908447266,561800
2018-04-17,62.188812255859375,69.6500015258789,70.18000030517578,69.5,69.86000061035156,1052000
2018-04-18,62.34059143066406,69.81999969482422,70.22000122070312,69.4800033569336,69.83000183105469,865400
2018-04-19,62.590599060058594,70.0999984741211,70.41000366210938,69.63999938964844,69.83999633789062,870200
2018-04-20,62.47449493408203,69.97000122070312,70.41000366210938,69.5,70.2300033569336,932400
2018-04-23,62.74238586425781,70.2699966430664,70.33999633789062,69.47000122070312,69.97000122070312,725100
2018-04-24,62.10843276977539,69.55999755859375,70.5,68.94000244140625,70.44999694824219,703600
2018-04-25,61.947696685791016,69.37999725341797,69.83999633789062,68.69000244140625,69.54000091552734,856300
2018-04-26,62.706661224365234,70.2300033569336,70.66000366210938,68.69999694824219,69.58999633789062,989500
2018-04-27,63.05488967895508,70.62000274658203,70.76000213623047,69.80999755859375,69.97000122070312,540800
2018-04-30,62.492374420166016,69.98999786376953,70.94000244140625,69.9800033569336,70.66000366210938,841600
2018-05-01,62.42094802856445,69.91000366210938,70.05999755859375,69.0999984741211,69.94999694824219,1095800
2018-05-02,61.286991119384766,68.63999938964844,69.80000305175781,67.0199966430664,68.72000122070312,2198000
2018-05-03,61.21555709838867,68.55999755859375,68.83000183105469,67.1500015258789,68.19999694824219,1374100
2018-05-04,61.55485153198242,68.94000244140625,69.16999816894531,67.77999877929688,68.13999938964844,815200
2018-05-07,61.626277923583984,69.0199966430664,69.36000061035156,68.5999984741211,68.91000366210938,723700
2018-05-08,61.34947967529297,68.70999908447266,69.0,68.48999786376953,68.62000274658203,921000
2018-05-09,61.30485153198242,68.66000366210938,69.05999755859375,68.0,68.79000091552734,696400
2018-05-10,61.84056091308594,69.26000213623047,69.31999969482422,68.5199966430664,68.77999877929688,1026300
2018-05-11,61.37627410888672,68.73999786376953,69.5199966430664,68.63999938964844,69.16999816894531,766000
2018-05-14,60.31376266479492,67.55000305175781,69.16999816894531,67.51000213623047,68.97000122070312,825600
2018-05-15,59.69768524169922,66.86000061035156,67.76000213623047,66.69999694824219,67.2300033569336,793900
2018-05-16,59.4833984375,66.62000274658203,67.20999908447266,66.52999877929688,66.9000015258789,745000
2018-05-17,59.76911163330078,66.94000244140625,67.0999984741211,66.22000122070312,66.47000122070312,998600
2018-05-18,60.29591369628906,67.52999877929688,67.79000091552734,66.80999755859375,66.97000122070312,1179100
2018-05-21,60.81377029418945,68.11000061035156,68.25,67.66999816894531,67.66999816894531,613500
2018-05-22,60.84054946899414,68.13999938964844,68.4000015258789,67.94000244140625,68.0999984741211,532900
2018-05-23,60.7244873046875,68.01000213623047,68.19999694824219,67.62999725341797,67.9000015258789,582200
2018-05-24,60.8494758605957,68.1500015258789,68.18000030517578,67.66999816894531,67.88999938964844,866400
2018-05-25,60.37624740600586,67.62000274658203,68.0999984741211,67.23999786376953,67.9800033569336,726800
2018-05-29,58.7512321472168,65.80000305175781,67.2300033569336,65.47000122070312,66.94000244140625,1039000
2018-05-30,59.80481719970703,66.9800033569336,67.26000213623047,66.16999816894531,66.2300033569336,1226900
2018-05-31,59.54429626464844,66.27999877929688,67.01000213623047,66.0999984741211,66.5,1418200
2018-06-01,59.4993896484375,66.2300033569336,67.08999633789062,66.19999694824219,66.93000030517578,1136400
2018-06-04,59.71498107910156,66.47000122070312,66.76000213623047,66.25,66.55999755859375,699300
2018-06-05,59.6520881652832,66.4000015258789,66.51000213623047,65.79000091552734,66.33999633789062,534600
2018-06-06,60.11027145385742,66.91000366210938,66.91999816894531,66.29000091552734,66.58000183105469,721200
2018-06-07,60.406715393066406,67.23999786376953,67.31999969482422,66.83999633789062,67.0,552100
2018-06-08,60.8918342590332,67.77999877929688,67.79000091552734,67.16000366210938,67.2300033569336,527300
2018-06-11,60.406715393066406,67.23999786376953,67.95999908447266,67.12000274658203,67.91000366210938,833700
2018-06-12,59.62513732910156,66.37000274658203,67.30000305175781,66.3499984741211,67.30000305175781,711500
2018-06-13,59.43648147583008,66.16000366210938,67.11000061035156,66.1500015258789,66.5,942800
2018-06-14,59.27477264404297,65.9800033569336,66.55000305175781,65.79000091552734,66.5199966430664,741300
2018-06-15,59.122047424316406,65.80999755859375,65.9000015258789,64.77999877929688,65.77999877929688,1618300
2018-06-18,59.64311599731445,66.38999938964844,66.55999755859375,65.47000122070312,65.8499984741211,1001400
2018-06-19,59.31071090698242,66.0199966430664,66.3499984741211,65.75,65.8499984741211,903400
2018-06-20,58.88848876953125,65.55000305175781,66.44999694824219,65.41999816894531,66.11000061035156,936400
2018-06-21,58.86151885986328,65.5199966430664,65.75,65.16000366210938,65.36000061035156,1342200
2018-06-22,59.95754623413086,66.73999786376953,67.13999938964844,65.72000122070312,66.0,2609600
2018-06-25,59.63413619995117,66.37999725341797,66.83000183105469,65.95999908447266,66.62000274658203,960000
2018-06-26,59.319698333740234,66.02999877929688,66.44999694824219,65.86000061035156,66.44999694824219,632500
2018-06-27,58.187740325927734,64.7699966430664,66.25,64.75,65.88999938964844,685600
2018-06-28,58.50217819213867,65.12000274658203,65.37999725341797,64.54000091552734,64.7699966430664,712600
2018-06-29,58.645912170410156,65.27999877929688,65.79000091552734,64.91999816894531,65.43000030517578,1891400
2018-07-02,58.627960205078125,65.26000213623047,65.68000030517578,65.0,65.02999877929688,1026200
2018-07-03,58.870506286621094,65.52999877929688,66.36000061035156,65.44000244140625,65.69999694824219,457000
2018-07-05,59.37361145019531,66.08999633789062,66.12000274658203,65.4000015258789,65.80000305175781,754200
2018-07-06,60.020423889160156,66.80999755859375,67.22000122070312,66.01000213623047,66.1500015258789,878700
2018-07-09,61.24220657348633,68.16999816894531,68.2300033569336,66.91000366210938,66.91000366210938,721400
2018-07-10,61.12543869018555,68.04000091552734,68.11000061035156,67.70999908447266,67.94999694824219,664500
2018-07-11,61.26017761230469,68.19000244140625,68.33000183105469,67.87000274658203,67.9000015258789,783800
2018-07-12,61.682430267333984,68.66000366210938,68.70999908447266,68.0999984741211,68.5,754800
2018-07-13,61.86209487915039,68.86000061035156,68.93000030517578,68.41000366210938,68.5999984741211,564300
2018-07-16,62.40113067626953,69.45999908447266,69.56999969482422,68.81999969482422,68.87999725341797,810800
2018-07-17,62.60775375366211,69.69000244140625,69.87000274658203,69.19000244140625,69.76000213623047,585800
2018-07-18,63.335426330566406,70.5,70.54000091552734,69.55000305175781,69.69999694824219,887300
2018-07-19,63.155765533447266,70.30000305175781,70.63999938964844,70.13999938964844,70.13999938964844,932400
2018-07-20,63.23662567138672,70.38999938964844,70.56999969482422,69.87999725341797,70.05999755859375,875600
2018-07-23,63.59593963623047,70.79000091552734,71.0,70.12999725341797,70.38999938964844,918300
2018-07-24,63.34442138671875,70.51000213623047,71.0,70.37999725341797,71.0,863200
2018-07-25,63.9283561706543,71.16000366210938,71.23999786376953,70.37000274658203,70.37999725341797,901200
2018-07-26,63.96428680419922,71.19999694824219,71.43000030517578,71.01000213623047,71.31999969482422,1401800
2018-07-27,63.68580627441406,70.88999938964844,73.11000061035156,70.80000305175781,71.5,1329500
2018-07-30,63.91039276123047,71.13999938964844,71.69999694824219,70.9800033569336,71.04000091552734,935500
2018-07-31,64.09905242919922,71.3499984741211,71.44999694824219,71.01000213623047,71.23999786376953,1493100
2018-08-01,64.0900650024414,71.33999633789062,71.41999816894531,70.87000274658203,71.38999938964844,912200
2018-08-02,63.91936111450195,71.1500015258789,71.2300033569336,70.36000061035156,70.86000061035156,923300
2018-08-03,64.19784545898438,71.45999908447266,71.45999908447266,70.87999725341797,71.1500015258789,534300
2018-08-06,64.26976013183594,71.54000091552734,71.72000122070312,71.3499984741211,71.5,651500
2018-08-07,64.31465148925781,71.58999633789062,71.9000015258789,71.38999938964844,71.5999984741211,732700
2018-08-08,64.36856842041016,71.6500015258789,71.97000122070312,71.30000305175781,71.62000274658203,671300
2018-08-09,64.10803985595703,71.36000061035156,71.87999725341797,71.31999969482422,71.77999877929688,537300
2018-08-10,63.667842864990234,70.87000274658203,71.04000091552734,70.56999969482422,71.0199966430664,645600
2018-08-13,63.272544860839844,70.43000030517578,71.16000366210938,70.13999938964844,70.9000015258789,714100
2018-08-14,63.47917175292969,70.66000366210938,70.8499984741211,70.4000015258789,70.45999908447266,518600
2018-08-15,63.89242172241211,71.12000274658203,71.19999694824219,70.06999969482422,70.33000183105469,702200
2018-08-16,64.60211944580078,71.91000366210938,72.2300033569336,71.3499984741211,71.4000015258789,767800
2018-08-17,64.87163543701172,72.20999908447266,72.37999725341797,71.83999633789062,71.8499984741211,795300
2018-08-20,64.65605163574219,71.97000122070312,72.55999755859375,71.94000244140625,72.4800033569336,590500
2018-08-21,65.00641632080078,72.36000061035156,72.52999877929688,71.8499984741211,71.91999816894531,554000
2018-08-22,64.38652038574219,71.66999816894531,72.30999755859375,71.62999725341797,72.25,516600
2018-08-23,64.45841217041016,71.75,71.81999969482422,71.45999908447266,71.69999694824219,418200
2018-08-24,64.81775665283203,72.1500015258789,72.19000244140625,71.66000366210938,72.0,381600
2018-08-27,64.95249938964844,72.30000305175781,72.6500015258789,72.26000213623047,72.44999694824219,470600
2018-08-28,64.80876922607422,72.13999938964844,72.43000030517578,71.93000030517578,72.2699966430664,444100
2018-08-29,64.93452453613281,72.27999877929688,72.5,71.97000122070312,72.16000366210938,418300
2018-08-30,64.38652038574219,71.66999816894531,72.27999877929688,71.5,72.27999877929688,681700
2018-08-31,64.80876922607422,72.13999938964844,72.19999694824219,71.43000030517578,71.43000030517578,656300
2018-09-04,65.5723648071289,72.98999786376953,73.0,72.11000061035156,72.11000061035156,747200
2018-09-05,66.05751037597656,73.52999877929688,73.66000366210938,72.76000213623047,73.02999877929688,862400
2018-09-06,66.7260513305664,73.86000061035156,73.9800033569336,73.02999877929688,73.08000183105469,570900
2018-09-07,66.63569641113281,73.76000213623047,74.0999984741211,73.55000305175781,73.68000030517578,623400
2018-09-10,67.02418518066406,74.19000244140625,74.55000305175781,73.58999633789062,74.05999755859375,722600
2018-09-11,66.96997833251953,74.12999725341797,74.30999755859375,73.73999786376953,73.93000030517578,634100
2018-09-12,66.44599914550781,73.55000305175781,74.13999938964844,73.5199966430664,74.0,472900
2018-09-13,67.41262817382812,74.62000274658203,74.83999633789062,73.62000274658203,73.66000366210938,832600
2018-09-14,67.65656280517578,74.88999938964844,75.19000244140625,74.66000366210938,75.0,567300
2018-09-17,67.86434173583984,75.12000274658203,75.22000122070312,74.83000183105469,75.0,914900
2018-09-18,67.78302001953125,75.02999877929688,75.2699966430664,74.16000366210938,75.04000091552734,766300
2018-09-19,68.4154052734375,75.7300033569336,76.05000305175781,74.9800033569336,75.12999725341797,1147800
2018-09-20,68.7767562866211,76.12999725341797,76.22000122070312,75.76000213623047,76.1500015258789,790900
2018-09-21,68.57804870605469,75.91000366210938,76.48999786376953,75.8499984741211,76.30999755859375,1370900
2018-09-24,67.89144897460938,75.1500015258789,75.83000183105469,75.02999877929688,75.83000183105469,692700
2018-09-25,67.3493881225586,74.55000305175781,75.47000122070312,74.4800033569336,75.08999633789062,554500
2018-09-26,66.87055969238281,74.0199966430664,74.61000061035156,73.9000015258789,74.61000061035156,472700
2018-09-27,67.2590560913086,74.44999694824219,74.75,73.94999694824219,74.11000061035156,561500
2018-09-28,67.25003051757812,74.44000244140625,74.5999984741211,74.05000305175781,74.30999755859375,681600
2018-10-01,67.90949249267578,75.16999816894531,75.19000244140625,74.5,74.7699966430664,542800
2018-10-02,68.0721206665039,75.3499984741211,75.41000366210938,74.73999786376953,75.08000183105469,639000
2018-10-03,67.85531616210938,75.11000061035156,75.69999694824219,75.08999633789062,75.61000061035156,580900
2018-10-04,68.39733123779297,75.70999908447266,75.76000213623047,75.05999755859375,75.11000061035156,638600
2018-10-05,67.62041473388672,74.8499984741211,75.98999786376953,74.79000091552734,75.63999938964844,759300
2018-10-08,68.18955993652344,75.4800033569336,75.6500015258789,74.55999755859375,74.68000030517578,461300
2018-10-09,68.12632751464844,75.41000366210938,75.75,75.11000061035156,75.5,543400
2018-10-10,66.2020263671875,73.27999877929688,75.31999969482422,73.25,75.12000274658203,709800
2018-10-11,64.4042739868164,71.29000091552734,73.30000305175781,71.27999877929688,73.20999908447266,1012400
2018-10-12,64.36812591552734,71.25,72.0,70.4000015258789,71.94000244140625,1019200
2018-10-15,63.95255661010742,70.79000091552734,71.58000183105469,70.79000091552734,71.2300033569336,885900
2018-10-16,64.93727111816406,71.87999725341797,71.93000030517578,70.51000213623047,71.0,935700
2018-10-17,65.14505767822266,72.11000061035156,72.58000183105469,71.3499984741211,71.83000183105469,709400
2018-10-18,64.738525390625,71.66000366210938,72.62999725341797,71.31999969482422,72.05000305175781,879300
2018-10-19,65.6509780883789,72.66999816894531,73.04000091552734,71.51000213623047,71.68000030517578,1212900
2018-10-22,65.69613647460938,72.72000122070312,72.94999694824219,72.30000305175781,72.79000091552734,577300
2018-10-23,65.36190795898438,72.3499984741211,72.52999877929688,71.22000122070312,71.61000061035156,1481500
2018-10-24,64.45848083496094,71.3499984741211,72.38999938964844,71.22000122070312,72.19000244140625,1089800
2018-10-25,65.92196655273438,72.97000122070312,73.54000091552734,71.18000030517578,71.55999755859375,1054700
2018-10-26,66.87962341308594,74.02999877929688,74.5999984741211,72.41000366210938,72.55999755859375,1571400
2018-10-29,66.71701049804688,73.8499984741211,75.55000305175781,73.05999755859375,74.8499984741211,1532300
2018-10-30,67.13256072998047,74.30999755859375,74.41999816894531,73.12999725341797,74.16999816894531,1114200
2018-10-31,66.86155700683594,74.01000213623047,75.33000183105469,73.95999908447266,74.79000091552734,1334400
2018-11-01,67.39456176757812,74.5999984741211,74.77999877929688,73.41999816894531,74.0999984741211,1302100
2018-11-02,67.45777893066406,74.66999816894531,75.69999694824219,73.52999877929688,75.31999969482422,1275900
2018-11-05,68.21666717529297,75.51000213623047,75.56999969482422,74.33000183105469,74.81999969482422,988600
2018-11-06,68.51477813720703,75.83999633789062,76.25,75.4000015258789,75.76000213623047,1039200
2018-11-07,69.52661895751953,76.95999908447266,76.9800033569336,75.6500015258789,76.12999725341797,940200
2018-11-08,70.25837707519531,77.7699966430664,77.7699966430664,76.73999786376953,76.79000091552734,872500
2018-11-09,70.51132202148438,78.05000305175781,78.37000274658203,77.58000183105469,77.77999877929688,963300
2018-11-12,70.15900421142578,77.66000366210938,78.33000183105469,77.48999786376953,78.12000274658203,1077600
2018-11-13,70.01445007324219,77.5,78.5,77.06999969482422,77.55000305175781,1247100
2018-11-14,69.03877258300781,76.41999816894531,77.87999725341797,75.87999725341797,77.87999725341797,1145900
2018-11-15,69.89701843261719,77.37000274658203,77.41999816894531,75.7699966430664,76.04000091552734,1086900
2018-11-16,70.80945587158203,78.37999725341797,78.51000213623047,76.80000305175781,76.94999694824219,1103300
2018-11-19,70.75524139404297,78.31999969482422,79.02999877929688,78.0199966430664,78.37999725341797,1196500
2018-11-20,69.69824981689453,77.1500015258789,78.08000183105469,77.01000213623047,77.98999786376953,1026600
2018-11-21,69.07490539550781,76.45999908447266,77.83000183105469,76.44999694824219,77.19000244140625,998000
2018-11-23,69.26463317871094,76.66999816894531,77.20999908447266,75.9800033569336,76.01000213623047,421400
2018-11-26,69.43627166748047,76.86000061035156,77.37000274658203,76.33999633789062,77.2699966430664,1087400
2018-11-27,69.49950408935547,76.93000030517578,77.26000213623047,76.37000274658203,76.63999938964844,1021100
2018-11-28,70.5474624633789,78.08999633789062,78.12999725341797,76.80000305175781,76.91000366210938,1163600
2018-11-29,70.4932632446289,78.02999877929688,78.4800033569336,77.72000122070312,77.72000122070312,961600
2018-11-30,69.62598419189453,77.06999969482422,78.75,77.06999969482422,77.9000015258789,4205800
2018-12-03,70.43000793457031,77.95999908447266,78.33000183105469,76.2300033569336,77.7699966430664,2063600
2018-12-04,68.75870513916016,76.11000061035156,78.33000183105469,76.02999877929688,77.6500015258789,1402800
2018-12-06,68.1773910522461,75.05999755859375,75.19999694824219,73.69000244140625,75.08000183105469,1738100
2018-12-07,67.68692779541016,74.5199966430664,75.93000030517578,74.19999694824219,75.13999938964844,955200
2018-12-10,67.705078125,74.54000091552734,74.87999725341797,73.38999938964844,74.6500015258789,1069200
2018-12-11,68.05026245117188,74.91999816894531,75.48999786376953,74.30000305175781,75.2699966430664,1132300
2018-12-12,68.53163146972656,75.44999694824219,76.05000305175781,75.11000061035156,75.70999908447266,815500
2018-12-13,68.4407958984375,75.3499984741211,75.77999877929688,74.69999694824219,75.23999786376953,1388600
2018-12-14,67.37808227539062,74.18000030517578,75.16000366210938,73.80999755859375,74.94000244140625,955000
2018-12-17,65.77037811279297,72.41000366210938,74.23999786376953,72.0999984741211,74.12999725341797,997200
2018-12-18,66.1700439453125,72.8499984741211,73.18000030517578,72.06999969482422,72.77999877929688,1395000
2018-12-19,66.59695434570312,73.31999969482422,74.76000213623047,72.9000015258789,72.9000015258789,1840600
2018-12-20,66.21546936035156,72.9000015258789,73.3499984741211,72.30999755859375,73.20999908447266,2045900
2018-12-21,64.5441665649414,71.05999755859375,74.2699966430664,71.04000091552734,72.91000366210938,2428900
2018-12-24,62.66399002075195,68.98999786376953,70.88999938964844,68.94000244140625,70.83000183105469,649300
2018-12-26,64.771240234375,71.30999755859375,71.30999755859375,68.19000244140625,69.22000122070312,778900
2018-12-27,65.6613998413086,72.29000091552734,72.29000091552734,69.83000183105469,70.55999755859375,772400
2018-12-28,65.87030792236328,72.5199966430664,73.2699966430664,72.19000244140625,72.45999908447266,669900
2018-12-31,66.94210815429688,73.69999694824219,73.69999694824219,72.68000030517578,72.68000030517578,680800
2019-01-02,65.2980728149414,71.88999938964844,73.06999969482422,71.43000030517578,72.66000366210938,1060500
2019-01-03,64.07184600830078,70.54000091552734,71.98999786376953,70.44000244140625,71.63999938964844,970600
2019-01-04,65.68865203857422,72.31999969482422,72.37999725341797,71.08999633789062,71.30000305175781,1159300
2019-01-07,65.4979019165039,72.11000061035156,73.16999816894531,71.94999694824219,71.95999908447266,859800
2019-01-08,65.78854370117188,72.43000030517578,73.05000305175781,71.45999908447266,72.83999633789062,895700
2019-01-09,66.56060791015625,73.27999877929688,73.41999816894531,72.72000122070312,72.8499984741211,1355800
2019-01-10,66.93302154541016,73.69000244140625,73.7300033569336,72.69999694824219,72.93000030517578,595500
2019-01-11,66.0337905883789,72.69999694824219,73.3499984741211,72.43000030517578,73.2699966430664,998100
2019-01-14,65.99746704101562,72.66000366210938,72.91000366210938,72.27999877929688,72.38999938964844,1350300
2019-01-15,66.22454071044922,72.91000366210938,73.08000183105469,72.37000274658203,72.6500015258789,921700
2019-01-16,66.96028137207031,73.72000122070312,73.9000015258789,72.6500015258789,73.0,1176000
2019-01-17,67.13282775878906,73.91000366210938,74.11000061035156,73.16999816894531,73.33000183105469,798100
2019-01-18,67.58699035644531,74.41000366210938,74.55000305175781,74.01000213623047,74.13999938964844,1124100
2019-01-22,66.65145111083984,73.37999725341797,74.72000122070312,72.87999725341797,74.2300033569336,1108300
2019-01-23,66.94210815429688,73.69999694824219,73.9000015258789,72.87000274658203,73.55000305175781,772200
2019-01-24,66.76953125,73.51000213623047,73.80000305175781,73.22000122070312,73.62000274658203,1192200
2019-01-25,66.76044464111328,73.5,74.22000122070312,73.20999908447266,73.95999908447266,1080700
2019-01-28,66.28812408447266,72.9800033569336,74.0,72.4000015258789,73.12000274658203,815000
2019-01-29,65.32533264160156,71.91999816894531,72.91999816894531,71.55000305175781,72.91999816894531,1455700
2019-01-30,66.20636749267578,72.88999938964844,73.11000061035156,71.76000213623047,72.11000061035156,1225300
2019-01-31,67.8594741821289,74.70999908447266,74.8499984741211,73.0,73.0,1820500
2019-02-01,69.83052062988281,76.87999725341797,76.93000030517578,73.9000015258789,75.0,2295500
2019-02-04,70.13935089111328,77.22000122070312,77.22000122070312,76.08000183105469,76.75,1395000
2019-02-05,71.26563262939453,78.45999908447266,78.6500015258789,76.75,77.22000122070312,1471800
2019-02-06,71.21112060546875,78.4000015258789,78.62000274658203,77.4800033569336,78.43000030517578,1699900
2019-02-07,70.83871459960938,77.98999786376953,78.02999877929688,76.94999694824219,77.91999816894531,1018900
2019-02-08,71.6017074584961,78.83000183105469,78.83999633789062,77.61000061035156,77.61000061035156,844500
2019-02-11,72.56449890136719,79.88999938964844,79.9800033569336,78.58000183105469,78.95999908447266,836600
2019-02-12,72.3828353881836,79.69000244140625,80.41000366210938,79.55999755859375,80.20999908447266,1278100
2019-02-13,72.24659729003906,79.54000091552734,80.19000244140625,79.4000015258789,79.7699966430664,934700
2019-02-14,71.64712524414062,78.87999725341797,79.62999725341797,78.56999969482422,79.01000213623047,1166600
2019-02-15,72.51908874511719,79.83999633789062,80.1500015258789,79.41999816894531,79.56999969482422,1028700
2019-02-19,73.00048828125,80.37000274658203,80.47000122070312,79.38999938964844,79.6500015258789,906300
2019-02-20,73.10946655273438,80.48999786376953,80.70999908447266,80.18000030517578,80.5999984741211,811100
2019-02-21,73.24574279785156,80.63999938964844,80.76000213623047,80.27999877929688,80.58000183105469,963200
2019-02-22,73.20939636230469,80.5999984741211,81.08999633789062,80.30000305175781,80.9000015258789,981000
2019-02-25,72.97323608398438,80.33999633789062,81.05000305175781,80.23999786376953,80.9000015258789,662000
2019-02-26,72.56449890136719,79.88999938964844,80.55000305175781,79.87000274658203,80.16000366210938,756600
2019-02-27,73.1367416381836,80.5199966430664,80.5199966430664,79.43000030517578,79.66000366210938,866300
2019-02-28,73.31024169921875,80.27999877929688,80.5199966430664,79.91000366210938,80.25,1485300
2019-03-01,73.34674835205078,80.31999969482422,80.72000122070312,79.8499984741211,80.62000274658203,966100
2019-03-04,72.70755004882812,79.62000274658203,80.55999755859375,79.16999816894531,80.41999816894531,957700
2019-03-05,73.05455017089844,80.0,80.47000122070312,79.41999816894531,79.80000305175781,1700700
2019-03-06,72.03179168701172,78.87999725341797,80.12000274658203,78.83000183105469,80.08000183105469,1031800
2019-03-07,71.44735717773438,78.23999786376953,78.80000305175781,77.76000213623047,78.80000305175781,1189300
2019-03-08,71.14600372314453,77.91000366210938,77.97000122070312,77.22000122070312,77.79000091552734,812800
2019-03-11,72.17791748046875,79.04000091552734,79.04000091552734,77.87999725341797,78.19999694824219,1442200
2019-03-12,72.2052993774414,79.06999969482422,79.54000091552734,78.94000244140625,79.33000183105469,1096500
2019-03-13,72.19615936279297,79.05999755859375,79.61000061035156,78.94999694824219,79.31999969482422,866300
2019-03-14,72.6801528930664,79.58999633789062,79.5999984741211,78.8499984741211,79.04000091552734,852800
2019-03-15,73.31024169921875,80.27999877929688,80.33000183105469,79.31999969482422,79.44999694824219,4188400
2019-03-18,72.6253662109375,79.52999877929688,80.43000030517578,79.36000061035156,80.0999984741211,1617700
2019-03-19,72.35140991210938,79.2300033569336,79.81999969482422,78.9800033569336,79.56999969482422,1045400
2019-03-20,71.06382751464844,77.81999969482422,79.47000122070312,77.79000091552734,78.94000244140625,1131700
2019-03-21,72.05005645751953,78.9000015258789,79.06999969482422,77.5,77.5,795300
2019-03-22,72.03179168701172,78.87999725341797,79.18000030517578,78.31999969482422,78.41000366210938,992300
2019-03-25,71.77608489990234,78.5999984741211,79.13999938964844,78.44000244140625,79.05000305175781,657500
2019-03-26,71.85828399658203,78.69000244140625,79.31999969482422,78.45999908447266,79.05000305175781,876100
2019-03-27,71.4290771484375,78.22000122070312,78.87000274658203,77.86000061035156,78.56999969482422,939300
2019-03-28,70.4337387084961,77.12999725341797,78.54000091552734,76.6500015258789,78.22000122070312,1976200
2019-03-29,71.31951904296875,78.0999984741211,78.16999816894531,77.3499984741211,77.55999755859375,1856000
2019-04-01,72.16877746582031,79.02999877929688,79.11000061035156,78.36000061035156,78.75,1019400
2019-04-02,71.74870300292969,78.56999969482422,79.30999755859375,78.56999969482422,79.1500015258789,649000
2019-04-03,71.56607055664062,78.37000274658203,78.97000122070312,78.16999816894531,78.97000122070312,794800
2019-04-04,71.84004211425781,78.66999816894531,78.77999877929688,78.12000274658203,78.55999755859375,687300
2019-04-05,71.50216674804688,78.30000305175781,78.80000305175781,78.08999633789062,78.62999725341797,1124300
2019-04-08,71.19166564941406,77.95999908447266,78.31999969482422,77.83000183105469,78.27999877929688,847800
2019-04-09,71.20993041992188,77.9800033569336,78.04000091552734,77.58000183105469,77.7699966430664,1812500
2019-04-10,71.77608489990234,78.5999984741211,78.62000274658203,77.9800033569336,78.06999969482422,872300
2019-04-11,72.7531967163086,79.66999816894531,79.80000305175781,78.62999725341797,78.62999725341797,1329900
2019-04-12,73.52941131591797,80.5199966430664,80.73999786376953,80.01000213623047,80.1500015258789,909000
2019-04-15,73.61157989501953,80.61000061035156,80.7300033569336,80.12000274658203,80.5,681100
2019-04-16,73.87642669677734,80.9000015258789,81.06999969482422,80.62999725341797,80.75,670000
2019-04-17,73.29198455810547,80.26000213623047,81.05000305175781,79.25,81.05000305175781,1133900
2019-04-18,73.43807983398438,80.41999816894531,80.56999969482422,79.7699966430664,80.1500015258789,1030300
2019-04-22,73.21892547607422,80.18000030517578,80.19999694824219,79.68000030517578,80.08000183105469,751800
2019-04-23,74.49737548828125,81.58000183105469,81.63999938964844,80.29000091552734,80.37000274658203,1141400
2019-04-24,74.93570709228516,82.05999755859375,82.66000366210938,81.41999816894531,81.54000091552734,872300
2019-04-25,75.60232543945312,82.79000091552734,82.98999786376953,81.2699966430664,81.62000274658203,918000
2019-04-26,75.93109130859375,83.1500015258789,84.13999938964844,81.9000015258789,83.0,1369700
2019-04-29,75.74844360351562,82.94999694824219,83.9000015258789,82.86000061035156,83.33000183105469,1021600
2019-04-30,76.36027526855469,83.62000274658203,83.66999816894531,82.4000015258789,82.80000305175781,1139200
2019-05-01,75.17312622070312,82.31999969482422,83.5,82.12000274658203,83.47000122070312,972100
2019-05-02,75.69366455078125,82.88999938964844,82.95999908447266,81.88999938964844,82.37999725341797,755400
2019-05-03,75.91281127929688,83.12999725341797,83.47000122070312,82.4800033569336,83.05000305175781,586200
2019-05-06,76.30548095703125,83.55999755859375,84.12000274658203,82.22000122070312,82.22000122070312,670500
2019-05-07,75.11836242675781,82.26000213623047,83.45999908447266,81.81999969482422,83.08999633789062,638600
2019-05-08,75.51100158691406,82.69000244140625,83.01000213623047,81.87999725341797,81.97000122070312,924200
2019-05-09,75.08181762695312,82.22000122070312,82.58999633789062,81.38999938964844,82.19000244140625,869500
2019-05-10,76.22328186035156,83.47000122070312,83.55000305175781,81.58000183105469,81.94000244140625,620500
2019-05-13,74.83524322509766,81.94999694824219,83.33999633789062,81.55999755859375,82.56999969482422,892900
2019-05-14,75.31925964355469,82.4800033569336,83.06999969482422,81.86000061035156,81.86000061035156,877700
2019-05-15,75.5292739868164,82.70999908447266,83.25,82.06999969482422,82.11000061035156,664200
2019-05-16,76.51551818847656,83.79000091552734,84.11000061035156,82.9800033569336,83.01000213623047,847200
2019-05-17,76.11370086669922,83.3499984741211,84.0999984741211,83.0,83.12999725341797,780200
2019-05-20,76.05892944335938,83.29000091552734,83.5999984741211,82.88999938964844,83.2300033569336,1146800
2019-05-21,76.5702896118164,83.8499984741211,84.1500015258789,83.62000274658203,83.62000274658203,689500
2019-05-22,77.42869567871094,84.79000091552734,84.80999755859375,83.5199966430664,83.91000366210938,845500
2019-05-23,76.84427642822266,84.1500015258789,84.5,83.52999877929688,84.29000091552734,769700
2019-05-24,76.96298217773438,84.27999877929688,84.58000183105469,83.91999816894531,84.51000213623047,527000
2019-05-28,76.62510681152344,83.91000366210938,84.83999633789062,83.8499984741211,84.30999755859375,1121400
2019-05-29,76.74380493164062,84.04000091552734,84.08999633789062,83.26000213623047,83.81999969482422,526200
2019-05-30,77.14562225341797,84.4800033569336,84.68000030517578,84.01000213623047,84.2699966430664,861200
2019-05-31,76.8899154663086,84.19999694824219,84.75,83.91000366210938,84.02999877929688,852700
2019-06-03,78.15011596679688,85.58000183105469,85.69999694824219,83.68000030517578,84.19999694824219,988400
2019-06-04,78.41493225097656,85.87000274658203,86.4800033569336,84.83999633789062,86.23999786376953,1005000
2019-06-05,80.14085388183594,87.76000213623047,87.77999877929688,85.7699966430664,85.86000061035156,816400
2019-06-06,80.12248229980469,87.30999755859375,87.63999938964844,86.87000274658203,87.33999633789062,576300
2019-06-07,80.56297302246094,87.79000091552734,88.31999969482422,87.5,87.56999969482422,905600
2019-06-10,80.59051513671875,87.81999969482422,88.33999633789062,87.61000061035156,88.16000366210938,698400
2019-06-11,80.25096130371094,87.44999694824219,88.30999755859375,87.22000122070312,88.01000213623047,671200
2019-06-12,80.48957061767578,87.70999908447266,88.58000183105469,87.48999786376953,87.69000244140625,610500
2019-06-13,79.9481201171875,87.12000274658203,88.0,86.95999908447266,88.0,950300
2019-06-14,80.48037719726562,87.69999694824219,87.9000015258789,86.81999969482422,87.12000274658203,614500
2019-06-17,79.18643951416016,86.29000091552734,87.98999786376953,86.2300033569336,87.7699966430664,901900
2019-06-18,78.95703125,86.04000091552734,86.61000061035156,85.62999725341797,86.31999969482422,850800
2019-06-19,79.64530944824219,86.79000091552734,87.06999969482422,86.16999816894531,86.16999816894531,790200
2019-06-20,80.29686737060547,87.5,87.87000274658203,87.0199966430664,87.2300033569336,1667900
2019-06-21,79.41588592529297,86.54000091552734,87.62000274658203,86.51000213623047,87.62000274658203,1239000
2019-06-24,79.81967163085938,86.9800033569336,87.31999969482422,86.47000122070312,86.72000122070312,634700
2019-06-25,79.10387420654297,86.19999694824219,87.08999633789062,86.13999938964844,86.87999725341797,873500
2019-06-26,77.6631088256836,84.62999725341797,86.3499984741211,84.62000274658203,86.16000366210938,798200
2019-06-27,78.86528778076172,85.94000244140625,86.08999633789062,84.45999908447266,84.5999984741211,657900
2019-06-28,80.37943267822266,87.58999633789062,87.62000274658203,85.83000183105469,86.22000122070312,2352500
2019-07-01,82.07714080810547,89.44000244140625,89.45999908447266,87.79000091552734,88.05000305175781,1224700
2019-07-02,82.8938980102539,90.33000183105469,90.4800033569336,89.2300033569336,89.3499984741211,1038100
2019-07-03,83.87578582763672,91.4000015258789,91.44000244140625,90.19999694824219,90.19999694824219,561700
2019-07-05,83.13247680664062,90.58999633789062,91.20999908447266,89.75,91.20999908447266,701900
2019-07-08,82.93058776855469,90.37000274658203,90.5999984741211,90.16000366210938,90.27999877929688,724700
2019-07-09,83.2884750366211,90.76000213623047,90.79000091552734,90.05999755859375,90.08999633789062,665200
2019-07-10,83.38025665283203,90.86000061035156,91.30000305175781,90.26000213623047,90.8499984741211,536200
2019-07-11,83.85745239257812,91.37999725341797,91.44000244140625,90.45999908447266,90.87000274658203,1286200
2019-07-12,84.27043914794922,91.83000183105469,91.87000274658203,90.80000305175781,91.66999816894531,1005800
2019-07-15,84.62830352783203,92.22000122070312,92.22000122070312,91.63999938964844,91.9000015258789,1125200
2019-07-16,84.60075378417969,92.19000244140625,92.37000274658203,91.76000213623047,92.29000091552734,1352800
2019-07-17,84.38053894042969,91.94999694824219,92.19999694824219,91.69000244140625,92.01000213623047,1467100
2019-07-18,84.4722671508789,92.05000305175781,92.62999725341797,91.76000213623047,92.02999877929688,1237600
2019-07-19,84.25206756591797,91.80999755859375,92.33999633789062,91.45999908447266,92.25,2409200
2019-07-22,83.73815155029297,91.25,92.41000366210938,91.0199966430664,91.73999786376953,1675600
2019-07-23,84.38053894042969,91.94999694824219,92.18000030517578,91.0199966430664,91.51000213623047,975800
2019-07-24,84.76594543457031,92.37000274658203,92.43000030517578,91.20999908447266,91.76000213623047,822900
2019-07-25,84.28874969482422,91.8499984741211,92.55999755859375,91.62000274658203,92.1500015258789,1099900
2019-07-26,84.729248046875,92.33000183105469,92.73999786376953,90.26000213623047,91.5999984741211,1395800
2019-07-29,84.42639923095703,92.0,92.31999969482422,91.41999816894531,92.30000305175781,1100200
2019-07-30,84.25206756591797,91.80999755859375,92.16000366210938,91.30999755859375,91.62000274658203,1324800
2019-07-31,82.98566436767578,90.43000030517578,92.41999816894531,90.05999755859375,91.69999694824219,956000
2019-08-01,82.56353759765625,89.97000122070312,91.51000213623047,89.83999633789062,90.44000244140625,1160900
2019-08-02,82.66448211669922,90.08000183105469,90.45999908447266,88.98999786376953,90.04000091552734,956000
2019-08-05,79.33328247070312,86.44999694824219,89.19999694824219,85.9000015258789,89.0199966430664,1163000
2019-08-06,81.26959228515625,88.55999755859375,88.68000030517578,86.3499984741211,86.56999969482422,1103800
2019-08-07,81.05854034423828,88.33000183105469,88.98999786376953,86.8499984741211,87.62999725341797,1015400
2019-08-08,82.77457427978516,90.19999694824219,90.41000366210938,88.9000015258789,89.05999755859375,792300
2019-08-09,82.97648620605469,90.41999816894531,90.9000015258789,89.33000183105469,90.18000030517578,571600
2019-08-12,81.42558288574219,88.7300033569336,90.55999755859375,88.66000366210938,89.91000366210938,416100
2019-08-13,82.6093978881836,90.0199966430664,90.45999908447266,88.23999786376953,89.01000213623047,532500
2019-08-14,80.68228149414062,87.91999816894531,89.5999984741211,87.19999694824219,89.01000213623047,1046800
2019-08-15,81.21452331542969,88.5,88.97000122070312,87.8499984741211,88.02999877929688,570700
2019-08-16,82.3341064453125,89.72000122070312,89.86000061035156,88.36000061035156,88.98999786376953,1072800
2019-08-19,83.08660888671875,90.54000091552734,91.0999984741211,90.37999725341797,90.55000305175781,579900
2019-08-20,82.18727111816406,89.55999755859375,90.37999725341797,89.45999908447266,90.31999969482422,633500
2019-08-21,83.01319122314453,90.45999908447266,90.66000366210938,89.80000305175781,90.08000183105469,624000
2019-08-22,83.38944244384766,90.87000274658203,91.0999984741211,89.88999938964844,90.56999969482422,576200
2019-08-23,80.76488494873047,88.01000213623047,91.44999694824219,87.62999725341797,90.58999633789062,1101200
2019-08-26,81.11358642578125,88.38999938964844,89.01000213623047,87.76000213623047,88.66000366210938,1320500
2019-08-27,80.79241180419922,88.04000091552734,89.30999755859375,88.01000213623047,88.68000030517578,1174000
2019-08-28,80.66393280029297,87.9000015258789,88.37999725341797,87.43000030517578,88.05000305175781,1039200
2019-08-29,81.47146606445312,88.77999877929688,89.26000213623047,88.05000305175781,88.48999786376953,1009900
2019-08-30,83.24260711669922,90.70999908447266,91.11000061035156,89.3499984741211,89.5199966430664,1214200
2019-09-03,82.2790298461914,89.66000366210938,90.30000305175781,89.20999908447266,90.0199966430664,860900
2019-09-04,82.6093978881836,90.0199966430664,90.55999755859375,89.44000244140625,90.27999877929688,594400
2019-09-05,82.7385025024414,89.7300033569336,90.93000030517578,89.41000366210938,90.54000091552734,574600
2019-09-06,83.44851684570312,90.5,91.0,89.51000213623047,89.7699966430664,741200
2019-09-09,82.86758422851562,89.87000274658203,90.94999694824219,89.55000305175781,90.94999694824219,666700
2019-09-10,81.21704864501953,88.08000183105469,90.01000213623047,86.88999938964844,89.86000061035156,970400
2019-09-11,81.09718322753906,87.94999694824219,88.37000274658203,87.05000305175781,88.0999984741211,914800
2019-09-12,80.96809387207031,87.80999755859375,89.16000366210938,87.73999786376953,88.2699966430664,996200
2019-09-13,80.20277404785156,86.9800033569336,88.12000274658203,86.52999877929688,87.8499984741211,1111300
2019-09-16,80.73757934570312,87.55999755859375,87.61000061035156,86.20999908447266,86.44999694824219,1075900
2019-09-17,82.65548706054688,89.63999938964844,89.81999969482422,87.88999938964844,87.88999938964844,1297100
2019-09-18,82.87681579589844,89.87999725341797,90.23999786376953,88.88999938964844,89.4800033569336,755500
2019-09-19,82.49876403808594,89.47000122070312,90.44999694824219,89.38999938964844,89.95999908447266,740100
2019-09-20,81.88097381591797,88.80000305175781,89.86000061035156,88.38999938964844,89.54000091552734,1495100
2019-09-23,81.50289154052734,88.38999938964844,88.94999694824219,88.16000366210938,88.16000366210938,596500
2019-09-24,81.91785430908203,88.83999633789062,89.37000274658203,88.27999877929688,88.68000030517578,863000
2019-09-25,82.01006317138672,88.94000244140625,89.26000213623047,88.5,88.79000091552734,691900
2019-09-26,82.80305480957031,89.80000305175781,90.06999969482422,88.36000061035156,89.05999755859375,659000
2019-09-27,81.89019012451172,88.80999755859375,90.44000244140625,88.19000244140625,90.44000244140625,446700
2019-09-30,82.59098815917969,89.56999969482422,89.94000244140625,88.87000274658203,89.06999969482422,540100
2019-10-01,81.0879898071289,87.94000244140625,90.01000213623047,87.86000061035156,89.98999786376953,738500
2019-10-02,79.60340118408203,86.33000183105469,87.70999908447266,85.33999633789062,87.44000244140625,775400
2019-10-03,80.32266235351562,87.11000061035156,87.16999816894531,85.4800033569336,86.26000213623047,507400
2019-10-04,82.08382415771484,89.0199966430664,89.19999694824219,87.11000061035156,87.22000122070312,590300
2019-10-07,81.65966033935547,88.55999755859375,89.2300033569336,87.80999755859375,88.55000305175781,739100
2019-10-08,79.99992370605469,86.76000213623047,88.05000305175781,86.75,87.94999694824219,997200
2019-10-09,80.51628875732422,87.31999969482422,87.83000183105469,86.5199966430664,87.5999984741211,749800
2019-10-10,80.65457916259766,87.47000122070312,88.19999694824219,86.29000091552734,87.26000213623047,796900
2019-10-11,81.1248550415039,87.9800033569336,88.69000244140625,87.94999694824219,88.2300033569336,1014700
2019-10-14,81.31849670410156,88.19000244140625,88.31999969482422,87.43000030517578,87.62999725341797,563300
2019-10-15,81.62278747558594,88.5199966430664,88.98999786376953,88.33999633789062,88.5199966430664,813900
2019-10-16,81.89019012451172,88.80999755859375,88.93000030517578,87.69000244140625,88.19000244140625,868900
2019-10-17,82.2774658203125,89.2300033569336,89.62000274658203,88.5999984741211,89.12000274658203,701400
2019-10-18,82.5725326538086,89.55000305175781,89.73999786376953,88.37000274658203,88.73999786376953,1592900
2019-10-21,83.29176330566406,90.33000183105469,90.36000061035156,89.75,89.7699966430664,818500
2019-10-22,82.69239044189453,89.68000030517578,90.80000305175781,89.58000183105469,90.30999755859375,563200
2019-10-23,83.12578582763672,90.1500015258789,90.29000091552734,89.45999908447266,89.45999908447266,801600
2019-10-24,84.10319519042969,91.20999908447266,91.41000366210938,90.1500015258789,90.41000366210938,1255800
2019-10-25,82.48033905029297,89.44999694824219,92.0,88.79000091552734,91.33999633789062,1211500
2019-10-28,82.71082305908203,89.69999694824219,90.0,88.91999816894531,89.62999725341797,1078700
2019-10-29,82.93214416503906,89.94000244140625,90.05999755859375,89.12000274658203,89.69999694824219,968900
2019-10-30,84.15850067138672,91.2699966430664,91.30999755859375,89.12000274658203,89.87000274658203,772300
2019-10-31,84.11239624023438,91.22000122070312,91.80999755859375,90.5199966430664,91.1500015258789,796300
2019-11-01,84.3890380859375,91.5199966430664,91.76000213623047,90.94999694824219,91.76000213623047,813200
2019-11-04,83.55915832519531,90.62000274658203,92.08999633789062,90.19999694824219,92.01000213623047,881600
2019-11-05,82.96902465820312,89.9800033569336,90.83000183105469,89.41999816894531,90.51000213623047,812300
2019-11-06,84.49967956542969,91.63999938964844,91.7300033569336,89.79000091552734,89.9800033569336,730600
2019-11-07,83.95565032958984,91.05000305175781,91.88999938964844,90.9800033569336,91.8499984741211,777900
2019-11-08,84.04786682128906,91.1500015258789,91.44000244140625,90.56999969482422,90.83999633789062,569200
2019-11-11,84.36137390136719,91.48999786376953,91.69999694824219,90.47000122070312,90.63999938964844,453000
2019-11-12,84.36137390136719,91.48999786376953,91.83000183105469,91.1500015258789,91.63999938964844,735400
2019-11-13,84.94226837158203,92.12000274658203,92.2699966430664,91.04000091552734,91.16000366210938,577200
2019-11-14,85.10826873779297,92.30000305175781,92.37999725341797,91.66999816894531,91.97000122070312,706300
2019-11-15,84.77629089355469,91.94000244140625,92.5,91.6500015258789,92.5,803200
2019-11-18,84.62876892089844,91.77999877929688,92.19999694824219,91.4000015258789,91.55000305175781,571200
2019-11-19,85.22811889648438,92.43000030517578,92.52999877929688,91.83999633789062,92.0999984741211,743100
2019-11-20,85.84590148925781,93.0999984741211,93.13999938964844,92.16000366210938,92.16000366210938,693000
2019-11-21,84.92383575439453,92.0999984741211,93.02999877929688,91.77999877929688,93.02999877929688,617000
2019-11-22,84.59187316894531,91.73999786376953,92.30000305175781,91.37999725341797,92.01000213623047,715900
2019-11-25,84.71175384521484,91.87000274658203,92.36000061035156,91.44000244140625,91.44000244140625,804300
2019-11-26,85.3203353881836,92.52999877929688,92.62000274658203,91.62999725341797,91.86000061035156,1125900
2019-11-27,86.03032684326172,93.30000305175781,93.41000366210938,92.33999633789062,92.94999694824219,707700
2019-11-29,86.0026626586914,93.2699966430664,93.58999633789062,93.0199966430664,93.29000091552734,392500
2019-12-02,85.04369354248047,92.2300033569336,93.55999755859375,92.2300033569336,93.55999755859375,734100
2019-12-03,84.23224639892578,91.3499984741211,91.7300033569336,90.83000183105469,91.6500015258789,676600
2019-12-04,85.36643981933594,92.58000183105469,92.72000122070312,91.05999755859375,91.2300033569336,1036600
2019-12-05,86.06122589111328,92.9000015258789,93.02999877929688,91.93000030517578,92.47000122070312,576900
2019-12-06,86.84864044189453,93.75,94.2300033569336,93.05000305175781,93.55999755859375,655700
2019-12-09,87.21919250488281,94.1500015258789,94.30999755859375,93.19999694824219,93.73999786376953,898500
2019-12-10,86.96907806396484,93.87999725341797,94.5199966430664,93.7699966430664,94.04000091552734,655500
2019-12-11,87.48787689208984,94.44000244140625,94.47000122070312,93.76000213623047,93.94999694824219,514300
2019-12-12,87.65460205078125,94.62000274658203,95.23999786376953,94.27999877929688,94.66000366210938,670000
2019-12-13,87.49710845947266,94.44999694824219,94.76000213623047,93.62999725341797,94.0199966430664,605300
2019-12-16,88.025146484375,95.0199966430664,95.47000122070312,94.19999694824219,94.87999725341797,919900
2019-12-17,88.62732696533203,95.66999816894531,95.76000213623047,93.91000366210938,95.05999755859375,937800
2019-12-18,87.47859954833984,94.43000030517578,95.66999816894531,94.16999816894531,95.66999816894531,743800
2019-12-19,88.29383087158203,95.30999755859375,95.33999633789062,94.08999633789062,94.80999755859375,758900
2019-12-20,88.39569854736328,95.41999816894531,96.19999694824219,95.37999725341797,95.81999969482422,1685600
2019-12-23,87.32110595703125,94.26000213623047,95.87000274658203,94.08999633789062,95.7699966430664,660500
2019-12-24,87.59904479980469,94.55999755859375,94.63999938964844,94.19000244140625,94.36000061035156,299000
2019-12-26,87.58975982666016,94.55000305175781,94.9800033569336,94.19999694824219,94.62000274658203,305000
2019-12-27,87.77501678466797,94.75,94.93000030517578,94.36000061035156,94.68000030517578,559100
2019-12-30,87.91398620605469,94.9000015258789,94.93000030517578,94.3499984741211,94.93000030517578,409500
2019-12-31,88.21971130371094,95.2300033569336,95.30999755859375,94.80999755859375,94.91000366210938,638100
2020-01-02,88.47908782958984,95.51000213623047,95.86000061035156,94.62000274658203,95.61000061035156,724500
2020-01-03,88.29383087158203,95.30999755859375,95.5199966430664,94.29000091552734,94.5,678200
2020-01-06,88.7014389038086,95.75,95.75,94.52999877929688,95.05000305175781,1024700
2020-01-07,87.74725341796875,94.72000122070312,95.75,94.66000366210938,95.55999755859375,627500
2020-01-08,87.86766815185547,94.8499984741211,95.77999877929688,94.69999694824219,94.75,795700
2020-01-09,88.72923278808594,95.77999877929688,95.94999694824219,95.1500015258789,95.30000305175781,635500
2020-01-10,88.41425323486328,95.44000244140625,96.18000030517578,95.33000183105469,95.83000183105469,675200
2020-01-13,88.34940338134766,95.37000274658203,95.75,95.02999877929688,95.47000122070312,556900
2020-01-14,88.08999633789062,95.08999633789062,95.51000213623047,94.83000183105469,95.16000366210938,673800
2020-01-15,88.75701904296875,95.80999755859375,95.98999786376953,94.7699966430664,94.97000122070312,618400
2020-01-16,88.97933197021484,96.05000305175781,96.43000030517578,95.76000213623047,96.19000244140625,633300
2020-01-17,89.34988403320312,96.44999694824219,96.69999694824219,96.12000274658203,96.33000183105469,629100
2020-01-21,89.1090316772461,96.19000244140625,96.5,96.06999969482422,96.16999816894531,495700
2020-01-22,89.18312072753906,96.2699966430664,96.69000244140625,96.05999755859375,96.30000305175781,568300
2020-01-23,89.85013580322266,96.98999786376953,97.16999816894531,95.26000213623047,95.83999633789062,782800
2020-01-24,89.7297134399414,96.86000061035156,97.30000305175781,96.2300033569336,97.2300033569336,479500
2020-01-27,89.1090316772461,96.19000244140625,96.98999786376953,95.77999877929688,95.80000305175781,700400
2020-01-28,91.12857055664062,98.37000274658203,98.93000030517578,96.25,96.58000183105469,822100
2020-01-29,91.54545593261719,98.81999969482422,99.44999694824219,98.43000030517578,98.76000213623047,506400
2020-01-30,92.8238296508789,100.19999694824219,100.36000061035156,97.4800033569336,98.31999969482422,942300
2020-01-31,95.01937866210938,102.56999969482422,105.66999816894531,102.2699966430664,103.0,1874400
2020-02-03,96.5849609375,104.26000213623047,104.66000366210938,103.12999725341797,103.23999786376953,1035700
2020-02-04,96.99256896972656,104.69999694824219,105.4000015258789,104.01000213623047,104.80000305175781,915100
2020-02-05,97.34461975097656,105.08000183105469,105.48999786376953,104.51000213623047,105.36000061035156,696200
2020-02-06,97.38165283203125,105.12000274658203,105.61000061035156,104.97000122070312,105.2300033569336,773800
2020-02-07,97.20563507080078,104.93000030517578,105.7699966430664,104.80000305175781,105.12000274658203,578100
2020-02-10,98.91946411132812,106.77999877929688,106.79000091552734,104.6500015258789,104.7300033569336,591500
2020-02-11,99.49382019042969,107.4000015258789,107.94000244140625,107.0,107.19999694824219,680400
2020-02-12,98.79903411865234,106.6500015258789,107.75,106.55000305175781,107.16000366210938,640700
2020-02-13,100.23492431640625,108.19999694824219,108.25,106.44000244140625,106.5999984741211,424500
2020-02-14,101.12425231933594,109.16000366210938,109.19000244140625,108.05000305175781,108.20999908447266,606400
2020-02-18,100.52210235595703,108.51000213623047,109.45999908447266,108.12999725341797,109.12000274658203,612400
2020-02-19,100.77223205566406,108.77999877929688,109.13999938964844,108.16000366210938,108.73999786376953,565500
2020-02-20,100.20714569091797,108.16999816894531,108.51000213623047,106.63999938964844,108.51000213623047,689400
2020-02-21,99.89217376708984,107.83000183105469,108.19999694824219,106.73999786376953,107.88999938964844,800500
2020-02-24,98.39141845703125,106.20999908447266,107.76000213623047,105.81999969482422,106.80999755859375,799200
2020-02-25,96.22367858886719,103.87000274658203,106.5999984741211,103.62999725341797,106.58999633789062,1006000
2020-02-26,96.19586181640625,103.83999633789062,105.52999877929688,103.4000015258789,104.38999938964844,2081000
2020-02-27,91.78628540039062,99.08000183105469,103.3499984741211,99.02999877929688,102.69999694824219,1357500
2020-02-28,90.31332397460938,97.48999786376953,98.0,93.91000366210938,96.91999816894531,2218700
2020-03-02,95.89018249511719,103.51000213623047,103.58999633789062,97.81999969482422,97.81999969482422,1815500
2020-03-03,93.27776336669922,100.69000244140625,104.36000061035156,99.55999755859375,103.22000122070312,1063300
2020-03-04,98.39141845703125,106.20999908447266,106.30000305175781,102.16999816894531,102.66999816894531,1324200
2020-03-05,94.99571228027344,102.11000061035156,104.16000366210938,100.77999877929688,103.62999725341797,1070200
2020-03-06,93.814208984375,100.83999633789062,101.26000213623047,97.0999984741211,98.61000061035156,860700
2020-03-09,87.58100891113281,94.13999938964844,95.61000061035156,90.62999725341797,94.04000091552734,1554600
2020-03-10,90.76273345947266,97.55999755859375,98.3499984741211,93.02999877929688,96.80999755859375,1762800
2020-03-11,88.36247253417969,94.9800033569336,96.61000061035156,93.31999969482422,95.0,1474800
2020-03-12,80.16630554199219,86.16999816894531,92.55000305175781,79.77999877929688,88.87999725341797,1636600
2020-03-13,83.7852783203125,90.05999755859375,91.0199966430664,83.13999938964844,90.43000030517578,1826200
2020-03-16,74.28662872314453,79.8499984741211,85.7300033569336,75.0,75.12000274658203,1607000
2020-03-17,79.5057601928711,85.45999908447266,87.58000183105469,79.75,82.70999908447266,1999100
2020-03-18,67.39290618896484,72.44000244140625,81.43000030517578,65.08999633789062,80.0999984741211,1722400
2020-03-19,63.77394104003906,68.55000305175781,72.12999725341797,67.4000015258789,71.66999816894531,2039700
2020-03-20,66.59281921386719,71.58000183105469,73.91000366210938,66.9000015258789,68.7300033569336,2402000
2020-03-23,63.48551940917969,68.23999786376953,71.98999786376953,66.04000091552734,71.56999969482422,1672400
2020-03-24,71.88639068603516,77.2699966430664,78.06999969482422,70.37000274658203,71.2300033569336,1364300
2020-03-25,71.83056640625,77.20999908447266,81.47000122070312,75.29000091552734,76.1500015258789,2309300
2020-03-26,75.1518325805664,80.77999877929688,81.06999969482422,76.2699966430664,78.27999877929688,1634300
2020-03-27,74.58433532714844,80.16999816894531,83.0999984741211,77.68000030517578,77.87999725341797,1122100
2020-03-30,77.42183685302734,83.22000122070312,83.47000122070312,78.58999633789062,81.3499984741211,989200
2020-03-31,75.83098602294922,81.51000213623047,83.4800033569336,80.97000122070312,82.2300033569336,1693100
2020-04-01,71.63520050048828,77.0,79.6500015258789,75.62999725341797,78.12000274658203,1603900
2020-04-02,73.27256774902344,78.76000213623047,79.05999755859375,75.56999969482422,76.18000030517578,1651600
2020-04-03,70.94674682617188,76.26000213623047,78.81999969482422,74.5199966430664,77.5999984741211,2491400
2020-04-06,76.48219299316406,82.20999908447266,83.0,77.45999908447266,79.69000244140625,1483200
2020-04-07,76.54732513427734,82.27999877929688,86.9800033569336,81.83000183105469,84.80999755859375,1753900
2020-04-08,79.11502838134766,85.04000091552734,85.62000274658203,81.76000213623047,83.02999877929688,1187700
2020-04-09,80.78961181640625,86.83999633789062,88.3499984741211,85.37000274658203,85.9000015258789,1374600
2020-04-13,77.7474365234375,83.56999969482422,86.22000122070312,82.75,85.4800033569336,983200
2020-04-14,80.51052856445312,86.54000091552734,88.30000305175781,85.0,85.66000366210938,1552400
2020-04-15,77.82189178466797,83.6500015258789,86.4800033569336,82.87999725341797,84.5,1593700
2020-04-16,75.1611557006836,80.79000091552734,84.23999786376953,80.55999755859375,83.8499984741211,1100000
2020-04-17,77.77533721923828,83.5999984741211,84.05999755859375,81.6500015258789,83.29000091552734,1602500
2020-04-20,75.1518325805664,80.77999877929688,83.41999816894531,80.16999816894531,83.2300033569336,1240300
2020-04-21,72.13758087158203,77.54000091552734,79.93000030517578,77.02999877929688,78.72000122070312,1211800
2020-04-22,72.18409729003906,77.58999633789062,79.3499984741211,76.77999877929688,78.91999816894531,1187500
2020-04-23,69.60708618164062,74.81999969482422,78.0199966430664,74.51000213623047,77.75,1045300
2020-04-24,70.03500366210938,75.27999877929688,75.8499984741211,73.66000366210938,75.31999969482422,1169500
2020-04-27,71.98873901367188,77.37999725341797,77.76000213623047,75.73999786376953,75.87000274658203,1048800
2020-04-28,71.83988189697266,77.22000122070312,79.5999984741211,76.75,78.47000122070312,1386300
2020-04-29,74.11920166015625,79.66999816894531,80.5999984741211,77.4800033569336,78.88999938964844,2055300
2020-04-30,73.03069305419922,78.5,79.55999755859375,77.94000244140625,78.37999725341797,2421300
2020-05-01,72.10969543457031,77.51000213623047,80.44999694824219,76.26000213623047,78.5,1848600
2020-05-04,74.55641174316406,80.13999938964844,80.56999969482422,76.44000244140625,77.02999877929688,1312100
2020-05-05,77.33809661865234,83.12999725341797,83.63999938964844,80.0999984741211,80.5199966430664,1845100
2020-05-06,74.84483337402344,80.44999694824219,84.36000061035156,80.23999786376953,84.16000366210938,1444300
2020-05-07,79.43133544921875,85.37999725341797,85.94000244140625,81.4800033569336,81.4800033569336,1508900
2020-05-08,80.3802719116211,86.4000015258789,86.48999786376953,85.08000183105469,86.36000061035156,1097900
2020-05-11,80.80823516845703,86.86000061035156,87.9800033569336,84.9000015258789,85.72000122070312,804700
2020-05-12,80.96641540527344,87.02999877929688,87.80999755859375,86.41000366210938,87.0199966430664,1322400
2020-05-13,79.84999084472656,85.83000183105469,86.80999755859375,83.7699966430664,86.1500015258789,1577900
2020-05-14,80.46399688720703,86.48999786376953,87.13999938964844,84.05000305175781,84.80000305175781,1406000
2020-05-15,81.15245819091797,87.2300033569336,87.48999786376953,85.05999755859375,85.55999755859375,2523000
2020-05-18,84.00856018066406,90.30000305175781,90.87000274658203,89.48999786376953,90.05999755859375,1140100
2020-05-19,83.93413543701172,90.22000122070312,91.16000366210938,89.79000091552734,89.79000091552734,1019300
2020-05-20,84.37137603759766,90.69000244140625,91.58999633789062,90.01000213623047,90.91000366210938,1008900
2020-05-21,84.6597900390625,91.0,91.22000122070312,89.66999816894531,90.13999938964844,938900
2020-05-22,84.7528076171875,91.0999984741211,91.16999816894531,89.9000015258789,90.95999908447266,900200
2020-05-26,85.94364166259766,92.37999725341797,93.44000244140625,91.62000274658203,92.69000244140625,1229800
2020-05-27,87.2833251953125,93.81999969482422,94.5,92.8499984741211,94.05999755859375,1007100
2020-05-28,87.45075225830078,94.0,95.0,93.29000091552734,95.0,1131200
2020-05-29,87.71123504638672,94.27999877929688,94.94999694824219,93.06999969482422,93.62000274658203,1389600
2020-06-01,87.87872314453125,94.45999908447266,95.0199966430664,93.58000183105469,94.37999725341797,946900
2020-06-02,88.84624481201172,95.5,95.9800033569336,94.25,94.62000274658203,962500
2020-06-03,91.12554931640625,97.94999694824219,98.0999984741211,96.13999938964844,96.36000061035156,792500
2020-06-04,91.77979278564453,98.19999694824219,98.45999908447266,95.7699966430664,96.55999755859375,766300
2020-06-05,93.8826904296875,100.44999694824219,101.54000091552734,99.01000213623047,100.83999633789062,1379400
2020-06-08,95.2378921508789,101.9000015258789,101.9000015258789,99.27999877929688,99.6500015258789,1349400
2020-06-09,94.53693389892578,101.1500015258789,102.05000305175781,99.51000213623047,101.0,1229000
2020-06-10,93.84532928466797,100.41000366210938,102.25,100.38999938964844,100.81999969482422,1168300
2020-06-11,88.29365539550781,94.47000122070312,98.55999755859375,94.0999984741211,98.55999755859375,2108000
2020-06-12,89.08808898925781,95.31999969482422,97.16000366210938,93.86000061035156,97.16000366210938,1968600
2020-06-15,88.9104995727539,95.12999725341797,96.08000183105469,92.48999786376953,93.0199966430664,2044000
2020-06-16,89.39649200439453,95.6500015258789,98.12999725341797,95.05999755859375,98.12999725341797,1285600
2020-06-17,91.91999816894531,98.3499984741211,99.36000061035156,95.87000274658203,96.13999938964844,1207800
2020-06-18,92.68638610839844,99.16999816894531,100.58000183105469,98.2699966430664,98.3499984741211,890700
2020-06-19,88.54598999023438,94.73999786376953,101.0,94.73999786376953,100.91000366210938,2929200
2020-06-22,90.41521453857422,96.73999786376953,97.16999816894531,94.73999786376953,94.97000122070312,1120900
2020-06-23,91.14424896240234,97.5199966430664,98.37999725341797,96.91999816894531,97.79000091552734,771400
2020-06-24,88.5833969116211,94.77999877929688,96.47000122070312,94.16999816894531,96.30999755859375,1011100
2020-06-25,90.91993713378906,97.27999877929688,97.48999786376953,93.87000274658203,94.75,871000
2020-06-26,90.34983825683594,96.66999816894531,97.91999816894531,95.95999908447266,96.6500015258789,2072700
2020-06-29,89.41519927978516,95.66999816894531,97.5,94.97000122070312,97.5,721100
2020-06-30,91.1162109375,97.48999786376953,98.08000183105469,95.26000213623047,95.58000183105469,633300
2020-07-01,90.98535919189453,97.3499984741211,98.29000091552734,96.91000366210938,97.87000274658203,714700
2020-07-02,90.97599792480469,97.33999633789062,98.91999816894531,96.95999908447266,98.70999908447266,684700
2020-07-06,90.54610443115234,96.87999725341797,99.0,96.55000305175781,99.0,809200
2020-07-07,91.2844467163086,97.66999816894531,98.83999633789062,97.22000122070312,97.58999633789062,684600
2020-07-08,91.9386978149414,98.37000274658203,98.62000274658203,97.41000366210938,98.0,727900
2020-07-09,91.20964813232422,97.58999633789062,98.68000030517578,96.0,98.55000305175781,710600
2020-07-10,92.6583251953125,99.13999938964844,99.23999786376953,97.33000183105469,97.77999877929688,593800
2020-07-13,91.7984848022461,98.22000122070312,100.05000305175781,97.83999633789062,99.69999694824219,730500
2020-07-14,94.46216583251953,101.06999969482422,101.16999816894531,98.27999877929688,98.27999877929688,868500
2020-07-15,94.85469055175781,101.48999786376953,102.1500015258789,100.76000213623047,102.05999755859375,768100
2020-07-16,95.84542083740234,102.55000305175781,102.95999908447266,100.63999938964844,101.2300033569336,820400
2020-07-17,96.77999877929688,103.55000305175781,104.05000305175781,102.41000366210938,102.95999908447266,857300
2020-07-20,97.32208251953125,104.12999725341797,104.44999694824219,103.13999938964844,103.13999938964844,636000
2020-07-21,97.23799896240234,104.04000091552734,105.22000122070312,103.5999984741211,104.44999694824219,800500
2020-07-22,97.62117767333984,104.44999694824219,104.69999694824219,103.25,104.05999755859375,672900
2020-07-23,97.22864532470703,104.02999877929688,105.38999938964844,103.58999633789062,104.66000366210938,622100
2020-07-24,97.13516998291016,103.93000030517578,104.47000122070312,103.55999755859375,104.26000213623047,552800
2020-07-27,96.76132202148438,103.52999877929688,104.13999938964844,102.83000183105469,104.13999938964844,665300
2020-07-28,96.9762954711914,103.76000213623047,104.04000091552734,102.58999633789062,103.80999755859375,1018600
2020-07-29,97.94828033447266,104.80000305175781,104.91999816894531,103.22000122070312,103.56999969482422,1635300
2020-07-30,97.73334503173828,104.56999969482422,105.1500015258789,102.98999786376953,103.2300033569336,815000
2020-07-31,100.4624252319336,107.48999786376953,108.98999786376953,105.45999908447266,106.0,1009800
2020-08-03,99.15394592285156,106.08999633789062,107.81999969482422,105.75,106.51000213623047,861700
2020-08-04,98.54644012451172,105.44000244140625,106.51000213623047,104.54000091552734,106.22000122070312,931400
2020-08-05,98.60252380371094,105.5,106.05999755859375,105.0199966430664,105.55000305175781,936600
2020-08-06,98.65861511230469,105.55999755859375,106.13999938964844,104.91999816894531,105.36000061035156,591800
2020-08-07,99.82688903808594,106.80999755859375,106.91000366210938,105.22000122070312,105.26000213623047,654500
2020-08-10,100.41569519042969,107.44000244140625,107.97000122070312,106.12999725341797,106.77999877929688,870200
2020-08-11,100.35025787353516,107.37000274658203,108.66999816894531,107.19000244140625,108.0199966430664,740800
2020-08-12,99.96708679199219,106.95999908447266,109.33999633789062,106.87000274658203,108.25,664900
2020-08-13,100.18203735351562,107.19000244140625,107.51000213623047,106.36000061035156,106.54000091552734,470500
2020-08-14,99.9951171875,106.98999786376953,108.02999877929688,106.56999969482422,107.13999938964844,511900
2020-08-17,99.67735290527344,106.6500015258789,107.80000305175781,106.2300033569336,106.62999725341797,909400
2020-08-18,100.35960388183594,107.37999725341797,107.77999877929688,106.41999816894531,106.48999786376953,590400
2020-08-19,99.6492919921875,106.62000274658203,108.22000122070312,106.44000244140625,108.0,554700
2020-08-20,99.41565704345703,106.37000274658203,107.05000305175781,105.52999877929688,106.13999938964844,498200
2020-08-21,96.70525360107422,103.47000122070312,104.47000122070312,102.7300033569336,103.16999816894531,1267500
2020-08-24,97.21930694580078,104.0199966430664,104.06999969482422,102.56999969482422,103.70999908447266,1143200
2020-08-25,97.45292663574219,104.2699966430664,105.55999755859375,103.88999938964844,104.72000122070312,910300
2020-08-26,97.6398696899414,104.47000122070312,104.80000305175781,103.31999969482422,103.94000244140625,1382300
2020-08-27,99.06983184814453,106.0,106.26000213623047,104.68000030517578,104.9000015258789,698900
2020-08-28,98.18195343017578,105.05000305175781,106.52999877929688,104.38999938964844,106.43000030517578,674700
2020-08-31,98.41561126708984,105.30000305175781,105.83000183105469,104.4000015258789,104.95999908447266,1150300
2020-09-01,98.78012084960938,105.69000244140625,105.7300033569336,104.83999633789062,105.69999694824219,748800
2020-09-02,100.3315658569336,107.3499984741211,107.76000213623047,105.3499984741211,105.69000244140625,806900
2020-09-03,98.15412902832031,104.58000183105469,108.02999877929688,103.9000015258789,107.63999938964844,612400
2020-09-04,97.3094253540039,103.68000030517578,105.87999725341797,102.47000122070312,105.51000213623047,731500
2020-09-08,94.86917877197266,101.08000183105469,103.22000122070312,100.31999969482422,103.22000122070312,826800
2020-09-09,96.88707733154297,103.2300033569336,104.31999969482422,101.7699966430664,101.7699966430664,657200
2020-09-10,95.66696166992188,101.93000030517578,103.79000091552734,101.62000274658203,103.30999755859375,1160400
2020-09-11,95.5355453491211,101.79000091552734,102.7699966430664,101.22000122070312,102.44999694824219,548300
2020-09-14,96.30516815185547,102.61000061035156,103.12999725341797,102.19999694824219,102.38999938964844,1010600
2020-09-15,96.65245056152344,102.9800033569336,103.8499984741211,102.61000061035156,102.69000244140625,658300
2020-09-16,96.70874786376953,103.04000091552734,104.37999725341797,102.83000183105469,103.33999633789062,873800
2020-09-17,97.33758544921875,103.70999908447266,104.02999877929688,102.0,102.4800033569336,1177100
2020-09-18,97.80685424804688,104.20999908447266,105.69000244140625,103.66000366210938,103.70999908447266,1533000
2020-09-21,97.71300506591797,104.11000061035156,104.13999938964844,102.16000366210938,102.45999908447266,1537700
2020-09-22,97.88192749023438,104.29000091552734,105.5,102.95999908447266,103.83000183105469,1236200
2020-09-23,96.0705337524414,102.36000061035156,105.12999725341797,101.97000122070312,104.0999984741211,1709400
2020-09-24,96.1550064086914,102.44999694824219,103.81999969482422,101.66000366210938,102.41999816894531,656100
2020-09-25,96.64305877685547,102.97000122070312,103.18000030517578,101.36000061035156,102.08000183105469,623500
2020-09-28,98.51077270507812,104.95999908447266,105.41999816894531,103.26000213623047,103.95999908447266,629300
2020-09-29,98.33245086669922,104.7699966430664,105.44000244140625,104.3499984741211,104.68000030517578,504300
2020-09-30,99.09268951416016,105.58000183105469,106.45999908447266,104.55000305175781,105.26000213623047,1197900
2020-10-01,99.12083435058594,105.61000061035156,106.45999908447266,104.55000305175781,105.83000183105469,745000
2020-10-02,99.68396759033203,106.20999908447266,106.94000244140625,103.94999694824219,104.52999877929688,535600
2020-10-05,100.48175048828125,107.05999755859375,107.6500015258789,106.4000015258789,106.72000122070312,558000
2020-10-06,99.2616195678711,105.76000213623047,108.05999755859375,105.38999938964844,107.7300033569336,591300
2020-10-07,99.88105773925781,106.41999816894531,107.22000122070312,105.66999816894531,106.54000091552734,531600
2020-10-08,100.5286636352539,107.11000061035156,107.79000091552734,106.37000274658203,106.66000366210938,463100
2020-10-09,101.88018798828125,108.55000305175781,108.83999633789062,107.47000122070312,107.5199966430664,448100
2020-10-12,102.78121185302734,109.51000213623047,109.94000244140625,108.4000015258789,108.55000305175781,628000
2020-10-13,101.99280548095703,108.66999816894531,110.55999755859375,107.91999816894531,109.68000030517578,1033600
2020-10-14,101.20443725585938,107.83000183105469,109.94000244140625,107.80999755859375,108.9800033569336,894500
2020-10-15,101.51416015625,108.16000366210938,108.5199966430664,106.66000366210938,107.06999969482422,687100
2020-10-16,102.086669921875,108.7699966430664,109.70999908447266,108.30000305175781,108.44999694824219,575100
2020-10-19,100.48175048828125,107.05999755859375,109.54000091552734,106.86000061035156,109.05000305175781,769300
2020-10-20,100.91349029541016,107.5199966430664,109.0,107.29000091552734,108.04000091552734,576700
2020-10-21,101.00732421875,107.62000274658203,108.87000274658203,107.47000122070312,107.66999816894531,518400
2020-10-22,101.13874053955078,107.76000213623047,108.61000061035156,106.79000091552734,107.37999725341797,418800
2020-10-23,101.28890228271484,107.91999816894531,108.31999969482422,107.38999938964844,107.94999694824219,561500
2020-10-26,99.63703155517578,106.16000366210938,107.02999877929688,104.81999969482422,106.9000015258789,670900
2020-10-27,99.08329010009766,105.56999969482422,107.37000274658203,105.48999786376953,106.58000183105469,959400
2020-10-28,97.90071105957031,104.30999755859375,105.29000091552734,103.54000091552734,104.20999908447266,1996300
2020-10-29,96.67121124267578,103.0,104.54000091552734,101.94999694824219,103.66000366210938,1484900
2020-10-30,97.33758544921875,103.70999908447266,105.37000274658203,102.02999877929688,102.44000244140625,1528000
2020-11-02,99.98429870605469,106.52999877929688,106.98999786376953,104.11000061035156,105.1500015258789,1092700
2020-11-03,101.35459899902344,107.98999786376953,109.0,106.7300033569336,107.93000030517578,845900
2020-11-04,104.88355255126953,111.75,113.6500015258789,106.83000183105469,107.33000183105469,1209100
2020-11-05,103.02522277832031,109.7699966430664,113.11000061035156,109.61000061035156,112.56999969482422,877300
2020-11-06,103.71977233886719,110.51000213623047,111.55000305175781,109.75,110.44000244140625,736000
2020-11-09,103.22233581542969,109.9800033569336,118.38999938964844,109.88999938964844,116.30999755859375,1797000
2020-11-10,106.65743255615234,113.63999938964844,114.45999908447266,110.0,110.31999969482422,1135000
2020-11-11,107.1548843383789,114.16999816894531,114.61000061035156,113.29000091552734,114.08999633789062,743600
2020-11-12,106.19754028320312,113.1500015258789,113.5999984741211,112.41000366210938,112.70999908447266,569900
2020-11-13,108.60025024414062,115.70999908447266,115.83999633789062,113.31999969482422,113.33999633789062,605500
2020-11-16,110.21456909179688,117.43000030517578,117.4800033569336,115.7300033569336,116.5999984741211,704600
2020-11-17,109.88605499267578,117.08000183105469,117.75,115.5,116.7300033569336,1040300
2020-11-18,108.35621643066406,115.44999694824219,117.58999633789062,114.9800033569336,117.33000183105469,726800
2020-11-19,108.90997314453125,116.04000091552734,116.31999969482422,114.25,114.98999786376953,648700
2020-11-20,108.45008087158203,115.55000305175781,117.12000274658203,115.22000122070312,116.26000213623047,1937400
2020-11-23,108.31867980957031,115.41000366210938,116.6500015258789,114.41999816894531,116.0199966430664,784400
2020-11-24,109.26661682128906,116.41999816894531,117.33999633789062,115.31999969482422,116.12000274658203,1141700
2020-11-25,108.9381332397461,116.06999969482422,116.37000274658203,113.88999938964844,116.12000274658203,1236600
2020-11-27,108.74102783203125,115.86000061035156,116.5,114.56999969482422,115.97000122070312,342400
2020-11-30,108.31867980957031,115.41000366210938,116.12000274658203,115.02999877929688,115.55999755859375,928700
2020-12-01,109.53878021240234,116.70999908447266,116.75,115.81999969482422,116.38999938964844,672800
2020-12-02,109.27603149414062,116.43000030517578,117.18000030517578,115.69000244140625,116.62000274658203,536100
2020-12-03,109.07814025878906,115.7699966430664,116.2699966430664,115.16999816894531,115.80999755859375,702900
2020-12-04,109.3136978149414,116.0199966430664,116.36000061035156,115.3499984741211,115.61000061035156,556700
2020-12-07,109.29486083984375,116.0,117.0,115.54000091552734,115.9800033569336,762600
2020-12-08,110.1428451538086,116.9000015258789,117.36000061035156,114.83000183105469,114.95999908447266,775000
2020-12-09,110.68930053710938,117.4800033569336,117.72000122070312,116.37999725341797,117.19999694824219,850200
2020-12-10,112.6019515991211,119.51000213623047,119.69000244140625,116.8499984741211,117.2699966430664,1170800
2020-12-11,113.00708770751953,119.94000244140625,121.2699966430664,118.80000305175781,119.0,995800
2020-12-14,113.53474426269531,120.5,122.01000213623047,119.87999725341797,120.66999816894531,1112100
2020-12-15,116.48382568359375,123.62999725341797,123.91000366210938,121.4800033569336,121.4800033569336,928400
2020-12-16,119.14081573486328,126.44999694824219,126.70999908447266,124.30999755859375,124.44000244140625,981400
2020-12-17,120.7802505493164,128.19000244140625,129.1199951171875,126.76000213623047,127.16000366210938,1015100
2020-12-18,118.07613372802734,125.31999969482422,128.5,124.81999969482422,128.0800018310547,1484500
2020-12-21,117.77462005615234,125.0,125.0,121.68000030517578,124.69999694824219,847300
2020-12-22,116.65341186523438,123.80999755859375,124.81999969482422,123.56999969482422,124.81999969482422,729800
2020-12-23,115.92791748046875,123.04000091552734,124.73999786376953,123.0,124.12999725341797,480500
2020-12-24,116.28594207763672,123.41999816894531,123.69000244140625,122.6500015258789,123.0199966430664,223000
2020-12-28,115.91850280761719,123.02999877929688,124.4000015258789,122.70999908447266,124.12999725341797,368500
2020-12-29,114.50521087646484,121.52999877929688,123.44000244140625,121.2699966430664,123.41999816894531,549500
2020-12-30,114.66536712646484,121.69999694824219,122.66000366210938,121.56999969482422,122.12000274658203,426600
2020-12-31,116.55921173095703,123.70999908447266,123.9000015258789,121.13999938964844,121.95999908447266,487900
2021-01-04,113.28976440429688,120.23999786376953,123.70999908447266,119.12000274658203,123.63999938964844,800700
2021-01-05,112.5360107421875,119.44000244140625,120.87000274658203,118.87000274658203,120.41999816894531,602300
2021-01-06,114.882080078125,121.93000030517578,122.19999694824219,119.1500015258789,119.8499984741211,864600
2021-01-07,115.25897216796875,122.33000183105469,123.62999725341797,121.7699966430664,122.56999969482422,742300
2021-01-08,113.86451721191406,120.8499984741211,122.83000183105469,117.9000015258789,117.9000015258789,824200
2021-01-11,111.61266326904297,118.45999908447266,120.56999969482422,118.02999877929688,119.66999816894531,691800
2021-01-12,111.68802642822266,118.54000091552734,119.16999816894531,117.83000183105469,118.31999969482422,741600
2021-01-13,111.11329650878906,117.93000030517578,118.97000122070312,116.55000305175781,117.93000030517578,957700
2021-01-14,109.30426788330078,116.01000213623047,118.12000274658203,115.94000244140625,118.0199966430664,892100
2021-01-15,109.39850616455078,116.11000061035156,116.5199966430664,115.25,115.80999755859375,867200
2021-01-19,110.61394500732422,117.4000015258789,117.91000366210938,115.01000213623047,115.94999694824219,899800
2021-01-20,112.56427764892578,119.47000122070312,119.7300033569336,117.16000366210938,117.52999877929688,574700
2021-01-21,112.20624542236328,119.08999633789062,120.1500015258789,118.83999633789062,119.16999816894531,679000
2021-01-22,111.02850341796875,117.83999633789062,119.19000244140625,117.48999786376953,118.83999633789062,715300
2021-01-25,111.45249938964844,118.29000091552734,119.29000091552734,117.08000183105469,117.58000183105469,697100
2021-01-26,110.62335205078125,117.41000366210938,118.94999694824219,117.06999969482422,118.2300033569336,887600
2021-01-27,106.57190704345703,113.11000061035156,116.79000091552734,112.91999816894531,116.12999725341797,1746100
2021-01-28,108.83317565917969,115.51000213623047,116.68000030517578,114.05000305175781,115.16000366210938,1156300
2021-01-29,108.73896026611328,115.41000366210938,118.02999877929688,113.30000305175781,114.86000061035156,1314600
2021-02-01,108.53168487548828,115.19000244140625,116.31999969482422,114.12999725341797,114.37000274658203,841000
2021-02-02,110.87773895263672,117.68000030517578,118.45999908447266,116.18000030517578,116.18000030517578,702700
2021-02-03,109.51155853271484,116.2300033569336,118.16999816894531,115.72000122070312,117.44999694824219,639400
2021-02-04,109.634033203125,116.36000061035156,117.33000183105469,115.5199966430664,116.41999816894531,858600
2021-02-05,111.5561294555664,118.4000015258789,119.56999969482422,117.0,117.4800033569336,800500
2021-02-08,110.87773895263672,117.68000030517578,119.11000061035156,116.86000061035156,118.6500015258789,980200
2021-02-09,110.15225982666016,116.91000366210938,118.0,116.69999694824219,117.62000274658203,698500
2021-02-10,110.397216796875,117.16999816894531,118.29000091552734,116.69000244140625,117.8499984741211,795000
2021-02-11,109.60578918457031,116.33000183105469,118.0999984741211,115.69999694824219,117.05000305175781,758900
2021-02-12,109.935546875,116.68000030517578,116.83999633789062,115.97000122070312,115.97000122070312,675800
2021-02-16,110.86831665039062,117.66999816894531,118.30999755859375,116.72000122070312,117.0,825400
2021-02-17,110.85890197753906,117.66000366210938,118.0999984741211,116.91000366210938,116.91000366210938,673700
2021-02-18,111.763427734375,118.62000274658203,118.66999816894531,116.77999877929688,117.54000091552734,918000
2021-02-19,113.23323822021484,120.18000030517578,120.83000183105469,118.86000061035156,119.12000274658203,882100
2021-02-22,113.91161346435547,120.9000015258789,121.12000274658203,118.83999633789062,119.38999938964844,876600
2021-02-23,116.0127182006836,123.12999725341797,123.93000030517578,120.0999984741211,121.58999633789062,884400
2021-02-24,116.63456726074219,123.79000091552734,125.37999725341797,122.83999633789062,122.83999633789062,1177900
2021-02-25,114.40155792236328,121.41999816894531,123.9800033569336,121.41999816894531,123.93000030517578,750300
2021-02-26,112.8752212524414,119.80000305175781,122.04000091552734,119.75,121.75,904000
2021-03-01,115.23068237304688,122.30000305175781,123.12999725341797,120.20999908447266,120.20999908447266,601300
2021-03-02,114.66536712646484,121.69999694824219,122.44999694824219,120.25,122.11000061035156,798300
2021-03-03,114.9480209350586,122.0,123.98999786376953,121.4000015258789,121.4000015258789,1113400
2021-03-04,114.03998565673828,120.55999755859375,122.33999633789062,119.91999816894531,121.37999725341797,1632600
2021-03-05,117.3979721069336,124.11000061035156,124.33000183105469,120.51000213623047,121.5,1289000
2021-03-08,118.55198669433594,125.33000183105469,127.58999633789062,124.12999725341797,124.63999938964844,1034500
2021-03-09,117.99390411376953,124.73999786376953,126.36000061035156,124.37999725341797,124.4800033569336,790300
2021-03-10,118.47631072998047,125.25,125.88999938964844,124.2699966430664,124.95999908447266,609800
2021-03-11,117.7101058959961,124.44000244140625,125.16999816894531,123.69000244140625,124.62999725341797,589900
2021-03-12,119.32764434814453,126.1500015258789,126.25,124.86000061035156,125.25,472500
2021-03-15,120.33031463623047,127.20999908447266,127.33000183105469,125.7300033569336,126.0999984741211,708500
2021-03-16,120.98298645019531,127.9000015258789,128.50999450683594,126.43000030517578,126.9000015258789,819200
2021-03-17,121.48432159423828,128.42999267578125,128.99000549316406,127.18000030517578,128.1699981689453,1323200
2021-03-18,119.73438262939453,126.58000183105469,129.0,126.25,129.0,1454400
2021-03-19,114.87237548828125,121.44000244140625,126.83000183105469,121.19999694824219,126.23999786376953,3122400
2021-03-22,115.44937896728516,122.05000305175781,122.3499984741211,120.04000091552734,120.04000091552734,1148200
2021-03-23,115.92232513427734,122.55000305175781,123.04000091552734,121.69999694824219,122.26000213623047,878400
2021-03-24,117.50202178955078,124.22000122070312,125.33000183105469,122.43000030517578,122.44999694824219,900600
2021-03-25,118.20201110839844,124.95999908447266,125.41000366210938,123.05000305175781,124.91999816894531,794100
2021-03-26,118.90196228027344,125.69999694824219,125.77999877929688,123.83000183105469,125.0199966430664,507800
2021-03-29,119.9803237915039,126.83999633789062,126.94000244140625,124.72000122070312,125.0,536500
2021-03-30,118.83575439453125,125.62999725341797,126.8499984741211,125.27999877929688,126.36000061035156,510500
2021-03-31,118.02226257324219,124.7699966430664,126.08000183105469,124.62000274658203,125.51000213623047,974600
2021-04-01,119.76275634765625,126.61000061035156,126.68000030517578,124.20999908447266,124.91000366210938,844300
2021-04-05,121.36138153076172,128.3000030517578,128.3300018310547,126.9000015258789,127.0,457000
2021-04-06,122.97887420654297,130.00999450683594,130.1199951171875,128.24000549316406,128.77999877929688,931100
2021-04-07,122.80863952636719,129.8300018310547,130.3699951171875,128.69000244140625,129.6300048828125,1046000
2021-04-08,125.21128845214844,132.3699951171875,132.3800048828125,129.7100067138672,129.89999389648438,882400
2021-04-09,125.38153076171875,132.5500030517578,133.66000366210938,132.5,133.1199951171875,766200
2021-04-12,125.19235229492188,132.35000610351562,132.75999450683594,131.42999267578125,132.33999633789062,557800
2021-04-13,126.70581817626953,133.9499969482422,134.69000244140625,131.47000122070312,132.30999755859375,552500
2021-04-14,125.78826904296875,132.97999572753906,134.6300048828125,132.47999572753906,133.75999450683594,575800
2021-04-15,127.75581359863281,135.05999755859375,135.13999938964844,133.44000244140625,133.44000244140625,650100
2021-04-16,129.40164184570312,136.8000030517578,137.44000244140625,134.8000030517578,135.86000061035156,776000
2021-04-19,128.89088439941406,136.25999450683594,136.61000061035156,134.83999633789062,136.27000427246094,625500
2021-04-20,128.89088439941406,136.25999450683594,137.33999633789062,135.9199981689453,136.47000122070312,579300
2021-04-21,129.75164794921875,137.1699981689453,137.2899932861328,135.8300018310547,136.57000732421875,438000
2021-04-22,128.8813934326172,136.25,137.16000366210938,135.66000366210938,137.0,407600
2021-04-23,130.4800262451172,137.94000244140625,138.3000030517578,136.27000427246094,136.5,564400
2021-04-26,128.484130859375,135.8300018310547,138.2100067138672,135.69000244140625,138.2100067138672,740500
2021-04-27,131.09487915039062,138.58999633789062,138.72000122070312,135.97000122070312,136.22999572753906,802600
2021-04-28,132.4853515625,140.05999755859375,140.30999755859375,138.4199981689453,138.58999633789062,907600
2021-04-29,133.13807678222656,140.75,141.55999755859375,140.10000610351562,140.49000549316406,690800
2021-04-30,137.1109161376953,144.9499969482422,145.60000610351562,140.69000244140625,141.8000030517578,1040800
2021-05-03,137.21498107910156,145.05999755859375,145.64999389648438,142.8300018310547,144.44000244140625,840100
2021-05-04,137.63116455078125,145.5,145.6699981689453,143.92999267578125,144.50999450683594,863100
2021-05-05,139.4851531982422,147.4600067138672,147.55999755859375,144.6699981689453,145.41000366210938,622200
2021-05-06,140.79054260253906,148.83999633789062,149.39999389648438,147.60000610351562,148.0,1095300
2021-05-07,142.9850616455078,151.16000366210938,151.3699951171875,148.08999633789062,148.25,644800
2021-05-10,142.63504028320312,150.7899932861328,154.02999877929688,150.72999572753906,152.4600067138672,806300
2021-05-11,140.43106079101562,148.4600067138672,150.77000427246094,147.74000549316406,150.72000122070312,756300
2021-05-12,136.079833984375,143.86000061035156,148.67999267578125,143.75,148.0,2069600
2021-05-13,137.9716796875,145.86000061035156,146.64999389648438,143.0,143.3699951171875,5178900
2021-05-14,139.33384704589844,147.3000030517578,148.5800018310547,146.3699951171875,146.75,4210100
2021-05-17,138.5770721435547,146.5,147.55999755859375,145.64999389648438,145.80999755859375,1498000
2021-05-18,139.10679626464844,147.05999755859375,147.7100067138672,145.8800048828125,147.11000061035156,1393800
2021-05-19,137.52711486816406,145.38999938964844,146.47999572753906,143.9499969482422,146.25999450683594,1476000
2021-05-20,138.7095184326172,146.63999938964844,147.1699981689453,145.25999450683594,146.02000427246094,1037300
2021-05-21,137.06361389160156,144.89999389648438,147.19000244140625,144.07000732421875,146.5399932861328,1108700
2021-05-24,137.2433624267578,145.08999633789062,146.30999755859375,145.0,145.7100067138672,1039500
2021-05-25,136.5906524658203,144.39999389648438,145.69000244140625,144.3699951171875,145.39999389648438,1338300
2021-05-26,137.30010986328125,145.14999389648438,145.9600067138672,143.9199981689453,144.69000244140625,1707100
2021-05-27,138.43519592285156,146.35000610351562,146.63999938964844,144.47999572753906,145.74000549316406,1663800
2021-05-28,138.68113708496094,146.61000061035156,147.19000244140625,146.0500030517578,147.0,915900
2021-06-01,138.60546875,146.52999877929688,148.2100067138672,145.89999389648438,147.57000732421875,1203400
2021-06-02,138.71896362304688,146.64999389648438,147.38999938964844,145.52000427246094,146.5500030517578,909300
2021-06-03,137.21002197265625,144.5800018310547,146.92999267578125,144.41000366210938,145.97999572753906,1828700
2021-06-04,137.4852294921875,144.8699951171875,145.64999389648438,143.8699951171875,145.25,1223100
2021-06-07,136.22300720214844,143.5399932861328,145.2100067138672,143.3699951171875,144.92999267578125,1461800
2021-06-08,136.65957641601562,144.0,144.41000366210938,143.1199951171875,143.36000061035156,1762300
2021-06-09,137.0297088623047,144.38999938964844,144.75,143.75,144.0,572700
2021-06-10,136.97274780273438,144.3300018310547,145.7100067138672,144.2899932861328,145.17999267578125,606500
2021-06-11,137.23849487304688,144.61000061035156,145.16000366210938,143.97000122070312,144.47999572753906,1022200
2021-06-14,137.09616088867188,144.4600067138672,144.47999572753906,143.5500030517578,144.16000366210938,845300
2021-06-15,137.1720428466797,144.5399932861328,145.38999938964844,143.64999389648438,144.5800018310547,923100
2021-06-16,134.5717010498047,141.8000030517578,145.89999389648438,141.6300048828125,144.9499969482422,2489800
2021-06-17,132.29403686523438,139.39999389648438,142.36000061035156,137.7100067138672,141.8699951171875,2348500
2021-06-18,130.54783630371094,137.55999755859375,139.4199981689453,137.25,139.36000061035156,2316100
2021-06-21,132.5408172607422,139.66000366210938,139.66000366210938,137.77999877929688,138.24000549316406,1388300
2021-06-22,133.0627899169922,140.2100067138672,141.24000549316406,139.44000244140625,139.82000732421875,1222100
2021-06-23,133.2715606689453,140.42999267578125,141.0,139.47000122070312,140.10000610351562,1208600
2021-06-24,133.18612670898438,140.33999633789062,140.83999633789062,139.42999267578125,140.8300018310547,744600
2021-06-25,134.66664123535156,141.89999389648438,141.9600067138672,140.22000122070312,140.3300018310547,607100
2021-06-28,133.5087890625,140.67999267578125,141.9600067138672,140.35000610351562,141.9600067138672,763800
2021-06-29,134.0022735595703,141.1999969482422,141.85000610351562,140.75999450683594,141.07000732421875,688400
2021-06-30,132.93939208984375,140.0800018310547,141.42999267578125,139.25,141.08999633789062,915300
2021-07-01,133.26206970214844,140.4199981689453,141.0399932861328,139.9600067138672,140.44000244140625,990400
2021-07-02,133.148193359375,140.3000030517578,140.6199951171875,139.72000122070312,140.6199951171875,939700
2021-07-06,133.7745819091797,140.9600067138672,141.02999877929688,139.97999572753906,141.02000427246094,998800
2021-07-07,134.6096954345703,141.83999633789062,142.02000427246094,140.60000610351562,140.60000610351562,664900
2021-07-08,131.74362182617188,138.82000732421875,140.9199981689453,138.49000549316406,140.75,987300
2021-07-09,133.3380126953125,140.5,140.52000427246094,139.60000610351562,140.13999938964844,991700
2021-07-12,133.7935028076172,140.97999572753906,141.75,140.27000427246094,140.32000732421875,789300
2021-07-13,132.0473175048828,139.13999938964844,140.92999267578125,138.92999267578125,140.92999267578125,485400
2021-07-14,131.81954956054688,138.89999389648438,139.61000061035156,138.38999938964844,139.02999877929688,695800
2021-07-15,132.996337890625,140.13999938964844,140.8300018310547,138.0,138.0,597100
2021-07-16,132.78756713867188,139.9199981689453,140.82000732421875,139.6699981689453,140.3300018310547,494500
2021-07-19,129.6747589111328,136.63999938964844,138.8300018310547,135.5,138.6999969482422,900000
2021-07-20,132.17071533203125,139.27000427246094,139.82000732421875,136.69000244140625,137.17999267578125,1080700
2021-07-21,133.670166015625,140.85000610351562,146.97999572753906,139.2899932861328,139.89999389648438,1420700
2021-07-22,134.86595153808594,142.11000061035156,142.52999877929688,140.9499969482422,140.9499969482422,938100
2021-07-23,135.75802612304688,143.0500030517578,143.30999755859375,142.1199951171875,142.16000366210938,539500
2021-07-26,133.072265625,140.22000122070312,141.3699951171875,138.61000061035156,139.0,1746900
2021-07-27,133.1766815185547,140.3300018310547,141.14999389648438,138.6300048828125,139.11000061035156,1497500
2021-07-28,130.5004119873047,137.50999450683594,139.99000549316406,137.2100067138672,139.99000549316406,1170000
2021-07-29,132.39846801757812,139.50999450683594,139.97000122070312,137.9600067138672,138.66000366210938,1147500
2021-07-30,132.2086944580078,139.30999755859375,141.97000122070312,139.13999938964844,139.83999633789062,1434600
2021-08-02,132.08529663085938,139.17999267578125,141.16000366210938,138.92999267578125,139.8300018310547,996300
2021-08-03,131.48736572265625,138.5500030517578,140.24000549316406,138.25,139.69000244140625,1044800
2021-08-04,129.96896362304688,136.9499969482422,139.02999877929688,136.9199981689453,138.19000244140625,767900
2021-08-05,131.5538330078125,138.6199951171875,138.7100067138672,137.25999450683594,137.86000061035156,757200
2021-08-06,131.97142028808594,139.05999755859375,139.77000427246094,138.3699951171875,139.47000122070312,870700
2021-08-09,133.15768432617188,140.30999755859375,140.35000610351562,138.5399932861328,139.25,1054800
2021-08-10,133.69862365722656,140.8800048828125,141.0399932861328,140.16000366210938,140.60000610351562,873200
2021-08-11,135.02725219726562,142.27999877929688,143.4600067138672,141.42999267578125,141.42999267578125,1117100
2021-08-12,134.30601501464844,141.52000427246094,142.77999877929688,140.83999633789062,142.6999969482422,927600
2021-08-13,133.148193359375,140.3000030517578,142.47999572753906,140.2899932861328,142.19000244140625,1627800
2021-08-16,135.64410400390625,142.92999267578125,143.22999572753906,139.75999450683594,140.3000030517578,1583200
2021-08-17,134.47686767578125,141.6999969482422,142.7899932861328,141.02000427246094,142.0399932861328,821800
2021-08-18,133.9358673095703,141.1300048828125,142.5,140.7100067138672,141.17999267578125,1183800
2021-08-19,134.7615509033203,142.0,142.4199981689453,140.41000366210938,140.41000366210938,1351000
2021-08-20,135.71054077148438,143.0,143.92999267578125,141.72000122070312,142.35000610351562,1086100
2021-08-23,135.80548095703125,143.10000610351562,144.50999450683594,143.0500030517578,143.3699951171875,947600
2021-08-24,136.0901336669922,143.39999389648438,144.00999450683594,142.67999267578125,143.32000732421875,909300
2021-08-25,135.62513732910156,142.91000366210938,143.39999389648438,142.1999969482422,143.27000427246094,666600
2021-08-26,135.46377563476562,142.74000549316406,143.1199951171875,142.16000366210938,142.77000427246094,640700
2021-08-27,136.43182373046875,143.75999450683594,143.8699951171875,142.74000549316406,143.00999450683594,874700
2021-08-30,136.1376495361328,143.4499969482422,144.72000122070312,143.3300018310547,144.07000732421875,586700
2021-08-31,136.29896545410156,143.6199951171875,144.47999572753906,142.89999389648438,143.4499969482422,1375600
2021-09-01,137.0771484375,144.44000244140625,144.97000122070312,142.88999938964844,143.8000030517578,1068100
2021-09-02,138.84823608398438,145.82000732421875,145.8300018310547,144.6199951171875,144.69000244140625,1037800
2021-09-03,138.53404235839844,145.49000549316406,146.5,144.8699951171875,145.47999572753906,1114600
2021-09-07,136.82008361816406,143.69000244140625,145.5399932861328,143.64999389648438,145.38999938964844,725100
2021-09-08,137.59132385253906,144.5,144.77999877929688,143.5500030517578,143.60000610351562,1442700
2021-09-09,138.43878173828125,145.38999938964844,146.77000427246094,144.80999755859375,144.9199981689453,836800
2021-09-10,137.1914520263672,144.0800018310547,145.99000549316406,144.02000427246094,145.9199981689453,1301500
2021-09-13,137.524658203125,144.42999267578125,145.5,142.52999877929688,145.1300048828125,1132500
2021-09-14,138.0674591064453,145.0,145.27999877929688,142.6300048828125,144.67999267578125,1457200
2021-09-15,143.00929260253906,150.19000244140625,150.5500030517578,144.52000427246094,145.77999877929688,1831500
2021-09-16,142.63795471191406,149.8000030517578,150.5800018310547,148.8300018310547,150.07000732421875,909100
2021-09-17,141.2953338623047,148.38999938964844,151.57000732421875,147.9600067138672,150.3699951171875,2601600
2021-09-20,139.10531616210938,146.08999633789062,147.25999450683594,144.77999877929688,146.39999389648438,1236400
2021-09-21,141.40011596679688,148.5,149.22000122070312,146.42999267578125,146.9199981689453,1034300
2021-09-22,144.15191650390625,151.38999938964844,152.39999389648438,148.85000610351562,150.0,1335600
2021-09-23,144.9803009033203,152.25999450683594,153.27999877929688,151.64999389648438,151.64999389648438,749500
2021-09-24,146.6752166748047,154.0399932861328,154.36000061035156,152.00999450683594,152.27999877929688,959700
2021-09-27,145.1136474609375,152.39999389648438,154.1999969482422,151.72000122070312,154.1300048828125,675700
2021-09-28,142.63795471191406,149.8000030517578,152.24000549316406,149.1999969482422,151.8699951171875,809400
2021-09-29,143.6758575439453,150.88999938964844,151.9199981689453,150.00999450683594,150.6300048828125,518500
2021-09-30,141.54295349121094,148.64999389648438,152.3300018310547,148.58999633789062,151.67999267578125,1024100
2021-10-01,145.15174865722656,152.44000244140625,153.72000122070312,148.63999938964844,149.32000732421875,680800
2021-10-04,142.10470581054688,149.24000549316406,153.75,149.0399932861328,152.72000122070312,1153300
2021-10-05,144.58993530273438,151.85000610351562,152.63999938964844,149.13999938964844,149.89999389648438,932000
2021-10-06,145.52308654785156,152.8300018310547,153.0500030517578,149.8800048828125,150.47000122070312,784600
2021-10-07,146.0943603515625,153.42999267578125,154.9199981689453,153.17999267578125,153.60000610351562,1007200
2021-10-08,148.2177734375,155.66000366210938,156.08999633789062,153.50999450683594,153.8000030517578,1350300
2021-10-11,149.4175262451172,156.9199981689453,158.22000122070312,155.52000427246094,155.9600067138672,1087600
2021-10-12,149.68414306640625,157.1999969482422,158.92999267578125,156.64999389648438,156.8000030517578,921700
2021-10-13,150.9410400390625,158.52000427246094,158.75,155.42999267578125,157.17999267578125,913200
2021-10-14,153.94039916992188,161.6699981689453,162.0399932861328,159.61000061035156,159.8300018310547,920600
2021-10-15,155.0925750732422,162.8800048828125,164.0800018310547,161.77999877929688,162.39999389648438,846700
2021-10-18,152.93113708496094,160.61000061035156,162.52999877929688,160.3000030517578,161.91000366210938,770300
2021-10-19,154.22608947753906,161.97000122070312,162.60000610351562,160.97000122070312,161.86000061035156,750300
2021-10-20,154.72120666503906,162.49000549316406,162.92999267578125,161.77999877929688,161.8000030517578,621200
2021-10-21,155.6448516845703,163.4600067138672,163.8800048828125,161.67999267578125,162.9199981689453,959100
2021-10-22,157.27310180664062,165.1699981689453,165.75,163.52999877929688,163.88999938964844,509000
2021-10-25,156.39707946777344,164.25,165.99000549316406,164.0500030517578,165.69000244140625,632800
2021-10-26,156.33990478515625,164.19000244140625,165.1300048828125,162.94000244140625,164.4499969482422,797900
2021-10-27,154.44509887695312,162.1999969482422,165.5,161.89999389648438,164.35000610351562,1235500
2021-10-28,156.27330017089844,164.1199951171875,164.17999267578125,162.07000732421875,162.60000610351562,908200
2021-10-29,159.65354919433594,167.6699981689453,168.32000732421875,163.0500030517578,164.3699951171875,1142500
2021-11-01,154.7117156982422,162.47999572753906,168.5,162.07000732421875,167.7899932861328,757000
2021-11-02,155.2544708251953,163.0500030517578,164.36000061035156,162.3000030517578,162.77999877929688,987800
2021-11-03,153.59765625,161.30999755859375,162.42999267578125,159.5,162.3800048828125,877500
2021-11-04,153.0929718017578,160.77999877929688,161.4499969482422,159.8800048828125,161.38999938964844,927600
2021-11-05,152.59783935546875,160.25999450683594,162.0500030517578,158.61000061035156,161.86000061035156,1115800
2021-11-08,153.2167510986328,160.91000366210938,161.35000610351562,158.82000732421875,161.22999572753906,910900
2021-11-09,153.8356475830078,161.55999755859375,162.1999969482422,160.19000244140625,160.89999389648438,608000
2021-11-10,153.48338317871094,161.19000244140625,162.6999969482422,160.58999633789062,161.7100067138672,429100
2021-11-11,154.9211883544922,162.6999969482422,162.77000427246094,160.2100067138672,161.0399932861328,513900
2021-11-12,157.8063201904297,165.72999572753906,165.8800048828125,163.0,163.0399932861328,875200
2021-11-15,157.47305297851562,165.3800048828125,166.67999267578125,164.69000244140625,166.41000366210938,732000
2021-11-16,158.7965850830078,166.77000427246094,167.58999633789062,165.50999450683594,165.50999450683594,937500
2021-11-17,157.02552795410156,164.91000366210938,166.7100067138672,163.75,166.5,1008700
2021-11-18,155.0259246826172,162.80999755859375,165.0500030517578,162.44000244140625,165.0500030517578,592600
2021-11-19,155.59725952148438,163.41000366210938,165.14999389648438,162.4199981689453,163.44000244140625,1227800
2021-11-22,156.92074584960938,164.8000030517578,166.72000122070312,161.74000549316406,163.6300048828125,935000
2021-11-23,156.9017333984375,164.77999877929688,165.80999755859375,162.97999572753906,165.49000549316406,1029800
2021-11-24,158.4633331298828,166.4199981689453,167.14999389648438,164.0,164.52999877929688,744100
2021-11-26,155.34014892578125,163.13999938964844,164.00999450683594,160.02000427246094,162.39999389648438,729900
2021-11-29,156.93031311035156,164.80999755859375,165.52999877929688,162.89999389648438,164.9199981689453,1064600
2021-11-30,155.11167907714844,162.89999389648438,165.77999877929688,161.9600067138672,163.67999267578125,1810800
2021-12-01,154.56887817382812,162.3300018310547,167.47999572753906,162.2100067138672,165.27999877929688,938200
2021-12-02,159.02879333496094,166.52000427246094,167.1999969482422,161.86000061035156,162.9199981689453,989300
2021-12-03,158.0355682373047,165.47999572753906,167.5800018310547,163.6300048828125,167.10000610351562,723600
2021-12-06,159.91696166992188,167.4499969482422,169.38999938964844,166.25999450683594,166.72000122070312,1064300
2021-12-07,162.0465850830078,169.67999267578125,171.17999267578125,168.30999755859375,168.75,901800
2021-12-08,161.62643432617188,169.24000549316406,170.75,167.6699981689453,170.1199951171875,838400
2021-12-09,160.13661193847656,167.67999267578125,169.35000610351562,167.5,168.72999572753906,715200
2021-12-10,161.97021484375,169.60000610351562,169.72000122070312,167.6699981689453,168.85000610351562,906900
2021-12-13,161.2157440185547,168.80999755859375,170.0,167.7899932861328,169.44000244140625,957100
2021-12-14,159.12429809570312,166.6199951171875,168.5399932861328,162.75,168.5399932861328,1314600
2021-12-15,160.0697479248047,167.61000061035156,167.88999938964844,163.3800048828125,166.42999267578125,1311900
2021-12-16,158.57992553710938,166.0500030517578,168.61000061035156,164.99000549316406,167.5,1195200
2021-12-17,157.00411987304688,164.39999389648438,166.27999877929688,163.52999877929688,165.66000366210938,1801900
2021-12-20,156.87042236328125,164.25999450683594,164.66000366210938,161.1300048828125,162.91000366210938,1139200
2021-12-21,156.593505859375,163.97000122070312,165.77000427246094,162.05999755859375,165.16000366210938,1100100
2021-12-22,157.7872772216797,165.22000122070312,165.49000549316406,163.2100067138672,163.8000030517578,937800
2021-12-23,158.9619598388672,166.4499969482422,167.55999755859375,165.63999938964844,166.0,510900
2021-12-27,162.7724609375,170.44000244140625,170.67999267578125,166.83999633789062,167.02000427246094,483100
2021-12-28,161.7028350830078,169.32000732421875,171.2100067138672,169.07000732421875,170.42999267578125,443200
2021-12-29,162.17076110839844,169.80999755859375,170.6300048828125,169.1300048828125,169.72999572753906,350500
2021-12-30,161.16799926757812,168.75999450683594,171.2100067138672,168.58999633789062,170.47999572753906,327200
2021-12-31,162.03707885742188,169.6699981689453,170.66000366210938,168.2899932861328,168.7100067138672,336200
2022-01-03,159.21023559570312,166.7100067138672,169.99000549316406,165.58999633789062,169.2899932861328,701600
2022-01-04,159.89784240722656,167.42999267578125,168.2100067138672,165.7100067138672,167.0,925100
2022-01-05,156.8990936279297,164.2899932861328,168.97000122070312,164.08999633789062,168.0,900500
2022-01-06,158.60861206054688,166.0800018310547,166.49000549316406,163.52999877929688,164.85000610351562,723700
2022-01-07,157.92098999023438,165.36000061035156,166.69000244140625,163.74000549316406,166.3800048828125,975300
2022-01-10,155.12278747558594,162.42999267578125,165.2100067138672,160.32000732421875,165.0500030517578,1022800
2022-01-11,156.3833770751953,163.75,163.83999633789062,159.60000610351562,163.02000427246094,871600
2022-01-12,158.27432250976562,165.72999572753906,166.2899932861328,163.9499969482422,164.02000427246094,693500
2022-01-13,155.14187622070312,162.4499969482422,166.30999755859375,161.77999877929688,166.02999877929688,859100
2022-01-14,150.60557556152344,157.6999969482422,161.42999267578125,155.49000549316406,161.42999267578125,1201900
2022-01-18,148.58094787597656,155.5800018310547,157.3000030517578,153.52000427246094,156.3800048828125,844100
2022-01-19,147.63548278808594,154.58999633789062,157.44000244140625,154.52999877929688,156.72000122070312,967500
2022-01-20,148.6668701171875,155.6699981689453,157.9199981689453,155.30999755859375,155.72999572753906,1191300
2022-01-21,147.23439025878906,154.1699981689453,156.57000732421875,153.97000122070312,155.6300048828125,1090900
2022-01-24,149.25900268554688,156.2899932861328,156.55999755859375,150.66000366210938,153.52999877929688,1687500
2022-01-25,146.30801391601562,153.1999969482422,155.35000610351562,152.22999572753906,154.64999389648438,2143200
2022-01-26,146.2888946533203,153.17999267578125,155.97999572753906,152.02999877929688,154.80999755859375,1443800
2022-01-27,142.61209106445312,149.3300018310547,155.17999267578125,147.32000732421875,154.35000610351562,1638200
2022-01-28,147.5877227783203,154.5399932861328,154.99000549316406,147.72999572753906,149.82000732421875,1567100
2022-01-31,150.83477783203125,157.94000244140625,158.25,153.5800018310547,153.60000610351562,1556300
2022-02-01,149.79383850097656,156.85000610351562,158.80999755859375,154.17999267578125,157.8699951171875,788000
2022-02-02,150.02301025390625,157.08999633789062,157.85000610351562,156.27000427246094,156.67999267578125,1215100
2022-02-03,147.5017852783203,154.4499969482422,157.6999969482422,154.0399932861328,156.5399932861328,871200
2022-02-04,149.2494354248047,156.27999877929688,157.86000061035156,153.74000549316406,153.74000549316406,603400
2022-02-07,149.3258514404297,156.36000061035156,158.13999938964844,155.57000732421875,156.19000244140625,683400
2022-02-08,150.00390625,157.07000732421875,157.4199981689453,153.6699981689453,156.02000427246094,1309800
2022-02-09,153.2796173095703,160.5,161.4600067138672,158.39999389648438,158.7100067138672,1029500
2022-02-10,151.6656036376953,158.80999755859375,161.4600067138672,157.5,158.0,1280500
2022-02-11,148.64779663085938,155.64999389648438,159.9600067138672,154.77000427246094,159.07000732421875,1002300
2022-02-14,146.4512939453125,153.35000610351562,155.9600067138672,151.74000549316406,155.52999877929688,1209300
2022-02-15,148.3994598388672,155.38999938964844,156.58999633789062,153.83999633789062,155.0,720600
2022-02-16,149.18258666992188,156.2100067138672,156.72000122070312,154.00999450683594,154.8699951171875,548400
2022-02-17,146.59446716308594,153.5,155.6999969482422,153.02999877929688,155.44000244140625,579900
2022-02-18,147.3394317626953,154.27999877929688,155.13999938964844,153.07000732421875,153.4499969482422,745000
2022-02-22,146.81419372558594,153.72999572753906,155.55999755859375,152.22999572753906,154.52999877929688,986400
2022-02-23,144.85638427734375,151.67999267578125,155.8000030517578,151.47999572753906,153.99000549316406,1120700
2022-02-24,147.47311401367188,154.4199981689453,154.8699951171875,148.02999877929688,149.0500030517578,897200
2022-02-25,152.1335906982422,159.3000030517578,159.60000610351562,154.61000061035156,154.8699951171875,1208800
2022-02-28,151.07351684570312,158.19000244140625,159.10000610351562,155.8800048828125,156.52000427246094,970000
2022-03-01,149.07752990722656,156.10000610351562,157.97999572753906,155.52000427246094,157.7100067138672,1067400
2022-03-02,151.63699340820312,158.77999877929688,159.5399932861328,156.44000244140625,157.8000030517578,828500
2022-03-03,151.7711181640625,158.41000366210938,159.9199981689453,156.75999450683594,159.35000610351562,702300
2022-03-04,153.1698760986328,159.8699951171875,160.00999450683594,155.7100067138672,157.5399932861328,853500
2022-03-07,148.07290649414062,154.5500030517578,159.7100067138672,153.67999267578125,158.86000061035156,1194700
2022-03-08,143.8380889892578,150.1300048828125,155.32000732421875,148.52000427246094,154.47999572753906,1229900
2022-03-09,149.40463256835938,155.94000244140625,159.3699951171875,153.16000366210938,153.16000366210938,1720100
2022-03-10,148.54232788085938,155.0399932861328,156.3800048828125,153.24000549316406,153.3300018310547,1431800
2022-03-11,147.1818389892578,153.6199951171875,156.72000122070312,153.61000061035156,155.6300048828125,624500
2022-03-14,148.25494384765625,154.74000549316406,156.52999877929688,153.6300048828125,155.16000366210938,911300
2022-03-15,151.9148406982422,158.55999755859375,159.00999450683594,153.00999450683594,155.13999938964844,1034100
2022-03-16,155.85260009765625,162.6699981689453,163.4600067138672,158.0,158.77999877929688,997400
2022-03-17,158.21905517578125,165.13999938964844,165.16000366210938,162.22999572753906,162.52000427246094,964000
2022-03-18,160.3555908203125,167.3699951171875,167.7899932861328,164.24000549316406,166.00999450683594,1435700
2022-03-21,159.63702392578125,166.6199951171875,168.25999450683594,165.8699951171875,167.32000732421875,739600
2022-03-22,160.5759735107422,167.60000610351562,168.02999877929688,165.6199951171875,166.77000427246094,898400
2022-03-23,157.19390869140625,164.07000732421875,167.60000610351562,163.6199951171875,166.9499969482422,1191700
2022-03-24,159.30172729492188,166.27000427246094,167.27000427246094,164.22000122070312,164.47000122070312,551200
2022-03-25,161.01670837402344,168.05999755859375,168.4199981689453,165.61000061035156,166.35000610351562,472900
2022-03-28,163.19158935546875,170.3300018310547,170.3800048828125,167.3699951171875,168.2899932861328,614400
2022-03-29,165.51968383789062,172.75999450683594,173.11000061035156,171.49000549316406,172.02000427246094,709700
2022-03-30,166.51611328125,173.8000030517578,173.94000244140625,172.14999389648438,172.77999877929688,701300
2022-03-31,167.2825927734375,174.60000610351562,177.1199951171875,173.82000732421875,174.0500030517578,1178400
2022-04-01,169.00717163085938,176.39999389648438,177.25,174.64999389648438,175.22999572753906,799800
2022-04-04,166.631103515625,173.9199981689453,176.19000244140625,172.6699981689453,176.17999267578125,715800
2022-04-05,167.54129028320312,174.8699951171875,177.38999938964844,173.85000610351562,173.85000610351562,871700
2022-04-06,171.5460662841797,179.0500030517578,179.1199951171875,174.1699981689453,174.47000122070312,1055900
2022-04-07,173.8455047607422,181.4499969482422,181.64999389648438,177.9199981689453,178.91000366210938,1016800
2022-04-08,175.51260375976562,183.19000244140625,183.85000610351562,180.5,181.5,1224400
2022-04-11,175.54132080078125,183.22000122070312,183.8800048828125,181.05999755859375,183.0,1183800
2022-04-12,172.69580078125,180.25,184.9199981689453,179.8699951171875,183.5500030517578,1080600
2022-04-13,173.4239501953125,181.00999450683594,181.42999267578125,178.74000549316406,179.75999450683594,798500
2022-04-14,173.04075622558594,180.61000061035156,182.49000549316406,180.52000427246094,181.42999267578125,663400
2022-04-18,172.62872314453125,180.17999267578125,181.52999877929688,178.91000366210938,180.1699981689453,686800
2022-04-19,171.97723388671875,179.5,180.9199981689453,176.83999633789062,180.50999450683594,1423300
2022-04-20,176.1928253173828,183.89999389648438,184.4199981689453,180.5500030517578,180.5500030517578,1184400
2022-04-21,176.43234252929688,184.14999389648438,187.02000427246094,183.41000366210938,185.0,896200
2022-04-22,170.56884765625,178.02999877929688,183.60000610351562,177.9199981689453,182.61000061035156,971600
2022-04-25,171.39279174804688,178.88999938964844,179.3000030517578,174.0500030517578,177.39999389648438,1245500
2022-04-26,166.24783325195312,173.52000427246094,178.27000427246094,173.49000549316406,178.0800018310547,673000
2022-04-27,168.04904174804688,175.39999389648438,176.72999572753906,173.27999877929688,173.47000122070312,898900
2022-04-28,171.81439208984375,179.3300018310547,179.4499969482422,174.75,176.60000610351562,964100
2022-04-29,161.42868041992188,168.49000549316406,176.32000732421875,168.1300048828125,176.32000732421875,1906800
2022-05-02,158.89930725097656,165.85000610351562,172.82000732421875,162.6999969482422,171.6999969482422,1482500
2022-05-03,158.5735321044922,165.50999450683594,169.92999267578125,165.1199951171875,166.9199981689453,953900
2022-05-04,163.22991943359375,170.3699951171875,170.6199951171875,163.60000610351562,165.0500030517578,739100
2022-05-05,158.07537841796875,164.99000549316406,169.52999877929688,163.27999877929688,168.72000122070312,819800
2022-05-06,157.58668518066406,164.47999572753906,165.6199951171875,161.77999877929688,163.8000030517578,944500
2022-05-09,153.4765167236328,160.19000244140625,162.97000122070312,159.52999877929688,162.97000122070312,1005200
2022-05-10,151.61781311035156,158.25,163.1699981689453,157.7100067138672,162.36000061035156,1745700
2022-05-11,151.1675262451172,157.77999877929688,161.25,157.32000732421875,157.86000061035156,911400
2022-05-12,150.88006591796875,157.47999572753906,159.4499969482422,154.77000427246094,157.3300018310547,809800
2022-05-13,155.22984313964844,162.02000427246094,162.67999267578125,158.1999969482422,158.63999938964844,947900
2022-05-16,154.3866729736328,161.13999938964844,162.5500030517578,160.60000610351562,161.91000366210938,634000
2022-05-17,157.2897186279297,164.1699981689453,164.66000366210938,161.77000427246094,162.77000427246094,1129800
2022-05-18,150.142333984375,156.7100067138672,163.4600067138672,156.36000061035156,162.9199981689453,674800
2022-05-19,148.7435302734375,155.25,156.61000061035156,152.97999572753906,155.32000732421875,760900
2022-05-20,148.50401306152344,155.0,156.52000427246094,150.49000549316406,156.3000030517578,1042700
2022-05-23,151.8860626220703,158.52999877929688,158.9199981689453,153.5,156.5500030517578,878700
2022-05-24,151.1483917236328,157.75999450683594,158.3800048828125,154.89999389648438,157.66000366210938,586800
2022-05-25,150.8896484375,157.49000549316406,158.33999633789062,155.77999877929688,157.63999938964844,1017600
2022-05-26,154.27171325683594,161.02000427246094,162.0,158.69000244140625,159.14999389648438,700600
2022-05-27,158.69810485839844,165.63999938964844,165.64999389648438,161.72999572753906,161.72999572753906,717100
2022-05-31,155.15316772460938,161.94000244140625,164.92999267578125,161.5800018310547,164.92999267578125,1471100
2022-06-01,153.78309631347656,160.50999450683594,162.92999267578125,159.2100067138672,162.35000610351562,939500
2022-06-02,157.9832763671875,164.3699951171875,164.5,158.02999877929688,160.50999450683594,954400
2022-06-03,155.90721130371094,162.2100067138672,163.07000732421875,161.60000610351562,162.50999450683594,539900
2022-06-06,155.7053985595703,162.0,164.8699951171875,161.77999877929688,163.72999572753906,776200
2022-06-07,157.2047882080078,163.55999755859375,163.80999755859375,160.27999877929688,160.35000610351562,683700
2022-06-08,154.91726684570312,161.17999267578125,163.42999267578125,160.83999633789062,162.57000732421875,467200
2022-06-09,150.86119079589844,156.9600067138672,161.41000366210938,156.80999755859375,161.02000427246094,754300
2022-06-10,147.05508422851562,153.0,154.61000061035156,152.88999938964844,154.30999755859375,765300
2022-06-13,145.6902618408203,151.5800018310547,154.32000732421875,149.5,149.66000366210938,915800
2022-06-14,147.276123046875,153.22999572753906,153.99000549316406,151.7100067138672,152.1699981689453,791500
2022-06-15,146.8148193359375,152.75,156.85000610351562,150.33999633789062,155.0,895000
2022-06-16,143.25856018066406,149.0500030517578,150.9199981689453,148.24000549316406,150.02999877929688,1067100
2022-06-17,143.8929443359375,149.7100067138672,151.5500030517578,148.36000061035156,149.25999450683594,2006700
2022-06-21,149.17921447753906,155.2100067138672,155.9199981689453,151.5399932861328,151.57000732421875,1041200
2022-06-22,151.19761657714844,157.30999755859375,159.1699981689453,153.41000366210938,153.55999755859375,866400
2022-06-23,153.8214874267578,160.0399932861328,160.27999877929688,157.17999267578125,158.3000030517578,765700
2022-06-24,158.8291015625,165.25,165.63999938964844,161.1300048828125,161.1300048828125,1454800
2022-06-27,158.80987548828125,165.22999572753906,166.02000427246094,163.13999938964844,165.42999267578125,658000
2022-06-28,156.83949279785156,163.17999267578125,167.3800048828125,162.5500030517578,166.00999450683594,936900
2022-06-29,156.85874938964844,163.1999969482422,164.49000549316406,162.89999389648438,163.64999389648438,875100
2022-06-30,156.70498657226562,163.0399932861328,163.89999389648438,161.16000366210938,161.97000122070312,876800
2022-07-01,158.23321533203125,164.6300048828125,164.8300018310547,162.1300048828125,163.10000610351562,644400
2022-07-05,159.61724853515625,166.07000732421875,166.24000549316406,161.91000366210938,162.91000366210938,620500
2022-07-06,161.799072265625,168.33999633789062,169.5500030517578,166.0500030517578,166.50999450683594,726800
2022-07-07,160.7994384765625,167.3000030517578,169.85000610351562,166.7899932861328,168.64999389648438,542400
2022-07-08,160.28042602539062,166.75999450683594,168.2899932861328,166.16000366210938,167.42999267578125,456100
2022-07-11,159.3961944580078,165.83999633789062,167.3300018310547,165.4499969482422,166.0500030517578,463400
2022-07-12,158.41580200195312,164.82000732421875,168.13999938964844,164.02000427246094,165.5800018310547,687300
2022-07-13,158.2620391845703,164.66000366210938,165.8000030517578,162.3000030517578,162.75999450683594,827100
2022-07-14,156.4166259765625,162.74000549316406,163.32000732421875,160.60000610351562,161.57000732421875,681300
2022-07-15,159.30966186523438,165.75,166.3000030517578,164.72000122070312,165.3800048828125,689400
2022-07-18,155.59002685546875,161.8800048828125,166.72000122070312,161.33999633789062,166.3300018310547,489300
2022-07-19,160.04974365234375,166.52000427246094,166.80999755859375,163.1300048828125,163.30999755859375,678800
2022-07-20,160.09783935546875,166.57000732421875,167.1699981689453,165.02999877929688,166.97999572753906,487300
2022-07-21,163.01011657714844,169.60000610351562,170.13999938964844,166.55999755859375,167.0800018310547,698500
2022-07-22,161.6933135986328,168.22999572753906,170.72000122070312,167.08999633789062,170.27999877929688,525600
2022-07-25,163.11582946777344,169.7100067138672,170.16000366210938,168.08999633789062,168.50999450683594,556200
2022-07-26,163.38490295410156,169.99000549316406,170.57000732421875,168.77999877929688,169.8000030517578,900600
2022-07-27,166.57595825195312,173.30999755859375,173.69000244140625,170.8000030517578,170.8000030517578,1202000
2022-07-28,169.21908569335938,176.05999755859375,176.8000030517578,171.16000366210938,173.67999267578125,863600
2022-07-29,172.03524780273438,178.99000549316406,184.8800048828125,174.86000061035156,184.8800048828125,1146100
2022-08-01,165.81661987304688,172.52000427246094,177.91000366210938,172.30999755859375,176.7899932861328,1064700
2022-08-02,165.6436004638672,172.33999633789062,174.86000061035156,171.75,172.07000732421875,835700
2022-08-03,170.3532257080078,177.24000549316406,177.91000366210938,173.0500030517578,173.0500030517578,770000
2022-08-04,169.6323699951172,176.49000549316406,177.57000732421875,176.19000244140625,177.0,562600
2022-08-05,171.57388305664062,178.50999450683594,178.64999389648438,175.25999450683594,175.35000610351562,800000
2022-08-08,172.41970825195312,179.38999938964844,180.41000366210938,178.97000122070312,179.27999877929688,659600
2022-08-09,175.64913940429688,182.75,183.0,179.3300018310547,179.99000549316406,764900
2022-08-10,178.20579528808594,185.41000366210938,185.66000366210938,183.22000122070312,184.67999267578125,816900
2022-08-11,178.0039520263672,185.1999969482422,187.1300048828125,184.19000244140625,186.3699951171875,1129400
2022-08-12,182.04074096679688,189.39999389648438,189.55999755859375,185.7899932861328,185.97000122070312,532600
2022-08-15,182.7615966796875,190.14999389648438,190.86000061035156,188.25,188.47999572753906,1213000
2022-08-16,183.25180053710938,190.66000366210938,190.99000549316406,188.72000122070312,188.72000122070312,703600
2022-08-17,183.43441772460938,190.85000610351562,191.4199981689453,188.9600067138672,189.6199951171875,542000
2022-08-18,184.07835388183594,191.52000427246094,191.97000122070312,190.11000061035156,191.05999755859375,880000
2022-08-19,183.29022216796875,190.6999969482422,191.5,189.94000244140625,191.39999389648438,941400
2022-08-22,181.54095458984375,188.8800048828125,190.5800018310547,188.5500030517578,188.80999755859375,1028000
2022-08-23,179.10923767089844,186.35000610351562,189.05999755859375,186.1199951171875,188.38999938964844,877800
2022-08-24,180.6566925048828,187.9600067138672,188.22999572753906,185.9600067138672,186.2100067138672,788600
2022-08-25,183.65545654296875,191.0800018310547,191.14999389648438,187.83999633789062,188.0,1004100
2022-08-26,180.40682983398438,187.6999969482422,192.0,187.66000366210938,191.9600067138672,748700
2022-08-29,177.869384765625,185.05999755859375,187.0500030517578,184.4600067138672,186.16000366210938,695300
2022-08-30,175.78369140625,182.88999938964844,185.25,182.2899932861328,185.25,822400
2022-08-31,174.5150146484375,181.57000732421875,184.77000427246094,181.47999572753906,184.25,1001200
2022-09-01,175.0354766845703,181.60000610351562,181.86000061035156,179.25999450683594,180.32000732421875,751600
2022-09-02,173.9462890625,180.47000122070312,184.9199981689453,179.52000427246094,182.88999938964844,677600
2022-09-06,174.3607635498047,180.89999389648438,182.75,179.94000244140625,180.80999755859375,1077200
2022-09-07,179.83543395996094,186.5800018310547,186.69000244140625,180.57000732421875,181.07000732421875,835500
2022-09-08,180.32696533203125,187.08999633789062,187.4600067138672,185.05999755859375,185.9499969482422,736400
2022-09-09,181.60891723632812,188.4199981689453,188.80999755859375,186.6699981689453,187.10000610351562,580700
2022-09-12,180.84750366210938,187.6300048828125,189.36000061035156,186.75,188.41000366210938,1233800
2022-09-13,178.1294403076172,184.80999755859375,185.33999633789062,184.10000610351562,184.5,1794200
2022-09-14,178.408935546875,185.10000610351562,186.25,183.9600067138672,185.08999633789062,1856200
2022-09-15,177.84988403320312,184.52000427246094,185.7899932861328,183.75,185.41000366210938,1747600
2022-09-16,172.96316528320312,179.4499969482422,185.17999267578125,178.07000732421875,184.9600067138672,1915100
2022-09-19,174.83306884765625,181.38999938964844,181.5399932861328,177.74000549316406,178.67999267578125,647000
2022-09-20,172.69329833984375,179.1699981689453,180.41000366210938,177.39999389648438,179.77000427246094,842700
2022-09-21,168.0186309814453,174.32000732421875,181.22999572753906,174.17999267578125,178.42999267578125,1131900
2022-09-22,166.29330444335938,172.52999877929688,175.25999450683594,171.02999877929688,174.92999267578125,1014200
2022-09-23,165.61866760253906,171.8300018310547,173.63999938964844,169.50999450683594,171.57000732421875,980200
2022-09-26,163.3343048095703,169.4600067138672,172.11000061035156,168.9199981689453,171.3000030517578,681000
2022-09-27,163.5945587158203,169.72999572753906,172.1999969482422,167.92999267578125,171.2100067138672,683500
2022-09-28,164.6259002685547,170.8000030517578,171.82000732421875,169.0399932861328,170.52999877929688,945200
2022-09-29,164.95358276367188,171.13999938964844,171.41000366210938,168.52000427246094,170.27000427246094,842000
2022-09-30,165.0307159423828,171.22000122070312,173.00999450683594,170.0399932861328,170.5500030517578,1835300
2022-10-03,170.19692993164062,176.5800018310547,177.05999755859375,171.92999267578125,173.0,1171200
2022-10-04,173.5029296875,180.00999450683594,181.2100067138672,178.00999450683594,178.10000610351562,891600
2022-10-05,175.1896514892578,181.75999450683594,182.6199951171875,178.55999755859375,179.13999938964844,860300
2022-10-06,172.62582397460938,179.10000610351562,181.94000244140625,178.85000610351562,181.44000244140625,687700
2022-10-07,168.0089874267578,174.30999755859375,178.8000030517578,173.8000030517578,178.16000366210938,840600
2022-10-10,170.1873016357422,176.57000732421875,177.35000610351562,175.4199981689453,175.52000427246094,459500
2022-10-11,169.76316833496094,176.1300048828125,177.47000122070312,174.44000244140625,176.3000030517578,893500
2022-10-12,168.54872131347656,174.8699951171875,177.02999877929688,174.77000427246094,176.50999450683594,740800
2022-10-13,172.20175170898438,178.66000366210938,179.4499969482422,170.99000549316406,172.30999755859375,1418600
2022-10-14,164.20176696777344,170.36000061035156,180.52000427246094,170.1199951171875,180.0,1488300
2022-10-17,168.7511444091797,175.0800018310547,176.5,173.05999755859375,173.05999755859375,953500
2022-10-18,169.77284240722656,176.13999938964844,179.64999389648438,175.14999389648438,178.99000549316406,813700
2022-10-19,171.61376953125,178.0500030517578,178.22999572753906,174.52999877929688,175.60000610351562,1118400
2022-10-20,167.53668212890625,173.82000732421875,177.00999450683594,172.89999389648438,177.00999450683594,1044000
2022-10-21,169.03067016601562,175.3699951171875,175.4600067138672,169.00999450683594,173.25999450683594,1286300
2022-10-24,172.6740264892578,179.14999389648438,180.0500030517578,176.38999938964844,176.7899932861328,770000
2022-10-25,169.07884216308594,175.4199981689453,177.8699951171875,173.38999938964844,177.8699951171875,985400
2022-10-26,169.55117797851562,175.91000366210938,177.82000732421875,174.42999267578125,176.39999389648438,815500
2022-10-27,171.11256408691406,177.52999877929688,178.49000549316406,175.91000366210938,176.99000549316406,1272900
2022-10-28,181.7631378173828,188.5800018310547,188.7100067138672,182.27000427246094,185.0,1292600
2022-10-31,180.3173828125,187.0800018310547,189.9600067138672,186.92999267578125,188.1300048828125,964500
2022-11-01,180.64508056640625,187.4199981689453,189.1999969482422,186.22999572753906,188.0800018310547,1074600
2022-11-02,178.64991760253906,185.35000610351562,188.89999389648438,184.30999755859375,186.80999755859375,1153200
2022-11-03,180.57762145996094,187.35000610351562,187.91000366210938,183.61000061035156,183.86000061035156,711700
2022-11-04,181.5800323486328,188.38999938964844,189.02000427246094,184.63999938964844,189.02000427246094,836100
2022-11-07,185.04986572265625,191.99000549316406,192.4600067138672,187.72000122070312,188.9199981689453,716700
2022-11-08,185.43544006347656,192.38999938964844,194.75999450683594,190.41000366210938,192.22000122070312,791900
2022-11-09,181.7631378173828,188.5800018310547,193.1199951171875,188.52000427246094,192.1699981689453,539000
2022-11-10,186.02337646484375,193.0,194.5800018310547,191.44000244140625,194.00999450683594,1176000
2022-11-11,179.2764129638672,186.0,193.94000244140625,185.42999267578125,193.75,1296900
2022-11-14,179.05471801757812,185.77000427246094,188.66000366210938,185.7100067138672,186.91000366210938,889300
2022-11-15,180.99205017089844,187.77999877929688,188.97999572753906,186.41000366210938,187.4199981689453,940200
2022-11-16,182.65953063964844,189.50999450683594,190.27000427246094,187.22999572753906,187.22999572753906,738300
2022-11-17,183.3920440673828,190.27000427246094,191.11000061035156,188.1199951171875,188.99000549316406,557500
2022-11-18,187.30531311035156,194.3300018310547,194.77999877929688,191.8000030517578,192.5399932861328,990800
2022-11-21,188.67396545410156,195.75,196.6199951171875,194.0,194.52000427246094,899200
2022-11-22,190.10047912597656,197.22999572753906,198.02000427246094,195.9499969482422,195.9499969482422,615100
2022-11-23,190.18719482421875,197.32000732421875,198.5399932861328,196.42999267578125,197.3000030517578,526300
2022-11-25,192.0859832763672,199.2899932861328,199.61000061035156,197.77000427246094,198.0,633900
2022-11-28,189.3293914794922,196.42999267578125,199.22999572753906,196.22999572753906,198.32000732421875,852800
2022-11-29,188.60646057128906,195.67999267578125,197.69000244140625,195.1300048828125,196.24000549316406,782300
2022-11-30,191.91249084472656,199.11000061035156,199.3699951171875,194.02999877929688,194.5800018310547,2653400
2022-12-01,192.99481201171875,199.72000122070312,200.75999450683594,198.13999938964844,200.0,782400
2022-12-02,194.48291015625,201.25999450683594,201.50999450683594,197.1699981689453,197.9199981689453,745500
2022-12-05,190.20208740234375,196.8300018310547,200.52000427246094,196.1699981689453,199.7899932861328,853900
2022-12-06,189.38070678710938,195.97999572753906,197.39999389648438,194.66000366210938,196.97999572753906,562800
2022-12-07,187.42874145507812,193.9600067138672,196.77000427246094,193.3800048828125,196.44000244140625,1029400
2022-12-08,188.46270751953125,195.02999877929688,195.8699951171875,193.55999755859375,193.77999877929688,770600
2022-12-09,185.37046813964844,191.8300018310547,195.4199981689453,191.60000610351562,194.85000610351562,776500
2022-12-12,187.2161407470703,193.74000549316406,193.74000549316406,191.1999969482422,192.5500030517578,750200
2022-12-13,187.32247924804688,193.85000610351562,197.24000549316406,192.92999267578125,197.22999572753906,662200
2022-12-14,186.60736083984375,193.11000061035156,197.58999633789062,192.17999267578125,194.07000732421875,798700
2022-12-15,181.76608276367188,188.10000610351562,191.24000549316406,186.7899932861328,190.5399932861328,767000
2022-12-16,180.0750274658203,186.35000610351562,187.22999572753906,183.63999938964844,186.32000732421875,1736200
2022-12-19,178.857421875,185.08999633789062,187.66000366210938,184.3300018310547,186.32000732421875,615800
2022-12-20,180.59683227539062,186.88999938964844,188.1999969482422,184.82000732421875,186.3300018310547,570600
2022-12-21,183.09957885742188,189.47999572753906,189.5500030517578,187.22000122070312,188.0,595800
2022-12-22,181.69842529296875,188.02999877929688,189.16000366210938,185.86000061035156,188.42999267578125,496100
2022-12-23,182.0656280517578,188.41000366210938,188.85000610351562,186.77000427246094,187.61000061035156,351100
2022-12-27,182.90634155273438,189.27999877929688,190.07000732421875,188.2100067138672,188.99000549316406,425200
2022-12-28,181.62115478515625,187.9499969482422,191.0,187.85000610351562,189.92999267578125,434000
2022-12-29,183.76637268066406,190.1699981689453,191.1999969482422,188.8699951171875,189.39999389648438,435500
2022-12-30,182.19125366210938,188.5399932861328,189.9199981689453,186.61000061035156,189.3699951171875,353200
2023-01-03,180.95433044433594,187.25999450683594,189.3699951171875,185.41000366210938,188.74000549316406,546600
2023-01-04,183.35084533691406,189.74000549316406,190.35000610351562,187.8000030517578,188.57000732421875,632900
2023-01-05,180.1619873046875,186.44000244140625,190.02000427246094,185.4499969482422,189.19000244140625,676600
2023-01-06,185.55406188964844,192.02000427246094,192.7899932861328,187.5,187.99000549316406,471300
2023-01-09,185.30282592773438,191.75999450683594,194.75,190.80999755859375,192.55999755859375,805700
2023-01-10,186.19186401367188,192.67999267578125,193.0800018310547,190.8000030517578,191.92999267578125,428600
2023-01-11,189.1681365966797,195.75999450683594,195.75999450683594,193.22999572753906,193.55999755859375,611300
2023-01-12,188.424072265625,194.99000549316406,196.86000061035156,193.02999877929688,196.07000732421875,678900
2023-01-13,189.9315185546875,196.5500030517578,197.10000610351562,193.6300048828125,194.25,618000
2023-01-17,189.06179809570312,195.64999389648438,198.47000122070312,195.22999572753906,197.1300048828125,702000
2023-01-18,185.5250701904297,191.99000549316406,196.0500030517578,191.5500030517578,195.24000549316406,736700
2023-01-19,184.4621124267578,190.88999938964844,192.10000610351562,190.33999633789062,191.1300048828125,461700
2023-01-20,187.37074279785156,193.89999389648438,194.22000122070312,190.0500030517578,191.92999267578125,795700
2023-01-23,189.2841033935547,195.8800048828125,196.4199981689453,193.39999389648438,194.39999389648438,476200
2023-01-24,190.37600708007812,197.00999450683594,197.82000732421875,193.6300048828125,195.69000244140625,731700
2023-01-25,190.5112762451172,197.14999389648438,197.72000122070312,194.69000244140625,196.5,572500
2023-01-26,190.6079559326172,197.25,198.72000122070312,196.2899932861328,197.1699981689453,802500
2023-01-27,187.28379821777344,193.80999755859375,202.3699951171875,191.60000610351562,199.8000030517578,1322900
2023-01-30,188.72361755371094,195.3000030517578,196.6300048828125,193.52000427246094,193.52000427246094,641700
2023-01-31,189.1294708251953,195.72000122070312,196.3000030517578,193.75,195.64999389648438,1406200
2023-02-01,189.67059326171875,196.27999877929688,198.07000732421875,194.02999877929688,195.77000427246094,1173900
2023-02-02,188.12448120117188,194.67999267578125,196.58999633789062,191.0500030517578,196.58999633789062,1180300
2023-02-03,186.97459411621094,193.49000549316406,194.8699951171875,192.0500030517578,194.25,877700
2023-02-06,187.99887084960938,194.5500030517578,194.7100067138672,192.02000427246094,192.67999267578125,610600
2023-02-07,190.820556640625,197.47000122070312,198.02999877929688,193.22000122070312,193.41000366210938,670300
2023-02-08,189.54498291015625,196.14999389648438,198.2100067138672,196.11000061035156,196.33999633789062,577700
2023-02-09,186.81997680664062,193.3300018310547,198.25,193.10000610351562,197.75999450683594,825700
2023-02-10,188.49171447753906,195.05999755859375,195.55999755859375,192.44000244140625,192.99000549316406,538100
2023-02-13,188.64633178710938,195.22000122070312,196.52000427246094,193.89999389648438,195.35000610351562,835000
2023-02-14,181.91102600097656,188.25,195.55999755859375,188.11000061035156,195.30999755859375,709000
2023-02-15,183.9210205078125,190.3300018310547,190.8300018310547,186.77999877929688,187.55999755859375,609100
2023-02-16,182.27822875976562,188.6300048828125,190.2899932861328,188.22000122070312,188.22000122070312,525800
2023-02-17,182.24920654296875,188.60000610351562,189.25,187.57000732421875,188.4199981689453,797200
2023-02-21,180.2682342529297,186.5500030517578,188.2100067138672,185.38999938964844,187.75999450683594,837800
2023-02-22,180.01699829101562,186.2899932861328,187.7899932861328,185.8000030517578,187.19000244140625,827800
2023-02-23,179.2149658203125,185.4600067138672,187.69000244140625,184.25999450683594,186.72000122070312,488000
2023-02-24,178.50953674316406,184.72999572753906,185.50999450683594,182.8800048828125,184.22000122070312,741000
2023-02-27,178.67381286621094,184.89999389648438,186.86000061035156,183.97999572753906,185.63999938964844,729500
2023-02-28,181.0413360595703,187.35000610351562,188.3699951171875,184.92999267578125,185.05999755859375,1595900
2023-03-01,181.4568328857422,187.77999877929688,189.33999633789062,186.49000549316406,186.49000549316406,1571100
2023-03-02,181.2532958984375,187.02000427246094,187.3300018310547,184.5399932861328,186.61000061035156,552400
2023-03-03,183.2013397216797,189.02999877929688,189.32000732421875,186.52999877929688,187.47000122070312,898900
2023-03-06,184.99429321289062,190.8800048828125,191.5399932861328,189.36000061035156,190.0,1285400
2023-03-07,183.2013397216797,189.02999877929688,192.1999969482422,187.4600067138672,191.30999755859375,819000
2023-03-08,183.15289306640625,188.97999572753906,191.33999633789062,187.8000030517578,189.02999877929688,865200
2023-03-09,179.73171997070312,185.4499969482422,189.52999877929688,184.6199951171875,189.0500030517578,1025900
2023-03-10,177.12466430664062,182.75999450683594,186.19000244140625,182.4600067138672,184.50999450683594,1298900
2023-03-13,174.4207000732422,179.97000122070312,183.5399932861328,177.69000244140625,179.4600067138672,1460300
2023-03-14,177.69650268554688,183.35000610351562,183.5399932861328,180.25,182.60000610351562,1248200
2023-03-15,171.62950134277344,177.08999633789062,179.52999877929688,174.4499969482422,177.0800018310547,2001700
2023-03-16,177.93882751464844,183.60000610351562,184.39999389648438,175.75,176.4199981689453,1499300
2023-03-17,174.44979858398438,180.0,182.69000244140625,179.35000610351562,182.66000366210938,3120400
2023-03-20,176.83392333984375,182.4600067138672,182.8300018310547,179.72000122070312,180.25999450683594,823100
2023-03-21,178.2101287841797,183.8800048828125,185.38999938964844,183.75999450683594,184.83999633789062,996100
2023-03-22,174.97312927246094,180.5399932861328,185.05999755859375,180.52000427246094,184.14999389648438,688800
2023-03-23,178.7528839111328,184.44000244140625,184.88999938964844,179.97000122070312,180.25999450683594,1360800
2023-03-24,179.93527221679688,185.66000366210938,185.72000122070312,181.8699951171875,183.44000244140625,1010700
2023-03-27,180.39077758789062,186.1300048828125,187.58999633789062,185.91000366210938,186.0,915900
2023-03-28,180.76873779296875,186.52000427246094,186.66000366210938,185.42999267578125,185.60000610351562,628500
2023-03-29,183.17227172851562,189.0,189.08999633789062,186.9199981689453,187.57000732421875,653600
2023-03-30,183.82159423828125,189.6699981689453,189.83999633789062,186.8800048828125,189.5500030517578,921600
2023-03-31,185.4110107421875,191.30999755859375,191.3699951171875,189.4600067138672,190.4199981689453,935600
2023-04-03,187.30091857910156,193.25999450683594,193.86000061035156,190.0,190.85000610351562,1001400
2023-04-04,187.94056701660156,193.9199981689453,195.00999450683594,191.91000366210938,194.10000610351562,787200
2023-04-05,189.25863647460938,195.27999877929688,196.14999389648438,192.97000122070312,193.5800018310547,882700
2023-04-06,191.28416442871094,197.3699951171875,197.41000366210938,195.3300018310547,195.39999389648438,895000
2023-04-10,189.57843017578125,195.61000061035156,197.27000427246094,194.77000427246094,196.17999267578125,800900
2023-04-11,190.72206115722656,196.7899932861328,197.5399932861328,194.97999572753906,195.52000427246094,547800
2023-04-12,192.15643310546875,198.27000427246094,199.10000610351562,196.86000061035156,197.00999450683594,569600
2023-04-13,193.54232788085938,199.6999969482422,199.8300018310547,196.6999969482422,197.75999450683594,962000
2023-04-14,194.26922607421875,200.4499969482422,200.91000366210938,198.74000549316406,199.3300018310547,1088700
2023-04-17,196.9441375732422,203.2100067138672,203.25,199.92999267578125,200.72000122070312,982100
2023-04-18,200.24896240234375,206.6199951171875,206.91000366210938,203.3800048828125,204.1699981689453,1243000
2023-04-19,197.85511779785156,204.14999389648438,207.50999450683594,203.7100067138672,207.00999450683594,705800
2023-04-20,201.4700927734375,207.8800048828125,208.02999877929688,202.47000122070312,204.38999938964844,1173800
2023-04-21,201.36349487304688,207.77000427246094,208.1999969482422,206.1699981689453,208.0,737600
2023-04-24,201.02430725097656,207.4199981689453,208.60000610351562,206.92999267578125,208.22000122070312,734000
2023-04-25,200.80140686035156,207.19000244140625,208.36000061035156,206.89999389648438,207.25,984400
2023-04-26,199.1053466796875,205.44000244140625,207.4600067138672,204.10000610351562,205.50999450683594,960900
2023-04-27,202.60403442382812,209.0500030517578,209.1300048828125,204.94000244140625,205.0800018310547,1187700
2023-04-28,201.6445770263672,208.05999755859375,208.1999969482422,202.19000244140625,208.0500030517578,1675600
2023-05-01,204.02871704101562,210.52000427246094,212.16000366210938,206.5,207.82000732421875,917400
2023-05-02,203.62167358398438,210.10000610351562,210.5399932861328,208.0,210.25,891900
2023-05-03,202.68157958984375,209.1300048828125,212.60000610351562,209.08999633789062,211.50999450683594,794800
2023-05-04,204.3291778564453,210.8300018310547,211.85000610351562,208.58999633789062,209.19000244140625,949000
2023-05-05,207.2269744873047,213.82000732421875,214.22000122070312,210.6699981689453,211.0,852300
2023-05-08,208.6807098388672,215.32000732421875,215.7100067138672,212.8699951171875,213.67999267578125,432500
2023-05-09,209.41725158691406,216.0800018310547,216.86000061035156,214.92999267578125,215.74000549316406,816400
2023-05-10,210.6190185546875,217.32000732421875,218.10000610351562,215.49000549316406,215.82000732421875,1170400
2023-05-11,210.124755859375,216.80999755859375,217.44000244140625,215.6999969482422,216.86000061035156,497400
2023-05-12,211.87893676757812,218.6199951171875,219.2100067138672,216.3000030517578,217.74000549316406,819900
2023-05-15,211.11329650878906,217.8300018310547,219.22999572753906,216.97999572753906,219.02000427246094,955100
2023-05-16,210.318603515625,217.00999450683594,217.8699951171875,216.22000122070312,217.19000244140625,738000
2023-05-17,208.39964294433594,215.02999877929688,218.47000122070312,214.35000610351562,218.2899932861328,908600
2023-05-18,207.885986328125,214.5,215.10000610351562,212.4600067138672,214.49000549316406,1036700
2023-05-19,209.4075927734375,216.07000732421875,216.42999267578125,214.30999755859375,215.5399932861328,919500
2023-05-22,207.97320556640625,214.58999633789062,216.17999267578125,212.80999755859375,215.4499969482422,845800
2023-05-23,200.23928833007812,206.61000061035156,213.50999450683594,206.11000061035156,213.2100067138672,1093300
2023-05-24,198.75643920898438,205.0800018310547,206.57000732421875,204.67999267578125,205.7899932861328,627200
2023-05-25,198.01988220214844,204.32000732421875,205.77999877929688,203.5399932861328,205.63999938964844,585600
2023-05-26,197.525634765625,203.80999755859375,205.38999938964844,203.3300018310547,204.50999450683594,655900
2023-05-30,197.2445526123047,203.52000427246094,205.1699981689453,203.33999633789062,204.0,671400
2023-05-31,194.15292358398438,200.3300018310547,202.4499969482422,199.0,201.80999755859375,2669800
2023-06-01,196.4367218017578,202.1300048828125,202.1999969482422,198.52000427246094,200.38999938964844,900700
2023-06-02,199.88673400878906,205.67999267578125,206.10000610351562,202.35000610351562,202.49000549316406,664600
2023-06-05,200.46011352539062,206.27000427246094,207.22999572753906,205.02999877929688,205.85000610351562,540800
2023-06-06,199.55628967285156,205.33999633789062,207.63999938964844,204.47000122070312,207.00999450683594,424900
2023-06-07,198.39981079101562,204.14999389648438,205.27000427246094,202.69000244140625,205.27000427246094,657200
2023-06-08,199.07037353515625,204.83999633789062,205.1999969482422,203.35000610351562,203.8300018310547,344100
2023-06-09,201.04319763183594,206.8699951171875,207.57000732421875,203.64999389648438,204.10000610351562,548900
2023-06-12,202.3746337890625,208.24000549316406,208.8300018310547,205.41000366210938,206.75999450683594,747400
2023-06-13,202.87998962402344,208.75999450683594,210.38999938964844,207.72000122070312,208.14999389648438,1214500
2023-06-14,203.88095092773438,209.7899932861328,211.1999969482422,207.25999450683594,208.30999755859375,980900
2023-06-15,207.61282348632812,213.6300048828125,215.1999969482422,210.11000061035156,210.11000061035156,891300
2023-06-16,207.75857543945312,213.77999877929688,217.8699951171875,213.7100067138672,216.0,1554800
2023-06-20,205.67884826660156,211.63999938964844,215.52999877929688,211.38999938964844,213.14999389648438,1263300
2023-06-21,206.9713897705078,212.97000122070312,213.0,209.49000549316406,211.22000122070312,1519600
2023-06-22,206.82562255859375,212.82000732421875,214.4499969482422,211.86000061035156,214.35000610351562,890500
2023-06-23,206.4757537841797,212.4600067138672,213.7100067138672,211.5500030517578,212.6699981689453,1690200
2023-06-26,204.69729614257812,210.6300048828125,212.5800018310547,210.10000610351562,212.30999755859375,750200
2023-06-27,206.17446899414062,212.14999389648438,213.91000366210938,210.86000061035156,211.02000427246094,783900
2023-06-28,204.9499969482422,210.88999938964844,211.7899932861328,209.38999938964844,211.7899932861328,813800
2023-06-29,208.6234893798828,214.6699981689453,214.77999877929688,210.86000061035156,210.94000244140625,928800
2023-06-30,213.385498046875,219.57000732421875,220.6300048828125,214.97999572753906,215.83999633789062,1222900
2023-07-03,210.09097290039062,216.17999267578125,219.0,214.32000732421875,219.0,667200
2023-07-05,209.8674774169922,215.9499969482422,216.92999267578125,214.5,215.25,896000
2023-07-06,210.22703552246094,216.32000732421875,217.00999450683594,214.82000732421875,215.39999389648438,609800
2023-07-07,208.02098083496094,214.0500030517578,215.74000549316406,213.3000030517578,215.3000030517578,578800
2023-07-10,209.51759338378906,215.58999633789062,217.72999572753906,214.4499969482422,214.83999633789062,425800
2023-07-11,210.25619506835938,216.35000610351562,216.77999877929688,214.7899932861328,215.86000061035156,475200
2023-07-12,208.83734130859375,214.88999938964844,217.74000549316406,214.75,217.4600067138672,560100
2023-07-13,207.80715942382812,213.8300018310547,215.49000549316406,213.72000122070312,214.33999633789062,1017700
2023-07-14,207.8557586669922,213.8800048828125,214.8699951171875,212.52999877929688,213.92999267578125,696400
2023-07-17,211.08224487304688,217.1999969482422,218.10000610351562,213.92999267578125,213.92999267578125,708800
2023-07-18,209.01226806640625,215.07000732421875,217.0,214.66000366210938,216.52000427246094,672300
2023-07-19,206.7284393310547,212.72000122070312,215.94000244140625,212.38999938964844,213.4499969482422,732100
2023-07-20,212.08322143554688,218.22999572753906,218.27000427246094,213.0399932861328,213.1999969482422,937600
2023-07-21,212.45254516601562,218.61000061035156,220.74000549316406,218.57000732421875,219.47000122070312,782100
2023-07-24,213.45352172851562,219.63999938964844,220.5,217.4499969482422,219.17999267578125,635000
2023-07-25,214.11439514160156,220.32000732421875,220.80999755859375,218.74000549316406,219.97000122070312,681000
2023-07-26,213.56044006347656,219.75,220.4600067138672,218.75999450683594,220.05999755859375,766600
2023-07-27,211.03363037109375,217.14999389648438,220.67999267578125,216.39999389648438,220.16000366210938,805600
2023-07-28,210.12986755371094,216.22000122070312,221.9199981689453,215.07000732421875,221.8000030517578,1041800
2023-07-31,208.74984741210938,214.8000030517578,216.25,214.13999938964844,215.8699951171875,749200
2023-08-01,213.0648193359375,219.24000549316406,219.57000732421875,214.6300048828125,214.99000549316406,879100
2023-08-02,215.30972290039062,221.5500030517578,222.2100067138672,217.91000366210938,218.3699951171875,695400
2023-08-03,215.94142150878906,222.1999969482422,222.67999267578125,220.4499969482422,220.88999938964844,855600
2023-08-04,214.590576171875,220.80999755859375,226.3000030517578,220.5500030517578,222.13999938964844,1005600
2023-08-07,217.7490234375,224.05999755859375,224.85000610351562,221.5500030517578,222.2899932861328,525300
2023-08-08,214.31846618652344,220.52999877929688,224.44000244140625,220.42999267578125,223.7899932861328,438500
2023-08-09,217.3894500732422,223.69000244140625,224.41000366210938,220.0,220.3300018310547,549200
2023-08-10,216.37872314453125,222.64999389648438,226.5800018310547,221.9600067138672,224.0,733800
2023-08-11,218.05029296875,224.3699951171875,224.42999267578125,222.0399932861328,222.60000610351562,335200
2023-08-14,219.2261962890625,225.5800018310547,226.0,223.89999389648438,224.9499969482422,461700
2023-08-15,217.55467224121094,223.86000061035156,225.97999572753906,223.69000244140625,224.72999572753906,561500
2023-08-16,218.71115112304688,225.0500030517578,227.33999633789062,224.52000427246094,224.52000427246094,520600
2023-08-17,214.26986694335938,220.47999572753906,226.0800018310547,220.47000122070312,225.88999938964844,622800
2023-08-18,214.33790588378906,220.5500030517578,222.2100067138672,215.3699951171875,219.72999572753906,616800
2023-08-21,215.2028045654297,221.44000244140625,222.63999938964844,219.72000122070312,221.52000427246094,601400
2023-08-22,215.86367797851562,222.1199951171875,222.41000366210938,219.83999633789062,221.6699981689453,715600
2023-08-23,218.98326110839844,225.3300018310547,225.72999572753906,222.24000549316406,223.69000244140625,549700
2023-08-24,218.5264892578125,224.86000061035156,226.6199951171875,224.8300018310547,225.63999938964844,687600
2023-08-25,221.18931579589844,227.60000610351562,229.38999938964844,225.5500030517578,225.99000549316406,698800
2023-08-28,222.43325805664062,228.8800048828125,229.13999938964844,227.0800018310547,227.32000732421875,412200
2023-08-29,224.28944396972656,230.7899932861328,230.88999938964844,227.00999450683594,228.9199981689453,541400
2023-08-30,224.32835388183594,230.8300018310547,232.41000366210938,230.4600067138672,231.0,810600
2023-08-31,224.52316284179688,230.47999572753906,231.7100067138672,229.60000610351562,230.61000061035156,814900
2023-09-01,225.09791564941406,231.07000732421875,232.0,230.47000122070312,231.22000122070312,576000
2023-09-05,220.93826293945312,226.8000030517578,230.92999267578125,226.64999389648438,230.92999267578125,649600
2023-09-06,221.85397338867188,227.74000549316406,228.4199981689453,224.47000122070312,226.57000732421875,519100
2023-09-07,224.67904663085938,230.63999938964844,230.86000061035156,228.22000122070312,228.22000122070312,751300
2023-09-08,222.2923583984375,228.19000244140625,231.1699981689453,227.69000244140625,230.89999389648438,825600
2023-09-11,222.6430206298828,228.5500030517578,229.6300048828125,228.0500030517578,228.63999938964844,510600
2023-09-12,224.33807373046875,230.2899932861328,230.9499969482422,228.27000427246094,228.58999633789062,532100
2023-09-13,223.0814208984375,229.0,231.8800048828125,228.39999389648438,230.41000366210938,665800
2023-09-14,225.46810913085938,231.4499969482422,231.7899932861328,228.17999267578125,230.4600067138672,854000
2023-09-15,224.19195556640625,230.13999938964844,232.69000244140625,229.8000030517578,231.4199981689453,1692300
2023-09-18,227.085205078125,233.11000061035156,233.49000549316406,230.1999969482422,230.1999969482422,810300
2023-09-19,229.6862030029297,235.77999877929688,235.99000549316406,232.69000244140625,233.0,1160200
2023-09-20,229.1114501953125,235.19000244140625,237.63999938964844,234.97999572753906,235.77000427246094,1013300
2023-09-21,226.9196014404297,232.94000244140625,235.5399932861328,232.50999450683594,235.1699981689453,1041900
2023-09-22,227.05596923828125,233.0800018310547,235.07000732421875,231.64999389648438,232.77000427246094,659200
2023-09-25,227.22157287597656,233.25,233.72999572753906,232.1300048828125,232.25,429500
2023-09-26,224.96153259277344,230.92999267578125,233.44000244140625,230.30999755859375,232.17999267578125,870000
2023-09-27,224.37705993652344,230.3300018310547,231.8699951171875,228.75999450683594,231.47999572753906,768100
2023-09-28,224.80567932128906,230.77000427246094,233.1999969482422,230.3300018310547,231.02999877929688,479700
2023-09-29,222.03907775878906,227.92999267578125,231.75999450683594,226.83999633789062,231.27000427246094,1121300
2023-10-02,219.0971221923828,224.91000366210938,227.22000122070312,223.75,227.0,961200
2023-10-03,219.3990936279297,225.22000122070312,226.2899932861328,223.35000610351562,225.0500030517578,753400
2023-10-04,223.334716796875,229.25999450683594,229.64999389648438,225.74000549316406,225.97000122070312,656900
2023-10-05,223.626953125,229.55999755859375,231.0,228.22999572753906,229.3000030517578,780700
2023-10-06,226.01361083984375,232.00999450683594,233.1300048828125,228.5,229.0,520900
2023-10-09,227.085205078125,233.11000061035156,233.2100067138672,230.55999755859375,230.7899932861328,637200
2023-10-10,227.45538330078125,233.49000549316406,234.0,231.75,233.39999389648438,658400
2023-10-11,228.8289337158203,234.89999389648438,235.16000366210938,232.7100067138672,234.11000061035156,461600
2023-10-12,227.4066925048828,233.44000244140625,236.19000244140625,232.88999938964844,235.38999938964844,533900
2023-10-13,227.83529663085938,233.8800048828125,236.0,233.07000732421875,234.83999633789062,505900
2023-10-16,230.47525024414062,236.58999633789062,237.33999633789062,233.66000366210938,234.8699951171875,615100
2023-10-17,229.92974853515625,236.02999877929688,237.9499969482422,234.72999572753906,236.38999938964844,885000
2023-10-18,228.28341674804688,234.33999633789062,237.6999969482422,234.2100067138672,236.4499969482422,533900
2023-10-19,225.05892944335938,231.02999877929688,235.77999877929688,230.6199951171875,235.08999633789062,577300
2023-10-20,221.6884002685547,227.57000732421875,232.61000061035156,227.27999877929688,231.00999450683594,737800
2023-10-23,221.81500244140625,227.6999969482422,228.8000030517578,226.3800048828125,227.7100067138672,787600
2023-10-24,225.23428344726562,231.2100067138672,232.10000610351562,229.0500030517578,229.0500030517578,965800
2023-10-25,225.12713623046875,231.10000610351562,234.75999450683594,230.52999877929688,232.5,1222200
2023-10-26,223.94842529296875,229.88999938964844,233.8000030517578,229.75999450683594,231.27999877929688,1220400
2023-10-27,222.34103393554688,228.24000549316406,234.0,226.7899932861328,234.0,900500
2023-10-30,227.68919372558594,233.72999572753906,234.72999572753906,228.80999755859375,229.44000244140625,767000
2023-10-31,229.40370178222656,235.49000549316406,236.75,233.3300018310547,234.39999389648438,908900
2023-11-01,231.17665100097656,237.30999755859375,238.0,233.97999572753906,235.80999755859375,1332600
2023-11-02,235.9402618408203,242.1999969482422,242.4199981689453,236.88999938964844,237.00999450683594,1034700
2023-11-03,236.06690979003906,242.3300018310547,243.89999389648438,240.41000366210938,243.1300048828125,666300
2023-11-06,236.6903839111328,242.97000122070312,245.0800018310547,242.41000366210938,242.9199981689453,973000
2023-11-07,237.69374084472656,244.0,244.0500030517578,241.8800048828125,243.22999572753906,986300
2023-11-08,239.22317504882812,245.57000732421875,246.91000366210938,241.4600067138672,243.72999572753906,826400
2023-11-09,240.3921661376953,246.77000427246094,248.5399932861328,245.82000732421875,246.42999267578125,613700
2023-11-10,241.85337829589844,248.27000427246094,248.4600067138672,245.58999633789062,247.0,754000
2023-11-13,241.3468475341797,247.75,249.36000061035156,247.5500030517578,247.7899932861328,540200
2023-11-14,237.83010864257812,244.13999938964844,248.36000061035156,243.97000122070312,247.47999572753906,1032800
2023-11-15,234.48876953125,240.7100067138672,245.16000366210938,240.0,243.3699951171875,1487000
2023-11-16,239.1647186279297,245.50999450683594,245.74000549316406,241.5,241.5,767300
2023-11-17,239.10626220703125,245.4499969482422,247.3300018310547,244.3000030517578,246.61000061035156,820800
2023-11-20,240.1875762939453,246.55999755859375,247.55999755859375,244.9499969482422,245.32000732421875,625800
2023-11-21,242.4671173095703,248.89999389648438,249.80999755859375,247.07000732421875,247.07000732421875,729500
2023-11-22,244.50308227539062,250.99000549316406,251.58999633789062,248.47999572753906,248.83999633789062,871400
2023-11-24,246.38319396972656,252.9199981689453,252.92999267578125,251.08999633789062,251.77999877929688,352800
2023-11-27,245.7792510986328,252.3000030517578,254.0,252.1199951171875,252.58999633789062,924600
2023-11-28,240.36293029785156,246.74000549316406,252.32000732421875,246.72999572753906,251.39999389648438,586600
2023-11-29,238.6873779296875,245.02000427246094,246.97000122070312,243.8300018310547,246.60000610351562,732900
2023-11-30,243.11021423339844,249.0,249.27000427246094,244.08999633789062,244.72000122070312,1192800
2023-12-01,242.13388061523438,248.0,249.47999572753906,247.30999755859375,248.39999389648438,866000
2023-12-04,241.6945037841797,247.5500030517578,249.0500030517578,247.22999572753906,248.10000610351562,696600
2023-12-05,238.9998016357422,244.7899932861328,247.0,244.5,247.0,729600
2023-12-06,236.76397705078125,242.5,246.22000122070312,238.72000122070312,245.35000610351562,952600
2023-12-07,235.34828186035156,241.0500030517578,243.14999389648438,239.3800048828125,243.14999389648438,744000
2023-12-08,235.26039123535156,240.9600067138672,242.10000610351562,239.66000366210938,241.91000366210938,863100
2023-12-11,239.204833984375,245.0,245.3800048828125,242.3699951171875,242.3699951171875,961900
2023-12-12,241.73358154296875,247.58999633789062,247.77000427246094,244.1699981689453,245.0,683400
2023-12-13,239.40988159179688,245.2100067138672,248.9499969482422,244.6300048828125,248.5,871200
2023-12-14,221.66966247558594,227.0399932861328,246.10000610351562,223.1199951171875,243.4199981689453,3462800
2023-12-15,217.53970336914062,222.80999755859375,225.0,220.36000061035156,220.5500030517578,2558200
2023-12-18,222.1773681640625,227.55999755859375,228.89999389648438,223.8000030517578,224.60000610351562,1574600
2023-12-19,219.27761840820312,224.58999633789062,228.5399932861328,223.8699951171875,227.19000244140625,1363400
2023-12-20,214.90359497070312,220.11000061035156,223.97999572753906,220.10000610351562,223.25,1415900
2023-12-21,217.5885467529297,222.86000061035156,222.9600067138672,218.6300048828125,219.99000549316406,826400
2023-12-22,217.60806274414062,222.8800048828125,223.3000030517578,221.4199981689453,223.1999969482422,674000
2023-12-26,217.10037231445312,222.36000061035156,222.80999755859375,221.1699981689453,222.08999633789062,776000
2023-12-27,217.73497009277344,223.00999450683594,223.35000610351562,221.14999389648438,221.83999633789062,590900
2023-12-28,218.17434692382812,223.4600067138672,224.4499969482422,223.14999389648438,223.80999755859375,691300
2023-12-29,219.5607452392578,224.8800048828125,225.22000122070312,222.8800048828125,223.64999389648438,626300
2024-01-02,219.6779022216797,225.0,226.44000244140625,224.3300018310547,224.86000061035156,896000
2024-01-03,219.6974334716797,225.02000427246094,227.63999938964844,224.8000030517578,225.60000610351562,1022400
2024-01-04,220.55662536621094,225.89999389648438,228.80999755859375,225.61000061035156,226.5500030517578,884500
2024-01-05,219.9512939453125,225.27999877929688,227.52000427246094,223.42999267578125,226.4199981689453,732600
2024-01-08,223.4270782470703,228.83999633789062,229.02999877929688,224.75,226.64999389648438,940600
2024-01-09,220.7909698486328,226.13999938964844,227.4600067138672,224.2100067138672,226.9600067138672,946500
2024-01-10,224.70608520507812,230.14999389648438,230.25,225.5500030517578,225.5500030517578,899700
2024-01-11,226.5123291015625,232.0,232.25999450683594,229.6199951171875,230.72000122070312,919400
2024-01-12,229.24610900878906,234.8000030517578,234.85000610351562,232.0,232.61000061035156,846200
2024-01-16,227.9475555419922,233.47000122070312,236.89999389648438,232.72000122070312,235.0800018310547,862700
2024-01-17,228.4552764892578,233.99000549316406,237.63999938964844,233.19000244140625,233.97000122070312,730300
2024-01-18,231.3452606201172,236.9499969482422,237.72999572753906,231.5,232.3300018310547,890500
2024-01-19,233.14175415039062,238.7899932861328,239.92999267578125,237.24000549316406,238.1199951171875,833600
2024-01-22,231.9017791748047,237.52000427246094,239.85000610351562,237.3800048828125,238.41000366210938,668700
2024-01-23,234.01068115234375,239.67999267578125,241.27000427246094,238.3000030517578,238.3000030517578,689500
2024-01-24,233.4151153564453,239.07000732421875,241.1699981689453,238.77999877929688,241.14999389648438,665100
2024-01-25,232.12632751464844,237.75,240.8000030517578,235.82000732421875,240.02000427246094,1043300
2024-01-26,227.51795959472656,233.02999877929688,235.99000549316406,227.0800018310547,235.99000549316406,1489400
2024-01-29,223.36849975585938,228.77999877929688,233.47000122070312,228.6300048828125,232.1699981689453,1440000
2024-01-30,225.1161651611328,230.57000732421875,231.19000244140625,228.25999450683594,229.4199981689453,1081400
2024-01-31,226.66856384277344,232.16000366210938,233.8300018310547,231.13999938964844,231.42999267578125,1576000
2024-02-01,226.62948608398438,232.1199951171875,232.27999877929688,227.42999267578125,230.0399932861328,1003400
2024-02-02,227.23484802246094,232.74000549316406,234.32000732421875,230.9199981689453,234.02000427246094,1029900
2024-02-05,230.6715545654297,236.25999450683594,236.63999938964844,231.16000366210938,232.50999450683594,1535600
2024-02-06,228.51385498046875,234.0500030517578,237.8699951171875,233.82000732421875,237.14999389648438,1000100
2024-02-07,230.6129913330078,236.1999969482422,236.94000244140625,232.6699981689453,234.7100067138672,1074300
2024-02-08,231.42335510253906,237.02999877929688,238.13999938964844,235.38999938964844,235.9600067138672,727000
2024-02-09,233.1905517578125,238.83999633789062,239.17999267578125,236.08999633789062,236.08999633789062,575800
2024-02-12,230.04669189453125,235.6199951171875,239.30999755859375,235.08999633789062,239.0,682800
2024-02-13,230.7301483154297,236.32000732421875,237.97000122070312,234.3000030517578,237.3300018310547,1203900
2024-02-14,233.03431701660156,238.67999267578125,238.92999267578125,236.4600067138672,236.4600067138672,737200
2024-02-15,234.86009216308594,240.5500030517578,242.02999877929688,238.07000732421875,238.8000030517578,850700
2024-02-16,233.5615692138672,239.22000122070312,241.72000122070312,238.92999267578125,241.0399932861328,698100
2024-02-20,236.02194213867188,241.74000549316406,242.60000610351562,237.27999877929688,238.5,1109400
2024-02-21,234.42074584960938,240.10000610351562,243.02999877929688,238.41000366210938,242.4199981689453,775100
2024-02-22,238.88262939453125,244.6699981689453,245.27999877929688,240.63999938964844,241.92999267578125,631500
2024-02-23,239.204833984375,245.0,245.55999755859375,244.05999755859375,245.0,481600
2024-02-26,238.26754760742188,244.0399932861328,246.2899932861328,243.8000030517578,245.08999633789062,593200
2024-02-27,237.78912353515625,243.5500030517578,243.6999969482422,241.9600067138672,243.13999938964844,669000
2024-02-28,239.66371154785156,245.47000122070312,245.97999572753906,243.41000366210938,244.10000610351562,668800
2024-02-29,238.7437286376953,243.92999267578125,245.08999633789062,241.61000061035156,245.08999633789062,1183100
2024-03-01,238.36199951171875,243.5399932861328,244.02999877929688,242.1699981689453,243.7100067138672,458800
2024-03-04,237.36367797851562,242.52000427246094,243.24000549316406,241.85000610351562,242.5500030517578,582000
2024-03-05,240.13351440429688,245.35000610351562,245.5399932861328,241.22000122070312,242.4199981689453,719800
2024-03-06,243.333984375,248.6199951171875,248.82000732421875,245.00999450683594,245.33999633789062,684200
2024-03-07,244.59657287597656,249.91000366210938,250.89999389648438,248.25999450683594,248.47000122070312,682500
2024-03-08,246.33871459960938,251.69000244140625,252.07000732421875,249.39999389648438,249.42999267578125,943900
2024-03-11,247.33705139160156,252.7100067138672,252.85000610351562,250.08999633789062,251.39999389648438,665100
2024-03-12,249.40216064453125,254.82000732421875,255.52000427246094,252.13999938964844,252.6699981689453,738100
2024-03-13,249.95025634765625,255.3800048828125,255.69000244140625,253.11000061035156,255.0,603700
2024-03-14,249.49024963378906,254.91000366210938,255.7100067138672,253.42999267578125,255.0,698400
2024-03-15,247.78726196289062,253.1699981689453,255.52000427246094,250.8699951171875,251.4199981689453,1521400
2024-03-18,248.29620361328125,253.69000244140625,255.38999938964844,250.6199951171875,251.97000122070312,821500
2024-03-19,248.46255493164062,253.86000061035156,255.13999938964844,252.4600067138672,254.05999755859375,930500
2024-03-20,250.42984008789062,255.8699951171875,256.1000061035156,253.0500030517578,253.97000122070312,812000
2024-03-21,244.97828674316406,250.3000030517578,255.69000244140625,250.1300048828125,255.69000244140625,1409100
2024-03-22,241.28843688964844,246.52999877929688,251.38999938964844,246.50999450683594,251.00999450683594,1042300
2024-03-25,240.35861206054688,245.5800018310547,247.2100067138672,245.32000732421875,246.5500030517578,854800
2024-03-26,240.99481201171875,246.22999572753906,248.05999755859375,244.63999938964844,245.39999389648438,978600
2024-03-27,242.52163696289062,247.7899932861328,248.63999938964844,245.83999633789062,247.47000122070312,874300
2024-03-28,244.7238006591797,250.0399932861328,250.91000366210938,247.5,249.0,960700
2024-04-01,241.92462158203125,247.17999267578125,249.8000030517578,246.30999755859375,249.0800018310547,589900
2024-04-02,240.14329528808594,245.36000061035156,248.69000244140625,244.8000030517578,248.08999633789062,770800
2024-04-03,240.15309143066406,245.3699951171875,247.4199981689453,245.1999969482422,245.55999755859375,644700
2024-04-04,235.19088745117188,240.3000030517578,247.22999572753906,240.05999755859375,247.22999572753906,1134600
2024-04-05,238.80242919921875,243.99000549316406,245.9600067138672,240.3300018310547,240.66000366210938,690800
2024-04-08,238.96881103515625,244.16000366210938,244.3300018310547,242.82000732421875,243.6999969482422,539200
2024-04-09,238.939453125,244.1300048828125,244.9499969482422,242.25999450683594,244.83999633789062,803000
2024-04-10,234.9168243408203,240.02000427246094,241.99000549316406,238.9199981689453,239.27000427246094,1042500
2024-04-11,233.10617065429688,238.1699981689453,240.0800018310547,236.6999969482422,238.67999267578125,886500
2024-04-12,229.59251403808594,234.5800018310547,238.6999969482422,234.0,237.4600067138672,896500
2024-04-15,227.1554412841797,232.08999633789062,237.44000244140625,231.8800048828125,237.3800048828125,766400
2024-04-16,226.5094451904297,231.42999267578125,233.58999633789062,231.1699981689453,232.0,757200
2024-04-17,225.61880493164062,230.52000427246094,232.50999450683594,230.0800018310547,232.1199951171875,777400
2024-04-18,229.01504516601562,233.99000549316406,235.97000122070312,233.02999877929688,233.02999877929688,980300
2024-04-19,231.54019165039062,236.57000732421875,236.75999450683594,233.83999633789062,235.10000610351562,984300
2024-04-22,232.47000122070312,237.52000427246094,240.02999877929688,237.42999267578125,238.36000061035156,707100
2024-04-23,232.8125457763672,237.8699951171875,239.1199951171875,237.33999633789062,238.4499969482422,620900
2024-04-24,231.7751007080078,236.80999755859375,238.0,235.57000732421875,237.52000427246094,655700
2024-04-25,231.912109375,236.9499969482422,237.57000732421875,234.08999633789062,236.32000732421875,880500
2024-04-26,229.1324920654297,234.11000061035156,238.6999969482422,232.35000610351562,236.9499969482422,1404200
2024-04-29,228.5844268798828,233.5500030517578,234.32000732421875,232.27000427246094,233.7899932861328,787300
2024-04-30,229.70016479492188,234.69000244140625,235.1699981689453,232.5800018310547,233.97999572753906,644100
2024-05-01,233.72276306152344,238.8000030517578,241.0,234.3300018310547,234.47000122070312,897200
2024-05-02,233.46829223632812,238.5399932861328,241.57000732421875,237.6999969482422,238.42999267578125,1029400
2024-05-03,233.64447021484375,238.72000122070312,239.49000549316406,235.08999633789062,237.16000366210938,545100
2024-05-06,237.84326171875,243.00999450683594,243.0500030517578,238.94000244140625,240.44000244140625,536900
2024-05-07,239.81051635742188,245.02000427246094,245.08999633789062,242.5800018310547,244.5,481700
2024-05-08,239.80076599121094,245.00999450683594,247.00999450683594,244.22000122070312,246.6300048828125,817900
2024-05-09,242.2965087890625,247.55999755859375,248.17999267578125,244.35000610351562,244.5,888000
2024-05-10,245.4872283935547,250.82000732421875,251.27999877929688,248.0,248.44000244140625,582200
2024-05-13,244.1952667236328,249.5,251.97999572753906,249.16000366210938,250.6699981689453,829300
2024-05-14,245.38934326171875,250.72000122070312,251.08999633789062,247.47000122070312,249.55999755859375,718400
2024-05-15,246.42681884765625,251.77999877929688,253.13999938964844,249.39999389648438,249.55999755859375,643100
2024-05-16,250.08726501464844,255.52000427246094,256.2799987792969,251.6300048828125,253.0,888900
2024-05-17,252.1916046142578,257.6700134277344,258.20001220703125,254.82000732421875,257.2900085449219,708100
2024-05-20,250.93881225585938,256.3900146484375,258.57000732421875,256.3399963378906,257.6499938964844,689600
2024-05-21,252.35797119140625,257.8399963378906,258.3699951171875,255.86000061035156,257.3399963378906,506000
2024-05-22,252.1719970703125,257.6499938964844,259.3500061035156,257.1499938964844,257.9800109863281,397100
2024-05-23,245.624267578125,250.9600067138672,257.0899963378906,250.4199981689453,256.9800109863281,715400
2024-05-24,246.7008514404297,252.05999755859375,252.39999389648438,250.19000244140625,250.88999938964844,550100
2024-05-28,243.05015563964844,248.3300018310547,250.52999877929688,247.69000244140625,250.52999877929688,771300
2024-05-29,240.10415649414062,245.32000732421875,247.91000366210938,245.24000549316406,247.8000030517578,481200
2024-05-30,243.79400634765625,249.08999633789062,250.27000427246094,244.60000610351562,244.9600067138672,685100
2024-05-31,247.94386291503906,253.3300018310547,253.92999267578125,250.7100067138672,251.88999938964844,1537100
2024-06-03,247.65023803710938,253.02999877929688,254.57000732421875,250.88999938964844,252.77000427246094,698700
2024-06-04,249.79368591308594,255.22000122070312,255.41000366210938,251.57000732421875,252.05999755859375,621300
2024-06-05,247.7089385986328,253.08999633789062,255.85000610351562,251.7899932861328,255.85000610351562,1110500
2024-06-06,246.28977966308594,251.63999938964844,254.1199951171875,250.72999572753906,253.50999450683594,1005100
2024-06-07,248.73268127441406,253.52999877929688,253.86000061035156,250.72000122070312,250.75999450683594,698900
2024-06-10,250.3416290283203,255.1699981689453,255.42999267578125,252.22000122070312,253.50999450683594,976100
2024-06-11,251.27366638183594,256.1199951171875,257.0,253.5399932861328,254.9600067138672,1156900
2024-06-12,253.98146057128906,258.8800048828125,259.54998779296875,253.4600067138672,256.7699890136719,1045700
2024-06-13,255.84547424316406,260.7799987792969,261.1000061035156,258.0,258.6499938964844,1242600
2024-06-14,253.35354614257812,258.239990234375,262.5,257.0,261.3299865722656,637200
2024-06-17,256.2182922363281,261.1600036621094,262.2300109863281,257.2900085449219,257.6400146484375,751600
2024-06-18,256.91485595703125,261.8699951171875,264.260009765625,260.6700134277344,260.7799987792969,1177500
2024-06-20,259.6520690917969,264.6600036621094,264.70001220703125,261.4800109863281,261.4800109863281,711700
2024-06-21,259.59320068359375,264.6000061035156,264.8999938964844,262.7200012207031,264.8999938964844,1539800
2024-06-24,260.17205810546875,265.19000244140625,266.2799987792969,262.2699890136719,264.79998779296875,982300
2024-06-25,254.9821319580078,259.8999938964844,266.3900146484375,259.4100036621094,264.8399963378906,1426600
2024-06-26,248.7032470703125,253.5,259.6199951171875,251.4199981689453,259.6199951171875,1053700
2024-06-27,255.207763671875,260.1300048828125,260.1300048828125,253.3699951171875,254.6999969482422,1201600
2024-06-28,254.40328979492188,259.30999755859375,261.42999267578125,257.989990234375,258.67999267578125,1393200
2024-07-01,254.31503295898438,259.2200012207031,261.0799865722656,257.5799865722656,260.0,581500
2024-07-02,257.0423889160156,262.0,262.04998779296875,257.7699890136719,257.9100036621094,809100
2024-07-03,257.6605224609375,262.6300048828125,263.6199951171875,261.260009765625,261.8500061035156,412800
2024-07-05,259.661865234375,264.6700134277344,265.0,260.8299865722656,262.4100036621094,713000
2024-07-08,259.53436279296875,264.5400085449219,266.25,263.75,265.0,722200
2024-07-09,258.9358825683594,263.92999267578125,265.70001220703125,263.2099914550781,264.7200012207031,586900
2024-07-10,262.732666015625,267.79998779296875,268.5199890136719,263.55999755859375,264.4599914550781,742900
2024-07-11,265.00872802734375,270.1199951171875,270.3800048828125,266.17999267578125,267.8900146484375,573100
2024-07-12,265.9211120605469,271.04998779296875,274.9700012207031,270.260009765625,271.5199890136719,856000
2024-07-15,265.34228515625,270.4599914550781,273.3599853515625,270.0799865722656,271.5400085449219,483200
2024-07-16,262.5560302734375,267.6199951171875,273.45001220703125,267.510009765625,271.5299987792969,710900
2024-07-17,266.70599365234375,271.8500061035156,272.9100036621094,267.8800048828125,268.3500061035156,795600
2024-07-18,265.4109802246094,270.5299987792969,272.3299865722656,269.989990234375,271.0,833200
2024-07-19,265.1558837890625,270.2699890136719,272.94000244140625,269.260009765625,271.989990234375,599200
2024-07-22,266.61773681640625,271.760009765625,273.6000061035156,270.04998779296875,271.4200134277344,639100
2024-07-23,268.0500793457031,273.2200012207031,276.3800048828125,272.8299865722656,273.5899963378906,459900
2024-07-24,269.1292724609375,274.32000732421875,276.8299865722656,271.8500061035156,274.239990234375,1215200
2024-07-25,268.7859191894531,273.9700012207031,277.7799987792969,273.9200134277344,275.010009765625,1152800
2024-07-26,278.2140197753906,283.5799865722656,283.8999938964844,267.0,269.1300048828125,1161100
2024-07-29,274.0837097167969,279.3699951171875,283.6199951171875,278.79998779296875,280.92999267578125,1003400
2024-07-30,279.60723876953125,285.0,286.010009765625,280.6600036621094,280.8399963378906,803100
2024-07-31,278.1257629394531,283.489990234375,287.6000061035156,283.1700134277344,284.4200134277344,591100
2024-08-01,281.68707275390625,287.1199951171875,287.17999267578125,283.17999267578125,285.3699951171875,548600
2024-08-02,281.7066955566406,287.1400146484375,290.30999755859375,283.1700134277344,289.0400085449219,917300
2024-08-05,273.0535888671875,278.32000732421875,287.489990234375,277.9700012207031,286.42999267578125,1397500
2024-08-06,275.9281311035156,281.25,284.7200012207031,278.4700012207031,278.9700012207031,772500
2024-08-07,276.3107604980469,281.6400146484375,286.8999938964844,281.1300048828125,282.0,965700
2024-08-08,277.4880676269531,282.8399963378906,284.0799865722656,280.67999267578125,281.25,955000
2024-08-09,277.3997497558594,282.75,283.989990234375,281.05999755859375,283.739990234375,800700
2024-08-12,276.2715148925781,281.6000061035156,284.1199951171875,280.6700134277344,283.0,614700
2024-08-13,275.888916015625,281.2099914550781,283.1400146484375,280.5899963378906,282.8999938964844,476000
2024-08-14,279.3128662109375,284.70001220703125,285.20001220703125,281.760009765625,281.9200134277344,663100
2024-08-15,279.0185241699219,284.3999938964844,286.4599914550781,283.2699890136719,284.7900085449219,418600
2024-08-16,279.6856689453125,285.0799865722656,285.7799987792969,283.8599853515625,285.2799987792969,774900
2024-08-19,281.12786865234375,286.54998779296875,287.9100036621094,284.5,284.5,491600
2024-08-20,282.7956848144531,288.25,289.3599853515625,286.489990234375,287.25,514300
2024-08-21,284.0318908691406,289.510009765625,290.20001220703125,287.25,288.25,362600
2024-08-22,286.2981262207031,291.82000732421875,292.1000061035156,289.7099914550781,289.739990234375,403000
2024-08-23,282.3836364746094,287.8299865722656,292.760009765625,286.0299987792969,292.7200012207031,431600
2024-08-26,281.3534851074219,286.7799987792969,289.0899963378906,286.3500061035156,288.44000244140625,652100
2024-08-27,284.5714111328125,290.05999755859375,291.0,287.2200012207031,287.57000732421875,817100
2024-08-28,285.3660583496094,290.8699951171875,294.0,290.1700134277344,290.739990234375,608900
2024-08-29,285.9547424316406,291.4700012207031,293.7099914550781,290.010009765625,291.6199951171875,375000
2024-08-30,287.033935546875,292.57000732421875,293.1300048828125,288.94000244140625,291.8399963378906,1405000
2024-09-03,288.9176025390625,294.489990234375,296.1000061035156,292.57000732421875,292.8999938964844,751200
2024-09-04,292.1159362792969,297.75,298.239990234375,294.8599853515625,295.30999755859375,714500
2024-09-05,289.95751953125,295.54998779296875,298.2200012207031,293.1600036621094,298.2200012207031,527300
2024-09-06,289.2104797363281,294.19000244140625,296.75,293.5899963378906,295.010009765625,671500
2024-09-09,293.88006591796875,298.94000244140625,299.8999938964844,294.8500061035156,295.70001220703125,839600
2024-09-10,293.7620849609375,298.82000732421875,300.6600036621094,297.2799987792969,299.25,742300
2024-09-11,289.6626281738281,294.6499938964844,297.8699951171875,289.3999938964844,297.7799987792969,582000
2024-09-12,291.5796203613281,296.6000061035156,297.1700134277344,293.1000061035156,293.9800109863281,410500
2024-09-13,292.3563232421875,297.3900146484375,298.1700134277344,294.4100036621094,296.6000061035156,400600
2024-09-16,294.4797058105469,299.54998779296875,301.0400085449219,298.6400146484375,299.0,541500
2024-09-17,290.9308166503906,295.94000244140625,300.94000244140625,294.4800109863281,299.0199890136719,556300
2024-09-18,286.2513732910156,291.17999267578125,297.1099853515625,290.1700134277344,296.989990234375,685200
2024-09-19,277.4233703613281,282.20001220703125,292.0199890136719,281.82000732421875,291.1600036621094,1530800
2024-09-20,271.3873291015625,276.05999755859375,281.1300048828125,274.25,279.6099853515625,2482800
2024-09-23,277.25628662109375,282.0299987792969,282.760009765625,276.70001220703125,278.2200012207031,1459300
2024-09-24,274.6019287109375,279.3299865722656,282.67999267578125,278.20001220703125,282.0299987792969,759100
2024-09-25,275.9979248046875,280.75,282.4100036621094,278.8999938964844,280.9599914550781,896900
2024-09-26,273.28466796875,277.989990234375,281.2099914550781,277.3500061035156,280.2200012207031,1210900
2024-09-27,274.7199401855469,279.45001220703125,280.6600036621094,277.5,277.5,740400
2024-09-30,276.607421875,281.3699951171875,281.92999267578125,278.19000244140625,280.1499938964844,851900
2024-10-01,281.4540100097656,286.29998779296875,286.45001220703125,281.1199951171875,281.6499938964844,1083100
2024-10-02,281.0705871582031,285.9100036621094,286.2900085449219,284.0400085449219,285.2200012207031,1336100
2024-10-03,281.2180480957031,286.05999755859375,287.3900146484375,284.7900085449219,286.8399963378906,947000
2024-10-04,284.7178039550781,289.6199951171875,290.04998779296875,284.95001220703125,286.07000732421875,828500
2024-10-07,282.0437927246094,286.8999938964844,290.3500061035156,284.3900146484375,288.9700012207031,1376000
2024-10-08,288.1978454589844,293.1600036621094,294.32000732421875,288.6700134277344,289.1499938964844,1219900
2024-10-09,289.94769287109375,294.94000244140625,295.5400085449219,291.3399963378906,291.45001220703125,1081400
2024-10-10,280.8641357421875,285.70001220703125,297.760009765625,283.6199951171875,296.80999755859375,1504500
2024-10-11,283.0367431640625,287.9100036621094,288.4599914550781,284.7799987792969,287.3399963378906,749300
2024-10-14,284.8062438964844,289.7099914550781,290.4700012207031,287.3999938964844,288.6300048828125,735900
2024-10-15,282.7024841308594,287.57000732421875,292.9700012207031,286.7300109863281,290.70001220703125,932000
2024-10-16,284.61944580078125,289.5199890136719,290.20001220703125,285.5,285.8399963378906,1004900
2024-10-17,285.8385009765625,290.760009765625,292.8399963378906,288.45001220703125,291.510009765625,908300
2024-10-18,284.35406494140625,289.25,292.0,288.2300109863281,292.0,738600
2024-10-21,284.7178039550781,289.6199951171875,289.92999267578125,286.1099853515625,288.1700134277344,577000
2024-10-22,282.35845947265625,287.2200012207031,289.95001220703125,284.5,288.6499938964844,609400
2024-10-23,284.0394592285156,288.92999267578125,289.760009765625,286.2099914550781,286.7200012207031,612300
2024-10-24,282.6827697753906,287.54998779296875,290.0,286.7099914550781,290.0,938100
2024-10-25,278.18035888671875,282.9700012207031,287.489990234375,277.44000244140625,283.0,1478000
2024-10-28,281.1492614746094,285.989990234375,287.5299987792969,283.6000061035156,286.54998779296875,1008200
2024-10-29,280.2939758300781,285.1199951171875,287.7799987792969,285.1000061035156,286.2200012207031,791800
2024-10-30,279.664794921875,284.4800109863281,286.6700134277344,283.5199890136719,285.25,556600
2024-10-31,276.4402770996094,281.20001220703125,285.8299865722656,281.19000244140625,283.6600036621094,868200
2024-11-01,275.6538391113281,280.3999938964844,283.1099853515625,280.010009765625,281.75,738400
2024-11-04,276.8826599121094,281.6499938964844,282.94000244140625,279.7099914550781,282.4599914550781,654200
2024-11-05,278.34747314453125,283.1400146484375,283.19000244140625,279.6000061035156,281.0899963378906,787600
2024-11-06,285.7598571777344,290.67999267578125,293.8800048828125,284.55999755859375,292.0,1284300
2024-11-07,285.6418762207031,290.55999755859375,292.6700134277344,289.1199951171875,292.3999938964844,862300
2024-11-08,289.78057861328125,294.7699890136719,297.07000732421875,292.20001220703125,293.42999267578125,787800
2024-11-11,287.7652893066406,292.7200012207031,297.010009765625,292.1400146484375,295.3500061035156,731000
2024-11-12,290.2721252441406,295.2699890136719,296.1199951171875,292.7699890136719,294.5799865722656,764600
2024-11-13,293.2705383300781,298.32000732421875,299.7099914550781,295.0899963378906,295.1300048828125,966100
2024-11-14,289.7215881347656,294.7099914550781,299.4200134277344,294.2099914550781,297.5,634300
2024-11-15,289.5938415527344,294.5799865722656,296.94000244140625,292.44000244140625,294.6300048828125,948400
2024-11-18,288.6205749511719,293.5899963378906,295.6099853515625,290.2900085449219,291.7300109863281,728100
2024-11-19,287.5392150878906,292.489990234375,293.7699890136719,289.79998779296875,292.1700134277344,692000
2024-11-20,290.8717956542969,295.8800048828125,296.739990234375,291.1199951171875,294.010009765625,772800
2024-11-21,297.32080078125,302.44000244140625,303.6700134277344,294.8299865722656,297.1400146484375,1032700
2024-11-22,299.13946533203125,304.2900085449219,308.0,301.92999267578125,303.17999267578125,626000
2024-11-25,301.2039489746094,306.3900146484375,306.489990234375,300.7699890136719,302.32000732421875,2181300
2024-11-26,307.66265869140625,312.9599914550781,314.44000244140625,307.1000061035156,308.2300109863281,1538500
2024-11-27,309.82550048828125,315.1600036621094,315.7300109863281,311.6199951171875,313.489990234375,1383200
2024-11-29,306.9549255371094,312.239990234375,316.7200012207031,311.9200134277344,313.8500061035156,811900
2024-12-02,302.74737548828125,307.9599914550781,313.010009765625,306.54998779296875,312.510009765625,592000
2024-12-03,304.5660400390625,309.80999755859375,310.2099914550781,302.8900146484375,308.8500061035156,1183100
2024-12-04,302.0592041015625,307.260009765625,310.94000244140625,306.7699890136719,308.3800048828125,850500
2024-12-05,298.44146728515625,303.5799865722656,307.6700134277344,303.5,306.510009765625,869200
2024-12-06,292.2654113769531,296.7099914550781,303.42999267578125,296.3900146484375,301.3500061035156,887800
2024-12-09,287.4782409667969,291.8500061035156,299.04998779296875,283.04998779296875,293.0,2811500
2024-12-10,279.4896545410156,283.739990234375,288.4100036621094,282.6000061035156,283.75,13426500
2024-12-11,279.3320617675781,283.5799865722656,285.92999267578125,281.5,284.82000732421875,4921500
2024-12-12,276.9778747558594,281.19000244140625,286.20001220703125,281.0799865722656,284.9599914550781,5646000
2024-12-13,280.3269958496094,284.5899963378906,285.69000244140625,281.4800109863281,282.2799987792969,2827200
2024-12-16,281.7158508300781,286.0,289.0,284.29998779296875,285.70001220703125,2981700
2024-12-17,278.6721496582031,282.9100036621094,284.8299865722656,279.7099914550781,284.42999267578125,2370800
2024-12-18,274.318359375,278.489990234375,285.8299865722656,278.2200012207031,282.9100036621094,2028200
2024-12-19,274.9093322753906,279.0899963378906,282.1499938964844,276.8999938964844,278.7699890136719,2244000
2024-12-20,278.8592834472656,283.1000061035156,286.44000244140625,276.989990234375,279.5199890136719,2774900
2024-12-23,280.2481689453125,284.510009765625,284.9800109863281,280.82000732421875,281.6700134277344,1935200
2024-12-24,284.0306701660156,288.3500061035156,288.5,283.57000732421875,285.2200012207031,1045800
2024-12-26,284.0404968261719,288.3599853515625,289.1199951171875,286.17999267578125,286.54998779296875,1173300
2024-12-27,282.2477722167969,286.5400085449219,289.0,285.20001220703125,287.8399963378906,7622800
2024-12-30,280.19891357421875,284.4599914550781,285.3900146484375,281.8299865722656,284.0799865722656,1709800
2024-12-31,279.5980529785156,283.8500061035156,285.9800109863281,282.57000732421875,285.70001220703125,1354100
2025-01-02,271.7572937011719,275.8900146484375,286.2699890136719,275.55999755859375,285.3900146484375,2560700
2025-01-03,276.19970703125,280.3999938964844,281.75,276.80999755859375,277.4200134277344,3729000
2025-01-06,272.2793884277344,276.4200134277344,282.0,276.260009765625,281.7099914550781,1678100
2025-01-07,275.57916259765625,279.7699890136719,282.19000244140625,277.2300109863281,278.32000732421875,2776800
2025-01-08,281.22332763671875,285.5,286.0899963378906,280.1700134277344,282.1300048828125,1853500
2025-01-10,282.710693359375,287.010009765625,290.3399963378906,283.6199951171875,285.989990234375,3074500
2025-01-13,281.5287170410156,285.80999755859375,288.30999755859375,285.2200012207031,285.2200012207031,1918400
2025-01-14,284.7792053222656,289.1099853515625,289.75,284.8699951171875,286.0,1284600
2025-01-15,285.84307861328125,290.19000244140625,292.0,287.760009765625,292.0,1869200
2025-01-16,291.35919189453125,295.7900085449219,296.0199890136719,290.760009765625,290.760009765625,1230500
2025-01-17,290.4037170410156,294.82000732421875,296.92999267578125,293.9100036621094,295.7900085449219,1261500
2025-01-21,292.3244934082031,296.7699890136719,299.010009765625,293.8599853515625,296.8800048828125,1626500
2025-01-22,289.1034851074219,293.5,297.6600036621094,293.3999938964844,297.1499938964844,1504700
2025-01-23,283.6858825683594,288.0,294.3599853515625,287.5,292.45001220703125,1565300
2025-01-24,285.17327880859375,289.510009765625,289.92999267578125,286.7799987792969,286.79998779296875,2030400
2025-01-27,291.5660400390625,296.0,297.70001220703125,289.5199890136719,289.5199890136719,1630400
2025-01-28,289.01483154296875,293.4100036621094,297.489990234375,293.19000244140625,296.0,1781700
2025-01-29,289.69451904296875,294.1000061035156,296.0,291.4700012207031,292.0,1593800
2025-01-30,294.5506591796875,299.0299987792969,299.44000244140625,294.6000061035156,297.07000732421875,1641600
2025-01-31,297.29888916015625,301.82000732421875,307.739990234375,296.8299865722656,298.20001220703125,2411700
2025-02-03,304.37127685546875,309.0,309.5299987792969,299.3699951171875,299.75,2216500
2025-02-04,307.533203125,312.2099914550781,313.0,308.5199890136719,309.0,1680500
2025-02-05,311.5619201660156,316.29998779296875,316.3399963378906,311.6199951171875,314.6000061035156,1481100
2025-02-06,315.1966552734375,319.989990234375,320.7200012207031,315.6600036621094,316.95001220703125,1852500
2025-02-07,317.5016174316406,322.3299865722656,323.54998779296875,318.8900146484375,319.67999267578125,1722100
2025-02-10,319.43231201171875,324.2900085449219,324.7900085449219,319.80999755859375,322.07000732421875,1573100
2025-02-11,317.1766052246094,322.0,324.1700134277344,320.7699890136719,323.9700012207031,1537900
2025-02-12,319.7474670410156,324.6099853515625,325.1000061035156,319.69000244140625,320.3800048828125,1099500
2025-02-13,323.6383361816406,328.55999755859375,328.9200134277344,324.010009765625,325.0,1210900
2025-02-14,316.68408203125,321.5,329.6000061035156,319.5,328.8500061035156,2079500
2025-02-18,321.4121398925781,326.29998779296875,326.3999938964844,320.0400085449219,322.239990234375,1318500
2025-02-19,322.4267272949219,327.3299865722656,327.989990234375,325.3599853515625,327.260009765625,709600
2025-02-20,320.25970458984375,325.1300048828125,327.3999938964844,322.6700134277344,326.0,876400
2025-02-21,320.68328857421875,325.55999755859375,327.2699890136719,323.8399963378906,324.6700134277344,952400
2025-02-24,323.5693359375,328.489990234375,331.0899963378906,325.3699951171875,325.44000244140625,1465500
2025-02-25,326.85931396484375,331.8299865722656,332.69000244140625,329.1199951171875,329.9100036621094,1712700
2025-02-26,323.4117431640625,328.3299865722656,333.0299987792969,327.6000061035156,331.5199890136719,991800
2025-02-27,328.17926025390625,333.1700134277344,334.69000244140625,326.92999267578125,328.6000061035156,1462500
2025-02-28,332.6808166503906,337.739990234375,338.42999267578125,332.7799987792969,334.80999755859375,1745000
2025-03-03,336.679931640625,341.79998779296875,343.2099914550781,336.3800048828125,336.8699951171875,1360400
2025-03-04,332.21783447265625,337.2699890136719,345.42999267578125,336.4800109863281,343.7200012207031,1914700
2025-03-05,335.68511962890625,340.7900085449219,342.0400085449219,335.6099853515625,335.6099853515625,1216800
2025-03-06,334.75921630859375,339.8500061035156,342.010009765625,334.70001220703125,339.82000732421875,1491900
2025-03-07,319.7581787109375,324.0,339.4800109863281,321.19000244140625,338.5799865722656,4131400
2025-03-10,317.6363220214844,321.8500061035156,324.3999938964844,318.239990234375,323.0199890136719,3180700
2025-03-11,321.4853210449219,325.75,327.8800048828125,321.8800048828125,322.82000732421875,1635500
2025-03-12,320.8240661621094,325.0799865722656,327.6300048828125,320.6700134277344,325.75,1185100
2025-03-13,318.62322998046875,322.8500061035156,327.1099853515625,322.4100036621094,327.1099853515625,1151000
2025-03-14,320.9819030761719,325.239990234375,325.7699890136719,321.760009765625,323.54998779296875,1265300
2025-03-17,324.8309326171875,329.1400146484375,329.6400146484375,322.0,323.25,1172000
2025-03-18,325.34405517578125,329.6600036621094,333.0,328.4599914550781,329.1400146484375,1422500
2025-03-19,322.3636474609375,326.6400146484375,330.3999938964844,323.82000732421875,329.5899963378906,974000
2025-03-20,330.0615234375,334.44000244140625,335.6600036621094,326.3399963378906,326.92999267578125,1497400
2025-03-21,327.4461975097656,331.7900085449219,335.07000732421875,330.05999755859375,333.1700134277344,2675700
2025-03-24,333.2492370605469,337.6700134277344,339.5199890136719,332.0799865722656,334.2099914550781,1226400
2025-03-25,332.9432373046875,337.3599853515625,338.80999755859375,333.20001220703125,338.17999267578125,1427000
2025-03-26,332.321533203125,336.7300109863281,340.1099853515625,336.1000061035156,338.8399963378906,1351200
2025-03-27,336.53564453125,341.0,341.8900146484375,335.25,338.5,1330600
2025-03-28,336.2987365722656,340.760009765625,343.5799865722656,339.5199890136719,340.6499938964844,1362700
2025-03-31,340.7200927734375,345.239990234375,346.95001220703125,341.0,342.80999755859375,1770700
2025-04-01,339.358154296875,343.8599853515625,345.3399963378906,341.0299987792969,345.07000732421875,903800
2025-04-02,339.5653991699219,344.07000732421875,345.0,339.0199890136719,340.42999267578125,1271600
2025-04-03,339.89111328125,344.3999938964844,350.70001220703125,340.8500061035156,342.9200134277344,1322200
2025-04-04,315.0704040527344,319.25,344.8800048828125,316.6300048828125,341.5899963378906,2901900
2025-04-07,306.7901916503906,310.8599853515625,318.8999938964844,301.2099914550781,310.80999755859375,3404100
2025-04-08,307.4514465332031,311.5299987792969,324.54998779296875,306.3599853515625,319.82000732421875,1812200
2025-04-09,319.58056640625,323.82000732421875,324.8800048828125,304.8500061035156,309.2099914550781,2285000
2025-04-10,321.4556884765625,325.7200012207031,330.9599914550781,318.7900085449219,321.3900146484375,1570200
2025-04-11,329.64697265625,334.0199890136719,335.2799987792969,321.42999267578125,326.1000061035156,1179700
2025-04-14,338.4305114746094,342.9200134277344,345.6199951171875,336.260009765625,337.3699951171875,1236600
2025-04-15,331.1668701171875,335.55999755859375,344.6600036621094,334.739990234375,344.010009765625,1313800
2025-04-16,328.3048400878906,332.6600036621094,339.0,330.1400146484375,337.7699890136719,879300
2025-04-17,324.90985107421875,329.2200012207031,333.260009765625,326.5799865722656,332.3599853515625,1195100
2025-04-21,315.2183837890625,319.3999938964844,329.0400085449219,315.7099914550781,328.4200134277344,837100
2025-04-22,326.4198303222656,330.75,332.0,322.6199951171875,324.9599914550781,1041500
2025-04-23,327.4461975097656,331.7900085449219,336.69000244140625,329.75,331.1400146484375,953600
2025-04-24,327.1797180175781,331.5199890136719,332.7099914550781,326.3299865722656,329.2699890136719,961100
2025-04-25,318.0804443359375,322.29998779296875,327.3399963378906,313.5799865722656,327.3399963378906,2164300
2025-04-28,319.5706787109375,323.80999755859375,326.07000732421875,322.19000244140625,323.8299865722656,1536700
2025-04-29,312.9880065917969,317.1400146484375,321.3900146484375,315.07000732421875,321.3900146484375,2753700
2025-04-30,316.49151611328125,320.69000244140625,321.1600036621094,312.1700134277344,317.1400146484375,3032400
2025-05-01,313.4814758300781,317.6400146484375,319.6300048828125,313.4100036621094,317.5899963378906,1995900
2025-05-02,326.74554443359375,331.0799865722656,332.44000244140625,316.8699951171875,330.4100036621094,1818500
2025-05-05,330.47601318359375,334.8599853515625,336.92999267578125,326.3900146484375,330.8999938964844,1402800
2025-05-06,333.84136962890625,338.2699890136719,339.2300109863281,332.6300048828125,333.8500061035156,1402700
2025-05-07,335.1045837402344,339.54998779296875,341.32000732421875,336.8999938964844,338.20001220703125,1279600
2025-05-08,334.0387268066406,338.4700012207031,343.6199951171875,338.44000244140625,340.79998779296875,1037200
2025-05-09,333.75250244140625,338.17999267578125,339.1199951171875,336.0799865722656,338.1199951171875,576300
2025-05-12,326.9429016113281,331.2799987792969,339.17999267578125,325.5299987792969,337.42999267578125,1672300
2025-05-13,328.34429931640625,332.70001220703125,335.3900146484375,330.8900146484375,333.8999938964844,1004000
2025-05-14,325.3243713378906,329.6400146484375,334.5799865722656,326.05999755859375,334.5799865722656,898500
2025-05-15,333.8512268066406,338.2799987792969,338.45001220703125,330.20001220703125,330.760009765625,1013200
2025-05-16,337.7593688964844,342.239990234375,342.8500061035156,337.8800048828125,339.010009765625,973200
2025-05-19,339.3187561035156,343.82000732421875,344.6400146484375,341.6700134277344,343.17999267578125,610900
2025-05-20,335.8743896484375,340.3299865722656,344.25,339.6499938964844,342.9700012207031,908800
2025-05-21,333.11102294921875,337.5299987792969,341.8900146484375,336.25,340.0400085449219,867100
2025-05-22,331.0879211425781,335.4800109863281,339.0799865722656,333.6499938964844,337.3699951171875,771700
2025-05-23,333.6143798828125,338.0400085449219,339.4100036621094,333.4700012207031,336.2699890136719,859400
2025-05-27,338.2627258300781,342.75,343.0299987792969,337.20001220703125,339.7699890136719,976400
2025-05-28,335.3513488769531,339.79998779296875,344.0400085449219,339.1700134277344,341.5400085449219,1136700
2025-05-29,337.4237976074219,341.8999938964844,342.04998779296875,337.5899963378906,338.75,628800
2025-05-30,342.89129638671875,347.44000244140625,348.29998779296875,341.0,341.7200012207031,2545200
2025-06-02,344.2038879394531,348.7699890136719,348.8999938964844,342.1499938964844,343.4200134277344,986100
2025-06-03,340.7299499511719,345.25,351.2300109863281,341.760009765625,349.6499938964844,1035800
2025-06-04,331.9366455078125,336.3399963378906,346.010009765625,336.2900085449219,345.3900146484375,1300200
2025-06-05,323.8045349121094,328.1000061035156,337.3299865722656,325.05999755859375,336.3399963378906,1851400
2025-06-06,325.0999450683594,328.760009765625,330.7799987792969,327.2699890136719,328.4599914550781,735200
2025-06-09,314.2915954589844,317.8299865722656,327.8299865722656,312.17999267578125,326.5299987792969,1616300
2025-06-10,310.8997802734375,314.3999938964844,321.239990234375,312.29998779296875,319.1499938964844,1473100
2025-06-11,309.4560546875,312.94000244140625,315.3999938964844,308.9800109863281,312.32000732421875,1428700
2025-06-12,316.5857849121094,320.1499938964844,320.7099914550781,312.3800048828125,313.260009765625,1416700
2025-06-13,313.1148681640625,316.6400146484375,320.739990234375,316.1700134277344,318.8900146484375,1039000
2025-06-16,312.80828857421875,316.3299865722656,319.29998779296875,315.6000061035156,317.5799865722656,1294100
2025-06-17,312.6105651855469,316.1300048828125,318.1600036621094,313.2300109863281,314.3699951171875,958400
2025-06-18,313.599365234375,317.1300048828125,319.4100036621094,314.7099914550781,316.29998779296875,1048800
2025-06-20,316.5956726074219,320.1600036621094,322.9200134277344,318.17999267578125,318.6199951171875,2537100
2025-06-23,320.5115661621094,324.1199951171875,324.5299987792969,319.8399963378906,320.75,1311700
2025-06-24,322.35089111328125,325.9800109863281,327.3399963378906,318.6499938964844,325.1600036621094,1037400
2025-06-25,313.89605712890625,317.42999267578125,325.5,316.8299865722656,325.0,1507300
2025-06-26,314.8453674316406,318.3900146484375,319.7900085449219,315.3900146484375,318.0,1397300
2025-06-27,314.1927185058594,317.7300109863281,320.57000732421875,315.0,318.260009765625,5447000
2025-06-30,316.5561218261719,320.1199951171875,321.07000732421875,314.5,315.6199951171875,1620100
2025-07-01,315.93310546875,319.489990234375,323.25,316.2200012207031,320.1199951171875,1567400
2025-07-02,312.224853515625,315.739990234375,320.0,309.3900146484375,317.54998779296875,1450800
2025-07-03,314.55859375,318.1000061035156,319.25,315.2300109863281,316.0,639900
2025-07-07,312.55120849609375,316.07000732421875,318.3399963378906,313.8999938964844,316.92999267578125,1232200
2025-07-08,310.26690673828125,313.760009765625,316.20001220703125,312.2799987792969,313.05999755859375,1110100
2025-07-09,311.74029541015625,315.25,316.8900146484375,311.04998779296875,313.260009765625,1401400
2025-07-10,310.0888977050781,313.5799865722656,315.760009765625,312.19000244140625,313.989990234375,948800
2025-07-11,308.0716247558594,311.5400085449219,315.2799987792969,310.260009765625,312.9100036621094,715200
2025-07-14,311.8886413574219,315.3999938964844,315.45001220703125,311.1700134277344,311.1700134277344,1425500
2025-07-15,304.63037109375,308.05999755859375,315.57000732421875,307.8699951171875,314.6099853515625,1010800
2025-07-16,306.46966552734375,309.9200134277344,311.3999938964844,305.3900146484375,309.9800109863281,1567900
2025-07-17,310.4152526855469,313.9100036621094,314.6300048828125,309.1400146484375,309.1600036621094,1288100
2025-07-18,309.6538391113281,313.1400146484375,316.7099914550781,312.1400146484375,314.25,691300
2025-07-21,304.808349609375,308.239990234375,313.1300048828125,307.9100036621094,312.6700134277344,772700
2025-07-22,308.93194580078125,312.4100036621094,313.0299987792969,308.32000732421875,308.79998779296875,1107900
2025-07-23,307.3299865722656,310.7900085449219,313.6400146484375,308.739990234375,313.6400146484375,659400
2025-07-24,305.6192321777344,309.05999755859375,311.8299865722656,309.0,309.5299987792969,738200
2025-07-25,311.63153076171875,315.1400146484375,315.4800109863281,310.1000061035156,310.1000061035156,897400
2025-07-28,305.6785583496094,309.1199951171875,315.0,308.2900085449219,315.0,1237200
2025-07-29,285.13983154296875,288.3500061035156,309.04998779296875,287.6099853515625,307.8999938964844,4081200
2025-07-30,282.6577453613281,285.8399963378906,291.1499938964844,284.94000244140625,291.1499938964844,2920400
2025-07-31,284.0520324707031,287.25,290.92999267578125,281.8299865722656,282.0199890136719,2554700
2025-08-01,281.00634765625,284.1700134277344,286.0,277.5299987792969,285.0,2787800
2025-08-04,281.44140625,284.6099853515625,286.8699951171875,282.2300109863281,284.489990234375,1776100
2025-08-05,282.598388671875,285.7799987792969,288.0199890136719,282.5299987792969,284.30999755859375,1681700
2025-08-06,283.0730895996094,286.260009765625,288.0,284.1400146484375,286.4200134277344,1136200
2025-08-07,286.7615051269531,289.989990234375,290.07000732421875,285.0799865722656,286.5400085449219,3116000
2025-08-08,286.2176818847656,289.44000244140625,293.9700012207031,288.4200134277344,290.95001220703125,1726200
2025-08-11,285.7034912109375,288.9200134277344,291.69000244140625,286.1700134277344,290.0,1536900
2025-08-12,287.4142150878906,290.6499938964844,291.2099914550781,286.82000732421875,289.1000061035156,1275900
2025-08-13,291.8146667480469,295.1000061035156,295.44000244140625,290.9200134277344,291.3399963378906,1337800
2025-08-14,290.14349365234375,293.4100036621094,295.5,289.92999267578125,295.5,1280200
2025-08-15,289.461181640625,292.7200012207031,294.7200012207031,292.42999267578125,293.70001220703125,1238000
2025-08-18,291.2312316894531,294.510009765625,296.5299987792969,291.0799865722656,292.0199890136719,1376300
2025-08-19,297.62921142578125,300.9800109863281,301.04998779296875,294.7300109863281,295.44000244140625,1132000
2025-08-20,299.2707214355469,302.6400146484375,305.1300048828125,300.6400146484375,302.0899963378906,1568500
2025-08-21,301.9801940917969,305.3800048828125,306.3900146484375,301.260009765625,302.7799987792969,1154600
2025-08-22,299.79486083984375,303.1700134277344,307.3800048828125,302.4599914550781,306.67999267578125,1165400
2025-08-25,295.2954406738281,298.6199951171875,303.0899963378906,298.6199951171875,302.0,1020600
2025-08-26,296.85791015625,300.20001220703125,300.2699890136719,295.739990234375,298.05999755859375,2312400
2025-08-27,295.39434814453125,298.7200012207031,302.3999938964844,298.6700134277344,299.8800048828125,1513500
2025-08-28,296.2843322753906,299.6199951171875,299.92999267578125,296.6199951171875,297.8800048828125,769100
2025-08-29,299.37945556640625,302.75,303.1700134277344,298.6400146484375,299.67999267578125,1472400
2025-09-02,299.2015075683594,302.57000732421875,303.25,299.1400146484375,303.1700134277344,1673400
2025-09-03,300.3189392089844,303.70001220703125,305.95001220703125,301.6700134277344,304.0,1842600
2025-09-04,296.87762451171875,300.2200012207031,305.4800109863281,300.0799865722656,304.9599914550781,1282400
2025-09-05,296.49114990234375,299.17999267578125,300.8699951171875,296.42999267578125,299.239990234375,1217200
2025-09-08,296.43170166015625,299.1199951171875,300.0,295.1400146484375,298.30999755859375,1153100
2025-09-09,295.8172607421875,298.5,300.44000244140625,297.2300109863281,298.239990234375,1119300
2025-09-10,290.5450744628906,293.17999267578125,298.32000732421875,292.8299865722656,297.3399963378906,1854700
2025-09-11,297.9082946777344,300.6099853515625,301.0199890136719,292.5799865722656,293.6000061035156,1335100
2025-09-12,294.60821533203125,297.2799987792969,300.80999755859375,297.2200012207031,299.010009765625,1302100
2025-09-15,286.799072265625,289.3999938964844,298.1600036621094,288.20001220703125,297.1600036621094,1170000
2025-09-16,288.8405456542969,291.4599914550781,292.75,285.79998779296875,287.80999755859375,1175600
2025-09-17,290.0297546386719,292.6600036621094,295.2099914550781,291.989990234375,293.04998779296875,1248100
2025-09-18,294.0730895996094,296.739990234375,297.0199890136719,291.30999755859375,293.0,1405700
2025-09-19,296.9569091796875,299.6499938964844,301.20001220703125,296.44000244140625,300.3999938964844,2605300
2025-09-22,297.3632507324219,300.05999755859375,300.5199890136719,296.489990234375,299.1099853515625,1446900
2025-09-23,301.62457275390625,304.3599853515625,304.5299987792969,299.010009765625,299.8500061035156,1601900
2025-09-24,301.8128967285156,304.54998779296875,305.69000244140625,300.8399963378906,302.4800109863281,1125500
2025-09-25,300.3560791015625,303.0799865722656,306.8900146484375,300.82000732421875,305.05999755859375,1366900
2025-09-26,301.4164733886719,304.1499938964844,308.79998779296875,303.17999267578125,304.9200134277344,877100
2025-09-29,302.96246337890625,305.7099914550781,305.8599853515625,301.1000061035156,303.1499938964844,1355600
2025-09-30,306.95623779296875,309.739990234375,310.489990234375,304.4599914550781,305.0,1671300
2025-10-01,303.0912780761719,305.8399963378906,309.5,303.3500061035156,307.8699951171875,1864200
2025-10-02,305.8958740234375,308.6700134277344,308.7200012207031,302.0,303.07000732421875,1004300
2025-10-03,307.68963623046875,310.4800109863281,313.54998779296875,307.5799865722656,307.7799987792969,767200
2025-10-06,306.37158203125,309.1499938964844,311.6700134277344,307.67999267578125,310.5,1053600
2025-10-07,307.0256042480469,309.80999755859375,313.0899963378906,308.17999267578125,310.3900146484375,863800
2025-10-08,304.1814270019531,306.94000244140625,310.3500061035156,306.8399963378906,310.3500061035156,636900
2025-10-09,299.5335693359375,302.25,307.1099853515625,301.2900085449219,307.1099853515625,761600
2025-10-10,299.02813720703125,301.739990234375,305.739990234375,300.6600036621094,304.29998779296875,1184600
2025-10-13,295.32177734375,298.0,301.7099914550781,295.7799987792969,299.04998779296875,1176100
2025-10-14,301.0002746582031,303.7300109863281,303.9800109863281,296.8699951171875,298.45001220703125,1234600
2025-10-15,293.4983215332031,296.1600036621094,304.57000732421875,295.3599853515625,301.7300109863281,2451600
2025-10-16,277.6520080566406,280.1700134277344,288.3299865722656,276.5,287.2699890136719,2379700
2025-10-17,277.94927978515625,280.4700012207031,284.29998779296875,277.95001220703125,280.6199951171875,1415300
2025-10-20,276.75018310546875,279.260009765625,280.82000732421875,275.7300109863281,280.2200012207031,1171200
2025-10-21,276.50244140625,279.010009765625,280.6000061035156,277.2200012207031,278.79998779296875,1424100
2025-10-22,280.4962158203125,283.0400085449219,284.05999755859375,277.9200134277344,279.5199890136719,1405900
2025-10-23,279.951171875,282.489990234375,284.3299865722656,280.4100036621094,283.0299987792969,1086900
2025-10-24,278.20697021484375,280.7300109863281,284.1700134277344,280.2900085449219,282.5,1437200
2025-10-27,276.4925231933594,279.0,281.6600036621094,278.1000061035156,280.55999755859375,930300
2025-10-28,265.0958557128906,267.5,279.0,266.7099914550781,277.239990234375,2838800
2025-10-29,259.66510009765625,262.0199890136719,268.8500061035156,261.0400085449219,265.6199951171875,3165300
2025-10-30,259.675048828125,262.0299987792969,265.8299865722656,261.2900085449219,264.5,2712700
2025-10-31,247.24774169921875,249.49000549316406,254.42999267578125,242.75,242.75,5066700
2025-11-03,240.79624938964844,242.97999572753906,249.49000549316406,239.47000122070312,249.49000549316406,2586700
2025-11-04,249.43788146972656,251.6999969482422,252.11000061035156,242.6999969482422,244.5,2473800
2025-11-05,245.8206787109375,248.0500030517578,253.0,248.0399932861328,250.88999938964844,1673100
2025-11-06,243.0359344482422,245.24000549316406,249.9499969482422,244.27999877929688,246.89999389648438,1456700
2025-11-07,247.7630615234375,250.00999450683594,250.88999938964844,244.66000366210938,245.6699981689453,1746600
2025-11-10,248.8036346435547,251.05999755859375,251.74000549316406,247.02999877929688,248.8800048828125,1463100
2025-11-11,252.7082061767578,255.0,255.14999389648438,250.49000549316406,251.3000030517578,1338500
2025-11-12,253.56048583984375,255.86000061035156,256.5299987792969,253.1699981689453,254.39999389648438,1256800
2025-11-13,254.40286254882812,256.7099914550781,259.45001220703125,254.4600067138672,255.2899932861328,2174300
2025-11-14,256.18670654296875,258.510009765625,262.5899963378906,254.57000732421875,258.2200012207031,1828600
2025-11-17,256.9794921875,259.30999755859375,261.6300048828125,257.8999938964844,259.4100036621094,2174900
2025-11-18,256.3155517578125,258.6400146484375,261.55999755859375,256.0,259.5400085449219,1814900
2025-11-19,246.4846649169922,248.72000122070312,259.6099853515625,247.63999938964844,258.5,2191200
2025-11-20,245.0774383544922,247.3000030517578,250.42999267578125,245.69000244140625,245.74000549316406,1571200
2025-11-21,249.15049743652344,251.41000366210938,251.64999389648438,246.85000610351562,249.0,1710200
2025-11-24,245.97926330566406,248.2100067138672,252.44000244140625,244.72000122070312,251.25999450683594,2094700
2025-11-25,247.99099731445312,250.24000549316406,251.58999633789062,247.6999969482422,249.8000030517578,966400
2025-11-26,246.28646850585938,248.52000427246094,252.0,247.8000030517578,250.57000732421875,1011000
2025-11-28,245.39454650878906,247.6199951171875,249.99000549316406,246.60000610351562,247.74000549316406,756600
2025-12-01,243.88821411132812,246.10000610351562,249.47000122070312,246.07000732421875,248.39999389648438,1418400
2025-12-02,242.0251007080078,244.22000122070312,246.74000549316406,243.3699951171875,245.8800048828125,1691900
2025-12-03,243.15484619140625,245.36000061035156,246.22999572753906,242.61000061035156,244.42999267578125,1519200
2025-12-04,243.2044219970703,245.41000366210938,246.88999938964844,243.8699951171875,245.77000427246094,1281700
2025-12-05,238.1865234375,239.7100067138672,245.0,238.64999389648438,244.69000244140625,1771900
2025-12-08,236.3383331298828,237.85000610351562,239.7899932861328,236.6999969482422,238.77000427246094,1358000
2025-12-09,238.38523864746094,239.91000366210938,240.75,237.8800048828125,238.67999267578125,1067000
2025-12-10,238.92181396484375,240.4499969482422,240.4499969482422,236.33999633789062,239.47999572753906,1745100
2025-12-11,246.04623413085938,247.6199951171875,247.75999450683594,240.8300018310547,242.16000366210938,2426100
2025-12-12,253.75692749023438,255.3800048828125,256.17999267578125,248.89999389648438,249.0500030517578,2238600
2025-12-15,254.56178283691406,256.19000244140625,257.3699951171875,253.07000732421875,254.2100067138672,2328000
2025-12-16,250.37852478027344,251.97999572753906,256.739990234375,249.27000427246094,256.19000244140625,2062400
2025-12-17,249.30538940429688,250.89999389648438,254.77999877929688,250.25999450683594,252.0,1666200
2025-12-18,251.0343475341797,252.63999938964844,253.77000427246094,249.1300048828125,249.75,1262900
2025-12-19,251.77955627441406,253.38999938964844,256.7099914550781,252.13999938964844,252.8800048828125,3971200
2025-12-22,256.6086730957031,258.25,259.0,251.3699951171875,251.9600067138672,1590300
2025-12-23,257.05584716796875,258.70001220703125,259.0,256.4800109863281,258.0,1153600
2025-12-24,259.1126403808594,260.7699890136719,261.79998779296875,257.9599914550781,257.9599914550781,545100
2025-12-26,259.81817626953125,261.4800109863281,261.9100036621094,259.32000732421875,260.760009765625,844600
2025-12-29,261.4676208496094,263.1400146484375,263.69000244140625,261.5,261.5400085449219,1367500
2025-12-30,260.1659240722656,261.8299865722656,263.7900085449219,261.75,263.0400085449219,1017100
2025-12-31,257.145263671875,258.7900085449219,261.5400085449219,258.7300109863281,261.0299987792969,1018400
2026-01-02,254.37298583984375,256.0,258.57000732421875,254.33999633789062,257.1099853515625,1252700
2026-01-05,261.56695556640625,263.239990234375,265.75,253.19000244140625,254.77999877929688,1543500
2026-01-06,261.0999450683594,262.7699890136719,264.6400146484375,259.4200134277344,262.1700134277344,1347700
2026-01-07,257.3539123535156,259.0,260.94000244140625,254.11000061035156,259.25,1928300
2026-01-08,262.85870361328125,264.5400085449219,266.6099853515625,258.0,259.42999267578125,1408000
2026-01-09,262.90838623046875,264.5899963378906,266.6700134277344,263.6199951171875,264.3999938964844,1012200
2026-01-12,263.15679931640625,264.8399963378906,266.8699951171875,262.3999938964844,265.1300048828125,1815100
2026-01-13,255.36663818359375,257.0,264.69000244140625,255.3000030517578,263.8999938964844,2950900
2026-01-14,255.34677124023438,256.9800109863281,260.2900085449219,255.8300018310547,256.7900085449219,2608000
2026-01-15,254.5220184326172,256.1499938964844,258.2699890136719,255.07000732421875,256.19000244140625,2452100
2026-01-16,256.876953125,258.5199890136719,258.5899963378906,253.38999938964844,255.22999572753906,2126400
2026-01-20,253.26011657714844,254.8800048828125,257.6099853515625,254.2100067138672,255.60000610351562,2115500
2026-01-21,248.4906005859375,250.0800018310547,257.6700134277344,244.97999572753906,255.72999572753906,2710500
2026-01-22,248.78871154785156,250.3800048828125,252.11000061035156,247.10000610351562,249.19000244140625,2703800
2026-01-23,251.60072326660156,253.2100067138672,253.72000122070312,248.5800018310547,248.5800018310547,1504800
2026-01-26,253.78672790527344,255.41000366210938,255.9499969482422,252.07000732421875,253.6999969482422,1592800
2026-01-27,240.78985595703125,242.3300018310547,250.3800048828125,236.52999877929688,250.05999755859375,3488100
2026-01-28,240.82958984375,242.3699951171875,246.1999969482422,240.8000030517578,242.5,1728200
2026-01-29,244.27755737304688,245.83999633789062,248.4600067138672,241.7100067138672,244.4199981689453,2250600
2026-01-30,247.7851104736328,249.3699951171875,256.6000061035156,247.7899932861328,248.72999572753906,2537700
2026-02-02,243.711181640625,245.27000427246094,255.17999267578125,244.33999633789062,250.4199981689453,1890300
2026-02-03,246.15553283691406,247.72999572753906,250.19000244140625,241.86000061035156,245.0,2189600
2026-02-04,247.96397399902344,249.5500030517578,254.47999572753906,245.72999572753906,247.47000122070312,3285900
2026-02-05,241.2071990966797,242.75,253.22000122070312,242.4600067138672,252.17999267578125,1647400
2026-02-06,240.0446319580078,241.5800018310547,245.2100067138672,239.3300018310547,244.25999450683594,1387400
2026-02-09,216.40582275390625,217.7899932861328,242.0,217.3699951171875,240.1199951171875,3456400
2026-02-10,211.22894287109375,212.5800018310547,224.61000061035156,210.00999450683594,220.5,5002300
2026-02-11,204.00514221191406,205.30999755859375,212.99000549316406,204.02999877929688,211.72999572753906,4421900
2026-02-12,203.4884490966797,204.7899932861328,207.8699951171875,195.0,205.17999267578125,6242600
2026-02-13,207.12518310546875,208.4499969482422,212.0500030517578,202.0800018310547,206.13999938964844,4973200
2026-02-17,212.63992309570312,214.0,216.0399932861328,206.92999267578125,212.25999450683594,4648200
2026-02-18,213.12680053710938,214.49000549316406,215.22999572753906,210.32000732421875,213.66000366210938,2387700
2026-02-19,216.9821319580078,218.3699951171875,218.6699981689453,213.0500030517578,213.8000030517578,2708900
2026-02-20,215.1339569091797,216.50999450683594,221.0,214.50999450683594,220.1699981689453,2064000
2026-02-23,212.9678192138672,214.3300018310547,218.33999633789062,213.00999450683594,214.5500030517578,2375100
2026-02-24,214.60733032226562,215.97999572753906,216.22999572753906,209.44000244140625,213.4499969482422,2985000
2026-02-25,216.74368286132812,218.1300048828125,218.30999755859375,213.5800018310547,216.6999969482422,2263200
2026-02-26,223.78860473632812,225.22000122070312,225.88999938964844,218.69000244140625,219.61000061035156,2313200
2026-02-27,226.74966430664062,228.1999969482422,228.80999755859375,223.50999450683594,228.41000366210938,2959700
2026-03-02,227.81288146972656,229.27000427246094,231.02000427246094,225.69000244140625,227.5800018310547,1942000
2026-03-03,223.7985382080078,225.22999572753906,230.75,221.47999572753906,228.0500030517578,2289400
2026-03-04,224.1463165283203,225.5800018310547,228.63999938964844,223.30999755859375,224.5500030517578,3109600
2026-03-05,228.19044494628906,229.64999389648438,231.10000610351562,223.9499969482422,224.4600067138672,2057200
2026-03-06,227.3731689453125,228.1300048828125,229.64999389648438,224.77000427246094,228.2899932861328,2191800
2026-03-09,217.05751037597656,217.77999877929688,226.89999389648438,215.27999877929688,226.89999389648438,1977700
2026-03-10,211.01760864257812,211.72000122070312,217.52000427246094,210.3000030517578,216.99000549316406,1880400
2026-03-11,209.1438446044922,209.83999633789062,215.33999633789062,209.5500030517578,215.0,1922900
2026-03-12,203.53253173828125,204.2100067138672,211.8699951171875,203.41000366210938,208.85000610351562,3725000
2026-03-13,207.24017333984375,207.92999267578125,208.97000122070312,203.2100067138672,207.27000427246094,2477800
2026-03-16,211.14718627929688,211.85000610351562,212.7899932861328,208.0,209.97000122070312,1516500
2026-03-17,208.4661102294922,209.16000366210938,216.14999389648438,206.8000030517578,213.97000122070312,2195100
2026-03-18,208.7850341796875,209.47999572753906,210.77999877929688,204.5800018310547,208.25999450683594,1671800
2026-03-19,208.984375,209.67999267578125,212.82000732421875,207.8300018310547,210.1300048828125,2049900
2026-03-20,214.10733032226562,214.82000732421875,215.86000061035156,210.2100067138672,210.38999938964844,3845300
2026-03-23,216.02096557617188,216.74000549316406,218.5399932861328,215.0800018310547,217.3699951171875,2136000
2026-03-24,215.56248474121094,216.27999877929688,218.33999633789062,214.88999938964844,218.27000427246094,2508300
2026-03-25,212.85150146484375,213.55999755859375,218.8300018310547,211.7100067138672,217.2899932861328,1592700
2026-03-26,209.5724334716797,210.27000427246094,217.2100067138672,209.60000610351562,214.02999877929688,1939300
2026-03-27,206.41294860839844,207.10000610351562,213.1699981689453,205.89999389648438,210.07000732421875,2103700
2026-03-30,215.23358154296875,215.9499969482422,217.25,206.5,208.00999450683594,2000900
2026-03-31,215.8614959716797,216.5800018310547,219.14999389648438,214.1999969482422,216.82000732421875,2938600
2026-04-01,215.62228393554688,216.33999633789062,219.77000427246094,215.47000122070312,217.77999877929688,1864000
2026-04-02,216.88807678222656,217.61000061035156,221.33999633789062,215.1300048828125,216.41000366210938,1730500
2026-04-06,218.54257202148438,219.27000427246094,221.10000610351562,216.86000061035156,217.16000366210938,1437100
2026-04-07,216.84820556640625,217.57000732421875,221.0800018310547,217.1199951171875,219.0,1850400
2026-04-08,220.06748962402344,220.8000030517578,222.52000427246094,218.25,219.75,1709200
2026-04-09,217.6654815673828,218.38999938964844,221.9499969482422,217.0399932861328,219.05999755859375,1637900
2026-04-10,212.84153747558594,213.5500030517578,218.64999389648438,206.2100067138672,217.0,5172700
2026-04-13,221.76185607910156,222.5,223.52999877929688,213.64999389648438,214.27999877929688,2301800
2026-04-14,219.18045043945312,219.91000366210938,223.38999938964844,219.60000610351562,221.22999572753906,1178300
2026-04-15,222.42962646484375,223.1699981689453,224.4600067138672,219.0500030517578,220.52999877929688,1221300
2026-04-16,223.33660888671875,224.0800018310547,225.69000244140625,222.80999755859375,224.13999938964844,1574500
2026-04-17,220.8748016357422,221.61000061035156,225.24000549316406,220.72000122070312,224.0,1851000
2026-04-20,222.32997131347656,223.07000732421875,223.57000732421875,220.77000427246094,221.60000610351562,1307900
2026-04-21,223.71534729003906,224.4600067138672,226.0,222.2899932861328,223.60000610351562,1550500
2026-04-22,220.37646484375,221.11000061035156,223.33999633789062,218.50999450683594,223.33999633789062,1309400
2026-04-23,218.64222717285156,219.3699951171875,221.27999877929688,217.5800018310547,220.7899932861328,995300
2026-04-24,214.6654815673828,215.3800048828125,218.7899932861328,213.97999572753906,216.94000244140625,1228500
2026-04-27,214.34652709960938,215.05999755859375,216.88999938964844,211.55999755859375,213.1300048828125,1343500
2026-04-28,212.71197509765625,213.4199981689453,217.0,209.77999877929688,215.85000610351562,1367600
2026-04-29,211.10731506347656,211.80999755859375,214.39999389648438,210.33999633789062,212.8800048828125,1288200
2026-04-30,205.7152557373047,206.39999389648438,210.30999755859375,202.2100067138672,210.30999755859375,3093700
2026-05-01,207.41958618164062,208.11000061035156,218.8800048828125,206.57000732421875,217.0,2392400
2026-05-04,206.34317016601562,207.02999877929688,211.0800018310547,205.63999938964844,207.88999938964844,1213500
2026-05-05,205.11724853515625,205.8000030517578,207.69000244140625,204.72000122070312,206.2899932861328,1290900
2026-05-06,196.25674438476562,196.91000366210938,209.0800018310547,196.8000030517578,207.39999389648438,2243900
2026-05-07,201.2700653076172,201.94000244140625,203.1300048828125,194.14999389648438,194.27000427246094,3218100
2026-05-08,198.21023559570312,198.8699951171875,201.19000244140625,196.64999389648438,200.88999938964844,1596700
2026-05-11,197.91123962402344,198.57000732421875,200.33999633789062,195.13999938964844,197.9499969482422,1809600
2026-05-12,196.7451171875,197.39999389648438,202.91000366210938,195.80999755859375,199.39999389648438,2051200
2026-05-13,191.363037109375,192.0,197.22000122070312,190.75,194.77999877929688,2543300
2026-05-14,197.02418518066406,197.67999267578125,198.74000549316406,193.49000549316406,195.17999267578125,3020100
2026-05-15,199.28665161132812,199.9499969482422,200.6699981689453,196.32000732421875,199.72000122070312,2388400
2026-05-18,206.4627685546875,207.14999389648438,208.14999389648438,198.8800048828125,199.8800048828125,1614000
2026-05-19,202.77503967285156,203.4499969482422,210.24000549316406,203.41000366210938,209.24000549316406,1961800
2026-05-20,202.9345245361328,203.61000061035156,204.97999572753906,199.6699981689453,203.35000610351562,1470500
2026-05-21,206.72190856933594,207.41000366210938,207.9499969482422,200.0,201.9499969482422,1351700
2026-05-22,204.07073974609375,204.75,207.41000366210938,203.1199951171875,206.5,1240300
2026-05-26,203.28335571289062,203.9600067138672,206.00999450683594,202.10000610351562,202.9600067138672,2265800
2026-05-27,202.1770477294922,202.85000610351562,208.99000549316406,202.0,205.05999755859375,1596900
2026-05-28,201.97769165039062,202.64999389648438,206.1999969482422,200.0399932861328,202.89999389648438,1139900
2026-05-29,200.44281005859375,201.11000061035156,203.72999572753906,200.3000030517578,201.8800048828125,1788100
2026-06-01,205.416259765625,206.10000610351562,206.25,200.0,200.57000732421875,1416000
2026-06-02,205.0873565673828,205.77000427246094,207.13999938964844,200.6999969482422,204.2899932861328,1504400
2026-06-03,201.8282012939453,202.5,204.72999572753906,199.69000244140625,203.8300018310547,1999500
2026-06-04,210.3000030517578,211.0,212.52000427246094,206.4199981689453,207.4499969482422,1694100
2026-06-05,216.13999938964844,216.13999938964844,216.72999572753906,212.08999633789062,212.27999877929688,1462900
2026-06-08,212.52000427246094,212.52000427246094,215.58999633789062,211.5,213.47999572753906,1902100
2026-06-09,217.0500030517578,217.0500030517578,219.52000427246094,212.55999755859375,214.5500030517578,1950600
2026-06-10,220.13999938964844,220.13999938964844,225.33999633789062,215.88999938964844,219.19000244140625,2026700
2026-06-11,220.89999389648438,220.89999389648438,223.66000366210938,220.5800018310547,221.8300018310547,2479300
2026-06-12,218.69000244140625,218.69000244140625,222.39999389648438,217.22000122070312,220.7899932861328,1790800
2026-06-15,215.74000549316406,215.74000549316406,218.75,214.49000549316406,217.3800048828125,1544700
2026-06-16,215.89999389648438,215.89999389648438,217.8699951171875,214.1999969482422,217.0800018310547,1372700
2026-06-17,216.08999633789062,216.08999633789062,224.99000549316406,215.6199951171875,216.5,1614600
2026-06-18,214.05999755859375,214.05999755859375,216.17999267578125,211.2899932861328,216.1699981689453,2848400
2026-06-22,209.0800018310547,209.0800018310547,216.1199951171875,208.0800018310547,213.9199981689453,2128800
2026-06-23,215.77999877929688,215.77999877929688,217.8699951171875,211.99000549316406,213.67999267578125,2312700
2026-06-24,220.75999450683594,220.75999450683594,221.97999572753906,215.1300048828125,217.6300048828125,3195800
2026-06-25,217.86000061035156,217.86000061035156,222.97999572753906,217.80999755859375,219.7899932861328,1406100
2026-06-26,226.00999450683594,226.00999450683594,226.55999755859375,219.6699981689453,220.5800018310547,2225600
2026-06-29,227.1199951171875,227.1199951171875,227.19000244140625,223.25999450683594,226.44000244140625,1542600
2026-06-30,229.57000732421875,229.57000732421875,230.5800018310547,224.49000549316406,226.85000610351562,1651700
2026-07-01,239.6699981689453,239.6699981689453,244.0800018310547,229.6300048828125,230.80999755859375,3061500
2026-07-02,252.44000244140625,252.44000244140625,252.9600067138672,240.30999755859375,240.9600067138672,2741400
2026-07-06,249.77000427246094,249.77000427246094,251.7899932861328,247.8800048828125,251.36000061035156,1868700
2026-07-07,254.6699981689453,254.6699981689453,256.6300048828125,252.0,254.0,1887100
2026-07-08,256.6099853515625,256.6099853515625,256.8699951171875,251.85000610351562,253.3800048828125,1942500
2026-07-09,253.75999450683594,253.75999450683594,255.22000122070312,251.72000122070312,254.14999389648438,1473400
2026-07-10,253.08999633789062,253.08999633789062,255.5,250.94000244140625,254.89999389648438,1033000
2026-07-13,261.2300109863281,261.2300109863281,261.2699890136719,255.97000122070312,255.97000122070312,1337200
2026-07-14,253.8300018310547,253.8300018310547,260.19000244140625,253.82000732421875,257.2300109863281,1369100
2026-07-15,247.77000427246094,247.77000427246094,255.61000061035156,246.35000610351562,255.61000061035156,1851800
2026-07-16,255.92999267578125,255.92999267578125,256.1400146484375,250.0,250.6199951171875,1443500
2026-07-17,253.89999389648438,253.89999389648438,261.9200134277344,252.3000030517578,257.6099853515625,1530700
2026-07-20,253.66000366210938,253.66000366210938,254.75999450683594,249.77999877929688,250.92999267578125,976100
2026-07-21,248.22000122070312,248.22000122070312,255.5,247.14999389648438,251.97000122070312,1046900
2026-07-22,242.5,242.5,248.0399932861328,241.13999938964844,248.0399932861328,974000
2026-07-23,242.2100067138672,242.2100067138672,243.85000610351562,240.97999572753906,242.4499969482422,1345100
2026-07-24,247.77000427246094,247.77000427246094,248.44000244140625,241.1199951171875,242.92999267578125,1259400
2026-07-27,253.36000061035156,253.36000061035156,255.39999389648438,248.13999938964844,249.4199981689453,1110000
2026-07-28,265.30999755859375,265.30999755859375,265.3800048828125,254.14999389648438,255.0,1533700
2026-07-29,268.9100036621094,268.9100036621094,269.79998779296875,259.3399963378906,261.5899963378906,1573600
2026-07-30,256.4599914550781,256.4599914550781,269.989990234375,253.5399932861328,269.989990234375,1926400
2026-07-31,249.4199981689453,249.4199981689453,255.72999572753906,242.27999877929688,245.92999267578125,1736300
2026-08-03,247.7899932861328,247.7899932861328,255.97999572753906,246.22000122070312,251.2100067138672,1581800
2026-08-04,248.05999755859375,248.05999755859375,248.8300018310547,240.82000732421875,242.83999633789062,1419500
2026-08-05,251.02999877929688,251.02999877929688,252.2899932861328,247.57000732421875,249.8300018310547,956400
2026-08-06,251.74000549316406,251.74000549316406,253.77999877929688,247.52000427246094,252.77999877929688,1287600
2026-08-07,248.1199951171875,248.1199951171875,252.0399932861328,246.2899932861328,247.9600067138672,1128700
2026-08-10,252.42999267578125,252.42999267578125,252.86000061035156,245.3300018310547,247.0,1280100
2026-08-11,253.50999450683594,253.50999450683594,256.20001220703125,247.0,248.97999572753906,1648700
2026-08-12,255.4600067138672,255.4600067138672,256.2900085449219,248.11000061035156,250.0,1475000
2026-08-13,253.49000549316406,253.49000549316406,257.1199951171875,250.0,256.3500061035156,1011600
2026-08-14,251.2100067138672,251.2100067138672,254.38999938964844,250.0,253.16000366210938,895800
2026-08-17,247.97000122070312,247.97000122070312,253.57000732421875,246.8800048828125,248.99000549316406,853800
2026-08-18,248.36000061035156,248.36000061035156,255.27999877929688,248.05999755859375,250.02000427246094,891575
