Price,Adj Close,Close,High,Low,Open,Volume
Ticker,ALB,ALB,ALB,ALB,ALB,ALB
Date,,,,,,
1994-02-22,4.2292399406433105,7.25,7.375,7.25,7.375,20800
1994-02-23,4.046944618225098,6.9375,7.125,6.75,7.125,31600
1994-02-24,3.9740278720855713,6.8125,6.9375,6.8125,6.9375,32000
1994-02-25,3.7552707195281982,6.4375,6.6875,6.25,6.6875,49800
1994-02-28,3.864650249481201,6.625,6.75,6.4375,6.5,170400
1994-03-01,3.8281893730163574,6.5625,6.625,6.5,6.625,41600
1994-03-02,3.8281893730163574,6.5625,6.5625,6.4375,6.4375,67000
1994-03-03,3.7917325496673584,6.5,6.625,6.5,6.625,27800
1994-03-04,3.937565803527832,6.75,6.75,6.4375,6.5,358200
1994-03-07,3.937565803527832,6.75,6.8125,6.4375,6.4375,690800
1994-03-08,3.9740278720855713,6.8125,6.8125,6.75,6.75,515200
1994-03-09,4.010483741760254,6.875,6.875,6.8125,6.8125,540400
1994-03-10,4.010483741760254,6.875,6.875,6.8125,6.875,1832200
1994-03-11,4.192779064178467,7.1875,7.1875,6.9375,6.9375,1895400
1994-03-14,4.411532402038574,7.5625,7.625,7.1875,7.1875,1413800
1994-03-15,4.338615417480469,7.4375,7.6875,7.4375,7.5625,1665200
1994-03-16,4.338615417480469,7.4375,7.4375,7.3125,7.4375,717000
1994-03-17,4.42641019821167,7.5625,7.6875,7.4375,7.4375,971200
1994-03-18,4.462991714477539,7.625,7.6875,7.625,7.625,1178000
1994-03-21,4.499574184417725,7.6875,7.6875,7.625,7.625,659400
1994-03-22,4.572740077972412,7.8125,7.875,7.6875,7.6875,374000
1994-03-23,4.609320163726807,7.875,7.9375,7.75,7.8125,430200
1994-03-24,4.536159515380859,7.75,7.875,7.75,7.8125,747000
1994-03-25,4.499574184417725,7.6875,7.8125,7.625,7.8125,370000
1994-03-28,4.462991714477539,7.625,7.6875,7.625,7.6875,1116200
1994-03-29,4.389829158782959,7.5,7.6875,7.5,7.625,595800
1994-03-30,4.316665172576904,7.375,7.5,7.3125,7.5,653000
1994-03-31,4.316665172576904,7.375,7.4375,7.25,7.375,448400
1994-04-04,4.316665172576904,7.375,7.375,7.125,7.125,386600
1994-04-05,4.462991714477539,7.625,7.6875,7.3125,7.3125,361600
1994-04-06,4.316665172576904,7.375,7.6875,7.375,7.625,551400
1994-04-07,4.353247165679932,7.4375,7.5,7.375,7.5,338400
1994-04-08,4.389829158782959,7.5,7.5,7.3125,7.3125,166000
1994-04-11,4.243504047393799,7.25,7.625,7.25,7.5,424800
1994-04-12,4.170337677001953,7.125,7.25,7.125,7.125,602800
1994-04-13,4.097175121307373,7.0,7.3125,7.0,7.125,504600
1994-04-14,4.06059455871582,6.9375,7.0625,6.9375,7.0625,378200
1994-04-15,4.0240092277526855,6.875,7.0625,6.875,6.875,197600
1994-04-18,4.243504047393799,7.25,7.25,7.0,7.0,184800
1994-04-19,4.243504047393799,7.25,7.3125,7.1875,7.1875,122200
1994-04-20,4.170337677001953,7.125,7.3125,7.125,7.3125,201400
1994-04-21,4.0240092277526855,6.875,7.3125,6.875,7.125,858200
1994-04-22,4.243504047393799,7.25,7.25,7.0,7.0,411400
1994-04-25,4.462991714477539,7.625,7.625,7.1875,7.1875,330600
1994-04-26,4.316665172576904,7.375,7.5625,7.25,7.5625,313400
1994-04-28,4.280083656311035,7.3125,7.3125,7.125,7.3125,161600
1994-04-29,4.243504047393799,7.25,7.3125,7.1875,7.25,344600
1994-05-02,4.206920146942139,7.1875,7.3125,7.0625,7.1875,135800
1994-05-03,4.206920146942139,7.1875,7.4375,7.125,7.25,375200
1994-05-04,4.280083656311035,7.3125,7.375,7.125,7.125,491800
1994-05-05,4.243504047393799,7.25,7.3125,7.1875,7.3125,152800
1994-05-06,4.243504047393799,7.25,7.3125,7.25,7.25,272800
1994-05-09,4.243504047393799,7.25,7.3125,7.25,7.25,161600
1994-05-10,4.389829158782959,7.5,7.5,7.25,7.25,308200
1994-05-11,4.42641019821167,7.5625,7.6875,7.5,7.5,388600
1994-05-12,4.536159515380859,7.75,7.75,7.5,7.5,155000
1994-05-13,4.316665172576904,7.375,7.75,7.375,7.6875,105200
1994-05-16,4.353247165679932,7.4375,7.5625,7.375,7.375,206800
1994-05-17,4.389829158782959,7.5,7.5625,7.4375,7.5,422600
1994-05-18,4.389829158782959,7.5,7.5,7.4375,7.5,130800
1994-05-19,4.42641019821167,7.5625,7.625,7.375,7.4375,199400
1994-05-20,4.316665172576904,7.375,7.5625,7.375,7.5,119600
1994-05-23,4.243504047393799,7.25,7.375,7.25,7.3125,195600
1994-05-24,4.42641019821167,7.5625,7.5625,7.375,7.4375,158200
1994-05-25,4.499574184417725,7.6875,7.75,7.5,7.5,104800
1994-05-26,4.536159515380859,7.75,7.75,7.5625,7.75,345800
1994-05-27,4.572740077972412,7.8125,7.8125,7.625,7.6875,298000
1994-05-31,4.719067573547363,8.0625,8.25,7.875,7.9375,456400
1994-06-01,4.609320163726807,7.875,8.0625,7.875,8.0625,268200
1994-06-02,4.609320163726807,7.875,8.0625,7.8125,8.0,81000
1994-06-03,4.536159515380859,7.75,7.9375,7.625,7.8125,397400
1994-06-06,4.609320163726807,7.875,7.9375,7.8125,7.875,75600
1994-06-07,4.64590311050415,7.9375,7.9375,7.75,7.75,92800
1994-06-08,4.609320163726807,7.875,7.9375,7.875,7.9375,107600
1994-06-09,4.624000072479248,7.875,7.90625,7.8125,7.8125,187800
1994-06-10,4.513906002044678,7.6875,7.875,7.6875,7.875,280600
1994-06-13,4.624000072479248,7.875,7.875,7.5625,7.75,97600
1994-06-14,4.734095573425293,8.0625,8.0625,7.8125,7.875,339800
1994-06-15,4.807493209838867,8.1875,8.1875,8.0,8.0,305200
1994-06-16,4.99098539352417,8.5,8.5,8.0625,8.125,393800
1994-06-17,4.8441901206970215,8.25,8.5,8.25,8.5,407200
1994-06-20,4.7707953453063965,8.125,8.25,8.0625,8.125,47800
1994-06-21,4.99098539352417,8.5,8.5,8.125,8.125,556200
1994-06-22,4.99098539352417,8.5,8.625,8.375,8.375,759200
1994-06-23,4.99098539352417,8.5,8.5,8.4375,8.4375,553200
1994-06-24,4.917591094970703,8.375,8.5,8.375,8.4375,1003800
1994-06-27,4.8441901206970215,8.25,8.375,8.125,8.375,295200
1994-06-28,4.7707953453063965,8.125,8.25,8.125,8.1875,165800
1994-06-29,4.697397708892822,8.0,8.125,8.0,8.125,396200
1994-06-30,4.807493209838867,8.1875,8.1875,8.0,8.0,453200
1994-07-01,4.7707953453063965,8.125,8.25,8.0625,8.1875,870200
1994-07-05,4.807493209838867,8.1875,8.25,8.0625,8.0625,685600
1994-07-06,4.7707953453063965,8.125,8.25,8.125,8.1875,163800
1994-07-07,4.807493209838867,8.1875,8.25,8.125,8.125,290600
1994-07-08,4.8441901206970215,8.25,8.3125,8.125,8.125,165000
1994-07-11,4.8441901206970215,8.25,8.3125,8.1875,8.1875,86800
1994-07-12,4.734095573425293,8.0625,8.25,8.0625,8.25,390800
1994-07-13,4.734095573425293,8.0625,8.125,8.0,8.0625,287000
1994-07-14,4.734095573425293,8.0625,8.125,7.9375,7.9375,167600
1994-07-15,4.734095573425293,8.0625,8.0625,7.9375,7.9375,78800
1994-07-18,4.807493209838867,8.1875,8.25,8.0,8.0625,150600
1994-07-19,4.917591094970703,8.375,8.5,8.3125,8.3125,743800
1994-07-20,5.027684688568115,8.5625,8.5625,8.3125,8.375,1206000
1994-07-21,5.027684688568115,8.5625,8.5625,8.4375,8.4375,544800
1994-07-22,5.027684688568115,8.5625,8.625,8.5,8.5625,201400
1994-07-25,5.064380168914795,8.625,8.625,8.5,8.625,71600
1994-07-26,5.101080417633057,8.6875,8.8125,8.625,8.75,205400
1994-07-27,5.101080417633057,8.6875,8.8125,8.625,8.625,244000
1994-07-28,5.064380168914795,8.625,8.625,8.5625,8.625,122400
1994-07-29,5.101080417633057,8.6875,8.6875,8.5625,8.625,102400
1994-08-01,5.101080417633057,8.6875,8.6875,8.625,8.625,136800
1994-08-02,5.1744771003723145,8.8125,8.8125,8.6875,8.75,513400
1994-08-03,5.1744771003723145,8.8125,8.8125,8.6875,8.8125,709800
1994-08-04,4.660699844360352,7.9375,8.25,7.625,8.25,1680600
1994-08-05,4.550604820251465,7.75,7.9375,7.75,7.9375,373600
1994-08-08,4.587301731109619,7.8125,7.875,7.75,7.8125,501400
1994-08-09,4.550604820251465,7.75,7.875,7.6875,7.875,1031000
1994-08-10,4.513906002044678,7.6875,7.75,7.625,7.75,1103200
1994-08-11,4.440506458282471,7.5625,7.65625,7.5625,7.625,703800
1994-08-12,4.513906002044678,7.6875,7.6875,7.375,7.5625,422800
1994-08-15,4.587301731109619,7.8125,7.8125,7.625,7.625,173800
1994-08-16,4.734095573425293,8.0625,8.0625,7.75,7.8125,280000
1994-08-17,4.734095573425293,8.0625,8.25,8.0,8.0625,131800
1994-08-18,4.697397708892822,8.0,8.0625,8.0,8.0,225800
1994-08-19,4.8441901206970215,8.25,8.375,8.0625,8.0625,166600
1994-08-22,4.7707953453063965,8.125,8.1875,8.0625,8.125,41000
1994-08-23,4.7707953453063965,8.125,8.1875,8.125,8.1875,186800
1994-08-24,4.660699844360352,7.9375,8.125,7.9375,8.125,183200
1994-08-25,4.513906002044678,7.6875,7.8125,7.5625,7.8125,178000
1994-08-26,4.477207183837891,7.625,7.6875,7.4375,7.625,515200
1994-08-29,4.513906002044678,7.6875,7.6875,7.5625,7.5625,45800
1994-08-30,4.403809547424316,7.5,7.625,7.3125,7.5625,420800
1994-08-31,4.403809547424316,7.5,7.625,7.4375,7.625,277200
1994-09-01,4.367112636566162,7.4375,7.625,7.4375,7.625,142400
1994-09-02,4.367112636566162,7.4375,7.5,7.4375,7.4375,117000
1994-09-06,4.403809547424316,7.5,7.5,7.375,7.4375,226800
1994-09-07,4.3304123878479,7.375,7.5625,7.375,7.5625,192600
1994-09-08,4.3304123878479,7.375,7.4375,7.375,7.375,105600
1994-09-09,4.308320045471191,7.3125,7.4375,7.3125,7.3125,1000800
1994-09-12,4.308320045471191,7.3125,7.4375,7.1875,7.4375,419400
1994-09-13,4.381968021392822,7.4375,7.4375,7.375,7.4375,97800
1994-09-14,4.345142364501953,7.375,7.4375,7.3125,7.375,62600
1994-09-15,4.2346720695495605,7.1875,7.375,7.1875,7.375,956600
1994-09-16,4.271495819091797,7.25,7.25,7.1875,7.25,245000
1994-09-19,4.271495819091797,7.25,7.25,7.1875,7.25,134400
1994-09-20,4.4556121826171875,7.5625,7.5625,7.4375,7.4375,1914200
1994-09-21,4.381968021392822,7.4375,7.5,7.375,7.5,471400
1994-09-22,4.271495819091797,7.25,7.5,7.25,7.375,1111000
1994-09-23,4.2346720695495605,7.1875,7.3125,7.1875,7.3125,85200
1994-09-26,4.271495819091797,7.25,7.25,7.1875,7.25,652400
1994-09-27,4.308320045471191,7.3125,7.3125,7.1875,7.1875,158600
1994-09-28,4.271495819091797,7.25,7.3125,7.25,7.3125,220200
1994-09-29,4.197850227355957,7.125,7.25,7.125,7.25,242200
1994-09-30,4.2346720695495605,7.1875,7.25,7.1875,7.1875,36600
1994-10-03,4.2346720695495605,7.1875,7.3125,7.1875,7.25,319000
1994-10-04,4.197850227355957,7.125,7.25,7.125,7.1875,307400
1994-10-05,4.197850227355957,7.125,7.25,7.125,7.1875,162200
1994-10-06,4.2346720695495605,7.1875,7.1875,7.125,7.1875,35200
1994-10-07,4.197850227355957,7.125,7.125,7.0,7.125,450600
1994-10-10,4.2346720695495605,7.1875,7.1875,7.0625,7.0625,42800
1994-10-11,4.197850227355957,7.125,7.1875,7.125,7.1875,75200
1994-10-12,4.197850227355957,7.125,7.1875,7.125,7.1875,113600
1994-10-13,4.308320045471191,7.3125,7.375,7.125,7.125,2396400
1994-10-14,4.529260158538818,7.6875,7.6875,7.3125,7.3125,275200
1994-10-17,4.4556121826171875,7.5625,7.6875,7.5625,7.6875,61400
1994-10-18,4.4556121826171875,7.5625,7.625,7.5625,7.5625,25200
1994-10-19,4.529260158538818,7.6875,7.8125,7.625,7.625,167200
1994-10-20,4.418788433074951,7.5,7.625,7.5,7.625,109400
1994-10-21,4.4556121826171875,7.5625,7.625,7.4375,7.5,195000
1994-10-24,4.6765522956848145,7.9375,7.9375,7.5,7.5,51200
1994-10-25,4.492434024810791,7.625,8.0,7.375,7.9375,169000
1994-10-26,4.529260158538818,7.6875,7.6875,7.5,7.625,62000
1994-10-27,4.418788433074951,7.5,7.75,7.4375,7.75,134600
1994-10-28,4.492434024810791,7.625,7.625,7.5,7.5625,91800
1994-10-31,4.492434024810791,7.625,7.6875,7.5625,7.625,163000
1994-11-01,4.529260158538818,7.6875,7.8125,7.625,7.75,358000
1994-11-02,4.381968021392822,7.4375,7.6875,7.4375,7.6875,39600
1994-11-03,4.418788433074951,7.5,7.625,7.4375,7.5,258800
1994-11-04,4.381968021392822,7.4375,7.5625,7.4375,7.5,116000
1994-11-07,4.381968021392822,7.4375,7.4375,7.375,7.4375,76600
1994-11-08,4.345142364501953,7.375,7.4375,7.25,7.375,146200
1994-11-09,4.271495819091797,7.25,7.4375,7.25,7.4375,236800
1994-11-10,4.308320045471191,7.3125,7.375,7.25,7.3125,215400
1994-11-11,4.271495819091797,7.25,7.3125,7.1875,7.3125,138000
1994-11-14,4.271495819091797,7.25,7.25,7.1875,7.25,156000
1994-11-15,4.2346720695495605,7.1875,7.25,7.125,7.25,456000
1994-11-16,4.2346720695495605,7.1875,7.25,7.125,7.1875,70400
1994-11-17,4.271495819091797,7.25,7.25,7.0625,7.1875,230800
1994-11-18,4.2346720695495605,7.1875,7.1875,7.125,7.125,240400
1994-11-21,4.124202251434326,7.0,7.25,7.0,7.25,356200
1994-11-22,4.01373291015625,6.8125,7.125,6.75,7.0,433400
1994-11-23,4.01373291015625,6.8125,6.875,6.75,6.8125,275800
1994-11-25,3.9769093990325928,6.75,6.8125,6.6875,6.75,20000
1994-11-28,3.9769093990325928,6.75,6.9375,6.75,6.75,173800
1994-11-29,4.0505571365356445,6.875,6.875,6.5625,6.75,315000
1994-11-30,3.9769093990325928,6.75,6.875,6.6875,6.8125,76400
1994-12-01,3.903264284133911,6.625,6.8125,6.625,6.8125,179400
1994-12-02,3.9769093990325928,6.75,6.75,6.625,6.625,143800
1994-12-05,3.9769093990325928,6.75,6.9375,6.75,6.8125,37000
1994-12-06,3.9400854110717773,6.6875,6.875,6.6875,6.8125,169400
1994-12-07,3.9769093990325928,6.75,6.8125,6.6875,6.6875,105200
1994-12-08,3.8296163082122803,6.5,6.75,6.5,6.6875,141400
1994-12-09,3.95529842376709,6.6875,6.75,6.5,6.5,65600
1994-12-12,3.8813693523406982,6.5625,6.6875,6.4375,6.625,85800
1994-12-13,3.8813693523406982,6.5625,7.0,6.5625,6.5625,113400
1994-12-14,3.9183335304260254,6.625,6.6875,6.5625,6.5625,84400
1994-12-15,3.95529842376709,6.6875,6.75,6.5625,6.5625,92600
1994-12-16,3.95529842376709,6.6875,6.8125,6.6875,6.8125,136400
1994-12-19,3.9922664165496826,6.75,6.8125,6.6875,6.8125,56200
1994-12-20,3.9922664165496826,6.75,6.8125,6.6875,6.6875,50400
1994-12-21,3.8813693523406982,6.5625,6.8125,6.5625,6.6875,158800
1994-12-22,3.95529842376709,6.6875,6.75,6.625,6.625,194600
1994-12-23,3.9922664165496826,6.75,6.75,6.6875,6.75,39600
1994-12-27,3.9922664165496826,6.75,6.75,6.6875,6.6875,32000
1994-12-28,3.8813693523406982,6.5625,6.75,6.5625,6.6875,84600
1994-12-29,4.029233455657959,6.8125,6.875,6.625,6.625,318400
1994-12-30,4.10316276550293,6.9375,7.0,6.75,6.8125,185400
1995-01-03,4.10316276550293,6.9375,6.9375,6.6875,6.875,161600
1995-01-04,4.214059352874756,7.125,7.125,6.875,7.0,152000
1995-01-05,4.066195964813232,6.875,7.125,6.875,7.125,22800
1995-01-06,4.140127182006836,7.0,7.0,6.9375,6.9375,70800
1995-01-09,4.066195964813232,6.875,7.0625,6.875,7.0,125600
1995-01-10,4.029233455657959,6.8125,6.875,6.75,6.8125,43200
1995-01-11,4.140127182006836,7.0,7.0,6.75,6.8125,84600
1995-01-12,4.029233455657959,6.8125,7.0625,6.8125,7.0625,73200
1995-01-13,4.177093505859375,7.0625,7.125,6.9375,6.9375,77200
1995-01-16,4.2510223388671875,7.1875,7.25,7.0625,7.0625,69200
1995-01-17,4.214059352874756,7.125,7.25,7.125,7.1875,138400
1995-01-18,4.10316276550293,6.9375,7.1875,6.75,7.125,97000
1995-01-19,4.10316276550293,6.9375,7.0,6.8125,7.0,54000
1995-01-20,4.214059352874756,7.125,7.125,6.9375,7.0,82400
1995-01-23,4.177093505859375,7.0625,7.125,6.9375,7.0625,53000
1995-01-24,4.10316276550293,6.9375,7.0625,6.875,7.0625,64800
1995-01-25,3.8444035053253174,6.5,6.9375,6.375,6.9375,1619600
1995-01-26,3.9183335304260254,6.625,6.625,6.5625,6.5625,193600
1995-01-27,3.95529842376709,6.6875,6.6875,6.5625,6.625,128600
1995-01-30,3.8444035053253174,6.5,6.6875,6.5,6.625,59200
1995-01-31,3.8813693523406982,6.5625,6.625,6.5,6.5,184200
1995-02-01,3.8813693523406982,6.5625,6.625,6.5625,6.5625,215200
1995-02-02,3.8813693523406982,6.5625,6.625,6.5,6.5625,413600
1995-02-03,3.95529842376709,6.6875,6.8125,6.5,6.5625,95200
1995-02-06,3.9183335304260254,6.625,6.75,6.5625,6.6875,89600
1995-02-07,3.9183335304260254,6.625,6.6875,6.5625,6.6875,107400
1995-02-08,3.8813693523406982,6.5625,6.625,6.5625,6.625,79200
1995-02-09,3.8444035053253174,6.5,6.625,6.5,6.625,281800
1995-02-10,3.8813693523406982,6.5625,6.5625,6.5,6.5625,91400
1995-02-13,3.8444035053253174,6.5,6.625,6.4375,6.5625,107400
1995-02-14,3.7335047721862793,6.3125,6.5625,6.25,6.5625,226800
1995-02-15,3.7335047721862793,6.3125,6.4375,6.25,6.3125,161800
1995-02-16,3.8444035053253174,6.5,6.5625,6.3125,6.3125,313800
1995-02-17,4.066195964813232,6.875,6.875,6.6875,6.6875,1020200
1995-02-21,4.066195964813232,6.875,6.9375,6.8125,6.8125,266400
1995-02-22,4.140127182006836,7.0,7.0,6.875,6.875,754400
1995-02-23,4.10316276550293,6.9375,7.25,6.9375,7.0625,829800
1995-02-24,4.10316276550293,6.9375,7.0,6.875,6.9375,43000
1995-02-27,4.214059352874756,7.125,7.125,6.9375,6.9375,127600
1995-02-28,4.214059352874756,7.125,7.125,7.0,7.125,159800
1995-03-01,4.066195964813232,6.875,7.0625,6.875,7.0625,589200
1995-03-02,4.140127182006836,7.0,7.0,6.875,6.875,203200
1995-03-03,4.10316276550293,6.9375,7.0,6.9375,7.0,71800
1995-03-06,4.10316276550293,6.9375,6.9375,6.875,6.9375,76400
1995-03-07,4.10316276550293,6.9375,6.9375,6.8125,6.9375,52600
1995-03-08,3.9922664165496826,6.75,6.9375,6.75,6.9375,80600
1995-03-09,4.081308841705322,6.875,6.875,6.8125,6.8125,93800
1995-03-10,4.007106781005859,6.75,6.875,6.75,6.8125,169800
1995-03-13,4.081308841705322,6.875,6.875,6.6875,6.8125,163200
1995-03-14,4.044209957122803,6.8125,6.875,6.75,6.75,127400
1995-03-15,3.8586952686309814,6.5,6.75,6.5,6.75,225000
1995-03-16,3.8957974910736084,6.5625,6.625,6.5,6.5,224000
1995-03-17,3.821591854095459,6.4375,6.5625,6.3125,6.5,121000
1995-03-20,3.7844905853271484,6.375,6.5,6.375,6.5,67600
1995-03-21,3.7473859786987305,6.3125,6.4375,6.3125,6.3125,157600
1995-03-22,3.7102816104888916,6.25,6.375,6.25,6.3125,729400
1995-03-23,3.7102816104888916,6.25,6.25,6.125,6.25,174600
1995-03-24,3.7102816104888916,6.25,6.3125,6.1875,6.25,89000
1995-03-27,3.673182964324951,6.1875,6.3125,6.1875,6.3125,577000
1995-03-28,3.673182964324951,6.1875,6.1875,6.1875,6.1875,404600
1995-03-29,3.673182964324951,6.1875,6.25,6.125,6.125,296600
1995-03-30,3.7473859786987305,6.3125,6.3125,6.1875,6.25,525000
1995-03-31,3.7844905853271484,6.375,6.5,6.125,6.25,898600
1995-04-03,3.8586952686309814,6.5,6.5625,6.3125,6.375,388600
1995-04-04,3.7844905853271484,6.375,6.5625,6.375,6.5,378200
1995-04-05,3.821591854095459,6.4375,6.4375,6.3125,6.3125,144800
1995-04-06,3.8586952686309814,6.5,6.5625,6.4375,6.4375,114000
1995-04-07,3.8957974910736084,6.5625,6.625,6.4375,6.5,280800
1995-04-10,3.970000982284546,6.6875,6.75,6.5625,6.5625,887800
1995-04-11,3.932898759841919,6.625,6.6875,6.625,6.625,175400
1995-04-12,4.007106781005859,6.75,6.75,6.625,6.625,300600
1995-04-13,3.970000982284546,6.6875,6.75,6.6875,6.75,256400
1995-04-17,4.044209957122803,6.8125,6.8125,6.625,6.75,405200
1995-04-18,4.007106781005859,6.75,6.8125,6.75,6.8125,300400
1995-04-19,4.044209957122803,6.8125,6.875,6.75,6.8125,229000
1995-04-20,4.044209957122803,6.8125,6.8125,6.75,6.75,227200
1995-04-21,4.081308841705322,6.875,6.9375,6.75,6.75,178600
1995-04-24,4.155517578125,7.0,7.0,6.875,6.9375,144800
1995-04-25,4.081308841705322,6.875,7.0,6.8125,7.0,358400
1995-04-26,4.081308841705322,6.875,6.875,6.8125,6.875,397200
1995-04-27,4.044209957122803,6.8125,6.9375,6.8125,6.9375,397600
1995-04-28,4.044209957122803,6.8125,6.875,6.8125,6.875,367000
1995-05-01,4.007106781005859,6.75,6.8125,6.75,6.75,375200
1995-05-02,4.044209957122803,6.8125,6.875,6.6875,6.75,126400
1995-05-03,4.007106781005859,6.75,6.875,6.75,6.8125,156800
1995-05-04,4.044209957122803,6.8125,6.8125,6.75,6.75,197400
1995-05-05,4.044209957122803,6.8125,6.8125,6.75,6.8125,557400
1995-05-08,4.044209957122803,6.8125,6.875,6.75,6.875,886600
1995-05-09,4.155517578125,7.0,7.0,6.8125,6.8125,84600
1995-05-10,4.229722499847412,7.125,7.1875,7.0,7.0625,297200
1995-05-11,4.266826152801514,7.1875,7.25,7.125,7.1875,722000
1995-05-12,4.266826152801514,7.1875,7.1875,7.0625,7.1875,555000
1995-05-15,4.229722499847412,7.125,7.1875,7.0625,7.1875,60800
1995-05-16,4.341031551361084,7.3125,7.4375,7.0625,7.0625,230000
1995-05-17,4.415236949920654,7.4375,7.5625,7.25,7.375,351200
1995-05-18,4.378133773803711,7.375,7.5,7.375,7.4375,205200
1995-05-19,4.341031551361084,7.3125,7.4375,7.3125,7.375,59400
1995-05-22,4.526546478271484,7.625,7.625,7.5,7.5625,258200
1995-05-23,4.674956321716309,7.875,8.0,7.75,7.75,630600
1995-05-24,4.63785457611084,7.8125,7.875,7.75,7.875,301200
1995-05-25,4.526546478271484,7.625,7.875,7.625,7.8125,146000
1995-05-26,4.5636467933654785,7.6875,7.6875,7.625,7.625,45600
1995-05-30,4.4523396492004395,7.5,7.6875,7.4375,7.625,189200
1995-05-31,4.526546478271484,7.625,7.6875,7.375,7.4375,285800
1995-06-01,4.63785457611084,7.8125,7.8125,7.6875,7.6875,339200
1995-06-02,4.63785457611084,7.8125,7.8125,7.6875,7.75,186000
1995-06-05,4.63785457611084,7.8125,7.8125,7.6875,7.75,77000
1995-06-06,4.63785457611084,7.8125,7.875,7.75,7.8125,87600
1995-06-07,4.526546478271484,7.625,7.8125,7.625,7.8125,265200
1995-06-08,4.5636467933654785,7.6875,7.75,7.6875,7.6875,80000
1995-06-09,4.60075044631958,7.75,7.75,7.6875,7.6875,355400
1995-06-12,4.5636467933654785,7.6875,7.75,7.6875,7.75,59200
1995-06-13,4.578540325164795,7.6875,7.8125,7.5625,7.625,82800
1995-06-14,4.578540325164795,7.6875,7.75,7.625,7.6875,62800
1995-06-15,4.578540325164795,7.6875,7.75,7.6875,7.75,67200
1995-06-16,4.652985572814941,7.8125,7.875,7.75,7.75,210400
1995-06-19,4.652985572814941,7.8125,7.8125,7.5625,7.8125,73800
1995-06-20,4.690210819244385,7.875,7.875,7.75,7.8125,116400
1995-06-21,4.764657974243164,8.0,8.0,7.875,7.875,115800
1995-06-22,4.764657974243164,8.0,8.0625,7.9375,8.0,99000
1995-06-23,4.727432727813721,7.9375,8.0,7.9375,8.0,136200
1995-06-26,4.615763187408447,7.75,8.0,7.6875,7.875,262400
1995-06-27,4.578540325164795,7.6875,7.75,7.5625,7.75,231200
1995-06-28,4.578540325164795,7.6875,7.6875,7.625,7.6875,83200
1995-06-29,4.504091262817383,7.5625,7.6875,7.5,7.625,335400
1995-06-30,4.652985572814941,7.8125,7.8125,7.5625,7.5625,341200
1995-07-03,4.652985572814941,7.8125,7.8125,7.6875,7.6875,146600
1995-07-05,4.690210819244385,7.875,7.9375,7.75,7.75,83400
1995-07-06,4.690210819244385,7.875,8.0,7.8125,7.8125,112000
1995-07-07,4.615763187408447,7.75,7.875,7.75,7.875,163000
1995-07-10,4.727432727813721,7.9375,8.0,7.75,7.75,120800
1995-07-11,4.615763187408447,7.75,7.9375,7.6875,7.9375,262000
1995-07-12,4.690210819244385,7.875,7.9375,7.75,7.875,223800
1995-07-13,4.690210819244385,7.875,7.875,7.8125,7.875,84400
1995-07-14,4.690210819244385,7.875,7.9375,7.75,7.8125,221800
1995-07-17,4.615763187408447,7.75,7.8125,7.625,7.8125,120400
1995-07-18,4.615763187408447,7.75,7.875,7.75,7.875,60400
1995-07-19,4.504091262817383,7.5625,7.8125,7.5625,7.6875,69600
1995-07-20,4.727432727813721,7.9375,7.9375,7.625,7.625,44800
1995-07-21,4.876327991485596,8.1875,8.1875,7.875,7.875,146800
1995-07-24,4.801880359649658,8.0625,8.25,8.0625,8.0625,210000
1995-07-25,4.690210819244385,7.875,8.125,7.8125,8.0625,119600
1995-07-26,4.578540325164795,7.6875,7.875,7.6875,7.875,121800
1995-07-27,4.652985572814941,7.8125,7.8125,7.6875,7.75,262200
1995-07-28,4.615763187408447,7.75,7.8125,7.75,7.8125,96000
1995-07-31,4.652985572814941,7.8125,7.875,7.75,7.8125,147000
1995-08-01,4.764657974243164,8.0,8.0,7.8125,7.8125,366000
1995-08-02,4.764657974243164,8.0,8.125,7.9375,8.0625,359800
1995-08-03,4.764657974243164,8.0,8.0625,7.9375,7.9375,515800
1995-08-04,4.801880359649658,8.0625,8.125,8.0,8.125,86800
1995-08-07,4.764657974243164,8.0,8.0625,7.9375,8.0625,303600
1995-08-08,4.764657974243164,8.0,8.0625,8.0,8.0,70000
1995-08-09,4.727432727813721,7.9375,8.0625,7.9375,8.0625,36600
1995-08-10,4.764657974243164,8.0,8.0625,7.9375,8.0,241000
1995-08-11,4.764657974243164,8.0,8.0625,8.0,8.0,408200
1995-08-14,4.727432727813721,7.9375,8.0625,7.875,8.0,291200
1995-08-15,4.764657974243164,8.0,8.0,7.875,7.9375,1030400
1995-08-16,4.839104652404785,8.125,8.1875,7.875,7.9375,43600
1995-08-17,4.950774192810059,8.3125,8.375,8.0625,8.0625,587200
1995-08-18,4.988001346588135,8.375,8.4375,8.25,8.25,761200
1995-08-21,5.025225639343262,8.4375,8.4375,8.3125,8.375,56200
1995-08-22,4.9135541915893555,8.25,8.375,8.1875,8.3125,204000
1995-08-23,4.876327991485596,8.1875,8.3125,8.1875,8.25,55600
1995-08-24,4.9135541915893555,8.25,8.3125,8.1875,8.25,53800
1995-08-25,4.9135541915893555,8.25,8.25,8.1875,8.25,109400
1995-08-28,4.839104652404785,8.125,8.25,8.0,8.25,51000
1995-08-29,4.876327991485596,8.1875,8.1875,8.0,8.125,45000
1995-08-30,4.764657974243164,8.0,8.125,7.875,8.125,3597400
1995-08-31,4.876327991485596,8.1875,8.1875,7.9375,8.0,23000
1995-09-01,4.839104652404785,8.125,8.1875,8.0625,8.1875,89600
1995-09-05,4.9135541915893555,8.25,8.25,8.0,8.0,468400
1995-09-06,4.988001346588135,8.375,8.5,8.1875,8.1875,675200
1995-09-07,5.099676132202148,8.5625,8.5625,8.375,8.375,1022600
1995-09-08,5.211342811584473,8.75,8.875,8.625,8.625,449200
1995-09-11,5.2485671043396,8.8125,8.875,8.6875,8.75,359400
1995-09-12,5.434687614440918,9.125,9.125,8.75,8.75,362600
1995-09-13,5.3764448165893555,9.0,9.125,8.9375,9.0625,715600
1995-09-14,5.451115131378174,9.125,9.25,9.0,9.0,782000
1995-09-15,5.525788307189941,9.25,9.3125,9.125,9.1875,499200
1995-09-18,5.712470531463623,9.5625,9.625,9.1875,9.25,510600
1995-09-19,5.675136089324951,9.5,9.5625,9.375,9.5,633000
1995-09-20,5.63779878616333,9.4375,9.4375,9.1875,9.3125,568200
1995-09-21,5.525788307189941,9.25,9.375,9.0625,9.375,1597800
1995-09-22,5.600459575653076,9.375,9.375,9.125,9.25,681600
1995-09-25,5.525788307189941,9.25,9.625,9.1875,9.5,136800
1995-09-26,5.525788307189941,9.25,9.3125,9.0,9.125,105200
1995-09-27,5.451115131378174,9.125,9.1875,9.0,9.125,142400
1995-09-28,5.600459575653076,9.375,9.375,9.0625,9.1875,340800
1995-09-29,5.600459575653076,9.375,9.4375,9.3125,9.3125,63800
1995-10-02,5.63779878616333,9.4375,9.4375,9.3125,9.375,412600
1995-10-03,5.63779878616333,9.4375,9.4375,9.375,9.375,149200
1995-10-04,5.712470531463623,9.5625,9.5625,9.4375,9.4375,402400
1995-10-05,5.63779878616333,9.4375,9.5625,9.25,9.5625,113800
1995-10-06,5.712470531463623,9.5625,9.5625,9.375,9.4375,277400
1995-10-09,5.600459575653076,9.375,9.5,9.375,9.5,66600
1995-10-10,5.600459575653076,9.375,9.4375,9.1875,9.4375,300600
1995-10-11,5.63779878616333,9.4375,9.4375,9.3125,9.4375,379000
1995-10-12,5.563124656677246,9.3125,9.4375,9.25,9.4375,314000
1995-10-13,5.600459575653076,9.375,9.375,9.3125,9.375,144400
1995-10-16,5.600459575653076,9.375,9.46875,9.3125,9.4375,152000
1995-10-17,5.600459575653076,9.375,9.4375,9.3125,9.3125,73600
1995-10-18,5.63779878616333,9.4375,9.5,9.3125,9.4375,130600
1995-10-19,5.563124656677246,9.3125,9.4375,9.3125,9.4375,31800
1995-10-20,5.675136089324951,9.5,9.625,9.375,9.4375,606000
1995-10-23,5.63779878616333,9.4375,9.5,9.25,9.5,110000
1995-10-24,5.675136089324951,9.5,9.5625,9.4375,9.5,124400
1995-10-25,5.675136089324951,9.5,9.5,9.3125,9.4375,300600
1995-10-26,5.63779878616333,9.4375,9.4375,9.3125,9.4375,277800
1995-10-27,5.600459575653076,9.375,9.375,9.25,9.3125,209800
1995-10-30,5.63779878616333,9.4375,9.4375,9.25,9.25,169200
1995-10-31,5.563124656677246,9.3125,9.4375,9.3125,9.4375,130600
1995-11-01,5.41378116607666,9.0625,9.3125,9.0,9.25,176600
1995-11-02,5.18975830078125,8.6875,9.375,8.125,9.0625,1175600
1995-11-03,5.003077030181885,8.375,8.6875,8.25,8.6875,823200
1995-11-06,5.040416240692139,8.4375,8.5,8.1875,8.375,796800
1995-11-07,5.003077030181885,8.375,8.4375,8.3125,8.4375,450600
1995-11-08,5.003077030181885,8.375,8.375,8.25,8.25,357800
1995-11-09,5.18975830078125,8.6875,8.6875,8.4375,8.4375,562600
1995-11-10,5.227097511291504,8.75,8.75,8.5625,8.625,70000
1995-11-13,5.451115131378174,9.125,9.25,8.875,8.875,431800
1995-11-14,5.563124656677246,9.3125,9.4375,9.0,9.0,524000
1995-11-15,5.451115131378174,9.125,9.5,9.125,9.3125,301000
1995-11-16,5.41378116607666,9.0625,9.1875,8.875,9.1875,140400
1995-11-17,5.3764448165893555,9.0,9.0625,8.9375,9.0625,212800
1995-11-20,5.264432907104492,8.8125,9.0625,8.8125,9.0625,133200
1995-11-21,5.600459575653076,9.375,9.4375,9.0,9.0,323600
1995-11-22,5.563124656677246,9.3125,9.4375,9.25,9.4375,116400
1995-11-24,5.41378116607666,9.0625,9.3125,9.0625,9.3125,60000
1995-11-27,5.600459575653076,9.375,9.5,9.125,9.125,369600
1995-11-28,5.675136089324951,9.5,9.5625,9.375,9.375,250800
1995-11-29,5.936486721038818,9.9375,9.9375,9.5,9.5,431800
1995-11-30,5.4884514808654785,9.1875,10.0,9.0,10.0,922200
1995-12-01,5.712470531463623,9.5625,9.625,9.3125,9.3125,1010800
1995-12-04,5.936486721038818,9.9375,9.9375,9.5625,9.625,725400
1995-12-05,5.8244805335998535,9.75,9.9375,9.6875,9.9375,426600
1995-12-06,5.712470531463623,9.5625,9.75,9.5,9.75,612600
1995-12-07,5.675136089324951,9.5,9.5625,9.4375,9.5,565200
1995-12-08,5.712470531463623,9.5625,9.625,9.5,9.5,116400
1995-12-11,5.63779878616333,9.4375,9.625,9.4375,9.625,858000
1995-12-12,5.675136089324951,9.5,9.5625,9.375,9.375,1514800
1995-12-13,5.6167192459106445,9.375,9.5,9.375,9.5,498600
1995-12-14,5.541830062866211,9.25,9.375,9.1875,9.375,571200
1995-12-15,5.691609859466553,9.5,9.5,9.375,9.375,531800
1995-12-18,5.541830062866211,9.25,9.4375,9.125,9.375,245000
1995-12-19,5.6167192459106445,9.375,9.375,9.1875,9.1875,113000
1995-12-20,5.6541643142700195,9.4375,9.4375,9.25,9.25,94200
1995-12-21,5.279716491699219,8.8125,9.125,8.3125,9.125,242000
1995-12-22,5.392052173614502,9.0,9.0,8.875,8.875,110600
1995-12-26,5.392052173614502,9.0,9.0625,8.875,9.0625,69600
1995-12-27,5.429495811462402,9.0625,9.0625,9.0,9.0625,90800
1995-12-28,5.466939449310303,9.125,9.125,9.0,9.0625,174800
1995-12-29,5.8039445877075195,9.6875,9.6875,9.0625,9.1875,99200
1996-01-02,5.729053497314453,9.5625,9.5625,9.3125,9.5625,377400
1996-01-03,5.691609859466553,9.5,9.5,9.375,9.5,187000
1996-01-04,5.6167192459106445,9.375,9.4375,9.375,9.375,153400
1996-01-05,5.6541643142700195,9.4375,9.4375,9.1875,9.3125,466200
1996-01-08,5.579274654388428,9.3125,9.4375,9.3125,9.4375,25400
1996-01-09,5.579274654388428,9.3125,9.3125,9.25,9.25,61600
1996-01-10,5.354608058929443,8.9375,9.1875,8.875,9.1875,200200
1996-01-11,5.354608058929443,8.9375,8.9375,8.875,8.875,36800
1996-01-12,5.392052173614502,9.0,9.0625,8.875,8.9375,362400
1996-01-15,5.354608058929443,8.9375,9.125,8.9375,9.0,146800
1996-01-16,5.317160129547119,8.875,9.0,8.875,9.0,248400
1996-01-17,5.242270469665527,8.75,8.875,8.75,8.875,377200
1996-01-18,5.354608058929443,8.9375,8.9375,8.8125,8.875,142000
1996-01-19,5.392052173614502,9.0,9.0,8.8125,8.8125,296800
1996-01-22,5.392052173614502,9.0,9.1875,8.9375,8.9375,82800
1996-01-23,5.204826354980469,8.6875,8.9375,8.625,8.9375,261200
1996-01-24,5.279716491699219,8.8125,8.9375,8.75,8.75,564600
1996-01-25,5.354608058929443,8.9375,9.0,8.875,8.875,274800
1996-01-26,5.354608058929443,8.9375,9.0,8.875,9.0,54400
1996-01-29,5.429495811462402,9.0625,9.125,8.9375,9.0,92000
1996-01-30,5.6167192459106445,9.375,9.375,9.0625,9.0625,113600
1996-01-31,5.579274654388428,9.3125,9.375,9.25,9.3125,70400
1996-02-01,5.8039445877075195,9.6875,9.875,9.25,9.25,344800
1996-02-02,5.6541643142700195,9.4375,9.6875,9.375,9.6875,274400
1996-02-05,5.691609859466553,9.5,9.625,9.4375,9.5,184200
1996-02-06,5.6541643142700195,9.4375,9.5,9.375,9.4375,294400
1996-02-07,5.6541643142700195,9.4375,9.4375,9.3125,9.3125,116400
1996-02-08,5.6541643142700195,9.4375,9.4375,9.3125,9.4375,325000
1996-02-09,5.691609859466553,9.5,9.5,9.375,9.4375,359200
1996-02-12,5.76649808883667,9.625,9.625,9.4375,9.5,164400
1996-02-13,5.729053497314453,9.5625,9.5625,9.5,9.5625,278200
1996-02-14,5.729053497314453,9.5625,9.625,9.4375,9.5625,54200
1996-02-15,5.84138822555542,9.75,9.8125,9.5,9.5625,125400
1996-02-16,5.691609859466553,9.5,9.6875,9.4375,9.6875,53400
1996-02-20,5.691609859466553,9.5,9.5625,9.375,9.375,41600
1996-02-21,5.6541643142700195,9.4375,9.5,9.4375,9.4375,589000
1996-02-22,5.76649808883667,9.625,9.625,9.4375,9.5,574200
1996-02-23,5.729053497314453,9.5625,9.625,9.5,9.5625,179600
1996-02-26,5.8039445877075195,9.6875,9.75,9.625,9.6875,127800
1996-02-27,5.8039445877075195,9.6875,9.75,9.625,9.625,257600
1996-02-28,5.76649808883667,9.625,9.8125,9.625,9.75,142800
1996-02-29,5.76649808883667,9.625,9.84375,9.625,9.75,114000
1996-03-01,5.76649808883667,9.625,9.75,9.625,9.75,81800
1996-03-04,6.515397071838379,10.875,10.9375,10.6875,10.9375,1845200
1996-03-05,6.440505027770996,10.75,10.875,10.6875,10.8125,1961600
1996-03-06,6.457024574279785,10.75,10.8125,10.75,10.75,552400
1996-03-07,6.532102584838867,10.875,10.875,10.75,10.75,405800
1996-03-08,6.494565010070801,10.8125,10.8125,10.6875,10.8125,631000
1996-03-11,6.494565010070801,10.8125,10.875,10.75,10.8125,198000
1996-03-12,6.494565010070801,10.8125,10.875,10.8125,10.8125,356400
1996-03-13,6.532102584838867,10.875,10.9375,10.8125,10.875,491600
1996-03-14,6.644730567932129,11.0625,11.0625,10.875,10.875,535800
1996-03-15,6.607186794281006,11.0,11.125,11.0,11.0,216600
1996-03-18,6.6822686195373535,11.125,11.1875,11.0,11.0,198400
1996-03-19,6.7198100090026855,11.1875,11.3125,11.125,11.125,829800
1996-03-20,6.794888973236084,11.3125,11.3125,11.25,11.25,361000
1996-03-21,6.794888973236084,11.3125,11.3125,11.1875,11.25,687000
1996-03-22,6.832431316375732,11.375,11.375,11.25,11.3125,264600
1996-03-25,6.757350921630859,11.25,11.3125,11.25,11.3125,260600
1996-03-26,6.794888973236084,11.3125,11.3125,11.25,11.3125,208600
1996-03-27,6.794888973236084,11.3125,11.3125,11.25,11.25,255000
1996-03-28,6.7198100090026855,11.1875,11.3125,11.1875,11.25,954400
1996-03-29,6.7198100090026855,11.1875,11.25,11.1875,11.1875,422600
1996-04-01,6.757350921630859,11.25,11.25,11.1875,11.1875,603800
1996-04-02,6.607186794281006,11.0,11.25,11.0,11.25,259400
1996-04-03,6.3819427490234375,10.625,11.0,10.625,11.0,196000
1996-04-04,6.006532669067383,10.0,10.5,10.0,10.4375,365800
1996-04-08,5.85637092590332,9.75,10.0,9.75,9.875,537000
1996-04-09,6.156694412231445,10.25,10.25,9.8125,9.8125,183600
1996-04-10,6.269321441650391,10.4375,10.5625,10.25,10.25,104600
1996-04-11,6.269321441650391,10.4375,10.4375,10.3125,10.3125,100200
1996-04-12,6.607186794281006,11.0,11.0,10.5,10.5625,336200
1996-04-15,6.419486045837402,10.6875,11.0,10.625,11.0,195400
1996-04-16,6.306861400604248,10.5,10.6875,10.5,10.625,103000
1996-04-17,6.306861400604248,10.5,10.5625,10.5,10.5,136600
1996-04-18,6.532102584838867,10.875,10.875,10.5625,10.5625,76200
1996-04-19,6.757350921630859,11.25,11.25,10.875,10.875,109200
1996-04-22,6.9075117111206055,11.5,11.5,11.0625,11.25,111600
1996-04-23,6.832431316375732,11.375,11.5,11.3125,11.5,123000
1996-04-24,6.98259162902832,11.625,11.625,11.3125,11.3125,55200
1996-04-25,7.095216751098633,11.8125,11.8125,11.5,11.75,130400
1996-04-26,7.02013635635376,11.6875,11.8125,11.625,11.8125,197200
1996-04-29,6.832431316375732,11.375,11.5625,11.375,11.5625,44000
1996-04-30,7.02013635635376,11.6875,11.75,11.25,11.3125,128800
1996-05-01,6.98259162902832,11.625,11.625,11.4375,11.5625,194600
1996-05-02,7.02013635635376,11.6875,11.75,11.625,11.625,85000
1996-05-03,7.132758617401123,11.875,12.0,11.75,11.75,65200
1996-05-06,7.207835674285889,12.0,12.0625,11.875,11.875,216800
1996-05-07,7.132758617401123,11.875,12.0625,11.875,12.0,306400
1996-05-08,7.095216751098633,11.8125,11.9375,11.6875,11.875,298800
1996-05-09,7.132758617401123,11.875,11.9375,11.75,11.875,127800
1996-05-10,7.132758617401123,11.875,12.0,11.875,11.875,23200
1996-05-13,6.94505500793457,11.5625,11.875,11.5625,11.875,131000
1996-05-14,6.94505500793457,11.5625,11.625,11.5,11.625,45800
1996-05-15,6.869972229003906,11.4375,11.5,11.3125,11.5,379200
1996-05-16,6.98259162902832,11.625,11.6875,11.375,11.4375,253800
1996-05-17,7.132758617401123,11.875,11.875,11.625,11.6875,194200
1996-05-20,7.132758617401123,11.875,11.875,11.6875,11.875,218000
1996-05-21,7.057677745819092,11.75,11.9375,11.6875,11.875,224800
1996-05-22,7.057677745819092,11.75,11.8125,11.6875,11.75,194200
1996-05-23,7.057677745819092,11.75,12.0625,11.75,11.875,148600
1996-05-24,7.057677745819092,11.75,11.875,11.6875,11.75,177400
1996-05-28,7.132758617401123,11.875,11.875,11.625,11.6875,66200
1996-05-29,6.794888973236084,11.3125,11.75,11.3125,11.75,50000
1996-05-30,6.494565010070801,10.8125,11.3125,10.8125,11.3125,123200
1996-05-31,6.757350921630859,11.25,11.25,10.8125,10.9375,279000
1996-06-03,6.6822686195373535,11.125,11.25,11.0625,11.25,224800
1996-06-04,6.607186794281006,11.0,11.0625,10.8125,11.0625,105400
1996-06-05,6.869972229003906,11.4375,11.5,10.9375,11.0625,145800
1996-06-06,6.832431316375732,11.375,11.4375,11.3125,11.375,246800
1996-06-07,6.832431316375732,11.375,11.4375,11.1875,11.25,289800
1996-06-10,6.7198100090026855,11.1875,11.4375,11.0625,11.375,158400
1996-06-11,6.869972229003906,11.4375,11.4375,11.125,11.1875,74000
1996-06-12,6.848899841308594,11.375,11.4375,11.25,11.3125,112800
1996-06-13,6.848899841308594,11.375,11.4375,11.3125,11.4375,92400
1996-06-14,6.773637771606445,11.25,11.375,11.1875,11.375,32000
1996-06-17,6.623109340667725,11.0,11.25,10.9375,11.1875,115600
1996-06-18,6.773637771606445,11.25,11.25,11.0625,11.0625,139800
1996-06-19,6.773637771606445,11.25,11.3125,11.1875,11.25,58600
1996-06-20,6.773637771606445,11.25,11.25,11.1875,11.1875,43600
1996-06-21,6.6607441902160645,11.0625,11.25,11.0625,11.1875,116200
1996-06-24,6.6607441902160645,11.0625,11.15625,11.0,11.0625,94600
1996-06-25,6.623109340667725,11.0,11.125,10.875,11.125,105800
1996-06-26,6.359694957733154,10.5625,10.6875,10.5,10.625,245800
1996-06-27,5.7575907707214355,9.5625,10.5625,9.5625,10.5625,258000
1996-06-28,5.494171142578125,9.125,9.6875,9.125,9.5,228600
1996-07-01,5.607063293457031,9.3125,9.5,9.25,9.25,503400
1996-07-02,5.607063293457031,9.3125,9.3125,9.25,9.3125,176200
1996-07-03,5.644697189331055,9.375,9.375,9.3125,9.375,47400
1996-07-05,5.795222759246826,9.625,9.625,8.9375,9.0625,43600
1996-07-08,5.682329177856445,9.4375,9.5625,9.375,9.5625,121800
1996-07-09,5.607063293457031,9.3125,9.4375,9.3125,9.375,69200
1996-07-10,5.531801700592041,9.1875,9.25,9.0625,9.25,57800
1996-07-11,5.531801700592041,9.1875,9.25,9.125,9.1875,135200
1996-07-12,5.343647003173828,8.875,9.0,8.875,9.0,477200
1996-07-15,5.23075008392334,8.6875,8.875,8.625,8.75,100800
1996-07-16,5.004965305328369,8.3125,8.8125,8.0,8.8125,145200
1996-07-17,4.92970085144043,8.1875,8.625,8.0625,8.4375,246000
1996-07-18,4.92970085144043,8.1875,8.25,8.0,8.125,652400
1996-07-19,4.741547107696533,7.875,8.1875,7.8125,8.0625,138000
1996-07-22,4.591021537780762,7.625,7.9375,7.625,7.875,750200
1996-07-23,4.4781270027160645,7.4375,8.0,7.375,7.6875,309000
1996-07-24,4.515757083892822,7.5,7.5625,7.25,7.3125,529000
1996-07-25,4.4781270027160645,7.4375,7.625,7.1875,7.5,493200
1996-07-26,4.816810607910156,8.0,8.0625,7.4375,7.4375,259600
1996-07-29,4.66628360748291,7.75,8.1875,7.75,8.0625,180800
1996-07-30,4.779177188873291,7.9375,7.9375,7.6875,7.6875,95000
1996-07-31,5.042596817016602,8.375,8.5,7.875,7.9375,169800
1996-08-01,5.042596817016602,8.375,8.5,8.375,8.5,417200
1996-08-02,4.892069339752197,8.125,8.4375,8.125,8.3125,330000
1996-08-05,4.92970085144043,8.1875,8.1875,8.0625,8.125,260200
1996-08-06,5.004965305328369,8.3125,8.3125,8.125,8.1875,565600
1996-08-07,5.042596817016602,8.375,8.5,8.3125,8.4375,466600
1996-08-08,5.042596817016602,8.375,8.4375,8.25,8.3125,482200
1996-08-09,5.155491352081299,8.5625,8.75,8.3125,8.3125,191000
1996-08-12,5.2683844566345215,8.75,8.875,8.5625,8.625,282200
1996-08-13,5.155491352081299,8.5625,8.6875,8.5,8.6875,131200
1996-08-14,5.418908596038818,9.0,9.0,8.4375,8.4375,432800
1996-08-15,5.644697189331055,9.375,9.5,8.8125,8.8125,161200
1996-08-16,5.644697189331055,9.375,9.375,9.3125,9.3125,140400
1996-08-19,5.494171142578125,9.125,9.3125,9.0625,9.3125,192800
1996-08-20,5.381278991699219,8.9375,9.125,8.875,9.125,273800
1996-08-21,5.23075008392334,8.6875,9.0,8.6875,9.0,376600
1996-08-22,5.306014537811279,8.8125,8.875,8.75,8.75,175400
1996-08-23,5.381278991699219,8.9375,8.9375,8.8125,8.8125,192800
1996-08-26,5.23075008392334,8.6875,8.8125,8.6875,8.8125,63600
1996-08-27,5.193120002746582,8.625,8.8125,8.625,8.6875,1167400
1996-08-28,5.23075008392334,8.6875,8.75,8.625,8.6875,37400
1996-08-29,5.004965305328369,8.3125,8.6875,8.3125,8.6875,134600
1996-08-30,4.854440689086914,8.0625,8.25,8.0625,8.25,163600
1996-09-03,5.004965305328369,8.3125,8.5,8.0625,8.125,116400
1996-09-04,5.080226898193359,8.4375,8.5625,8.3125,8.4375,111800
1996-09-05,5.080226898193359,8.4375,8.5,8.1875,8.25,144400
1996-09-06,5.11785888671875,8.5,8.5625,8.3125,8.375,55000
1996-09-09,5.155491352081299,8.5625,8.6875,8.375,8.5,98200
1996-09-10,4.967333793640137,8.25,8.6875,8.25,8.5625,188400
1996-09-11,4.967333793640137,8.25,8.375,8.125,8.3125,34400
1996-09-12,4.950704097747803,8.1875,8.25,8.0625,8.125,477600
1996-09-13,4.950704097747803,8.1875,8.1875,8.0625,8.1875,208000
1996-09-16,4.988496780395508,8.25,8.375,8.1875,8.1875,198600
1996-09-17,4.988496780395508,8.25,8.3125,8.125,8.1875,165800
1996-09-18,4.988496780395508,8.25,8.4375,8.125,8.125,137200
1996-09-19,4.912911891937256,8.125,8.375,8.0,8.3125,67600
1996-09-20,4.988496780395508,8.25,8.3125,8.0,8.0,125200
1996-09-23,5.101871490478516,8.4375,8.4375,8.1875,8.1875,44600
1996-09-24,4.988496780395508,8.25,8.375,8.1875,8.375,132800
1996-09-25,5.139662265777588,8.5,8.625,8.25,8.25,157200
1996-09-26,5.026289463043213,8.3125,8.4375,8.3125,8.4375,30800
1996-09-27,5.253036022186279,8.6875,8.6875,8.375,8.375,228000
1996-09-30,5.177455902099609,8.5625,8.6875,8.5625,8.6875,92600
1996-10-01,5.404207229614258,8.9375,8.9375,8.5625,8.5625,85800
1996-10-02,5.479790210723877,9.0625,9.0625,8.875,8.9375,86000
1996-10-03,5.253036022186279,8.6875,8.9375,8.5625,8.9375,107800
1996-10-04,5.253036022186279,8.6875,8.875,8.5625,8.6875,74600
1996-10-07,5.177455902099609,8.5625,8.6875,8.375,8.6875,127600
1996-10-08,5.064080238342285,8.375,8.5625,8.3125,8.5,142800
1996-10-09,5.026289463043213,8.3125,8.4375,8.25,8.375,44000
1996-10-10,5.026289463043213,8.3125,8.5,8.3125,8.375,40000
1996-10-11,5.026289463043213,8.3125,8.4375,8.3125,8.3125,103200
1996-10-14,5.064080238342285,8.375,8.4375,8.3125,8.3125,100000
1996-10-15,5.026289463043213,8.3125,8.5,8.3125,8.5,108000
1996-10-16,5.139662265777588,8.5,8.5,8.375,8.4375,31800
1996-10-17,5.026289463043213,8.3125,8.5,8.3125,8.5,30200
1996-10-18,5.101871490478516,8.4375,8.4375,8.25,8.3125,56800
1996-10-21,4.837331295013428,8.0,8.375,7.9375,8.3125,56600
1996-10-22,4.761748790740967,7.875,8.0,7.8125,8.0,136600
1996-10-23,4.799539566040039,7.9375,8.0,7.75,7.875,221800
1996-10-24,4.837331295013428,8.0,8.0,7.875,7.9375,136600
1996-10-25,4.761748790740967,7.875,8.0625,7.875,7.9375,550200
1996-10-28,4.723955154418945,7.8125,8.0,7.8125,7.8125,122200
1996-10-29,4.837331295013428,8.0,8.0625,7.875,7.875,64000
1996-10-30,4.837331295013428,8.0,8.125,7.9375,8.0,45400
1996-10-31,4.875124454498291,8.0625,8.1875,7.9375,7.9375,122200
1996-11-01,5.026289463043213,8.3125,8.3125,7.9375,8.0,48200
1996-11-04,5.064080238342285,8.375,8.4375,8.0625,8.1875,47600
1996-11-05,4.950704097747803,8.1875,8.4375,8.1875,8.4375,70600
1996-11-06,4.950704097747803,8.1875,8.3125,8.125,8.25,109800
1996-11-07,4.988496780395508,8.25,8.3125,8.09375,8.125,199200
1996-11-08,5.026289463043213,8.3125,8.3125,8.125,8.25,102400
1996-11-11,5.139662265777588,8.5,8.5625,8.25,8.25,144800
1996-11-12,5.517580986022949,9.125,9.125,8.6875,8.75,161600
1996-11-13,5.404207229614258,8.9375,9.0625,8.8125,9.0625,225000
1996-11-14,5.441996097564697,9.0,9.0625,8.8125,8.875,101000
1996-11-15,5.441996097564697,9.0,9.0625,8.875,9.0,64000
1996-11-18,5.517580986022949,9.125,9.1875,8.875,9.0,100800
1996-11-19,5.517580986022949,9.125,9.1875,9.0625,9.125,110400
1996-11-20,5.441996097564697,9.0,9.125,8.9375,9.0625,143200
1996-11-21,5.441996097564697,9.0,9.0,8.875,9.0,89000
1996-11-22,5.555369853973389,9.1875,9.1875,8.9375,9.0,126000
1996-11-25,5.517580986022949,9.125,9.25,9.125,9.125,113000
1996-11-26,5.479790210723877,9.0625,9.1875,9.0,9.125,149400
1996-11-27,5.479790210723877,9.0625,9.125,8.8125,9.0625,82800
1996-11-29,5.479790210723877,9.0625,9.25,9.0,9.1875,33800
1996-12-02,5.593164920806885,9.25,9.25,9.0,9.0,37400
1996-12-03,5.593164920806885,9.25,9.3125,9.1875,9.1875,66600
1996-12-04,5.668747425079346,9.375,9.375,9.25,9.25,53800
1996-12-05,5.593164920806885,9.25,9.4375,9.0625,9.4375,124200
1996-12-06,5.517580986022949,9.125,9.1875,8.8125,9.125,100600
1996-12-09,5.668747425079346,9.375,9.4375,9.0625,9.1875,57800
1996-12-10,5.744330406188965,9.5,9.5625,9.25,9.375,121600
1996-12-11,5.782121658325195,9.5625,9.5625,9.3125,9.375,107000
1996-12-12,5.727502822875977,9.4375,9.5,9.1875,9.4375,71200
1996-12-13,5.424059867858887,8.9375,9.3125,8.9375,9.3125,220400
1996-12-16,5.234403610229492,8.625,9.0,8.5,9.0,133600
1996-12-17,5.120615482330322,8.4375,8.625,8.4375,8.5625,123200
1996-12-18,5.044753551483154,8.3125,8.4375,7.875,8.4375,291000
1996-12-19,5.5378499031066895,9.125,9.125,8.3125,8.375,277200
1996-12-20,5.499918460845947,9.0625,9.25,9.0,9.0,167200
1996-12-23,5.424059867858887,8.9375,9.0,8.8125,9.0,82400
1996-12-24,5.272335052490234,8.6875,8.9375,8.5625,8.9375,91200
1996-12-26,5.424059867858887,8.9375,8.9375,8.75,8.75,75800
1996-12-27,5.3861284255981445,8.875,8.9375,8.8125,8.9375,106400
1996-12-30,5.461987495422363,9.0,9.0625,8.8125,8.8125,220400
1996-12-31,5.499918460845947,9.0625,9.375,8.875,8.9375,115400
1997-01-02,5.803362846374512,9.5625,9.5625,8.9375,9.0625,158600
1997-01-03,5.689571380615234,9.375,9.5,9.25,9.5,118000
1997-01-06,5.803362846374512,9.5625,9.875,9.3125,9.3125,199200
1997-01-07,5.765432834625244,9.5,9.5625,9.4375,9.5625,73800
1997-01-08,5.651638984680176,9.3125,9.4375,9.3125,9.4375,79400
1997-01-09,5.727502822875977,9.4375,9.4375,9.1875,9.3125,89200
1997-01-10,5.803362846374512,9.5625,9.5625,9.375,9.375,104600
1997-01-13,5.765432834625244,9.5,9.5625,9.4375,9.5,61800
1997-01-14,5.803362846374512,9.5625,9.5625,9.4375,9.5625,139000
1997-01-15,5.765432834625244,9.5,9.5,9.5,9.5,92200
1997-01-16,5.727502822875977,9.4375,9.5,9.375,9.5,63600
1997-01-17,5.689571380615234,9.375,9.5,9.375,9.4375,111600
1997-01-20,5.689571380615234,9.375,9.4375,9.25,9.4375,41800
1997-01-21,5.689571380615234,9.375,9.4375,9.3125,9.3125,69400
1997-01-22,5.727502822875977,9.4375,9.4375,9.3125,9.375,74000
1997-01-23,5.689571380615234,9.375,9.5,9.3125,9.375,74200
1997-01-24,5.803362846374512,9.5625,9.5625,9.375,9.375,36400
1997-01-27,5.651638984680176,9.3125,9.5625,9.3125,9.5,76400
1997-01-28,5.727502822875977,9.4375,9.5,9.3125,9.3125,75800
1997-01-29,5.651638984680176,9.3125,9.4375,9.3125,9.4375,124800
1997-01-30,5.765432834625244,9.5,9.6875,9.375,9.375,151000
1997-01-31,5.689571380615234,9.375,9.4375,9.3125,9.4375,160600
1997-02-03,5.803362846374512,9.5625,9.75,9.375,9.375,161000
1997-02-04,5.727502822875977,9.4375,9.5625,9.3125,9.5625,131800
1997-02-05,5.765432834625244,9.5,9.625,9.375,9.375,104600
1997-02-06,5.689571380615234,9.375,9.625,9.375,9.5625,36400
1997-02-07,5.879223823547363,9.6875,9.6875,9.375,9.4375,54200
1997-02-10,5.8412933349609375,9.625,9.8125,9.5625,9.6875,39600
1997-02-11,5.613710403442383,9.25,9.625,9.25,9.5,104600
1997-02-12,5.8412933349609375,9.625,9.9375,9.3125,9.3125,263800
1997-02-13,5.8412933349609375,9.625,9.6875,9.59375,9.625,91600
1997-02-14,5.879223823547363,9.6875,9.6875,9.5,9.625,102800
1997-02-18,5.8412933349609375,9.625,9.8125,9.5,9.5,101000
1997-02-19,5.879223823547363,9.6875,9.8125,9.625,9.625,161400
1997-02-20,5.879223823547363,9.6875,9.75,9.6875,9.6875,100200
1997-02-21,5.9171528816223145,9.75,9.75,9.625,9.6875,98000
1997-02-24,6.030944347381592,9.9375,9.9375,9.5,9.75,90800
1997-02-25,6.030944347381592,9.9375,9.9375,9.75,9.9375,94000
1997-02-26,5.803362846374512,9.5625,9.875,9.4375,9.875,118800
1997-02-27,5.803362846374512,9.5625,9.75,9.4375,9.5,84600
1997-02-28,5.955080986022949,9.8125,9.9375,9.375,9.5,304000
1997-03-03,5.955080986022949,9.8125,9.875,9.75,9.8125,247800
1997-03-04,5.993014335632324,9.875,9.875,9.75,9.875,162000
1997-03-05,5.955080986022949,9.8125,9.875,9.75,9.75,109000
1997-03-06,5.9383368492126465,9.75,9.8125,9.75,9.8125,131400
1997-03-07,5.9383368492126465,9.75,9.75,9.6875,9.6875,121000
1997-03-10,5.9383368492126465,9.75,9.8125,9.625,9.75,115400
1997-03-11,6.014468193054199,9.875,9.875,9.6875,9.75,140400
1997-03-12,5.9383368492126465,9.75,9.8125,9.6875,9.8125,160400
1997-03-13,6.09060001373291,10.0,10.0,9.6875,9.6875,256000
1997-03-14,5.862203598022461,9.625,9.875,9.625,9.875,194600
1997-03-17,5.824135780334473,9.5625,9.6875,9.5,9.625,139800
1997-03-18,5.824135780334473,9.5625,9.625,9.375,9.5625,157400
1997-03-19,5.748005390167236,9.4375,9.625,9.25,9.625,139800
1997-03-20,5.633805751800537,9.25,9.4375,9.25,9.375,92000
1997-03-21,5.786070346832275,9.5,9.5625,9.125,9.25,175600
1997-03-24,5.70993709564209,9.375,9.375,9.25,9.375,215000
1997-03-25,5.70993709564209,9.375,9.5,9.3125,9.3125,31000
1997-03-26,5.786070346832275,9.5,9.625,9.0625,9.375,129000
1997-03-27,5.70993709564209,9.375,9.5625,9.375,9.4375,82000
1997-03-31,5.44347620010376,8.9375,9.5,8.9375,9.3125,88600
1997-04-01,5.595737457275391,9.1875,9.25,9.0,9.0,50600
1997-04-02,5.44347620010376,8.9375,9.5,8.9375,9.25,104200
1997-04-03,5.481540679931641,9.0,9.0625,8.875,8.9375,40600
1997-04-04,5.481540679931641,9.0,9.0,8.75,9.0,85800
1997-04-07,5.557673931121826,9.125,9.125,8.875,9.0,73400
1997-04-08,5.633805751800537,9.25,9.25,8.9375,8.9375,86800
1997-04-09,5.633805751800537,9.25,9.3125,9.1875,9.25,92400
1997-04-10,5.633805751800537,9.25,9.3125,9.0625,9.1875,55600
1997-04-11,5.633805751800537,9.25,9.375,9.1875,9.3125,108800
1997-04-14,5.786070346832275,9.5,9.5,9.1875,9.25,201200
1997-04-15,5.633805751800537,9.25,9.375,9.1875,9.375,70400
1997-04-16,5.70993709564209,9.375,9.5,9.1875,9.1875,84800
1997-04-17,5.481540679931641,9.0,9.375,9.0,9.375,65600
1997-04-18,5.481540679931641,9.0,9.125,9.0,9.125,79400
1997-04-21,5.3292765617370605,8.75,9.0,8.75,9.0,172800
1997-04-22,5.557673931121826,9.125,9.1875,8.75,8.8125,211600
1997-04-23,5.405407428741455,8.875,9.375,8.875,9.375,114400
1997-04-24,5.481540679931641,9.0,9.0625,8.875,8.875,101000
1997-04-25,5.405407428741455,8.875,8.9375,8.75,8.9375,23200
1997-04-28,5.44347620010376,8.9375,9.0,8.875,8.875,93600
1997-04-29,5.44347620010376,8.9375,9.0,8.8125,8.9375,48400
1997-04-30,5.367341995239258,8.8125,9.0,8.75,8.875,129200
1997-05-01,5.405407428741455,8.875,8.875,8.6875,8.875,88800
1997-05-02,5.671870708465576,9.3125,9.3125,8.9375,8.9375,105000
1997-05-05,5.671870708465576,9.3125,9.4375,9.1875,9.25,130800
1997-05-06,5.633805751800537,9.25,9.3125,9.125,9.3125,42400
1997-05-07,5.557673931121826,9.125,9.25,9.125,9.25,56200
1997-05-08,5.557673931121826,9.125,9.28125,9.0625,9.0625,57800
1997-05-09,5.633805751800537,9.25,9.25,9.125,9.25,53000
1997-05-12,5.671870708465576,9.3125,9.3125,9.125,9.3125,79800
1997-05-13,5.671870708465576,9.3125,9.3125,9.0625,9.0625,167400
1997-05-14,5.633805751800537,9.25,9.375,9.1875,9.3125,98000
1997-05-15,5.5196075439453125,9.0625,9.25,9.0625,9.1875,53400
1997-05-16,5.595737457275391,9.1875,9.1875,9.0625,9.0625,112200
1997-05-19,5.595737457275391,9.1875,9.1875,9.125,9.1875,77600
1997-05-20,5.70993709564209,9.375,9.375,9.25,9.25,108800
1997-05-21,5.70993709564209,9.375,9.375,9.125,9.3125,235400
1997-05-22,5.671870708465576,9.3125,9.375,9.25,9.375,112000
1997-05-23,5.633805751800537,9.25,9.3125,9.1875,9.3125,40000
1997-05-27,5.633805751800537,9.25,9.3125,9.1875,9.1875,45200
1997-05-28,5.633805751800537,9.25,9.375,9.1875,9.1875,143000
1997-05-29,5.70993709564209,9.375,9.375,9.3125,9.3125,79200
1997-05-30,5.70993709564209,9.375,9.375,9.1875,9.3125,44800
1997-06-02,5.557673931121826,9.125,9.3125,9.125,9.25,131600
1997-06-03,5.595737457275391,9.1875,9.375,9.0625,9.125,121600
1997-06-04,5.557673931121826,9.125,9.3125,9.0625,9.125,135400
1997-06-05,5.671870708465576,9.3125,9.3125,9.125,9.125,261400
1997-06-06,5.671870708465576,9.3125,9.375,9.3125,9.3125,105400
1997-06-09,5.671870708465576,9.3125,9.4375,9.3125,9.3125,179200
1997-06-10,5.671870708465576,9.3125,9.375,9.25,9.3125,489400
1997-06-11,5.748005390167236,9.4375,9.5,9.3125,9.375,81400
1997-06-12,5.998645305633545,9.8125,10.0,9.4375,9.4375,588000
1997-06-13,6.075064182281494,9.9375,10.0,9.6875,9.6875,275400
1997-06-16,6.075064182281494,9.9375,10.0,9.8125,9.875,126800
1997-06-17,6.227894306182861,10.1875,10.1875,9.75,9.875,163600
1997-06-18,6.189687252044678,10.125,10.1875,10.0,10.125,126400
1997-06-19,6.036855697631836,9.875,10.25,9.875,10.0625,147200
1997-06-20,6.189687252044678,10.125,10.125,9.9375,9.9375,102800
1997-06-23,6.151483535766602,10.0625,10.1875,9.9375,9.9375,230800
1997-06-24,6.189687252044678,10.125,10.21875,10.0,10.0,69200
1997-06-25,5.884024620056152,9.625,10.1875,9.625,10.15625,173200
1997-06-26,6.1132731437683105,10.0,10.34375,9.6875,9.6875,318600
1997-06-27,6.304310321807861,10.3125,10.3125,10.03125,10.03125,229200
1997-06-30,6.438036918640137,10.53125,10.75,10.28125,10.5,340600
1997-07-01,6.724600791931152,11.0,11.1875,10.40625,10.53125,170600
1997-07-02,6.953845500946045,11.375,11.375,11.0,11.0,374200
1997-07-03,6.9920549392700195,11.4375,11.5,11.375,11.375,223800
1997-07-07,6.686390399932861,10.9375,11.5625,10.875,11.5625,192400
1997-07-08,6.877431392669678,11.25,11.3125,10.9375,11.0,132000
1997-07-09,6.686390399932861,10.9375,11.25,10.78125,11.25,198800
1997-07-10,6.762806415557861,11.0625,11.1875,10.96875,11.0,77200
1997-07-11,6.762806415557861,11.0625,11.09375,10.90625,10.96875,40600
1997-07-14,6.743699550628662,11.03125,11.21875,10.90625,11.0625,110600
1997-07-15,6.724600791931152,11.0,11.15625,11.0,11.0625,467800
1997-07-16,7.011157035827637,11.46875,11.5,11.0,11.03125,216800
1997-07-17,6.896536350250244,11.28125,11.4375,11.25,11.4375,71200
1997-07-18,6.7819108963012695,11.09375,11.46875,10.90625,11.34375,115200
1997-07-21,6.8583292961120605,11.21875,11.21875,11.0625,11.09375,82800
1997-07-22,6.82012414932251,11.15625,11.1875,11.03125,11.15625,64400
1997-07-23,6.9347429275512695,11.34375,11.375,11.25,11.28125,65800
1997-07-24,6.953845500946045,11.375,11.90625,11.15625,11.625,232200
1997-07-25,6.8010172843933105,11.125,11.5,11.03125,11.5,102800
1997-07-28,6.8583292961120605,11.21875,11.21875,10.9375,11.0625,180400
1997-07-29,7.030261993408203,11.5,11.5,11.25,11.28125,79000
1997-07-30,7.144882678985596,11.6875,11.71875,11.375,11.46875,157800
1997-07-31,7.335923671722412,12.0,12.03125,11.6875,11.6875,136400
1997-08-01,7.355025768280029,12.03125,12.09375,11.90625,11.9375,113000
1997-08-04,7.4123406410217285,12.125,12.125,11.96875,12.09375,155200
1997-08-05,7.278617858886719,11.90625,12.09375,11.875,12.09375,66400
1997-08-06,7.31682014465332,11.96875,11.96875,11.6875,11.75,277200
1997-08-07,7.29771614074707,11.9375,12.0,11.875,11.9375,155400
1997-08-08,7.2595133781433105,11.875,11.96875,11.8125,11.875,96800
1997-08-11,7.278617858886719,11.90625,11.96875,11.875,11.875,118400
1997-08-12,7.2021965980529785,11.78125,11.96875,11.78125,11.90625,89800
1997-08-13,7.278617858886719,11.90625,12.0,11.78125,11.78125,150000
1997-08-14,7.29771614074707,11.9375,11.96875,11.875,11.9375,330800
1997-08-15,7.16398811340332,11.71875,11.9375,11.65625,11.90625,129800
1997-08-18,7.049365997314453,11.53125,11.78125,11.4375,11.78125,91800
1997-08-19,7.087573051452637,11.59375,11.625,11.40625,11.46875,265600
1997-08-20,7.144882678985596,11.6875,11.84375,11.59375,11.625,216200
1997-08-21,7.087573051452637,11.59375,11.65625,11.5,11.625,127000
1997-08-22,7.125788688659668,11.65625,11.65625,11.0625,11.46875,188600
1997-08-25,7.087573051452637,11.59375,11.78125,11.5625,11.65625,46800
1997-08-26,7.144882678985596,11.6875,11.75,11.53125,11.5625,156000
1997-08-27,7.1830949783325195,11.75,11.78125,11.5,11.5625,152400
1997-08-28,7.068473815917969,11.5625,11.75,11.46875,11.75,259200
1997-08-29,7.507862567901611,12.28125,12.28125,11.59375,11.59375,351200
1997-09-02,7.52696418762207,12.3125,13.03125,12.28125,12.6875,400000
1997-09-03,7.947254657745361,13.0,13.03125,12.3125,12.3125,301200
1997-09-04,7.7753167152404785,12.71875,13.1875,12.6875,13.0,140400
1997-09-05,7.7753167152404785,12.71875,12.75,12.59375,12.71875,230400
1997-09-08,7.889941215515137,12.90625,13.1875,12.84375,12.84375,403000
1997-09-09,7.985459327697754,13.0625,13.0625,12.84375,12.9375,159200
1997-09-10,8.119187355041504,13.28125,13.34375,13.0625,13.0625,105000
1997-09-11,8.070116996765137,13.15625,13.1875,13.125,13.15625,277000
1997-09-12,8.28097915649414,13.5,13.5,13.15625,13.1875,137200
1997-09-15,8.223467826843262,13.40625,13.59375,13.40625,13.5,341400
1997-09-16,8.300139427185059,13.53125,13.59375,13.5,13.5,227000
1997-09-17,8.300139427185059,13.53125,13.625,13.46875,13.59375,290600
1997-09-18,8.28097915649414,13.5,13.625,13.46875,13.53125,242000
1997-09-19,8.242637634277344,13.4375,13.59375,13.375,13.59375,289800
1997-09-22,8.261805534362793,13.46875,13.5,13.40625,13.40625,340400
1997-09-23,8.18513011932373,13.34375,13.46875,13.3125,13.4375,198400
1997-09-24,8.089282035827637,13.1875,13.34375,13.09375,13.34375,311600
1997-09-25,8.16596508026123,13.3125,13.34375,13.125,13.25,260200
1997-09-26,8.070116996765137,13.15625,13.40625,13.125,13.34375,136000
1997-09-29,8.108458518981934,13.21875,13.28125,13.0625,13.125,320000
1997-09-30,7.7250752449035645,12.59375,13.28125,12.5,13.15625,565000
1997-10-01,7.935937404632568,12.9375,12.96875,12.625,12.625,209800
1997-10-02,8.070116996765137,13.15625,13.375,12.96875,13.03125,135400
1997-10-03,7.974270343780518,13.0,13.25,13.0,13.1875,104600
1997-10-06,8.012609481811523,13.0625,13.1875,13.0,13.0,124200
1997-10-07,7.974270343780518,13.0,13.0,12.9375,13.0,130200
1997-10-08,7.916761875152588,12.90625,13.0,12.75,12.90625,84000
1997-10-09,7.878429412841797,12.84375,12.9375,12.734375,12.84375,51200
1997-10-10,7.820919513702393,12.75,12.9375,12.53125,12.78125,76600
1997-10-13,7.993444919586182,13.03125,13.03125,12.75,12.75,104000
1997-10-14,7.95510196685791,12.96875,12.96875,12.84375,12.84375,67000
1997-10-15,8.031782150268555,13.09375,13.15625,12.78125,12.84375,33400
1997-10-16,7.859258651733398,12.8125,13.1875,12.8125,13.03125,69800
1997-10-17,7.686739921569824,12.53125,12.75,12.15625,12.71875,92400
1997-10-20,7.744242191314697,12.625,12.625,12.28125,12.40625,145200
1997-10-21,7.590896129608154,12.375,12.5,12.34375,12.5,151400
1997-10-22,7.744242191314697,12.625,12.625,12.1875,12.28125,50400
1997-10-23,7.744242191314697,12.625,12.625,12.34375,12.5,62200
1997-10-24,7.801750659942627,12.71875,12.71875,12.3125,12.5,63800
1997-10-27,7.150010585784912,11.65625,12.65625,11.625,12.65625,66200
1997-10-28,7.284192085266113,11.875,11.875,10.9375,11.09375,186400
1997-10-29,7.533386707305908,12.28125,12.28125,11.78125,11.9375,89400
1997-10-30,7.207514762878418,11.75,12.15625,11.71875,12.15625,78200
1997-10-31,7.437545299530029,12.125,12.125,11.6875,11.75,82600
1997-11-03,7.820919513702393,12.75,12.75,12.0,12.1875,88600
1997-11-04,7.552557468414307,12.3125,12.625,12.21875,12.625,98200
1997-11-05,7.590896129608154,12.375,12.375,12.0625,12.21875,82400
1997-11-06,7.456713676452637,12.15625,12.3125,12.0,12.3125,186200
1997-11-07,7.380035400390625,12.03125,12.09375,11.875,12.0625,65600
1997-11-10,7.4183783531188965,12.09375,12.1875,12.03125,12.0625,118000
1997-11-11,7.437545299530029,12.125,12.1875,12.03125,12.03125,17800
1997-11-12,7.22667932510376,11.78125,12.125,11.78125,12.125,79400
1997-11-13,7.1691765785217285,11.6875,11.96875,11.6875,11.90625,47800
1997-11-14,7.322529315948486,11.9375,12.125,11.6875,11.6875,77800
1997-11-17,7.495048522949219,12.21875,12.25,11.84375,11.84375,80400
1997-11-18,7.4183783531188965,12.09375,12.25,12.0625,12.21875,58000
1997-11-19,7.380035400390625,12.03125,12.21875,12.0,12.09375,49200
1997-11-20,7.686739921569824,12.53125,12.53125,11.96875,11.96875,84600
1997-11-21,7.686739921569824,12.53125,12.71875,12.46875,12.65625,40800
1997-11-24,7.437545299530029,12.125,12.4375,12.125,12.4375,64400
1997-11-25,7.4183783531188965,12.09375,12.28125,11.96875,12.25,264200
1997-11-26,7.399205207824707,12.0625,12.28125,12.0,12.0625,63800
1997-11-28,7.667569160461426,12.5,12.625,12.0625,12.0625,20400
1997-12-01,7.475876808166504,12.1875,12.4375,12.1875,12.375,432400
1997-12-02,7.590896129608154,12.375,12.4375,11.9375,12.0625,102400
1997-12-03,7.916761875152588,12.90625,12.9375,12.40625,12.4375,169800
1997-12-04,7.7634124755859375,12.65625,12.90625,12.65625,12.84375,205600
1997-12-05,7.7634124755859375,12.65625,12.75,12.625,12.65625,143600
1997-12-08,7.744242191314697,12.625,12.65625,12.59375,12.65625,46400
1997-12-09,7.686739921569824,12.53125,12.625,12.53125,12.625,67000
1997-12-10,7.648397445678711,12.46875,12.59375,12.25,12.5,183400
1997-12-11,7.541437149047852,12.25,12.59375,12.25,12.28125,137600
1997-12-12,7.52219295501709,12.21875,12.5625,12.21875,12.25,153800
1997-12-15,7.387528419494629,12.0,12.25,11.9375,12.15625,512600
1997-12-16,7.387528419494629,12.0,12.3125,11.75,11.9375,2432600
1997-12-17,7.464481353759766,12.125,12.21875,12.0,12.0,43800
1997-12-18,7.310573101043701,11.875,12.25,11.875,12.15625,133000
1997-12-19,7.175910949707031,11.65625,11.84375,11.65625,11.75,365800
1997-12-22,7.464481353759766,12.125,12.125,11.75,11.75,73600
1997-12-23,7.310573101043701,11.875,12.09375,11.875,11.9375,79200
1997-12-24,7.156667232513428,11.625,12.0625,11.625,11.9375,160600
1997-12-26,7.3298163414001465,11.90625,11.96875,11.6875,11.6875,20600
1997-12-29,7.483722686767578,12.15625,12.3125,12.0,12.0,66600
1997-12-30,7.753056049346924,12.59375,12.625,12.15625,12.15625,92200
1997-12-31,7.349053859710693,11.9375,12.75,11.9375,12.65625,177800
1998-01-02,7.406766891479492,12.03125,12.03125,11.6875,11.9375,119800
1998-01-05,7.406766891479492,12.03125,12.09375,11.84375,11.96875,180800
1998-01-06,7.310573101043701,11.875,12.0625,11.625,12.03125,675200
1998-01-07,7.175910949707031,11.65625,11.84375,11.65625,11.8125,114600
1998-01-08,7.098949909210205,11.53125,11.8125,11.53125,11.59375,68600
1998-01-09,6.887330532073975,11.1875,11.625,11.15625,11.625,67800
1998-01-12,6.983520030975342,11.34375,11.46875,10.8125,11.0625,127600
1998-01-13,7.002763748168945,11.375,11.40625,11.25,11.3125,138200
1998-01-14,6.8103790283203125,11.0625,11.46875,10.90625,11.34375,479800
1998-01-15,6.733422756195068,10.9375,11.25,10.90625,11.1875,263400
1998-01-16,6.752660274505615,10.96875,11.03125,10.9375,10.96875,132000
1998-01-20,6.8103790283203125,11.0625,11.125,10.875,11.0,158400
1998-01-21,6.733422756195068,10.9375,11.0625,10.78125,11.0625,109200
1998-01-22,6.694947719573975,10.875,10.9375,10.78125,10.9375,67800
1998-01-23,6.617992877960205,10.75,10.875,10.65625,10.875,145800
1998-01-26,6.560279846191406,10.65625,10.6875,10.5,10.5625,147200
1998-01-27,6.675710678100586,10.84375,10.84375,10.59375,10.59375,207000
1998-01-28,6.906567573547363,11.21875,11.28125,10.96875,10.96875,253800
1998-01-29,6.733422756195068,10.9375,11.4375,10.8125,11.21875,179200
1998-01-30,6.8103790283203125,11.0625,11.28125,10.71875,10.90625,243400
1998-02-02,6.983520030975342,11.34375,11.46875,11.0625,11.125,174800
1998-02-03,7.002763748168945,11.375,11.40625,11.3125,11.40625,176400
1998-02-04,7.002763748168945,11.375,11.40625,11.21875,11.375,249000
1998-02-05,7.118191719055176,11.5625,11.5625,11.28125,11.3125,79600
1998-02-06,7.060471057891846,11.46875,11.75,11.4375,11.59375,118400
1998-02-09,7.156667232513428,11.625,11.6875,11.3125,11.46875,79600
1998-02-10,7.118191719055176,11.5625,11.75,11.5625,11.65625,76400
1998-02-11,7.310573101043701,11.875,12.0,11.53125,11.53125,166600
1998-02-12,7.349053859710693,11.9375,11.96875,11.78125,11.84375,195400
1998-02-13,7.2913384437561035,11.84375,11.96875,11.78125,11.84375,50400
1998-02-17,7.2913384437561035,11.84375,11.9375,11.78125,11.78125,59200
1998-02-18,7.252859592437744,11.78125,11.90625,11.75,11.78125,71000
1998-02-19,7.349053859710693,11.9375,12.0,11.75,11.75,113000
1998-02-20,7.387528419494629,12.0,12.0625,11.84375,11.90625,134000
1998-02-23,7.483722686767578,12.15625,12.1875,11.9375,12.0,83600
1998-02-24,7.349053859710693,11.9375,12.0625,11.84375,12.0625,122600
1998-02-25,7.195145606994629,11.6875,12.0,11.6875,11.84375,206800
1998-02-26,7.483722686767578,12.15625,12.25,11.625,11.625,142400
1998-02-27,7.502960205078125,12.1875,12.21875,12.03125,12.09375,73200
1998-03-02,7.52219295501709,12.21875,12.5,12.09375,12.15625,150400
1998-03-03,7.695340633392334,12.5,12.75,12.125,12.15625,1159800
1998-03-04,7.52219295501709,12.21875,12.4375,12.0,12.4375,152600
1998-03-05,7.6761040687561035,12.46875,12.5,12.03125,12.1875,289600
1998-03-06,7.599146842956543,12.34375,12.59375,12.28125,12.375,141200
1998-03-09,7.560671806335449,12.28125,12.6875,12.21875,12.4375,92400
1998-03-10,7.695340633392334,12.5,12.59375,12.15625,12.21875,92200
1998-03-11,7.656867980957031,12.4375,12.46875,12.09375,12.4375,362200
1998-03-12,7.626742362976074,12.34375,12.46875,12.34375,12.4375,50600
1998-03-13,7.607431888580322,12.3125,12.375,12.21875,12.3125,37000
1998-03-16,7.781207084655762,12.59375,12.65625,12.375,12.4375,80800
1998-03-17,7.723284721374512,12.5,12.625,12.3125,12.625,52600
1998-03-18,7.684672832489014,12.4375,12.5625,12.40625,12.4375,60600
1998-03-19,7.723284721374512,12.5,12.59375,12.34375,12.40625,129200
1998-03-20,7.781207084655762,12.59375,12.625,12.375,12.4375,143000
1998-03-23,7.8005194664001465,12.625,12.78125,12.4375,12.5,131800
1998-03-24,7.916369438171387,12.8125,12.84375,12.5,12.78125,161600
1998-03-25,7.781207084655762,12.59375,12.96875,12.34375,12.75,1958800
1998-03-26,7.665359020233154,12.40625,12.8125,12.375,12.65625,92600
1998-03-27,7.646053314208984,12.375,12.40625,12.0625,12.3125,150400
1998-03-30,7.723284721374512,12.5,12.71875,12.375,12.46875,102800
1998-03-31,7.8005194664001465,12.625,12.8125,12.46875,12.59375,91400
1998-04-01,7.897059917449951,12.78125,12.8125,12.375,12.375,236400
1998-04-02,8.032211303710938,13.0,13.09375,12.75,12.875,134000
1998-04-03,7.87775182723999,12.75,13.0625,12.71875,12.9375,117200
1998-04-06,7.723284721374512,12.5,12.75,12.46875,12.71875,82000
1998-04-07,7.665359020233154,12.40625,12.5,12.0625,12.46875,143400
1998-04-08,7.7425971031188965,12.53125,12.53125,12.21875,12.4375,91200
1998-04-09,7.665359020233154,12.40625,12.78125,12.375,12.5,245600
1998-04-13,7.703974723815918,12.46875,12.5625,12.34375,12.375,21800
1998-04-14,7.954984664916992,12.875,12.90625,12.4375,12.4375,84000
1998-04-15,7.819825649261475,12.65625,12.875,12.65625,12.78125,78600
1998-04-16,7.819825649261475,12.65625,12.6875,12.5625,12.625,80400
1998-04-17,7.916369438171387,12.8125,12.8125,12.65625,12.65625,45000
1998-04-20,7.9742889404296875,12.90625,12.90625,12.65625,12.84375,132800
1998-04-21,7.839137077331543,12.6875,12.875,12.59375,12.875,179600
1998-04-22,7.954984664916992,12.875,12.90625,12.65625,12.65625,49800
1998-04-23,7.781207084655762,12.59375,12.8125,12.5,12.8125,139200
1998-04-24,7.684672832489014,12.4375,12.65625,12.375,12.40625,141600
1998-04-27,7.607431888580322,12.3125,12.4375,12.3125,12.4375,144400
1998-04-28,7.646053314208984,12.375,12.53125,12.1875,12.34375,64000
1998-04-29,7.684672832489014,12.4375,12.625,12.3125,12.375,106800
1998-04-30,7.684672832489014,12.4375,12.75,12.375,12.46875,150800
1998-05-01,7.7425971031188965,12.53125,12.53125,12.4375,12.4375,72000
1998-05-04,7.8584418296813965,12.71875,12.75,12.375,12.5,92000
1998-05-05,7.588123321533203,12.28125,12.5625,12.1875,12.5625,230400
1998-05-06,7.568819999694824,12.25,12.53125,12.21875,12.25,103400
1998-05-07,7.568819999694824,12.25,12.40625,12.15625,12.21875,35000
1998-05-08,7.684672832489014,12.4375,12.5625,12.25,12.25,91200
1998-05-11,7.703974723815918,12.46875,12.46875,12.1875,12.40625,72000
1998-05-12,7.723284721374512,12.5,12.5,12.21875,12.4375,57400
1998-05-13,7.87775182723999,12.75,12.8125,12.5,12.5,70200
1998-05-14,7.8005194664001465,12.625,12.71875,12.5,12.71875,44600
1998-05-15,7.7425971031188965,12.53125,12.71875,12.5,12.625,38600
1998-05-18,7.7425971031188965,12.53125,12.625,12.4375,12.5625,89800
1998-05-19,7.897059917449951,12.78125,12.78125,12.5,12.59375,136800
1998-05-20,7.9742889404296875,12.90625,12.9375,12.78125,12.875,253400
1998-05-21,7.839137077331543,12.6875,13.0625,12.65625,12.90625,156800
1998-05-22,7.839137077331543,12.6875,12.75,12.625,12.6875,51000
1998-05-26,7.646053314208984,12.375,12.6875,12.34375,12.6875,69000
1998-05-27,7.414355278015137,12.0,12.4375,11.9375,12.4375,86800
1998-05-28,7.414355278015137,12.0,12.21875,11.9375,12.0,82600
1998-05-29,7.510900020599365,12.15625,12.21875,12.03125,12.0625,95000
1998-06-01,7.433661937713623,12.03125,12.5,12.03125,12.15625,124800
1998-06-02,7.4915876388549805,12.125,12.3125,11.9375,12.09375,99600
1998-06-03,7.3950419425964355,11.96875,12.0625,11.875,12.0625,90600
1998-06-04,7.4915876388549805,12.125,12.125,11.75,11.90625,64000
1998-06-05,7.626742362976074,12.34375,12.34375,11.9375,12.125,32600
1998-06-08,7.549510478973389,12.21875,12.34375,11.84375,12.34375,70400
1998-06-09,7.472277641296387,12.09375,12.21875,11.8125,12.21875,138600
1998-06-10,7.337123394012451,11.875,12.09375,11.875,12.0,25800
1998-06-11,7.2099761962890625,11.625,11.78125,11.375,11.71875,105400
1998-06-12,7.074307441711426,11.40625,11.75,11.0625,11.75,153600
1998-06-15,7.035545825958252,11.34375,11.46875,11.3125,11.46875,100600
1998-06-16,7.113068580627441,11.46875,11.53125,11.28125,11.3125,105800
1998-06-17,6.977395534515381,11.25,11.5,11.09375,11.4375,812400
1998-06-18,6.7641987800598145,10.90625,11.0625,10.75,11.0625,148400
1998-06-19,6.8223466873168945,11.0,11.1875,10.65625,10.65625,245400
1998-06-22,6.8029608726501465,10.96875,11.125,10.75,10.90625,79400
1998-06-23,6.7641987800598145,10.90625,11.21875,10.875,11.0625,178800
1998-06-24,6.783581256866455,10.9375,11.0,10.8125,10.8125,118600
1998-06-25,6.8223466873168945,11.0,11.375,10.8125,10.8125,157000
1998-06-26,6.899872779846191,11.125,11.125,10.8125,11.09375,123600
1998-06-29,6.8029608726501465,10.96875,11.21875,10.8125,11.125,88400
1998-06-30,6.841724872589111,11.03125,11.25,10.78125,11.0,156400
1998-07-01,7.151827335357666,11.53125,11.59375,11.15625,11.15625,197600
1998-07-02,7.229360580444336,11.65625,11.65625,11.25,11.375,192400
1998-07-06,7.403792858123779,11.9375,11.9375,11.53125,11.5625,181400
1998-07-07,7.403792858123779,11.9375,11.96875,11.84375,11.875,60600
1998-07-08,7.752666473388672,12.5,12.5,11.90625,11.96875,229000
1998-07-09,7.5782270431518555,12.21875,12.53125,12.125,12.46875,335200
1998-07-10,7.500702381134033,12.09375,12.375,11.875,12.375,120600
1998-07-13,7.24874210357666,11.6875,12.0625,11.6875,12.0,75400
1998-07-14,7.171213626861572,11.5625,11.78125,11.5,11.625,39800
1998-07-15,7.171213626861572,11.5625,11.625,11.5,11.59375,38400
1998-07-16,7.113068580627441,11.46875,11.65625,11.375,11.53125,147200
1998-07-17,7.171213626861572,11.5625,11.625,11.5,11.53125,61000
1998-07-20,7.171213626861572,11.5625,11.6875,11.40625,11.59375,167200
1998-07-21,6.977395534515381,11.25,11.4375,11.0,11.40625,144400
1998-07-22,6.66729211807251,10.75,11.1875,10.75,11.1875,179200
1998-07-23,6.744815826416016,10.875,10.875,10.5625,10.75,172000
1998-07-24,6.49285364151001,10.46875,10.875,10.34375,10.8125,220600
1998-07-27,6.473475933074951,10.4375,10.5,10.0625,10.4375,75800
1998-07-28,6.26027774810791,10.09375,10.46875,10.0625,10.40625,326000
1998-07-29,6.27965784072876,10.125,10.21875,10.125,10.1875,88200
1998-07-30,6.27965784072876,10.125,10.25,10.03125,10.15625,168800
1998-07-31,5.9889326095581055,9.65625,10.125,9.625,10.09375,257600
1998-08-03,6.124606132507324,9.875,10.09375,9.625,9.6875,151800
1998-08-04,6.143989086151123,9.90625,10.0625,9.625,9.8125,305800
1998-08-05,6.027693748474121,9.71875,9.8125,9.53125,9.78125,164400
1998-08-06,6.047076225280762,9.75,9.75,9.53125,9.6875,90400
1998-08-07,6.24089241027832,10.0625,10.40625,9.75,9.75,169400
1998-08-10,6.182748794555664,9.96875,10.15625,9.90625,10.15625,172600
1998-08-11,6.047076225280762,9.75,9.84375,9.375,9.84375,110400
1998-08-12,5.911404609680176,9.53125,9.96875,9.53125,9.8125,70200
1998-08-13,5.717589378356934,9.21875,9.625,9.125,9.5625,343400
1998-08-14,5.717589378356934,9.21875,9.375,8.9375,9.1875,179600
1998-08-17,5.640061855316162,9.09375,9.3125,9.09375,9.25,157800
1998-08-18,5.736970901489258,9.25,9.25,9.03125,9.09375,116400
1998-08-19,5.659445285797119,9.125,9.40625,9.0625,9.21875,121000
1998-08-20,5.659445285797119,9.125,9.125,9.0,9.0625,95800
1998-08-21,5.40748405456543,8.71875,9.09375,8.40625,9.09375,132600
1998-08-24,5.8532609939575195,9.4375,9.5,9.125,9.125,367200
1998-08-25,5.833879470825195,9.40625,9.625,9.40625,9.5,256000
1998-08-26,5.775732517242432,9.3125,9.40625,9.3125,9.375,323800
1998-08-27,5.426865100860596,8.75,9.3125,8.75,9.3125,208000
1998-08-28,5.465628623962402,8.8125,8.96875,8.75,8.75,163400
1998-08-31,5.213670253753662,8.40625,8.78125,8.375,8.75,228200
1998-09-01,5.349339008331299,8.625,8.6875,8.40625,8.40625,169800
1998-09-02,5.446248531341553,8.78125,8.875,8.625,8.625,214800
1998-09-03,5.446248531341553,8.78125,8.84375,8.6875,8.78125,187000
1998-09-04,5.426865100860596,8.75,8.84375,8.71875,8.78125,55400
1998-09-08,5.5819172859191895,9.0,9.09375,8.75,8.75,157800
1998-09-09,5.446248531341553,8.78125,9.0,8.78125,8.96875,219400
1998-09-10,5.426865100860596,8.75,8.96875,8.75,8.8125,123400
1998-09-11,5.493882656097412,8.8125,8.8125,8.6875,8.75,87400
1998-09-14,5.610773086547852,9.0,9.0,8.875,8.875,118800
1998-09-15,5.8055901527404785,9.3125,9.3125,9.0,9.0625,221000
1998-09-16,5.825072288513184,9.34375,9.4375,9.3125,9.3125,289600
1998-09-17,5.747147083282471,9.21875,9.3125,9.15625,9.28125,125000
1998-09-18,5.766628265380859,9.25,9.3125,9.03125,9.3125,223200
1998-09-21,5.766628265380859,9.25,9.25,9.125,9.1875,151800
1998-09-22,5.825072288513184,9.34375,9.34375,9.21875,9.21875,244200
1998-09-23,5.922484874725342,9.5,9.6875,9.375,9.375,306400
1998-09-24,5.825072288513184,9.34375,9.5625,9.28125,9.5,225400
1998-09-25,5.8055901527404785,9.3125,9.40625,9.28125,9.3125,166600
1998-09-28,5.708185195922852,9.15625,9.46875,9.15625,9.3125,120000
1998-09-29,5.708185195922852,9.15625,9.21875,9.125,9.15625,103400
1998-09-30,5.864037036895752,9.40625,9.4375,9.125,9.1875,88800
1998-10-01,6.273154258728027,10.0625,10.3125,9.3125,9.3125,274200
1998-10-02,6.1757493019104,9.90625,10.0625,9.8125,10.0625,73000
1998-10-05,5.922484874725342,9.5,9.78125,9.375,9.78125,133600
1998-10-06,5.941965579986572,9.53125,9.78125,9.5,9.5625,46000
1998-10-07,6.039373874664307,9.6875,9.6875,9.0625,9.3125,125600
1998-10-08,6.078336238861084,9.75,9.75,9.3125,9.5625,93400
1998-10-09,6.273154258728027,10.0625,10.0625,9.6875,9.75,71800
1998-10-12,6.117300987243652,9.8125,10.0625,9.625,10.0625,84200
1998-10-13,5.903000354766846,9.46875,9.90625,9.3125,9.875,149600
1998-10-14,6.2147088050842285,9.96875,10.0,9.5,9.5,92000
1998-10-15,6.273154258728027,10.0625,10.125,9.84375,10.0,192200
1998-10-16,6.5069403648376465,10.4375,10.5625,10.125,10.125,95000
1998-10-19,6.467978000640869,10.375,10.5,10.375,10.40625,103200
1998-10-20,6.5069403648376465,10.4375,10.5,10.28125,10.40625,116000
1998-10-21,6.331599235534668,10.15625,10.375,10.03125,10.1875,215200
1998-10-22,6.292639255523682,10.09375,10.25,10.03125,10.09375,179400
1998-10-23,6.234193325042725,10.0,10.109375,9.96875,10.0625,76200
1998-10-26,6.273154258728027,10.0625,10.0625,9.875,9.9375,58400
1998-10-27,6.312121391296387,10.125,10.15625,9.46875,10.0625,162200
1998-10-28,6.234193325042725,10.0,10.1875,9.9375,10.1875,70600
1998-10-29,6.2147088050842285,9.96875,10.0,9.875,10.0,59400
1998-10-30,5.941965579986572,9.53125,10.0,9.4375,9.9375,174200
1998-11-02,6.00040864944458,9.625,9.8125,9.59375,9.59375,141000
1998-11-03,6.058854103088379,9.71875,9.75,9.53125,9.6875,136200
1998-11-04,6.058854103088379,9.71875,9.90625,9.625,9.75,208600
1998-11-05,6.0978193283081055,9.78125,9.84375,9.65625,9.71875,78400
1998-11-06,6.078336238861084,9.75,10.0,9.625,9.75,87800
1998-11-09,6.019893169403076,9.65625,9.84375,9.65625,9.8125,94800
1998-11-10,5.961448669433594,9.5625,9.625,9.5625,9.625,108600
1998-11-11,6.195230960845947,9.9375,9.96875,9.5,9.625,106000
1998-11-12,6.00040864944458,9.625,10.34375,9.625,10.0,153400
1998-11-13,6.039373874664307,9.6875,9.78125,9.59375,9.6875,109000
1998-11-16,5.961448669433594,9.5625,9.8125,9.5,9.625,294400
1998-11-17,6.019893169403076,9.65625,9.6875,9.5,9.59375,45600
1998-11-18,6.019893169403076,9.65625,9.65625,9.4375,9.625,47800
1998-11-19,6.058854103088379,9.71875,9.84375,9.59375,9.625,134800
1998-11-20,5.88352108001709,9.4375,9.75,9.375,9.75,53400
1998-11-23,6.117300987243652,9.8125,9.8125,9.5,9.53125,117400
1998-11-24,5.980932712554932,9.59375,9.90625,9.5625,9.8125,86600
1998-11-25,6.039373874664307,9.6875,9.6875,9.4375,9.53125,55400
1998-11-27,6.039373874664307,9.6875,9.75,9.65625,9.65625,9800
1998-11-30,5.8055901527404785,9.3125,9.75,9.125,9.6875,157000
1998-12-01,5.864037036895752,9.40625,9.59375,9.25,9.25,97400
1998-12-02,5.708185195922852,9.15625,9.46875,9.125,9.46875,87400
1998-12-03,5.610773086547852,9.0,9.21875,9.0,9.125,74000
1998-12-04,5.630253791809082,9.03125,9.125,8.875,8.875,142000
1998-12-07,5.747147083282471,9.21875,9.25,8.875,9.03125,51800
1998-12-08,5.766628265380859,9.25,9.375,9.15625,9.15625,213600
1998-12-09,5.571808815002441,8.9375,9.375,8.8125,9.28125,623200
1998-12-10,5.493882656097412,8.8125,9.0625,8.78125,8.9375,99200
1998-12-11,5.44685697555542,8.6875,8.75,8.5625,8.75,74200
1998-12-14,5.211742877960205,8.3125,8.6875,8.25,8.6875,118200
1998-12-15,5.348893165588379,8.53125,8.625,8.0,8.375,203600
1998-12-16,5.388081073760986,8.59375,8.65625,8.296875,8.53125,286800
1998-12-17,5.7407546043396,9.15625,9.15625,8.5,8.5625,320400
1998-12-18,6.230581283569336,9.9375,10.0,9.1875,9.21875,395800
1998-12-21,6.661626815795898,10.625,10.625,9.75,9.90625,178600
1998-12-22,6.485287666320801,10.34375,10.6875,10.25,10.65625,220000
1998-12-23,6.113020896911621,9.75,10.59375,9.75,10.34375,112800
1998-12-24,6.387324810028076,10.1875,10.3125,9.8125,9.8125,98200
1998-12-28,6.524474620819092,10.40625,10.625,10.15625,10.1875,63400
1998-12-29,6.988511085510254,10.9375,11.09375,10.40625,10.4375,86200
1998-12-30,7.128280162811279,11.15625,11.25,10.90625,10.9375,132000
1998-12-31,7.587523460388184,11.875,11.875,11.15625,11.15625,146400
1999-01-04,7.6873602867126465,12.03125,12.09375,11.40625,11.8125,226800
1999-01-05,7.607493877410889,11.90625,12.09375,11.875,12.0,151000
1999-01-06,7.567560195922852,11.84375,11.96875,11.5,11.8125,137000
1999-01-07,7.248086452484131,11.34375,11.90625,11.0,11.78125,114000
1999-01-08,7.268054008483887,11.375,11.5625,11.25,11.40625,137800
1999-01-11,7.347923278808594,11.5,11.75,11.40625,11.40625,74600
1999-01-12,7.248086452484131,11.34375,11.59375,11.21875,11.25,177400
1999-01-13,7.288020133972168,11.40625,11.5,11.15625,11.25,53600
1999-01-14,7.028442859649658,11.0,11.3125,11.0,11.3125,88600
1999-01-15,7.188183784484863,11.25,11.25,10.90625,11.0,52200
1999-01-19,7.387856483459473,11.5625,11.71875,11.1875,11.1875,102400
1999-01-20,7.228119850158691,11.3125,11.5625,11.3125,11.5625,130200
1999-01-21,7.168214797973633,11.21875,11.625,11.21875,11.375,48800
1999-01-22,7.248086452484131,11.34375,11.84375,11.25,11.34375,104800
1999-01-25,7.028442859649658,11.0,11.375,10.71875,11.28125,150800
1999-01-26,7.307986736297607,11.4375,11.4375,11.0,11.0,262000
1999-01-27,7.1083149909973145,11.125,11.5,11.0625,11.4375,73400
1999-01-28,7.208156585693359,11.28125,11.3125,11.09375,11.125,68600
1999-01-29,7.407822132110596,11.59375,11.625,11.3125,11.375,124800
1999-02-01,7.467722415924072,11.6875,11.6875,11.5625,11.65625,102400
1999-02-02,7.707332611083984,12.0625,12.0625,11.65625,11.6875,201800
1999-02-03,7.6474289894104,11.96875,12.0,11.6875,12.0,68600
1999-02-04,7.84710168838501,12.28125,12.28125,11.875,11.875,126800
1999-02-05,7.627461910247803,11.9375,12.25,11.90625,12.125,125400
1999-02-08,7.5276265144348145,11.78125,12.0625,11.78125,11.9375,52800
1999-02-09,7.667396545410156,12.0,12.0,11.75,11.875,130200
1999-02-10,7.407822132110596,11.59375,12.15625,11.59375,12.0,107200
1999-02-11,7.467722415924072,11.6875,11.6875,11.59375,11.59375,51000
1999-02-12,7.248086452484131,11.34375,11.9375,11.34375,11.625,117000
1999-02-16,7.307986736297607,11.4375,11.59375,11.3125,11.375,55600
1999-02-17,7.467722415924072,11.6875,11.75,11.375,11.375,78800
1999-02-18,7.447759628295898,11.65625,11.75,11.53125,11.625,72800
1999-02-19,7.367887020111084,11.53125,11.65625,11.4375,11.65625,67000
1999-02-22,7.547595024108887,11.8125,11.8125,11.53125,11.5625,78000
1999-02-23,7.5076584815979,11.75,11.96875,11.71875,11.78125,115400
1999-02-24,7.307986736297607,11.4375,11.6875,11.375,11.6875,76600
1999-02-25,7.487696647644043,11.71875,11.75,11.4375,11.4375,44200
1999-02-26,7.547595024108887,11.8125,11.84375,11.625,11.6875,77600
1999-03-01,7.587523460388184,11.875,12.0,11.6875,11.78125,73200
1999-03-02,7.727293014526367,12.09375,12.15625,11.90625,11.96875,112000
1999-03-03,7.6474289894104,11.96875,12.1875,11.71875,12.125,48400
1999-03-04,7.867066860198975,12.3125,12.46875,11.875,11.96875,185400
1999-03-05,8.046774864196777,12.59375,12.65625,12.28125,12.375,139200
1999-03-08,7.567560195922852,11.84375,12.5,11.6875,12.5,257600
1999-03-09,7.707332611083984,12.0625,12.0625,11.8125,11.875,103000
1999-03-10,7.727293014526367,12.09375,12.15625,11.9375,12.03125,170800
1999-03-11,7.5388264656066895,11.75,11.96875,11.6875,11.96875,63400
1999-03-12,7.478679656982422,11.65625,11.78125,11.65625,11.71875,59600
1999-03-15,7.498725891113281,11.6875,11.71875,11.625,11.625,42600
1999-03-16,7.518779277801514,11.71875,11.8125,11.5625,11.71875,82800
1999-03-17,7.438576698303223,11.59375,11.875,11.53125,11.65625,48200
1999-03-18,7.378428936004639,11.5,11.65625,11.4375,11.59375,39800
1999-03-19,7.077676296234131,11.03125,11.28125,11.03125,11.25,148600
1999-03-22,7.097728252410889,11.0625,11.125,10.21875,11.03125,234000
1999-03-23,6.756871223449707,10.53125,11.03125,10.53125,11.0,113200
1999-03-24,6.496224403381348,10.125,10.53125,10.0,10.53125,137600
1999-03-25,6.616522312164307,10.3125,10.34375,10.0625,10.15625,81600
1999-03-26,6.696728229522705,10.4375,10.5,10.1875,10.3125,60200
1999-03-29,6.6365742683410645,10.34375,10.53125,10.28125,10.40625,231800
1999-03-30,6.215522766113281,9.6875,10.34375,9.6875,10.34375,163000
1999-03-31,6.716775417327881,10.46875,10.46875,9.4375,9.71875,236200
1999-04-01,6.696728229522705,10.4375,10.625,10.0625,10.40625,147800
1999-04-05,6.576428413391113,10.25,10.6875,10.1875,10.5,99400
1999-04-06,6.576428413391113,10.25,10.34375,10.15625,10.21875,114600
1999-04-07,6.416022300720215,10.0,10.5,10.0,10.1875,89400
1999-04-08,6.596477031707764,10.28125,10.5,10.0,10.0625,78000
1999-04-09,6.696728229522705,10.4375,10.4375,10.125,10.21875,36400
1999-04-12,6.656620025634766,10.375,10.59375,10.3125,10.375,61400
1999-04-13,6.556376934051514,10.21875,10.5,10.125,10.375,43800
1999-04-14,6.736824035644531,10.5,10.75,10.15625,10.15625,142600
1999-04-15,6.8771772384643555,10.71875,10.75,10.53125,10.53125,61200
1999-04-16,7.338326454162598,11.4375,11.46875,10.6875,10.71875,170800
1999-04-19,7.037571430206299,10.96875,11.3125,10.5,11.3125,234600
1999-04-20,7.017521858215332,10.9375,11.1875,10.875,10.9375,111200
1999-04-21,6.796975612640381,10.59375,11.25,10.59375,10.96875,130400
1999-04-22,6.756871223449707,10.53125,10.75,10.375,10.65625,120800
1999-04-23,6.516271591186523,10.15625,10.5625,10.03125,10.4375,148000
1999-04-26,6.6365742683410645,10.34375,10.46875,10.0,10.0625,128800
1999-04-27,6.596477031707764,10.28125,10.59375,10.21875,10.28125,120800
1999-04-28,6.977425575256348,10.875,10.875,10.28125,10.3125,134800
1999-04-29,6.977425575256348,10.875,10.9375,10.59375,10.75,151600
1999-04-30,7.057620525360107,11.0,11.21875,10.875,10.875,91600
1999-05-03,7.177927017211914,11.1875,11.40625,11.0,11.0,69600
1999-05-04,7.418528079986572,11.5625,11.5625,11.09375,11.1875,90800
1999-05-05,7.498725891113281,11.6875,12.0625,11.625,11.625,462800
1999-05-06,7.218026161193848,11.25,11.6875,11.125,11.65625,110800
1999-05-07,7.478679656982422,11.65625,11.65625,11.25,11.25,66400
1999-05-10,7.518779277801514,11.71875,11.8125,11.65625,11.71875,53600
1999-05-11,7.619026184082031,11.875,11.90625,11.78125,11.8125,96800
1999-05-12,7.3984761238098145,11.53125,11.8125,11.375,11.8125,37000
1999-05-13,7.679177761077881,11.96875,12.15625,11.5625,11.59375,132200
1999-05-14,7.358373641967773,11.46875,11.90625,11.34375,11.90625,45200
1999-05-17,7.298226833343506,11.375,11.53125,11.28125,11.5,197600
1999-05-18,7.258127212524414,11.3125,11.375,11.28125,11.34375,69400
1999-05-19,7.298226833343506,11.375,11.375,10.90625,11.3125,61000
1999-05-20,7.097728252410889,11.0625,11.34375,11.0625,11.3125,46000
1999-05-21,7.117773056030273,11.09375,11.3125,11.09375,11.15625,36000
1999-05-24,7.017521858215332,10.9375,11.125,10.875,10.9375,72800
1999-05-25,7.278176784515381,11.34375,11.34375,10.875,10.90625,76800
1999-05-26,7.19797420501709,11.21875,11.5625,11.125,11.28125,107400
1999-05-27,7.157873630523682,11.15625,11.21875,10.875,11.21875,79400
1999-05-28,7.19797420501709,11.21875,11.25,10.9375,11.09375,65400
1999-06-01,7.378428936004639,11.5,11.53125,11.21875,11.21875,46200
1999-06-02,7.258127212524414,11.3125,11.5,11.0625,11.4375,101600
1999-06-03,7.218026161193848,11.25,11.375,11.09375,11.34375,35600
1999-06-04,7.157873630523682,11.15625,11.21875,10.9375,11.21875,68400
1999-06-07,7.418528079986572,11.5625,11.5625,11.0625,11.09375,34600
1999-06-08,7.3984761238098145,11.53125,11.65625,11.46875,11.625,51800
1999-06-09,7.438576698303223,11.59375,11.59375,11.375,11.53125,35200
1999-06-10,7.699225902557373,12.0,12.0,11.4375,11.46875,86000
1999-06-11,7.5502400398254395,11.71875,11.9375,11.65625,11.9375,34600
1999-06-14,7.6911749839782715,11.9375,12.0625,11.84375,11.875,69800
1999-06-15,7.570373058319092,11.75,12.03125,11.6875,12.03125,202400
1999-06-16,7.4294304847717285,11.53125,11.890625,11.375,11.8125,137800
1999-06-17,7.207960605621338,11.1875,11.4375,11.1875,11.4375,118600
1999-06-18,7.046885013580322,10.9375,11.0,10.9375,11.0,168200
1999-06-21,6.825412273406982,10.59375,10.96875,10.5625,10.9375,190200
1999-06-22,6.644205570220947,10.3125,10.5625,10.3125,10.5625,144000
1999-06-23,6.442867279052734,10.0,10.1875,9.75,10.1875,432400
1999-06-24,6.241527557373047,9.6875,10.0625,9.65625,10.0625,207600
1999-06-25,6.70460844039917,10.40625,10.59375,9.6875,9.6875,117200
1999-06-28,6.684473991394043,10.375,10.625,10.28125,10.46875,165800
1999-06-29,7.026752948760986,10.90625,10.90625,10.28125,10.375,233400
1999-06-30,7.4495673179626465,11.5625,11.5625,10.5,10.9375,310600
1999-07-01,7.107288360595703,11.03125,11.5625,11.0,11.5,200400
1999-07-02,6.825412273406982,10.59375,11.03125,10.5,11.0,176000
1999-07-06,6.583808422088623,10.21875,10.65625,10.21875,10.625,75600
1999-07-07,6.503269672393799,10.09375,10.28125,10.0625,10.28125,114000
1999-07-08,6.241527557373047,9.6875,10.21875,9.65625,10.15625,128400
1999-07-09,6.563671112060547,10.1875,10.21875,9.875,9.875,84800
1999-07-12,6.503269672393799,10.09375,10.5,10.0625,10.3125,51400
1999-07-13,6.503269672393799,10.09375,10.28125,9.90625,10.03125,77800
1999-07-14,6.342197418212891,9.84375,10.0625,9.75,10.0625,58200
1999-07-15,6.42273473739624,9.96875,9.96875,9.78125,9.90625,49400
1999-07-16,6.442867279052734,10.0,10.0,9.5,9.65625,183400
1999-07-19,6.342197418212891,9.84375,10.0,9.53125,9.9375,180000
1999-07-20,6.140857696533203,9.53125,9.78125,9.46875,9.78125,78400
1999-07-21,6.040187358856201,9.375,9.5625,9.25,9.5625,376200
1999-07-22,6.100590229034424,9.46875,9.46875,8.875,9.3125,299600
1999-07-23,6.201259136199951,9.625,9.625,9.25,9.375,120200
1999-07-26,6.100590229034424,9.46875,9.625,9.3125,9.5625,66800
1999-07-27,6.08045768737793,9.4375,9.65625,9.375,9.5,57600
1999-07-28,5.91938591003418,9.1875,9.4375,9.1875,9.4375,39200
1999-07-29,5.798583984375,9.0,9.21875,8.96875,9.09375,124800
1999-07-30,5.778446674346924,8.96875,9.03125,8.96875,9.03125,91600
1999-08-02,5.738178253173828,8.90625,9.0,8.90625,8.96875,52000
1999-08-03,5.577106952667236,8.65625,9.0,8.40625,8.96875,187400
1999-08-04,5.456305027008057,8.46875,8.8125,8.40625,8.625,75000
1999-08-05,5.416036605834961,8.40625,8.5625,8.375,8.5625,143200
1999-08-06,5.416036605834961,8.40625,8.46875,8.375,8.4375,247800
1999-08-09,5.516705513000488,8.5625,8.5625,8.40625,8.4375,143600
1999-08-10,5.516705513000488,8.5625,8.5625,8.40625,8.53125,184000
1999-08-11,5.677778720855713,8.8125,8.8125,8.53125,8.625,69400
1999-08-12,5.657644748687744,8.78125,8.9375,8.71875,8.78125,92600
1999-08-13,5.677778720855713,8.8125,8.90625,8.78125,8.84375,34800
1999-08-16,5.597240447998047,8.6875,8.9375,8.65625,8.78125,56800
1999-08-17,5.617377758026123,8.71875,8.8125,8.71875,8.71875,78400
1999-08-18,5.496573448181152,8.53125,8.6875,8.5,8.6875,38800
1999-08-19,5.536839962005615,8.59375,8.65625,8.5,8.5625,38800
1999-08-20,5.677778720855713,8.8125,8.8125,8.59375,8.59375,53600
1999-08-23,5.677778720855713,8.8125,8.875,8.65625,8.875,81600
1999-08-24,5.597240447998047,8.6875,8.78125,8.625,8.78125,74200
1999-08-25,5.416036605834961,8.40625,8.6875,8.40625,8.6875,44600
1999-08-26,5.577106952667236,8.65625,8.6875,8.46875,8.46875,80800
1999-08-27,5.476438045501709,8.5,8.6875,8.3125,8.625,75800
1999-08-30,5.496573448181152,8.53125,8.8125,8.5,8.5,82000
1999-08-31,5.577106952667236,8.65625,8.65625,8.5,8.5,115800
1999-09-01,5.697912693023682,8.84375,8.96875,8.625,8.625,103200
1999-09-02,5.657644748687744,8.78125,8.8125,8.4375,8.78125,97000
1999-09-03,5.718043327331543,8.875,8.875,8.71875,8.84375,56800
1999-09-07,5.798583984375,9.0,9.03125,8.875,8.90625,71000
1999-09-08,5.677778720855713,8.8125,9.0,8.78125,8.96875,46200
1999-09-09,5.617377758026123,8.71875,8.90625,8.6875,8.875,71400
1999-09-10,5.577106952667236,8.65625,8.71875,8.625,8.6875,36400
1999-09-13,5.731015682220459,8.84375,8.9375,8.625,8.65625,52000
1999-09-14,5.670262336730957,8.75,8.78125,8.5625,8.78125,45800
1999-09-15,5.670262336730957,8.75,8.84375,8.71875,8.71875,43200
1999-09-16,5.528507232666016,8.53125,8.6875,8.40625,8.6875,45800
1999-09-17,5.629758358001709,8.6875,8.6875,8.34375,8.46875,221400
1999-09-20,5.710765361785889,8.8125,8.84375,8.5625,8.59375,68200
1999-09-21,5.488004684448242,8.46875,8.90625,8.40625,8.75,211800
1999-09-22,5.508255958557129,8.5,8.75,8.46875,8.46875,217800
1999-09-23,5.5487565994262695,8.5625,8.6875,8.46875,8.53125,128400
1999-09-24,5.5690083503723145,8.59375,8.71875,8.53125,8.59375,57400
1999-09-27,5.528507232666016,8.53125,8.71875,8.53125,8.625,101200
1999-09-28,5.5690083503723145,8.59375,8.625,8.34375,8.46875,203200
1999-09-29,5.589258193969727,8.625,8.75,8.53125,8.625,58200
1999-09-30,6.520805358886719,10.0625,10.0625,8.5625,8.5625,331600
1999-10-01,6.136033535003662,9.46875,9.875,9.3125,9.875,258800
1999-10-04,6.25753927230835,9.65625,9.75,9.4375,9.5,109400
1999-10-05,6.156282901763916,9.5,9.625,9.375,9.625,97800
1999-10-06,6.09553337097168,9.40625,9.46875,9.40625,9.46875,103200
1999-10-07,6.156282901763916,9.5,9.625,9.375,9.4375,50000
1999-10-08,6.136033535003662,9.46875,9.53125,9.28125,9.4375,200800
1999-10-11,6.176535129547119,9.53125,9.65625,9.4375,9.5,164400
1999-10-12,5.974024772644043,9.21875,9.5,9.21875,9.5,45600
1999-10-13,6.055027008056641,9.34375,9.34375,8.9375,9.15625,85600
1999-10-14,6.055027008056641,9.34375,9.40625,9.21875,9.28125,31000
1999-10-15,6.277789115905762,9.6875,9.96875,9.40625,9.40625,237400
1999-10-18,6.136033535003662,9.46875,9.5625,9.375,9.5625,89600
1999-10-19,5.9335246086120605,9.15625,9.5,9.15625,9.5,68400
1999-10-20,5.832269668579102,9.0,9.1875,8.84375,9.0625,84000
1999-10-21,5.670262336730957,8.75,8.96875,8.59375,8.96875,155800
1999-10-22,5.832269668579102,9.0,9.0,8.78125,8.78125,115800
1999-10-25,5.7512640953063965,8.875,9.03125,8.875,8.96875,68600
1999-10-26,5.731015682220459,8.84375,8.875,8.78125,8.8125,282000
1999-10-27,5.771516799926758,8.90625,9.0,8.84375,8.84375,33000
1999-10-28,5.7512640953063965,8.875,9.0,8.8125,8.9375,45600
1999-10-29,5.7512640953063965,8.875,9.09375,8.84375,8.96875,39000
1999-11-01,6.196786880493164,9.5625,9.5625,8.9375,8.9375,79200
1999-11-02,6.115782260894775,9.4375,9.71875,9.375,9.5,83400
1999-11-03,6.156282901763916,9.5,9.53125,9.4375,9.4375,40400
1999-11-04,6.136033535003662,9.46875,9.5,9.375,9.5,42000
1999-11-05,6.115782260894775,9.4375,9.5,9.34375,9.4375,259600
1999-11-08,6.09553337097168,9.40625,9.40625,9.34375,9.375,99000
1999-11-09,6.115782260894775,9.4375,9.4375,9.375,9.40625,55000
1999-11-10,6.136033535003662,9.46875,9.5,9.40625,9.40625,165200
1999-11-11,6.09553337097168,9.40625,9.4375,9.375,9.4375,74600
1999-11-12,6.136033535003662,9.46875,9.5,9.40625,9.40625,34200
1999-11-15,6.318290710449219,9.75,9.75,9.375,9.46875,149600
1999-11-16,6.25753927230835,9.65625,9.8125,9.375,9.65625,80800
1999-11-17,6.25753927230835,9.65625,9.75,9.40625,9.6875,56800
1999-11-18,6.237287521362305,9.625,9.78125,9.40625,9.78125,46600
1999-11-19,6.09553337097168,9.40625,9.4375,9.375,9.4375,112200
1999-11-22,6.055027008056641,9.34375,9.4375,9.34375,9.4375,279200
1999-11-23,5.91327428817749,9.125,9.40625,9.09375,9.40625,54600
1999-11-24,5.953776836395264,9.1875,9.1875,9.03125,9.0625,57000
1999-11-26,6.176535129547119,9.53125,9.53125,9.1875,9.1875,45400
1999-11-29,5.872772216796875,9.0625,9.46875,9.0625,9.46875,57600
1999-11-30,6.277789115905762,9.6875,9.6875,9.125,9.125,120600
1999-12-01,6.034780979156494,9.3125,9.625,9.15625,9.625,93600
1999-12-02,6.156282901763916,9.5,9.65625,9.25,9.25,18600
1999-12-03,6.115782260894775,9.4375,9.75,9.40625,9.5625,34200
1999-12-06,6.055027008056641,9.34375,9.6875,9.34375,9.375,37000
1999-12-07,5.974024772644043,9.21875,9.4375,9.0,9.40625,69400
1999-12-08,6.034780979156494,9.3125,9.4375,9.125,9.1875,82200
1999-12-09,5.832269668579102,9.0,9.28125,9.0,9.28125,94000
1999-12-10,5.81201696395874,8.96875,9.0,8.78125,9.0,55000
1999-12-13,5.90569543838501,9.0625,9.3125,9.0,9.09375,209600
1999-12-14,5.864965438842773,9.0,9.21875,9.0,9.09375,137800
1999-12-15,5.864965438842773,9.0,9.28125,8.96875,9.0,118000
1999-12-16,5.946423053741455,9.125,9.125,8.96875,8.96875,114400
1999-12-17,5.90569543838501,9.0625,9.21875,9.0,9.1875,159000
1999-12-20,5.702049255371094,8.75,9.1875,8.75,9.125,51400
1999-12-21,5.885329246520996,9.03125,9.03125,8.65625,8.6875,62800
1999-12-22,5.844600200653076,8.96875,9.09375,8.96875,9.03125,51400
1999-12-23,5.885329246520996,9.03125,9.0625,9.0,9.0,67600
1999-12-27,5.8242363929748535,8.9375,9.09375,8.875,9.09375,118800
1999-12-28,5.946423053741455,9.125,9.1875,8.875,8.875,113800
1999-12-29,6.190799713134766,9.5,9.5,9.125,9.15625,77800
1999-12-30,6.007519245147705,9.21875,9.5,9.125,9.4375,88800
1999-12-31,6.25189208984375,9.59375,9.71875,9.1875,9.28125,109800
2000-01-03,5.864965438842773,9.0,9.65625,9.0,9.65625,134000
2000-01-04,5.864965438842773,9.0,9.28125,8.875,8.875,68200
2000-01-05,5.966789245605469,9.15625,9.25,9.0,9.0,70000
2000-01-06,6.1704301834106445,9.46875,9.5,9.03125,9.09375,78600
2000-01-07,6.068612575531006,9.3125,9.46875,9.25,9.4375,71800
2000-01-10,6.048247337341309,9.28125,9.34375,9.1875,9.34375,67000
2000-01-11,6.0278801918029785,9.25,9.34375,9.25,9.3125,68200
2000-01-12,6.068612575531006,9.3125,9.3125,9.21875,9.25,93000
2000-01-13,6.150069713592529,9.4375,9.5,9.25,9.3125,94400
2000-01-14,6.0278801918029785,9.25,9.5,9.25,9.5,118000
2000-01-18,5.90569543838501,9.0625,9.1875,8.9375,9.1875,74000
2000-01-19,5.926059722900391,9.09375,9.21875,9.0,9.0625,106000
2000-01-20,5.844600200653076,8.96875,9.3125,8.875,9.125,77400
2000-01-21,5.926059722900391,9.09375,9.1875,8.875,9.03125,111200
2000-01-24,5.8242363929748535,8.9375,9.28125,8.9375,9.28125,120400
2000-01-25,5.579864978790283,8.5625,8.96875,8.5625,8.96875,67200
2000-01-26,5.783507347106934,8.875,8.875,8.5625,8.59375,91200
2000-01-27,5.885329246520996,9.03125,9.09375,8.9375,8.9375,83000
2000-01-28,5.74277925491333,8.8125,9.15625,8.75,9.03125,90800
2000-01-31,5.885329246520996,9.03125,9.1875,8.84375,8.84375,114600
2000-02-01,5.722414016723633,8.78125,9.0,8.65625,9.0,59000
2000-02-02,5.74277925491333,8.8125,8.9375,8.65625,8.71875,122200
2000-02-03,5.74277925491333,8.8125,8.875,8.6875,8.8125,61600
2000-02-04,5.66132116317749,8.6875,8.78125,8.5625,8.78125,101400
2000-02-07,5.66132116317749,8.6875,8.6875,8.5,8.5625,62200
2000-02-08,5.579864978790283,8.5625,8.84375,8.5,8.78125,70800
2000-02-09,5.4984049797058105,8.4375,8.8125,8.3125,8.625,98800
2000-02-10,5.4984049797058105,8.4375,8.5,8.21875,8.40625,522200
2000-02-11,5.213303089141846,8.0,8.53125,7.96875,8.4375,135000
2000-02-14,5.3558573722839355,8.21875,8.25,7.90625,7.96875,56200
2000-02-15,5.4984049797058105,8.4375,8.4375,8.15625,8.3125,76200
2000-02-16,5.29476261138916,8.125,8.53125,8.125,8.4375,86000
2000-02-17,5.376217365264893,8.25,8.46875,8.1875,8.21875,82400
2000-02-18,5.192937850952148,7.96875,8.28125,7.9375,8.28125,60400
2000-02-22,5.192937850952148,7.96875,8.0,7.8125,7.96875,123800
2000-02-23,5.131844520568848,7.875,8.09375,7.6875,8.03125,95600
2000-02-24,5.009657859802246,7.6875,7.9375,7.65625,7.875,41400
2000-02-25,4.989295482635498,7.65625,7.75,7.625,7.71875,63600
2000-02-28,4.989295482635498,7.65625,7.78125,7.5,7.625,110800
2000-02-29,4.907839298248291,7.53125,8.09375,7.53125,7.65625,194800
2000-03-01,4.7449212074279785,7.28125,7.53125,7.28125,7.5,123200
2000-03-02,4.86710786819458,7.46875,7.5,7.28125,7.28125,156600
2000-03-03,4.887471675872803,7.5,7.5625,7.4375,7.4375,65000
2000-03-06,5.070752143859863,7.78125,8.0,7.5,7.5,179000
2000-03-07,4.887471675872803,7.5,7.953125,7.5,7.84375,222600
2000-03-08,5.131844520568848,7.875,7.96875,7.875,7.875,152400
2000-03-09,5.030023574829102,7.71875,7.90625,7.6875,7.78125,161200
2000-03-10,5.213303089141846,8.0,8.078125,7.59375,7.6875,167600
2000-03-13,5.1468658447265625,7.84375,8.0,7.65625,7.8125,85600
2000-03-14,5.1878767013549805,7.90625,7.9375,7.84375,7.90625,139200
2000-03-15,5.659502029418945,8.625,8.65625,7.84375,7.90625,141200
2000-03-16,6.09011697769165,9.28125,9.28125,8.65625,8.65625,368600
2000-03-17,6.213145732879639,9.46875,9.5,9.125,9.125,267800
2000-03-20,6.4387078285217285,9.8125,9.8125,9.46875,9.46875,275800
2000-03-21,6.479719638824463,9.875,9.875,9.59375,9.75,353400
2000-03-22,6.172138214111328,9.40625,10.0,9.40625,9.875,338000
2000-03-23,6.1311259269714355,9.34375,9.40625,9.0,9.3125,399200
2000-03-24,6.192643165588379,9.4375,9.5,9.0,9.25,61600
2000-03-27,6.192643165588379,9.4375,9.5,9.09375,9.375,67800
2000-03-28,6.00809383392334,9.15625,9.40625,8.8125,9.375,63800
2000-03-29,5.885061264038086,8.96875,9.09375,8.90625,9.09375,134400
2000-03-30,6.274665355682373,9.5625,9.5625,9.03125,9.03125,83800
2000-03-31,6.807809352874756,10.375,10.5625,9.5,9.65625,418200
2000-04-03,6.561741828918457,10.0,10.1875,10.0,10.1875,172000
2000-04-04,6.643763065338135,10.125,10.1875,9.75,10.0,154400
2000-04-05,6.418200492858887,9.78125,10.15625,9.65625,10.15625,86200
2000-04-06,6.520730972290039,9.9375,10.0,9.8125,9.84375,99400
2000-04-07,6.664270877838135,10.15625,10.21875,9.9375,9.9375,40200
2000-04-10,6.50022554397583,9.90625,10.1875,9.90625,10.09375,71400
2000-04-11,6.561741828918457,10.0,10.1875,9.84375,9.90625,375200
2000-04-12,6.541236877441406,9.96875,10.125,9.96875,10.0625,295600
2000-04-13,6.541236877441406,9.96875,10.0,9.65625,9.96875,219400
2000-04-14,6.520730972290039,9.9375,10.125,9.90625,10.0,218800
2000-04-17,6.397696495056152,9.75,9.90625,9.65625,9.90625,81200
2000-04-18,6.213145732879639,9.46875,9.75,9.375,9.75,173800
2000-04-19,6.397696495056152,9.75,9.78125,9.53125,9.53125,159000
2000-04-20,6.541236877441406,9.96875,10.0,9.6875,9.71875,502200
2000-04-24,6.746290683746338,10.28125,10.3125,9.875,9.875,157200
2000-04-25,6.930840969085693,10.5625,11.0,10.34375,10.46875,344200
2000-04-26,6.664270877838135,10.15625,10.625,10.0,10.5625,147200
2000-04-27,6.88982629776001,10.5,10.8125,10.09375,10.15625,178400
2000-04-28,6.869320392608643,10.46875,10.46875,10.125,10.4375,65600
2000-05-01,6.951345443725586,10.59375,10.75,10.40625,10.40625,260200
2000-05-02,6.992356300354004,10.65625,10.75,10.5625,10.625,71400
2000-05-03,7.279428958892822,11.09375,11.125,10.71875,10.71875,355200
2000-05-04,7.053869724273682,10.75,11.25,10.6875,11.0625,165200
2000-05-05,7.115385055541992,10.84375,11.25,10.625,10.78125,237600
2000-05-08,7.217916488647461,11.0,11.0,10.78125,10.875,86800
2000-05-09,7.217916488647461,11.0,11.0,10.6875,10.9375,196200
2000-05-10,7.074376106262207,10.78125,10.9375,10.75,10.9375,70400
2000-05-11,7.197414398193359,10.96875,11.0,10.8125,10.84375,182400
2000-05-12,7.176906585693359,10.9375,11.0,10.78125,10.90625,75800
2000-05-15,7.197414398193359,10.96875,10.96875,10.78125,10.90625,72600
2000-05-16,7.484483242034912,11.40625,11.5625,10.90625,11.0,170600
2000-05-17,7.320444583892822,11.15625,11.4375,11.125,11.4375,82800
2000-05-18,7.5049872398376465,11.4375,11.46875,11.1875,11.25,152000
2000-05-19,7.463982105255127,11.375,11.4375,11.0,11.3125,100000
2000-05-22,7.5665059089660645,11.53125,11.5625,11.40625,11.4375,78000
2000-05-23,7.628021240234375,11.625,11.75,11.5,11.59375,231400
2000-05-24,7.68953800201416,11.71875,11.78125,11.40625,11.59375,114600
2000-05-25,7.669034481048584,11.6875,11.84375,11.5625,11.75,159800
2000-05-26,7.361452102661133,11.21875,11.75,11.1875,11.75,99800
2000-05-30,7.5254998207092285,11.46875,11.625,11.03125,11.125,116400
2000-05-31,7.217916488647461,11.0,11.5,11.0,11.46875,153600
2000-06-01,7.074376106262207,10.78125,11.03125,10.5,11.03125,229600
2000-06-02,7.443473815917969,11.34375,11.46875,10.6875,10.6875,133400
2000-06-05,7.176906585693359,10.9375,11.28125,10.84375,11.28125,44600
2000-06-06,7.197414398193359,10.96875,11.0,10.875,10.96875,36400
2000-06-07,7.484483242034912,11.40625,11.46875,10.9375,10.96875,257800
2000-06-08,7.238419532775879,11.03125,11.375,11.0,11.375,35200
2000-06-09,7.25892448425293,11.0625,11.15625,11.03125,11.09375,21800
2000-06-12,7.422969341278076,11.3125,11.5,11.0625,11.0625,70000
2000-06-13,7.376810073852539,11.1875,11.5,11.15625,11.21875,143400
2000-06-14,7.211970806121826,10.9375,11.21875,10.8125,11.0,140400
2000-06-15,7.170758247375488,10.875,11.0,10.6875,11.0,138000
2000-06-16,7.150147438049316,10.84375,10.875,10.6875,10.84375,203800
2000-06-19,7.129547119140625,10.8125,10.875,10.625,10.875,45000
2000-06-20,6.985306739807129,10.59375,10.8125,10.5,10.8125,155000
2000-06-21,6.923488616943359,10.5,10.6875,10.46875,10.6875,272200
2000-06-22,6.717433452606201,10.1875,10.4375,10.1875,10.4375,202200
2000-06-23,6.696828365325928,10.15625,10.21875,10.03125,10.1875,229400
2000-06-26,6.758645057678223,10.25,10.25,10.15625,10.25,33600
2000-06-27,6.67622184753418,10.125,10.21875,10.09375,10.1875,141200
2000-06-28,7.170758247375488,10.875,10.875,10.1875,10.1875,239200
2000-06-29,7.273782253265381,11.03125,11.3125,10.71875,10.875,200600
2000-06-30,6.511378288269043,9.875,11.25,9.875,11.0625,633600
2000-07-03,7.108938217163086,10.78125,10.8125,10.0,10.0,95200
2000-07-05,7.211970806121826,10.9375,11.0625,10.75,10.78125,219600
2000-07-06,7.088333606719971,10.75,11.0625,10.6875,10.96875,113600
2000-07-07,7.356209754943848,11.15625,11.1875,10.75,10.75,205000
2000-07-10,7.3974175453186035,11.21875,11.34375,11.0625,11.15625,124400
2000-07-11,7.273782253265381,11.03125,11.40625,10.9375,11.15625,99000
2000-07-12,7.479842185974121,11.34375,11.4375,11.03125,11.09375,45400
2000-07-13,7.376810073852539,11.1875,11.34375,11.0,11.3125,165600
2000-07-14,7.335597991943359,11.125,11.1875,11.125,11.1875,50000
2000-07-17,7.356209754943848,11.15625,11.59375,11.125,11.125,109400
2000-07-18,7.314996242523193,11.09375,11.28125,11.09375,11.28125,101200
2000-07-19,7.314996242523193,11.09375,11.1875,11.09375,11.15625,111600
2000-07-20,7.356209754943848,11.15625,11.21875,11.09375,11.15625,205000
2000-07-21,7.78892707824707,11.8125,11.84375,11.15625,11.1875,244400
2000-07-24,7.438631057739258,11.28125,11.75,11.1875,11.75,98000
2000-07-25,7.850742816925049,11.90625,12.0,11.21875,11.3125,178200
2000-07-26,7.747718811035156,11.75,11.9375,11.625,11.9375,231800
2000-07-27,7.78892707824707,11.8125,11.96875,11.625,11.75,135000
2000-07-28,7.912558555603027,12.0,12.0,11.625,11.6875,212000
2000-07-31,8.1392240524292,12.34375,12.375,12.125,12.125,270600
2000-08-01,8.1392240524292,12.34375,12.375,12.21875,12.3125,74200
2000-08-02,8.056800842285156,12.21875,12.375,12.0,12.375,256800
2000-08-03,8.056800842285156,12.21875,12.34375,12.09375,12.15625,107400
2000-08-04,7.953770637512207,12.0625,12.21875,11.875,12.15625,128800
2000-08-07,8.077404975891113,12.25,12.25,12.09375,12.09375,874200
2000-08-08,8.09800910949707,12.28125,12.65625,12.25,12.34375,242400
2000-08-09,7.994979381561279,12.125,12.625,12.125,12.1875,189800
2000-08-10,7.953770637512207,12.0625,12.28125,11.875,12.0625,135800
2000-08-11,7.933165550231934,12.03125,12.1875,12.0,12.09375,411000
2000-08-14,8.221646308898926,12.46875,12.625,12.0625,12.0625,125200
2000-08-15,8.118616104125977,12.3125,12.5,12.0625,12.5,100600
2000-08-16,8.468914031982422,12.84375,13.0625,12.46875,12.46875,404800
2000-08-17,8.345279693603516,12.65625,13.03125,12.625,12.875,472600
2000-08-18,8.201037406921387,12.4375,12.625,12.0,12.625,165800
2000-08-21,8.2422513961792,12.5,12.625,12.375,12.40625,128200
2000-08-22,8.44830322265625,12.8125,12.8125,12.40625,12.4375,138600
2000-08-23,8.304065704345703,12.59375,12.8125,12.46875,12.8125,119200
2000-08-24,8.159825325012207,12.375,12.75,12.375,12.625,213800
2000-08-25,8.365883827209473,12.6875,12.78125,12.40625,12.4375,236200
2000-08-28,8.159825325012207,12.375,12.71875,12.25,12.6875,137200
2000-08-29,8.159825325012207,12.375,12.71875,12.375,12.40625,137000
2000-08-30,8.201037406921387,12.4375,12.65625,12.3125,12.3125,98800
2000-08-31,8.180429458618164,12.40625,12.59375,12.375,12.53125,143400
2000-09-01,8.118616104125977,12.3125,12.5,12.1875,12.4375,105200
2000-09-05,8.056800842285156,12.21875,12.25,12.15625,12.1875,78600
2000-09-06,7.994979381561279,12.125,12.5,12.125,12.34375,272400
2000-09-07,7.665289878845215,11.625,12.03125,11.5,12.03125,246000
2000-09-08,7.6446852684021,11.59375,11.75,11.40625,11.6875,175000
2000-09-11,7.809534072875977,11.84375,11.84375,11.59375,11.59375,43600
2000-09-12,7.747718811035156,11.75,11.9375,11.59375,11.78125,161800
2000-09-13,7.5357232093811035,11.375,11.75,11.28125,11.75,60200
2000-09-14,7.515017986297607,11.34375,11.46875,11.3125,11.4375,29400
2000-09-15,7.183773517608643,10.84375,11.21875,10.78125,11.15625,743800
2000-09-18,6.976747989654541,10.53125,10.96875,10.4375,10.90625,128000
2000-09-19,6.852538585662842,10.34375,10.625,10.28125,10.53125,216200
2000-09-20,6.645506858825684,10.03125,10.5625,9.90625,10.34375,187000
2000-09-21,6.60410737991333,9.96875,10.25,9.84375,9.9375,238400
2000-09-22,6.500594615936279,9.8125,9.90625,9.6875,9.90625,139000
2000-09-25,6.417782783508301,9.6875,9.875,9.6875,9.875,96000
2000-09-26,6.1900553703308105,9.34375,9.6875,9.25,9.6875,166600
2000-09-27,6.521298885345459,9.84375,9.875,9.3125,9.375,526200
2000-09-28,6.749024868011475,10.1875,10.28125,9.75,9.75,149600
2000-09-29,6.686915874481201,10.09375,10.375,10.09375,10.28125,153400
2000-10-02,6.293572425842285,9.5,10.1875,9.3125,10.1875,341800
2000-10-03,6.5420002937316895,9.875,10.09375,9.53125,9.53125,212800
2000-10-04,6.728321552276611,10.15625,10.96875,9.875,9.875,318600
2000-10-05,6.790429592132568,10.25,10.46875,10.15625,10.21875,248800
2000-10-06,7.2458882331848145,10.9375,11.15625,10.28125,10.34375,253600
2000-10-09,7.163076400756836,10.8125,10.96875,10.59375,10.9375,159600
2000-10-10,7.018157005310059,10.59375,10.8125,10.5625,10.75,81600
2000-10-11,6.769726753234863,10.21875,10.4375,10.21875,10.28125,91400
2000-10-12,6.624809741973877,10.0,10.3125,9.96875,10.25,117000
2000-10-13,6.60410737991333,9.96875,9.96875,9.90625,9.96875,46200
2000-10-16,6.500594615936279,9.8125,10.0,9.5625,10.0,247200
2000-10-17,6.583405017852783,9.9375,10.1875,9.75,9.9375,196800
2000-10-18,6.790429592132568,10.25,10.3125,9.71875,9.84375,292200
2000-10-19,6.769726753234863,10.21875,10.28125,10.046875,10.28125,106600
2000-10-20,6.893942356109619,10.40625,10.40625,10.125,10.25,121400
2000-10-23,6.831833362579346,10.3125,10.4375,10.25,10.40625,47200
2000-10-24,7.038861274719238,10.625,10.625,10.3125,10.3125,124600
2000-10-25,7.038861274719238,10.625,10.8125,10.40625,10.625,164800
2000-10-26,7.225183963775635,10.90625,10.96875,10.59375,10.59375,94800
2000-10-27,7.370096683502197,11.125,11.1875,10.78125,10.9375,95200
2000-10-30,7.7634453773498535,11.71875,11.84375,11.3125,11.34375,255000
2000-10-31,7.680639266967773,11.59375,11.78125,11.53125,11.65625,151200
2000-11-01,7.142369747161865,10.78125,11.6875,10.71875,11.6875,415800
2000-11-02,6.997457027435303,10.5625,10.84375,10.5,10.84375,208200
2000-11-03,6.666213035583496,10.0625,10.59375,10.03125,10.59375,212800
2000-11-06,6.956048965454102,10.5,10.5,10.15625,10.15625,120400
2000-11-07,7.121667861938477,10.75,10.75,10.5,10.5,100800
2000-11-08,7.307990074157715,11.03125,11.25,10.65625,10.8125,185200
2000-11-09,7.225183963775635,10.90625,11.1875,10.625,11.125,81200
2000-11-10,6.997457027435303,10.5625,11.21875,10.5,10.84375,86600
2000-11-13,7.121667861938477,10.75,10.84375,10.5,10.5,71200
2000-11-14,7.204482078552246,10.875,11.0,10.75,10.8125,57600
2000-11-15,7.328693866729736,11.0625,11.28125,10.8125,10.8125,85400
2000-11-16,7.05956506729126,10.65625,11.09375,10.4375,11.09375,59400
2000-11-17,7.266591548919678,10.96875,11.4375,10.78125,10.78125,110200
2000-11-20,7.204482078552246,10.875,11.0625,10.75,10.9375,78400
2000-11-21,7.266591548919678,10.96875,11.125,10.90625,10.90625,92600
2000-11-22,7.266591548919678,10.96875,11.0625,10.75,11.0,56200
2000-11-24,7.328693866729736,11.0625,11.15625,10.96875,10.96875,72600
2000-11-27,7.370096683502197,11.125,11.3125,11.0625,11.0625,86800
2000-11-28,7.142369747161865,10.78125,11.6875,10.78125,11.0625,152600
2000-11-29,7.390804767608643,11.15625,11.15625,10.625,10.78125,141800
2000-11-30,7.307990074157715,11.03125,11.1875,10.875,11.15625,99800
2000-12-01,7.618531703948975,11.5,11.75,11.0625,11.0625,144200
2000-12-04,7.639230728149414,11.53125,11.59375,11.3125,11.5,113200
2000-12-05,7.929069519042969,11.96875,12.03125,11.59375,11.59375,216200
2000-12-06,7.515017986297607,11.34375,11.96875,11.3125,11.96875,108200
2000-12-07,7.452915668487549,11.25,11.4375,11.25,11.375,107400
2000-12-08,7.597830772399902,11.46875,11.46875,11.1875,11.28125,296000
2000-12-11,7.618531703948975,11.5,11.8125,11.46875,11.5,180000
2000-12-12,7.370096683502197,11.125,11.5625,11.125,11.5625,155200
2000-12-13,7.475888252258301,11.21875,11.5,11.125,11.125,91200
2000-12-14,7.51753568649292,11.28125,11.4375,11.09375,11.3125,69200
2000-12-15,7.246819496154785,10.875,11.125,10.875,11.09375,292200
2000-12-18,7.413410663604736,11.125,11.125,10.78125,10.78125,207400
2000-12-19,7.704955101013184,11.5625,11.6875,10.875,11.0625,196400
2000-12-20,7.413410663604736,11.125,11.5625,11.09375,11.5625,48200
2000-12-21,7.663304328918457,11.5,11.6875,11.125,11.125,147800
2000-12-22,7.5800089836120605,11.375,11.65625,11.25,11.5625,210400
2000-12-26,7.642482280731201,11.46875,11.9375,11.40625,11.40625,212400
2000-12-27,7.892373561859131,11.84375,11.96875,11.53125,11.53125,142800
2000-12-28,8.496273040771484,12.75,12.78125,11.78125,11.8125,161600
2000-12-29,8.246381759643555,12.375,12.84375,12.125,12.84375,226200
2001-01-02,7.788247585296631,11.6875,12.6875,11.5,12.3125,213200
2001-01-03,7.559187412261963,11.34375,12.40625,11.0,11.75,562800
2001-01-04,7.850724697113037,11.78125,12.0,11.40625,11.40625,516600
2001-01-05,7.725780010223389,11.59375,11.78125,11.1875,11.78125,180400
2001-01-08,7.767428398132324,11.65625,11.8125,11.21875,11.65625,192600
2001-01-09,7.538357734680176,11.3125,11.625,11.09375,11.625,119000
2001-01-10,7.871554374694824,11.8125,11.8125,11.21875,11.3125,126000
2001-01-11,7.559187412261963,11.34375,11.78125,11.09375,11.75,117000
2001-01-12,7.663304328918457,11.5,11.59375,11.1875,11.375,76000
2001-01-16,7.767428398132324,11.65625,11.84375,11.3125,11.5,89200
2001-01-17,7.725780010223389,11.59375,12.03125,11.53125,11.6875,125200
2001-01-18,7.850724697113037,11.78125,11.78125,11.09375,11.5625,121800
2001-01-19,7.600834846496582,11.40625,11.71875,11.125,11.5,311200
2001-01-22,8.079792976379395,12.125,12.34375,11.25,11.40625,289200
2001-01-23,8.079792976379395,12.125,12.25,12.0,12.0,178600
2001-01-24,7.954839706420898,11.9375,12.21875,11.90625,12.125,170600
2001-01-25,8.121438026428223,12.1875,12.375,11.9375,11.9375,65400
2001-01-26,7.871554374694824,11.8125,12.3125,11.6875,12.21875,101600
2001-01-29,7.893203258514404,11.845000267028809,12.100000381469727,11.600000381469727,11.850000381469727,133000
2001-01-30,8.036478042602539,12.0600004196167,12.25,11.824999809265137,11.90999984741211,134800
2001-01-31,8.346339225769043,12.524999618530273,12.625,12.0,12.100000381469727,310200
2001-02-01,8.21306324005127,12.324999809265137,12.600000381469727,11.9399995803833,12.505000114440918,143800
2001-02-02,8.1231050491333,12.1899995803833,12.5,12.175000190734863,12.300000190734863,423600
2001-02-05,8.159756660461426,12.244999885559082,12.295000076293945,12.100000381469727,12.225000381469727,152600
2001-02-06,8.113107681274414,12.175000190734863,12.324999809265137,12.149999618530273,12.324999809265137,144000
2001-02-07,8.169746398925781,12.260000228881836,12.274999618530273,12.175000190734863,12.199999809265137,151400
2001-02-08,8.116440773010254,12.180000305175781,12.289999961853027,12.100000381469727,12.274999618530273,73800
2001-02-09,8.163089752197266,12.25,12.274999618530273,12.050000190734863,12.225000381469727,112600
2001-02-12,8.14642333984375,12.225000381469727,12.260000228881836,12.0,12.260000228881836,80400
2001-02-13,8.07645320892334,12.119999885559082,12.265000343322754,12.100000381469727,12.25,66400
2001-02-14,8.09644603729248,12.149999618530273,12.175000190734863,11.975000381469727,12.119999885559082,221400
2001-02-15,8.159756660461426,12.244999885559082,12.399999618530273,12.15999984741211,12.164999961853027,155400
2001-02-16,8.1231050491333,12.1899995803833,12.25,12.109999656677246,12.244999885559082,200800
2001-02-20,7.963174343109131,11.949999809265137,12.425000190734863,11.930000305175781,12.149999618530273,98200
2001-02-21,7.5966668128967285,11.399999618530273,12.100000381469727,11.399999618530273,12.074999809265137,540400
2001-02-22,7.6932902336120605,11.545000076293945,11.664999961853027,11.475000381469727,11.5,197400
2001-02-23,7.566678047180176,11.354999542236328,11.75,11.225000381469727,11.550000190734863,166800
2001-02-26,8.016484260559082,12.029999732971191,12.069999694824219,11.369999885559082,11.369999885559082,97400
2001-02-27,7.916528224945068,11.880000114440918,12.074999809265137,11.75,12.074999809265137,53200
2001-02-28,7.946511745452881,11.925000190734863,11.984999656677246,11.744999885559082,11.925000190734863,147000
2001-03-01,7.979831695556641,11.975000381469727,11.994999885559082,11.824999809265137,11.824999809265137,147800
2001-03-02,8.013151168823242,12.024999618530273,12.25,11.949999809265137,11.975000381469727,215400
2001-03-05,8.116440773010254,12.180000305175781,12.3100004196167,12.050000190734863,12.15999984741211,169800
2001-03-06,7.999825477600098,12.005000114440918,12.25,12.0,12.199999809265137,201800
2001-03-07,7.863221645355225,11.800000190734863,12.024999618530273,11.800000190734863,12.024999618530273,361400
2001-03-08,7.9365234375,11.90999984741211,11.949999809265137,11.779999732971191,11.824999809265137,355600
2001-03-09,7.9365234375,11.90999984741211,11.949999809265137,11.850000381469727,11.925000190734863,598400
2001-03-12,7.829898357391357,11.75,11.949999809265137,11.75,11.925000190734863,187600
2001-03-13,7.789689540863037,11.625,11.675000190734863,11.274999618530273,11.675000190734863,136200
2001-03-14,7.776291370391846,11.604999542236328,11.71500015258789,11.524999618530273,11.630000114440918,133200
2001-03-15,7.7595391273498535,11.579999923706055,11.670000076293945,11.3149995803833,11.5,194600
2001-03-16,7.769591331481934,11.595000267028809,11.75,11.475000381469727,11.600000381469727,274400
2001-03-19,7.906960964202881,11.800000190734863,11.869999885559082,11.574999809265137,11.574999809265137,235000
2001-03-20,7.8399505615234375,11.699999809265137,12.0,11.5,11.75,194400
2001-03-21,7.592016696929932,11.329999923706055,11.699999809265137,11.25,11.694999694824219,308000
2001-03-22,7.421153545379639,11.074999809265137,11.34000015258789,10.640000343322754,11.34000015258789,157800
2001-03-23,7.548467636108398,11.265000343322754,11.364999771118164,11.175000190734863,11.175000190734863,158000
2001-03-26,7.337388515472412,10.949999809265137,11.375,10.600000381469727,11.265000343322754,211200
2001-03-27,7.571913242340088,11.300000190734863,11.305000305175781,10.800000190734863,10.949999809265137,218600
2001-03-28,7.421153545379639,11.074999809265137,11.375,11.039999961853027,11.25,412400
2001-03-29,7.370899200439453,11.0,11.239999771118164,11.0,11.074999809265137,136800
2001-03-30,7.521664142608643,11.225000381469727,11.335000038146973,11.0,11.005000114440918,183000
2001-04-02,7.471404552459717,11.149999618530273,11.5,11.145000457763672,11.324999809265137,268800
2001-04-03,7.32398796081543,10.930000305175781,11.175000190734863,10.755000114440918,11.175000190734863,128000
2001-04-04,7.488157272338867,11.175000190734863,11.25,10.949999809265137,10.949999809265137,114600
2001-04-05,7.5886688232421875,11.324999809265137,11.369999885559082,11.164999961853027,11.164999961853027,264400
2001-04-06,7.538418769836426,11.25,11.350000381469727,11.154999732971191,11.350000381469727,143600
2001-04-09,7.538418769836426,11.25,11.649999618530273,11.1899995803833,11.239999771118164,140200
2001-04-10,7.836597442626953,11.694999694824219,11.774999618530273,11.274999618530273,11.274999618530273,121000
2001-04-11,7.6288743019104,11.385000228881836,11.75,11.350000381469727,11.75,38800
2001-04-12,7.578613758087158,11.3100004196167,11.5,11.024999618530273,11.359999656677246,61600
2001-04-16,7.625524044036865,11.380000114440918,11.710000038146973,11.145000457763672,11.25,70200
2001-04-17,7.5585150718688965,11.279999732971191,11.295000076293945,11.005000114440918,11.149999618530273,92600
2001-04-18,7.488157272338867,11.175000190734863,11.614999771118164,11.074999809265137,11.300000190734863,174600
2001-04-19,7.568567276000977,11.295000076293945,11.295000076293945,11.0,11.25,82200
2001-04-20,7.726038455963135,11.529999732971191,11.600000381469727,11.25,11.449999809265137,158600
2001-04-23,7.7025837898254395,11.494999885559082,11.574999809265137,11.225000381469727,11.449999809265137,236800
2001-04-24,7.7025837898254395,11.494999885559082,11.5,11.229999542236328,11.425000190734863,247800
2001-04-25,7.615474700927734,11.364999771118164,11.619999885559082,11.204999923706055,11.574999809265137,103200
2001-04-26,7.6992363929748535,11.489999771118164,11.949999809265137,11.40999984741211,11.475000381469727,443800
2001-04-27,7.742788791656494,11.555000305175781,11.699999809265137,11.484999656677246,11.550000190734863,71000
2001-04-30,7.826548099517822,11.680000305175781,11.925000190734863,11.600000381469727,11.600000381469727,118400
2001-05-01,7.585321426391602,11.319999694824219,11.680000305175781,11.3100004196167,11.680000305175781,133200
2001-05-02,7.427850246429443,11.085000038146973,11.324999809265137,10.600000381469727,11.324999809265137,230200
2001-05-03,7.414442539215088,11.0649995803833,11.104999542236328,10.875,11.100000381469727,87000
2001-05-04,7.535062313079834,11.244999885559082,11.244999885559082,10.949999809265137,11.024999618530273,107600
2001-05-07,7.407745361328125,11.055000305175781,11.350000381469727,10.949999809265137,11.225000381469727,81400
2001-05-08,7.458003997802734,11.130000114440918,11.199999809265137,10.90999984741211,11.0,53600
2001-05-09,7.47475528717041,11.154999732971191,11.199999809265137,11.050000190734863,11.100000381469727,41400
2001-05-10,7.44460391998291,11.109999656677246,11.145000457763672,10.994999885559082,11.050000190734863,45600
2001-05-11,7.531711578369141,11.239999771118164,11.425000190734863,11.029999732971191,11.074999809265137,193200
2001-05-14,7.528361797332764,11.234999656677246,11.3149995803833,11.175000190734863,11.199999809265137,63800
2001-05-15,7.478110313415527,11.15999984741211,11.164999961853027,11.024999618530273,11.100000381469727,171200
2001-05-16,7.712632656097412,11.510000228881836,11.5600004196167,11.149999618530273,11.225000381469727,98600
2001-05-17,7.782992839813232,11.614999771118164,11.614999771118164,11.399999618530273,11.550000190734863,124800
2001-05-18,7.692531585693359,11.479999542236328,11.600000381469727,11.279999732971191,11.550000190734863,190800
2001-05-21,7.833250045776367,11.6899995803833,11.6899995803833,11.4399995803833,11.515000343322754,116200
2001-05-22,7.880153656005859,11.760000228881836,11.770000457763672,11.5,11.649999618530273,83800
2001-05-23,7.672428131103516,11.449999809265137,11.75,11.449999809265137,11.725000381469727,110600
2001-05-24,7.689186096191406,11.475000381469727,11.574999809265137,11.0,11.5649995803833,158400
2001-05-25,7.736085891723633,11.545000076293945,11.555000305175781,11.399999618530273,11.449999809265137,33800
2001-05-29,7.6992363929748535,11.489999771118164,11.625,11.350000381469727,11.420000076293945,77600
2001-05-30,7.61212158203125,11.359999656677246,11.5,11.324999809265137,11.5,49600
2001-05-31,7.672428131103516,11.449999809265137,11.75,11.350000381469727,11.399999618530273,141600
2001-06-01,7.682479381561279,11.46500015258789,11.475000381469727,11.199999809265137,11.449999809265137,84800
2001-06-04,7.806441307067871,11.649999618530273,11.664999961853027,11.5,11.5,50400
2001-06-05,7.8466477394104,11.710000038146973,11.75,11.260000228881836,11.744999885559082,113200
2001-06-06,7.652326583862305,11.420000076293945,11.800000190734863,11.399999618530273,11.800000190734863,208400
2001-06-07,7.659027576446533,11.430000305175781,11.5600004196167,11.364999771118164,11.449999809265137,86000
2001-06-08,7.61212158203125,11.359999656677246,11.449999809265137,11.024999618530273,11.449999809265137,65000
2001-06-11,7.608768463134766,11.354999542236328,11.399999618530273,11.300000190734863,11.399999618530273,31800
2001-06-12,7.464704513549805,11.140000343322754,11.375,11.024999618530273,11.324999809265137,138600
2001-06-13,7.6197285652160645,11.305000305175781,11.449999809265137,11.069999694824219,11.069999694824219,102200
2001-06-14,7.5422163009643555,11.1899995803833,11.449999809265137,11.170000076293945,11.225000381469727,183400
2001-06-15,7.404040813446045,10.984999656677246,11.274999618530273,10.899999618530273,11.149999618530273,184400
2001-06-18,7.44785213470459,11.050000190734863,11.074999809265137,10.920000076293945,11.024999618530273,99000
2001-06-19,7.44785213470459,11.050000190734863,11.100000381469727,11.0,11.045000076293945,73200
2001-06-20,7.612988471984863,11.295000076293945,11.3100004196167,11.050000190734863,11.050000190734863,95600
2001-06-21,7.57928991317749,11.244999885559082,11.329999923706055,11.005000114440918,11.329999923706055,106000
2001-06-22,7.2220611572265625,10.71500015258789,11.324999809265137,10.625,11.324999809265137,113400
2001-06-25,7.286091327667236,10.8100004196167,10.949999809265137,10.720000267028809,10.774999618530273,139400
2001-06-26,7.6230950355529785,11.3100004196167,11.449999809265137,10.704999923706055,10.8100004196167,223000
2001-06-27,7.633210182189941,11.324999809265137,11.524999618530273,11.300000190734863,11.3100004196167,149400
2001-06-28,7.562437057495117,11.220000267028809,11.484999656677246,11.145000457763672,11.324999809265137,99200
2001-06-29,7.808457374572754,11.585000038146973,11.694999694824219,11.25,11.25,186400
2001-07-02,7.761273384094238,11.515000343322754,11.675000190734863,11.300000190734863,11.585000038146973,131400
2001-07-03,7.697237968444824,11.420000076293945,11.520000457763672,11.369999885559082,11.520000457763672,19400
2001-07-05,7.680385589599609,11.395000457763672,11.515000343322754,11.175000190734863,11.220000267028809,116800
2001-07-06,7.420893669128418,11.010000228881836,11.399999618530273,10.949999809265137,11.399999618530273,71800
2001-07-09,7.340014457702637,10.890000343322754,11.050000190734863,10.850000381469727,11.010000228881836,75200
2001-07-10,7.498403072357178,11.125,11.1899995803833,10.890000343322754,10.930000305175781,153000
2001-07-11,7.3636016845703125,10.925000190734863,11.130000114440918,10.854999542236328,11.130000114440918,122400
2001-07-12,7.2624993324279785,10.774999618530273,11.050000190734863,10.75,10.925000190734863,295200
2001-07-13,7.1479172706604,10.604999542236328,10.725000381469727,10.550000190734863,10.710000038146973,275400
2001-07-16,7.050180912017822,10.460000038146973,10.5600004196167,10.175000190734863,10.25,258800
2001-07-17,7.036699295043945,10.4399995803833,10.470000267028809,10.225000381469727,10.425000190734863,180000
2001-07-18,7.043444633483887,10.449999809265137,10.550000190734863,10.324999809265137,10.375,123800
2001-07-19,7.083883285522461,10.510000228881836,10.675000190734863,10.449999809265137,10.475000381469727,115400
2001-07-20,7.046815395355225,10.454999923706055,10.539999961853027,10.350000381469727,10.449999809265137,146000
2001-07-23,6.908641815185547,10.25,10.425000190734863,10.149999618530273,10.425000190734863,276000
2001-07-24,6.94234561920166,10.300000190734863,10.375,10.149999618530273,10.375,152400
2001-07-25,6.96256160736084,10.329999923706055,10.390000343322754,10.229999542236328,10.300000190734863,380000
2001-07-26,7.073775291442871,10.494999885559082,10.494999885559082,10.130000114440918,10.350000381469727,184200
2001-07-27,6.945715427398682,10.305000305175781,10.800000190734863,10.255000114440918,10.574999809265137,261800
2001-07-30,6.965931415557861,10.335000038146973,10.399999618530273,10.225000381469727,10.399999618530273,117000
2001-07-31,6.996260643005371,10.380000114440918,10.524999618530273,10.324999809265137,10.324999809265137,141800
2001-08-01,7.211947917938232,10.699999809265137,10.699999809265137,10.164999961853027,10.279999732971191,128000
2001-08-02,7.026597023010254,10.425000190734863,10.774999618530273,10.420000076293945,10.774999618530273,379200
2001-08-03,6.901904582977295,10.239999771118164,10.4399995803833,10.225000381469727,10.399999618530273,197400
2001-08-06,6.864832878112793,10.1850004196167,10.274999618530273,10.149999618530273,10.274999618530273,120600
2001-08-07,6.790688991546631,10.074999809265137,10.25,9.9399995803833,10.199999809265137,255200
2001-08-08,6.699699401855469,9.9399995803833,10.21500015258789,9.9399995803833,10.0649995803833,131800
2001-08-09,6.908641815185547,10.25,10.25,9.949999809265137,9.989999771118164,101000
2001-08-10,7.040075302124023,10.444999694824219,10.625,10.100000381469727,10.199999809265137,121400
2001-08-13,7.009742736816406,10.399999618530273,10.425000190734863,10.220000267028809,10.399999618530273,121200
2001-08-14,6.888423442840576,10.220000267028809,10.5,10.220000267028809,10.5,124000
2001-08-15,7.029969692230225,10.430000305175781,10.475000381469727,10.225000381469727,10.25,82200
2001-08-16,7.029969692230225,10.430000305175781,10.444999694824219,10.274999618530273,10.399999618530273,135800
2001-08-17,7.013112545013428,10.404999732971191,10.524999618530273,10.375,10.375,82000
2001-08-20,7.029969692230225,10.430000305175781,10.449999809265137,10.274999618530273,10.404999732971191,88800
2001-08-21,7.117586612701416,10.5600004196167,10.734999656677246,10.430000305175781,10.430000305175781,124200
2001-08-22,7.050180912017822,10.460000038146973,10.53499984741211,10.204999923706055,10.53499984741211,69600
2001-08-23,7.053554534912109,10.46500015258789,10.569999694824219,10.3100004196167,10.46500015258789,89400
2001-08-24,7.1849894523620605,10.65999984741211,10.65999984741211,10.425000190734863,10.449999809265137,85800
2001-08-27,7.279349327087402,10.800000190734863,11.0,10.630000114440918,10.65999984741211,143400
2001-08-28,7.117586612701416,10.5600004196167,10.774999618530273,10.470000267028809,10.774999618530273,72600
2001-08-29,6.979414463043213,10.354999542236328,10.600000381469727,10.350000381469727,10.5600004196167,89200
2001-08-30,7.009742736816406,10.399999618530273,10.425000190734863,10.3100004196167,10.354999542236328,67400
2001-08-31,7.12432861328125,10.569999694824219,10.600000381469727,10.300000190734863,10.404999732971191,75400
2001-09-04,7.050180912017822,10.460000038146973,10.619999885559082,10.460000038146973,10.545000076293945,186600
2001-09-05,6.94234561920166,10.300000190734863,10.4399995803833,10.270000457763672,10.425000190734863,96600
2001-09-06,6.7232866287231445,9.975000381469727,10.25,9.914999961853027,10.25,247400
2001-09-07,6.622188091278076,9.824999809265137,10.095000267028809,9.770000457763672,10.0,133200
2001-09-10,6.643594264984131,9.725000381469727,9.9399995803833,9.6899995803833,9.755000114440918,157600
2001-09-17,6.282529830932617,9.135000228881836,9.550000190734863,9.135000228881836,9.550000190734863,148400
2001-09-18,6.131226539611816,8.914999961853027,9.5,8.850000381469727,9.140000343322754,135800
2001-09-19,6.158735275268555,8.954999923706055,9.024999618530273,8.444999694824219,8.9399995803833,232600
2001-09-20,5.966168403625488,8.675000190734863,8.890000343322754,8.5,8.890000343322754,256200
2001-09-21,6.041817665100098,8.78499984741211,8.805000305175781,8.25,8.675000190734863,447800
2001-09-24,6.33754825592041,9.21500015258789,9.324999809265137,8.675000190734863,8.675000190734863,158000
2001-09-25,6.26877498626709,9.114999771118164,9.354999542236328,9.109999656677246,9.199999809265137,238600
2001-09-26,6.107156276702881,8.880000114440918,9.125,8.864999771118164,9.119999885559082,164600
2001-09-27,6.292844295501709,9.149999618530273,9.210000038146973,8.899999618530273,8.925000190734863,561000
2001-09-28,6.499169826507568,9.449999809265137,9.5,9.149999618530273,9.149999618530273,135400
2001-10-01,6.29971981048584,9.15999984741211,9.449999809265137,9.0,9.449999809265137,437800
2001-10-02,6.481974124908447,9.425000190734863,9.449999809265137,9.074999809265137,9.15999984741211,158000
2001-10-03,6.451026916503906,9.380000114440918,9.390000343322754,9.119999885559082,9.3100004196167,114800
2001-10-04,6.003993034362793,8.729999542236328,9.399999618530273,8.680000305175781,9.399999618530273,681200
2001-10-05,6.4372735023498535,9.359999656677246,9.399999618530273,8.694999694824219,8.734999656677246,409600
2001-10-08,6.433831691741943,9.354999542236328,9.475000381469727,9.3149995803833,9.475000381469727,127200
2001-10-09,6.5988898277282715,9.595000267028809,9.600000381469727,9.289999961853027,9.300000190734863,194200
2001-10-10,6.822409152984619,9.920000076293945,10.024999618530273,9.475000381469727,9.524999618530273,233600
2001-10-11,7.128457069396973,10.364999771118164,10.449999809265137,9.920000076293945,9.920000076293945,241800
2001-10-12,7.011533260345459,10.194999694824219,10.354999542236328,10.0,10.350000381469727,189600
2001-10-15,7.125015735626221,10.359999656677246,10.359999656677246,10.024999618530273,10.274999618530273,141200
2001-10-16,7.11126184463501,10.34000015258789,10.595000267028809,10.225000381469727,10.350000381469727,161800
2001-10-17,6.870548248291016,9.989999771118164,10.399999618530273,9.890000343322754,10.324999809265137,143200
2001-10-18,6.812091827392578,9.904999732971191,9.989999771118164,9.614999771118164,9.989999771118164,126000
2001-10-19,6.891184329986572,10.020000457763672,10.045000076293945,9.640000343322754,10.0,133400
2001-10-22,7.063116073608398,10.270000457763672,10.274999618530273,9.920000076293945,9.920000076293945,116400
2001-10-23,7.118135929107666,10.350000381469727,10.4399995803833,10.175000190734863,10.300000190734863,152000
2001-10-24,7.018413543701172,10.204999923706055,10.390000343322754,10.050000190734863,10.350000381469727,112200
2001-10-25,6.980590343475342,10.149999618530273,10.239999771118164,9.949999809265137,10.225000381469727,82200
2001-10-26,6.911813259124756,10.050000190734863,10.274999618530273,9.949999809265137,10.125,148200
2001-10-29,6.980590343475342,10.149999618530273,10.199999809265137,9.944999694824219,10.050000190734863,169000
2001-10-30,6.894618511199951,10.024999618530273,10.199999809265137,9.970000267028809,10.100000381469727,127400
2001-10-31,6.856794834136963,9.970000267028809,10.125,9.84000015258789,10.024999618530273,225400
2001-11-01,7.045926570892334,10.244999885559082,10.25,10.005000114440918,10.079999923706055,130600
2001-11-02,7.011533260345459,10.194999694824219,10.369999885559082,9.949999809265137,10.274999618530273,127600
2001-11-05,7.118135929107666,10.350000381469727,10.489999771118164,10.1899995803833,10.1899995803833,75400
2001-11-06,7.221299171447754,10.5,10.5,10.204999923706055,10.25,82400
2001-11-07,7.169716835021973,10.425000190734863,10.595000267028809,10.324999809265137,10.524999618530273,116800
2001-11-08,7.0940728187561035,10.3149995803833,10.399999618530273,10.244999885559082,10.399999618530273,102800
2001-11-09,7.149087905883789,10.395000457763672,10.5,10.21500015258789,10.364999771118164,44600
2001-11-12,7.169716835021973,10.425000190734863,10.5,10.279999732971191,10.350000381469727,177800
2001-11-13,7.266002178192139,10.5649995803833,10.600000381469727,10.395000457763672,10.449999809265137,153200
2001-11-14,7.36916446685791,10.71500015258789,10.875,10.569999694824219,10.569999694824219,113200
2001-11-15,7.43105936050415,10.805000305175781,10.824999809265137,10.574999809265137,10.71500015258789,104200
2001-11-16,7.499830722808838,10.904999732971191,10.970000267028809,10.774999618530273,10.805000305175781,138800
2001-11-19,7.496394634246826,10.899999618530273,10.975000381469727,10.774999618530273,10.789999961853027,90000
2001-11-20,7.520468235015869,10.9350004196167,11.0,10.734999656677246,10.824999809265137,83800
2001-11-21,7.561732292175293,10.994999885559082,10.994999885559082,10.774999618530273,10.914999961853027,132600
2001-11-23,7.6167473793029785,11.074999809265137,11.114999771118164,10.869999885559082,10.949999809265137,45800
2001-11-26,7.737102031707764,11.25,11.25,11.079999923706055,11.079999923706055,121600
2001-11-27,7.737102031707764,11.25,11.3100004196167,11.125,11.225000381469727,224200
2001-11-28,7.768052577972412,11.295000076293945,11.40999984741211,11.050000190734863,11.199999809265137,201400
2001-11-29,7.792123317718506,11.329999923706055,11.350000381469727,11.010000228881836,11.25,143800
2001-11-30,7.65801477432251,11.135000228881836,11.395000457763672,11.100000381469727,11.335000038146973,189200
2001-12-03,7.565169811248779,11.0,11.125,10.875,11.125,99800
2001-12-04,7.647696495056152,11.119999885559082,11.175000190734863,10.800000190734863,10.979999542236328,92000
2001-12-05,7.795562267303467,11.335000038146973,11.475000381469727,11.125,11.125,101200
2001-12-06,7.7818098068237305,11.3149995803833,11.350000381469727,11.145000457763672,11.274999618530273,231000
2001-12-07,7.792123317718506,11.329999923706055,11.395000457763672,11.194999694824219,11.199999809265137,105600
2001-12-10,7.726791858673096,11.234999656677246,11.375,11.140000343322754,11.274999618530273,135600
2001-12-11,8.09817123413086,11.774999618530273,11.854999542236328,11.5,11.5,417400
2001-12-12,8.063591957092285,11.65999984741211,11.774999618530273,11.550000190734863,11.65999984741211,258200
2001-12-13,7.818087100982666,11.305000305175781,11.680000305175781,11.305000305175781,11.625,232600
2001-12-14,7.9460272789001465,11.489999771118164,11.505000114440918,11.350000381469727,11.375,150800
2001-12-17,8.16386890411377,11.805000305175781,11.8149995803833,11.545000076293945,11.550000190734863,165400
2001-12-18,8.284891128540039,11.979999542236328,11.989999771118164,11.75,11.75,148200
2001-12-19,8.091254234313965,11.699999809265137,11.949999809265137,11.625,11.854999542236328,159800
2001-12-20,8.112001419067383,11.729999542236328,11.835000038146973,11.569999694824219,11.675000190734863,129600
2001-12-21,8.177702903747559,11.824999809265137,11.875,11.600000381469727,11.729999542236328,290800
2001-12-24,8.212275505065918,11.875,11.930000305175781,11.789999961853027,11.925000190734863,45400
2001-12-26,8.316010475158691,12.024999618530273,12.069999694824219,11.854999542236328,11.875,123600
2001-12-27,8.402456283569336,12.149999618530273,12.364999771118164,12.029999732971191,12.029999732971191,297800
2001-12-28,8.347129821777344,12.069999694824219,12.244999885559082,12.024999618530273,12.03499984741211,134200
2001-12-31,8.298727035522461,12.0,12.140000343322754,11.975000381469727,12.015000343322754,159600
2002-01-02,8.264143943786621,11.949999809265137,12.0,11.654999732971191,12.0,178800
2002-01-03,8.364421844482422,12.095000267028809,12.175000190734863,11.880000114440918,11.899999618530273,97400
2002-01-04,8.443952560424805,12.210000038146973,12.375,12.074999809265137,12.074999809265137,136600
2002-01-07,8.264143943786621,11.949999809265137,12.489999771118164,11.949999809265137,12.260000228881836,228200
2002-01-08,8.264143943786621,11.949999809265137,11.994999885559082,11.699999809265137,11.949999809265137,118600
2002-01-09,8.184611320495605,11.835000038146973,12.149999618530273,11.835000038146973,11.949999809265137,184400
2002-01-10,8.347129821777344,12.069999694824219,12.130000114440918,11.765000343322754,11.800000190734863,251600
2002-01-11,8.136204719543457,11.765000343322754,12.100000381469727,11.765000343322754,12.069999694824219,79000
2002-01-14,7.952943801879883,11.5,11.774999618530273,11.494999885559082,11.774999618530273,97600
2002-01-15,7.918362617492676,11.449999809265137,11.625,11.204999923706055,11.5,92200
2002-01-16,7.745476245880127,11.199999809265137,11.449999809265137,11.050000190734863,11.449999809265137,123600
2002-01-17,7.804259777069092,11.28499984741211,11.28499984741211,10.949999809265137,11.09000015258789,118000
2002-01-18,7.849208354949951,11.350000381469727,11.494999885559082,11.234999656677246,11.300000190734863,96400
2002-01-22,7.859583854675293,11.364999771118164,11.539999961853027,11.359999656677246,11.359999656677246,166400
2002-01-23,8.122376441955566,11.744999885559082,11.774999618530273,11.329999923706055,11.375,412200
2002-01-24,7.876871109008789,11.390000343322754,11.744999885559082,11.25,11.744999885559082,466400
2002-01-25,8.205365180969238,11.864999771118164,11.880000114440918,11.324999809265137,11.324999809265137,140000
2002-01-28,8.139664649963379,11.770000457763672,12.015000343322754,11.699999809265137,11.899999618530273,148600
2002-01-29,7.918362617492676,11.449999809265137,11.774999618530273,11.350000381469727,11.774999618530273,206200
2002-01-30,8.073965072631836,11.675000190734863,11.675000190734863,11.454999923706055,11.5,303800
2002-01-31,8.108542442321777,11.725000381469727,11.765000343322754,11.585000038146973,11.675000190734863,187800
2002-02-01,7.990975856781006,11.555000305175781,11.9399995803833,11.555000305175781,11.765000343322754,181000
2002-02-04,8.070508003234863,11.670000076293945,11.78499984741211,11.539999961853027,11.550000190734863,203400
2002-02-05,8.212275505065918,11.875,12.050000190734863,11.515000343322754,11.600000381469727,291000
2002-02-06,8.229571342468262,11.899999618530273,12.100000381469727,11.850000381469727,11.975000381469727,237200
2002-02-07,7.952943801879883,11.5,11.920000076293945,11.404999732971191,11.875,243200
2002-02-08,8.205365180969238,11.864999771118164,11.864999771118164,11.5,11.5,101000
2002-02-11,8.222651481628418,11.890000343322754,12.289999961853027,11.885000228881836,11.899999618530273,198400
2002-02-12,8.264143943786621,11.949999809265137,12.125,11.800000190734863,11.850000381469727,124000
2002-02-13,8.350589752197266,12.074999809265137,12.074999809265137,11.899999618530273,11.949999809265137,113800
2002-02-14,8.38516902923584,12.125,12.199999809265137,12.055000305175781,12.074999809265137,94600
2002-02-15,8.540767669677734,12.350000381469727,12.46500015258789,12.130000114440918,12.130000114440918,192600
2002-02-19,8.146578788757324,11.779999732971191,12.350000381469727,11.649999618530273,12.350000381469727,295200
2002-02-20,8.419745445251465,12.175000190734863,12.204999923706055,11.824999809265137,11.824999809265137,186600
2002-02-21,8.13275146484375,11.760000228881836,12.164999961853027,11.755000114440918,12.125,326800
2002-02-22,8.326387405395508,12.039999961853027,12.074999809265137,11.8149995803833,11.824999809265137,162400
2002-02-25,8.333301544189453,12.050000190734863,12.074999809265137,11.979999542236328,12.050000190734863,358600
2002-02-26,8.305638313293457,12.010000228881836,12.100000381469727,11.979999542236328,12.074999809265137,228400
2002-02-27,8.312555313110352,12.020000457763672,12.074999809265137,11.875,12.050000190734863,209600
2002-02-28,8.19844913482666,11.854999542236328,12.100000381469727,11.734999656677246,12.050000190734863,508400
2002-03-01,8.38516902923584,12.125,12.130000114440918,11.850000381469727,11.899999618530273,637000
2002-03-04,8.696372032165527,12.574999809265137,12.649999618530273,12.0,12.0,396000
2002-03-05,8.672163009643555,12.539999961853027,12.699999809265137,12.515000343322754,12.675000190734863,262200
2002-03-06,8.81739330291748,12.75,12.75,12.5649995803833,12.574999809265137,242600
2002-03-07,8.81393814086914,12.744999885559082,12.859999656677246,12.734999656677246,12.75,316600
2002-03-08,8.890008926391602,12.854999542236328,12.949999809265137,12.675000190734863,12.824999809265137,308400
2002-03-11,8.955699920654297,12.949999809265137,13.0,12.760000228881836,12.850000381469727,224200
2002-03-12,8.807019233703613,12.734999656677246,12.994999885559082,12.640000343322754,12.899999618530273,261600
2002-03-13,8.935614585876465,12.854999542236328,12.949999809265137,12.670000076293945,12.710000038146973,161800
2002-03-14,9.046831130981445,13.015000343322754,13.079999923706055,12.854999542236328,12.854999542236328,254800
2002-03-15,9.18585205078125,13.21500015258789,13.305000305175781,13.0,13.024999618530273,347200
2002-03-18,9.290119171142578,13.364999771118164,13.489999771118164,13.199999809265137,13.21500015258789,264200
2002-03-19,9.119820594787598,13.119999885559082,13.369999885559082,13.010000228881836,13.364999771118164,588400
2002-03-20,9.15804672241211,13.175000190734863,13.1899995803833,13.0,13.100000381469727,621600
2002-03-21,9.095490455627441,13.085000038146973,13.140000343322754,13.0,13.074999809265137,1064400
2002-03-22,9.057258605957031,13.029999732971191,13.100000381469727,13.005000114440918,13.050000190734863,164400
2002-03-25,9.046831130981445,13.015000343322754,13.050000190734863,12.975000381469727,13.024999618530273,349200
2002-03-26,9.050309181213379,13.020000457763672,13.039999961853027,12.904999732971191,12.989999771118164,170200
2002-03-27,9.363105773925781,13.470000267028809,13.5,13.125,13.125,676200
2002-03-28,9.578593254089355,13.779999732971191,13.864999771118164,13.475000381469727,13.475000381469727,930600
2002-04-01,9.602920532226562,13.8149995803833,13.96500015258789,13.774999618530273,13.779999732971191,619200
2002-04-02,9.383955955505371,13.5,13.859999656677246,13.489999771118164,13.819999694824219,402400
2002-04-03,9.401338577270508,13.524999618530273,13.625,13.449999809265137,13.550000190734863,396600
2002-04-04,9.37005615234375,13.479999542236328,13.524999618530273,13.335000038146973,13.524999618530273,343600
2002-04-05,9.50908088684082,13.680000305175781,13.75,13.460000038146973,13.460000038146973,450200
2002-04-08,9.397860527038574,13.520000457763672,13.680000305175781,13.399999618530273,13.680000305175781,272400
2002-04-09,9.491701126098633,13.654999732971191,13.8149995803833,13.574999809265137,13.574999809265137,157800
2002-04-10,10.023459434509277,14.420000076293945,14.5,13.65999984741211,13.65999984741211,558600
2002-04-11,9.787121772766113,14.079999923706055,14.65999984741211,13.975000381469727,14.420000076293945,250200
2002-04-12,10.089495658874512,14.515000343322754,14.515000343322754,14.024999618530273,14.085000038146973,356000
2002-04-15,10.00955581665039,14.399999618530273,14.515000343322754,14.114999771118164,14.510000228881836,239000
2002-04-16,10.19375991821289,14.664999961853027,14.770000457763672,14.399999618530273,14.399999618530273,175800
2002-04-17,10.304975509643555,14.824999809265137,15.180000305175781,14.75,14.765000343322754,443000
2002-04-18,9.82535457611084,14.135000228881836,14.704999923706055,14.0,14.699999809265137,368200
2002-04-19,9.957425117492676,14.324999809265137,14.399999618530273,13.699999809265137,14.25,304600
2002-04-22,9.80449390411377,14.104999542236328,14.3149995803833,14.0,14.3149995803833,211600
2002-04-23,9.80449390411377,14.104999542236328,14.210000038146973,14.020000457763672,14.100000381469727,204000
2002-04-24,9.874009132385254,14.204999923706055,14.5,14.095000267028809,14.104999542236328,429800
2002-04-25,9.985224723815918,14.364999771118164,14.5,14.0,14.149999618530273,544600
2002-04-26,9.974801063537598,14.350000381469727,14.489999771118164,14.300000190734863,14.369999885559082,288000
2002-04-29,9.89833927154541,14.239999771118164,14.414999961853027,14.010000228881836,14.354999542236328,236000
2002-04-30,10.304975509643555,14.824999809265137,14.824999809265137,14.239999771118164,14.239999771118164,277200
2002-05-01,10.211138725280762,14.6899995803833,14.779999732971191,14.5,14.774999618530273,190400
2002-05-02,10.572591781616211,15.210000038146973,15.279999732971191,14.729999542236328,14.774999618530273,360400
2002-05-03,10.53088092803955,15.149999618530273,15.225000381469727,14.930000305175781,15.210000038146973,292600
2002-05-06,10.596920013427734,15.244999885559082,15.399999618530273,15.100000381469727,15.225000381469727,238600
2002-05-07,10.64558219909668,15.3149995803833,15.470000267028809,15.074999809265137,15.225000381469727,214400
2002-05-08,10.947955131530762,15.75,15.75,15.5,15.550000190734863,229200
2002-05-09,10.930575370788574,15.725000381469727,16.0,15.664999961853027,15.75,280200
2002-05-10,10.558690071105957,15.1899995803833,15.675000190734863,15.024999618530273,15.675000190734863,197400
2002-05-13,10.808930397033691,15.550000190734863,15.550000190734863,15.274999618530273,15.350000381469727,168800
2002-05-14,11.302456855773926,16.260000228881836,16.299999237060547,15.595000267028809,15.595000267028809,260000
2002-05-15,10.899295806884766,15.680000305175781,16.28499984741211,15.425000190734863,16.25,261200
2002-05-16,11.03483772277832,15.875,15.975000381469727,15.5,15.680000305175781,389000
2002-05-17,10.940999984741211,15.739999771118164,15.875,15.5649995803833,15.875,202400
2002-05-20,11.052221298217773,15.899999618530273,16.0,15.6850004196167,15.864999771118164,479000
2002-05-21,10.937530517578125,15.734999656677246,15.984999656677246,15.574999809265137,15.875,211000
2002-05-22,10.934052467346191,15.729999542236328,15.824999809265137,15.524999618530273,15.699999809265137,186600
2002-05-23,11.292031288146973,16.2450008392334,16.25,15.614999771118164,15.699999809265137,247800
2002-05-24,11.052221298217773,15.899999618530273,16.135000228881836,15.869999885559082,16.075000762939453,122800
2002-05-28,10.826311111450195,15.574999809265137,15.899999618530273,15.46500015258789,15.899999618530273,223400
2002-05-29,10.777647018432617,15.505000114440918,15.619999885559082,15.399999618530273,15.550000190734863,729800
2002-05-30,11.041791915893555,15.885000228881836,15.949999809265137,15.510000228881836,15.510000228881836,220600
2002-05-31,11.080026626586914,15.9399995803833,16.145000457763672,15.829999923706055,15.885000228881836,204000
2002-06-03,10.951428413391113,15.755000114440918,16.114999771118164,15.649999618530273,15.9399995803833,315000
2002-06-04,10.899295806884766,15.680000305175781,15.75,15.515000343322754,15.699999809265137,213400
2002-06-05,11.2086181640625,16.125,16.149999618530273,15.569999694824219,15.574999809265137,401200
2002-06-06,11.13910961151123,16.024999618530273,16.350000381469727,16.0,16.125,321800
2002-06-07,11.295506477355957,16.25,16.264999389648438,15.875,15.899999618530273,344600
2002-06-10,11.431053161621094,16.44499969482422,16.5,16.174999237060547,16.174999237060547,515400
2002-06-11,11.253805160522461,16.190000534057617,16.4950008392334,16.100000381469727,16.475000381469727,360400
2002-06-12,11.114215850830078,15.925000190734863,16.235000610351562,15.824999809265137,16.225000381469727,250600
2002-06-13,10.866458892822266,15.569999694824219,15.989999771118164,15.569999694824219,15.989999771118164,279800
2002-06-14,11.222394943237305,16.079999923706055,16.079999923706055,15.25,15.5600004196167,433600
2002-06-17,11.257291793823242,16.1299991607666,16.270000457763672,15.850000381469727,16.079999923706055,216200
2002-06-18,11.288694381713867,16.174999237060547,16.25,16.0049991607666,16.0049991607666,317200
2002-06-19,10.999065399169922,15.760000228881836,16.125,15.625,16.100000381469727,321000
2002-06-20,10.995574951171875,15.755000114440918,15.875,15.704999923706055,15.760000228881836,406200
2002-06-21,10.985106468200684,15.739999771118164,15.770000457763672,15.515000343322754,15.649999618530273,244000
2002-06-24,10.897870063781738,15.614999771118164,15.800000190734863,15.199999809265137,15.739999771118164,276400
2002-06-25,10.625680923461914,15.225000381469727,15.65999984741211,15.010000228881836,15.649999618530273,489600
2002-06-26,10.430267333984375,14.944999694824219,15.045000076293945,14.795000076293945,14.949999809265137,489800
2002-06-27,10.538440704345703,15.100000381469727,15.300000190734863,14.880000114440918,15.175000190734863,528600
2002-06-28,10.730371475219727,15.375,15.5,15.079999923706055,15.100000381469727,1125400
2002-07-01,11.019997596740723,15.789999961853027,15.875,15.454999923706055,15.550000190734863,415600
2002-07-02,10.842033386230469,15.53499984741211,15.789999961853027,15.470000267028809,15.739999771118164,380600
2002-07-03,10.730371475219727,15.375,15.524999618530273,15.199999809265137,15.425000190734863,318600
2002-07-05,11.040932655334473,15.819999694824219,15.975000381469727,15.380000114440918,15.425000190734863,161000
2002-07-08,10.97463607788086,15.725000381469727,15.949999809265137,15.680000305175781,15.725000381469727,244200
2002-07-09,10.643131256103516,15.25,15.789999961853027,15.25,15.725000381469727,291400
2002-07-10,10.468653678894043,15.0,15.255000114440918,14.925000190734863,15.255000114440918,182600
2002-07-11,10.48609733581543,15.024999618530273,15.149999618530273,14.654999732971191,15.0,309800
2002-07-12,10.451203346252441,14.975000381469727,15.350000381469727,14.899999618530273,15.015000343322754,261800
2002-07-15,10.381409645080566,14.875,14.949999809265137,14.614999771118164,14.949999809265137,514000
2002-07-16,10.213912010192871,14.635000228881836,14.9350004196167,14.515000343322754,14.864999771118164,249400
2002-07-17,10.172039031982422,14.574999809265137,14.850000381469727,14.449999809265137,14.635000228881836,276400
2002-07-18,10.028969764709473,14.369999885559082,14.625,14.350000381469727,14.574999809265137,234000
2002-07-19,9.72188949584961,13.930000305175781,14.369999885559082,13.899999618530273,14.369999885559082,231200
2002-07-22,9.439230918884277,13.524999618530273,14.114999771118164,13.3100004196167,13.899999618530273,212600
2002-07-23,9.226373672485352,13.220000267028809,13.600000381469727,13.170000076293945,13.475000381469727,214200
2002-07-24,9.735848426818848,13.949999809265137,13.975000381469727,12.850000381469727,13.21500015258789,653200
2002-07-25,10.084799766540527,14.449999809265137,14.484999656677246,13.850000381469727,13.975000381469727,332800
2002-07-26,9.735848426818848,13.949999809265137,14.475000381469727,13.875,14.475000381469727,180600
2002-07-29,10.433757781982422,14.949999809265137,15.0,13.899999618530273,13.899999618530273,213000
2002-07-30,10.18948745727539,14.600000381469727,14.954999923706055,14.399999618530273,14.954999923706055,173000
2002-07-31,10.31511402130127,14.779999732971191,14.895000457763672,14.46500015258789,14.550000190734863,202600
2002-08-01,10.294178009033203,14.75,15.375,14.729999542236328,14.899999618530273,216200
2002-08-02,9.878918647766113,14.154999732971191,14.824999809265137,14.130000114440918,14.755000114440918,164400
2002-08-05,9.913812637329102,14.204999923706055,14.430000305175781,14.149999618530273,14.154999732971191,232400
2002-08-06,10.210426330566406,14.630000114440918,14.819999694824219,14.524999618530273,14.524999618530273,168200
2002-08-07,10.454690933227539,14.979999542236328,15.145000457763672,14.680000305175781,14.75,155200
2002-08-08,10.73386001586914,15.380000114440918,15.380000114440918,14.854999542236328,14.854999542236328,98400
2002-08-09,10.712920188903809,15.350000381469727,15.425000190734863,15.125,15.324999809265137,126400
2002-08-12,10.768754959106445,15.430000305175781,15.4350004196167,15.095000267028809,15.300000190734863,102200
2002-08-13,10.594277381896973,15.180000305175781,15.614999771118164,15.175000190734863,15.414999961853027,156600
2002-08-14,10.852500915527344,15.550000190734863,15.5649995803833,14.75,15.1850004196167,211600
2002-08-15,10.765266418457031,15.425000190734863,15.604999542236328,15.265000343322754,15.5,151200
2002-08-16,10.835058212280273,15.524999618530273,15.604999542236328,15.375,15.399999618530273,105000
2002-08-19,10.814115524291992,15.494999885559082,15.75,15.345000267028809,15.5,172400
2002-08-20,10.751303672790527,15.404999732971191,15.494999885559082,15.270000457763672,15.494999885559082,182800
2002-08-21,10.817607879638672,15.5,15.5,15.270000457763672,15.40999984741211,451400
2002-08-22,10.814115524291992,15.494999885559082,15.800000190734863,15.300000190734863,15.550000190734863,163600
2002-08-23,10.646617889404297,15.255000114440918,15.510000228881836,15.149999618530273,15.494999885559082,145200
2002-08-26,10.730371475219727,15.375,15.375,15.095000267028809,15.265000343322754,146600
2002-08-27,10.622194290161133,15.220000267028809,15.524999618530273,15.164999961853027,15.425000190734863,163600
2002-08-28,10.468653678894043,15.0,15.199999809265137,14.835000038146973,15.199999809265137,101000
2002-08-29,10.541932106018066,15.104999542236328,15.199999809265137,14.944999694824219,15.0,151800
2002-08-30,10.758282661437988,15.414999961853027,15.494999885559082,15.125,15.125,104600
2002-09-03,10.49307918548584,15.03499984741211,15.300000190734863,14.949999809265137,15.300000190734863,128600
2002-09-04,10.709434509277344,15.345000267028809,15.350000381469727,14.975000381469727,15.024999618530273,234400
2002-09-05,10.119696617126465,14.5,14.979999542236328,14.350000381469727,14.975000381469727,687800
2002-09-06,10.182510375976562,14.59000015258789,14.779999732971191,14.274999618530273,14.5,432000
2002-09-09,10.294178009033203,14.75,14.864999771118164,14.524999618530273,14.625,334800
2002-09-10,10.346515655517578,14.824999809265137,14.850000381469727,14.725000381469727,14.755000114440918,165600
2002-09-11,10.353529930114746,14.765000343322754,14.824999809265137,14.704999923706055,14.8149995803833,121400
2002-09-12,10.153678894042969,14.479999542236328,14.75,14.449999809265137,14.75,120200
2002-09-13,10.1466646194458,14.470000267028809,14.529999732971191,14.175000190734863,14.449999809265137,202400
2002-09-16,10.160696029663086,14.489999771118164,14.539999961853027,14.399999618530273,14.449999809265137,185600
2002-09-17,10.009937286376953,14.274999618530273,14.619999885559082,14.225000381469727,14.550000190734863,179400
2002-09-18,9.852157592773438,14.050000190734863,14.199999809265137,13.994999885559082,14.175000190734863,211800
2002-09-19,9.417402267456055,13.430000305175781,14.0,13.430000305175781,14.0,392000
2002-09-20,9.494536399841309,13.539999961853027,13.625,13.300000190734863,13.430000305175781,598600
2002-09-23,9.459473609924316,13.489999771118164,13.550000190734863,13.399999618530273,13.550000190734863,314200
2002-09-24,9.080811500549316,12.949999809265137,13.300000190734863,12.90999984741211,13.300000190734863,194400
2002-09-25,9.136910438537598,13.029999732971191,13.145000457763672,12.805000305175781,12.954999923706055,293800
2002-09-26,9.277155876159668,13.229999542236328,13.289999961853027,13.100000381469727,13.100000381469727,168800
2002-09-27,8.972122192382812,12.795000076293945,13.204999923706055,12.75,13.199999809265137,163400
2002-09-30,8.866943359375,12.645000457763672,12.699999809265137,12.399999618530273,12.550000190734863,359400
2002-10-01,9.627766609191895,13.729999542236328,13.75,12.850000381469727,12.850000381469727,562600
2002-10-02,9.326240539550781,13.300000190734863,13.734999656677246,13.125,13.734999656677246,652200
2002-10-03,9.224560737609863,13.154999732971191,13.699999809265137,13.0649995803833,13.274999618530273,335000
2002-10-04,8.947582244873047,12.760000228881836,13.274999618530273,12.664999961853027,13.25,224400
2002-10-07,8.684623718261719,12.385000228881836,12.75,12.375,12.725000381469727,123200
2002-10-08,8.765260696411133,12.5,12.625,12.270000457763672,12.399999618530273,282200
2002-10-09,8.298952102661133,11.835000038146973,12.520000457763672,11.800000190734863,12.5,284600
2002-10-10,8.779287338256836,12.520000457763672,12.529999732971191,11.885000228881836,11.885000228881836,441400
2002-10-11,9.17898178100586,13.09000015258789,13.149999618530273,12.75,12.800000190734863,184000
2002-10-14,9.049257278442383,12.904999732971191,13.175000190734863,12.770000457763672,13.050000190734863,170200
2002-10-15,9.592706680297852,13.680000305175781,13.75,13.020000457763672,13.020000457763672,145000
2002-10-16,9.291178703308105,13.25,13.800000190734863,13.234999656677246,13.649999618530273,151600
2002-10-17,9.676851272583008,13.800000190734863,13.875,13.489999771118164,13.494999885559082,90200
2002-10-18,9.540111541748047,13.604999542236328,13.850000381469727,13.40999984741211,13.800000190734863,87600
2002-10-21,9.796059608459473,13.970000267028809,13.975000381469727,13.375,13.595000267028809,221400
2002-10-22,9.55764102935791,13.630000114440918,13.925000190734863,13.574999809265137,13.920000076293945,251800
2002-10-23,9.648804664611816,13.760000228881836,14.050000190734863,13.425000190734863,14.050000190734863,326600
2002-10-24,9.389348030090332,13.390000343322754,13.774999618530273,13.369999885559082,13.774999618530273,328000
2002-10-25,9.729438781738281,13.875,13.949999809265137,13.300000190734863,13.390000343322754,222800
2002-10-28,9.669840812683105,13.789999961853027,14.024999618530273,13.755000114440918,13.949999809265137,161400
2002-10-29,9.73645305633545,13.885000228881836,13.899999618530273,13.619999885559082,13.78499984741211,259800
2002-10-30,9.778526306152344,13.944999694824219,13.979999542236328,13.789999961853027,13.890000343322754,179000
2002-10-31,9.859169006347656,14.0600004196167,14.0600004196167,13.805000305175781,13.944999694824219,166400
2002-11-01,10.066024780273438,14.354999542236328,14.354999542236328,13.96500015258789,14.199999809265137,185200
2002-11-04,9.99941349029541,14.260000228881836,14.399999618530273,14.25,14.399999618530273,89200
2002-11-05,10.160696029663086,14.489999771118164,14.5,14.260000228881836,14.274999618530273,172400
2002-11-06,10.37807559967041,14.800000190734863,14.899999618530273,14.345000267028809,14.489999771118164,176600
2002-11-07,10.25536060333252,14.625,14.774999618530273,14.529999732971191,14.75,191400
2002-11-08,10.06252384185791,14.350000381469727,14.694999694824219,14.274999618530273,14.574999809265137,143200
2002-11-11,9.834627151489258,14.024999618530273,14.475000381469727,14.024999618530273,14.399999618530273,146600
2002-11-12,9.971362113952637,14.220000267028809,14.475000381469727,13.949999809265137,14.029999732971191,137400
2002-11-13,10.111607551574707,14.420000076293945,14.550000190734863,14.149999618530273,14.220000267028809,117400
2002-11-14,10.265874862670898,14.640000343322754,14.744999885559082,14.46500015258789,14.475000381469727,123800
2002-11-15,10.507800102233887,14.984999656677246,14.984999656677246,14.5,14.524999618530273,191200
2002-11-18,10.423649787902832,14.864999771118164,15.005000114440918,14.864999771118164,14.984999656677246,394000
2002-11-19,10.472736358642578,14.9350004196167,15.0,14.859999656677246,14.949999809265137,493200
2002-11-20,10.46922779083252,14.930000305175781,14.960000038146973,14.835000038146973,14.899999618530273,458800
2002-11-21,10.826854705810547,15.4399995803833,15.449999809265137,14.9399995803833,15.0,294600
2002-11-22,10.619994163513184,15.145000457763672,15.505000114440918,15.029999732971191,15.375,349800
2002-11-25,10.739201545715332,15.3149995803833,15.449999809265137,14.970000267028809,15.149999618530273,208200
2002-11-26,10.500789642333984,14.975000381469727,15.274999618530273,14.805000305175781,15.274999618530273,175800
2002-11-27,10.840874671936035,15.460000038146973,15.475000381469727,15.050000190734863,15.050000190734863,139200
2002-11-29,10.92151927947998,15.574999809265137,15.664999961853027,15.5,15.5,41200
2002-12-02,10.92502498626709,15.579999923706055,15.680000305175781,15.4399995803833,15.675000190734863,196600
2002-12-03,10.70413875579834,15.265000343322754,15.600000381469727,15.225000381469727,15.600000381469727,240200
2002-12-04,10.868927001953125,15.5,15.53499984741211,15.0,15.25,239400
2002-12-05,10.630516052246094,15.15999984741211,15.505000114440918,15.024999618530273,15.505000114440918,138600
2002-12-06,10.86191463470459,15.489999771118164,15.53499984741211,15.055000305175781,15.0600004196167,137800
2002-12-09,10.655057907104492,15.194999694824219,15.5,15.1850004196167,15.489999771118164,266400
2002-12-10,10.78477954864502,15.380000114440918,15.449999809265137,15.225000381469727,15.225000381469727,138800
2002-12-11,10.636852264404297,15.100000381469727,15.300000190734863,15.024999618530273,15.274999618530273,363400
2002-12-12,10.58402156829834,15.024999618530273,15.164999961853027,14.90999984741211,15.125,142600
2002-12-13,10.355077743530273,14.699999809265137,14.989999771118164,14.6899995803833,14.949999809265137,237800
2002-12-16,10.376206398010254,14.729999542236328,14.770000457763672,14.600000381469727,14.725000381469727,647200
2002-12-17,10.376206398010254,14.729999542236328,14.890000343322754,14.59000015258789,14.604999542236328,382800
2002-12-18,10.136706352233887,14.390000343322754,14.635000228881836,14.3100004196167,14.604999542236328,256400
2002-12-19,9.914811134338379,14.074999809265137,14.390000343322754,14.0600004196167,14.390000343322754,437800
2002-12-20,9.812666893005371,13.930000305175781,14.234999656677246,13.930000305175781,14.100000381469727,1210400
2002-12-23,9.872549057006836,14.015000343322754,14.03499984741211,13.899999618530273,13.899999618530273,469200
2002-12-24,9.833803176879883,13.960000038146973,14.09000015258789,13.9399995803833,14.024999618530273,111000
2002-12-26,10.006389617919922,14.204999923706055,14.244999885559082,13.920000076293945,13.960000038146973,206200
2002-12-27,9.869025230407715,14.010000228881836,14.28499984741211,13.989999771118164,14.21500015258789,189400
2002-12-30,9.946507453918457,14.119999885559082,14.119999885559082,13.774999618530273,13.979999542236328,185000
2002-12-31,10.02047348022461,14.225000381469727,14.375,13.960000038146973,14.100000381469727,147000
2003-01-02,10.073309898376465,14.300000190734863,14.600000381469727,14.055000305175781,14.199999809265137,399800
2003-01-03,10.17192554473877,14.4399995803833,14.595000267028809,14.274999618530273,14.295000076293945,210800
2003-01-06,10.425524711608887,14.800000190734863,14.9399995803833,14.479999542236328,14.489999771118164,235400
2003-01-07,10.30224609375,14.625,14.84000015258789,14.625,14.800000190734863,128000
2003-01-08,10.108530044555664,14.350000381469727,14.614999771118164,14.329999923706055,14.614999771118164,100600
2003-01-09,10.372693061828613,14.725000381469727,14.779999732971191,14.329999923706055,14.350000381469727,194000
2003-01-10,10.242375373840332,14.539999961853027,14.725000381469727,14.539999961853027,14.649999618530273,119400
2003-01-13,10.372693061828613,14.725000381469727,14.78499984741211,14.59000015258789,14.59000015258789,166600
2003-01-14,10.214198112487793,14.5,14.649999618530273,14.404999732971191,14.649999618530273,167400
2003-01-15,9.879594802856445,14.024999618530273,14.574999809265137,14.015000343322754,14.574999809265137,461000
2003-01-16,10.288161277770996,14.604999542236328,14.604999542236328,13.954999923706055,13.960000038146973,303800
2003-01-17,10.161359786987305,14.425000190734863,14.699999809265137,14.3100004196167,14.600000381469727,245800
2003-01-21,10.0028657913208,14.199999809265137,14.524999618530273,14.199999809265137,14.460000038146973,147000
2003-01-22,9.890155792236328,14.039999961853027,14.329999923706055,14.0,14.199999809265137,230000
2003-01-23,9.942988395690918,14.114999771118164,14.119999885559082,13.600000381469727,14.0,367400
2003-01-24,9.798580169677734,13.90999984741211,14.119999885559082,13.75,14.119999885559082,326600
2003-01-27,9.3054838180542,13.210000038146973,13.78499984741211,13.199999809265137,13.78499984741211,335200
2003-01-28,9.213909149169922,13.079999923706055,13.260000228881836,13.039999961853027,13.234999656677246,356000
2003-01-29,9.347750663757324,13.270000457763672,13.28499984741211,12.710000038146973,13.100000381469727,326200
2003-01-30,9.097679138183594,12.914999961853027,13.255000114440918,12.899999618530273,13.25,276000
2003-01-31,9.245604515075684,13.125,13.1899995803833,12.850000381469727,12.850000381469727,323800
2003-02-03,9.446368217468262,13.40999984741211,13.40999984741211,13.0600004196167,13.140000343322754,217200
2003-02-04,9.354796409606934,13.279999732971191,13.364999771118164,13.095000267028809,13.359999656677246,249200
2003-02-05,9.037797927856445,12.829999923706055,13.4399995803833,12.8149995803833,13.3100004196167,219400
2003-02-06,9.125856399536133,12.954999923706055,13.149999618530273,12.824999809265137,12.824999809265137,201400
2003-02-07,9.090632438659668,12.904999732971191,13.045000076293945,12.890000343322754,12.975000381469727,179400
2003-02-10,9.115289688110352,12.9399995803833,13.0,12.899999618530273,12.90999984741211,116800
2003-02-11,8.851129531860352,12.5649995803833,12.9399995803833,12.5649995803833,12.899999618530273,264000
2003-02-12,8.787732124328613,12.475000381469727,12.6899995803833,12.449999809265137,12.515000343322754,372200
2003-02-13,8.86873722076416,12.59000015258789,12.609999656677246,12.430000305175781,12.449999809265137,165000
2003-02-14,8.822949409484863,12.524999618530273,12.609999656677246,12.395000457763672,12.59000015258789,307600
2003-02-18,8.798295021057129,12.489999771118164,12.635000228881836,12.390000343322754,12.550000190734863,456000
2003-02-19,8.734893798828125,12.399999618530273,12.484999656677246,12.350000381469727,12.46500015258789,423200
2003-02-20,8.523569107055664,12.100000381469727,12.449999809265137,12.09000015258789,12.399999618530273,364400
2003-02-21,8.731374740600586,12.395000457763672,12.399999618530273,12.109999656677246,12.140000343322754,343600
2003-02-24,8.45312786102295,12.0,12.395000457763672,12.0,12.395000457763672,324400
2003-02-25,8.51652717590332,12.09000015258789,12.114999771118164,11.8100004196167,11.949999809265137,248200
2003-02-26,8.379162788391113,11.895000457763672,12.100000381469727,11.895000457763672,12.100000381469727,220000
2003-02-27,8.365072250366211,11.875,11.96500015258789,11.800000190734863,11.800000190734863,351600
2003-02-28,8.625709533691406,12.244999885559082,12.255000114440918,11.9350004196167,11.949999809265137,350600
2003-03-03,8.491869926452637,12.055000305175781,12.40999984741211,12.045000076293945,12.295000076293945,187800
2003-03-04,8.199535369873047,11.640000343322754,12.055000305175781,11.619999885559082,12.055000305175781,279600
2003-03-05,8.139657974243164,11.555000305175781,11.829999923706055,11.550000190734863,11.640000343322754,410200
2003-03-06,8.118521690368652,11.524999618530273,11.675000190734863,11.515000343322754,11.524999618530273,373400
2003-03-07,8.051608085632324,11.430000305175781,11.510000228881836,11.414999961853027,11.425000190734863,202600
2003-03-10,7.956504821777344,11.295000076293945,11.454999923706055,11.175000190734863,11.399999618530273,303200
2003-03-11,7.924807548522949,11.25,11.399999618530273,11.225000381469727,11.350000381469727,218000
2003-03-12,7.896456718444824,11.140000343322754,11.175000190734863,11.050000190734863,11.149999618530273,226400
2003-03-13,8.24378490447998,11.630000114440918,11.635000228881836,11.164999961853027,11.21500015258789,186800
2003-03-14,8.116192817687988,11.449999809265137,11.579999923706055,11.444999694824219,11.579999923706055,335200
2003-03-17,8.371376991271973,11.8100004196167,11.8100004196167,11.335000038146973,11.460000038146973,323000
2003-03-18,8.633642196655273,12.180000305175781,12.199999809265137,11.9399995803833,12.0,375800
2003-03-19,8.637189865112305,12.1850004196167,12.274999618530273,12.005000114440918,12.199999809265137,546200
2003-03-20,8.6052885055542,12.140000343322754,12.140000343322754,11.96500015258789,12.100000381469727,213400
2003-03-21,9.05894947052002,12.779999732971191,12.779999732971191,12.180000305175781,12.199999809265137,337800
2003-03-24,8.718708992004395,12.300000190734863,12.779999732971191,12.135000228881836,12.779999732971191,266200
2003-03-25,8.50605583190918,12.0,12.335000038146973,11.970000267028809,12.324999809265137,403200
2003-03-26,8.633642196655273,12.180000305175781,12.229999542236328,12.050000190734863,12.050000190734863,201600
2003-03-27,8.513141632080078,12.010000228881836,12.199999809265137,11.800000190734863,12.180000305175781,206000
2003-03-28,8.569847106933594,12.09000015258789,12.09000015258789,11.869999885559082,12.0,206000
2003-03-31,8.630098342895508,12.175000190734863,12.25,11.805000305175781,11.925000190734863,412400
2003-04-01,8.619463920593262,12.15999984741211,12.699999809265137,11.859999656677246,12.274999618530273,263000
2003-04-02,8.825031280517578,12.449999809265137,12.550000190734863,12.300000190734863,12.350000381469727,164600
2003-04-03,8.747058868408203,12.34000015258789,12.595000267028809,12.260000228881836,12.574999809265137,214000
2003-04-04,8.594659805297852,12.125,12.53499984741211,12.104999542236328,12.46500015258789,164800
2003-04-07,8.793131828308105,12.404999732971191,12.550000190734863,12.345000267028809,12.375,223600
2003-04-08,8.7009859085083,12.274999618530273,12.550000190734863,12.199999809265137,12.515000343322754,184000
2003-04-09,8.559219360351562,12.074999809265137,12.4399995803833,12.074999809265137,12.25,164200
2003-04-10,8.615921974182129,12.154999732971191,12.3100004196167,12.074999809265137,12.074999809265137,105400
2003-04-11,8.520233154296875,12.020000457763672,12.324999809265137,11.975000381469727,12.300000190734863,103800
2003-04-14,8.711620330810547,12.289999961853027,12.3100004196167,12.0,12.050000190734863,156800
2003-04-15,8.739967346191406,12.329999923706055,12.350000381469727,12.029999732971191,12.289999961853027,121200
2003-04-16,8.7576904296875,12.354999542236328,12.425000190734863,12.300000190734863,12.329999923706055,300400
2003-04-17,8.729338645935059,12.3149995803833,12.380000114440918,12.260000228881836,12.364999771118164,115800
2003-04-21,8.718708992004395,12.300000190734863,12.399999618530273,12.295000076293945,12.34000015258789,196200
2003-04-22,8.903000831604004,12.5600004196167,12.5649995803833,12.104999542236328,12.300000190734863,355600
2003-04-23,8.892369270324707,12.545000076293945,12.675000190734863,12.354999542236328,12.609999656677246,228000
2003-04-24,9.165266990661621,12.930000305175781,13.050000190734863,12.550000190734863,12.550000190734863,1236600
2003-04-25,9.094390869140625,12.829999923706055,12.975000381469727,12.710000038146973,12.975000381469727,223600
2003-04-28,9.374380111694336,13.225000381469727,13.364999771118164,12.829999923706055,12.829999923706055,241400
2003-04-29,9.38147258758545,13.234999656677246,13.324999809265137,13.125,13.324999809265137,212600
2003-04-30,9.56931209564209,13.5,13.585000038146973,13.100000381469727,13.199999809265137,294200
2003-05-01,9.264509201049805,13.069999694824219,13.449999809265137,12.920000076293945,13.449999809265137,294400
2003-05-02,9.438177108764648,13.3149995803833,13.375,13.0649995803833,13.069999694824219,255600
2003-05-05,9.498428344726562,13.399999618530273,13.5,13.279999732971191,13.3149995803833,164600
2003-05-06,9.462983131408691,13.350000381469727,13.399999618530273,13.234999656677246,13.399999618530273,183600
2003-05-07,9.385009765625,13.239999771118164,13.350000381469727,13.114999771118164,13.300000190734863,171800
2003-05-08,9.197169303894043,12.975000381469727,13.25,12.954999923706055,13.140000343322754,173000
2003-05-09,9.374380111694336,13.225000381469727,13.279999732971191,12.975000381469727,12.975000381469727,149200
2003-05-12,9.551590919494629,13.475000381469727,13.515000343322754,13.1850004196167,13.1850004196167,209600
2003-05-13,9.41336441040039,13.279999732971191,13.425000190734863,13.225000381469727,13.425000190734863,115600
2003-05-14,9.285771369934082,13.100000381469727,13.319999694824219,13.0649995803833,13.3149995803833,153000
2003-05-15,9.22198486328125,13.010000228881836,13.234999656677246,12.875,13.074999809265137,304800
2003-05-16,9.204261779785156,12.984999656677246,13.0649995803833,12.949999809265137,13.024999618530273,88400
2003-05-19,9.133373260498047,12.885000228881836,12.9399995803833,12.875,12.899999618530273,200400
2003-05-20,9.18299388885498,12.954999923706055,13.055000305175781,12.90999984741211,12.90999984741211,173400
2003-05-21,9.076664924621582,12.805000305175781,12.949999809265137,12.789999961853027,12.949999809265137,130600
2003-05-22,9.151093482971191,12.90999984741211,12.949999809265137,12.765000343322754,12.800000190734863,305000
2003-05-23,9.168818473815918,12.9350004196167,12.975000381469727,12.880000114440918,12.90999984741211,217800
2003-05-27,9.314130783081055,13.140000343322754,13.140000343322754,12.78499984741211,12.930000305175781,360400
2003-05-28,9.349569320678711,13.1899995803833,13.244999885559082,13.005000114440918,13.140000343322754,205200
2003-05-29,9.271598815917969,13.079999923706055,13.229999542236328,13.074999809265137,13.15999984741211,135000
2003-05-30,9.487791061401367,13.385000228881836,13.489999771118164,13.0649995803833,13.100000381469727,171400
2003-06-02,9.565764427185059,13.494999885559082,13.710000038146973,13.414999961853027,13.5,173000
2003-06-03,9.615385055541992,13.5649995803833,13.670000076293945,13.420000076293945,13.489999771118164,187200
2003-06-04,9.781962394714355,13.800000190734863,13.84000015258789,13.614999771118164,13.630000114440918,196000
2003-06-05,9.75715446472168,13.765000343322754,13.885000228881836,13.725000381469727,13.8100004196167,222200
2003-06-06,9.647284507751465,13.609999656677246,13.84000015258789,13.555000305175781,13.765000343322754,211800
2003-06-09,9.455894470214844,13.34000015258789,13.505000114440918,13.274999618530273,13.5,217600
2003-06-10,9.558677673339844,13.484999656677246,13.489999771118164,13.300000190734863,13.300000190734863,179400
2003-06-11,9.572927474975586,13.4350004196167,13.46500015258789,13.324999809265137,13.399999618530273,152800
2003-06-12,9.68337345123291,13.59000015258789,13.680000305175781,13.385000228881836,13.449999809265137,208400
2003-06-13,9.669118881225586,13.569999694824219,13.675000190734863,13.524999618530273,13.625,211000
2003-06-16,9.993327140808105,14.024999618530273,14.074999809265137,13.635000228881836,13.635000228881836,499200
2003-06-17,10.14652156829834,14.239999771118164,14.279999732971191,13.904999732971191,14.024999618530273,582600
2003-06-18,10.078829765319824,14.145000457763672,14.3100004196167,14.050000190734863,14.239999771118164,574400
2003-06-19,9.961257934570312,13.979999542236328,14.210000038146973,13.9399995803833,14.15999984741211,277200
2003-06-20,10.025392532348633,14.069999694824219,14.100000381469727,13.9399995803833,14.024999618530273,988200
2003-06-23,9.886445999145508,13.875,14.114999771118164,13.819999694824219,14.069999694824219,383600
2003-06-24,10.021825790405273,14.0649995803833,14.114999771118164,13.875,13.875,284600
2003-06-25,9.904255867004395,13.899999618530273,14.149999618530273,13.880000114440918,14.114999771118164,318000
2003-06-26,10.100204467773438,14.175000190734863,14.225000381469727,13.859999656677246,13.925000190734863,254400
2003-06-27,10.039639472961426,14.09000015258789,14.289999961853027,14.074999809265137,14.225000381469727,325600
2003-06-30,9.964823722839355,13.984999656677246,14.199999809265137,13.979999542236328,14.199999809265137,996200
2003-07-01,10.107330322265625,14.1850004196167,14.1850004196167,13.739999771118164,13.984999656677246,430800
2003-07-02,10.182145118713379,14.289999961853027,14.430000305175781,14.175000190734863,14.244999885559082,378800
2003-07-03,10.089517593383789,14.15999984741211,14.329999923706055,14.130000114440918,14.289999961853027,164800
2003-07-07,10.292593002319336,14.444999694824219,14.489999771118164,14.199999809265137,14.199999809265137,255800
2003-07-08,10.370969772338867,14.555000305175781,14.609999656677246,14.295000076293945,14.3100004196167,209000
2003-07-09,10.264087677001953,14.404999732971191,14.524999618530273,14.270000457763672,14.524999618530273,283800
2003-07-10,10.118021011352539,14.199999809265137,14.3149995803833,14.074999809265137,14.28499984741211,258400
2003-07-11,10.16789722442627,14.270000457763672,14.399999618530273,14.225000381469727,14.225000381469727,213600
2003-07-14,10.1500825881958,14.244999885559082,14.375,14.199999809265137,14.375,389600
2003-07-15,10.125144958496094,14.210000038146973,14.444999694824219,14.125,14.210000038146973,204600
2003-07-16,10.064580917358398,14.125,14.25,14.010000228881836,14.229999542236328,156400
2003-07-17,9.979074478149414,14.005000114440918,14.244999885559082,14.0,14.0649995803833,177800
2003-07-18,10.153643608093262,14.25,14.25,13.994999885559082,14.005000114440918,197600
2003-07-21,10.014702796936035,14.055000305175781,14.25,13.944999694824219,14.25,162800
2003-07-22,10.196393966674805,14.3100004196167,14.3100004196167,14.0,14.024999618530273,319000
2003-07-23,9.886445999145508,13.875,14.199999809265137,13.550000190734863,14.050000190734863,541600
2003-07-24,9.75819206237793,13.694999694824219,13.875,13.539999961853027,13.875,475800
2003-07-25,9.804499626159668,13.760000228881836,13.795000076293945,13.399999618530273,13.770000457763672,374400
2003-07-28,9.779562950134277,13.725000381469727,13.84000015258789,13.625,13.765000343322754,315200
2003-07-29,9.690503120422363,13.600000381469727,13.805000305175781,13.425000190734863,13.800000190734863,291000
2003-07-30,9.76175308227539,13.699999809265137,13.699999809265137,13.350000381469727,13.649999618530273,273800
2003-07-31,9.722558975219727,13.645000457763672,13.944999694824219,13.630000114440918,13.75,294200
2003-08-01,9.597869873046875,13.470000267028809,13.635000228881836,13.265000343322754,13.600000381469727,223200
2003-08-04,9.60499382019043,13.479999542236328,13.574999809265137,13.100000381469727,13.470000267028809,314400
2003-08-05,9.469609260559082,13.289999961853027,13.53499984741211,13.265000343322754,13.449999809265137,197800
2003-08-06,9.583617210388184,13.449999809265137,13.5600004196167,13.104999542236328,13.324999809265137,326600
2003-08-07,9.398353576660156,13.1899995803833,13.399999618530273,12.994999885559082,13.399999618530273,282200
2003-08-08,9.480297088623047,13.305000305175781,13.34000015258789,13.130000114440918,13.25,294800
2003-08-11,9.551552772521973,13.404999732971191,13.404999732971191,13.1850004196167,13.274999618530273,272000
2003-08-12,9.658430099487305,13.555000305175781,13.604999542236328,13.3149995803833,13.364999771118164,177200
2003-08-13,9.572927474975586,13.4350004196167,13.600000381469727,13.425000190734863,13.574999809265137,327800
2003-08-14,9.665556907653809,13.5649995803833,13.6899995803833,13.375,13.449999809265137,181200
2003-08-15,9.772440910339355,13.71500015258789,13.71500015258789,13.460000038146973,13.649999618530273,107800
2003-08-18,9.75462532043457,13.6899995803833,13.824999809265137,13.625,13.739999771118164,225200
2003-08-19,9.94344711303711,13.954999923706055,13.954999923706055,13.6899995803833,13.6899995803833,218800
2003-08-20,9.979074478149414,14.005000114440918,14.015000343322754,13.78499984741211,13.90999984741211,193400
2003-08-21,9.97551155090332,14.0,14.055000305175781,13.899999618530273,14.010000228881836,251200
2003-08-22,9.957698822021484,13.975000381469727,14.074999809265137,13.920000076293945,14.024999618530273,307600
2003-08-25,9.843689918518066,13.8149995803833,13.9399995803833,13.739999771118164,13.899999618530273,182200
2003-08-26,9.904255867004395,13.899999618530273,13.899999618530273,13.640000343322754,13.774999618530273,203200
2003-08-27,9.954134941101074,13.970000267028809,13.975000381469727,13.789999961853027,13.899999618530273,149000
2003-08-28,10.004011154174805,14.039999961853027,14.09000015258789,13.824999809265137,13.949999809265137,311000
2003-08-29,9.957698822021484,13.975000381469727,14.0649995803833,13.975000381469727,14.050000190734863,348800
2003-09-02,10.118021011352539,14.199999809265137,14.220000267028809,13.914999961853027,13.984999656677246,245400
2003-09-03,10.228459358215332,14.354999542236328,14.470000267028809,14.114999771118164,14.199999809265137,283400
2003-09-04,10.242714881896973,14.375,14.505000114440918,14.3149995803833,14.354999542236328,295200
2003-09-05,10.068138122558594,14.130000114440918,14.414999961853027,14.104999542236328,14.300000190734863,228600
2003-09-08,10.185711860656738,14.295000076293945,14.425000190734863,14.0649995803833,14.114999771118164,199800
2003-09-09,10.289030075073242,14.4399995803833,14.479999542236328,14.255000114440918,14.295000076293945,344200
2003-09-10,10.061014175415039,14.119999885559082,14.399999618530273,14.109999656677246,14.399999618530273,288000
2003-09-11,10.121882438659668,14.135000228881836,14.145000457763672,13.8149995803833,14.005000114440918,404200
2003-09-12,10.150527000427246,14.175000190734863,14.175000190734863,13.8100004196167,14.050000190734863,453200
2003-09-15,10.078914642333984,14.074999809265137,14.199999809265137,13.949999809265137,14.170000076293945,377000
2003-09-16,10.200653076171875,14.244999885559082,14.244999885559082,14.039999961853027,14.050000190734863,300400
2003-09-17,10.078914642333984,14.074999809265137,14.175000190734863,13.994999885559082,14.175000190734863,347400
2003-09-18,10.157686233520508,14.1850004196167,14.1850004196167,13.925000190734863,14.069999694824219,419600
2003-09-19,10.121882438659668,14.135000228881836,14.234999656677246,14.055000305175781,14.175000190734863,280400
2003-09-22,10.129046440124512,14.145000457763672,14.145000457763672,13.859999656677246,14.010000228881836,297000
2003-09-23,10.157686233520508,14.1850004196167,14.204999923706055,14.039999961853027,14.125,167200
2003-09-24,10.078914642333984,14.074999809265137,14.1850004196167,13.895000457763672,14.1850004196167,438800
2003-09-25,9.907058715820312,13.835000038146973,14.260000228881836,13.829999923706055,14.149999618530273,312000
2003-09-26,9.839033126831055,13.739999771118164,14.069999694824219,13.739999771118164,13.800000190734863,577800
2003-09-29,9.957186698913574,13.904999732971191,13.904999732971191,13.600000381469727,13.795000076293945,491800
2003-09-30,9.828290939331055,13.725000381469727,13.829999923706055,13.675000190734863,13.8100004196167,435000
2003-10-01,10.19349193572998,14.234999656677246,14.345000267028809,13.734999656677246,13.744999885559082,461600
2003-10-02,10.200653076171875,14.244999885559082,14.329999923706055,14.100000381469727,14.234999656677246,290000
2003-10-03,10.293745994567871,14.375,14.53499984741211,14.329999923706055,14.380000114440918,362200
2003-10-06,10.275842666625977,14.350000381469727,14.375,14.279999732971191,14.375,254000
2003-10-07,10.3009033203125,14.385000228881836,14.385000228881836,14.25,14.350000381469727,302400
2003-10-08,10.118302345275879,14.130000114440918,14.385000228881836,14.045000076293945,14.385000228881836,393200
2003-10-09,10.132619857788086,14.149999618530273,14.414999961853027,13.954999923706055,14.225000381469727,379400
2003-10-10,10.111138343811035,14.119999885559082,14.239999771118164,13.970000267028809,14.140000343322754,255400
2003-10-13,10.161267280578613,14.1899995803833,14.420000076293945,14.085000038146973,14.104999542236328,197600
2003-10-14,10.129046440124512,14.145000457763672,14.295000076293945,13.975000381469727,14.225000381469727,265800
2003-10-15,10.139786720275879,14.15999984741211,14.28499984741211,14.050000190734863,14.225000381469727,196200
2003-10-16,10.175589561462402,14.210000038146973,14.319999694824219,14.055000305175781,14.125,151200
2003-10-17,10.211392402648926,14.260000228881836,14.380000114440918,14.114999771118164,14.274999618530273,273000
2003-10-20,10.10398006439209,14.109999656677246,14.385000228881836,14.029999732971191,14.25,228600
2003-10-21,9.96434497833252,13.914999961853027,14.109999656677246,13.729999542236328,14.109999656677246,583600
2003-10-22,9.556171417236328,13.345000267028809,13.789999961853027,13.1850004196167,13.789999961853027,767600
2003-10-23,9.438018798828125,13.180000305175781,13.260000228881836,12.930000305175781,13.260000228881836,647600
2003-10-24,9.255417823791504,12.925000190734863,13.079999923706055,12.8149995803833,13.079999923706055,413600
2003-10-27,9.334186553955078,13.03499984741211,13.25,12.895000457763672,13.024999618530273,421200
2003-10-28,9.545434951782227,13.329999923706055,13.329999923706055,12.954999923706055,13.050000190734863,448200
2003-10-29,9.48098373413086,13.239999771118164,13.274999618530273,13.135000228881836,13.274999618530273,264000
2003-10-30,9.702974319458008,13.550000190734863,13.694999694824219,13.199999809265137,13.25,522400
2003-10-31,9.60272216796875,13.40999984741211,13.645000457763672,13.345000267028809,13.574999809265137,179600
2003-11-03,9.753098487854004,13.619999885559082,13.649999618530273,13.40999984741211,13.40999984741211,220600
2003-11-04,9.68507194519043,13.524999618530273,13.595000267028809,13.425000190734863,13.579999923706055,226000
2003-11-05,9.73878288269043,13.600000381469727,13.640000343322754,13.449999809265137,13.5,249200
2003-11-06,9.860513687133789,13.770000457763672,13.770000457763672,13.5,13.625,209200
2003-11-07,9.864089012145996,13.774999618530273,13.84000015258789,13.699999809265137,13.795000076293945,383600
2003-11-10,9.68507194519043,13.524999618530273,13.819999694824219,13.460000038146973,13.770000457763672,378200
2003-11-11,9.599143981933594,13.404999732971191,13.475000381469727,13.324999809265137,13.475000381469727,195000
2003-11-12,9.84619426727295,13.75,13.75,13.399999618530273,13.399999618530273,201200
2003-11-13,9.85693073272705,13.765000343322754,13.765000343322754,13.625,13.725000381469727,192200
2003-11-14,9.788899421691895,13.670000076293945,13.875,13.654999732971191,13.824999809265137,309200
2003-11-17,9.731616020202637,13.59000015258789,13.649999618530273,13.354999542236328,13.649999618530273,410800
2003-11-18,9.588398933410645,13.390000343322754,13.774999618530273,13.385000228881836,13.649999618530273,199800
2003-11-19,9.702974319458008,13.550000190734863,13.654999732971191,13.3149995803833,13.399999618530273,201600
2003-11-20,9.552597045898438,13.34000015258789,13.53499984741211,13.279999732971191,13.5,165200
2003-11-21,9.627784729003906,13.444999694824219,13.5,13.369999885559082,13.399999618530273,151200
2003-11-24,9.953601837158203,13.899999618530273,13.899999618530273,13.470000267028809,13.5,392400
2003-11-25,9.989407539367676,13.949999809265137,13.949999809265137,13.739999771118164,13.899999618530273,336800
2003-11-26,10.139786720275879,14.15999984741211,14.244999885559082,14.0,14.0,352400
2003-11-28,10.132619857788086,14.149999618530273,14.220000267028809,14.100000381469727,14.21500015258789,182800
2003-12-01,10.257939338684082,14.324999809265137,14.420000076293945,14.229999542236328,14.25,244800
2003-12-02,10.204229354858398,14.25,14.350000381469727,14.199999809265137,14.350000381469727,350000
2003-12-03,10.039534568786621,14.020000457763672,14.260000228881836,14.005000114440918,14.125,524000
2003-12-04,10.150527000427246,14.175000190734863,14.210000038146973,13.9350004196167,14.020000457763672,406000
2003-12-05,10.010890007019043,13.979999542236328,14.220000267028809,13.96500015258789,14.130000114440918,211000
2003-12-08,10.508574485778809,14.675000190734863,14.6850004196167,13.994999885559082,13.994999885559082,483800
2003-12-09,10.383256912231445,14.5,14.694999694824219,14.484999656677246,14.675000190734863,506800
2003-12-10,10.39399528503418,14.515000343322754,14.524999618530273,14.399999618530273,14.5,345200
2003-12-11,10.644084930419922,14.789999961853027,14.789999961853027,14.390000343322754,14.430000305175781,365200
2003-12-12,10.784421920776367,14.984999656677246,15.039999961853027,14.539999961853027,14.725000381469727,559200
2003-12-15,10.6908597946167,14.854999542236328,15.204999923706055,14.829999923706055,15.204999923706055,481800
2003-12-16,10.75204086303711,14.9399995803833,14.944999694824219,14.744999885559082,14.875,179400
2003-12-17,10.662076950073242,14.8149995803833,14.899999618530273,14.630000114440918,14.899999618530273,288000
2003-12-18,10.777226448059082,14.975000381469727,14.975000381469727,14.664999961853027,14.774999618530273,196600
2003-12-19,10.806013107299805,15.015000343322754,15.015000343322754,14.774999618530273,14.925000190734863,284200
2003-12-22,10.841996192932129,15.0649995803833,15.0649995803833,14.864999771118164,14.975000381469727,185000
2003-12-23,10.917564392089844,15.170000076293945,15.279999732971191,15.0600004196167,15.0649995803833,205000
2003-12-24,10.903169631958008,15.149999618530273,15.164999961853027,15.010000228881836,15.024999618530273,60800
2003-12-26,10.953546524047852,15.220000267028809,15.274999618530273,15.175000190734863,15.199999809265137,77400
2003-12-29,10.9463529586792,15.210000038146973,15.329999923706055,15.145000457763672,15.170000076293945,274200
2003-12-30,10.921164512634277,15.175000190734863,15.225000381469727,15.104999542236328,15.225000381469727,228400
2003-12-31,10.784421920776367,14.984999656677246,15.350000381469727,14.984999656677246,15.225000381469727,504000
2004-01-02,10.885176658630371,15.125,15.234999656677246,15.050000190734863,15.050000190734863,478000
2004-01-05,10.957146644592285,15.225000381469727,15.3100004196167,15.145000457763672,15.199999809265137,242400
2004-01-06,10.953546524047852,15.220000267028809,15.3149995803833,15.1899995803833,15.239999771118164,301000
2004-01-07,10.971542358398438,15.244999885559082,15.25,15.100000381469727,15.239999771118164,196800
2004-01-08,10.964341163635254,15.234999656677246,15.300000190734863,15.175000190734863,15.239999771118164,245400
2004-01-09,10.723252296447754,14.899999618530273,15.199999809265137,14.875,15.175000190734863,393600
2004-01-12,10.859990119934082,15.09000015258789,15.095000267028809,14.899999618530273,14.920000076293945,284200
2004-01-13,10.917564392089844,15.170000076293945,15.194999694824219,15.010000228881836,15.09000015258789,234800
2004-01-14,11.03271198272705,15.329999923706055,15.345000267028809,15.199999809265137,15.199999809265137,203200
2004-01-15,10.964341163635254,15.234999656677246,15.364999771118164,15.074999809265137,15.279999732971191,189400
2004-01-16,10.8707857131958,15.104999542236328,15.279999732971191,15.104999542236328,15.199999809265137,223600
2004-01-20,10.910367965698242,15.15999984741211,15.350000381469727,15.09000015258789,15.104999542236328,320000
2004-01-21,11.01472282409668,15.305000305175781,15.375,15.164999961853027,15.175000190734863,214400
2004-01-22,10.903169631958008,15.149999618530273,15.3149995803833,15.140000343322754,15.274999618530273,271600
2004-01-23,10.939154624938965,15.199999809265137,15.274999618530273,15.145000457763672,15.149999618530273,359600
2004-01-26,10.906769752502441,15.154999732971191,15.274999618530273,15.079999923706055,15.25,174000
2004-01-27,10.903169631958008,15.149999618530273,15.244999885559082,15.119999885559082,15.154999732971191,230400
2004-01-28,10.89597225189209,15.140000343322754,15.300000190734863,15.104999542236328,15.149999618530273,393200
2004-01-29,10.791619300842285,14.994999885559082,15.369999885559082,14.949999809265137,15.1899995803833,547800
2004-01-30,10.647685050964355,14.795000076293945,15.100000381469727,14.75,15.024999618530273,479800
2004-02-02,10.579315185546875,14.699999809265137,14.845000267028809,14.625,14.795000076293945,374200
2004-02-03,10.464162826538086,14.539999961853027,14.720000267028809,14.5,14.699999809265137,389600
2004-02-04,10.370606422424316,14.40999984741211,14.5,14.300000190734863,14.5,548800
2004-02-05,10.349016189575195,14.380000114440918,14.524999618530273,14.375,14.414999961853027,369600
2004-02-06,10.467765808105469,14.545000076293945,14.649999618530273,14.425000190734863,14.484999656677246,602200
2004-02-09,10.482157707214355,14.5649995803833,14.654999732971191,14.515000343322754,14.579999923706055,545800
2004-02-10,10.399394035339355,14.449999809265137,14.5649995803833,14.399999618530273,14.550000190734863,632800
2004-02-11,10.471359252929688,14.550000190734863,14.550000190734863,14.34000015258789,14.46500015258789,669000
2004-02-12,10.410189628601074,14.46500015258789,14.600000381469727,14.399999618530273,14.5,242000
2004-02-13,10.341819763183594,14.369999885559082,14.595000267028809,14.350000381469727,14.5,415400
2004-02-17,10.45337200164795,14.524999618530273,14.569999694824219,14.364999771118164,14.399999618530273,360200
2004-02-18,10.223069190979004,14.204999923706055,14.574999809265137,14.149999618530273,14.5,507400
2004-02-19,10.05754566192627,13.975000381469727,14.300000190734863,13.975000381469727,14.289999961853027,533200
2004-02-20,9.942395210266113,13.8149995803833,13.9399995803833,13.6899995803833,13.925000190734863,411200
2004-02-23,9.881218910217285,13.729999542236328,13.875,13.630000114440918,13.854999542236328,283000
2004-02-24,9.985575675964355,13.875,14.0,13.600000381469727,13.71500015258789,253200
2004-02-25,9.949593544006348,13.824999809265137,13.890000343322754,13.774999618530273,13.859999656677246,303800
2004-02-26,9.967585563659668,13.850000381469727,13.875,13.614999771118164,13.829999923706055,408800
2004-02-27,10.165495872497559,14.125,14.210000038146973,13.789999961853027,13.850000381469727,546200
2004-03-01,10.359809875488281,14.395000457763672,14.399999618530273,14.140000343322754,14.149999618530273,490200
2004-03-02,10.45337200164795,14.524999618530273,14.545000076293945,14.414999961853027,14.430000305175781,495800
2004-03-03,10.406595230102539,14.460000038146973,14.510000228881836,14.34000015258789,14.475000381469727,343000
2004-03-04,10.503745079040527,14.595000267028809,14.595000267028809,14.350000381469727,14.399999618530273,197400
2004-03-05,10.546927452087402,14.654999732971191,14.71500015258789,14.520000457763672,14.53499984741211,207400
2004-03-08,10.45337200164795,14.524999618530273,14.75,14.5,14.699999809265137,191800
2004-03-09,10.352614402770996,14.385000228881836,14.550000190734863,14.364999771118164,14.524999618530273,216000
2004-03-10,10.18708610534668,14.154999732971191,14.475000381469727,14.104999542236328,14.4350004196167,270000
2004-03-11,10.169093132019043,14.130000114440918,14.5,14.09000015258789,14.154999732971191,321400
2004-03-12,10.3670072555542,14.404999732971191,14.404999732971191,14.079999923706055,14.25,171800
2004-03-15,10.126500129699707,14.0,14.28499984741211,13.960000038146973,14.28499984741211,240800
2004-03-16,10.15181827545166,14.03499984741211,14.255000114440918,13.880000114440918,14.074999809265137,257000
2004-03-17,10.336262702941895,14.289999961853027,14.3149995803833,14.125,14.125,210200
2004-03-18,10.267553329467773,14.194999694824219,14.260000228881836,13.960000038146973,14.199999809265137,224600
2004-03-19,10.159045219421387,14.045000076293945,14.375,14.005000114440918,14.199999809265137,193400
2004-03-22,9.920358657836914,13.71500015258789,14.045000076293945,13.619999885559082,14.045000076293945,238000
2004-03-23,10.018004417419434,13.850000381469727,13.904999732971191,13.699999809265137,13.800000190734863,215200
2004-03-24,9.934823036193848,13.734999656677246,13.899999618530273,13.710000038146973,13.819999694824219,197800
2004-03-25,10.28563404083252,14.220000267028809,14.324999809265137,13.800000190734863,13.850000381469727,289400
2004-03-26,10.16628646850586,14.055000305175781,14.274999618530273,14.020000457763672,14.180000305175781,263400
2004-03-29,10.368814468383789,14.335000038146973,14.489999771118164,14.149999618530273,14.180000305175781,227400
2004-03-30,10.564114570617676,14.604999542236328,14.604999542236328,14.335000038146973,14.335000038146973,186600
2004-03-31,10.488166809082031,14.5,14.550000190734863,14.295000076293945,14.550000190734863,162000
2004-04-01,10.730476379394531,14.835000038146973,14.850000381469727,14.539999961853027,14.550000190734863,257600
2004-04-02,10.759410858154297,14.875,15.095000267028809,14.875,15.010000228881836,318600
2004-04-05,10.741326332092285,14.850000381469727,14.949999809265137,14.8100004196167,14.9399995803833,171800
2004-04-06,10.574963569641113,14.619999885559082,14.800000190734863,14.619999885559082,14.774999618530273,196200
2004-04-07,10.542413711547852,14.574999809265137,14.75,14.46500015258789,14.65999984741211,203800
2004-04-08,10.470083236694336,14.475000381469727,14.75,14.454999923706055,14.75,173600
2004-04-12,10.719622611999512,14.819999694824219,14.864999771118164,14.524999618530273,14.524999618530273,157600
2004-04-13,10.517094612121582,14.539999961853027,14.954999923706055,14.539999961853027,14.9399995803833,266400
2004-04-14,10.386899948120117,14.359999656677246,14.625,14.234999656677246,14.550000190734863,343000
2004-04-15,10.506248474121094,14.524999618530273,14.619999885559082,14.40999984741211,14.40999984741211,220200
2004-04-16,10.650914192199707,14.725000381469727,14.805000305175781,14.484999656677246,14.524999618530273,331800
2004-04-19,10.668997764587402,14.75,14.789999961853027,14.625,14.774999618530273,451000
2004-04-20,10.491779327392578,14.505000114440918,14.90999984741211,14.505000114440918,14.699999809265137,243400
2004-04-21,10.386899948120117,14.359999656677246,14.5,14.270000457763672,14.399999618530273,178200
2004-04-22,10.813658714294434,14.949999809265137,15.0,14.329999923706055,14.359999656677246,277400
2004-04-23,10.741326332092285,14.850000381469727,14.960000038146973,14.649999618530273,14.925000190734863,248200
2004-04-26,10.904073715209961,15.074999809265137,15.170000076293945,14.875,14.925000190734863,256600
2004-04-27,11.059587478637695,15.289999961853027,15.335000038146973,15.0,15.0649995803833,325400
2004-04-28,10.79919147491455,14.930000305175781,15.255000114440918,14.875,15.25,330200
2004-04-29,10.6870756149292,14.774999618530273,15.050000190734863,14.609999656677246,14.949999809265137,257200
2004-04-30,10.578580856323242,14.625,14.914999961853027,14.550000190734863,14.774999618530273,282000
2004-05-03,10.632829666137695,14.699999809265137,14.734999656677246,14.449999809265137,14.600000381469727,411400
2004-05-04,10.52794361114502,14.555000305175781,14.720000267028809,14.425000190734863,14.675000190734863,419400
2004-05-05,10.455613136291504,14.454999923706055,14.649999618530273,14.40999984741211,14.574999809265137,252600
2004-05-06,10.343504905700684,14.300000190734863,14.414999961853027,14.104999542236328,14.350000381469727,319400
2004-05-07,10.072250366210938,13.925000190734863,14.449999809265137,13.925000190734863,14.305000305175781,298000
2004-05-10,10.036087036132812,13.875,14.0649995803833,13.78499984741211,13.875,255800
2004-05-11,10.177138328552246,14.069999694824219,14.229999542236328,13.925000190734863,13.9399995803833,220400
2004-05-12,10.245850563049316,14.164999961853027,14.210000038146973,13.84000015258789,14.114999771118164,315800
2004-05-13,10.18074893951416,14.074999809265137,14.1899995803833,13.984999656677246,14.125,156000
2004-05-14,9.992687225341797,13.8149995803833,14.145000457763672,13.779999732971191,14.024999618530273,266800
2004-05-17,9.891422271728516,13.675000190734863,13.895000457763672,13.484999656677246,13.8100004196167,334200
2004-05-18,9.927586555480957,13.725000381469727,13.875,13.649999618530273,13.725000381469727,229800
2004-05-19,9.920358657836914,13.71500015258789,14.204999923706055,13.625,13.854999542236328,277400
2004-05-20,10.03247356414795,13.869999885559082,13.970000267028809,13.675000190734863,13.739999771118164,189600
2004-05-21,10.061406135559082,13.90999984741211,14.180000305175781,13.800000190734863,13.925000190734863,139800
2004-05-24,10.057788848876953,13.904999732971191,14.194999694824219,13.805000305175781,13.9399995803833,245200
2004-05-25,10.365198135375977,14.329999923706055,14.390000343322754,13.854999542236328,13.949999809265137,440000
2004-05-26,10.36158275604248,14.324999809265137,14.395000457763672,14.135000228881836,14.28499984741211,99600
2004-05-27,10.415834426879883,14.399999618530273,14.614999771118164,14.15999984741211,14.324999809265137,183600
2004-05-28,10.408597946166992,14.390000343322754,14.5,14.375,14.385000228881836,167800
2004-06-01,10.54964542388916,14.585000038146973,14.625,14.300000190734863,14.324999809265137,153400
2004-06-02,10.480932235717773,14.489999771118164,14.625,14.404999732971191,14.625,160600
2004-06-03,10.397750854492188,14.375,14.430000305175781,14.3149995803833,14.425000190734863,200400
2004-06-04,10.473699569702148,14.479999542236328,14.585000038146973,14.425000190734863,14.5,160600
2004-06-07,10.712397575378418,14.8100004196167,14.8149995803833,14.484999656677246,14.484999656677246,143400
2004-06-08,10.690696716308594,14.779999732971191,14.859999656677246,14.550000190734863,14.574999809265137,279200
2004-06-09,10.4447660446167,14.4399995803833,14.875,14.430000305175781,14.725000381469727,229400
2004-06-10,10.524327278137207,14.550000190734863,14.5649995803833,14.425000190734863,14.4399995803833,217000
2004-06-14,10.449820518493652,14.375,14.420000076293945,14.225000381469727,14.399999618530273,286400
2004-06-15,10.609743118286133,14.595000267028809,14.625,14.425000190734863,14.425000190734863,231800
2004-06-16,10.704251289367676,14.725000381469727,14.725000381469727,14.324999809265137,14.640000343322754,247200
2004-06-17,10.769674301147461,14.8149995803833,14.875,14.5,14.675000190734863,297400
2004-06-18,10.973217964172363,15.095000267028809,15.100000381469727,14.875,14.875,434000
2004-06-21,10.853271484375,14.930000305175781,15.069999694824219,14.789999961853027,15.069999694824219,279200
2004-06-22,10.944143295288086,15.055000305175781,15.100000381469727,14.795000076293945,14.930000305175781,226200
2004-06-23,11.031373023986816,15.175000190734863,15.1899995803833,15.0,15.0,543600
2004-06-24,11.064085006713867,15.220000267028809,15.274999618530273,15.109999656677246,15.199999809265137,239600
2004-06-25,11.267630577087402,15.5,15.5,15.180000305175781,15.234999656677246,495200
2004-06-28,11.394845962524414,15.675000190734863,15.925000190734863,15.420000076293945,15.5,433000
2004-06-29,11.434823989868164,15.729999542236328,15.875,15.574999809265137,15.680000305175781,267400
2004-06-30,11.503888130187988,15.824999809265137,15.84000015258789,15.625,15.75,244800
2004-07-01,11.351227760314941,15.614999771118164,15.850000381469727,15.595000267028809,15.824999809265137,286400
2004-07-02,11.362130165100098,15.630000114440918,15.699999809265137,15.449999809265137,15.649999618530273,135400
2004-07-06,11.165858268737793,15.359999656677246,15.694999694824219,15.270000457763672,15.550000190734863,256600
2004-07-07,11.267630577087402,15.5,15.675000190734863,15.375,15.375,202400
2004-07-08,11.089529991149902,15.255000114440918,15.555000305175781,15.25,15.399999618530273,167400
2004-07-09,11.187670707702637,15.390000343322754,15.460000038146973,15.255000114440918,15.28499984741211,80200
2004-07-12,11.169496536254883,15.364999771118164,15.475000381469727,15.130000114440918,15.390000343322754,135800
2004-07-13,11.234917640686035,15.454999923706055,15.529999732971191,15.350000381469727,15.414999961853027,102400
2004-07-14,11.22765064239502,15.444999694824219,15.670000076293945,15.164999961853027,15.380000114440918,237800
2004-07-15,11.242189407348633,15.46500015258789,15.595000267028809,15.414999961853027,15.494999885559082,105000
2004-07-16,11.176761627197266,15.375,15.489999771118164,15.1899995803833,15.46500015258789,228000
2004-07-19,11.085894584655762,15.25,15.4399995803833,15.164999961853027,15.4399995803833,172600
2004-07-20,11.176761627197266,15.375,15.385000228881836,15.199999809265137,15.225000381469727,177800
2004-07-21,10.904156684875488,15.0,15.444999694824219,15.0,15.399999618530273,345200
2004-07-22,11.271265983581543,15.505000114440918,15.510000228881836,14.75,15.024999618530273,437400
2004-07-23,11.129508972167969,15.3100004196167,15.550000190734863,15.210000038146973,15.449999809265137,288600
2004-07-26,11.09679889678955,15.265000343322754,15.430000305175781,15.180000305175781,15.359999656677246,284000
2004-07-27,11.169496536254883,15.364999771118164,15.475000381469727,15.234999656677246,15.300000190734863,313600
2004-07-28,11.13314437866211,15.3149995803833,15.395000457763672,15.104999542236328,15.369999885559082,302000
2004-07-29,11.354864120483398,15.619999885559082,15.664999961853027,15.350000381469727,15.425000190734863,349800
2004-07-30,11.19494342803955,15.399999618530273,15.574999809265137,15.369999885559082,15.574999809265137,200200
2004-08-02,11.405747413635254,15.6899995803833,15.765000343322754,15.300000190734863,15.324999809265137,482800
2004-08-03,11.43846607208252,15.734999656677246,15.850000381469727,15.645000457763672,15.84000015258789,582000
2004-08-04,11.540230751037598,15.875,15.9350004196167,15.520000457763672,15.675000190734863,398200
2004-08-05,11.144051551818848,15.329999923706055,15.875,15.279999732971191,15.835000038146973,281000
2004-08-06,11.035005569458008,15.180000305175781,15.305000305175781,15.050000190734863,15.255000114440918,306400
2004-08-09,11.260361671447754,15.489999771118164,15.555000305175781,15.244999885559082,15.260000228881836,401800
2004-08-10,11.5911226272583,15.944999694824219,15.96500015258789,15.555000305175781,15.59000015258789,565000
2004-08-11,11.540230751037598,15.875,15.949999809265137,15.484999656677246,15.875,651200
2004-08-12,11.34395980834961,15.604999542236328,15.850000381469727,15.569999694824219,15.850000381469727,296400
2004-08-13,11.28580093383789,15.524999618530273,15.734999656677246,15.479999542236328,15.699999809265137,170000
2004-08-16,11.594757080078125,15.949999809265137,15.96500015258789,15.5,15.5,167600
2004-08-17,11.532966613769531,15.864999771118164,16.0,15.800000190734863,16.0,193600
2004-08-18,11.72923755645752,16.135000228881836,16.135000228881836,15.649999618530273,15.774999618530273,138000
2004-08-19,11.529333114624023,15.859999656677246,16.075000762939453,15.75,16.075000762939453,259200
2004-08-20,11.685624122619629,16.075000762939453,16.125,15.864999771118164,15.930000305175781,262400
2004-08-23,11.532966613769531,15.864999771118164,16.200000762939453,15.864999771118164,16.110000610351562,202800
2004-08-24,11.689258575439453,16.079999923706055,16.21500015258789,15.954999923706055,15.979999542236328,219400
2004-08-25,11.856456756591797,16.309999465942383,16.309999465942383,15.920000076293945,16.145000457763672,348800
2004-08-26,11.89643669128418,16.364999771118164,16.56999969482422,16.344999313354492,16.364999771118164,390000
2004-08-27,11.900071144104004,16.3700008392334,16.549999237060547,16.25,16.405000686645508,513400
2004-08-30,11.994574546813965,16.5,16.584999084472656,16.309999465942383,16.364999771118164,434200
2004-08-31,12.089078903198242,16.6299991607666,16.75,16.450000762939453,16.549999237060547,241200
2004-09-01,12.256277084350586,16.860000610351562,16.90999984741211,16.5,16.6299991607666,526200
2004-09-02,12.45254898071289,17.1299991607666,17.15999984741211,16.739999771118164,16.799999237060547,345800
2004-09-03,12.467087745666504,17.149999618530273,17.200000762939453,17.024999618530273,17.040000915527344,275400
2004-09-07,12.710613250732422,17.485000610351562,17.549999237060547,17.274999618530273,17.350000381469727,522600
2004-09-08,12.376215934753418,17.024999618530273,17.524999618530273,17.024999618530273,17.485000610351562,486400
2004-09-09,12.514342308044434,17.21500015258789,17.25,17.049999237060547,17.075000762939453,439400
2004-09-10,12.427105903625488,17.094999313354492,17.174999237060547,16.985000610351562,17.174999237060547,214800
2004-09-13,12.410677909851074,17.0,17.145000457763672,16.985000610351562,17.100000381469727,235400
2004-09-14,12.271968841552734,16.809999465942383,17.0,16.725000381469727,17.0,234000
2004-09-15,12.344971656799316,16.90999984741211,16.940000534057617,16.725000381469727,16.774999618530273,234200
2004-09-16,12.604142189025879,17.264999389648438,17.31999969482422,17.0,17.0,179000
2004-09-17,12.574942588806152,17.225000381469727,17.44499969482422,17.094999313354492,17.3799991607666,320600
2004-09-20,12.520190238952637,17.149999618530273,17.3700008392334,17.079999923706055,17.125,121400
2004-09-21,12.607791900634766,17.270000457763672,17.395000457763672,17.174999237060547,17.174999237060547,215600
2004-09-22,12.556687355041504,17.200000762939453,17.260000228881836,16.905000686645508,17.225000381469727,237200
2004-09-23,12.48733139038086,17.104999542236328,17.264999389648438,17.079999923706055,17.174999237060547,129800
2004-09-24,12.450835227966309,17.05500030517578,17.360000610351562,17.049999237060547,17.049999237060547,169000
2004-09-27,12.162467002868652,16.65999984741211,17.05500030517578,16.46500015258789,17.05500030517578,351400
2004-09-28,12.472728729248047,17.084999084472656,17.149999618530273,16.625,16.625,257400
2004-09-29,12.527482032775879,17.15999984741211,17.28499984741211,17.0,17.049999237060547,218800
2004-09-30,12.808554649353027,17.545000076293945,17.69499969482422,17.149999618530273,17.18000030517578,349600
2004-10-01,12.899813652038574,17.670000076293945,17.7549991607666,17.3799991607666,17.575000762939453,323000
2004-10-04,12.907108306884766,17.68000030517578,17.8799991607666,17.59000015258789,17.774999618530273,185600
2004-10-05,12.775697708129883,17.5,17.700000762939453,17.40999984741211,17.68000030517578,172600
2004-10-06,13.137069702148438,17.9950008392334,17.9950008392334,17.325000762939453,17.5,303000
2004-10-07,12.633338928222656,17.30500030517578,17.924999237060547,17.299999237060547,17.924999237060547,222000
2004-10-08,12.469078063964844,17.079999923706055,17.399999618530273,17.014999389648438,17.25,204400
2004-10-11,12.622392654418945,17.290000915527344,17.309999465942383,17.100000381469727,17.100000381469727,100400
2004-10-12,12.556687355041504,17.200000762939453,17.274999618530273,16.8799991607666,17.209999084472656,157000
2004-10-13,12.111363410949707,16.59000015258789,17.325000762939453,16.55500030517578,17.31999969482422,258200
2004-10-14,12.228166580200195,16.75,16.905000686645508,16.56999969482422,16.594999313354492,214800
2004-10-15,12.282922744750977,16.825000762939453,17.299999237060547,16.75,16.75,218800
2004-10-18,12.315776824951172,16.8700008392334,16.969999313354492,16.475000381469727,16.725000381469727,225200
2004-10-19,12.410677909851074,17.0,17.079999923706055,16.920000076293945,16.920000076293945,665800
2004-10-20,12.432581901550293,17.030000686645508,17.125,16.809999465942383,16.950000762939453,228200
2004-10-21,12.59319019317627,17.25,17.389999389648438,16.899999618530273,17.049999237060547,219200
2004-10-22,12.494632720947266,17.114999771118164,17.665000915527344,17.114999771118164,17.274999618530273,252600
2004-10-25,12.684443473815918,17.375,17.600000381469727,17.100000381469727,17.149999618530273,216200
2004-10-26,12.812198638916016,17.549999237060547,17.625,16.93000030517578,17.364999771118164,243000
2004-10-27,13.020255088806152,17.834999084472656,17.954999923706055,17.5049991607666,17.549999237060547,337000
2004-10-28,13.05676555633545,17.885000228881836,18.15999984741211,17.774999618530273,17.975000381469727,789400
2004-10-29,13.085962295532227,17.924999237060547,18.125,17.719999313354492,17.875,305200
2004-11-01,13.217370986938477,18.104999542236328,18.125,17.760000228881836,17.93000030517578,193400
2004-11-02,13.111519813537598,17.959999084472656,18.31999969482422,17.844999313354492,18.200000762939453,372600
2004-11-03,13.542235374450684,18.549999237060547,18.594999313354492,18.174999237060547,18.174999237060547,333800
2004-11-04,13.918206214904785,19.065000534057617,19.065000534057617,18.440000534057617,18.549999237060547,381400
2004-11-05,13.761253356933594,18.850000381469727,19.30500030517578,18.670000076293945,19.049999237060547,384200
2004-11-08,13.436385154724121,18.405000686645508,18.799999237060547,18.405000686645508,18.799999237060547,409400
2004-11-09,13.724750518798828,18.799999237060547,18.834999084472656,18.204999923706055,18.325000762939453,411200
2004-11-10,13.903610229492188,19.045000076293945,19.059999465942383,18.725000381469727,18.739999771118164,212200
2004-11-11,14.181029319763184,19.424999237060547,19.424999237060547,19.0,19.045000076293945,288000
2004-11-12,14.308782577514648,19.600000381469727,19.600000381469727,19.209999084472656,19.424999237060547,150800
2004-11-15,14.26862907409668,19.545000076293945,19.600000381469727,19.28499984741211,19.600000381469727,260200
2004-11-16,13.9766206741333,19.145000457763672,19.530000686645508,19.104999542236328,19.5,244200
2004-11-17,14.17372989654541,19.415000915527344,19.799999237060547,19.239999771118164,19.25,266000
2004-11-18,14.03502082824707,19.225000381469727,19.450000762939453,18.959999084472656,19.375,255200
2004-11-19,13.9766206741333,19.145000457763672,19.174999237060547,18.709999084472656,19.174999237060547,244800
2004-11-22,14.26862907409668,19.545000076293945,19.545000076293945,19.059999465942383,19.15999984741211,209800
2004-11-23,14.115320205688477,19.334999084472656,19.540000915527344,19.0049991607666,19.540000915527344,225200
2004-11-24,14.403688430786133,19.729999542236328,19.729999542236328,19.200000762939453,19.325000762939453,263600
2004-11-26,14.312431335449219,19.604999542236328,19.774999618530273,19.549999237060547,19.75,67400
2004-11-29,14.363542556762695,19.674999237060547,19.719999313354492,19.174999237060547,19.649999618530273,346800
2004-11-30,14.542397499084473,19.920000076293945,19.920000076293945,19.44499969482422,19.600000381469727,486200
2004-12-01,14.717610359191895,20.15999984741211,20.325000762939453,19.9950008392334,20.0,370800
2004-12-02,14.520495414733887,19.889999389648438,20.295000076293945,19.739999771118164,20.100000381469727,256800
2004-12-03,14.473036766052246,19.825000762939453,20.09000015258789,19.719999313354492,19.864999771118164,238800
2004-12-06,14.425596237182617,19.760000228881836,19.854999542236328,19.530000686645508,19.725000381469727,244600
2004-12-07,14.217531204223633,19.475000381469727,19.799999237060547,19.475000381469727,19.799999237060547,355200
2004-12-08,14.294181823730469,19.579999923706055,19.760000228881836,19.450000762939453,19.475000381469727,221600
2004-12-09,14.297828674316406,19.584999084472656,19.75,19.25,19.524999618530273,263400
2004-12-10,14.294181823730469,19.579999923706055,19.655000686645508,19.360000610351562,19.524999618530273,209400
2004-12-13,14.400443077087402,19.649999618530273,19.649999618530273,19.420000076293945,19.600000381469727,170000
2004-12-14,14.590989112854004,19.90999984741211,19.934999465942383,19.674999237060547,19.674999237060547,258000
2004-12-15,14.68625545501709,20.040000915527344,20.040000915527344,19.795000076293945,19.899999618530273,215200
2004-12-16,14.67160415649414,20.020000457763672,20.059999465942383,19.7549991607666,19.950000762939453,315600
2004-12-17,14.58731746673584,19.905000686645508,20.125,19.514999389648438,20.06999969482422,358600
2004-12-20,14.499380111694336,19.78499984741211,20.084999084472656,19.75,19.905000686645508,174800
2004-12-21,14.345484733581543,19.575000762939453,19.90999984741211,19.545000076293945,19.899999618530273,377200
2004-12-22,14.667937278747559,20.014999389648438,20.059999465942383,19.674999237060547,19.690000534057617,204800
2004-12-23,14.583650588989258,19.899999618530273,19.9950008392334,19.75,19.899999618530273,234400
2004-12-27,14.400443077087402,19.649999618530273,20.0049991607666,19.600000381469727,20.0,186200
2004-12-28,14.54334545135498,19.844999313354492,20.075000762939453,19.625,19.625,236200
2004-12-29,14.477385520935059,19.7549991607666,19.875,19.655000686645508,19.875,154000
2004-12-30,14.308843612670898,19.524999618530273,19.739999771118164,19.40999984741211,19.600000381469727,334000
2004-12-31,14.184261322021484,19.354999542236328,19.600000381469727,19.309999465942383,19.565000534057617,242200
2005-01-03,13.942411422729492,19.024999618530273,19.514999389648438,18.959999084472656,19.5049991607666,365200
2005-01-04,13.37446117401123,18.25,19.024999618530273,18.200000762939453,19.024999618530273,463800
2005-01-05,13.052001953125,17.809999465942383,18.235000610351562,17.809999465942383,18.149999618530273,594000
2005-01-06,13.304844856262207,18.155000686645508,18.18000030517578,17.15999984741211,17.809999465942383,1526600
2005-01-07,13.352477073669434,18.219999313354492,18.424999237060547,17.875,18.155000686645508,909400
2005-01-10,13.253541946411133,18.084999084472656,18.5,18.084999084472656,18.149999618530273,634000
2005-01-11,13.117964744567871,17.899999618530273,18.079999923706055,17.75,18.079999923706055,671200
2005-01-12,13.103304862976074,17.8799991607666,17.979999542236328,17.309999465942383,17.850000381469727,778800
2005-01-13,12.934754371643066,17.649999618530273,17.875,17.53499984741211,17.875,764800
2005-01-14,12.484046936035156,17.03499984741211,17.424999237060547,16.950000762939453,17.424999237060547,5539000
2005-01-18,12.615967750549316,17.21500015258789,17.2549991607666,16.899999618530273,17.0,1380200
2005-01-19,12.487719535827637,17.040000915527344,17.290000915527344,16.954999923706055,17.25,770000
2005-01-20,12.462064743041992,17.0049991607666,17.094999313354492,16.799999237060547,16.850000381469727,1042200
2005-01-21,12.509700775146484,17.06999969482422,17.149999618530273,16.950000762939453,17.0049991607666,765400
2005-01-24,12.462064743041992,17.0049991607666,17.110000610351562,16.959999084472656,17.059999465942383,1005000
2005-01-25,12.506036758422852,17.065000534057617,17.170000076293945,17.0,17.065000534057617,661800
2005-01-26,12.531688690185547,17.100000381469727,17.149999618530273,16.9950008392334,17.065000534057617,535800
2005-01-27,12.539012908935547,17.110000610351562,17.19499969482422,17.03499984741211,17.104999542236328,486200
2005-01-28,12.5206880569458,17.084999084472656,17.165000915527344,17.0,17.149999618530273,478200
2005-01-31,12.865129470825195,17.55500030517578,17.55500030517578,17.190000534057617,17.274999618530273,1008000
2005-02-01,12.97139835357666,17.700000762939453,17.700000762939453,17.520000457763672,17.55500030517578,818600
2005-02-02,13.030021667480469,17.780000686645508,17.780000686645508,17.5,17.700000762939453,485000
2005-02-03,12.883454322814941,17.579999923706055,17.799999237060547,17.399999618530273,17.799999237060547,752600
2005-02-04,13.059332847595215,17.81999969482422,17.84000015258789,17.56999969482422,17.59000015258789,788800
2005-02-07,13.205901145935059,18.020000457763672,18.094999313354492,17.825000762939453,17.850000381469727,1131400
2005-02-08,13.381789207458496,18.260000228881836,18.260000228881836,17.94499969482422,18.049999237060547,1179600
2005-02-09,13.246213912963867,18.075000762939453,18.299999237060547,17.969999313354492,18.290000915527344,661400
2005-02-10,13.246213912963867,18.075000762939453,18.274999618530273,17.954999923706055,18.100000381469727,385800
2005-02-11,13.187581062316895,17.9950008392334,18.100000381469727,17.850000381469727,18.084999084472656,608600
2005-02-14,13.19124698638916,18.0,18.020000457763672,17.78499984741211,17.959999084472656,361000
2005-02-15,13.055669784545898,17.815000534057617,18.065000534057617,17.709999084472656,17.975000381469727,474400
2005-02-16,13.154606819152832,17.950000762939453,18.040000915527344,17.700000762939453,17.799999237060547,328600
2005-02-17,12.86879825592041,17.559999465942383,17.94499969482422,17.5049991607666,17.94499969482422,654800
2005-02-18,12.83948040008545,17.520000457763672,17.770000457763672,17.475000381469727,17.610000610351562,437800
2005-02-22,12.546341896057129,17.1200008392334,17.549999237060547,17.104999542236328,17.475000381469727,437200
2005-02-23,12.766193389892578,17.420000076293945,17.46500015258789,17.18000030517578,17.2450008392334,537400
2005-02-24,13.623627662658691,18.59000015258789,18.690000534057617,17.934999465942383,18.450000762939453,1352000
2005-02-25,14.041350364685059,19.15999984741211,19.170000076293945,18.639999389648438,18.71500015258789,825800
2005-02-28,13.924100875854492,19.0,19.190000534057617,18.829999923706055,19.149999618530273,700000
2005-03-01,14.066998481750488,19.19499969482422,19.354999542236328,19.024999618530273,19.024999618530273,373200
2005-03-02,13.986380577087402,19.084999084472656,19.344999313354492,18.924999237060547,19.024999618530273,376200
2005-03-03,14.004712104797363,19.110000610351562,19.31999969482422,19.020000457763672,19.149999618530273,264400
2005-03-04,14.257546424865723,19.454999923706055,19.545000076293945,19.100000381469727,19.149999618530273,255400
2005-03-07,14.129292488098145,19.280000686645508,19.514999389648438,19.200000762939453,19.475000381469727,167000
2005-03-08,14.162263870239258,19.325000762939453,19.3799991607666,19.0,19.25,421000
2005-03-09,13.865473747253418,18.920000076293945,19.489999771118164,18.905000686645508,19.25,630600
2005-03-10,13.82149600982666,18.860000610351562,19.065000534057617,18.700000762939453,18.920000076293945,329800
2005-03-11,13.666988372802734,18.575000762939453,18.875,18.53499984741211,18.799999237060547,938600
2005-03-14,13.858283042907715,18.834999084472656,19.030000686645508,18.575000762939453,18.579999923706055,633400
2005-03-15,13.722160339355469,18.649999618530273,19.049999237060547,18.524999618530273,18.924999237060547,369400
2005-03-16,13.52718734741211,18.385000228881836,18.604999542236328,18.274999618530273,18.600000381469727,356400
2005-03-17,13.80677604675293,18.764999389648438,18.850000381469727,18.329999923706055,18.385000228881836,445200
2005-03-18,13.94289779663086,18.950000762939453,18.969999313354492,18.71500015258789,18.875,759600
2005-03-21,13.714808464050293,18.639999389648438,18.9950008392334,18.56999969482422,18.9950008392334,276400
2005-03-22,13.339567184448242,18.1299991607666,18.65999984741211,18.125,18.645000457763672,744600
2005-03-23,13.361642837524414,18.15999984741211,18.3799991607666,17.975000381469727,18.049999237060547,362400
2005-03-24,13.457289695739746,18.290000915527344,18.510000228881836,18.25,18.280000686645508,231000
2005-03-28,13.343242645263672,18.135000228881836,18.385000228881836,18.049999237060547,18.315000534057617,198800
2005-03-29,13.00847053527832,17.68000030517578,18.299999237060547,17.6299991607666,18.15999984741211,446200
2005-03-30,13.394745826721191,18.204999923706055,18.204999923706055,17.655000686645508,17.655000686645508,366800
2005-03-31,13.37635326385498,18.18000030517578,18.219999313354492,18.049999237060547,18.190000534057617,472200
2005-04-01,13.236559867858887,17.989999771118164,18.475000381469727,17.934999465942383,18.375,417400
2005-04-04,13.302780151367188,18.079999923706055,18.145000457763672,17.674999237060547,17.950000762939453,298200
2005-04-05,13.398421287536621,18.209999084472656,18.229999542236328,18.05500030517578,18.145000457763672,228400
2005-04-06,13.317496299743652,18.100000381469727,18.395000457763672,18.094999313354492,18.260000228881836,267000
2005-04-07,13.346923828125,18.139999389648438,18.200000762939453,17.915000915527344,18.100000381469727,178400
2005-04-08,13.085728645324707,17.78499984741211,18.125,17.75,18.125,360600
2005-04-11,13.00478744506836,17.674999237060547,17.815000534057617,17.514999389648438,17.78499984741211,274600
2005-04-12,13.063648223876953,17.7549991607666,17.924999237060547,17.424999237060547,17.739999771118164,605000
2005-04-13,12.684723854064941,17.239999771118164,17.690000534057617,17.15999984741211,17.68000030517578,599600
2005-04-14,12.62586498260498,17.15999984741211,17.424999237060547,17.104999542236328,17.264999389648438,723600
2005-04-15,11.941596984863281,16.229999542236328,16.854999542236328,16.100000381469727,16.850000381469727,902000
2005-04-18,12.070354461669922,16.405000686645508,16.475000381469727,16.020000457763672,16.25,552600
2005-04-19,12.25429916381836,16.655000686645508,16.725000381469727,16.475000381469727,16.475000381469727,310600
2005-04-20,11.945276260375977,16.235000610351562,16.71500015258789,16.19499969482422,16.625,450400
2005-04-21,12.302124977111816,16.719999313354492,16.725000381469727,16.264999389648438,16.475000381469727,483400
2005-04-22,12.015174865722656,16.329999923706055,16.649999618530273,16.204999923706055,16.649999618530273,555000
2005-04-25,12.416167259216309,16.875,16.985000610351562,16.399999618530273,16.44499969482422,925600
2005-04-26,13.148263931274414,17.8700008392334,18.21500015258789,17.524999618530273,17.799999237060547,1427000
2005-04-27,13.133545875549316,17.850000381469727,18.0,17.2549991607666,17.825000762939453,813600
2005-04-28,13.093083381652832,17.795000076293945,18.079999923706055,17.700000762939453,17.860000610351562,620600
2005-04-29,13.46832275390625,18.30500030517578,18.325000762939453,17.905000686645508,17.924999237060547,723200
2005-05-02,13.5750150680542,18.450000762939453,18.469999313354492,18.065000534057617,18.274999618530273,621400
2005-05-03,13.619157791137695,18.510000228881836,18.770000457763672,18.399999618530273,18.399999618530273,628800
2005-05-04,13.94289779663086,18.950000762939453,18.989999771118164,18.649999618530273,18.674999237060547,359000
2005-05-05,13.722160339355469,18.649999618530273,19.084999084472656,18.549999237060547,18.924999237060547,655400
2005-05-06,13.788382530212402,18.739999771118164,18.924999237060547,18.614999771118164,18.774999618530273,344200
2005-05-09,13.839898109436035,18.809999465942383,18.834999084472656,18.459999084472656,18.674999237060547,403600
2005-05-10,13.501432418823242,18.350000381469727,18.700000762939453,18.260000228881836,18.700000762939453,413000
2005-05-11,13.729528427124023,18.65999984741211,18.670000076293945,18.040000915527344,18.350000381469727,631200
2005-05-12,13.5750150680542,18.450000762939453,18.9950008392334,18.350000381469727,18.649999618530273,925800
2005-05-13,13.335885047912598,18.125,18.524999618530273,17.885000228881836,18.524999618530273,668600
2005-05-16,13.68537712097168,18.600000381469727,18.600000381469727,18.040000915527344,18.125,539200
2005-05-17,13.795742988586426,18.75,18.780000686645508,18.489999771118164,18.559999465942383,726600
2005-05-18,14.23352336883545,19.344999313354492,19.450000762939453,18.899999618530273,18.899999618530273,423800
2005-05-19,13.979693412780762,19.0,19.395000457763672,18.915000915527344,19.329999923706055,412800
2005-05-20,13.953939437866211,18.96500015258789,19.0049991607666,18.799999237060547,19.0,272800
2005-05-23,14.15994930267334,19.2450008392334,19.31999969482422,18.985000610351562,19.010000228881836,335400
2005-05-24,14.152594566345215,19.235000610351562,19.30500030517578,18.96500015258789,19.174999237060547,466400
2005-05-25,14.027505874633789,19.065000534057617,19.264999389648438,18.6299991607666,19.235000610351562,561200
2005-05-26,14.17098331451416,19.260000228881836,19.31999969482422,19.09000015258789,19.225000381469727,355200
2005-05-27,14.182018280029297,19.274999618530273,19.30500030517578,19.059999465942383,19.225000381469727,281400
2005-05-31,13.994402885437012,19.020000457763672,19.329999923706055,19.0,19.274999618530273,289400
2005-06-01,14.204100608825684,19.30500030517578,19.469999313354492,19.075000762939453,19.110000610351562,441200
2005-06-02,13.895075798034668,18.885000228881836,19.225000381469727,18.739999771118164,19.225000381469727,538600
2005-06-03,13.689053535461426,18.604999542236328,19.014999389648438,18.40999984741211,18.875,578400
2005-06-06,13.644915580749512,18.545000076293945,18.649999618530273,18.415000915527344,18.604999542236328,530400
2005-06-07,13.619157791137695,18.510000228881836,18.809999465942383,18.450000762939453,18.549999237060547,606200
2005-06-08,13.387392044067383,18.19499969482422,18.524999618530273,18.110000610351562,18.524999618530273,407800
2005-06-09,13.30645751953125,18.084999084472656,18.200000762939453,17.905000686645508,18.19499969482422,353000
2005-06-10,13.19240951538086,17.93000030517578,18.174999237060547,17.850000381469727,18.125,699200
2005-06-13,13.251522064208984,17.934999465942383,18.014999389648438,17.790000915527344,17.860000610351562,628200
2005-06-14,13.299539566040039,18.0,18.104999542236328,17.924999237060547,17.934999465942383,414600
2005-06-15,13.299539566040039,18.0,18.049999237060547,17.80500030517578,18.049999237060547,561400
2005-06-16,13.318017959594727,18.024999618530273,18.145000457763672,17.905000686645508,18.0049991607666,494000
2005-06-17,13.3364839553833,18.049999237060547,18.19499969482422,18.024999618530273,18.125,889400
2005-06-20,13.233041763305664,17.90999984741211,18.03499984741211,17.760000228881836,17.850000381469727,458800
2005-06-21,13.118522644042969,17.7549991607666,17.924999237060547,17.645000457763672,17.885000228881836,686600
2005-06-22,13.151771545410156,17.799999237060547,17.875,17.700000762939453,17.825000762939453,435800
2005-06-23,12.81928539276123,17.350000381469727,17.850000381469727,17.299999237060547,17.80500030517578,523000
2005-06-24,12.930113792419434,17.5,17.524999618530273,17.219999313354492,17.334999084472656,2034200
2005-06-27,13.033553123474121,17.639999389648438,17.774999618530273,17.375,17.375,732000
2005-06-28,13.4621000289917,18.219999313354492,18.375,18.094999313354492,18.25,1127000
2005-06-29,13.521199226379395,18.299999237060547,18.350000381469727,18.229999542236328,18.264999389648438,501000
2005-06-30,13.473175048828125,18.235000610351562,18.415000915527344,18.235000610351562,18.350000381469727,396600
2005-07-01,13.547063827514648,18.334999084472656,18.350000381469727,18.174999237060547,18.225000381469727,354000
2005-07-05,13.225658416748047,17.899999618530273,18.280000686645508,17.8799991607666,18.25,614600
2005-07-06,13.022466659545898,17.625,17.959999084472656,17.625,17.899999618530273,465600
2005-07-07,13.181329727172852,17.84000015258789,17.875,17.424999237060547,17.5,234600
2005-07-08,13.558149337768555,18.350000381469727,18.3700008392334,17.829999923706055,17.834999084472656,221200
2005-07-11,13.742860794067383,18.600000381469727,18.924999237060547,18.325000762939453,18.325000762939453,362800
2005-07-12,13.783493041992188,18.655000686645508,18.815000534057617,18.399999618530273,18.584999084472656,310400
2005-07-13,13.779802322387695,18.649999618530273,18.739999771118164,18.475000381469727,18.625,252800
2005-07-14,13.569226264953613,18.364999771118164,18.799999237060547,18.334999084472656,18.645000457763672,401200
2005-07-15,13.602477073669434,18.40999984741211,18.4950008392334,18.274999618530273,18.364999771118164,153000
2005-07-18,13.728079795837402,18.579999923706055,18.729999542236328,18.375,18.375,756200
2005-07-19,14.167708396911621,19.174999237060547,19.264999389648438,18.700000762939453,18.725000381469727,703600
2005-07-20,13.668977737426758,18.5,19.05500030517578,18.174999237060547,19.049999237060547,1297400
2005-07-21,13.672662734985352,18.5049991607666,18.59000015258789,18.209999084472656,18.5,777400
2005-07-22,13.765032768249512,18.6299991607666,18.69499969482422,18.354999542236328,18.59000015258789,367000
2005-07-25,13.890640258789062,18.799999237060547,18.934999465942383,18.649999618530273,18.69499969482422,504800
2005-07-26,13.964526176452637,18.899999618530273,18.979999542236328,18.575000762939453,18.799999237060547,672200
2005-07-27,14.082740783691406,19.059999465942383,19.139999389648438,18.940000534057617,19.0,430400
2005-07-28,14.171407699584961,19.18000030517578,19.209999084472656,19.05500030517578,19.05500030517578,213400
2005-07-29,14.075345993041992,19.049999237060547,19.19499969482422,18.899999618530273,19.145000457763672,621000
2005-08-01,13.905411720275879,18.81999969482422,19.075000762939453,18.799999237060547,19.05500030517578,347400
2005-08-02,14.027324676513672,18.985000610351562,19.059999465942383,18.885000228881836,18.889999389648438,319800
2005-08-03,14.023628234863281,18.979999542236328,19.0,18.764999389648438,18.950000762939453,314000
2005-08-04,13.861078262329102,18.760000228881836,18.924999237060547,18.649999618530273,18.924999237060547,181200
2005-08-05,13.772418975830078,18.639999389648438,18.75,18.549999237060547,18.735000610351562,303600
2005-08-08,13.805662155151367,18.684999465942383,18.799999237060547,18.625,18.645000457763672,350000
2005-08-09,13.816749572753906,18.700000762939453,18.735000610351562,18.575000762939453,18.68000030517578,552200
2005-08-10,13.76133918762207,18.625,18.875,18.510000228881836,18.875,213400
2005-08-11,13.798274993896484,18.674999237060547,18.924999237060547,18.600000381469727,18.625,333800
2005-08-12,13.783493041992188,18.655000686645508,18.725000381469727,18.514999389648438,18.600000381469727,378600
2005-08-15,13.643117904663086,18.46500015258789,18.690000534057617,18.375,18.655000686645508,341200
2005-08-16,13.465786933898926,18.225000381469727,18.434999465942383,18.18000030517578,18.434999465942383,499400
2005-08-17,13.369735717773438,18.094999313354492,18.225000381469727,17.94499969482422,18.225000381469727,422800
2005-08-18,13.325406074523926,18.03499984741211,18.174999237060547,18.0,18.084999084472656,412800
2005-08-19,13.284767150878906,17.979999542236328,18.100000381469727,17.924999237060547,18.100000381469727,160800
2005-08-22,13.458405494689941,18.21500015258789,18.239999771118164,17.940000534057617,17.979999542236328,286200
2005-08-23,13.040945053100586,17.649999618530273,18.21500015258789,17.594999313354492,18.21500015258789,286400
2005-08-24,12.87839126586914,17.43000030517578,17.770000457763672,17.350000381469727,17.549999237060547,380200
2005-08-25,13.111143112182617,17.7450008392334,17.799999237060547,17.3700008392334,17.5,402000
2005-08-26,13.096358299255371,17.725000381469727,17.795000076293945,17.6299991607666,17.75,426800
2005-08-29,13.269989967346191,17.959999084472656,17.959999084472656,17.704999923706055,17.729999542236328,368800
2005-08-30,13.244123458862305,17.924999237060547,17.959999084472656,17.760000228881836,17.959999084472656,506000
2005-08-31,13.414072036743164,18.155000686645508,18.155000686645508,17.78499984741211,17.899999618530273,249400
2005-09-01,13.258905410766602,17.94499969482422,18.295000076293945,17.940000534057617,18.184999465942383,192400
2005-09-02,13.214577674865723,17.885000228881836,18.024999618530273,17.854999542236328,17.954999923706055,158800
2005-09-06,13.332802772521973,18.045000076293945,18.235000610351562,17.950000762939453,17.950000762939453,223600
2005-09-07,13.295848846435547,17.9950008392334,18.219999313354492,17.96500015258789,18.100000381469727,286800
2005-09-08,13.306930541992188,18.010000228881836,18.040000915527344,17.899999618530273,17.9950008392334,386000
2005-09-09,13.347569465637207,18.065000534057617,18.100000381469727,17.975000381469727,18.0,342200
2005-09-12,13.218267440795898,17.889999389648438,18.100000381469727,17.864999771118164,18.040000915527344,446400
2005-09-13,13.259088516235352,17.864999771118164,18.020000457763672,17.790000915527344,17.889999389648438,409400
2005-09-14,13.344437599182129,17.979999542236328,18.06999969482422,17.895000457763672,17.940000534057617,305400
2005-09-15,13.36299991607666,18.0049991607666,18.014999389648438,17.8700008392334,17.989999771118164,393400
2005-09-16,13.377839088439941,18.024999618530273,18.100000381469727,17.924999237060547,18.0049991607666,1225200
2005-09-19,13.370409965515137,18.014999389648438,18.094999313354492,17.94499969482422,18.03499984741211,447000
2005-09-20,12.858308792114258,17.325000762939453,18.110000610351562,16.975000381469727,18.020000457763672,3583600
2005-09-21,13.344437599182129,17.979999542236328,18.350000381469727,17.7549991607666,17.799999237060547,2276400
2005-09-22,13.359289169311523,18.0,18.03499984741211,17.829999923706055,17.979999542236328,499200
2005-09-23,13.65616226196289,18.399999618530273,18.40999984741211,17.975000381469727,18.0,678400
2005-09-26,13.563385009765625,18.274999618530273,18.56999969482422,18.209999084472656,18.5,323000
2005-09-27,13.570806503295898,18.28499984741211,18.385000228881836,18.020000457763672,18.274999618530273,344000
2005-09-28,13.437210083007812,18.104999542236328,18.2549991607666,18.0,18.25,239600
2005-09-29,13.570806503295898,18.28499984741211,18.3799991607666,18.040000915527344,18.125,363400
2005-09-30,13.990140914916992,18.850000381469727,18.885000228881836,18.260000228881836,18.28499984741211,526400
2005-10-03,14.064358711242676,18.950000762939453,19.024999618530273,18.889999389648438,18.889999389648438,584400
2005-10-04,13.945613861083984,18.790000915527344,19.0,18.735000610351562,18.950000762939453,580200
2005-10-05,13.522565841674805,18.219999313354492,18.7549991607666,18.174999237060547,18.7549991607666,449000
2005-10-06,13.581939697265625,18.299999237060547,18.485000610351562,18.149999618530273,18.274999618530273,760000
2005-10-07,13.541117668151855,18.2450008392334,18.549999237060547,18.155000686645508,18.375,347800
2005-10-10,13.648734092712402,18.389999389648438,18.475000381469727,18.165000915527344,18.325000762939453,481600
2005-10-11,13.823148727416992,18.625,18.670000076293945,18.295000076293945,18.385000228881836,616000
2005-10-12,13.366710662841797,18.010000228881836,18.700000762939453,17.90999984741211,18.625,1742200
2005-10-13,13.4075288772583,18.065000534057617,18.094999313354492,17.75,18.020000457763672,740200
2005-10-14,13.489165306091309,18.174999237060547,18.299999237060547,17.924999237060547,18.190000534057617,528000
2005-10-17,13.555964469909668,18.264999389648438,18.30500030517578,18.145000457763672,18.18000030517578,349800
2005-10-18,13.177449226379395,17.7549991607666,17.829999923706055,17.325000762939453,17.825000762939453,2306800
2005-10-19,13.147761344909668,17.71500015258789,17.735000610351562,17.375,17.700000762939453,1245000
2005-10-20,13.173736572265625,17.75,17.81999969482422,17.594999313354492,17.71500015258789,1049400
2005-10-21,13.192291259765625,17.774999618530273,17.9950008392334,17.725000381469727,17.75,625000
2005-10-24,13.296199798583984,17.915000915527344,17.985000610351562,17.709999084472656,17.850000381469727,526800
2005-10-25,12.902839660644531,17.385000228881836,17.7549991607666,17.0,17.75,1032200
2005-10-26,12.84346866607666,17.30500030517578,17.514999389648438,17.290000915527344,17.3799991607666,1133400
2005-10-27,12.438973426818848,16.760000228881836,17.229999542236328,16.700000762939453,17.225000381469727,908600
2005-10-28,12.691324234008789,17.100000381469727,17.114999771118164,16.795000076293945,16.844999313354492,731400
2005-10-31,13.021591186523438,17.545000076293945,17.59000015258789,17.350000381469727,17.5,723200
2005-11-01,13.092096328735352,17.639999389648438,17.674999237060547,17.479999542236328,17.4950008392334,956600
2005-11-02,13.218267440795898,17.809999465942383,17.834999084472656,17.549999237060547,17.639999389648438,466800
2005-11-03,13.337020874023438,17.969999313354492,18.049999237060547,17.90999984741211,18.049999237060547,1420800
2005-11-04,13.288778305053711,17.905000686645508,18.0049991607666,17.795000076293945,18.0049991607666,430600
2005-11-07,13.325885772705078,17.954999923706055,18.03499984741211,17.84000015258789,17.875,415600
2005-11-08,13.481745719909668,18.165000915527344,18.209999084472656,17.844999313354492,17.954999923706055,507200
2005-11-09,13.511429786682129,18.204999923706055,18.229999542236328,18.020000457763672,18.165000915527344,451000
2005-11-10,13.641315460205078,18.3799991607666,18.510000228881836,18.049999237060547,18.190000534057617,596800
2005-11-11,13.797176361083984,18.59000015258789,18.600000381469727,18.3799991607666,18.3799991607666,341400
2005-11-14,13.78233528137207,18.56999969482422,18.6200008392334,18.344999313354492,18.594999313354492,325200
2005-11-15,13.678418159484863,18.43000030517578,18.625,18.3799991607666,18.540000915527344,426600
2005-11-16,13.704401969909668,18.46500015258789,18.5,18.3799991607666,18.440000534057617,328400
2005-11-17,13.804594039916992,18.600000381469727,18.655000686645508,18.399999618530273,18.46500015258789,269000
2005-11-18,13.860261917114258,18.674999237060547,18.75,18.545000076293945,18.674999237060547,254200
2005-11-21,13.871393203735352,18.690000534057617,18.7450008392334,18.540000915527344,18.649999618530273,297800
2005-11-22,13.875100135803223,18.69499969482422,18.7450008392334,18.625,18.684999465942383,190600
2005-11-23,13.823148727416992,18.625,18.725000381469727,18.565000534057617,18.625,123800
2005-11-25,13.904791831970215,18.735000610351562,18.75,18.645000457763672,18.684999465942383,51000
2005-11-28,13.767478942871094,18.549999237060547,18.774999618530273,18.40999984741211,18.75,289600
2005-11-29,13.797176361083984,18.59000015258789,18.760000228881836,18.475000381469727,18.549999237060547,479800
2005-11-30,13.65616226196289,18.399999618530273,18.780000686645508,18.34000015258789,18.625,370400
2005-12-01,13.867677688598633,18.684999465942383,18.690000534057617,18.5,18.5,875800
2005-12-02,14.030965805053711,18.905000686645508,18.93000030517578,18.600000381469727,18.684999465942383,341000
2005-12-05,13.949323654174805,18.795000076293945,18.84000015258789,18.56999969482422,18.825000762939453,271800
2005-12-06,14.101465225219727,19.0,19.049999237060547,18.725000381469727,18.875,274200
2005-12-07,14.127449035644531,19.03499984741211,19.18000030517578,18.834999084472656,18.875,475400
2005-12-08,13.967872619628906,18.81999969482422,19.049999237060547,18.690000534057617,19.0,198000
2005-12-09,13.91592025756836,18.75,18.84000015258789,18.604999542236328,18.81999969482422,206000
2005-12-12,13.89365291595459,18.719999313354492,18.78499984741211,18.639999389648438,18.75,257600
2005-12-13,14.262611389160156,19.135000228881836,19.309999465942383,18.610000610351562,18.610000610351562,721600
2005-12-14,14.232797622680664,19.094999313354492,19.235000610351562,18.94499969482422,19.135000228881836,374400
2005-12-15,14.165718078613281,19.0049991607666,19.110000610351562,18.895000457763672,19.100000381469727,258800
2005-12-16,14.143350601196289,18.975000381469727,19.05500030517578,18.975000381469727,19.010000228881836,288000
2005-12-19,13.904838562011719,18.655000686645508,19.010000228881836,18.645000457763672,19.0,489800
2005-12-20,13.901110649108887,18.649999618530273,18.815000534057617,18.579999923706055,18.65999984741211,240800
2005-12-21,13.901110649108887,18.649999618530273,18.799999237060547,18.645000457763672,18.649999618530273,386000
2005-12-22,14.206710815429688,19.059999465942383,19.059999465942383,18.600000381469727,18.674999237060547,201800
2005-12-23,14.482498168945312,19.43000030517578,19.459999084472656,19.084999084472656,19.084999084472656,269600
2005-12-27,14.385608673095703,19.299999237060547,19.545000076293945,19.209999084472656,19.415000915527344,204000
2005-12-28,14.501124382019043,19.454999923706055,19.475000381469727,19.385000228881836,19.385000228881836,256200
2005-12-29,14.489954948425293,19.440000534057617,19.75,19.399999618530273,19.575000762939453,236200
2005-12-30,14.292428016662598,19.174999237060547,19.46500015258789,19.165000915527344,19.350000381469727,168800
2006-01-03,15.2688570022583,20.485000610351562,21.0,19.290000915527344,19.290000915527344,2859400
2006-01-04,14.963258743286133,20.075000762939453,20.364999771118164,19.780000686645508,20.03499984741211,1344000
2006-01-05,14.963258743286133,20.075000762939453,20.184999465942383,19.9950008392334,20.075000762939453,520800
2006-01-06,14.858904838562012,19.934999465942383,20.110000610351562,19.854999542236328,20.100000381469727,541600
2006-01-09,14.873818397521973,19.954999923706055,20.0,19.700000762939453,19.825000762939453,544800
2006-01-10,14.840267181396484,19.90999984741211,20.0,19.78499984741211,19.899999618530273,353800
2006-01-11,14.780632972717285,19.829999923706055,19.93000030517578,19.809999465942383,19.90999984741211,235000
2006-01-12,14.762016296386719,19.80500030517578,19.9950008392334,19.764999389648438,19.834999084472656,242600
2006-01-13,14.769466400146484,19.815000534057617,19.985000610351562,19.795000076293945,19.809999465942383,143800
2006-01-17,14.83655071258545,19.905000686645508,19.950000762939453,19.700000762939453,19.75,194000
2006-01-18,14.73592472076416,19.770000457763672,19.90999984741211,19.614999771118164,19.850000381469727,214000
2006-01-19,14.888724327087402,19.975000381469727,20.0,19.7549991607666,19.809999465942383,173000
2006-01-20,14.471319198608398,19.415000915527344,19.969999313354492,19.415000915527344,19.969999313354492,234600
2006-01-23,14.724737167358398,19.7549991607666,19.899999618530273,19.43000030517578,19.43000030517578,253000
2006-01-24,14.996805191040039,20.1200008392334,20.200000762939453,19.780000686645508,19.780000686645508,411200
2006-01-25,14.73219108581543,19.764999389648438,20.325000762939453,19.684999465942383,20.125,322400
2006-01-26,15.816702842712402,21.219999313354492,21.424999237060547,20.28499984741211,20.5,2363000
2006-01-27,16.45398712158203,22.075000762939453,22.084999084472656,20.799999237060547,21.2450008392334,1186800
2006-01-30,16.163305282592773,21.684999465942383,22.075000762939453,21.68000030517578,22.075000762939453,962800
2006-01-31,16.312376022338867,21.885000228881836,21.885000228881836,21.670000076293945,21.674999237060547,717200
2006-02-01,16.39809799194336,22.0,22.079999923706055,21.774999618530273,21.78499984741211,725600
2006-02-02,16.822954177856445,22.56999969482422,23.225000381469727,22.0,22.0,1365600
2006-02-03,16.12602996826172,21.635000228881836,21.844999313354492,20.875,21.625,1451200
2006-02-06,16.42045783996582,22.030000686645508,22.100000381469727,21.625,21.635000228881836,747600
2006-02-07,16.148399353027344,21.665000915527344,22.014999389648438,21.594999313354492,21.959999084472656,488200
2006-02-08,16.14466667175293,21.65999984741211,21.729999542236328,21.424999237060547,21.690000534057617,533000
2006-02-09,15.935962677001953,21.3799991607666,21.885000228881836,21.329999923706055,21.6299991607666,586200
2006-02-10,16.11858367919922,21.625,21.735000610351562,21.219999313354492,21.350000381469727,335000
2006-02-13,15.932241439819336,21.375,21.549999237060547,20.875,21.549999237060547,1157400
2006-02-14,16.07386016845703,21.565000534057617,21.71500015258789,21.235000610351562,21.389999389648438,468000
2006-02-15,16.01422882080078,21.485000610351562,21.545000076293945,21.31999969482422,21.514999389648438,299800
2006-02-16,16.04404640197754,21.524999618530273,21.639999389648438,21.44499969482422,21.549999237060547,204600
2006-02-17,16.025407791137695,21.5,21.604999542236328,21.389999389648438,21.549999237060547,256800
2006-02-21,16.092496871948242,21.59000015258789,21.59000015258789,21.389999389648438,21.5,268400
2006-02-22,15.794349670410156,21.190000534057617,21.75,21.1299991607666,21.600000381469727,554200
2006-02-23,15.745895385742188,21.125,21.3700008392334,20.825000762939453,21.125,719600
2006-02-24,15.67508316040039,21.030000686645508,21.174999237060547,20.799999237060547,21.125,770000
2006-02-27,15.820433616638184,21.225000381469727,21.364999771118164,20.975000381469727,21.030000686645508,265000
2006-02-28,15.820433616638184,21.225000381469727,21.3700008392334,21.075000762939453,21.165000915527344,348200
2006-03-01,16.316097259521484,21.889999389648438,21.889999389648438,21.225000381469727,21.225000381469727,599000
2006-03-02,16.3831844329834,21.979999542236328,22.114999771118164,21.78499984741211,21.84000015258789,499200
2006-03-03,16.327289581298828,21.905000686645508,22.165000915527344,21.885000228881836,21.924999237060547,308600
2006-03-06,16.211748123168945,21.75,21.915000915527344,21.579999923706055,21.825000762939453,297800
2006-03-07,15.962055206298828,21.415000915527344,21.80500030517578,21.350000381469727,21.674999237060547,200200
2006-03-08,15.8241605758667,21.229999542236328,21.31999969482422,20.899999618530273,21.299999237060547,222400
2006-03-09,15.723535537719727,21.094999313354492,21.364999771118164,21.0,21.225000381469727,400000
2006-03-10,15.663915634155273,21.014999389648438,21.21500015258789,20.895000457763672,21.125,380800
2006-03-13,15.695707321166992,20.975000381469727,21.145000457763672,20.844999313354492,21.0,460800
2006-03-14,15.987539291381836,21.364999771118164,21.395000457763672,20.860000610351562,20.985000610351562,759400
2006-03-15,16.500131607055664,22.049999237060547,22.059999465942383,21.5,21.524999618530273,279400
2006-03-16,16.31680679321289,21.80500030517578,22.299999237060547,21.735000610351562,22.174999237060547,308400
2006-03-17,16.227006912231445,21.684999465942383,21.764999389648438,21.530000686645508,21.700000762939453,931800
2006-03-20,15.965095520019531,21.334999084472656,21.735000610351562,21.2549991607666,21.684999465942383,802200
2006-03-21,15.942642211914062,21.30500030517578,21.700000762939453,21.229999542236328,21.299999237060547,369000
2006-03-22,16.028696060180664,21.420000076293945,21.549999237060547,21.21500015258789,21.34000015258789,336000
2006-03-23,16.028696060180664,21.420000076293945,21.530000686645508,21.350000381469727,21.350000381469727,343000
2006-03-24,16.051156997680664,21.450000762939453,21.5,21.280000686645508,21.46500015258789,437800
2006-03-27,16.032445907592773,21.424999237060547,21.514999389648438,21.350000381469727,21.5,309600
2006-03-28,15.976314544677734,21.350000381469727,21.575000762939453,21.200000762939453,21.475000381469727,392400
2006-03-29,16.189590454101562,21.635000228881836,21.739999771118164,21.360000610351562,21.475000381469727,569800
2006-03-30,16.586196899414062,22.165000915527344,22.209999084472656,21.655000686645508,21.674999237060547,466800
2006-03-31,16.96782684326172,22.674999237060547,22.799999237060547,22.200000762939453,22.25,612000
2006-04-03,17.12871551513672,22.889999389648438,23.030000686645508,22.6299991607666,22.674999237060547,556800
2006-04-04,17.248451232910156,23.049999237060547,23.104999542236328,22.774999618530273,22.950000762939453,351800
2006-04-05,17.214771270751953,23.0049991607666,23.110000610351562,22.709999084472656,23.024999618530273,297400
2006-04-06,16.926664352416992,22.6200008392334,23.375,22.575000762939453,23.174999237060547,635800
2006-04-07,16.9827880859375,22.69499969482422,22.7450008392334,22.375,22.649999618530273,310600
2006-04-10,16.8443546295166,22.510000228881836,22.68000030517578,22.334999084472656,22.68000030517578,369800
2006-04-11,16.799457550048828,22.450000762939453,22.56999969482422,22.40999984741211,22.524999618530273,229000
2006-04-12,16.874286651611328,22.549999237060547,22.600000381469727,22.375,22.5,172000
2006-04-13,16.92292022705078,22.614999771118164,22.65999984741211,22.489999771118164,22.545000076293945,189000
2006-04-17,16.9827880859375,22.69499969482422,22.8799991607666,22.524999618530273,22.575000762939453,268600
2006-04-18,17.173612594604492,22.950000762939453,23.049999237060547,22.725000381469727,22.75,330600
2006-04-19,17.173612594604492,22.950000762939453,23.1200008392334,22.844999313354492,22.899999618530273,1023000
2006-04-20,17.510351181030273,23.399999618530273,23.53499984741211,22.924999237060547,22.924999237060547,411800
2006-04-21,17.386878967285156,23.235000610351562,23.5,22.954999923706055,23.450000762939453,475200
2006-04-24,17.47667121887207,23.354999542236328,23.354999542236328,23.0049991607666,23.200000762939453,290200
2006-04-25,17.641305923461914,23.575000762939453,23.81999969482422,23.344999313354492,23.354999542236328,512400
2006-04-26,18.299800872802734,24.454999923706055,25.399999618530273,24.149999618530273,24.375,1600200
2006-04-27,17.87702178955078,23.889999389648438,24.46500015258789,23.84000015258789,24.459999084472656,429200
2006-04-28,17.89198112487793,23.90999984741211,24.100000381469727,23.71500015258789,23.905000686645508,417600
2006-05-01,17.809669494628906,23.799999237060547,24.360000610351562,23.704999923706055,24.360000610351562,550600
2006-05-02,18.026676177978516,24.09000015258789,24.09000015258789,23.90999984741211,23.924999237060547,250800
2006-05-03,18.213754653930664,24.34000015258789,24.434999465942383,24.014999389648438,24.125,734800
2006-05-04,18.165115356445312,24.274999618530273,24.625,24.260000228881836,24.375,388400
2006-05-05,18.490625381469727,24.709999084472656,24.719999313354492,24.09000015258789,24.375,703400
2006-05-08,18.382123947143555,24.565000534057617,24.729999542236328,24.530000686645508,24.704999923706055,253600
2006-05-09,18.382123947143555,24.565000534057617,24.719999313354492,24.454999923706055,24.549999237060547,285000
2006-05-10,18.34844970703125,24.520000457763672,24.700000762939453,24.385000228881836,24.46500015258789,175600
2006-05-11,18.202529907226562,24.325000762939453,24.549999237060547,24.309999465942383,24.469999313354492,219000
2006-05-12,17.955589294433594,23.9950008392334,24.350000381469727,23.94499969482422,24.350000381469727,302000
2006-05-15,17.798444747924805,23.78499984741211,24.1200008392334,23.454999923706055,24.024999618530273,362400
2006-05-16,17.689943313598633,23.639999389648438,23.790000915527344,23.1299991607666,23.700000762939453,323200
2006-05-17,17.20728874206543,22.9950008392334,23.565000534057617,22.954999923706055,23.540000915527344,414400
2006-05-18,16.88925552368164,22.56999969482422,23.204999923706055,22.56999969482422,22.969999313354492,409600
2006-05-19,16.53006935119629,22.09000015258789,22.7450008392334,22.024999618530273,22.670000076293945,1260600
2006-05-22,16.30558204650879,21.790000915527344,22.065000534057617,21.604999542236328,22.0,1062800
2006-05-23,16.462718963623047,22.0,22.25,21.860000610351562,21.889999389648438,547800
2006-05-24,16.646055221557617,22.2450008392334,22.280000686645508,21.825000762939453,21.975000381469727,529000
2006-05-25,17.057619094848633,22.795000076293945,23.415000915527344,22.684999465942383,22.700000762939453,638000
2006-05-26,17.36443328857422,23.204999923706055,23.459999084472656,22.78499984741211,22.78499984741211,638200
2006-05-30,17.398099899291992,23.25,23.709999084472656,23.219999313354492,23.25,589200
2006-05-31,17.959335327148438,24.0,24.045000076293945,23.2450008392334,23.2450008392334,1085400
2006-06-01,18.187564849853516,24.30500030517578,24.6200008392334,24.020000457763672,24.049999237060547,916000
2006-06-02,18.23994255065918,24.375,24.700000762939453,24.19499969482422,24.25,548200
2006-06-05,17.86204719543457,23.8700008392334,24.450000762939453,23.790000915527344,24.375,357600
2006-06-06,17.753555297851562,23.725000381469727,23.899999618530273,23.450000762939453,23.895000457763672,269000
2006-06-07,17.398099899291992,23.25,23.65999984741211,23.170000076293945,23.375,327000
2006-06-08,17.263404846191406,23.06999969482422,23.25,22.274999618530273,23.174999237060547,420600
2006-06-09,17.098773956298828,22.850000381469727,23.125,22.684999465942383,22.75,518000
2006-06-12,16.690959930419922,22.30500030517578,22.844999313354492,22.30500030517578,22.75,316400
2006-06-13,16.730388641357422,22.274999618530273,22.56999969482422,21.920000076293945,22.149999618530273,620000
2006-06-14,16.87309455871582,22.46500015258789,22.5,22.0049991607666,22.280000686645508,473400
2006-06-15,17.63919448852539,23.485000610351562,23.524999618530273,22.375,22.469999313354492,556800
2006-06-16,17.545310974121094,23.360000610351562,23.815000534057617,23.25,23.600000381469727,489200
2006-06-19,17.12470054626465,22.799999237060547,23.350000381469727,22.690000534057617,23.350000381469727,339000
2006-06-20,17.13220977783203,22.809999465942383,22.915000915527344,22.649999618530273,22.899999618530273,458000
2006-06-21,17.402612686157227,23.170000076293945,23.399999618530273,22.665000915527344,22.725000381469727,292800
2006-06-22,17.244871139526367,22.959999084472656,23.145000457763672,22.799999237060547,23.100000381469727,351000
2006-06-23,17.500246047973633,23.299999237060547,23.514999389648438,22.625,22.875,456000
2006-06-26,17.616666793823242,23.454999923706055,23.514999389648438,23.274999618530273,23.450000762939453,433000
2006-06-27,17.338769912719727,23.084999084472656,23.665000915527344,23.0,23.450000762939453,441000
2006-06-28,17.271169662475586,22.9950008392334,23.350000381469727,22.979999542236328,23.350000381469727,642400
2006-06-29,17.868270874023438,23.790000915527344,23.790000915527344,23.010000228881836,23.010000228881836,489000
2006-06-30,17.980939865112305,23.940000534057617,23.989999771118164,23.610000610351562,23.674999237060547,408600
2006-07-03,18.04102897644043,24.020000457763672,24.075000762939453,23.854999542236328,23.940000534057617,120200
2006-07-05,17.631689071655273,23.475000381469727,24.020000457763672,23.309999465942383,24.020000457763672,416000
2006-07-06,17.71055030822754,23.579999923706055,23.704999923706055,23.40999984741211,23.524999618530273,222400
2006-07-07,17.582862854003906,23.40999984741211,23.709999084472656,23.375,23.5,207000
2006-07-10,17.672992706298828,23.530000686645508,23.71500015258789,23.440000534057617,23.450000762939453,223000
2006-07-11,17.413864135742188,23.184999465942383,23.625,22.975000381469727,23.549999237060547,534000
2006-07-12,17.38758659362793,23.149999618530273,23.524999618530273,23.100000381469727,23.274999618530273,234200
2006-07-13,16.955713272094727,22.575000762939453,23.155000686645508,22.485000610351562,23.049999237060547,350200
2006-07-14,16.880603790283203,22.475000381469727,22.635000228881836,22.204999923706055,22.625,214000
2006-07-17,16.62899398803711,22.139999389648438,22.59000015258789,22.100000381469727,22.565000534057617,185600
2006-07-18,17.105926513671875,22.774999618530273,22.8700008392334,22.229999542236328,22.25,382000
2006-07-19,17.53028678894043,23.34000015258789,23.424999237060547,22.78499984741211,22.850000381469727,730800
2006-07-20,17.13220977783203,22.809999465942383,23.424999237060547,22.799999237060547,23.34000015258789,423200
2006-07-21,16.93693733215332,22.549999237060547,22.829999923706055,22.325000762939453,22.774999618530273,362400
2006-07-24,17.143489837646484,22.825000762939453,22.915000915527344,22.375,22.55500030517578,474400
2006-07-25,18.855958938598633,25.104999542236328,25.405000686645508,23.280000686645508,23.350000381469727,2347800
2006-07-26,19.115076065063477,25.450000762939453,25.825000762939453,25.05500030517578,25.125,1562200
2006-07-27,18.589319229125977,24.75,25.5,24.719999313354492,25.44499969482422,814000
2006-07-28,18.754558563232422,24.969999313354492,25.295000076293945,24.760000228881836,24.760000228881836,611600
2006-07-31,18.9348087310791,25.209999084472656,25.25,24.829999923706055,24.899999618530273,646400
2006-08-01,18.89350128173828,25.155000686645508,25.4950008392334,25.010000228881836,25.204999923706055,364600
2006-08-02,19.24651527404785,25.625,25.75,24.94499969482422,25.149999618530273,628400
2006-08-03,19.471839904785156,25.924999237060547,26.030000686645508,25.174999237060547,25.6299991607666,478800
2006-08-04,19.791051864624023,26.350000381469727,26.584999084472656,26.075000762939453,26.100000381469727,1112000
2006-08-07,19.806076049804688,26.3700008392334,26.434999465942383,26.09000015258789,26.100000381469727,508400
2006-08-08,19.663360595703125,26.18000030517578,26.4950008392334,26.084999084472656,26.399999618530273,473600
2006-08-09,19.546951293945312,26.024999618530273,26.40999984741211,25.8799991607666,26.204999923706055,507400
2006-08-10,19.56572151184082,26.049999237060547,26.145000457763672,25.899999618530273,25.975000381469727,636000
2006-08-11,19.415510177612305,25.850000381469727,26.049999237060547,25.614999771118164,26.049999237060547,393200
2006-08-14,19.310359954833984,25.709999084472656,26.264999389648438,25.594999313354492,25.899999618530273,520000
2006-08-15,19.550708770751953,26.030000686645508,26.204999923706055,25.899999618530273,25.950000762939453,585600
2006-08-16,20.0501766204834,26.69499969482422,26.940000534057617,26.149999618530273,26.149999618530273,725200
2006-08-17,20.031404495239258,26.670000076293945,26.8700008392334,26.530000686645508,26.69499969482422,569000
2006-08-18,20.016366958618164,26.649999618530273,26.959999084472656,26.395000457763672,26.549999237060547,400800
2006-08-21,20.166597366333008,26.850000381469727,26.975000381469727,26.514999389648438,26.625,812200
2006-08-22,19.93000030517578,26.53499984741211,26.924999237060547,26.424999237060547,26.899999618530273,488800
2006-08-23,19.753496170043945,26.299999237060547,26.760000228881836,25.969999313354492,26.700000762939453,1021000
2006-08-24,19.633323669433594,26.139999389648438,26.530000686645508,25.940000534057617,26.424999237060547,983400
2006-08-25,19.82485008239746,26.395000457763672,26.510000228881836,26.135000228881836,26.149999618530273,601000
2006-08-28,20.339338302612305,27.079999923706055,27.229999542236328,26.5,26.5,809600
2006-08-29,20.515850067138672,27.315000534057617,27.44499969482422,26.94499969482422,27.200000762939453,1228400
2006-08-30,20.688608169555664,27.545000076293945,27.895000457763672,27.3799991607666,27.434999465942383,1211200
2006-08-31,20.61724090576172,27.450000762939453,27.530000686645508,26.549999237060547,26.56999969482422,1267400
2006-09-01,20.688608169555664,27.545000076293945,27.75,27.3799991607666,27.450000762939453,577800
2006-09-05,20.88011360168457,27.799999237060547,27.84000015258789,27.5,27.700000762939453,568400
2006-09-06,20.636022567749023,27.475000381469727,27.795000076293945,27.354999542236328,27.795000076293945,399600
2006-09-07,20.316810607910156,27.049999237060547,27.454999923706055,26.985000610351562,27.399999618530273,466400
2006-09-08,20.463274002075195,27.2450008392334,27.450000762939453,26.729999542236328,27.100000381469727,451000
2006-09-11,19.903709411621094,26.5,27.25,26.415000915527344,27.25,541000
2006-09-12,20.12904167175293,26.799999237060547,26.96500015258789,25.6200008392334,26.09000015258789,1349800
2006-09-13,20.053682327270508,26.610000610351562,26.875,26.475000381469727,26.700000762939453,699000
2006-09-14,20.35512351989746,27.010000228881836,27.165000915527344,26.489999771118164,26.625,479200
2006-09-15,20.38526725769043,27.049999237060547,27.260000228881836,26.905000686645508,27.075000762939453,563800
2006-09-18,20.581205368041992,27.309999465942383,27.43000030517578,26.815000534057617,26.975000381469727,773200
2006-09-19,20.777145385742188,27.56999969482422,27.600000381469727,27.03499984741211,27.299999237060547,981600
2006-09-20,21.131343841552734,28.040000915527344,28.079999923706055,27.399999618530273,27.674999237060547,616000
2006-09-21,20.85626983642578,27.674999237060547,28.2549991607666,27.649999618530273,28.25,847600
2006-09-22,20.837434768676758,27.649999618530273,27.774999618530273,27.454999923706055,27.600000381469727,552200
2006-09-25,20.886417388916016,27.71500015258789,27.864999771118164,26.985000610351562,27.649999618530273,666200
2006-09-26,20.76207160949707,27.549999237060547,27.780000686645508,27.15999984741211,27.780000686645508,530200
2006-09-27,20.81859588623047,27.625,27.770000457763672,27.434999465942383,27.524999618530273,551600
2006-09-28,20.60004997253418,27.334999084472656,27.65999984741211,27.2549991607666,27.6299991607666,840600
2006-09-29,20.47193717956543,27.165000915527344,27.399999618530273,27.084999084472656,27.334999084472656,609000
2006-10-02,20.55106544494629,27.270000457763672,27.4950008392334,26.799999237060547,27.024999618530273,457800
2006-10-03,20.35135841369629,27.0049991607666,27.389999389648438,27.0,27.274999618530273,352400
2006-10-04,20.498306274414062,27.200000762939453,27.389999389648438,26.799999237060547,26.975000381469727,649000
2006-10-05,20.814828872680664,27.6200008392334,27.635000228881836,27.100000381469727,27.100000381469727,406400
2006-10-06,21.01453399658203,27.885000228881836,28.075000762939453,27.46500015258789,27.625,602400
2006-10-09,21.10873794555664,28.010000228881836,28.09000015258789,27.625,27.885000228881836,383800
2006-10-10,21.025842666625977,27.899999618530273,28.174999237060547,27.729999542236328,28.049999237060547,330000
2006-10-11,20.875118255615234,27.700000762939453,27.959999084472656,27.5,27.799999237060547,380800
2006-10-12,21.27075958251953,28.225000381469727,28.334999084472656,27.799999237060547,27.799999237060547,382800
2006-10-13,21.214244842529297,28.149999618530273,28.329999923706055,27.915000915527344,28.125,357800
2006-10-16,21.36496353149414,28.350000381469727,28.450000762939453,28.229999542236328,28.25,394200
2006-10-17,20.931638717651367,27.774999618530273,28.31999969482422,27.68000030517578,28.299999237060547,632600
2006-10-18,21.071062088012695,27.959999084472656,28.030000686645508,27.43000030517578,27.799999237060547,1052200
2006-10-19,23.086971282958984,30.635000228881836,32.75,29.850000381469727,30.530000686645508,4569600
2006-10-20,23.267839431762695,30.875,31.049999237060547,30.200000762939453,30.674999237060547,879000
2006-10-23,23.388416290283203,31.03499984741211,31.704999923706055,30.954999923706055,31.0,1485600
2006-10-24,23.3281307220459,30.954999923706055,31.1299991607666,30.780000686645508,30.924999237060547,946400
2006-10-25,23.211318969726562,30.799999237060547,31.024999618530273,30.6299991607666,30.975000381469727,596000
2006-10-26,23.475080490112305,31.149999618530273,31.274999618530273,30.93000030517578,30.975000381469727,1032800
2006-10-27,23.761465072631836,31.530000686645508,32.38999938964844,30.975000381469727,31.145000457763672,1151600
2006-10-30,24.492464065551758,32.5,32.97999954223633,31.75,31.75,1832400
2006-10-31,24.503765106201172,32.51499938964844,33.224998474121094,32.21500015258789,32.625,1271400
2006-11-01,24.002614974975586,31.850000381469727,33.07500076293945,31.81999969482422,32.95000076293945,801400
2006-11-02,24.08928680419922,31.96500015258789,32.29999923706055,31.799999237060547,31.799999237060547,694000
2006-11-03,24.153339385986328,32.04999923706055,32.400001525878906,31.90999984741211,32.224998474121094,593400
2006-11-06,24.5828914642334,32.619998931884766,32.70000076293945,31.975000381469727,32.125,538000
2006-11-07,24.492464065551758,32.5,33.15999984741211,32.45500183105469,32.75,580000
2006-11-08,24.420869827270508,32.404998779296875,32.79999923706055,32.20000076293945,32.5,786000
2006-11-09,24.680866241455078,32.75,33.08000183105469,32.474998474121094,32.5,718000
2006-11-10,24.89188575744629,33.029998779296875,33.29999923706055,32.875,32.875,739400
2006-11-13,25.438251495361328,33.755001068115234,33.810001373291016,33.26499938964844,33.26499938964844,1079600
2006-11-14,25.366661071777344,33.65999984741211,33.79999923706055,33.44499969482422,33.7599983215332,572400
2006-11-15,25.622888565063477,34.0,34.20000076293945,33.7400016784668,33.775001525878906,423200
2006-11-16,25.298830032348633,33.56999969482422,33.880001068115234,33.2599983215332,33.875,618400
2006-11-17,25.750995635986328,34.16999816894531,34.16999816894531,33.61000061035156,33.61000061035156,575800
2006-11-20,26.195636749267578,34.7599983215332,35.064998626708984,34.28499984741211,34.44499969482422,1177800
2006-11-21,26.244606018066406,34.82500076293945,34.85499954223633,34.224998474121094,34.76499938964844,490800
2006-11-22,26.286067962646484,34.880001068115234,35.040000915527344,34.625,34.900001525878906,423000
2006-11-24,26.312448501586914,34.915000915527344,34.94499969482422,34.69499969482422,34.755001068115234,104000
2006-11-27,25.841428756713867,34.290000915527344,34.95000076293945,34.20500183105469,34.95000076293945,986400
2006-11-28,25.735919952392578,34.150001525878906,34.31999969482422,33.86000061035156,34.27000045776367,654600
2006-11-29,26.157947540283203,34.709999084472656,34.80500030517578,34.244998931884766,34.275001525878906,534200
2006-11-30,26.27852439880371,34.869998931884766,34.95000076293945,34.494998931884766,34.75,528800
2006-12-01,26.742002487182617,35.48500061035156,36.04999923706055,34.9900016784668,35.0,1437000
2006-12-04,26.862577438354492,35.64500045776367,35.95000076293945,35.54499816894531,35.875,919800
2006-12-05,27.088661193847656,35.94499969482422,36.18000030517578,35.654998779296875,35.75,460600
2006-12-06,27.035903930664062,35.875,36.13999938964844,35.75,35.75,427400
2006-12-07,27.14143180847168,36.01499938964844,36.16999816894531,35.8849983215332,35.8849983215332,427200
2006-12-08,27.54837989807129,36.55500030517578,36.59000015258789,35.779998779296875,36.0,794000
2006-12-11,27.61997413635254,36.650001525878906,37.345001220703125,36.48500061035156,37.125,934800
2006-12-12,27.36373519897461,36.310001373291016,36.650001525878906,36.05500030517578,36.650001525878906,537200
2006-12-13,27.552602767944336,36.470001220703125,36.59000015258789,36.345001220703125,36.345001220703125,703600
2006-12-14,27.688602447509766,36.650001525878906,36.779998779296875,36.54999923706055,36.55500030517578,702800
2006-12-15,27.314624786376953,36.154998779296875,36.625,36.1349983215332,36.625,729000
2006-12-18,27.027544021606445,35.775001525878906,36.290000915527344,35.685001373291016,36.154998779296875,551800
2006-12-19,27.18996810913086,35.9900016784668,36.18000030517578,35.435001373291016,35.599998474121094,961600
2006-12-20,27.231531143188477,36.04499816894531,36.310001373291016,36.0,36.025001525878906,514400
2006-12-21,27.03887367248535,35.790000915527344,36.224998474121094,35.790000915527344,36.150001525878906,357800
2006-12-22,26.9331111907959,35.650001525878906,35.849998474121094,35.345001220703125,35.79999923706055,288000
2006-12-26,27.45060920715332,36.334999084472656,36.470001220703125,35.71500015258789,35.900001525878906,307200
2006-12-27,27.68103790283203,36.63999938964844,36.73500061035156,36.06999969482422,36.18000030517578,272000
2006-12-28,27.32594871520996,36.16999816894531,36.70000076293945,36.07500076293945,36.70000076293945,373400
2006-12-29,27.121986389160156,35.900001525878906,36.4900016784668,35.8650016784668,36.04999923706055,321800
2007-01-03,27.18996810913086,35.9900016784668,37.005001068115234,35.79999923706055,36.5,1000600
2007-01-04,27.065326690673828,35.82500076293945,36.0,35.6349983215332,36.0,666400
2007-01-05,26.59314727783203,35.20000076293945,35.900001525878906,35.189998626708984,35.3849983215332,980000
2007-01-08,26.45716094970703,35.02000045776367,35.04999923706055,34.02000045776367,35.025001525878906,1388200
2007-01-09,26.61202049255371,35.224998474121094,35.255001068115234,34.845001220703125,35.150001525878906,520000
2007-01-10,26.74422836303711,35.400001525878906,35.525001525878906,34.95500183105469,35.125,409600
2007-01-11,27.303293228149414,36.13999938964844,36.310001373291016,35.474998474121094,35.5,520400
2007-01-12,27.673490524291992,36.630001068115234,36.65999984741211,36.064998626708984,36.13999938964844,354200
2007-01-16,27.66592788696289,36.619998931884766,37.1349983215332,36.43000030517578,36.92499923706055,434800
2007-01-17,27.711261749267578,36.68000030517578,36.744998931884766,36.51499938964844,36.564998626708984,393200
2007-01-18,27.503501892089844,36.404998779296875,36.720001220703125,36.279998779296875,36.70000076293945,871200
2007-01-19,27.46194076538086,36.349998474121094,36.494998931884766,36.099998474121094,36.310001373291016,403400
2007-01-22,27.288188934326172,36.119998931884766,36.625,35.849998474121094,36.625,716400
2007-01-23,27.288188934326172,36.119998931884766,36.45000076293945,35.88999938964844,35.95000076293945,898400
2007-01-24,29.09001922607422,38.505001068115234,39.029998779296875,37.150001525878906,37.150001525878906,2271600
2007-01-25,29.263805389404297,38.73500061035156,39.21500015258789,38.53499984741211,38.619998931884766,1392600
2007-01-26,29.259998321533203,38.72999954223633,39.0,38.52000045776367,38.95000076293945,615200
2007-01-29,29.531984329223633,39.09000015258789,39.165000915527344,38.63999938964844,38.72999954223633,799400
2007-01-30,29.66040802001953,39.2599983215332,39.459999084472656,38.94499969482422,39.189998626708984,600400
2007-01-31,29.4564266204834,38.9900016784668,39.32500076293945,38.64500045776367,39.32500076293945,580600
2007-02-01,29.93617820739746,39.625,39.63999938964844,39.005001068115234,39.25,654800
2007-02-02,29.82284927368164,39.474998474121094,39.564998626708984,38.95500183105469,39.45000076293945,502000
2007-02-05,30.132598876953125,39.8849983215332,39.8849983215332,39.3650016784668,39.57500076293945,627000
2007-02-06,30.623676300048828,40.53499984741211,40.650001525878906,39.91999816894531,39.91999816894531,1139200
2007-02-07,31.12604522705078,41.20000076293945,41.20000076293945,40.69499969482422,40.744998931884766,1169200
2007-02-08,31.537818908691406,41.744998931884766,41.89500045776367,41.25,41.5,1339400
2007-02-09,30.89186668395996,40.88999938964844,41.744998931884766,40.84000015258789,41.744998931884766,839600
2007-02-12,31.024070739746094,41.064998626708984,41.22999954223633,40.95500183105469,41.0,654400
2007-02-13,31.484920501708984,41.67499923706055,41.68000030517578,40.70500183105469,40.974998474121094,857000
2007-02-14,31.537818908691406,41.744998931884766,42.3849983215332,41.619998931884766,41.845001220703125,678800
2007-02-15,31.345165252685547,41.4900016784668,41.880001068115234,41.38999938964844,41.67499923706055,720000
2007-02-16,31.496248245239258,41.689998626708984,41.76499938964844,41.44499969482422,41.505001068115234,705800
2007-02-20,31.790904998779297,42.08000183105469,42.125,41.42499923706055,41.57500076293945,693400
2007-02-21,32.52370834350586,43.04999923706055,43.04999923706055,42.17499923706055,42.17499923706055,994200
2007-02-22,32.18375778198242,42.599998474121094,43.244998931884766,42.27000045776367,43.150001525878906,547000
2007-02-23,32.266841888427734,42.709999084472656,42.8849983215332,42.04999923706055,42.5,770800
2007-02-26,32.270633697509766,42.71500015258789,43.2599983215332,42.584999084472656,42.994998931884766,702400
2007-02-27,30.876752853393555,40.869998931884766,41.92499923706055,39.875,41.92499923706055,1251600
2007-02-28,30.959850311279297,40.97999954223633,41.40999984741211,40.439998626708984,40.869998931884766,854000
2007-03-01,30.956083297729492,40.974998474121094,41.32500076293945,39.380001068115234,40.92499923706055,1348200
2007-03-02,30.90697479248047,40.90999984741211,41.56999969482422,40.61000061035156,40.959999084472656,932400
2007-03-05,30.04570770263672,39.77000045776367,41.279998779296875,39.77000045776367,40.25,1276200
2007-03-06,30.65766716003418,40.58000183105469,40.90999984741211,39.38999938964844,39.779998779296875,1227500
2007-03-07,30.71809196472168,40.65999984741211,41.349998474121094,40.4900016784668,40.599998474121094,1084500
2007-03-08,31.005178451538086,41.040000915527344,41.63999938964844,40.880001068115234,41.099998474121094,662900
2007-03-09,31.148712158203125,41.22999954223633,41.25,40.459999084472656,41.20000076293945,588600
2007-03-12,32.19884490966797,42.619998931884766,42.939998626708984,41.45000076293945,41.45000076293945,1039900
2007-03-13,31.096900939941406,41.060001373291016,42.709999084472656,41.04999923706055,42.5099983215332,937700
2007-03-14,31.036314010620117,40.97999954223633,41.79999923706055,40.2599983215332,41.25,972300
2007-03-15,31.604331970214844,41.72999954223633,41.970001220703125,40.9900016784668,41.0,453200
2007-03-16,31.2862491607666,41.310001373291016,42.029998779296875,41.20000076293945,41.83000183105469,409700
2007-03-19,31.6649227142334,41.810001373291016,42.029998779296875,41.56999969482422,41.66999816894531,417300
2007-03-20,31.377124786376953,41.43000030517578,41.79999923706055,41.290000915527344,41.79999923706055,1009900
2007-03-21,31.361967086791992,41.40999984741211,41.58000183105469,40.880001068115234,41.310001373291016,1273200
2007-03-22,31.028738021850586,40.970001220703125,41.5,40.81999969482422,41.400001525878906,997100
2007-03-23,30.831838607788086,40.709999084472656,41.04999923706055,40.63999938964844,40.810001373291016,632400
2007-03-26,30.998443603515625,40.93000030517578,41.18000030517578,40.33000183105469,40.90999984741211,917100
2007-03-27,31.619483947753906,41.75,41.869998931884766,40.650001525878906,40.88999938964844,1163100
2007-03-28,31.339252471923828,41.380001068115234,41.81999969482422,41.29999923706055,41.75,694000
2007-03-29,31.604331970214844,41.72999954223633,41.95000076293945,41.33000183105469,41.61000061035156,805900
2007-03-30,31.30896759033203,41.34000015258789,42.040000915527344,40.91999816894531,41.900001525878906,754000
2007-04-02,31.8239688873291,42.02000045776367,42.18000030517578,41.52000045776367,41.52000045776367,702100
2007-04-03,32.157203674316406,42.459999084472656,42.689998626708984,42.20000076293945,42.20000076293945,474800
2007-04-04,32.31624221801758,42.66999816894531,42.869998931884766,42.470001220703125,42.599998474121094,674000
2007-04-05,32.422279357910156,42.810001373291016,42.970001220703125,42.68000030517578,42.70000076293945,303100
2007-04-09,32.61160659790039,43.060001373291016,43.31999969482422,42.849998474121094,43.0,332000
2007-04-10,32.52830123901367,42.95000076293945,43.40999984741211,42.790000915527344,43.13999938964844,501700
2007-04-11,32.32381820678711,42.68000030517578,43.13999938964844,42.29999923706055,43.040000915527344,387200
2007-04-12,32.7327995300293,43.220001220703125,43.22999954223633,42.54999923706055,42.54999923706055,424300
2007-04-13,32.59645462036133,43.040000915527344,43.75,42.619998931884766,43.38999938964844,370100
2007-04-16,32.99783706665039,43.56999969482422,43.68000030517578,43.040000915527344,43.189998626708984,310700
2007-04-17,33.2932243347168,43.959999084472656,43.959999084472656,43.54999923706055,43.75,453400
2007-04-18,32.914554595947266,43.459999084472656,44.810001373291016,43.2599983215332,44.810001373291016,562800
2007-04-19,32.687339782714844,43.15999984741211,43.47999954223633,42.79999923706055,43.290000915527344,659800
2007-04-20,33.0963134765625,43.70000076293945,43.7400016784668,43.16999816894531,43.45000076293945,345800
2007-04-23,33.38410186767578,44.08000183105469,44.15999984741211,43.400001525878906,43.70000076293945,476000
2007-04-24,30.61220359802246,40.41999816894531,44.08000183105469,39.29999923706055,44.08000183105469,3501700
2007-04-25,32.41470718383789,42.79999923706055,42.88999938964844,41.099998474121094,42.5,1777400
2007-04-26,32.058738708496094,42.33000183105469,42.689998626708984,42.08000183105469,42.43000030517578,688200
2007-04-27,32.10418701171875,42.38999938964844,42.5,42.0,42.029998779296875,712200
2007-04-30,32.149627685546875,42.45000076293945,42.709999084472656,42.11000061035156,42.27000045776367,842100
2007-05-01,32.179927825927734,42.4900016784668,42.70000076293945,42.04999923706055,42.400001525878906,633700
2007-05-02,31.922420501708984,42.150001525878906,42.88999938964844,42.09000015258789,42.349998474121094,747400
2007-05-03,32.24809646606445,42.58000183105469,43.08000183105469,42.25,42.29999923706055,833100
2007-05-04,32.058738708496094,42.33000183105469,42.75,42.150001525878906,42.75,537800
2007-05-07,31.808809280395508,42.0,42.54999923706055,41.77000045776367,42.33000183105469,891800
2007-05-08,31.808809280395508,42.0,42.0,41.119998931884766,41.900001525878906,643700
2007-05-09,32.255653381347656,42.59000015258789,42.63999938964844,41.7400016784668,41.939998626708984,498500
2007-05-10,31.240800857543945,41.25,42.31999969482422,41.220001220703125,42.31999969482422,660300
2007-05-11,31.55889320373535,41.66999816894531,41.66999816894531,41.20000076293945,41.31999969482422,458400
2007-05-14,31.399845123291016,41.459999084472656,42.099998474121094,41.220001220703125,41.5,389400
2007-05-15,31.339252471923828,41.380001068115234,42.189998626708984,41.36000061035156,41.41999816894531,508900
2007-05-16,31.649763107299805,41.790000915527344,41.790000915527344,41.099998474121094,41.38999938964844,509300
2007-05-17,31.8239688873291,42.02000045776367,42.25,41.56999969482422,41.7599983215332,617500
2007-05-18,32.32381820678711,42.68000030517578,42.68000030517578,42.150001525878906,42.20000076293945,778700
2007-05-21,32.331398010253906,42.689998626708984,43.279998779296875,42.619998931884766,42.880001068115234,855700
2007-05-22,32.422279357910156,42.810001373291016,43.13999938964844,42.650001525878906,42.75,590700
2007-05-23,31.983001708984375,42.22999954223633,43.150001525878906,42.09000015258789,43.0,511300
2007-05-24,30.67279052734375,40.5,42.310001373291016,40.470001220703125,42.150001525878906,925700
2007-05-25,30.877277374267578,40.77000045776367,40.880001068115234,39.29999923706055,39.75,810000
2007-05-29,31.14234733581543,41.119998931884766,41.2599983215332,40.689998626708984,40.720001220703125,735100
2007-05-30,31.65732765197754,41.79999923706055,41.79999923706055,40.619998931884766,41.0,836800
2007-05-31,30.778820037841797,40.63999938964844,42.0,40.63999938964844,42.0,1920400
2007-06-01,31.377124786376953,41.43000030517578,41.52000045776367,40.849998474121094,40.849998474121094,955300
2007-06-04,31.589176177978516,41.709999084472656,41.75,41.2400016784668,41.25,596200
2007-06-05,31.58161163330078,41.70000076293945,41.959999084472656,41.36000061035156,41.36000061035156,374000
2007-06-06,31.157482147216797,41.13999938964844,41.68000030517578,40.810001373291016,41.5,546700
2007-06-07,30.498600006103516,40.27000045776367,41.18000030517578,40.02000045776367,40.869998931884766,866600
2007-06-08,30.445589065551758,40.20000076293945,40.40999984741211,39.790000915527344,40.08000183105469,702200
2007-06-11,30.4228572845459,40.16999816894531,40.31999969482422,39.84000015258789,40.04999923706055,519100
2007-06-12,29.80181884765625,39.349998474121094,40.060001373291016,39.16999816894531,39.869998931884766,732300
2007-06-13,30.19290542602539,39.7599983215332,39.959999084472656,39.43000030517578,39.540000915527344,968900
2007-06-14,30.147357940673828,39.70000076293945,40.099998474121094,39.33000183105469,39.75,916100
2007-06-15,30.276437759399414,39.869998931884766,40.16999816894531,39.77000045776367,39.95000076293945,835800
2007-06-18,29.296831130981445,38.58000183105469,39.79999923706055,38.2599983215332,39.79999923706055,1639000
2007-06-19,28.415971755981445,37.41999816894531,38.08000183105469,36.5,37.599998474121094,2921400
2007-06-20,28.279277801513672,37.2400016784668,38.099998474121094,37.150001525878906,37.20000076293945,2211900
2007-06-21,28.621002197265625,37.689998626708984,38.0,37.0,37.70000076293945,1567500
2007-06-22,29.114591598510742,38.34000015258789,39.529998779296875,38.130001068115234,38.5,1931900
2007-06-25,28.643783569335938,37.720001220703125,38.36000061035156,37.619998931884766,38.0099983215332,1086800
2007-06-26,28.70452308654785,37.79999923706055,38.20000076293945,37.470001220703125,37.810001373291016,1073600
2007-06-27,29.09939193725586,38.31999969482422,38.41999816894531,37.41999816894531,37.45000076293945,971100
2007-06-28,29.243682861328125,38.5099983215332,38.93000030517578,38.310001373291016,38.90999984741211,995400
2007-06-29,29.258874893188477,38.529998779296875,39.099998474121094,38.310001373291016,38.56999969482422,853800
2007-07-02,29.494291305541992,38.84000015258789,39.40999984741211,38.41999816894531,38.869998931884766,647800
2007-07-03,29.790447235107422,39.22999954223633,39.33000183105469,38.68000030517578,38.86000061035156,456000
2007-07-05,30.6561279296875,40.369998931884766,41.15999984741211,40.11000061035156,41.15999984741211,1262200
2007-07-06,30.62575912475586,40.33000183105469,40.400001525878906,39.880001068115234,40.130001068115234,793400
2007-07-09,30.982675552368164,40.79999923706055,40.900001525878906,40.29999923706055,40.38999938964844,878700
2007-07-10,30.84598731994629,40.619998931884766,40.86000061035156,40.34000015258789,40.79999923706055,1244800
2007-07-11,31.028240203857422,40.86000061035156,40.90999984741211,40.5,40.5,1218800
2007-07-12,31.688879013061523,41.72999954223633,41.72999954223633,40.810001373291016,40.91999816894531,895700
2007-07-13,32.31918716430664,42.560001373291016,42.63999938964844,41.25,41.529998779296875,1155500
2007-07-16,31.666112899780273,41.70000076293945,42.43000030517578,41.54999923706055,42.369998931884766,760300
2007-07-17,32.06098556518555,42.220001220703125,42.439998626708984,41.58000183105469,41.79999923706055,969700
2007-07-18,32.16730499267578,42.36000061035156,42.529998779296875,41.66999816894531,42.11000061035156,828300
2007-07-19,31.916704177856445,42.029998779296875,42.61000061035156,41.939998626708984,42.43000030517578,575600
2007-07-20,31.97745132446289,42.11000061035156,42.40999984741211,41.310001373291016,41.900001525878906,638100
2007-07-23,31.438295364379883,41.400001525878906,42.25,41.33000183105469,42.209999084472656,888800
2007-07-24,30.883941650390625,40.66999816894531,41.27000045776367,40.36000061035156,40.95000076293945,769100
2007-07-25,31.605350494384766,41.619998931884766,42.119998931884766,40.61000061035156,40.75,1772900
2007-07-26,30.982675552368164,40.79999923706055,41.70000076293945,40.2400016784668,41.70000076293945,1449200
2007-07-27,30.284042358398438,39.880001068115234,40.75,39.720001220703125,40.709999084472656,1159500
2007-07-30,30.344778060913086,39.959999084472656,40.119998931884766,39.0,39.75,1465300
2007-07-31,30.549806594848633,40.22999954223633,41.209999084472656,39.970001220703125,40.20000076293945,966800
2007-08-01,30.63336181640625,40.34000015258789,40.65999984741211,39.56999969482422,40.02000045776367,935500
2007-08-02,30.23086929321289,39.810001373291016,40.470001220703125,39.56999969482422,40.45000076293945,821500
2007-08-03,28.909557342529297,38.06999969482422,39.900001525878906,38.06999969482422,39.88999938964844,828300
2007-08-06,29.122175216674805,38.349998474121094,38.470001220703125,37.290000915527344,38.349998474121094,701300
2007-08-07,28.72730827331543,37.83000183105469,38.2400016784668,37.400001525878906,38.06999969482422,1404900
2007-08-08,28.210947036743164,37.150001525878906,39.290000915527344,34.2400016784668,37.599998474121094,2644900
2007-08-09,26.66179656982422,35.11000061035156,36.29999923706055,34.540000915527344,36.20000076293945,2257200
2007-08-10,28.636188507080078,37.709999084472656,38.77000045776367,32.91999816894531,34.599998474121094,2068500
2007-08-13,29.06144142150879,38.27000045776367,39.779998779296875,38.0,38.0,1253300
2007-08-14,28.0286922454834,36.90999984741211,38.84000015258789,36.84000015258789,38.290000915527344,896800
2007-08-15,27.26170539855957,35.900001525878906,37.36000061035156,35.86000061035156,36.75,817300
2007-08-16,26.692176818847656,35.150001525878906,35.880001068115234,34.130001068115234,35.599998474121094,1118300
2007-08-17,27.208560943603516,35.83000183105469,37.5,35.16999816894531,37.0,1076500
2007-08-20,28.165361404418945,37.09000015258789,37.43000030517578,35.47999954223633,35.75,684500
2007-08-21,28.12740135192871,37.040000915527344,37.33000183105469,36.470001220703125,36.7599983215332,489300
2007-08-22,28.84121322631836,37.97999954223633,38.22999954223633,37.099998474121094,37.41999816894531,647500
2007-08-23,28.856412887573242,38.0,38.220001220703125,37.599998474121094,37.97999954223633,535200
2007-08-24,29.448719024658203,38.779998779296875,38.779998779296875,37.599998474121094,37.88999938964844,335400
2007-08-27,29.334823608398438,38.630001068115234,38.84000015258789,37.970001220703125,38.5099983215332,547800
2007-08-28,29.008272171020508,38.20000076293945,38.619998931884766,38.18000030517578,38.45000076293945,540400
2007-08-29,30.284042358398438,39.880001068115234,40.04999923706055,38.5099983215332,38.5099983215332,845500
2007-08-30,30.223285675048828,39.79999923706055,40.02000045776367,39.40999984741211,39.58000183105469,1001600
2007-08-31,30.73207664489746,40.470001220703125,41.0,39.91999816894531,40.220001220703125,760500
2007-09-04,30.770023345947266,40.52000045776367,41.040000915527344,39.939998626708984,40.25,503200
2007-09-05,30.838382720947266,40.61000061035156,40.849998474121094,39.880001068115234,39.880001068115234,706200
2007-09-06,31.559789657592773,41.560001373291016,41.56999969482422,40.5,40.650001525878906,685600
2007-09-07,30.754844665527344,40.5,41.0099983215332,40.08000183105469,40.900001525878906,826300
2007-09-10,28.886770248413086,38.040000915527344,40.599998474121094,38.040000915527344,40.5,1274900
2007-09-11,30.003070831298828,39.5099983215332,39.709999084472656,38.15999984741211,38.27000045776367,896100
2007-09-12,29.397741317749023,38.61000061035156,39.61000061035156,38.4900016784668,39.36000061035156,658500
2007-09-13,28.887605667114258,37.939998626708984,38.95000076293945,37.40999984741211,38.70000076293945,1044500
2007-09-14,29.740373611450195,39.060001373291016,39.310001373291016,37.560001373291016,37.650001525878906,864100
2007-09-17,29.930747985839844,39.310001373291016,39.779998779296875,38.459999084472656,38.72999954223633,1180900
2007-09-18,31.407855987548828,41.25,41.68000030517578,39.099998474121094,39.5,1118600
2007-09-19,31.940839767456055,41.95000076293945,42.93000030517578,41.369998931884766,41.650001525878906,1198800
2007-09-20,32.43574523925781,42.599998474121094,42.900001525878906,41.52000045776367,41.79999923706055,1252100
2007-09-21,32.48905563354492,42.66999816894531,43.18000030517578,42.400001525878906,43.16999816894531,1256200
2007-09-24,31.84185791015625,41.81999969482422,42.38999938964844,41.59000015258789,42.33000183105469,617200
2007-09-25,31.773319244384766,41.72999954223633,41.849998474121094,40.95000076293945,41.22999954223633,766800
2007-09-26,34.263118743896484,45.0,45.400001525878906,42.029998779296875,42.209999084472656,1488300
2007-09-27,34.400184631347656,45.18000030517578,48.84000015258789,44.90999984741211,46.5,2098600
2007-09-28,33.653995513916016,44.20000076293945,45.22999954223633,43.9900016784668,45.22999954223633,816100
2007-10-01,33.56263732910156,44.08000183105469,45.040000915527344,43.93000030517578,44.20000076293945,937500
2007-10-02,33.77581787109375,44.36000061035156,45.220001220703125,44.16999816894531,44.5,783200
2007-10-03,33.57024002075195,44.09000015258789,44.54999923706055,43.81999969482422,44.29999923706055,643900
2007-10-04,33.501712799072266,44.0,44.720001220703125,43.599998474121094,44.29999923706055,717100
2007-10-05,34.011844635009766,44.66999816894531,44.88999938964844,43.849998474121094,44.4900016784668,696700
2007-10-08,33.37989044189453,43.84000015258789,44.689998626708984,43.70000076293945,44.66999816894531,351200
2007-10-09,33.87480163574219,44.4900016784668,44.5,43.86000061035156,44.06999969482422,553100
2007-10-10,35.8011474609375,47.02000045776367,47.2400016784668,44.459999084472656,44.4900016784668,1343100
2007-10-11,36.296058654785156,47.66999816894531,48.2400016784668,46.79999923706055,47.27000045776367,1065500
2007-10-12,36.21992874145508,47.56999969482422,48.25,47.189998626708984,47.81999969482422,1504700
2007-10-15,35.80876541137695,47.029998779296875,48.369998931884766,46.58000183105469,47.900001525878906,788200
2007-10-16,34.529605865478516,45.349998474121094,47.189998626708984,45.209999084472656,47.029998779296875,1172000
2007-10-17,35.45090866088867,46.560001373291016,47.310001373291016,46.04999923706055,46.45000076293945,869800
2007-10-18,35.4585075378418,46.56999969482422,46.900001525878906,46.04999923706055,46.290000915527344,573400
2007-10-19,35.428070068359375,46.529998779296875,46.900001525878906,46.13999938964844,46.4900016784668,948100
2007-10-22,36.25798034667969,47.619998931884766,47.68000030517578,45.25,45.86000061035156,1471300
2007-10-23,34.79609298706055,45.70000076293945,46.36000061035156,44.13999938964844,44.75,3618300
2007-10-24,35.199623107910156,46.22999954223633,46.33000183105469,45.0099983215332,45.13999938964844,1540000
2007-10-25,35.51942825317383,46.650001525878906,46.79999923706055,45.709999084472656,46.189998626708984,1218400
2007-10-26,35.18440246582031,46.209999084472656,47.119998931884766,45.95000076293945,47.060001373291016,594700
2007-10-29,35.60318374633789,46.7599983215332,46.9900016784668,46.29999923706055,46.58000183105469,561700
2007-10-30,35.65647888183594,46.83000183105469,47.630001068115234,46.709999084472656,46.720001220703125,570900
2007-10-31,36.364585876464844,47.7599983215332,47.880001068115234,46.20000076293945,47.150001525878906,868800
2007-11-01,35.03974533081055,46.02000045776367,47.15999984741211,45.91999816894531,47.130001068115234,1210800
2007-11-02,36.1666259765625,47.5,47.61000061035156,46.11000061035156,46.47999954223633,1139800
2007-11-05,35.093048095703125,46.09000015258789,47.41999816894531,45.70000076293945,46.75,868500
2007-11-06,35.48136901855469,46.599998474121094,46.599998474121094,44.95000076293945,46.04999923706055,747200
2007-11-07,34.263118743896484,45.0,46.61000061035156,44.7599983215332,46.099998474121094,857300
2007-11-08,34.186988830566406,44.900001525878906,45.619998931884766,43.779998779296875,44.939998626708984,1563800
2007-11-09,32.91541290283203,43.22999954223633,44.310001373291016,43.22999954223633,43.97999954223633,852600
2007-11-12,32.2834587097168,42.400001525878906,44.58000183105469,42.29999923706055,43.099998474121094,1058700
2007-11-13,32.75553894042969,43.02000045776367,43.529998779296875,41.88999938964844,42.54999923706055,997800
2007-11-14,32.81644821166992,43.099998474121094,43.810001373291016,42.95000076293945,43.15999984741211,919400
2007-11-15,32.02458953857422,42.060001373291016,43.0,41.61000061035156,42.86000061035156,1054000
2007-11-16,31.98652458190918,42.0099983215332,42.47999954223633,40.779998779296875,42.279998779296875,872500
2007-11-19,30.539859771728516,40.11000061035156,41.790000915527344,40.08000183105469,41.790000915527344,618700
2007-11-20,30.722576141357422,40.349998474121094,41.189998626708984,39.4900016784668,40.2400016784668,866900
2007-11-21,29.915510177612305,39.290000915527344,40.189998626708984,38.75,40.0,664900
2007-11-23,30.341901779174805,39.849998474121094,40.16999816894531,39.2400016784668,39.689998626708984,171400
2007-11-26,29.05510902404785,38.15999984741211,40.0099983215332,38.099998474121094,39.77000045776367,1104000
2007-11-27,29.435834884643555,38.65999984741211,39.150001525878906,38.060001373291016,38.310001373291016,963600
2007-11-28,31.742874145507812,41.689998626708984,41.86000061035156,38.95000076293945,39.150001525878906,1997700
2007-11-29,32.664161682128906,42.900001525878906,43.310001373291016,41.369998931884766,41.380001068115234,2134300
2007-11-30,33.608299255371094,44.13999938964844,44.13999938964844,43.209999084472656,43.31999969482422,1278000
2007-12-03,34.14889907836914,44.849998474121094,45.11000061035156,43.619998931884766,44.31999969482422,1856600
2007-12-04,34.0499153137207,44.720001220703125,45.09000015258789,44.09000015258789,44.40999984741211,1269900
2007-12-05,33.26567077636719,43.689998626708984,45.2400016784668,43.099998474121094,45.220001220703125,1308300
2007-12-06,33.425567626953125,43.900001525878906,44.34000015258789,43.2400016784668,43.540000915527344,1212600
2007-12-07,33.57784652709961,44.099998474121094,44.40999984741211,43.52000045776367,44.06999969482422,556700
2007-12-10,33.692054748535156,44.25,44.689998626708984,43.150001525878906,44.310001373291016,661900
2007-12-11,32.74031448364258,43.0,44.40999984741211,42.939998626708984,44.400001525878906,592500
2007-12-12,32.744136810302734,42.900001525878906,44.31999969482422,42.25,43.689998626708984,685600
2007-12-13,32.698333740234375,42.84000015258789,43.119998931884766,42.16999816894531,42.540000915527344,615500
2007-12-14,32.064815521240234,42.0099983215332,42.58000183105469,41.68000030517578,41.84000015258789,605300
2007-12-17,31.248111724853516,40.939998626708984,41.880001068115234,40.900001525878906,41.83000183105469,636400
2007-12-18,31.1259822845459,40.779998779296875,41.459999084472656,40.20000076293945,41.279998779296875,718900
2007-12-19,31.110733032226562,40.7599983215332,41.18000030517578,40.43000030517578,40.630001068115234,407100
2007-12-20,31.27101707458496,40.970001220703125,41.22999954223633,40.38999938964844,40.97999954223633,479300
2007-12-21,32.28615951538086,42.29999923706055,42.68000030517578,41.66999816894531,41.68000030517578,722800
2007-12-24,32.79756164550781,42.970001220703125,43.060001373291016,41.90999984741211,42.279998779296875,169300
2007-12-26,32.40066146850586,42.45000076293945,42.7400016784668,42.02000045776367,42.70000076293945,234800
2007-12-27,31.736637115478516,41.58000183105469,42.47999954223633,41.290000915527344,42.400001525878906,447800
2007-12-28,32.1258659362793,42.09000015258789,43.459999084472656,41.630001068115234,42.06999969482422,628800
2007-12-31,31.484739303588867,41.25,42.220001220703125,41.22999954223633,42.119998931884766,426100
2008-01-02,31.1259822845459,40.779998779296875,41.150001525878906,40.58000183105469,41.13999938964844,444600
2008-01-03,30.76726722717285,40.310001373291016,40.83000183105469,39.97999954223633,40.70000076293945,809900
2008-01-04,30.255889892578125,39.63999938964844,40.349998474121094,39.560001373291016,39.849998474121094,780500
2008-01-07,30.339834213256836,39.75,40.83000183105469,39.279998779296875,39.619998931884766,841800
2008-01-08,29.469707489013672,38.61000061035156,40.060001373291016,38.380001068115234,39.970001220703125,864800
2008-01-09,28.54615592956543,37.400001525878906,38.599998474121094,36.40999984741211,38.4900016784668,1331000
2008-01-10,29.03464698791504,38.040000915527344,38.4900016784668,36.59000015258789,37.08000183105469,1033700
2008-01-11,28.507986068725586,37.349998474121094,38.0,37.0,37.790000915527344,610500
2008-01-14,28.805683135986328,37.7400016784668,37.97999954223633,37.34000015258789,37.650001525878906,847500
2008-01-15,28.25611686706543,37.02000045776367,37.59000015258789,36.630001068115234,37.2400016784668,852900
2008-01-16,27.44705581665039,35.959999084472656,36.81999969482422,35.939998626708984,36.68000030517578,1209200
2008-01-17,26.332677841186523,34.5,36.150001525878906,33.70000076293945,36.029998779296875,1771200
2008-01-18,26.042652130126953,34.119998931884766,34.83000183105469,33.59000015258789,34.68000030517578,1316700
2008-01-22,26.118980407714844,34.220001220703125,34.70000076293945,31.989999771118164,32.75,1007200
2008-01-23,25.813657760620117,33.81999969482422,34.060001373291016,32.380001068115234,33.45000076293945,1226400
2008-01-24,26.065528869628906,34.150001525878906,34.529998779296875,33.5099983215332,33.970001220703125,2867800
2008-01-25,28.46984100341797,37.29999923706055,37.779998779296875,34.650001525878906,34.650001525878906,2194500
2008-01-28,29.836076736450195,39.09000015258789,39.279998779296875,36.81999969482422,37.0,2328900
2008-01-29,26.989091873168945,35.36000061035156,36.9900016784668,33.72999954223633,36.470001220703125,5084200
2008-01-30,27.172277450561523,35.599998474121094,36.939998626708984,35.540000915527344,36.77000045776367,2213700
2008-01-31,27.66840171813965,36.25,36.88999938964844,34.79999923706055,35.13999938964844,1289800
2008-02-01,28.53091049194336,37.380001068115234,37.4900016784668,36.0,36.18000030517578,1059500
2008-02-04,29.233102798461914,38.29999923706055,39.0,36.849998474121094,37.369998931884766,1975800
2008-02-05,28.317190170288086,37.099998474121094,38.7400016784668,36.86000061035156,38.7400016784668,1365500
2008-02-06,28.630117416381836,37.5099983215332,38.20000076293945,37.0,38.20000076293945,1144400
2008-02-07,29.03464698791504,38.040000915527344,38.11000061035156,36.709999084472656,37.54999923706055,1328600
2008-02-08,29.04990005493164,38.060001373291016,38.15999984741211,37.59000015258789,37.970001220703125,1301700
2008-02-11,29.133872985839844,38.16999816894531,38.400001525878906,37.290000915527344,37.95000076293945,832600
2008-02-12,30.332202911376953,39.7400016784668,40.5099983215332,38.439998626708984,38.439998626708984,1793600
2008-02-13,30.43906021118164,39.880001068115234,40.150001525878906,39.63999938964844,40.150001525878906,1059000
2008-02-14,30.049789428710938,39.369998931884766,40.2599983215332,39.150001525878906,39.75,667400
2008-02-15,30.194820404052734,39.560001373291016,39.66999816894531,38.650001525878906,39.08000183105469,668500
2008-02-19,30.47722816467285,39.93000030517578,40.56999969482422,39.720001220703125,40.20000076293945,644400
2008-02-20,30.645139694213867,40.150001525878906,40.2400016784668,39.02000045776367,39.65999984741211,821100
2008-02-21,29.958200454711914,39.25,40.439998626708984,39.11000061035156,40.400001525878906,479200
2008-02-22,29.156774520874023,38.20000076293945,39.439998626708984,37.790000915527344,39.290000915527344,1584000
2008-02-25,30.690940856933594,40.209999084472656,40.349998474121094,38.11000061035156,38.29999923706055,729600
2008-02-26,30.721477508544922,40.25,40.43000030517578,39.459999084472656,40.119998931884766,786300
2008-02-27,30.385622024536133,39.810001373291016,40.599998474121094,39.560001373291016,39.77000045776367,558500
2008-02-28,29.996356964111328,39.29999923706055,40.150001525878906,38.779998779296875,39.68000030517578,463300
2008-02-29,28.95830726623535,37.939998626708984,39.18000030517578,37.75,38.959999084472656,782000
2008-03-03,28.62248420715332,37.5,37.84000015258789,36.880001068115234,37.630001068115234,791500
2008-03-04,28.271377563476562,37.040000915527344,37.45000076293945,36.209999084472656,36.900001525878906,661600
2008-03-05,28.485107421875,37.31999969482422,37.599998474121094,36.790000915527344,37.060001373291016,466000
2008-03-06,27.88975715637207,36.540000915527344,37.560001373291016,36.5,37.08000183105469,502600
2008-03-07,27.14175033569336,35.560001373291016,36.77000045776367,35.349998474121094,36.43000030517578,633800
2008-03-10,26.920400619506836,35.27000045776367,35.959999084472656,35.13999938964844,35.560001373291016,833900
2008-03-11,28.29429054260254,37.06999969482422,37.06999969482422,36.0099983215332,36.029998779296875,1187500
2008-03-12,28.409154891967773,37.099998474121094,37.83000183105469,36.77000045776367,37.06999969482422,456300
2008-03-13,28.31724739074707,36.97999954223633,37.25,35.68000030517578,36.61000061035156,607600
2008-03-14,27.06144142150879,35.34000015258789,37.209999084472656,34.959999084472656,37.209999084472656,884000
2008-03-17,26.678550720214844,34.84000015258789,35.45000076293945,34.09000015258789,34.52000045776367,1148500
2008-03-18,27.86545753479004,36.38999938964844,36.43000030517578,35.11000061035156,35.349998474121094,532300
2008-03-19,26.525409698486328,34.63999938964844,37.060001373291016,34.63999938964844,36.619998931884766,1099000
2008-03-20,26.280366897583008,34.31999969482422,34.91999816894531,34.119998931884766,34.599998474121094,1219300
2008-03-24,26.785764694213867,34.97999954223633,35.63999938964844,34.099998474121094,34.2599983215332,1257700
2008-03-25,27.39834976196289,35.779998779296875,35.880001068115234,34.40999984741211,34.91999816894531,1675500
2008-03-26,27.421323776245117,35.810001373291016,35.97999954223633,35.20000076293945,35.38999938964844,645100
2008-03-27,27.589797973632812,36.029998779296875,36.58000183105469,35.45000076293945,35.880001068115234,677400
2008-03-28,27.0690860748291,35.349998474121094,36.279998779296875,35.209999084472656,35.970001220703125,426200
2008-03-31,27.96500587463379,36.52000045776367,36.70000076293945,35.4900016784668,35.529998779296875,1043800
2008-04-01,28.32492446899414,36.9900016784668,37.13999938964844,36.349998474121094,37.13999938964844,1050200
2008-04-02,28.332582473754883,37.0,37.689998626708984,36.650001525878906,36.81999969482422,873300
2008-04-03,27.804203033447266,36.310001373291016,37.22999954223633,36.189998626708984,36.81999969482422,915000
2008-04-04,27.406017303466797,35.790000915527344,36.599998474121094,35.540000915527344,36.2400016784668,1267400
2008-04-07,27.337099075317383,35.70000076293945,36.689998626708984,35.439998626708984,36.06999969482422,1458500
2008-04-08,27.758262634277344,36.25,36.349998474121094,35.439998626708984,35.52000045776367,513600
2008-04-09,27.252872467041016,35.59000015258789,36.40999984741211,35.40999984741211,36.25,317900
2008-04-10,26.99251937866211,35.25,35.709999084472656,35.029998779296875,35.52000045776367,561300
2008-04-11,26.74748420715332,34.93000030517578,35.40999984741211,34.72999954223633,34.81999969482422,551800
2008-04-14,26.908279418945312,35.13999938964844,35.560001373291016,34.900001525878906,35.09000015258789,521300
2008-04-15,27.298816680908203,35.650001525878906,35.880001068115234,35.20000076293945,35.279998779296875,736500
2008-04-16,28.355545043945312,37.029998779296875,37.06999969482422,35.880001068115234,35.880001068115234,671400
2008-04-17,28.25599479675293,36.900001525878906,37.15999984741211,36.470001220703125,36.810001373291016,798600
2008-04-18,28.90687370300293,37.75,38.04999923706055,37.36000061035156,37.369998931884766,625300
2008-04-21,29.864059448242188,39.0,39.439998626708984,38.439998626708984,38.75,1393200
2008-04-22,28.81498908996582,37.630001068115234,39.189998626708984,37.29999923706055,39.189998626708984,1623100
2008-04-23,29.381633758544922,38.369998931884766,38.869998931884766,37.65999984741211,37.810001373291016,1178200
2008-04-24,29.259117126464844,38.209999084472656,38.529998779296875,37.11000061035156,38.29999923706055,999200
2008-04-25,29.373973846435547,38.36000061035156,38.58000183105469,37.86000061035156,38.16999816894531,664300
2008-04-28,29.182559967041016,38.11000061035156,38.290000915527344,37.70000076293945,38.189998626708984,461600
2008-04-29,28.63886260986328,37.400001525878906,38.09000015258789,37.06999969482422,37.97999954223633,447800
2008-04-30,28.646530151367188,37.40999984741211,38.060001373291016,37.29999923706055,37.40999984741211,547600
2008-05-01,28.914531707763672,37.7599983215332,37.970001220703125,36.61000061035156,37.400001525878906,553100
2008-05-02,28.90687370300293,37.75,38.20000076293945,37.459999084472656,37.90999984741211,417300
2008-05-05,29.35100555419922,38.33000183105469,38.33000183105469,37.5099983215332,37.5099983215332,601500
2008-05-06,29.28974151611328,38.25,38.59000015258789,38.02000045776367,38.310001373291016,423800
2008-05-07,29.46586799621582,38.47999954223633,39.13999938964844,37.650001525878906,37.65999984741211,1043600
2008-05-08,30.36945343017578,39.65999984741211,39.65999984741211,38.349998474121094,38.7400016784668,785700
2008-05-09,30.499631881713867,39.83000183105469,40.0,38.540000915527344,39.29999923706055,1662100
2008-05-12,31.854999542236328,41.599998474121094,41.75,40.310001373291016,41.75,1244900
2008-05-13,32.613075256347656,42.59000015258789,42.619998931884766,41.81999969482422,41.869998931884766,1198300
2008-05-14,33.616207122802734,43.900001525878906,44.349998474121094,42.4900016784668,42.540000915527344,1962000
2008-05-15,33.922515869140625,44.29999923706055,44.34000015258789,43.439998626708984,44.029998779296875,687700
2008-05-16,33.32522201538086,43.52000045776367,43.939998626708984,42.75,43.849998474121094,1642700
2008-05-19,32.91939163208008,42.9900016784668,43.59000015258789,42.689998626708984,43.59000015258789,1051600
2008-05-20,32.72795486450195,42.7400016784668,43.0,42.22999954223633,42.86000061035156,679500
2008-05-21,32.72028350830078,42.72999954223633,44.040000915527344,42.61000061035156,43.31999969482422,1068100
2008-05-22,33.45541000366211,43.689998626708984,43.939998626708984,42.86000061035156,42.91999816894531,616500
2008-05-23,32.85812759399414,42.90999984741211,43.630001068115234,42.41999816894531,43.630001068115234,423500
2008-05-27,32.92704391479492,43.0,43.04999923706055,42.279998779296875,42.88999938964844,353400
2008-05-28,33.539649963378906,43.79999923706055,43.86000061035156,42.81999969482422,43.209999084472656,366000
2008-05-29,33.99907302856445,44.400001525878906,44.939998626708984,43.79999923706055,43.900001525878906,737300
2008-05-30,34.05269241333008,44.470001220703125,44.63999938964844,44.119998931884766,44.56999969482422,530600
2008-06-02,33.35586929321289,43.560001373291016,44.470001220703125,43.439998626708984,44.20000076293945,475700
2008-06-03,33.36351013183594,43.56999969482422,44.0,43.11000061035156,43.5,737700
2008-06-04,34.13690948486328,44.58000183105469,44.849998474121094,43.40999984741211,43.529998779296875,657000
2008-06-05,35.063480377197266,45.790000915527344,45.900001525878906,44.560001373291016,44.599998474121094,953000
2008-06-06,33.953125,44.34000015258789,45.810001373291016,44.29999923706055,45.36000061035156,967000
2008-06-09,33.539649963378906,43.79999923706055,44.91999816894531,43.5099983215332,44.7599983215332,658200
2008-06-10,32.90407943725586,42.970001220703125,43.40999984741211,42.59000015258789,43.22999954223633,614500
2008-06-11,32.696746826171875,42.58000183105469,43.5099983215332,42.560001373291016,42.77000045776367,484200
2008-06-12,33.31105422973633,43.380001068115234,43.90999984741211,42.900001525878906,42.939998626708984,628400
2008-06-13,34.14804458618164,44.470001220703125,44.529998779296875,43.58000183105469,43.779998779296875,383400
2008-06-16,34.09428787231445,44.400001525878906,44.84000015258789,44.279998779296875,44.349998474121094,585500
2008-06-17,34.16341018676758,44.4900016784668,44.689998626708984,43.7599983215332,44.61000061035156,423900
2008-06-18,33.87929916381836,44.119998931884766,44.63999938964844,43.54999923706055,44.18000030517578,564000
2008-06-19,34.07893371582031,44.380001068115234,44.709999084472656,43.7599983215332,44.0,197800
2008-06-20,33.303375244140625,43.369998931884766,44.34000015258789,43.099998474121094,44.08000183105469,669900
2008-06-23,34.0482292175293,44.34000015258789,44.56999969482422,43.58000183105469,43.65999984741211,913200
2008-06-24,32.888729095458984,42.83000183105469,44.540000915527344,42.790000915527344,44.220001220703125,766200
2008-06-25,33.87162399291992,44.11000061035156,44.310001373291016,42.61000061035156,42.900001525878906,1265700
2008-06-26,32.036354064941406,41.720001220703125,43.5099983215332,41.61000061035156,43.40999984741211,1036100
2008-06-27,31.468122482299805,40.97999954223633,42.099998474121094,40.880001068115234,41.560001373291016,1270400
2008-06-30,30.646482467651367,39.90999984741211,41.0,39.79999923706055,40.279998779296875,1083200
2008-07-01,30.677194595336914,39.95000076293945,40.15999984741211,38.83000183105469,39.400001525878906,1086800
2008-07-02,29.817157745361328,38.83000183105469,40.54999923706055,38.83000183105469,39.900001525878906,1148900
2008-07-03,29.732694625854492,38.720001220703125,39.130001068115234,38.0,38.689998626708984,339600
2008-07-07,29.394807815551758,38.279998779296875,39.400001525878906,38.0,39.02000045776367,688500
2008-07-08,29.725011825561523,38.709999084472656,38.77000045776367,37.369998931884766,38.2400016784668,937900
2008-07-09,29.678926467895508,38.650001525878906,39.400001525878906,38.369998931884766,38.95000076293945,745700
2008-07-10,29.924650192260742,38.970001220703125,42.45000076293945,38.65999984741211,38.709999084472656,1464400
2008-07-11,29.80946922302246,38.81999969482422,39.70000076293945,38.25,38.7400016784668,941500
2008-07-14,29.725011825561523,38.709999084472656,39.43000030517578,38.5099983215332,39.060001373291016,844000
2008-07-15,30.262529373168945,39.40999984741211,40.20000076293945,38.09000015258789,39.220001220703125,825100
2008-07-16,29.909303665161133,38.95000076293945,39.349998474121094,37.849998474121094,39.349998474121094,1016900
2008-07-17,30.101261138916016,39.20000076293945,39.529998779296875,38.93000030517578,39.220001220703125,694000
2008-07-18,29.794116973876953,38.79999923706055,39.810001373291016,38.2599983215332,39.36000061035156,1095000
2008-07-21,29.47159767150879,38.380001068115234,38.41999816894531,35.709999084472656,37.58000183105469,1901900
2008-07-22,28.296730041503906,36.849998474121094,38.04999923706055,36.59000015258789,37.93000030517578,1481200
2008-07-23,28.219934463500977,36.75,37.209999084472656,36.119998931884766,36.66999816894531,1468500
2008-07-24,27.682418823242188,36.04999923706055,37.04999923706055,35.939998626708984,36.72999954223633,676900
2008-07-25,28.10477066040039,36.599998474121094,36.68000030517578,35.79999923706055,36.18000030517578,801300
2008-07-28,28.09708595275879,36.59000015258789,36.810001373291016,35.959999084472656,36.459999084472656,703000
2008-07-29,28.86496925354004,37.59000015258789,37.70000076293945,36.47999954223633,36.61000061035156,889200
2008-07-30,29.80946922302246,38.81999969482422,38.900001525878906,37.7400016784668,37.88999938964844,785000
2008-07-31,29.89395523071289,38.93000030517578,39.150001525878906,38.45000076293945,38.61000061035156,914000
2008-08-01,29.49463653564453,38.40999984741211,39.16999816894531,38.380001068115234,38.72999954223633,794400
2008-08-04,28.949440002441406,37.70000076293945,38.63999938964844,37.68000030517578,38.4900016784668,813600
2008-08-05,30.47753143310547,39.689998626708984,39.7599983215332,37.81999969482422,38.0,967000
2008-08-06,30.62342643737793,39.880001068115234,40.31999969482422,39.150001525878906,39.58000183105469,629200
2008-08-07,30.116636276245117,39.220001220703125,39.939998626708984,38.869998931884766,39.709999084472656,465900
2008-08-08,30.91523551940918,40.2599983215332,40.349998474121094,38.84000015258789,38.84000015258789,401400
2008-08-11,31.3682861328125,40.849998474121094,40.970001220703125,39.630001068115234,40.40999984741211,573600
2008-08-12,31.16095733642578,40.58000183105469,41.0,40.27000045776367,40.869998931884766,458100
2008-08-13,31.329883575439453,40.79999923706055,40.93000030517578,40.06999969482422,40.5,593900
2008-08-14,31.429723739624023,40.93000030517578,41.02000045776367,40.27000045776367,40.68000030517578,638500
2008-08-15,31.145601272583008,40.560001373291016,40.9900016784668,40.189998626708984,40.81999969482422,353000
2008-08-18,31.030420303344727,40.40999984741211,41.34000015258789,40.290000915527344,40.70000076293945,495200
2008-08-19,29.847875595092773,38.869998931884766,40.279998779296875,38.5099983215332,40.279998779296875,750500
2008-08-20,29.978391647338867,39.040000915527344,39.65999984741211,38.790000915527344,39.060001373291016,447000
2008-08-21,29.963062286376953,39.02000045776367,39.209999084472656,38.66999816894531,38.97999954223633,299700
2008-08-22,30.715566635131836,40.0,40.04999923706055,39.22999954223633,39.22999954223633,294500
2008-08-25,30.032169342041016,39.11000061035156,39.849998474121094,38.65999984741211,39.849998474121094,300400
2008-08-26,30.28557014465332,39.439998626708984,39.439998626708984,38.81999969482422,39.189998626708984,336800
2008-08-27,30.515926361083984,39.7400016784668,40.0,39.2599983215332,39.369998931884766,758400
2008-08-28,31.329883575439453,40.79999923706055,40.83000183105469,40.0099983215332,40.0099983215332,483400
2008-08-29,30.515926361083984,39.7400016784668,40.790000915527344,39.7400016784668,40.66999816894531,351700
2008-09-02,30.02446746826172,39.099998474121094,40.630001068115234,38.959999084472656,39.83000183105469,602600
2008-09-03,29.54071617126465,38.470001220703125,39.45000076293945,37.93000030517578,39.0,661500
2008-09-04,28.557811737060547,37.189998626708984,38.189998626708984,36.939998626708984,38.189998626708984,909700
2008-09-05,28.419584274291992,37.0099983215332,37.189998626708984,35.9900016784668,36.900001525878906,873400
2008-09-08,28.672996520996094,37.34000015258789,38.15999984741211,37.099998474121094,37.63999938964844,669300
2008-09-09,26.16200828552246,34.06999969482422,37.36000061035156,33.790000915527344,37.09000015258789,1846100
2008-09-10,26.400049209594727,34.380001068115234,34.61000061035156,33.75,34.20000076293945,1616100
2008-09-11,27.3093204498291,35.439998626708984,35.95000076293945,34.7400016784668,35.81999969482422,2194100
2008-09-12,27.76396369934082,36.029998779296875,36.11000061035156,35.060001373291016,35.18000030517578,763500
2008-09-15,26.577274322509766,34.4900016784668,36.119998931884766,34.33000183105469,34.65999984741211,776000
2008-09-16,27.671491622924805,35.90999984741211,36.029998779296875,33.349998474121094,34.0099983215332,1289800
2008-09-17,25.69110679626465,33.34000015258789,35.72999954223633,33.34000015258789,35.34000015258789,1072300
2008-09-18,25.352062225341797,32.900001525878906,34.2599983215332,32.02000045776367,33.75,1518600
2008-09-19,27.856435775756836,36.150001525878906,36.29999923706055,34.47999954223633,34.81999969482422,2029500
2008-09-22,26.554170608520508,34.459999084472656,36.29999923706055,34.290000915527344,36.150001525878906,666600
2008-09-23,26.26905059814453,34.09000015258789,34.83000183105469,33.790000915527344,34.5,725900
2008-09-24,26.823862075805664,34.810001373291016,35.34000015258789,33.720001220703125,34.279998779296875,962500
2008-09-25,27.1243896484375,35.20000076293945,35.470001220703125,34.560001373291016,35.040000915527344,750900
2008-09-26,26.430866241455078,34.29999923706055,34.880001068115234,33.7599983215332,34.61000061035156,528700
2008-09-29,23.055728912353516,29.920000076293945,33.70000076293945,29.729999542236328,33.689998626708984,1304100
2008-09-30,23.764667510986328,30.84000015258789,31.469999313354492,29.709999084472656,30.549999237060547,1131800
2008-10-01,23.117374420166016,30.0,30.8799991607666,29.790000915527344,30.600000381469727,836200
2008-10-02,21.77657127380371,28.260000228881836,30.899999618530273,27.920000076293945,30.899999618530273,1325000
2008-10-03,21.660985946655273,28.110000610351562,29.719999313354492,27.950000762939453,28.729999542236328,820900
2008-10-06,20.366405487060547,26.43000030517578,27.56999969482422,24.229999542236328,27.25,1617400
2008-10-07,18.455368041992188,23.950000762939453,26.760000228881836,23.950000762939453,26.6299991607666,1315000
2008-10-08,19.29530143737793,25.040000915527344,26.530000686645508,23.0,23.600000381469727,2175700
2008-10-09,18.031551361083984,23.399999618530273,26.309999465942383,23.299999237060547,25.239999771118164,1562200
2008-10-10,17.345741271972656,22.510000228881836,25.270000457763672,20.989999771118164,23.899999618530273,1922000
2008-10-13,19.89635467529297,25.81999969482422,25.81999969482422,23.479999542236328,23.610000610351562,1204000
2008-10-14,19.634357452392578,25.479999542236328,27.81999969482422,24.670000076293945,26.540000915527344,1130200
2008-10-15,17.546091079711914,22.770000457763672,25.479999542236328,22.739999771118164,25.479999542236328,848400
2008-10-16,18.655719757080078,24.209999084472656,24.299999237060547,21.510000228881836,22.90999984741211,758200
2008-10-17,18.085498809814453,23.469999313354492,24.790000915527344,23.1299991607666,23.290000915527344,1031300
2008-10-20,19.048721313476562,24.719999313354492,24.719999313354492,23.59000015258789,23.59000015258789,622100
2008-10-21,17.915971755981445,23.25,24.31999969482422,22.719999313354492,24.209999084472656,904900
2008-10-22,16.875680923461914,21.899999618530273,23.010000228881836,21.5,22.510000228881836,1314500
2008-10-23,16.683040618896484,21.649999618530273,22.8700008392334,20.959999084472656,22.139999389648438,1302800
2008-10-24,16.12052345275879,20.920000076293945,21.790000915527344,20.110000610351562,20.110000610351562,1010300
2008-10-27,14.687246322631836,19.059999465942383,20.610000610351562,19.059999465942383,20.0,1268400
2008-10-28,15.943278312683105,20.690000534057617,20.8700008392334,18.969999313354492,19.600000381469727,1953200
2008-10-29,16.875680923461914,21.899999618530273,22.43000030517578,20.520000457763672,20.600000381469727,1481000
2008-10-30,18.170257568359375,23.579999923706055,23.65999984741211,22.040000915527344,22.520000457763672,1001300
2008-10-31,18.76360321044922,24.350000381469727,24.690000534057617,22.75,23.40999984741211,900600
2008-11-03,19.202836990356445,24.920000076293945,25.8799991607666,24.100000381469727,24.280000686645508,990900
2008-11-04,20.135238647460938,26.1299991607666,26.18000030517578,24.950000762939453,25.459999084472656,623900
2008-11-05,18.817541122436523,24.420000076293945,26.280000686645508,24.3700008392334,25.850000381469727,637300
2008-11-06,18.432260513305664,23.920000076293945,24.760000228881836,23.8700008392334,24.260000228881836,879800
2008-11-07,19.064132690429688,24.739999771118164,25.079999923706055,23.969999313354492,24.020000457763672,523300
2008-11-10,18.863779067993164,24.479999542236328,25.530000686645508,24.1299991607666,25.329999923706055,621600
2008-11-11,18.201078414916992,23.6200008392334,24.809999465942383,23.239999771118164,24.200000762939453,980400
2008-11-12,16.706161499023438,21.68000030517578,23.280000686645508,21.68000030517578,22.8799991607666,738100
2008-11-13,18.771316528320312,24.360000610351562,24.360000610351562,21.18000030517578,21.90999984741211,972000
2008-11-14,17.41509437561035,22.600000381469727,24.309999465942383,22.489999771118164,24.010000228881836,524800
2008-11-17,17.353445053100586,22.520000457763672,23.510000228881836,22.25,22.40999984741211,637300
2008-11-18,16.212987899780273,21.040000915527344,22.219999313354492,20.190000534057617,21.610000610351562,1337700
2008-11-19,14.54853630065918,18.8799991607666,21.559999465942383,18.860000610351562,20.979999542236328,1040800
2008-11-20,12.683731079101562,16.459999084472656,18.760000228881836,16.3700008392334,18.530000686645508,1384000
2008-11-21,14.093899726867676,18.290000915527344,18.31999969482422,16.15999984741211,16.90999984741211,1181000
2008-11-24,14.810529708862305,19.219999313354492,19.770000457763672,18.31999969482422,18.510000228881836,1311700
2008-11-25,14.163248062133789,18.3799991607666,19.549999237060547,17.850000381469727,19.3799991607666,1631700
2008-11-26,15.211233139038086,19.739999771118164,19.790000915527344,18.0,18.1299991607666,1079500
2008-11-28,15.665872573852539,20.329999923706055,20.489999771118164,19.690000534057617,20.040000915527344,471700
2008-12-01,13.44660758972168,17.450000762939453,19.979999542236328,17.399999618530273,19.979999542236328,862900
2008-12-02,14.263422966003418,18.510000228881836,18.530000686645508,17.65999984741211,17.770000457763672,649800
2008-12-03,14.779709815979004,19.18000030517578,19.299999237060547,17.610000610351562,18.010000228881836,750900
2008-12-04,13.777956008911133,17.8799991607666,19.100000381469727,17.43000030517578,18.709999084472656,663000
2008-12-05,14.186354637145996,18.40999984741211,18.459999084472656,16.75,17.739999771118164,724700
2008-12-08,15.565703392028809,20.200000762939453,20.420000076293945,18.950000762939453,19.110000610351562,834400
2008-12-09,15.411584854125977,20.0,21.06999969482422,19.850000381469727,19.899999618530273,643500
2008-12-10,16.159048080444336,20.969999313354492,21.31999969482422,20.1299991607666,20.190000534057617,585300
2008-12-11,15.058526992797852,19.43000030517578,21.5,19.200000762939453,20.90999984741211,561100
2008-12-12,15.717283248901367,20.280000686645508,20.6200008392334,18.649999618530273,19.09000015258789,660800
2008-12-15,14.678766250610352,18.940000534057617,20.780000686645508,18.670000076293945,20.43000030517578,896000
2008-12-16,15.260027885437012,19.690000534057617,20.229999542236328,19.200000762939453,19.200000762939453,1355400
2008-12-17,14.988777160644531,19.34000015258789,19.6200008392334,18.969999313354492,19.329999923706055,1429600
2008-12-18,14.221515655517578,18.350000381469727,19.510000228881836,17.850000381469727,19.510000228881836,1875600
2008-12-19,14.942269325256348,19.280000686645508,19.6299991607666,17.93000030517578,18.260000228881836,2404000
2008-12-22,15.213521957397461,19.6299991607666,19.729999542236328,18.979999542236328,19.450000762939453,1495000
2008-12-23,15.074026107788086,19.450000762939453,20.1299991607666,19.170000076293945,19.950000762939453,908700
2008-12-24,14.919024467468262,19.25,19.479999542236328,18.959999084472656,19.479999542236328,240200
2008-12-26,15.267784118652344,19.700000762939453,19.739999771118164,19.139999389648438,19.40999984741211,238500
2008-12-29,15.012025833129883,19.3700008392334,19.68000030517578,18.969999313354492,19.639999389648438,458700
2008-12-30,16.019540786743164,20.670000076293945,20.950000762939453,19.450000762939453,19.5,666100
2008-12-31,17.282817840576172,22.299999237060547,22.5,20.709999084472656,21.0,1122000
2009-01-02,17.902822494506836,23.100000381469727,23.18000030517578,21.760000228881836,22.239999771118164,687100
2009-01-05,17.82532501220703,23.0,23.280000686645508,22.530000686645508,22.920000076293945,898900
2009-01-06,18.70108985900879,24.1299991607666,24.559999465942383,23.100000381469727,23.280000686645508,886900
2009-01-07,18.12758445739746,23.389999389648438,24.079999923706055,23.219999313354492,23.940000534057617,563800
2009-01-08,18.59258460998535,23.989999771118164,24.139999389648438,23.209999084472656,23.280000686645508,621200
2009-01-09,17.9338321685791,23.139999389648438,23.989999771118164,22.559999465942383,23.889999389648438,494300
2009-01-12,17.290557861328125,22.309999465942383,23.219999313354492,22.020000457763672,22.989999771118164,465600
2009-01-13,17.360309600830078,22.399999618530273,22.780000686645508,21.790000915527344,21.790000915527344,495400
2009-01-14,17.04256248474121,21.989999771118164,22.270000457763672,21.459999084472656,21.899999618530273,790700
2009-01-15,17.62382698059082,22.739999771118164,22.950000762939453,21.270000457763672,21.940000534057617,674500
2009-01-16,17.538572311401367,22.6299991607666,23.399999618530273,22.049999237060547,23.25,632200
2009-01-20,16.383798599243164,21.139999389648438,22.600000381469727,21.079999923706055,22.15999984741211,868300
2009-01-21,17.321571350097656,22.350000381469727,22.3799991607666,21.219999313354492,21.479999542236328,739800
2009-01-22,17.096818923950195,22.059999465942383,22.489999771118164,21.420000076293945,21.979999542236328,710900
2009-01-23,17.368074417114258,22.40999984741211,22.75,21.049999237060547,21.420000076293945,545900
2009-01-26,17.437816619873047,22.5,23.6299991607666,22.239999771118164,22.3700008392334,1103100
2009-01-27,16.4768009185791,21.260000228881836,22.81999969482422,20.31999969482422,21.510000228881836,1592400
2009-01-28,17.82532501220703,23.0,23.209999084472656,21.59000015258789,22.059999465942383,1239100
2009-01-29,17.437816619873047,22.5,23.110000610351562,22.030000686645508,22.549999237060547,1301900
2009-01-30,17.24406623840332,22.25,23.100000381469727,21.940000534057617,22.780000686645508,968800
2009-02-02,17.03481101989746,21.979999542236328,22.90999984741211,21.65999984741211,21.8700008392334,978600
2009-02-03,17.647071838378906,22.770000457763672,22.959999084472656,21.989999771118164,22.149999618530273,931100
2009-02-04,17.972578048706055,23.190000534057617,23.739999771118164,22.770000457763672,22.920000076293945,889700
2009-02-05,18.52283477783203,23.899999618530273,24.25,22.920000076293945,23.059999465942383,749500
2009-02-06,18.95683479309082,24.459999084472656,24.770000457763672,23.889999389648438,24.030000686645508,940600
2009-02-09,18.88709831237793,24.3700008392334,24.959999084472656,23.959999084472656,24.31999969482422,625600
2009-02-10,17.926071166992188,23.1299991607666,24.6200008392334,22.989999771118164,24.049999237060547,816300
2009-02-11,18.034578323364258,23.270000457763672,23.84000015258789,22.709999084472656,23.290000915527344,594600
2009-02-12,18.24382972717285,23.540000915527344,23.610000610351562,22.389999389648438,22.799999237060547,951300
2009-02-13,17.786575317382812,22.950000762939453,24.040000915527344,22.940000534057617,23.670000076293945,1062400
2009-02-17,16.68606185913086,21.530000686645508,22.790000915527344,21.43000030517578,22.790000915527344,1489500
2009-02-18,16.275299072265625,21.0,21.790000915527344,20.8700008392334,21.75,1149600
2009-02-19,16.0350399017334,20.690000534057617,21.549999237060547,20.59000015258789,21.549999237060547,720300
2009-02-20,15.65528678894043,20.200000762939453,20.489999771118164,19.510000228881836,20.229999542236328,1982600
2009-02-23,14.547021865844727,18.770000457763672,20.649999618530273,18.600000381469727,20.350000381469727,1155700
2009-02-24,15.438276290893555,19.920000076293945,20.030000686645508,18.719999313354492,19.0,1570200
2009-02-25,14.81827163696289,19.1200008392334,19.829999923706055,18.8700008392334,19.780000686645508,731700
2009-02-26,14.523768424987793,18.739999771118164,19.8700008392334,18.670000076293945,19.389999389648438,745300
2009-02-27,14.996526718139648,19.350000381469727,19.770000457763672,18.18000030517578,18.280000686645508,1930700
2009-03-02,14.190506935119629,18.309999465942383,19.260000228881836,18.219999313354492,18.850000381469727,1581900
2009-03-03,13.523994445800781,17.450000762939453,19.0,17.18000030517578,18.700000762939453,3037200
2009-03-04,13.330245971679688,17.200000762939453,18.34000015258789,17.110000610351562,18.34000015258789,2985600
2009-03-05,12.25297737121582,15.8100004196167,17.170000076293945,15.65999984741211,16.850000381469727,1812200
2009-03-06,12.531981468200684,16.170000076293945,16.350000381469727,15.539999961853027,16.040000915527344,1164900
2009-03-09,12.469979286193848,16.09000015258789,16.559999465942383,15.920000076293945,15.920000076293945,1150700
2009-03-10,13.28373908996582,17.139999389648438,17.209999084472656,16.360000610351562,16.469999313354492,1148000
2009-03-11,13.748266220092773,17.610000610351562,17.780000686645508,16.760000228881836,17.239999771118164,1052000
2009-03-12,14.052741050720215,18.0,18.170000076293945,17.190000534057617,17.520000457763672,1573500
2009-03-13,14.216683387756348,18.209999084472656,18.34000015258789,17.790000915527344,18.1200008392334,960100
2009-03-16,14.24792194366455,18.25,18.979999542236328,18.18000030517578,18.399999618530273,893100
2009-03-17,15.192578315734863,19.459999084472656,19.459999084472656,18.139999389648438,18.290000915527344,1133600
2009-03-18,15.91862964630127,20.389999389648438,20.510000228881836,19.020000457763672,19.399999618530273,1456900
2009-03-19,15.942054748535156,20.420000076293945,20.860000610351562,19.93000030517578,20.670000076293945,1241200
2009-03-20,15.676606178283691,20.079999923706055,20.760000228881836,19.809999465942383,20.510000228881836,955600
2009-03-23,17.159961700439453,21.979999542236328,21.979999542236328,20.34000015258789,20.34000015258789,869800
2009-03-24,17.144336700439453,21.959999084472656,22.469999313354492,21.559999465942383,21.6299991607666,967700
2009-03-25,17.128725051879883,21.940000534057617,22.709999084472656,21.059999465942383,22.1299991607666,967700
2009-03-26,17.683034896850586,22.649999618530273,22.690000534057617,22.110000610351562,22.239999771118164,1160600
2009-03-27,17.03504180908203,21.81999969482422,22.43000030517578,21.6200008392334,22.329999923706055,865100
2009-03-30,16.66030502319336,21.34000015258789,21.40999984741211,20.649999618530273,20.93000030517578,635900
2009-03-31,16.99601173400879,21.770000457763672,22.149999618530273,21.3799991607666,21.65999984741211,908600
2009-04-01,17.52688980102539,22.450000762939453,22.6299991607666,20.989999771118164,21.290000915527344,855600
2009-04-02,18.697946548461914,23.950000762939453,24.3700008392334,23.030000686645508,23.399999618530273,1289700
2009-04-03,19.41621208190918,24.8700008392334,24.889999389648438,23.719999313354492,23.899999618530273,1088100
2009-04-06,19.314706802368164,24.739999771118164,24.829999923706055,24.229999542236328,24.520000457763672,1069700
2009-04-07,18.54962158203125,23.760000228881836,24.479999542236328,23.700000762939453,24.190000534057617,601900
2009-04-08,19.23663902282715,24.639999389648438,24.780000686645508,23.56999969482422,23.93000030517578,659700
2009-04-09,20.150070190429688,25.809999465942383,26.040000915527344,25.34000015258789,25.399999618530273,937600
2009-04-13,20.251562118530273,25.940000534057617,26.06999969482422,25.15999984741211,25.860000610351562,407500
2009-04-14,20.52481460571289,26.290000915527344,27.719999313354492,26.219999313354492,26.600000381469727,1214400
2009-04-15,19.806562423706055,25.3700008392334,25.440000534057617,23.65999984741211,25.290000915527344,1252200
2009-04-16,20.72779083251953,26.549999237060547,26.809999465942383,25.329999923706055,25.420000076293945,765500
2009-04-17,20.70437240600586,26.520000457763672,26.68000030517578,25.940000534057617,26.510000228881836,702500
2009-04-20,19.306907653808594,24.729999542236328,26.290000915527344,24.639999389648438,26.18000030517578,698000
2009-04-21,19.869016647338867,25.450000762939453,25.450000762939453,24.40999984741211,24.43000030517578,1113700
2009-04-22,19.908052444458008,25.5,26.280000686645508,24.719999313354492,24.979999542236328,592500
2009-04-23,20.103221893310547,25.75,25.940000534057617,25.139999389648438,25.530000686645508,508000
2009-04-24,21.23525619506836,27.200000762939453,27.309999465942383,25.989999771118164,25.989999771118164,903600
2009-04-27,21.07910919189453,27.0,27.450000762939453,26.739999771118164,26.81999969482422,1100300
2009-04-28,20.150070190429688,25.809999465942383,26.610000610351562,25.360000610351562,26.610000610351562,1181100
2009-04-29,20.5638370513916,26.34000015258789,26.549999237060547,25.56999969482422,25.809999465942383,656600
2009-04-30,20.938583374023438,26.81999969482422,27.809999465942383,26.40999984741211,26.549999237060547,1035000
2009-05-01,21.016664505004883,26.920000076293945,27.190000534057617,26.600000381469727,27.020000457763672,741400
2009-05-04,22.195524215698242,28.43000030517578,28.43000030517578,27.190000534057617,27.190000534057617,672300
2009-05-05,21.836393356323242,27.969999313354492,28.610000610351562,27.729999542236328,28.3700008392334,620600
2009-05-06,21.594377517700195,27.65999984741211,28.440000534057617,27.290000915527344,28.43000030517578,830900
2009-05-07,20.735599517822266,26.559999465942383,28.309999465942383,26.25,28.309999465942383,630400
2009-05-08,21.70367431640625,27.799999237060547,27.860000610351562,26.790000915527344,26.8700008392334,377600
2009-05-11,20.91516876220703,26.790000915527344,27.3700008392334,26.6200008392334,27.100000381469727,392700
2009-05-12,20.891735076904297,26.760000228881836,27.190000534057617,26.149999618530273,27.059999465942383,574000
2009-05-13,19.790939331054688,25.350000381469727,26.440000534057617,25.079999923706055,26.239999771118164,628900
2009-05-14,20.44674301147461,26.190000534057617,26.43000030517578,25.06999969482422,25.56999969482422,596500
2009-05-15,20.813671112060547,26.65999984741211,26.719999313354492,25.600000381469727,25.829999923706055,1147200
2009-05-18,21.328929901123047,27.31999969482422,27.329999923706055,26.489999771118164,26.8700008392334,796700
2009-05-19,21.125951766967773,27.059999465942383,27.59000015258789,26.860000610351562,27.09000015258789,657600
2009-05-20,22.297016143798828,28.559999465942383,29.459999084472656,27.399999618530273,27.450000762939453,1867900
2009-05-21,21.50849723815918,27.549999237060547,28.09000015258789,27.25,28.049999237060547,948300
2009-05-22,21.31332778930664,27.299999237060547,27.649999618530273,27.110000610351562,27.610000610351562,617900
2009-05-26,21.891054153442383,28.040000915527344,28.329999923706055,26.790000915527344,26.959999084472656,842400
2009-05-27,21.399202346801758,27.40999984741211,28.15999984741211,27.31999969482422,27.899999618530273,655400
2009-05-28,21.758325576782227,27.8700008392334,28.1200008392334,27.200000762939453,27.540000915527344,597500
2009-05-29,22.031564712524414,28.219999313354492,28.309999465942383,27.719999313354492,28.040000915527344,564800
2009-06-01,23.194826126098633,29.709999084472656,29.809999465942383,28.649999618530273,28.729999542236328,736800
2009-06-02,23.015270233154297,29.479999542236328,30.0,29.3700008392334,29.3700008392334,1004100
2009-06-03,22.38289451599121,28.670000076293945,29.31999969482422,28.260000228881836,29.190000534057617,708700
2009-06-04,22.687368392944336,29.059999465942383,29.110000610351562,28.40999984741211,28.809999465942383,596300
2009-06-05,22.64052391052246,29.0,29.489999771118164,28.719999313354492,29.270000457763672,677900
2009-06-08,21.789546966552734,27.90999984741211,28.860000610351562,27.84000015258789,28.860000610351562,1001400
2009-06-09,21.891054153442383,28.040000915527344,28.290000915527344,27.670000076293945,28.1299991607666,614000
2009-06-10,21.70367431640625,27.799999237060547,28.479999542236328,27.219999313354492,28.260000228881836,500600
2009-06-11,22.483985900878906,28.670000076293945,28.84000015258789,27.760000228881836,27.809999465942383,604900
2009-06-12,22.036975860595703,28.100000381469727,28.43000030517578,27.670000076293945,28.34000015258789,320200
2009-06-15,21.111589431762695,26.920000076293945,27.75,26.540000915527344,27.75,345800
2009-06-16,20.49988555908203,26.139999389648438,27.229999542236328,26.1299991607666,27.049999237060547,450600
2009-06-17,20.492034912109375,26.1299991607666,26.600000381469727,25.450000762939453,26.079999923706055,448400
2009-06-18,20.672412872314453,26.360000610351562,26.510000228881836,25.84000015258789,26.079999923706055,342300
2009-06-19,20.60966682434082,26.280000686645508,26.959999084472656,26.010000228881836,26.65999984741211,346800
2009-06-22,19.33136749267578,24.649999618530273,25.899999618530273,24.639999389648438,25.8799991607666,576300
2009-06-23,19.33136749267578,24.649999618530273,24.979999542236328,24.360000610351562,24.68000030517578,375900
2009-06-24,19.29216194152832,24.600000381469727,25.229999542236328,24.450000762939453,24.93000030517578,585300
2009-06-25,19.723487854003906,25.149999618530273,25.280000686645508,24.31999969482422,24.549999237060547,595600
2009-06-26,19.856807708740234,25.31999969482422,25.440000534057617,24.6200008392334,24.889999389648438,1580400
2009-06-29,20.264604568481445,25.84000015258789,25.969999313354492,25.100000381469727,25.309999465942383,471100
2009-06-30,20.0528621673584,25.56999969482422,26.059999465942383,25.469999313354492,25.729999542236328,720400
2009-07-01,20.170495986938477,25.719999313354492,26.420000076293945,25.65999984741211,25.739999771118164,737200
2009-07-02,19.464689254760742,24.81999969482422,25.290000915527344,24.65999984741211,25.290000915527344,337300
2009-07-06,19.51174545288086,24.8799991607666,24.920000076293945,24.09000015258789,24.510000228881836,422100
2009-07-07,18.664764404296875,23.799999237060547,24.84000015258789,23.790000915527344,24.780000686645508,526200
2009-07-08,18.4765625,23.559999465942383,24.059999465942383,23.309999465942383,23.920000076293945,610300
2009-07-09,18.570655822753906,23.68000030517578,23.979999542236328,23.389999389648438,23.700000762939453,434600
2009-07-10,18.625560760498047,23.75,24.010000228881836,23.389999389648438,23.389999389648438,410300
2009-07-13,19.14315414428711,24.40999984741211,24.520000457763672,23.469999313354492,24.010000228881836,626600
2009-07-14,19.268638610839844,24.56999969482422,24.56999969482422,24.139999389648438,24.31999969482422,384000
2009-07-15,20.319501876831055,25.90999984741211,25.940000534057617,24.979999542236328,24.979999542236328,656400
2009-07-16,20.844940185546875,26.579999923706055,26.739999771118164,25.739999771118164,25.809999465942383,507500
2009-07-17,20.554765701293945,26.209999084472656,26.579999923706055,26.1299991607666,26.56999969482422,340700
2009-07-20,20.688095092773438,26.3799991607666,26.770000457763672,26.09000015258789,26.270000457763672,578000
2009-07-21,20.664569854736328,26.350000381469727,26.760000228881836,25.68000030517578,26.670000076293945,771800
2009-07-22,21.323322296142578,27.190000534057617,27.450000762939453,25.920000076293945,26.049999237060547,807700
2009-07-23,23.644651412963867,30.149999618530273,30.6299991607666,27.719999313354492,27.719999313354492,1973100
2009-07-24,23.840715408325195,30.399999618530273,30.489999771118164,29.68000030517578,29.920000076293945,556600
2009-07-27,23.46428680419922,29.920000076293945,30.989999771118164,29.739999771118164,30.219999313354492,772000
2009-07-28,23.503494262695312,29.969999313354492,30.110000610351562,29.350000381469727,29.65999984741211,562400
2009-07-29,23.23685646057129,29.6299991607666,30.049999237060547,29.520000457763672,29.6299991607666,462200
2009-07-30,23.519180297851562,29.989999771118164,30.559999465942383,29.829999923706055,29.8799991607666,544400
2009-07-31,23.299591064453125,29.709999084472656,30.299999237060547,29.6299991607666,29.920000076293945,668100
2009-08-03,24.036766052246094,30.649999618530273,30.649999618530273,29.959999084472656,30.020000457763672,647900
2009-08-04,24.264205932617188,30.940000534057617,31.15999984741211,30.290000915527344,30.3700008392334,483700
2009-08-05,24.18578338623047,30.84000015258789,31.299999237060547,30.350000381469727,30.850000381469727,422300
2009-08-06,25.017065048217773,31.899999618530273,32.119998931884766,31.469999313354492,31.950000762939453,1517600
2009-08-07,25.134700775146484,32.04999923706055,32.47999954223633,31.959999084472656,32.36000061035156,648200
2009-08-10,24.860214233398438,31.700000762939453,31.860000610351562,31.270000457763672,31.719999313354492,396900
2009-08-11,24.82101058959961,31.649999618530273,31.809999465942383,31.239999771118164,31.6299991607666,592100
2009-08-12,25.440547943115234,32.439998626708984,32.72999954223633,31.56999969482422,31.56999969482422,901000
2009-08-13,25.291545867919922,32.25,32.650001525878906,32.02000045776367,32.58000183105469,545400
2009-08-14,24.77395248413086,31.59000015258789,32.130001068115234,30.920000076293945,32.130001068115234,695100
2009-08-17,23.887773513793945,30.459999084472656,31.030000686645508,30.299999237060547,30.729999542236328,430000
2009-08-18,24.224992752075195,30.889999389648438,31.309999465942383,30.5,30.6200008392334,341000
2009-08-19,24.279882431030273,30.959999084472656,31.540000915527344,30.1299991607666,30.360000610351562,612500
2009-08-20,24.428890228271484,31.149999618530273,31.25,30.799999237060547,30.860000610351562,313500
2009-08-21,25.21312713623047,32.150001525878906,32.2599983215332,31.270000457763672,31.270000457763672,704700
2009-08-24,25.42486572265625,32.41999816894531,32.709999084472656,32.09000015258789,32.34000015258789,820400
2009-08-25,25.3778133392334,32.36000061035156,32.810001373291016,32.18000030517578,32.619998931884766,642000
2009-08-26,25.354290008544922,32.33000183105469,32.86000061035156,32.029998779296875,32.209999084472656,738900
2009-08-27,25.260177612304688,32.209999084472656,32.689998626708984,31.559999465942383,32.38999938964844,508300
2009-08-28,25.42486572265625,32.41999816894531,32.77000045776367,32.209999084472656,32.36000061035156,535300
2009-08-31,25.275863647460938,32.22999954223633,32.36000061035156,31.850000381469727,31.969999313354492,551300
2009-09-01,24.24851417541504,30.920000076293945,32.75,30.84000015258789,32.11000061035156,701900
2009-09-02,24.617107391357422,31.389999389648438,31.700000762939453,30.600000381469727,30.829999923706055,534100
2009-09-03,24.96216583251953,31.829999923706055,31.860000610351562,30.959999084472656,31.5,388900
2009-09-04,25.3464412689209,32.31999969482422,32.33000183105469,31.40999984741211,31.829999923706055,334200
2009-09-08,26.15419578552246,33.349998474121094,33.93000030517578,32.72999954223633,32.72999954223633,1188400
2009-09-09,26.84432601928711,34.22999954223633,34.31999969482422,33.25,33.400001525878906,905400
2009-09-10,26.812959671020508,34.189998626708984,34.220001220703125,33.459999084472656,34.099998474121094,725000
2009-09-11,26.58863067626953,33.779998779296875,34.2599983215332,33.15999984741211,34.2400016784668,673400
2009-09-14,26.87200164794922,34.13999938964844,34.18000030517578,33.349998474121094,33.439998626708984,462700
2009-09-15,27.328516006469727,34.720001220703125,34.9900016784668,33.97999954223633,34.02000045776367,846600
2009-09-16,27.65122413635254,35.130001068115234,35.22999954223633,34.52000045776367,34.939998626708984,550900
2009-09-17,27.249805450439453,34.619998931884766,35.2400016784668,34.540000915527344,34.95000076293945,559400
2009-09-18,27.171106338500977,34.52000045776367,34.959999084472656,34.369998931884766,34.7599983215332,601600
2009-09-21,27.367877960205078,34.77000045776367,35.08000183105469,34.029998779296875,34.150001525878906,415500
2009-09-22,27.548904418945312,35.0,35.099998474121094,34.41999816894531,35.099998474121094,532400
2009-09-23,26.99007225036621,34.290000915527344,35.400001525878906,34.290000915527344,35.20000076293945,540700
2009-09-24,26.541410446166992,33.720001220703125,34.65999984741211,33.220001220703125,34.470001220703125,443700
2009-09-25,26.029787063598633,33.06999969482422,33.83000183105469,33.02000045776367,33.650001525878906,294900
2009-09-28,26.785415649414062,34.029998779296875,34.41999816894531,33.13999938964844,33.150001525878906,447300
2009-09-29,26.769678115844727,34.0099983215332,34.31999969482422,33.790000915527344,34.06999969482422,324200
2009-09-30,27.234067916870117,34.599998474121094,34.90999984741211,33.400001525878906,33.959999084472656,1283600
2009-10-01,25.62836456298828,32.560001373291016,34.439998626708984,32.529998779296875,34.40999984741211,870100
2009-10-02,24.99866485595703,31.760000228881836,32.369998931884766,31.600000381469727,32.04999923706055,999200
2009-10-05,25.98256492614746,33.0099983215332,33.04999923706055,31.8799991607666,31.959999084472656,814700
2009-10-06,26.407594680786133,33.54999923706055,34.150001525878906,33.150001525878906,33.41999816894531,546300
2009-10-07,26.258047103881836,33.36000061035156,33.790000915527344,33.04999923706055,33.5,284600
2009-10-08,26.36823844909668,33.5,33.880001068115234,33.290000915527344,33.75,569800
2009-10-09,26.28952407836914,33.400001525878906,33.529998779296875,33.11000061035156,33.33000183105469,343500
2009-10-12,26.61224365234375,33.810001373291016,34.13999938964844,33.540000915527344,33.66999816894531,295600
2009-10-13,26.635854721069336,33.84000015258789,34.18000030517578,33.279998779296875,33.619998931884766,383200
2009-10-14,27.548904418945312,35.0,35.09000015258789,34.20000076293945,34.439998626708984,649300
2009-10-15,27.69845962524414,35.189998626708984,35.2599983215332,34.4900016784668,34.70000076293945,432900
2009-10-16,27.092382431030273,34.41999816894531,34.900001525878906,34.16999816894531,34.900001525878906,568800
2009-10-19,27.39935874938965,34.810001373291016,35.2400016784668,34.38999938964844,34.58000183105469,469100
2009-10-20,27.05303382873535,34.369998931884766,34.97999954223633,34.029998779296875,34.970001220703125,483200
2009-10-21,26.690961837768555,33.90999984741211,35.0,33.849998474121094,34.150001525878906,487500
2009-10-22,27.163230895996094,34.5099983215332,34.54999923706055,33.38999938964844,33.95000076293945,556600
2009-10-23,27.20258140563965,34.560001373291016,34.70000076293945,33.939998626708984,34.59000015258789,798200
2009-10-26,26.69882583618164,33.91999816894531,35.310001373291016,33.34000015258789,34.470001220703125,1195800
2009-10-27,25.990427017211914,33.02000045776367,33.95000076293945,32.09000015258789,33.400001525878906,1944900
2009-10-28,25.077381134033203,31.860000610351562,33.91999816894531,31.81999969482422,33.41999816894531,1178600
2009-10-29,26.116361618041992,33.18000030517578,33.38999938964844,32.02000045776367,32.09000015258789,753400
2009-10-30,24.85698699951172,31.579999923706055,33.16999816894531,31.209999084472656,32.90999984741211,1234100
2009-11-02,24.951440811157227,31.700000762939453,32.310001373291016,31.0,31.75,825900
2009-11-03,25.297760009765625,32.13999938964844,32.2400016784668,31.100000381469727,31.479999542236328,551900
2009-11-04,24.912092208862305,31.649999618530273,32.630001068115234,31.559999465942383,32.45000076293945,688200
2009-11-05,25.95895004272461,32.97999954223633,32.9900016784668,31.860000610351562,31.940000534057617,604400
2009-11-06,26.23443603515625,33.33000183105469,33.7400016784668,32.540000915527344,32.599998474121094,600800
2009-11-09,27.171106338500977,34.52000045776367,34.560001373291016,33.66999816894531,33.77000045776367,593000
2009-11-10,27.438718795776367,34.86000061035156,34.970001220703125,34.2400016784668,34.310001373291016,764000
2009-11-11,27.59614372253418,35.060001373291016,35.47999954223633,34.790000915527344,35.13999938964844,699100
2009-11-12,26.97431755065918,34.27000045776367,35.2599983215332,34.20000076293945,35.06999969482422,404500
2009-11-13,27.131742477416992,34.470001220703125,34.630001068115234,34.0,34.41999816894531,773100
2009-11-16,27.635480880737305,35.11000061035156,35.31999969482422,34.619998931884766,34.70000076293945,469300
2009-11-17,27.297033309936523,34.68000030517578,35.290000915527344,34.560001373291016,35.040000915527344,583200
2009-11-18,27.139617919921875,34.47999954223633,34.77000045776367,34.279998779296875,34.66999816894531,296600
2009-11-19,26.82477378845215,34.08000183105469,34.40999984741211,33.5,34.220001220703125,537900
2009-11-20,26.84050178527832,34.099998474121094,34.38999938964844,33.77000045776367,33.77000045776367,471300
2009-11-23,27.076650619506836,34.400001525878906,35.0,34.150001525878906,34.83000183105469,491400
2009-11-24,26.864124298095703,34.130001068115234,34.439998626708984,33.77000045776367,34.189998626708984,266300
2009-11-25,27.24193572998047,34.61000061035156,34.709999084472656,34.119998931884766,34.33000183105469,304800
2009-11-27,26.635854721069336,33.84000015258789,34.2599983215332,33.060001373291016,33.099998474121094,169800
2009-11-30,26.56502342224121,33.75,33.97999954223633,33.38999938964844,33.689998626708984,471300
2009-12-01,26.927091598510742,34.209999084472656,34.61000061035156,34.06999969482422,34.130001068115234,433500
2009-12-02,27.5882625579834,35.04999923706055,35.15999984741211,34.18000030517578,34.27000045776367,512500
2009-12-03,26.572887420654297,33.7599983215332,35.290000915527344,33.7400016784668,35.290000915527344,727400
2009-12-04,26.8326416015625,34.09000015258789,34.7599983215332,33.380001068115234,34.349998474121094,1127500
2009-12-07,27.714214324951172,35.209999084472656,35.2400016784668,34.0,34.099998474121094,972500
2009-12-08,27.635480880737305,35.11000061035156,35.4900016784668,34.83000183105469,34.900001525878906,911200
2009-12-09,27.792919158935547,35.310001373291016,35.349998474121094,34.470001220703125,34.9900016784668,944600
2009-12-10,28.312410354614258,35.970001220703125,36.369998931884766,35.65999984741211,35.75,932200
2009-12-11,28.513822555541992,36.099998474121094,36.25,35.349998474121094,36.060001373291016,386900
2009-12-14,28.94035530090332,36.63999938964844,36.720001220703125,35.79999923706055,36.400001525878906,362900
2009-12-15,28.782365798950195,36.439998626708984,36.900001525878906,36.20000076293945,36.310001373291016,401100
2009-12-16,28.69549560546875,36.33000183105469,36.97999954223633,36.29999923706055,36.54999923706055,512300
2009-12-17,28.0399169921875,35.5,36.15999984741211,35.43000030517578,35.88999938964844,644200
2009-12-18,28.150497436523438,35.63999938964844,35.91999816894531,35.13999938964844,35.61000061035156,773000
2009-12-21,28.245269775390625,35.7599983215332,36.560001373291016,35.61000061035156,36.040000915527344,581300
2009-12-22,28.36374282836914,35.90999984741211,36.20000076293945,35.720001220703125,35.95000076293945,580500
2009-12-23,29.0272274017334,36.75,36.79999923706055,35.68000030517578,36.08000183105469,295100
2009-12-24,29.41426658630371,37.2400016784668,37.25,36.81999969482422,36.91999816894531,109600
2009-12-28,29.437957763671875,37.27000045776367,37.619998931884766,36.97999954223633,37.29999923706055,306000
2009-12-29,29.366867065429688,37.18000030517578,37.41999816894531,37.029998779296875,37.41999816894531,210500
2009-12-30,29.248395919799805,37.029998779296875,37.45000076293945,36.88999938964844,36.900001525878906,180800
2009-12-31,28.727094650268555,36.369998931884766,37.18000030517578,36.369998931884766,37.060001373291016,297500
2010-01-04,30.085634231567383,38.09000015258789,38.2400016784668,36.900001525878906,36.90999984741211,712900
2010-01-05,30.03034019470215,38.02000045776367,38.70000076293945,37.599998474121094,38.70000076293945,398900
2010-01-06,30.085634231567383,38.09000015258789,38.47999954223633,37.88999938964844,37.959999084472656,717200
2010-01-07,29.872379302978516,37.81999969482422,38.16999816894531,37.79999923706055,38.029998779296875,603700
2010-01-08,30.322593688964844,38.38999938964844,38.56999969482422,37.65999984741211,37.65999984741211,759000
2010-01-11,30.18832015991211,38.220001220703125,38.790000915527344,37.86000061035156,38.63999938964844,763000
2010-01-12,29.769699096679688,37.689998626708984,38.040000915527344,37.400001525878906,37.88999938964844,323400
2010-01-13,30.06983757019043,38.06999969482422,38.11000061035156,37.4900016784668,37.900001525878906,330500
2010-01-14,29.951370239257812,37.91999816894531,38.290000915527344,37.709999084472656,38.0099983215332,221100
2010-01-15,29.927661895751953,37.88999938964844,38.88999938964844,37.63999938964844,38.79999923706055,450400
2010-01-19,30.306793212890625,38.369998931884766,38.369998931884766,37.88999938964844,37.970001220703125,474100
2010-01-20,29.982955932617188,37.959999084472656,38.08000183105469,37.59000015258789,37.90999984741211,360900
2010-01-21,29.319469451904297,37.119998931884766,38.290000915527344,37.119998931884766,37.88999938964844,624700
2010-01-22,28.505924224853516,36.09000015258789,37.290000915527344,35.970001220703125,37.0,607800
2010-01-25,28.82978057861328,36.5,37.099998474121094,36.400001525878906,36.630001068115234,831500
2010-01-26,29.516923904418945,37.369998931884766,38.779998779296875,37.08000183105469,37.11000061035156,1156200
2010-01-27,29.114126205444336,36.86000061035156,37.619998931884766,36.54999923706055,37.2599983215332,669000
2010-01-28,28.782365798950195,36.439998626708984,37.040000915527344,36.0099983215332,36.95000076293945,545300
2010-01-29,28.213674545288086,35.720001220703125,36.869998931884766,35.720001220703125,36.560001373291016,852200
2010-02-01,28.632301330566406,36.25,36.349998474121094,35.79999923706055,35.95000076293945,1012700
2010-02-02,29.145702362060547,36.900001525878906,37.119998931884766,35.9900016784668,36.380001068115234,951800
2010-02-03,28.93244171142578,36.630001068115234,37.29999923706055,36.54999923706055,36.779998779296875,704100
2010-02-04,27.953025817871094,35.38999938964844,36.47999954223633,35.38999938964844,36.220001220703125,486000
2010-02-05,27.77135467529297,35.15999984741211,35.68000030517578,34.4900016784668,35.47999954223633,759400
2010-02-08,27.534400939941406,34.86000061035156,35.29999923706055,34.560001373291016,35.20000076293945,682600
2010-02-09,27.89773178100586,35.31999969482422,35.650001525878906,34.93000030517578,35.58000183105469,440500
2010-02-10,27.94512939453125,35.380001068115234,35.529998779296875,34.59000015258789,35.11000061035156,417500
2010-02-11,28.332149505615234,35.869998931884766,35.959999084472656,34.959999084472656,35.29999923706055,407100
2010-02-12,28.908754348754883,36.599998474121094,36.650001525878906,35.31999969482422,35.40999984741211,788700
2010-02-16,29.78548812866211,37.709999084472656,37.709999084472656,36.77000045776367,36.91999816894531,633600
2010-02-17,29.832897186279297,37.77000045776367,38.040000915527344,37.52000045776367,37.880001068115234,946500
2010-02-18,29.911865234375,37.869998931884766,38.11000061035156,37.7599983215332,37.77000045776367,708300
2010-02-19,30.117229461669922,38.130001068115234,38.290000915527344,37.70000076293945,37.84000015258789,462500
2010-02-22,30.1251277923584,38.13999938964844,38.34000015258789,37.81999969482422,38.34000015258789,285400
2010-02-23,29.201004028320312,36.970001220703125,38.20000076293945,36.7400016784668,37.91999816894531,710900
2010-02-24,29.129920959472656,36.880001068115234,37.36000061035156,36.65999984741211,37.040000915527344,734400
2010-02-25,29.153606414794922,36.90999984741211,37.08000183105469,36.11000061035156,36.43000030517578,648700
2010-02-26,29.611722946166992,37.4900016784668,37.529998779296875,36.66999816894531,37.04999923706055,632600
2010-03-01,31.151945114135742,39.439998626708984,39.459999084472656,37.560001373291016,37.560001373291016,1212000
2010-03-02,31.85491943359375,40.33000183105469,40.86000061035156,39.849998474121094,39.86000061035156,1359800
2010-03-03,31.87071418762207,40.349998474121094,40.630001068115234,40.09000015258789,40.290000915527344,597800
2010-03-04,31.823326110839844,40.290000915527344,40.7400016784668,40.08000183105469,40.31999969482422,338200
2010-03-05,32.518375396728516,41.16999816894531,41.439998626708984,40.34000015258789,40.52000045776367,565400
2010-03-08,32.58158493041992,41.25,41.77000045776367,41.08000183105469,41.08000183105469,466500
2010-03-09,32.384124755859375,41.0,41.290000915527344,40.599998474121094,41.0,360000
2010-03-10,32.644771575927734,41.33000183105469,41.4900016784668,40.70000076293945,40.90999984741211,358300
2010-03-11,32.81121063232422,41.400001525878906,41.400001525878906,40.459999084472656,40.90999984741211,359300
2010-03-12,33.239173889160156,41.939998626708984,42.09000015258789,41.65999984741211,41.65999984741211,863300
2010-03-15,33.445247650146484,42.20000076293945,42.41999816894531,41.75,41.849998474121094,760200
2010-03-16,33.762264251708984,42.599998474121094,42.720001220703125,42.29999923706055,42.40999984741211,924800
2010-03-17,33.94454574584961,42.83000183105469,43.0,42.66999816894531,42.779998779296875,485600
2010-03-18,33.96040344238281,42.849998474121094,43.0,42.459999084472656,42.70000076293945,331500
2010-03-19,33.47694396972656,42.2400016784668,43.11000061035156,42.16999816894531,42.2400016784668,646200
2010-03-22,34.11890411376953,43.04999923706055,43.20000076293945,41.79999923706055,41.970001220703125,431000
2010-03-23,34.23777770996094,43.20000076293945,43.380001068115234,42.65999984741211,43.16999816894531,420400
2010-03-24,33.69093704223633,42.5099983215332,43.119998931884766,42.400001525878906,43.040000915527344,428700
2010-03-25,33.15200424194336,41.83000183105469,43.13999938964844,41.79999923706055,42.93000030517578,455100
2010-03-26,32.86669158935547,41.470001220703125,42.2400016784668,41.0099983215332,41.869998931884766,869000
2010-03-29,33.40561294555664,42.150001525878906,42.599998474121094,41.709999084472656,41.709999084472656,745500
2010-03-30,33.7067756652832,42.529998779296875,42.650001525878906,41.939998626708984,42.290000915527344,427900
2010-03-31,33.786041259765625,42.630001068115234,43.79999923706055,42.380001068115234,42.400001525878906,993700
2010-04-01,33.97623062133789,42.869998931884766,43.439998626708984,42.459999084472656,43.15999984741211,571400
2010-04-05,34.20606994628906,43.15999984741211,43.2400016784668,42.779998779296875,42.93000030517578,467300
2010-04-06,34.570648193359375,43.619998931884766,43.66999816894531,42.779998779296875,43.0099983215332,638000
2010-04-07,34.562705993652344,43.61000061035156,44.04999923706055,43.369998931884766,43.650001525878906,540300
2010-04-08,34.61819076538086,43.68000030517578,43.70000076293945,42.900001525878906,43.369998931884766,311600
2010-04-09,35.11750411987305,44.310001373291016,44.310001373291016,43.439998626708984,43.7599983215332,333100
2010-04-12,34.48346710205078,43.5099983215332,44.5,43.310001373291016,44.369998931884766,454300
2010-04-13,34.19023513793945,43.13999938964844,43.380001068115234,42.93000030517578,43.369998931884766,614200
2010-04-14,35.28392791748047,44.52000045776367,44.61000061035156,43.34000015258789,43.439998626708984,674800
2010-04-15,35.275997161865234,44.5099983215332,44.75,44.18000030517578,44.38999938964844,487600
2010-04-16,34.79255294799805,43.900001525878906,44.86000061035156,43.81999969482422,44.38999938964844,657600
2010-04-19,34.657833099365234,43.72999954223633,43.86000061035156,42.880001068115234,43.630001068115234,451100
2010-04-20,35.03033447265625,44.20000076293945,44.279998779296875,43.75,44.13999938964844,368300
2010-04-21,34.729148864746094,43.81999969482422,44.400001525878906,43.7400016784668,44.349998474121094,778700
2010-04-22,34.808406829833984,43.91999816894531,44.13999938964844,43.43000030517578,43.4900016784668,1313800
2010-04-23,35.39488983154297,44.65999984741211,44.77000045776367,43.38999938964844,44.11000061035156,1208000
2010-04-26,35.49791717529297,44.790000915527344,45.31999969482422,44.43000030517578,44.54999923706055,721200
2010-04-27,35.06993865966797,44.25,45.540000915527344,44.0,44.689998626708984,1851700
2010-04-28,35.85456466674805,45.2400016784668,45.689998626708984,44.11000061035156,44.720001220703125,1314600
2010-04-29,36.845237731933594,46.4900016784668,46.75,45.599998474121094,45.779998779296875,867100
2010-04-30,36.187435150146484,45.65999984741211,46.970001220703125,45.56999969482422,46.56999969482422,891400
2010-05-03,36.4568977355957,46.0,46.34000015258789,45.56999969482422,46.0,1112800
2010-05-04,35.212623596191406,44.43000030517578,45.45000076293945,43.9900016784668,45.33000183105469,1219500
2010-05-05,34.182281494140625,43.130001068115234,44.060001373291016,42.970001220703125,43.97999954223633,1010400
2010-05-06,32.327762603759766,40.790000915527344,43.560001373291016,38.47999954223633,42.84000015258789,2202500
2010-05-07,31.09140396118164,39.22999954223633,40.43000030517578,38.310001373291016,40.43000030517578,2738400
2010-05-10,33.8018798828125,42.650001525878906,43.630001068115234,41.119998931884766,41.119998931884766,1386500
2010-05-11,33.49278259277344,42.2599983215332,43.02000045776367,41.61000061035156,42.08000183105469,1140300
2010-05-12,34.45176315307617,43.470001220703125,43.52000045776367,42.470001220703125,42.470001220703125,797600
2010-05-13,34.174381256103516,43.119998931884766,43.66999816894531,42.91999816894531,43.130001068115234,517400
2010-05-14,33.278804779052734,41.9900016784668,42.72999954223633,41.61000061035156,42.70000076293945,969200
2010-05-17,33.056884765625,41.709999084472656,42.38999938964844,40.369998931884766,42.13999938964844,1014400
2010-05-18,33.26296615600586,41.970001220703125,42.63999938964844,41.689998626708984,42.38999938964844,1732600
2010-05-19,32.94591522216797,41.56999969482422,42.11000061035156,40.900001525878906,41.84000015258789,1703000
2010-05-20,31.638233184814453,39.91999816894531,41.15999984741211,39.63999938964844,40.0099983215332,2919400
2010-05-21,32.351539611816406,40.81999969482422,40.880001068115234,38.779998779296875,39.09000015258789,1308300
2010-05-24,32.121700286865234,40.529998779296875,41.33000183105469,40.45000076293945,40.52000045776367,866400
2010-05-25,32.04244613647461,40.43000030517578,40.54999923706055,38.209999084472656,39.18000030517578,1825600
2010-05-26,32.850830078125,41.45000076293945,42.209999084472656,40.709999084472656,40.75,1408900
2010-05-27,34.29326248168945,43.27000045776367,43.27000045776367,41.939998626708984,42.47999954223633,616600
2010-05-28,34.1268310546875,43.060001373291016,43.709999084472656,42.79999923706055,43.2599983215332,1083900
2010-06-01,32.922157287597656,41.540000915527344,43.09000015258789,41.540000915527344,42.75,650900
2010-06-02,33.96040344238281,42.849998474121094,42.849998474121094,41.29999923706055,42.400001525878906,603400
2010-06-03,34.07927322387695,43.0,43.13999938964844,42.41999816894531,42.9900016784668,606900
2010-06-04,32.533817291259766,41.04999923706055,42.70000076293945,40.189998626708984,40.58000183105469,1510700
2010-06-07,31.59860610961914,39.869998931884766,41.310001373291016,39.72999954223633,41.09000015258789,1504500
2010-06-08,31.170639038085938,39.33000183105469,40.18000030517578,38.66999816894531,39.63999938964844,2074300
2010-06-09,31.606542587280273,39.880001068115234,40.95000076293945,39.5099983215332,39.75,1193600
2010-06-10,33.15200424194336,41.83000183105469,42.029998779296875,40.83000183105469,40.86000061035156,1064800
2010-06-11,33.53369903564453,42.16999816894531,42.2599983215332,41.119998931884766,41.119998931884766,620500
2010-06-14,33.4303092956543,42.040000915527344,43.130001068115234,41.880001068115234,42.59000015258789,872800
2010-06-15,34.36867904663086,43.220001220703125,43.22999954223633,42.310001373291016,42.349998474121094,631800
2010-06-16,34.082374572753906,42.86000061035156,43.310001373291016,42.689998626708984,42.81999969482422,563200
2010-06-17,33.827911376953125,42.540000915527344,43.25,42.189998626708984,43.209999084472656,918200
2010-06-18,33.97899627685547,42.72999954223633,42.939998626708984,42.290000915527344,42.560001373291016,899200
2010-06-21,34.169864654541016,42.970001220703125,44.099998474121094,42.619998931884766,43.400001525878906,648400
2010-06-22,33.128135681152344,41.65999984741211,43.04999923706055,41.61000061035156,42.939998626708984,961600
2010-06-23,32.929325103759766,41.40999984741211,41.880001068115234,40.7599983215332,41.65999984741211,946500
2010-06-24,32.22161102294922,40.52000045776367,41.45000076293945,40.369998931884766,41.11000061035156,677100
2010-06-25,32.26137161254883,40.56999969482422,41.52000045776367,40.279998779296875,40.63999938964844,2780000
2010-06-28,32.730552673339844,41.15999984741211,41.79999923706055,40.599998474121094,40.900001525878906,1281300
2010-06-29,31.8080997467041,40.0,40.54999923706055,39.7599983215332,40.29999923706055,1317800
2010-06-30,31.57750701904297,39.709999084472656,41.099998474121094,39.599998474121094,40.0099983215332,735600
2010-07-01,31.474138259887695,39.58000183105469,40.029998779296875,38.470001220703125,39.630001068115234,820400
2010-07-02,31.17194938659668,39.20000076293945,39.959999084472656,38.84000015258789,39.91999816894531,580000
2010-07-06,31.092416763305664,39.099998474121094,40.34000015258789,38.7400016784668,39.959999084472656,753000
2010-07-07,32.49993896484375,40.869998931884766,40.869998931884766,39.25,39.25,1024200
2010-07-08,32.969085693359375,41.459999084472656,41.72999954223633,40.93000030517578,41.290000915527344,488100
2010-07-09,33.0247688293457,41.529998779296875,41.83000183105469,41.189998626708984,41.5,736400
2010-07-12,32.39655303955078,40.7400016784668,41.43000030517578,40.369998931884766,41.27000045776367,801600
2010-07-13,33.597312927246094,42.25,42.43000030517578,41.060001373291016,41.29999923706055,491400
2010-07-14,33.23152160644531,41.790000915527344,41.9900016784668,41.380001068115234,41.97999954223633,1054200
2010-07-15,33.350807189941406,41.939998626708984,42.16999816894531,40.939998626708984,41.70000076293945,666400
2010-07-16,32.05461502075195,40.310001373291016,41.66999816894531,40.11000061035156,41.66999816894531,737400
2010-07-19,32.420406341552734,40.77000045776367,40.779998779296875,39.849998474121094,40.56999969482422,438500
2010-07-20,33.120201110839844,41.650001525878906,41.70000076293945,39.849998474121094,40.06999969482422,599600
2010-07-21,32.84185791015625,41.29999923706055,42.61000061035156,41.13999938964844,42.13999938964844,715300
2010-07-22,34.40047073364258,43.2599983215332,43.31999969482422,42.06999969482422,42.20000076293945,1048800
2010-07-23,35.16386413574219,44.220001220703125,44.34000015258789,43.119998931884766,43.189998626708984,566500
2010-07-26,35.9828987121582,45.25,45.95000076293945,44.18000030517578,44.5,1141500
2010-07-27,35.38651657104492,44.5,46.310001373291016,43.130001068115234,45.7400016784668,1567000
2010-07-28,34.43228530883789,43.29999923706055,44.54999923706055,42.959999084472656,44.54999923706055,1588900
2010-07-29,34.511817932128906,43.400001525878906,44.04999923706055,42.86000061035156,43.869998931884766,874100
2010-07-30,34.68673324584961,43.619998931884766,43.970001220703125,42.72999954223633,42.7400016784668,728500
2010-08-02,35.50580596923828,44.650001525878906,45.040000915527344,44.25,44.459999084472656,470200
2010-08-03,35.219539642333984,44.290000915527344,44.63999938964844,43.75,44.34000015258789,567500
2010-08-04,36.09423828125,45.38999938964844,45.38999938964844,44.18000030517578,44.38999938964844,616600
2010-08-05,35.99882888793945,45.27000045776367,45.58000183105469,45.0,45.08000183105469,356800
2010-08-06,36.11014938354492,45.40999984741211,45.630001068115234,44.560001373291016,44.72999954223633,740800
2010-08-09,36.475948333740234,45.869998931884766,45.95000076293945,45.31999969482422,45.66999816894531,452300
2010-08-10,35.77616500854492,44.9900016784668,45.310001373291016,44.43000030517578,45.11000061035156,694700
2010-08-11,34.4163818359375,43.279998779296875,43.93000030517578,42.97999954223633,43.790000915527344,577500
2010-08-12,33.52574920654297,42.15999984741211,42.810001373291016,41.91999816894531,42.34000015258789,1178700
2010-08-13,33.183815002441406,41.72999954223633,42.400001525878906,41.650001525878906,41.7400016784668,1103400
2010-08-16,33.2474250793457,41.810001373291016,42.119998931884766,41.310001373291016,41.470001220703125,1067400
2010-08-17,34.082374572753906,42.86000061035156,43.439998626708984,42.290000915527344,42.29999923706055,864700
2010-08-18,34.13804626464844,42.93000030517578,43.099998474121094,42.52000045776367,42.86000061035156,684200
2010-08-19,33.295127868652344,41.869998931884766,42.68000030517578,41.529998779296875,42.560001373291016,476800
2010-08-20,32.78620529174805,41.22999954223633,41.720001220703125,40.720001220703125,41.56999969482422,1034000
2010-08-23,32.452239990234375,40.810001373291016,41.66999816894531,40.689998626708984,41.439998626708984,499400
2010-08-24,31.831951141357422,40.029998779296875,40.40999984741211,39.81999969482422,40.29999923706055,677800
2010-08-25,31.744478225708008,39.91999816894531,40.04999923706055,39.0099983215332,39.61000061035156,1039400
2010-08-26,31.561595916748047,39.689998626708984,40.4900016784668,39.63999938964844,40.119998931884766,891600
2010-08-27,32.31705093383789,40.63999938964844,40.650001525878906,38.75,40.16999816894531,1098700
2010-08-30,31.72063446044922,39.88999938964844,40.56999969482422,39.88999938964844,40.40999984741211,540000
2010-08-31,31.87967300415039,40.09000015258789,40.4900016784668,39.34000015258789,39.720001220703125,796500
2010-09-01,33.350807189941406,41.939998626708984,42.09000015258789,40.599998474121094,40.939998626708984,735100
2010-09-02,33.70863342285156,42.38999938964844,42.470001220703125,41.709999084472656,41.81999969482422,469500
2010-09-03,34.448177337646484,43.31999969482422,43.58000183105469,43.0,43.0,523100
2010-09-07,33.676841735839844,42.349998474121094,43.31999969482422,42.2599983215332,43.040000915527344,568700
2010-09-08,33.764305114746094,42.459999084472656,42.849998474121094,42.400001525878906,42.4900016784668,456400
2010-09-09,33.128135681152344,41.65999984741211,43.04999923706055,41.63999938964844,43.040000915527344,722400
2010-09-10,32.63511657714844,41.040000915527344,41.849998474121094,40.9900016784668,41.720001220703125,926900
2010-09-13,33.61656951904297,42.130001068115234,42.2599983215332,41.369998931884766,41.470001220703125,874600
2010-09-14,33.76818084716797,42.31999969482422,42.650001525878906,41.77000045776367,41.9900016784668,710500
2010-09-15,34.5102424621582,43.25,43.349998474121094,42.20000076293945,42.31999969482422,715200
2010-09-16,34.430458068847656,43.150001525878906,43.38999938964844,43.02000045776367,43.33000183105469,859200
2010-09-17,34.61396789550781,43.380001068115234,43.599998474121094,43.0,43.36000061035156,823600
2010-09-20,35.252315521240234,44.18000030517578,44.2400016784668,42.97999954223633,43.630001068115234,636000
2010-09-21,35.07676315307617,43.959999084472656,44.34000015258789,43.709999084472656,44.150001525878906,496300
2010-09-22,34.81346893310547,43.630001068115234,44.20000076293945,43.560001373291016,43.880001068115234,488900
2010-09-23,34.54216003417969,43.290000915527344,44.2599983215332,42.959999084472656,43.119998931884766,678600
2010-09-24,35.54753875732422,44.54999923706055,44.58000183105469,43.88999938964844,44.0,853000
2010-09-27,35.77893829345703,44.84000015258789,45.22999954223633,44.5,44.5,533800
2010-09-28,36.169921875,45.33000183105469,45.41999816894531,44.31999969482422,44.86000061035156,616000
2010-09-29,36.80826187133789,46.130001068115234,46.34000015258789,45.0099983215332,45.04999923706055,1552800
2010-09-30,37.35086441040039,46.810001373291016,47.150001525878906,46.189998626708984,46.4900016784668,2219400
2010-10-01,37.709922790527344,47.2599983215332,47.349998474121094,46.5,47.18000030517578,1432400
2010-10-04,37.26307678222656,46.70000076293945,47.29999923706055,46.15999984741211,47.130001068115234,682000
2010-10-05,38.4120979309082,48.13999938964844,48.279998779296875,47.060001373291016,47.400001525878906,945700
2010-10-06,38.236541748046875,47.91999816894531,48.18000030517578,47.2599983215332,48.06999969482422,716100
2010-10-07,38.10090255737305,47.75,48.709999084472656,47.61000061035156,48.2599983215332,1300100
2010-10-08,38.148780822753906,47.810001373291016,48.09000015258789,47.66999816894531,47.84000015258789,958800
2010-10-11,38.33230209350586,48.040000915527344,48.599998474121094,47.84000015258789,47.84000015258789,694600
2010-10-12,38.31633758544922,48.02000045776367,48.189998626708984,47.34000015258789,47.86000061035156,408600
2010-10-13,38.954681396484375,48.81999969482422,48.93000030517578,48.310001373291016,48.34000015258789,684800
2010-10-14,38.71531295776367,48.52000045776367,48.849998474121094,48.20000076293945,48.7400016784668,291200
2010-10-15,38.69137191772461,48.4900016784668,49.27000045776367,47.939998626708984,48.91999816894531,279500
2010-10-18,38.60358428955078,48.380001068115234,48.88999938964844,48.130001068115234,48.65999984741211,686000
2010-10-19,37.7817268371582,47.349998474121094,48.20000076293945,47.02000045776367,47.630001068115234,568300
2010-10-20,38.58763885498047,48.36000061035156,48.720001220703125,47.349998474121094,47.40999984741211,565400
2010-10-21,38.84297561645508,48.68000030517578,49.349998474121094,48.06999969482422,48.66999816894531,620800
2010-10-22,39.11426544189453,49.02000045776367,51.150001525878906,48.83000183105469,49.630001068115234,1576600
2010-10-25,39.952083587646484,50.06999969482422,50.86000061035156,49.540000915527344,49.650001525878906,839800
2010-10-26,40.03187561035156,50.16999816894531,50.689998626708984,49.43000030517578,49.529998779296875,576200
2010-10-27,39.76856231689453,49.84000015258789,49.88999938964844,49.06999969482422,49.81999969482422,612000
2010-10-28,39.47332763671875,49.470001220703125,50.29999923706055,49.310001373291016,50.119998931884766,620400
2010-10-29,39.99996566772461,50.130001068115234,50.2599983215332,49.189998626708984,49.27000045776367,462700
2010-11-01,40.04784393310547,50.189998626708984,50.86000061035156,49.88999938964844,50.59000015258789,372100
2010-11-02,40.49467849731445,50.75,51.15999984741211,50.619998931884766,50.83000183105469,477800
2010-11-03,40.68617630004883,50.9900016784668,51.06999969482422,50.45000076293945,50.70000076293945,770300
2010-11-04,42.11445617675781,52.779998779296875,52.939998626708984,51.5099983215332,51.630001068115234,1243700
2010-11-05,42.369789123535156,53.099998474121094,53.220001220703125,52.40999984741211,52.95000076293945,880200
2010-11-08,42.19424819946289,52.880001068115234,53.22999954223633,52.56999969482422,52.939998626708984,350300
2010-11-09,41.891029357910156,52.5,53.54999923706055,52.279998779296875,53.06999969482422,709600
2010-11-10,42.28999328613281,53.0,53.22999954223633,52.02000045776367,52.529998779296875,508800
2010-11-11,42.258094787597656,52.959999084472656,53.08000183105469,52.40999984741211,52.439998626708984,535600
2010-11-12,41.46016311645508,51.959999084472656,52.84000015258789,51.7400016784668,52.5099983215332,263900
2010-11-15,41.603797912597656,52.13999938964844,52.88999938964844,52.029998779296875,52.189998626708984,363100
2010-11-16,40.8377799987793,51.18000030517578,51.58000183105469,50.31999969482422,51.58000183105469,804200
2010-11-17,40.88566589355469,51.2400016784668,51.72999954223633,50.790000915527344,51.22999954223633,331800
2010-11-18,42.13041687011719,52.79999923706055,53.83000183105469,52.029998779296875,52.11000061035156,652500
2010-11-19,42.672996520996094,53.47999954223633,53.540000915527344,52.41999816894531,52.65999984741211,289000
2010-11-22,43.032073974609375,53.93000030517578,53.9900016784668,52.75,53.06999969482422,440800
2010-11-23,42.21021270751953,52.900001525878906,53.38999938964844,52.779998779296875,53.16999816894531,566000
2010-11-24,43.52679443359375,54.54999923706055,54.56999969482422,53.36000061035156,53.380001068115234,455400
2010-11-26,43.17570114135742,54.11000061035156,54.43000030517578,53.790000915527344,54.09000015258789,113100
2010-11-29,43.327308654785156,54.29999923706055,54.540000915527344,52.970001220703125,53.65999984741211,522700
2010-11-30,43.15974044799805,54.09000015258789,54.459999084472656,53.58000183105469,53.66999816894531,791900
2010-12-01,44.18108367919922,55.369998931884766,55.4900016784668,54.849998474121094,55.02000045776367,692300
2010-12-02,43.885868072509766,55.0,55.43000030517578,54.349998474121094,55.369998931884766,957400
2010-12-03,44.06938552856445,55.22999954223633,55.439998626708984,54.47999954223633,54.83000183105469,709600
2010-12-06,44.17312240600586,55.36000061035156,55.630001068115234,54.95000076293945,55.209999084472656,296200
2010-12-07,44.340675354003906,55.56999969482422,56.130001068115234,54.900001525878906,54.900001525878906,437700
2010-12-08,43.423057556152344,54.41999816894531,55.7400016784668,54.09000015258789,55.70000076293945,1319600
2010-12-09,43.941707611083984,55.06999969482422,55.11000061035156,54.349998474121094,54.81999969482422,472400
2010-12-10,44.19704055786133,55.38999938964844,55.540000915527344,55.08000183105469,55.27000045776367,387800
2010-12-13,44.03706359863281,55.04999923706055,55.810001373291016,54.91999816894531,55.4900016784668,390900
2010-12-14,44.50901412963867,55.63999938964844,56.060001373291016,55.16999816894531,55.2400016784668,486500
2010-12-15,43.84507369995117,54.810001373291016,56.630001068115234,54.7400016784668,55.349998474121094,1106800
2010-12-16,44.36504364013672,55.459999084472656,56.040000915527344,54.349998474121094,54.869998931884766,939100
2010-12-17,45.03697967529297,56.29999923706055,56.41999816894531,55.08000183105469,55.599998474121094,1163300
2010-12-20,44.62102127075195,55.779998779296875,56.65999984741211,55.689998626708984,56.29999923706055,568500
2010-12-21,45.38095474243164,56.72999954223633,57.34000015258789,55.869998931884766,55.970001220703125,463900
2010-12-22,44.92499923706055,56.15999984741211,56.91999816894531,55.86000061035156,56.88999938964844,334400
2010-12-23,44.91700744628906,56.150001525878906,56.540000915527344,56.02000045776367,56.150001525878906,171500
2010-12-27,44.83700180053711,56.04999923706055,56.15999984741211,55.54999923706055,55.970001220703125,179500
2010-12-28,44.74101257324219,55.93000030517578,56.209999084472656,55.58000183105469,56.20000076293945,226600
2010-12-29,45.08497619628906,56.36000061035156,56.66999816894531,56.0,56.0,338700
2010-12-30,44.90099334716797,56.130001068115234,56.68000030517578,56.08000183105469,56.20000076293945,153900
2010-12-31,44.62102127075195,55.779998779296875,56.31999969482422,55.7599983215332,56.060001373291016,301100
2011-01-03,44.68501663208008,55.86000061035156,57.119998931884766,55.72999954223633,56.119998931884766,663800
2011-01-04,44.2690315246582,55.34000015258789,56.18000030517578,54.72999954223633,56.08000183105469,715400
2011-01-05,44.12504959106445,55.15999984741211,55.33000183105469,54.68000030517578,55.0099983215332,503800
2011-01-06,43.84507369995117,54.810001373291016,55.54999923706055,54.709999084472656,55.380001068115234,651800
2011-01-07,43.7410774230957,54.68000030517578,55.130001068115234,54.33000183105469,54.959999084472656,486900
2011-01-10,44.03706359863281,55.04999923706055,55.47999954223633,53.7599983215332,54.36000061035156,723100
2011-01-11,44.63700866699219,55.79999923706055,56.18000030517578,55.189998626708984,55.400001525878906,501800
2011-01-12,47.04485321044922,58.810001373291016,58.959999084472656,56.400001525878906,56.400001525878906,1443800
2011-01-13,46.748870849609375,58.439998626708984,59.279998779296875,58.290000915527344,59.279998779296875,737000
2011-01-14,47.88480758666992,59.86000061035156,60.540000915527344,58.220001220703125,58.47999954223633,1021700
2011-01-18,48.52474594116211,60.65999984741211,60.70000076293945,59.560001373291016,59.95000076293945,1094400
2011-01-19,45.79693603515625,57.25,59.040000915527344,56.93000030517578,58.83000183105469,1920000
2011-01-20,45.492958068847656,56.869998931884766,57.5,56.36000061035156,56.650001525878906,875200
2011-01-21,46.14890670776367,57.689998626708984,58.119998931884766,56.939998626708984,57.29999923706055,1010700
2011-01-24,46.15690994262695,57.70000076293945,58.02000045776367,57.290000915527344,57.560001373291016,1224700
2011-01-25,45.59696578979492,57.0,58.56999969482422,56.40999984741211,58.0,1643900
2011-01-26,45.684940338134766,57.11000061035156,58.25,56.720001220703125,56.790000915527344,1756000
2011-01-27,45.50096130371094,56.880001068115234,57.38999938964844,56.779998779296875,57.38999938964844,1066400
2011-01-28,44.46103286743164,55.58000183105469,57.0099983215332,55.38999938964844,56.720001220703125,1387300
2011-01-31,44.92499923706055,56.15999984741211,56.29999923706055,54.779998779296875,55.599998474121094,1240200
2011-02-01,46.18891143798828,57.7400016784668,57.95000076293945,56.54999923706055,57.099998474121094,1610400
2011-02-02,46.108909606933594,57.63999938964844,58.25,57.15999984741211,57.65999984741211,1196200
2011-02-03,46.00492477416992,57.5099983215332,57.900001525878906,56.79999923706055,57.33000183105469,600700
2011-02-04,46.268898010253906,57.84000015258789,58.709999084472656,57.20000076293945,57.689998626708984,974600
2011-02-07,45.9409065246582,57.43000030517578,58.369998931884766,57.20000076293945,57.959999084472656,861700
2011-02-08,46.052921295166016,57.56999969482422,57.83000183105469,57.060001373291016,57.5099983215332,881000
2011-02-09,45.772945404052734,57.220001220703125,57.540000915527344,56.939998626708984,57.22999954223633,823400
2011-02-10,45.740936279296875,57.18000030517578,57.79999923706055,56.810001373291016,56.83000183105469,733000
2011-02-11,45.884944915771484,57.36000061035156,57.58000183105469,56.900001525878906,57.130001068115234,1321300
2011-02-14,46.09291458129883,57.619998931884766,57.83000183105469,57.33000183105469,57.349998474121094,548300
2011-02-15,46.2129020690918,57.77000045776367,57.849998474121094,57.380001068115234,57.459999084472656,581900
2011-02-16,46.84486770629883,58.560001373291016,58.70000076293945,57.83000183105469,57.959999084472656,761500
2011-02-17,47.236846923828125,59.04999923706055,59.130001068115234,58.36000061035156,58.619998931884766,726300
2011-02-18,47.47682571411133,59.349998474121094,59.709999084472656,59.04999923706055,59.279998779296875,647500
2011-02-22,45.70094680786133,57.130001068115234,58.9900016784668,57.04999923706055,58.779998779296875,1061500
2011-02-23,45.38095474243164,56.72999954223633,57.040000915527344,55.31999969482422,56.650001525878906,839900
2011-02-24,44.813011169433594,56.02000045776367,56.790000915527344,55.16999816894531,56.63999938964844,1076600
2011-02-25,45.78893280029297,57.2400016784668,57.2599983215332,56.27000045776367,56.400001525878906,625300
2011-02-28,46.0449333190918,57.560001373291016,57.84000015258789,57.029998779296875,57.54999923706055,624600
2011-03-01,45.06898880004883,56.34000015258789,58.040000915527344,56.06999969482422,57.900001525878906,845100
2011-03-02,44.813011169433594,56.02000045776367,56.810001373291016,55.84000015258789,56.150001525878906,426200
2011-03-03,46.6448860168457,58.310001373291016,58.349998474121094,56.83000183105469,56.84000015258789,534400
2011-03-04,46.620887756347656,58.279998779296875,59.220001220703125,57.689998626708984,58.43000030517578,878300
2011-03-07,45.38896560668945,56.7400016784668,58.84000015258789,56.459999084472656,58.77000045776367,692900
2011-03-08,45.420963287353516,56.779998779296875,57.439998626708984,56.060001373291016,56.529998779296875,718800
2011-03-09,45.13298034667969,56.41999816894531,56.77000045776367,55.66999816894531,56.58000183105469,814300
2011-03-10,43.90108108520508,54.880001068115234,56.02000045776367,54.560001373291016,55.59000015258789,723000
2011-03-11,44.04949188232422,54.900001525878906,55.130001068115234,53.310001373291016,54.29999923706055,950900
2011-03-14,45.028377532958984,56.119998931884766,56.31999969482422,54.88999938964844,54.88999938964844,1055300
2011-03-15,43.84089279174805,54.63999938964844,55.04999923706055,53.689998626708984,54.0099983215332,1489200
2011-03-16,42.59724426269531,53.09000015258789,54.88999938964844,52.63999938964844,54.58000183105469,1440200
2011-03-17,43.19899368286133,53.84000015258789,54.560001373291016,53.5099983215332,53.970001220703125,1333600
2011-03-18,43.38353729248047,54.06999969482422,54.65999984741211,53.5099983215332,54.630001068115234,1358000
2011-03-21,44.54697036743164,55.52000045776367,55.599998474121094,54.5,54.81999969482422,606300
2011-03-22,44.34638595581055,55.27000045776367,55.709999084472656,55.040000915527344,55.459999084472656,362200
2011-03-23,44.691383361816406,55.70000076293945,55.90999984741211,54.38999938964844,55.040000915527344,591600
2011-03-24,45.389434814453125,56.56999969482422,56.59000015258789,55.11000061035156,56.09000015258789,606900
2011-03-25,45.91900634765625,57.22999954223633,58.40999984741211,56.81999969482422,56.83000183105469,1157900
2011-03-28,46.336219787597656,57.75,58.099998474121094,57.27000045776367,57.27000045776367,832700
2011-03-29,46.89786148071289,58.45000076293945,58.779998779296875,57.25,57.529998779296875,712000
2011-03-30,47.63605499267578,59.369998931884766,59.849998474121094,58.560001373291016,59.15999984741211,974900
2011-03-31,47.956993103027344,59.77000045776367,59.97999954223633,59.099998474121094,59.25,635800
2011-04-01,48.22176742553711,60.099998474121094,60.470001220703125,59.709999084472656,60.2599983215332,597500
2011-04-04,47.989078521728516,59.810001373291016,60.4900016784668,59.77000045776367,60.36000061035156,709100
2011-04-05,48.029197692871094,59.86000061035156,60.31999969482422,59.5099983215332,59.66999816894531,1265800
2011-04-06,48.39827346801758,60.31999969482422,60.540000915527344,59.689998626708984,60.310001373291016,784100
2011-04-07,48.285953521728516,60.18000030517578,60.9900016784668,59.84000015258789,60.34000015258789,531800
2011-04-08,48.18164825439453,60.04999923706055,60.75,59.77000045776367,60.47999954223633,582600
2011-04-11,47.443477630615234,59.130001068115234,60.27000045776367,58.880001068115234,60.20000076293945,664200
2011-04-12,46.440528869628906,57.880001068115234,58.84000015258789,57.790000915527344,58.66999816894531,940900
2011-04-13,46.40042495727539,57.83000183105469,58.349998474121094,57.18000030517578,58.25,758100
2011-04-14,46.40042495727539,57.83000183105469,58.040000915527344,57.22999954223633,57.25,929800
2011-04-15,46.65718078613281,58.150001525878906,58.5,57.599998474121094,58.0,1064400
2011-04-18,45.6622314453125,56.90999984741211,57.369998931884766,56.279998779296875,57.20000076293945,855100
2011-04-19,46.392398834228516,57.81999969482422,57.869998931884766,56.4900016784668,56.97999954223633,884600
2011-04-20,52.049015045166016,64.87000274658203,66.5199966430664,61.93000030517578,62.439998626708984,3356500
2011-04-21,52.14531326293945,64.98999786376953,65.3499984741211,63.959999084472656,65.13999938964844,1542800
2011-04-25,55.81208038330078,69.55999755859375,69.73999786376953,64.86000061035156,64.86000061035156,3229200
2011-04-26,54.9695930480957,68.51000213623047,69.87999725341797,68.30000305175781,69.6500015258789,1200000
2011-04-27,54.64064025878906,68.0999984741211,68.77999877929688,67.13999938964844,68.77999877929688,954400
2011-04-28,55.14612579345703,68.7300033569336,68.87999725341797,67.81999969482422,68.06999969482422,649100
2011-04-29,56.60643005371094,70.55000305175781,70.73999786376953,68.73999786376953,68.87000274658203,1252800
2011-05-02,56.133018493652344,69.95999908447266,71.18000030517578,69.51000213623047,71.18000030517578,993900
2011-05-03,54.78507614135742,68.27999877929688,70.18000030517578,67.8499984741211,69.72000122070312,925500
2011-05-04,53.035926818847656,66.0999984741211,68.13999938964844,65.9800033569336,68.13999938964844,1401100
2011-05-05,54.520294189453125,67.94999694824219,68.12999725341797,64.55999755859375,64.62999725341797,1656500
2011-05-06,55.362762451171875,69.0,69.81999969482422,68.27999877929688,68.7300033569336,1468300
2011-05-09,55.58742904663086,69.27999877929688,69.52999877929688,68.44999694824219,68.91000366210938,664800
2011-05-10,57.055747985839844,71.11000061035156,71.3499984741211,69.55000305175781,69.6500015258789,915300
2011-05-11,56.068843841552734,69.87999725341797,70.8499984741211,69.27999877929688,70.79000091552734,928700
2011-05-12,55.33067321777344,68.95999908447266,69.66999816894531,68.23999786376953,69.4000015258789,761000
2011-05-13,54.76900863647461,68.26000213623047,69.8499984741211,68.12999725341797,69.83000183105469,502600
2011-05-16,54.36783218383789,67.76000213623047,69.4800033569336,67.55999755859375,68.11000061035156,500700
2011-05-17,53.98271179199219,67.27999877929688,67.95999908447266,66.27999877929688,67.3499984741211,698500
2011-05-18,55.66765594482422,69.37999725341797,69.45999908447266,67.1500015258789,67.63999938964844,496400
2011-05-19,55.41090393066406,69.05999755859375,70.12000274658203,68.80999755859375,69.5199966430664,433000
2011-05-20,55.00171661376953,68.55000305175781,69.1500015258789,67.80000305175781,68.8499984741211,457600
2011-05-23,53.926517486572266,67.20999908447266,67.54000091552734,66.36000061035156,67.05000305175781,611400
2011-05-24,54.48818588256836,67.91000366210938,68.62000274658203,67.51000213623047,67.66999816894531,576100
2011-05-25,55.29056167602539,68.91000366210938,69.30000305175781,67.26000213623047,67.56999969482422,665700
2011-05-26,55.54731750488281,69.2300033569336,69.5,68.16000366210938,68.6500015258789,547700
2011-05-27,56.60643005371094,70.55000305175781,70.77999877929688,69.43000030517578,69.5,501100
2011-05-31,56.83907699584961,70.83999633789062,71.79000091552734,69.9000015258789,71.70999908447266,754400
2011-06-01,54.93753433227539,68.47000122070312,71.16000366210938,68.37000274658203,70.79000091552734,489100
2011-06-02,54.35979080200195,67.75,69.30999755859375,67.33999633789062,68.72000122070312,750000
2011-06-03,53.910491943359375,67.19000244140625,68.27999877929688,65.7699966430664,66.4800033569336,886300
2011-06-06,52.84335708618164,65.86000061035156,67.55000305175781,65.5999984741211,66.8499984741211,904200
2011-06-07,52.98778533935547,66.04000091552734,67.30000305175781,65.76000213623047,66.33000183105469,790200
2011-06-08,52.51439666748047,65.44999694824219,65.8499984741211,65.11000061035156,65.70999908447266,580600
2011-06-09,53.44511032104492,66.61000061035156,67.2300033569336,65.4000015258789,65.80000305175781,520100
2011-06-10,52.5705451965332,65.5199966430664,66.58999633789062,65.45999908447266,66.12000274658203,624300
2011-06-13,52.31716537475586,65.04000091552734,65.87000274658203,64.69999694824219,65.58999633789062,455200
2011-06-14,53.22611618041992,66.16999816894531,66.91000366210938,65.6500015258789,65.87000274658203,496800
2011-06-15,52.73545837402344,65.55999755859375,66.44999694824219,65.37999725341797,65.5,585200
2011-06-16,52.164329528808594,64.8499984741211,66.33000183105469,64.12000274658203,65.73999786376953,582700
2011-06-17,52.043670654296875,64.69999694824219,65.75,64.55999755859375,65.52999877929688,657900
2011-06-20,52.83197021484375,65.68000030517578,66.01000213623047,64.55999755859375,64.6500015258789,374800
2011-06-21,54.44075393676758,67.68000030517578,67.94999694824219,65.88999938964844,66.27999877929688,416400
2011-06-22,54.118995666503906,67.27999877929688,68.0199966430664,67.06999969482422,67.31999969482422,398200
2011-06-23,53.87767791748047,66.9800033569336,67.44999694824219,65.5,66.30000305175781,747800
2011-06-24,53.20198440551758,66.13999938964844,67.22000122070312,66.02999877929688,67.05999755859375,516900
2011-06-27,53.210025787353516,66.1500015258789,66.4800033569336,65.4000015258789,66.1500015258789,433200
2011-06-28,54.151187896728516,67.31999969482422,67.31999969482422,66.2699966430664,66.44000244140625,690700
2011-06-29,55.116432189941406,68.5199966430664,68.8499984741211,67.33999633789062,67.73999786376953,772300
2011-06-30,55.66341018676758,69.19999694824219,69.29000091552734,68.13999938964844,68.63999938964844,790300
2011-07-01,56.69303894042969,70.4800033569336,70.55999755859375,69.04000091552734,69.55000305175781,473200
2011-07-05,56.35518264770508,70.05999755859375,70.76000213623047,69.83000183105469,70.76000213623047,588300
2011-07-06,56.467796325683594,70.19999694824219,70.56999969482422,69.5,69.93000030517578,781900
2011-07-07,56.749324798583984,70.55000305175781,71.20999908447266,70.06999969482422,71.01000213623047,858900
2011-07-08,56.75736618041992,70.55999755859375,70.69999694824219,69.2300033569336,69.58999633789062,668800
2011-07-11,55.58298110961914,69.0999984741211,69.87000274658203,68.58999633789062,69.37999725341797,625100
2011-07-12,55.22904968261719,68.66000366210938,69.55000305175781,68.4000015258789,68.77999877929688,602800
2011-07-13,55.05208206176758,68.44000244140625,69.33999633789062,68.3499984741211,69.0999984741211,801200
2011-07-14,54.633785247802734,67.91999816894531,69.16999816894531,67.58000183105469,68.76000213623047,851700
2011-07-15,54.818809509277344,68.1500015258789,68.25,67.41999816894531,68.23999786376953,560900
2011-07-18,54.20747756958008,67.38999938964844,68.11000061035156,66.48999786376953,67.8499984741211,698500
2011-07-19,55.4060173034668,68.87999725341797,69.33999633789062,67.94000244140625,67.97000122070312,1094000
2011-07-20,54.786643981933594,68.11000061035156,69.08000183105469,67.62999725341797,69.08000183105469,568600
2011-07-21,56.234519958496094,69.91000366210938,70.06999969482422,68.0,68.37999725341797,1071900
2011-07-22,53.80526351928711,66.88999938964844,69.55999755859375,66.41000366210938,68.97000122070312,2162100
2011-07-25,55.26120376586914,68.69999694824219,69.02999877929688,66.18000030517578,66.31999969482422,1490500
2011-07-26,54.97165298461914,68.33999633789062,68.8499984741211,67.56999969482422,68.62999725341797,1376100
2011-07-27,54.665977478027344,67.95999908447266,68.87000274658203,67.76000213623047,67.7699966430664,1367700
2011-07-28,54.23161697387695,67.41999816894531,68.4000015258789,67.30000305175781,67.94000244140625,1079600
2011-07-29,53.5559196472168,66.58000183105469,67.58000183105469,65.80000305175781,66.1500015258789,758600
2011-08-01,53.51570510864258,66.52999877929688,67.58000183105469,65.5,67.48999786376953,1114700
2011-08-02,50.82102584838867,63.18000030517578,66.81999969482422,63.08000183105469,65.93000030517578,881100
2011-08-03,50.941680908203125,63.33000183105469,63.439998626708984,61.029998779296875,62.869998931884766,1243800
2011-08-04,46.179710388183594,57.40999984741211,62.369998931884766,57.279998779296875,62.369998931884766,2177900
2011-08-05,45.270774841308594,56.279998779296875,58.75,54.04999923706055,58.43000030517578,2743200
2011-08-08,41.39363098144531,51.459999084472656,54.61000061035156,51.45000076293945,53.88999938964844,2641400
2011-08-09,45.06966781616211,56.029998779296875,56.08000183105469,51.470001220703125,52.95000076293945,1932100
2011-08-10,42.439334869384766,52.7599983215332,55.22999954223633,52.619998931884766,53.529998779296875,2217600
2011-08-11,45.84992599487305,57.0,58.0,52.900001525878906,52.900001525878906,1762900
2011-08-12,46.750823974609375,58.119998931884766,58.529998779296875,57.0,57.59000015258789,1207700
2011-08-15,47.82067108154297,59.45000076293945,59.4900016784668,58.22999954223633,58.869998931884766,755800
2011-08-16,44.45028305053711,55.2599983215332,58.0,53.470001220703125,57.380001068115234,3536700
2011-08-17,43.428714752197266,53.9900016784668,56.150001525878906,53.84000015258789,55.7400016784668,1613500
2011-08-18,38.91612243652344,48.380001068115234,52.25,47.529998779296875,52.2400016784668,3296400
2011-08-19,37.25104522705078,46.310001373291016,49.0,46.150001525878906,47.75,2032600
2011-08-22,36.687984466552734,45.61000061035156,48.18000030517578,45.20000076293945,47.79999923706055,2587200
2011-08-23,37.87847137451172,47.09000015258789,47.36000061035156,45.61000061035156,46.08000183105469,1692400
2011-08-24,38.99656677246094,48.47999954223633,48.650001525878906,46.689998626708984,47.15999984741211,1305700
2011-08-25,38.2967529296875,47.61000061035156,49.119998931884766,47.349998474121094,48.84000015258789,1259700
2011-08-26,39.78486251831055,49.459999084472656,49.709999084472656,46.459999084472656,47.150001525878906,1209300
2011-08-29,41.73950958251953,51.88999938964844,51.970001220703125,50.099998474121094,50.22999954223633,1586200
2011-08-30,40.894920349121094,50.84000015258789,51.72999954223633,50.43000030517578,51.4900016784668,1136100
2011-08-31,40.79034423828125,50.709999084472656,52.27000045776367,50.16999816894531,51.45000076293945,1431600
2011-09-01,40.17096710205078,49.939998626708984,51.5099983215332,49.90999984741211,50.900001525878906,1112700
2011-09-02,38.32087707519531,47.63999938964844,49.119998931884766,47.09000015258789,48.70000076293945,1648300
2011-09-06,37.74171447753906,46.91999816894531,47.029998779296875,45.61000061035156,45.61000061035156,1416400
2011-09-07,39.2861442565918,48.84000015258789,49.189998626708984,47.66999816894531,47.75,776300
2011-09-08,38.39326095581055,47.72999954223633,48.90999984741211,47.56999969482422,48.619998931884766,665600
2011-09-09,36.88103103637695,45.849998474121094,47.25,45.560001373291016,47.040000915527344,1191800
2011-09-12,35.947940826416016,44.689998626708984,45.779998779296875,43.65999984741211,45.029998779296875,1785100
2011-09-13,36.823944091796875,45.61000061035156,46.18000030517578,44.66999816894531,44.84000015258789,1065700
2011-09-14,37.267982482910156,46.15999984741211,46.70000076293945,44.459999084472656,45.84000015258789,1096600
2011-09-15,37.80891418457031,46.83000183105469,47.40999984741211,46.279998779296875,46.709999084472656,789400
2011-09-16,37.38100814819336,46.29999923706055,47.119998931884766,45.91999816894531,46.9900016784668,1002200
2011-09-19,37.02578353881836,45.86000061035156,46.25,44.86000061035156,45.119998931884766,830100
2011-09-20,36.323368072509766,44.9900016784668,47.09000015258789,44.95000076293945,45.97999954223633,1378000
2011-09-21,35.06386947631836,43.43000030517578,45.22999954223633,43.43000030517578,45.060001373291016,1028400
2011-09-22,32.47224426269531,40.220001220703125,42.060001373291016,39.84000015258789,41.65999984741211,2573100
2011-09-23,33.03740310668945,40.91999816894531,41.459999084472656,39.7599983215332,40.02000045776367,999400
2011-09-26,34.26457595825195,42.439998626708984,42.4900016784668,40.119998931884766,41.47999954223633,845100
2011-09-27,35.53214645385742,44.0099983215332,45.58000183105469,43.599998474121094,43.79999923706055,1216800
2011-09-28,33.11005783081055,41.0099983215332,44.130001068115234,40.849998474121094,43.95000076293945,929900
2011-09-29,34.183841705322266,42.34000015258789,42.849998474121094,41.209999084472656,42.43000030517578,1032800
2011-09-30,32.6175537109375,40.400001525878906,41.849998474121094,40.380001068115234,41.43000030517578,1475500
2011-10-03,31.487245559692383,39.0,41.52000045776367,38.970001220703125,40.15999984741211,1568300
2011-10-04,32.51259994506836,40.27000045776367,40.31999969482422,38.02000045776367,38.41999816894531,1800000
2011-10-05,34.304954528808594,42.4900016784668,42.939998626708984,39.849998474121094,40.52000045776367,1649400
2011-10-06,34.71670150756836,43.0,43.5,41.619998931884766,42.22999954223633,995300
2011-10-07,35.0396728515625,43.400001525878906,43.45000076293945,41.54999923706055,43.18000030517578,1966400
2011-10-10,37.106510162353516,45.959999084472656,46.0,43.84000015258789,43.95000076293945,1609600
2011-10-11,37.25185012817383,46.13999938964844,46.81999969482422,45.18000030517578,45.31999969482422,931300
2011-10-12,38.30141830444336,47.439998626708984,48.40999984741211,46.2599983215332,46.75,1322700
2011-10-13,38.34986114501953,47.5,47.869998931884766,46.25,47.650001525878906,965900
2011-10-14,39.262184143066406,48.630001068115234,48.72999954223633,47.2599983215332,48.25,693000
2011-10-17,38.2933464050293,47.43000030517578,48.65999984741211,46.900001525878906,48.4900016784668,1070700
2011-10-18,39.528621673583984,48.959999084472656,49.18000030517578,46.279998779296875,47.41999816894531,1023600
2011-10-19,36.19420623779297,44.83000183105469,48.599998474121094,44.5,48.560001373291016,2641100
2011-10-20,36.68668746948242,45.439998626708984,45.720001220703125,44.16999816894531,45.130001068115234,2001000
2011-10-21,37.566715240478516,46.529998779296875,46.959999084472656,45.279998779296875,46.04999923706055,1996700
2011-10-24,39.24601745605469,48.61000061035156,48.959999084472656,46.189998626708984,46.720001220703125,1558200
2011-10-25,41.14334487915039,50.959999084472656,53.060001373291016,45.75,48.529998779296875,4549100
2011-10-26,42.564300537109375,52.720001220703125,53.20000076293945,49.779998779296875,52.27000045776367,2632400
2011-10-27,44.61500930786133,55.2599983215332,56.91999816894531,54.119998931884766,55.79999923706055,1774200
2011-10-28,44.51005554199219,55.130001068115234,55.900001525878906,54.4900016784668,54.599998474121094,1035500
2011-10-31,43.02450180053711,53.290000915527344,54.43000030517578,53.08000183105469,54.43000030517578,1226800
2011-11-01,41.15141677856445,50.970001220703125,52.13999938964844,50.31999969482422,51.83000183105469,1382400
2011-11-02,42.72578430175781,52.91999816894531,53.84000015258789,52.29999923706055,52.45000076293945,1282500
2011-11-03,43.9206657409668,54.400001525878906,54.58000183105469,52.27000045776367,54.0099983215332,801400
2011-11-04,43.89646911621094,54.369998931884766,54.56999969482422,52.4900016784668,53.65999984741211,701800
2011-11-07,44.0821533203125,54.599998474121094,55.25,53.15999984741211,54.5099983215332,956300
2011-11-08,44.0256233215332,54.529998779296875,55.02000045776367,52.900001525878906,55.02000045776367,1234500
2011-11-09,41.8861198425293,51.880001068115234,53.2400016784668,51.5099983215332,52.880001068115234,1372100
2011-11-10,42.38669967651367,52.5,53.15999984741211,51.61000061035156,52.959999084472656,537100
2011-11-11,43.46855926513672,53.84000015258789,54.560001373291016,53.25,53.34000015258789,805400
2011-11-14,43.02450180053711,53.290000915527344,53.91999816894531,52.75,53.65999984741211,534900
2011-11-15,42.233280181884766,52.310001373291016,53.0099983215332,51.18000030517578,52.880001068115234,1425400
2011-11-16,42.112178802490234,52.15999984741211,53.79999923706055,51.400001525878906,51.689998626708984,764000
2011-11-17,40.650848388671875,50.349998474121094,52.09000015258789,50.029998779296875,51.86000061035156,1020700
2011-11-18,40.61048126220703,50.29999923706055,50.81999969482422,49.75,50.56999969482422,490600
2011-11-21,40.16642761230469,49.75,50.060001373291016,48.61000061035156,49.400001525878906,646800
2011-11-22,39.60129165649414,49.04999923706055,49.939998626708984,48.4900016784668,49.52000045776367,641900
2011-11-23,37.94618606567383,47.0,48.459999084472656,46.93000030517578,48.209999084472656,740200
2011-11-25,38.131874084472656,47.22999954223633,47.88999938964844,46.619998931884766,46.66999816894531,335900
2011-11-28,40.06953811645508,49.630001068115234,49.95000076293945,49.13999938964844,49.400001525878906,735300
2011-11-29,40.38441467285156,50.02000045776367,50.25,49.25,49.959999084472656,505400
2011-11-30,44.0256233215332,54.529998779296875,54.540000915527344,52.41999816894531,52.720001220703125,1317900
2011-12-01,43.194053649902344,53.5,54.66999816894531,53.119998931884766,54.130001068115234,509200
2011-12-02,43.02450180053711,53.290000915527344,54.7599983215332,53.099998474121094,54.34000015258789,469200
2011-12-05,43.39588928222656,53.75,54.880001068115234,53.47999954223633,54.45000076293945,862500
2011-12-06,43.3878173828125,53.7400016784668,54.349998474121094,53.0,54.349998474121094,418100
2011-12-07,44.06600570678711,54.58000183105469,54.880001068115234,53.06999969482422,53.31999969482422,649200
2011-12-08,42.8549690246582,53.08000183105469,54.47999954223633,52.880001068115234,53.849998474121094,632900
2011-12-09,42.86302947998047,53.09000015258789,53.540000915527344,50.84000015258789,53.040000915527344,1353000
2011-12-12,41.10295486450195,50.90999984741211,52.290000915527344,50.209999084472656,52.150001525878906,1054700
2011-12-13,40.904483795166016,50.4900016784668,51.970001220703125,49.63999938964844,51.209999084472656,938700
2011-12-14,38.94392013549805,48.06999969482422,49.880001068115234,48.04999923706055,49.869998931884766,1266800
2011-12-15,39.551544189453125,48.81999969482422,49.34000015258789,48.18000030517578,49.0,712400
2011-12-16,40.63713836669922,50.15999984741211,50.619998931884766,48.86000061035156,49.27000045776367,1310300
2011-12-19,38.89530563354492,48.0099983215332,50.689998626708984,47.81999969482422,50.290000915527344,729500
2011-12-20,40.54801940917969,50.04999923706055,50.540000915527344,49.130001068115234,49.220001220703125,811200
2011-12-21,40.36168670654297,49.81999969482422,49.970001220703125,48.779998779296875,49.880001068115234,476100
2011-12-22,41.12322235107422,50.7599983215332,51.119998931884766,49.779998779296875,49.88999938964844,457100
2011-12-23,41.43107604980469,51.13999938964844,51.33000183105469,50.599998474121094,50.83000183105469,242300
2011-12-27,41.71464538574219,51.4900016784668,52.45000076293945,50.97999954223633,51.040000915527344,322200
2011-12-28,40.645233154296875,50.16999816894531,51.43000030517578,50.060001373291016,51.31999969482422,394600
2011-12-29,41.71464538574219,51.4900016784668,51.56999969482422,50.22999954223633,50.310001373291016,337100
2011-12-30,41.7308349609375,51.5099983215332,52.029998779296875,51.27000045776367,51.54999923706055,425300
2012-01-03,42.71923065185547,52.72999954223633,54.15999984741211,52.54999923706055,52.90999984741211,548700
2012-01-04,43.34304428100586,53.5,53.720001220703125,52.27000045776367,52.68000030517578,402800
2012-01-05,43.40785217285156,53.58000183105469,53.7599983215332,52.31999969482422,52.779998779296875,618800
2012-01-06,43.3187370300293,53.470001220703125,54.40999984741211,53.25,53.68000030517578,710800
2012-01-09,43.286319732666016,53.43000030517578,53.90999984741211,52.66999816894531,53.72999954223633,465600
2012-01-10,44.63117980957031,55.09000015258789,55.470001220703125,54.279998779296875,54.349998474121094,592100
2012-01-11,44.8580207824707,55.369998931884766,55.619998931884766,54.52000045776367,54.79999923706055,297400
2012-01-12,46.575531005859375,57.4900016784668,57.70000076293945,55.18000030517578,55.70000076293945,773300
2012-01-13,46.01652908325195,56.79999923706055,56.9900016784668,55.709999084472656,56.95000076293945,404000
2012-01-17,46.45400619506836,57.34000015258789,58.45000076293945,57.119998931884766,57.970001220703125,525600
2012-01-18,47.40189743041992,58.5099983215332,58.52000045776367,56.90999984741211,57.0,729700
2012-01-19,48.681922912597656,60.09000015258789,61.22999954223633,58.619998931884766,58.630001068115234,1048200
2012-01-20,48.3173713684082,59.63999938964844,60.099998474121094,59.4900016784668,60.0,883500
2012-01-23,48.681922912597656,60.09000015258789,61.04999923706055,59.54999923706055,59.77000045776367,756300
2012-01-24,50.76401138305664,62.65999984741211,63.47999954223633,58.400001525878906,60.0099983215332,1455100
2012-01-25,50.30222702026367,62.09000015258789,62.810001373291016,61.439998626708984,62.70000076293945,895100
2012-01-26,51.055686950683594,63.02000045776367,63.88999938964844,62.65999984741211,62.70000076293945,919900
2012-01-27,51.242000579833984,63.25,64.0,62.95000076293945,63.06999969482422,728200
2012-01-30,51.37972640991211,63.41999816894531,64.05000305175781,62.540000915527344,62.70000076293945,661200
2012-01-31,52.10076141357422,64.30999755859375,64.45999908447266,63.130001068115234,63.790000915527344,835400
2012-02-01,53.79397201538086,66.4000015258789,66.5999984741211,65.0,65.16000366210938,930700
2012-02-02,53.202571868896484,65.66999816894531,66.62000274658203,65.56999969482422,66.62000274658203,684900
2012-02-03,54.271968841552734,66.98999786376953,67.76000213623047,66.51000213623047,66.80999755859375,768700
2012-02-06,54.68513870239258,67.5,67.55000305175781,66.0,66.44000244140625,540500
2012-02-07,54.19906234741211,66.9000015258789,67.8499984741211,66.55999755859375,67.44999694824219,769900
2012-02-08,54.06132888793945,66.7300033569336,67.87999725341797,66.33999633789062,67.12999725341797,356600
2012-02-09,53.88310241699219,66.51000213623047,68.51000213623047,65.66000366210938,66.91999816894531,580600
2012-02-10,52.84609603881836,65.2300033569336,66.0,64.58000183105469,65.45999908447266,889300
2012-02-13,53.58332824707031,66.13999938964844,66.54000091552734,65.63999938964844,65.80999755859375,509200
2012-02-14,52.862300872802734,65.25,66.01000213623047,64.45999908447266,65.7699966430664,948100
2012-02-15,52.42481994628906,64.70999908447266,65.83999633789062,64.19999694824219,65.5999984741211,1422500
2012-02-16,53.77776336669922,66.37999725341797,66.45999908447266,64.66000366210938,64.79000091552734,512900
2012-02-17,53.6967658996582,66.27999877929688,67.0,66.08999633789062,66.69000244140625,404000
2012-02-21,53.283565521240234,65.7699966430664,66.62000274658203,65.29000091552734,66.5199966430664,342500
2012-02-22,53.623844146728516,66.19000244140625,66.61000061035156,65.29000091552734,65.98999786376953,417500
2012-02-23,53.93981170654297,66.58000183105469,66.83999633789062,65.86000061035156,66.08000183105469,414200
2012-02-24,53.58332824707031,66.13999938964844,67.05000305175781,66.02999877929688,66.54000091552734,442500
2012-02-27,54.19095230102539,66.88999938964844,67.33999633789062,65.04000091552734,65.5,475700
2012-02-28,54.06132888793945,66.7300033569336,67.54000091552734,66.33999633789062,66.87999725341797,284600
2012-02-29,53.89118194580078,66.5199966430664,67.62000274658203,66.41000366210938,66.88999938964844,728100
2012-03-01,54.84716796875,67.69999694824219,68.26000213623047,66.66999816894531,66.94999694824219,445200
2012-03-02,53.40510559082031,65.91999816894531,67.91999816894531,65.6500015258789,67.44999694824219,652200
2012-03-05,50.55337905883789,62.400001525878906,65.26000213623047,61.779998779296875,65.23999786376953,1142000
2012-03-06,48.64950942993164,60.04999923706055,63.380001068115234,59.40999984741211,63.380001068115234,1018900
2012-03-07,49.82423782348633,61.5,61.81999969482422,60.09000015258789,60.11000061035156,872000
2012-03-08,50.982749938964844,62.93000030517578,63.18000030517578,62.029998779296875,62.38999938964844,426300
2012-03-09,51.07997512817383,63.04999923706055,63.599998474121094,62.56999969482422,62.939998626708984,347300
2012-03-12,50.8369255065918,62.75,63.040000915527344,62.33000183105469,62.9900016784668,344300
2012-03-13,51.73907470703125,63.65999984741211,63.65999984741211,62.41999816894531,62.81999969482422,794200
2012-03-14,51.94226837158203,63.90999984741211,64.0,63.369998931884766,63.650001525878906,550200
2012-03-15,52.50305938720703,64.5999984741211,64.66999816894531,63.84000015258789,64.0,671700
2012-03-16,52.31612014770508,64.37000274658203,64.98999786376953,64.02999877929688,64.79000091552734,650100
2012-03-19,52.32423782348633,64.37999725341797,64.94999694824219,63.540000915527344,64.18000030517578,359900
2012-03-20,52.031654357910156,64.0199966430664,64.25,63.18000030517578,63.880001068115234,432700
2012-03-21,52.24296569824219,64.27999877929688,64.7699966430664,63.95000076293945,64.25,470400
2012-03-22,51.55214309692383,63.43000030517578,63.959999084472656,62.93000030517578,63.59000015258789,488300
2012-03-23,50.93446731567383,62.66999816894531,63.54999923706055,62.33000183105469,63.529998779296875,696900
2012-03-26,52.33236312866211,64.38999938964844,64.38999938964844,63.27000045776367,63.279998779296875,409300
2012-03-27,52.52741622924805,64.62999725341797,65.0199966430664,64.4000015258789,64.44000244140625,234200
2012-03-28,51.33269500732422,63.15999984741211,64.48999786376953,62.77000045776367,64.48999786376953,383000
2012-03-29,51.76345443725586,63.689998626708984,63.84000015258789,62.349998474121094,62.75,328000
2012-03-30,51.95038986206055,63.91999816894531,64.58000183105469,63.310001373291016,64.4000015258789,326300
2012-04-02,52.97443389892578,65.18000030517578,65.5,63.47999954223633,63.650001525878906,687700
2012-04-03,52.35676193237305,64.41999816894531,65.45999908447266,63.88999938964844,65.19000244140625,507200
2012-04-04,51.72283172607422,63.63999938964844,64.38999938964844,63.36000061035156,63.720001220703125,945600
2012-04-05,51.218936920166016,63.02000045776367,64.38999938964844,62.93000030517578,63.439998626708984,503100
2012-04-09,51.22705078125,63.029998779296875,63.150001525878906,61.790000915527344,61.91999816894531,619800
2012-04-10,49.829132080078125,61.310001373291016,63.38999938964844,61.220001220703125,63.029998779296875,631600
2012-04-11,50.37367248535156,61.97999954223633,62.709999084472656,61.689998626708984,62.38999938964844,521900
2012-04-12,51.78782653808594,63.720001220703125,64.06999969482422,62.099998474121094,62.11000061035156,374900
2012-04-13,51.080753326416016,62.849998474121094,63.88999938964844,62.81999969482422,63.439998626708984,366800
2012-04-16,51.503379821777344,63.369998931884766,63.79999923706055,62.34000015258789,63.060001373291016,574100
2012-04-17,52.1129150390625,64.12000274658203,64.87000274658203,63.72999954223633,64.0999984741211,459500
2012-04-18,53.03133773803711,65.25,66.05999755859375,63.43000030517578,63.7599983215332,1159900
2012-04-19,51.79595947265625,63.72999954223633,65.48999786376953,62.2599983215332,64.97000122070312,1379100
2012-04-20,53.18575668334961,65.44000244140625,66.13999938964844,63.119998931884766,63.560001373291016,1666100
2012-04-23,52.348636627197266,64.41000366210938,64.56999969482422,62.41999816894531,62.66999816894531,688900
2012-04-24,51.38958740234375,63.22999954223633,64.36000061035156,63.119998931884766,64.19000244140625,694100
2012-04-25,52.470542907714844,64.55999755859375,64.87000274658203,63.95000076293945,64.44000244140625,612200
2012-04-26,52.93379211425781,65.12999725341797,65.48999786376953,64.0199966430664,64.19999694824219,525300
2012-04-27,53.82781219482422,66.2300033569336,66.5199966430664,65.4000015258789,65.41000366210938,682800
2012-04-30,53.071964263916016,65.30000305175781,66.1500015258789,64.88999938964844,65.86000061035156,527400
2012-05-01,53.69776916503906,66.06999969482422,67.13999938964844,65.30000305175781,65.30000305175781,737300
2012-05-02,53.689640045166016,66.05999755859375,66.33999633789062,65.30999755859375,65.80000305175781,606100
2012-05-03,53.23450469970703,65.5,66.36000061035156,65.29000091552734,66.05999755859375,502800
2012-05-04,51.73907470703125,63.65999984741211,65.05000305175781,63.31999969482422,64.98999786376953,483500
2012-05-07,52.21859359741211,64.25,64.83000183105469,63.13999938964844,63.2400016784668,641600
2012-05-08,51.405845642089844,63.25,63.7400016784668,62.459999084472656,63.650001525878906,786500
2012-05-09,50.88568878173828,62.61000061035156,62.83000183105469,60.77000045776367,62.0,1107400
2012-05-10,51.121402740478516,62.900001525878906,63.650001525878906,62.68000030517578,63.349998474121094,543800
2012-05-11,51.430233001708984,63.279998779296875,63.77000045776367,62.060001373291016,62.18000030517578,477700
2012-05-14,49.55281066894531,60.970001220703125,62.45000076293945,60.849998474121094,62.099998474121094,778500
2012-05-15,50.26801681518555,61.849998474121094,61.95000076293945,60.5099983215332,60.97999954223633,1198200
2012-05-16,51.04824447631836,62.810001373291016,64.88999938964844,62.22999954223633,62.9900016784668,2187300
2012-05-17,48.748191833496094,59.97999954223633,62.970001220703125,59.93000030517578,62.7400016784668,1257500
2012-05-18,48.195518493652344,59.29999923706055,60.630001068115234,59.150001525878906,60.290000915527344,1501500
2012-05-21,50.137962341308594,61.689998626708984,62.04999923706055,58.880001068115234,59.400001525878906,1643500
2012-05-22,48.41495895385742,59.56999969482422,61.650001525878906,59.099998474121094,61.349998474121094,1809600
2012-05-23,48.845706939697266,60.099998474121094,60.189998626708984,57.869998931884766,58.970001220703125,1653400
2012-05-24,49.162696838378906,60.4900016784668,61.06999969482422,59.36000061035156,60.439998626708984,909500
2012-05-25,49.92666244506836,61.43000030517578,61.709999084472656,60.40999984741211,61.060001373291016,923900
2012-05-29,51.75532150268555,63.68000030517578,63.97999954223633,62.33000183105469,62.349998474121094,1489700
2012-05-30,49.398380279541016,60.779998779296875,63.040000915527344,60.709999084472656,62.72999954223633,950000
2012-05-31,49.33335876464844,60.70000076293945,61.09000015258789,59.290000915527344,61.0,3770500
2012-06-01,46.244956970214844,56.900001525878906,59.0,56.70000076293945,58.209999084472656,1400100
2012-06-04,46.53752517700195,57.2599983215332,57.65999984741211,55.86000061035156,57.25,1000100
2012-06-05,48.26055145263672,59.380001068115234,59.720001220703125,57.18000030517578,57.18000030517578,1043000
2012-06-06,49.17894744873047,60.5099983215332,61.20000076293945,59.779998779296875,59.779998779296875,682700
2012-06-07,49.040771484375,60.34000015258789,62.959999084472656,60.25,61.5,802700
2012-06-08,49.439022064208984,60.83000183105469,60.90999984741211,59.290000915527344,60.13999938964844,560200
2012-06-11,47.683494567871094,58.66999816894531,61.77000045776367,58.560001373291016,61.70000076293945,640300
2012-06-12,48.52061080932617,59.70000076293945,59.779998779296875,58.72999954223633,59.119998931884766,521800
2012-06-13,47.08538818359375,57.7400016784668,59.459999084472656,57.560001373291016,59.2599983215332,704200
2012-06-14,47.240318298339844,57.93000030517578,58.34000015258789,57.18000030517578,57.7400016784668,1248400
2012-06-15,48.341209411621094,59.279998779296875,59.439998626708984,58.2400016784668,58.369998931884766,716100
2012-06-18,49.18930435180664,60.31999969482422,60.38999938964844,58.560001373291016,58.95000076293945,574200
2012-06-19,50.355430603027344,61.75,62.029998779296875,60.70000076293945,60.70000076293945,466500
2012-06-20,50.41252136230469,61.81999969482422,62.59000015258789,61.34000015258789,61.75,707500
2012-06-21,48.1536750793457,59.04999923706055,61.900001525878906,58.66999816894531,61.72999954223633,779200
2012-06-22,47.900848388671875,58.7400016784668,59.41999816894531,58.060001373291016,59.33000183105469,1363400
2012-06-25,47.052757263183594,57.70000076293945,57.880001068115234,56.720001220703125,57.70000076293945,957900
2012-06-26,47.68067169189453,58.470001220703125,59.0,57.4900016784668,57.869998931884766,642800
2012-06-27,47.093536376953125,57.75,58.97999954223633,57.5,58.66999816894531,837600
2012-06-28,47.207706451416016,57.88999938964844,57.95000076293945,57.060001373291016,57.060001373291016,865400
2012-06-29,48.634788513183594,59.63999938964844,59.880001068115234,59.13999938964844,59.540000915527344,803800
2012-07-02,49.08329772949219,60.189998626708984,60.2599983215332,59.0099983215332,59.939998626708984,604700
2012-07-03,50.477745056152344,61.900001525878906,62.189998626708984,60.22999954223633,60.279998779296875,317600
2012-07-05,50.208656311035156,61.56999969482422,62.34000015258789,61.36000061035156,61.63999938964844,462200
2012-07-06,48.92019271850586,59.9900016784668,61.06999969482422,59.709999084472656,60.65999984741211,645500
2012-07-09,48.479835510253906,59.45000076293945,60.099998474121094,58.939998626708984,60.02000045776367,400400
2012-07-10,48.0150260925293,58.880001068115234,60.41999816894531,58.400001525878906,60.040000915527344,558600
2012-07-11,46.72657775878906,57.29999923706055,59.040000915527344,56.93000030517578,58.9900016784668,814900
2012-07-12,46.09866714477539,56.529998779296875,57.04999923706055,55.65999984741211,57.04999923706055,799600
2012-07-13,47.248477935791016,57.939998626708984,58.13999938964844,57.11000061035156,57.11000061035156,707800
2012-07-16,46.74290084838867,57.31999969482422,57.900001525878906,56.779998779296875,57.81999969482422,660500
2012-07-17,46.66950607299805,57.22999954223633,57.849998474121094,56.77000045776367,57.79999923706055,1047900
2012-07-18,45.348426818847656,55.61000061035156,56.02000045776367,53.18000030517578,55.2400016784668,2089100
2012-07-19,46.91414260864258,57.529998779296875,57.7599983215332,55.0099983215332,55.70000076293945,1485700
2012-07-20,46.53902816772461,57.06999969482422,57.459999084472656,56.709999084472656,57.0,1509200
2012-07-23,46.23729705810547,56.70000076293945,56.97999954223633,55.40999984741211,56.0,1547800
2012-07-24,44.72052764892578,54.84000015258789,56.939998626708984,54.38999938964844,56.7599983215332,1152300
2012-07-25,44.96516036987305,55.13999938964844,55.900001525878906,54.90999984741211,55.40999984741211,685900
2012-07-26,45.96818542480469,56.369998931884766,56.43000030517578,55.4900016784668,56.099998474121094,557600
2012-07-27,47.39527130126953,58.119998931884766,58.290000915527344,56.5099983215332,56.810001373291016,733100
2012-07-30,47.476806640625,58.220001220703125,58.88999938964844,57.529998779296875,58.09000015258789,718300
2012-07-31,47.476806640625,58.220001220703125,58.63999938964844,57.75,57.88999938964844,670000
2012-08-01,47.093536376953125,57.75,58.86000061035156,57.75,58.470001220703125,452600
2012-08-02,46.09866714477539,56.529998779296875,57.68000030517578,55.65999984741211,56.91999816894531,718900
2012-08-03,47.729610443115234,58.529998779296875,59.099998474121094,58.099998474121094,58.11000061035156,447000
2012-08-06,48.20258331298828,59.11000061035156,59.41999816894531,58.709999084472656,58.91999816894531,436100
2012-08-07,49.11591339111328,60.22999954223633,60.459999084472656,59.29999923706055,59.68000030517578,673300
2012-08-08,49.07514572143555,60.18000030517578,60.43000030517578,59.68000030517578,59.90999984741211,337900
2012-08-09,49.637813568115234,60.869998931884766,61.119998931884766,60.18000030517578,60.20000076293945,326800
2012-08-10,49.73567581176758,60.9900016784668,61.040000915527344,60.029998779296875,60.599998474121094,274800
2012-08-13,49.80092239379883,61.06999969482422,61.09000015258789,60.310001373291016,60.5,462600
2012-08-14,49.28717041015625,60.439998626708984,61.43000030517578,60.22999954223633,61.189998626708984,566400
2012-08-15,49.637813568115234,60.869998931884766,60.9900016784668,60.34000015258789,60.34000015258789,336100
2012-08-16,49.90692901611328,61.20000076293945,61.41999816894531,60.599998474121094,61.0099983215332,504800
2012-08-17,49.996620178222656,61.310001373291016,61.45000076293945,60.880001068115234,61.099998474121094,423500
2012-08-20,49.87430953979492,61.15999984741211,61.189998626708984,60.54999923706055,61.04999923706055,440400
2012-08-21,47.99870681762695,58.86000061035156,61.040000915527344,58.130001068115234,60.880001068115234,1414500
2012-08-22,47.25663757324219,57.95000076293945,58.7400016784668,57.630001068115234,58.619998931884766,1449100
2012-08-23,46.23729705810547,56.70000076293945,57.939998626708984,56.43000030517578,57.939998626708984,1539600
2012-08-24,45.992645263671875,56.400001525878906,56.86000061035156,55.95000076293945,56.72999954223633,907400
2012-08-27,45.103797912597656,55.310001373291016,56.61000061035156,55.119998931884766,56.61000061035156,1473600
2012-08-28,44.459571838378906,54.52000045776367,55.5099983215332,54.4900016784668,55.310001373291016,1507500
2012-08-29,44.630821228027344,54.72999954223633,54.81999969482422,54.209999084472656,54.72999954223633,1713300
2012-08-30,44.3617057800293,54.400001525878906,54.66999816894531,54.040000915527344,54.20000076293945,1073700
2012-08-31,44.630821228027344,54.72999954223633,55.20000076293945,54.099998474121094,54.84000015258789,1075700
2012-09-04,44.10075378417969,54.08000183105469,54.7599983215332,53.279998779296875,54.439998626708984,930200
2012-09-05,44.084442138671875,54.060001373291016,54.2599983215332,53.41999816894531,54.099998474121094,995400
2012-09-06,45.46259307861328,55.75,56.41999816894531,54.68000030517578,54.689998626708984,965900
2012-09-07,46.41670608520508,56.91999816894531,56.970001220703125,55.66999816894531,56.0,1003900
2012-09-10,46.2780647277832,56.75,57.029998779296875,56.52000045776367,56.65999984741211,695000
2012-09-11,46.30253219604492,56.779998779296875,56.959999084472656,56.33000183105469,56.66999816894531,560400
2012-09-12,44.74764633178711,54.68000030517578,56.720001220703125,54.459999084472656,56.439998626708984,1450400
2012-09-13,43.76563262939453,53.47999954223633,54.2400016784668,52.869998931884766,54.119998931884766,2785200
2012-09-14,44.101158142089844,53.88999938964844,54.13999938964844,53.650001525878906,53.689998626708984,1577500
2012-09-17,43.749271392822266,53.459999084472656,53.7400016784668,53.369998931884766,53.68000030517578,728600
2012-09-18,43.11094284057617,52.68000030517578,53.099998474121094,51.86000061035156,52.86000061035156,1350900
2012-09-19,44.412139892578125,54.27000045776367,54.63999938964844,52.810001373291016,52.939998626708984,1951200
2012-09-20,43.84746170043945,53.58000183105469,53.720001220703125,53.2599983215332,53.630001068115234,971700
2012-09-21,43.54468536376953,53.209999084472656,54.31999969482422,53.18000030517578,53.970001220703125,982200
2012-09-24,43.26642608642578,52.869998931884766,53.09000015258789,52.650001525878906,52.75,678200
2012-09-25,42.26803970336914,51.650001525878906,53.22999954223633,51.63999938964844,52.97999954223633,772100
2012-09-26,42.19439697265625,51.560001373291016,51.91999816894531,50.880001068115234,51.68000030517578,753100
2012-09-27,42.88999938964844,52.40999984741211,52.529998779296875,51.52000045776367,51.72999954223633,795300
2012-09-28,43.11094284057617,52.68000030517578,52.79999923706055,51.77000045776367,52.0,807900
2012-10-01,43.127315521240234,52.70000076293945,53.709999084472656,52.43000030517578,53.15999984741211,1104100
2012-10-02,43.37282180786133,53.0,53.060001373291016,52.52000045776367,52.880001068115234,703100
2012-10-03,43.38100814819336,53.0099983215332,53.349998474121094,52.720001220703125,52.970001220703125,658900
2012-10-04,43.98657989501953,53.75,53.97999954223633,53.189998626708984,53.349998474121094,718900
2012-10-05,44.477603912353516,54.349998474121094,54.630001068115234,53.939998626708984,54.130001068115234,992400
2012-10-08,43.85565948486328,53.59000015258789,53.97999954223633,53.27000045776367,53.779998779296875,613500
2012-10-09,43.11094284057617,52.68000030517578,53.54999923706055,52.5099983215332,53.54999923706055,872300
2012-10-10,42.42353439331055,51.84000015258789,52.849998474121094,51.77000045776367,52.81999969482422,561100
2012-10-11,42.82452392578125,52.33000183105469,52.779998779296875,52.22999954223633,52.40999984741211,398700
2012-10-12,42.562660217285156,52.0099983215332,52.88999938964844,51.86000061035156,52.400001525878906,344200
2012-10-15,42.84089660644531,52.349998474121094,52.619998931884766,51.86000061035156,52.060001373291016,1245600
2012-10-16,44.02751541137695,53.79999923706055,53.880001068115234,52.18000030517578,52.7400016784668,896800
2012-10-17,44.420310974121094,54.279998779296875,54.43000030517578,53.720001220703125,53.95000076293945,840100
2012-10-18,45.5987434387207,55.720001220703125,56.099998474121094,52.0,52.849998474121094,2688100
2012-10-19,45.27959442138672,55.33000183105469,56.2599983215332,54.88999938964844,55.689998626708984,1820200
2012-10-22,45.97519302368164,56.18000030517578,56.22999954223633,55.130001068115234,55.130001068115234,1466400
2012-10-23,45.36143493652344,55.43000030517578,55.779998779296875,54.40999984741211,54.79999923706055,1385100
2012-10-24,45.01771926879883,55.0099983215332,56.0,54.90999984741211,55.88999938964844,1086800
2012-10-25,45.08318328857422,55.09000015258789,55.54999923706055,54.650001525878906,55.38999938964844,796500
2012-10-26,45.246856689453125,55.290000915527344,55.66999816894531,54.880001068115234,55.08000183105469,753600
2012-10-31,45.099544525146484,55.11000061035156,55.5,54.970001220703125,55.459999084472656,719700
2012-11-01,46.474388122558594,56.790000915527344,57.06999969482422,54.630001068115234,55.380001068115234,1062800
2012-11-02,46.01610565185547,56.22999954223633,57.189998626708984,55.779998779296875,57.11000061035156,721500
2012-11-05,46.490745544433594,56.810001373291016,56.869998931884766,55.97999954223633,55.97999954223633,688900
2012-11-06,46.66261672973633,57.02000045776367,57.439998626708984,56.70000076293945,56.88999938964844,734900
2012-11-07,45.4268913269043,55.5099983215332,56.43000030517578,55.06999969482422,56.08000183105469,831600
2012-11-08,44.59218215942383,54.4900016784668,56.18000030517578,54.47999954223633,55.529998779296875,912200
2012-11-09,44.363033294677734,54.209999084472656,55.25,53.880001068115234,54.290000915527344,740700
2012-11-12,45.099544525146484,55.11000061035156,55.54999923706055,54.560001373291016,54.560001373291016,444100
2012-11-13,45.541465759277344,55.650001525878906,56.61000061035156,55.15999984741211,55.15999984741211,854100
2012-11-14,44.46940994262695,54.34000015258789,56.380001068115234,54.220001220703125,55.709999084472656,485100
2012-11-15,44.25664138793945,54.08000183105469,54.90999984741211,53.599998474121094,54.83000183105469,636800
2012-11-16,44.444854736328125,54.310001373291016,54.77000045776367,53.97999954223633,54.310001373291016,879800
2012-11-19,46.13885498046875,56.380001068115234,56.790000915527344,55.189998626708984,55.189998626708984,820100
2012-11-20,46.16341018676758,56.40999984741211,56.95000076293945,56.209999084472656,56.310001373291016,857700
2012-11-21,46.16341018676758,56.40999984741211,56.91999816894531,56.130001068115234,56.61000061035156,457000
2012-11-23,47.088157653808594,57.540000915527344,58.099998474121094,56.689998626708984,56.779998779296875,335800
2012-11-26,47.04723358154297,57.4900016784668,57.81999969482422,57.0099983215332,57.25,503000
2012-11-27,47.39094924926758,57.90999984741211,58.08000183105469,56.029998779296875,57.119998931884766,752400
2012-11-28,48.43843460083008,59.189998626708984,59.220001220703125,57.43000030517578,57.849998474121094,1013600
2012-11-29,49.24042892456055,60.16999816894531,60.529998779296875,59.25,59.47999954223633,1151600
2012-11-30,48.92946243286133,59.790000915527344,60.709999084472656,59.540000915527344,60.0,1041600
2012-12-03,48.143836975097656,58.83000183105469,60.540000915527344,58.7599983215332,60.11000061035156,939400
2012-12-04,48.25021743774414,58.959999084472656,59.38999938964844,58.61000061035156,58.93000030517578,548800
2012-12-05,48.39751052856445,59.13999938964844,59.47999954223633,58.52000045776367,58.9900016784668,462500
2012-12-06,48.43024444580078,59.18000030517578,59.43000030517578,58.849998474121094,59.150001525878906,439500
2012-12-07,48.446632385253906,59.20000076293945,59.40999984741211,58.939998626708984,59.380001068115234,478300
2012-12-10,48.90489959716797,59.7599983215332,59.959999084472656,58.4900016784668,59.20000076293945,437100
2012-12-11,49.01947784423828,59.900001525878906,60.630001068115234,59.68000030517578,59.900001525878906,715500
2012-12-12,48.76494598388672,59.38999938964844,60.220001220703125,59.150001525878906,60.06999969482422,370100
2012-12-13,48.6663932800293,59.27000045776367,60.0,58.880001068115234,59.34000015258789,609800
2012-12-14,48.74851608276367,59.369998931884766,59.880001068115234,59.0099983215332,59.36000061035156,365500
2012-12-17,49.421817779541016,60.189998626708984,60.220001220703125,59.380001068115234,59.380001068115234,734000
2012-12-18,50.73555374145508,61.790000915527344,61.81999969482422,60.18000030517578,60.18000030517578,774700
2012-12-19,50.92441177368164,62.02000045776367,62.5099983215332,61.75,61.75,792000
2012-12-20,50.94905471801758,62.04999923706055,62.27000045776367,61.47999954223633,61.970001220703125,474600
2012-12-21,50.628814697265625,61.65999984741211,62.11000061035156,60.72999954223633,61.130001068115234,1179400
2012-12-24,50.85051345825195,61.93000030517578,61.97999954223633,61.11000061035156,61.43000030517578,156700
2012-12-26,50.637027740478516,61.66999816894531,62.400001525878906,61.54999923706055,62.060001373291016,327400
2012-12-27,50.66165542602539,61.70000076293945,62.13999938964844,60.720001220703125,61.81999969482422,372900
2012-12-28,49.99657440185547,60.88999938964844,61.61000061035156,60.86000061035156,61.27000045776367,228000
2012-12-31,51.006526947021484,62.119998931884766,62.36000061035156,60.61000061035156,60.61000061035156,343700
2013-01-02,52.79652404785156,64.30000305175781,64.72000122070312,63.689998626708984,63.689998626708984,568100
2013-01-03,52.45166015625,63.880001068115234,64.69999694824219,63.56999969482422,64.33000183105469,408000
2013-01-04,53.067466735839844,64.62999725341797,64.80999755859375,63.779998779296875,63.81999969482422,441300
2013-01-07,53.330230712890625,64.94999694824219,65.08000183105469,64.0,64.12000274658203,668600
2013-01-08,52.361328125,63.77000045776367,64.58999633789062,63.52000045776367,64.4000015258789,318000
2013-01-09,52.648719787597656,64.12000274658203,64.30999755859375,63.59000015258789,63.900001525878906,389800
2013-01-10,52.68976974487305,64.16999816894531,64.70999908447266,63.720001220703125,64.41000366210938,403400
2013-01-11,52.52554702758789,63.970001220703125,64.23999786376953,63.54999923706055,64.16000366210938,406300
2013-01-14,53.067466735839844,64.62999725341797,64.62999725341797,63.75,63.90999984741211,259200
2013-01-15,53.45339584350586,65.0999984741211,65.3499984741211,64.29000091552734,64.5999984741211,793000
2013-01-16,53.05105209350586,64.61000061035156,65.0,64.41999816894531,64.87000274658203,377600
2013-01-17,53.584774017333984,65.26000213623047,65.58000183105469,64.8499984741211,65.0199966430664,640800
2013-01-18,52.91147232055664,64.44000244140625,65.54000091552734,64.33000183105469,65.54000091552734,754700
2013-01-22,52.821144104003906,64.33000183105469,64.69999694824219,63.97999954223633,64.52999877929688,1056600
2013-01-23,53.100318908691406,64.66999816894531,67.75,63.880001068115234,65.7300033569336,2728900
2013-01-24,50.998313903808594,62.11000061035156,63.59000015258789,60.709999084472656,63.4900016784668,1892000
2013-01-25,51.26106643676758,62.43000030517578,62.79999923706055,61.41999816894531,62.52000045776367,1025300
2013-01-28,51.86045837402344,63.15999984741211,63.349998474121094,62.099998474121094,62.5,879900
2013-01-29,51.88510513305664,63.189998626708984,63.5,62.869998931884766,62.9900016784668,663600
2013-01-30,51.31033706665039,62.4900016784668,63.2599983215332,62.33000183105469,63.2599983215332,552400
2013-01-31,50.341434478759766,61.310001373291016,62.029998779296875,61.279998779296875,61.9900016784668,715100
2013-02-01,50.702720642089844,61.75,61.970001220703125,61.15999984741211,61.970001220703125,725300
2013-02-04,50.57955551147461,61.599998474121094,61.9900016784668,61.119998931884766,61.2400016784668,609600
2013-02-05,51.129695892333984,62.27000045776367,62.70000076293945,61.900001525878906,61.900001525878906,687200
2013-02-06,50.93263244628906,62.029998779296875,62.63999938964844,61.650001525878906,61.790000915527344,562700
2013-02-07,50.56313705444336,61.58000183105469,62.09000015258789,61.189998626708984,62.06999969482422,509300
2013-02-08,51.44990921020508,62.65999984741211,63.02000045776367,61.779998779296875,61.779998779296875,422700
2013-02-11,51.53202438354492,62.7599983215332,62.939998626708984,62.400001525878906,62.68000030517578,428200
2013-02-12,51.48273849487305,62.70000076293945,62.939998626708984,62.27000045776367,62.45000076293945,376300
2013-02-13,54.31554412841797,66.1500015258789,66.83000183105469,64.05000305175781,64.05000305175781,1949000
2013-02-14,53.70793914794922,65.41000366210938,65.98999786376953,65.27999877929688,65.8499984741211,585300
2013-02-15,53.71613311767578,65.41999816894531,65.86000061035156,65.0,65.37000274658203,378800
2013-02-19,54.061004638671875,65.83999633789062,66.80999755859375,65.6500015258789,65.6500015258789,731100
2013-02-20,52.5994758605957,64.05999755859375,65.93000030517578,64.05000305175781,65.69999694824219,462100
2013-02-21,52.65692901611328,64.12999725341797,64.27999877929688,63.2599983215332,63.7599983215332,694100
2013-02-22,53.37130355834961,65.0,65.25,64.38999938964844,64.4800033569336,551300
2013-02-25,52.057533264160156,63.400001525878906,65.30999755859375,63.400001525878906,65.30999755859375,665100
2013-02-26,52.43523025512695,63.86000061035156,64.16000366210938,63.5,63.68000030517578,515600
2013-02-27,53.55193328857422,65.22000122070312,65.5199966430664,63.790000915527344,63.86000061035156,244900
2013-02-28,53.43696212768555,65.08000183105469,65.72000122070312,65.08000183105469,65.20999908447266,350400
2013-03-01,52.788299560546875,64.29000091552734,64.6500015258789,63.380001068115234,64.41000366210938,718200
2013-03-04,52.21354675292969,63.59000015258789,64.4800033569336,63.31999969482422,64.0999984741211,704200
2013-03-05,52.18890380859375,63.560001373291016,64.76000213623047,63.459999084472656,64.01000213623047,1125300
2013-03-06,53.067466735839844,64.62999725341797,65.25,63.779998779296875,63.95000076293945,921400
2013-03-07,52.722618103027344,64.20999908447266,65.18000030517578,64.02999877929688,64.73999786376953,545900
2013-03-08,53.87215042114258,65.61000061035156,65.63999938964844,64.31999969482422,64.68000030517578,648700
2013-03-11,53.71613311767578,65.41999816894531,65.4800033569336,64.80999755859375,65.4000015258789,415000
2013-03-12,53.2891731262207,64.9000015258789,65.81999969482422,64.88999938964844,65.47000122070312,439200
2013-03-13,53.55290222167969,64.9800033569336,65.2699966430664,64.44999694824219,64.88999938964844,388600
2013-03-14,54.030906677246094,65.55999755859375,65.5999984741211,64.73999786376953,65.19000244140625,271400
2013-03-15,52.09417724609375,63.209999084472656,65.33999633789062,63.099998474121094,65.33000183105469,1321200
2013-03-18,51.45956802368164,62.439998626708984,62.79999923706055,62.08000183105469,62.349998474121094,1054200
2013-03-19,51.59968566894531,62.61000061035156,62.79999923706055,61.9900016784668,62.560001373291016,597400
2013-03-20,51.261783599853516,62.20000076293945,63.16999816894531,62.029998779296875,62.959999084472656,526500
2013-03-21,51.253536224365234,62.189998626708984,62.470001220703125,60.959999084472656,61.75,922000
2013-03-22,50.412906646728516,61.16999816894531,62.439998626708984,60.97999954223633,62.38999938964844,678600
2013-03-25,50.94859313964844,61.81999969482422,62.150001525878906,60.7400016784668,61.34000015258789,737000
2013-03-26,51.10518264770508,62.0099983215332,62.45000076293945,61.77000045776367,61.9900016784668,471700
2013-03-27,50.89091110229492,61.75,62.33000183105469,61.2599983215332,61.529998779296875,658700
2013-03-28,51.5255012512207,62.52000045776367,62.68000030517578,61.33000183105469,61.63999938964844,436100
2013-04-01,50.52005386352539,61.29999923706055,62.540000915527344,60.91999816894531,62.220001220703125,746900
2013-04-02,50.404659271240234,61.15999984741211,61.529998779296875,60.93000030517578,61.5,581200
2013-04-03,49.662925720214844,60.2599983215332,61.68000030517578,59.779998779296875,61.20000076293945,597900
2013-04-04,50.31401824951172,61.04999923706055,61.290000915527344,60.369998931884766,60.369998931884766,387400
2013-04-05,50.90740203857422,61.77000045776367,62.029998779296875,60.06999969482422,60.119998931884766,770100
2013-04-08,51.253536224365234,62.189998626708984,62.63999938964844,61.04999923706055,61.61000061035156,632600
2013-04-09,51.031002044677734,61.91999816894531,62.689998626708984,61.27000045776367,62.40999984741211,676200
2013-04-10,51.294742584228516,62.2400016784668,62.279998779296875,60.45000076293945,61.08000183105469,1075800
2013-04-11,51.03926467895508,61.93000030517578,63.27000045776367,61.86000061035156,62.34000015258789,937900
2013-04-12,50.16565704345703,60.869998931884766,62.060001373291016,60.4900016784668,61.900001525878906,731200
2013-04-15,48.82230758666992,59.2400016784668,60.5,58.90999984741211,60.36000061035156,861200
2013-04-16,50.775543212890625,61.61000061035156,61.63999938964844,59.380001068115234,59.95000076293945,719500
2013-04-17,49.64645767211914,60.2400016784668,61.09000015258789,60.02000045776367,60.810001373291016,950100
2013-04-18,47.59434127807617,57.75,58.9900016784668,57.0099983215332,58.959999084472656,2157100
2013-04-19,48.47618865966797,58.81999969482422,58.970001220703125,56.63999938964844,57.06999969482422,1526500
2013-04-22,48.61626434326172,58.9900016784668,59.47999954223633,57.939998626708984,58.790000915527344,774800
2013-04-23,48.72340774536133,59.119998931884766,59.65999984741211,58.810001373291016,59.25,843500
2013-04-24,48.62452697753906,59.0,59.90999984741211,58.790000915527344,59.349998474121094,1667900
2013-04-25,48.85527038574219,59.279998779296875,59.56999969482422,59.06999969482422,59.47999954223633,1125800
2013-04-26,48.50914001464844,58.86000061035156,59.619998931884766,58.4900016784668,59.400001525878906,610700
2013-04-29,49.011871337890625,59.470001220703125,59.66999816894531,58.7400016784668,58.97999954223633,845100
2013-04-30,50.478843688964844,61.25,61.25,59.25,59.650001525878906,1170600
2013-05-01,48.73164367675781,59.130001068115234,61.2400016784668,59.04999923706055,60.81999969482422,648000
2013-05-02,49.349769592285156,59.880001068115234,60.0,59.029998779296875,59.41999816894531,465700
2013-05-03,50.49531936645508,61.27000045776367,61.95000076293945,60.540000915527344,60.540000915527344,466100
2013-05-06,50.72609329223633,61.54999923706055,61.689998626708984,60.95000076293945,61.220001220703125,563900
2013-05-07,51.24528884887695,62.18000030517578,62.45000076293945,61.45000076293945,61.560001373291016,686500
2013-05-08,52.35789489746094,63.529998779296875,63.529998779296875,61.90999984741211,62.0,807400
2013-05-09,52.22603225708008,63.369998931884766,63.900001525878906,62.93000030517578,63.380001068115234,534400
2013-05-10,52.86885452270508,64.1500015258789,64.20999908447266,63.380001068115234,63.560001373291016,600800
2013-05-13,52.720516204833984,63.970001220703125,64.20999908447266,63.630001068115234,64.1500015258789,710200
2013-05-14,53.45400619506836,64.86000061035156,65.0,63.86000061035156,63.86000061035156,557100
2013-05-15,54.25341796875,65.83000183105469,65.83999633789062,64.68000030517578,64.69000244140625,635600
2013-05-16,54.61606216430664,66.2699966430664,66.66999816894531,65.6500015258789,65.68000030517578,837000
2013-05-17,55.49786376953125,67.33999633789062,67.6500015258789,66.4800033569336,66.61000061035156,715400
2013-05-20,54.65725326538086,66.31999969482422,67.20999908447266,66.0,67.20999908447266,887800
2013-05-21,55.168216705322266,66.94000244140625,67.44999694824219,66.45999908447266,66.45999908447266,431400
2013-05-22,54.74791717529297,66.43000030517578,67.95999908447266,66.0199966430664,66.94000244140625,444200
2013-05-23,54.896236419677734,66.61000061035156,66.62000274658203,65.01000213623047,65.61000061035156,600700
2013-05-24,54.75614929199219,66.44000244140625,66.5999984741211,66.08000183105469,66.22000122070312,439500
2013-05-28,55.83576965332031,67.75,67.7699966430664,67.19000244140625,67.31999969482422,781700
2013-05-29,55.62148666381836,67.48999786376953,67.79000091552734,66.91999816894531,67.08000183105469,448800
2013-05-30,56.865966796875,69.0,69.02999877929688,67.44999694824219,67.54000091552734,1031500
2013-05-31,55.151729583740234,66.91999816894531,68.55000305175781,66.83000183105469,68.31999969482422,992000
2013-06-03,54.179237365722656,65.73999786376953,67.06999969482422,65.16000366210938,66.9000015258789,933800
2013-06-04,54.26991271972656,65.8499984741211,66.63999938964844,65.3499984741211,65.79000091552734,345700
2013-06-05,53.39631652832031,64.79000091552734,65.91000366210938,64.63999938964844,65.62999725341797,450700
2013-06-06,53.05018615722656,64.37000274658203,65.38999938964844,63.40999984741211,64.80000305175781,1116700
2013-06-07,52.860626220703125,64.13999938964844,64.52999877929688,63.33000183105469,64.4000015258789,673400
2013-06-10,52.33316421508789,63.5,64.51000213623047,63.029998779296875,64.31999969482422,942800
2013-06-11,51.78921890258789,62.84000015258789,63.400001525878906,61.959999084472656,62.75,583400
2013-06-12,51.19358825683594,61.880001068115234,63.29999923706055,61.83000183105469,63.11000061035156,593700
2013-06-13,52.41798782348633,63.36000061035156,63.560001373291016,61.52000045776367,61.66999816894531,398800
2013-06-14,52.103607177734375,62.97999954223633,63.689998626708984,62.900001525878906,63.38999938964844,409600
2013-06-17,52.36833953857422,63.29999923706055,63.84000015258789,62.900001525878906,63.59000015258789,524100
2013-06-18,52.939186096191406,63.9900016784668,64.41000366210938,63.220001220703125,63.220001220703125,267100
2013-06-19,52.451087951660156,63.400001525878906,64.08999633789062,63.36000061035156,63.97999954223633,368700
2013-06-20,51.499664306640625,62.25,63.06999969482422,61.959999084472656,62.43000030517578,851100
2013-06-21,51.26802062988281,61.970001220703125,62.720001220703125,61.470001220703125,62.619998931884766,976900
2013-06-24,50.65581512451172,61.22999954223633,61.75,60.25,61.29999923706055,802800
2013-06-25,51.46657943725586,62.209999084472656,62.470001220703125,61.75,61.93000030517578,600400
2013-06-26,51.8388557434082,62.65999984741211,63.18000030517578,62.18000030517578,62.939998626708984,468100
2013-06-27,51.913326263427734,62.75,63.29999923706055,62.54999923706055,63.02000045776367,430300
2013-06-28,51.53276824951172,62.290000915527344,63.790000915527344,61.709999084472656,62.56999969482422,996300
2013-07-01,52.144962310791016,63.029998779296875,63.59000015258789,62.58000183105469,62.59000015258789,780700
2013-07-02,52.15324783325195,63.040000915527344,63.689998626708984,62.70000076293945,63.08000183105469,540500
2013-07-03,51.996036529541016,62.849998474121094,63.2400016784668,62.54999923706055,62.72999954223633,272600
2013-07-05,52.674461364746094,63.66999816894531,63.90999984741211,63.08000183105469,63.41999816894531,338800
2013-07-08,52.42626190185547,63.369998931884766,64.27999877929688,63.06999969482422,63.70000076293945,530600
2013-07-09,53.518310546875,64.69000244140625,65.1500015258789,63.720001220703125,63.81999969482422,466900
2013-07-10,53.94850540161133,65.20999908447266,65.5999984741211,64.66000366210938,64.77999877929688,518600
2013-07-11,53.82440185546875,65.05999755859375,66.38999938964844,64.7699966430664,66.33000183105469,599200
2013-07-12,53.609291076660156,64.80000305175781,65.06999969482422,64.19000244140625,65.02999877929688,654200
2013-07-15,53.4769287109375,64.63999938964844,65.2699966430664,64.33999633789062,64.80000305175781,587200
2013-07-16,53.52656555175781,64.69999694824219,65.23999786376953,63.88999938964844,64.87000274658203,645000
2013-07-17,53.60102844238281,64.79000091552734,65.5,64.69999694824219,64.95999908447266,689400
2013-07-18,51.929874420166016,62.77000045776367,63.27000045776367,60.15999984741211,63.06999969482422,2510200
2013-07-19,51.97123718261719,62.81999969482422,63.02000045776367,61.790000915527344,62.459999084472656,1027800
2013-07-22,51.756134033203125,62.560001373291016,62.91999816894531,62.09000015258789,62.720001220703125,1004700
2013-07-23,51.96296691894531,62.810001373291016,63.11000061035156,62.470001220703125,62.84000015258789,603800
2013-07-24,51.82231903076172,62.63999938964844,63.150001525878906,62.29999923706055,62.97999954223633,798000
2013-07-25,51.68996047973633,62.47999954223633,62.95000076293945,62.20000076293945,62.560001373291016,1172100
2013-07-26,51.07775115966797,61.7400016784668,62.41999816894531,61.47999954223633,62.20000076293945,1034500
2013-07-29,51.08601760864258,61.75,62.0099983215332,61.25,61.43000030517578,946200
2013-07-30,51.19358825683594,61.880001068115234,62.900001525878906,61.529998779296875,61.79999923706055,1418200
2013-07-31,51.30112075805664,62.0099983215332,62.9900016784668,61.84000015258789,61.88999938964844,1172000
2013-08-01,51.60723876953125,62.380001068115234,62.88999938964844,62.310001373291016,62.4900016784668,1296900
2013-08-02,51.557594299316406,62.31999969482422,62.68000030517578,61.880001068115234,62.29999923706055,1831200
2013-08-05,52.335243225097656,63.2599983215332,63.36000061035156,62.130001068115234,62.33000183105469,1351900
2013-08-06,52.235984802246094,63.13999938964844,63.27000045776367,62.7400016784668,63.0,1008200
2013-08-07,52.219425201416016,63.119998931884766,63.33000183105469,62.56999969482422,62.810001373291016,1038500
2013-08-08,52.260799407958984,63.16999816894531,63.599998474121094,62.900001525878906,63.36000061035156,696000
2013-08-09,52.04569625854492,62.90999984741211,63.4900016784668,62.72999954223633,62.9900016784668,589000
2013-08-12,52.451087951660156,63.400001525878906,63.63999938964844,62.70000076293945,62.70000076293945,438400
2013-08-13,52.343528747558594,63.27000045776367,63.5099983215332,62.869998931884766,63.29999923706055,415900
2013-08-14,52.05398178100586,62.91999816894531,63.63999938964844,62.650001525878906,63.25,556700
2013-08-15,51.67341232299805,62.459999084472656,62.66999816894531,62.0,62.43000030517578,788200
2013-08-16,51.54104232788086,62.29999923706055,62.459999084472656,61.869998931884766,62.25,494300
2013-08-19,51.62377166748047,62.400001525878906,62.630001068115234,61.959999084472656,62.099998474121094,503600
2013-08-20,51.640316009521484,62.41999816894531,63.040000915527344,62.209999084472656,62.33000183105469,335600
2013-08-21,51.31766128540039,62.029998779296875,62.75,61.90999984741211,62.290000915527344,311800
2013-08-22,51.82231903076172,62.63999938964844,62.97999954223633,62.02000045776367,62.2400016784668,253900
2013-08-23,51.98777389526367,62.84000015258789,63.08000183105469,62.380001068115234,62.93000030517578,485200
2013-08-26,52.05398178100586,62.91999816894531,63.61000061035156,62.81999969482422,62.869998931884766,586600
2013-08-27,51.78096008300781,62.59000015258789,63.040000915527344,62.0,62.349998474121094,633700
2013-08-28,51.74787902832031,62.54999923706055,62.869998931884766,62.369998931884766,62.5,467700
2013-08-29,51.92159652709961,62.7599983215332,63.22999954223633,62.369998931884766,62.400001525878906,407500
2013-08-30,51.59894561767578,62.369998931884766,63.20000076293945,62.06999969482422,62.75,578100
2013-09-03,51.40039825439453,62.130001068115234,63.279998779296875,61.70000076293945,63.04999923706055,1022300
2013-09-04,51.50794219970703,62.2599983215332,62.79999923706055,61.77000045776367,62.08000183105469,793500
2013-09-05,51.57412338256836,62.34000015258789,62.970001220703125,62.09000015258789,62.40999984741211,560300
2013-09-06,51.25975799560547,61.959999084472656,62.880001068115234,61.61000061035156,62.58000183105469,674500
2013-09-09,51.458316802978516,62.20000076293945,62.709999084472656,61.91999816894531,62.189998626708984,488100
2013-09-10,53.021915435791016,64.08999633789062,64.0999984741211,62.689998626708984,62.7400016784668,1054900
2013-09-11,52.75618362426758,63.529998779296875,64.01000213623047,62.75,63.91999816894531,602600
2013-09-12,52.465538024902344,63.18000030517578,63.619998931884766,62.650001525878906,63.380001068115234,678300
2013-09-13,52.399105072021484,63.099998474121094,63.650001525878906,62.709999084472656,63.11000061035156,432500
2013-09-16,52.74787902832031,63.52000045776367,63.7400016784668,62.970001220703125,63.709999084472656,838700
2013-09-17,52.60669708251953,63.349998474121094,63.75,62.880001068115234,63.41999816894531,641000
2013-09-18,52.5236701965332,63.25,63.5099983215332,62.72999954223633,63.380001068115234,1035500
2013-09-19,52.79768371582031,63.58000183105469,64.38999938964844,63.33000183105469,63.43000030517578,653000
2013-09-20,52.45722961425781,63.16999816894531,64.16000366210938,62.970001220703125,63.650001525878906,1176400
2013-09-23,52.332679748535156,63.02000045776367,63.41999816894531,62.709999084472656,63.0,696000
2013-09-24,51.87594985961914,62.470001220703125,62.7400016784668,60.88999938964844,62.27000045776367,965000
2013-09-25,51.70985412597656,62.27000045776367,62.79999923706055,62.040000915527344,62.369998931884766,501800
2013-09-26,52.2745361328125,62.95000076293945,63.400001525878906,62.439998626708984,62.439998626708984,738000
2013-09-27,52.12507247924805,62.77000045776367,63.06999969482422,62.40999984741211,62.779998779296875,352700
2013-09-30,52.2662353515625,62.939998626708984,63.040000915527344,62.02000045776367,62.099998474121094,643200
2013-10-01,52.88905715942383,63.689998626708984,64.23999786376953,62.5,62.650001525878906,884600
2013-10-02,52.95547866821289,63.77000045776367,63.81999969482422,62.9900016784668,63.29999923706055,799800
2013-10-03,53.104957580566406,63.95000076293945,64.30999755859375,63.279998779296875,63.59000015258789,841600
2013-10-04,53.68623733520508,64.6500015258789,64.73999786376953,63.689998626708984,63.880001068115234,909900
2013-10-07,53.26273727416992,64.13999938964844,64.79000091552734,62.93000030517578,64.19000244140625,559600
2013-10-08,52.59009552001953,63.33000183105469,64.12000274658203,63.290000915527344,64.01000213623047,937200
2013-10-09,52.34929275512695,63.040000915527344,63.619998931884766,62.77000045776367,63.36000061035156,860000
2013-10-10,52.947174072265625,63.7599983215332,63.83000183105469,63.349998474121094,63.380001068115234,559500
2013-10-11,52.75618362426758,63.529998779296875,63.650001525878906,63.0,63.31999969482422,1220400
2013-10-14,53.13818359375,63.9900016784668,64.19000244140625,63.29999923706055,63.400001525878906,654400
2013-10-15,53.345767974853516,64.23999786376953,64.55999755859375,63.630001068115234,64.0,769600
2013-10-16,53.49524688720703,64.41999816894531,64.83999633789062,64.16000366210938,64.56999969482422,1072700
2013-10-17,56.01139450073242,67.44999694824219,67.44999694824219,64.0199966430664,64.6500015258789,2281400
2013-10-18,55.886844635009766,67.30000305175781,67.41000366210938,66.44000244140625,66.88999938964844,931600
2013-10-21,55.463321685791016,66.79000091552734,67.48999786376953,66.55000305175781,67.44000244140625,850600
2013-10-22,55.79549026489258,67.19000244140625,67.44000244140625,66.9000015258789,67.01000213623047,559500
2013-10-23,55.96156692504883,67.38999938964844,67.44000244140625,66.80000305175781,67.0,407800
2013-10-24,56.1359748840332,67.5999984741211,67.7699966430664,67.16999816894531,67.30000305175781,417500
2013-10-25,56.1359748840332,67.5999984741211,67.9800033569336,66.68000030517578,67.58000183105469,378000
2013-10-28,55.73738479614258,67.12000274658203,67.77999877929688,66.77999877929688,67.47000122070312,472400
2013-10-29,55.50485610961914,66.83999633789062,67.43000030517578,66.25,67.0999984741211,564400
2013-10-30,55.023216247558594,66.26000213623047,67.12999725341797,65.9800033569336,66.91999816894531,527300
2013-10-31,54.9650764465332,66.19000244140625,66.66000366210938,65.91999816894531,66.3499984741211,654100
2013-11-01,55.44670867919922,66.7699966430664,67.01000213623047,66.11000061035156,66.12000274658203,412700
2013-11-04,55.770591735839844,67.16000366210938,67.37000274658203,66.79000091552734,66.79000091552734,484900
2013-11-05,55.380287170410156,66.69000244140625,67.26000213623047,66.25,66.91999816894531,296600
2013-11-06,55.70414352416992,67.08000183105469,67.44999694824219,66.72000122070312,66.88999938964844,208500
2013-11-07,55.28894805908203,66.58000183105469,67.5199966430664,66.44000244140625,67.18000030517578,328400
2013-11-08,55.92005157470703,67.33999633789062,67.33999633789062,66.45999908447266,66.45999908447266,513100
2013-11-11,55.92836380004883,67.3499984741211,67.54000091552734,66.88999938964844,67.19999694824219,317200
2013-11-12,55.837005615234375,67.23999786376953,67.87999725341797,66.91000366210938,67.2300033569336,620900
2013-11-13,55.978179931640625,67.41000366210938,67.58999633789062,66.87000274658203,67.0199966430664,432100
2013-11-14,56.09443664550781,67.55000305175781,67.91000366210938,67.29000091552734,67.56999969482422,328100
2013-11-15,56.11936569213867,67.58000183105469,67.68000030517578,67.31999969482422,67.51000213623047,372000
2013-11-18,56.07783889770508,67.52999877929688,67.81999969482422,67.25,67.7699966430664,357300
2013-11-19,55.837005615234375,67.23999786376953,67.69000244140625,66.91000366210938,67.47000122070312,381300
2013-11-20,55.8702392578125,67.27999877929688,67.58000183105469,67.05999755859375,67.33000183105469,374700
2013-11-21,56.57609558105469,68.12999725341797,68.33000183105469,67.08999633789062,67.41000366210938,468700
2013-11-22,56.70894241333008,68.29000091552734,68.38999938964844,67.70999908447266,68.0999984741211,305600
2013-11-25,56.88332748413086,68.5,68.69000244140625,68.12000274658203,68.25,395500
2013-11-26,56.4598274230957,67.98999786376953,68.6500015258789,67.91999816894531,68.5,678300
2013-11-27,57.29854965209961,69.0,69.02999877929688,67.76000213623047,68.02999877929688,522900
2013-11-29,57.05772399902344,68.70999908447266,69.5,68.68000030517578,69.19000244140625,267000
2013-12-02,57.20720291137695,68.88999938964844,69.83000183105469,68.51000213623047,68.87000274658203,643500
2013-12-03,56.68405532836914,68.26000213623047,69.08000183105469,67.7300033569336,68.62999725341797,503300
2013-12-04,56.401695251464844,67.91999816894531,68.69000244140625,67.30999755859375,68.02999877929688,407200
2013-12-05,56.717254638671875,68.30000305175781,68.72000122070312,67.41000366210938,67.76000213623047,532700
2013-12-06,57.73035430908203,69.5199966430664,69.68000030517578,68.83999633789062,68.93000030517578,349000
2013-12-09,57.75526809692383,69.55000305175781,69.79000091552734,69.2699966430664,69.54000091552734,393400
2013-12-10,57.705448150634766,69.48999786376953,70.0,69.3499984741211,69.37999725341797,418900
2013-12-11,56.79718017578125,68.16000366210938,69.8499984741211,67.9800033569336,69.4000015258789,462900
2013-12-12,56.28049850463867,67.54000091552734,68.41000366210938,67.44000244140625,67.97000122070312,584600
2013-12-13,56.60549545288086,67.93000030517578,67.9800033569336,67.5199966430664,67.75,281300
2013-12-16,56.71384048461914,68.05999755859375,69.33000183105469,67.93000030517578,68.2699966430664,320600
2013-12-17,57.30546569824219,68.7699966430664,68.80999755859375,67.81999969482422,68.12000274658203,519800
2013-12-18,53.17234420776367,63.810001373291016,66.33000183105469,63.630001068115234,66.0,2349100
2013-12-19,52.605709075927734,63.130001068115234,63.689998626708984,62.47999954223633,63.43000030517578,1333600
2013-12-20,52.98902130126953,63.59000015258789,63.91999816894531,62.790000915527344,62.90999984741211,1135800
2013-12-23,52.047401428222656,62.459999084472656,63.83000183105469,62.41999816894531,63.83000183105469,1068500
2013-12-24,52.21405029296875,62.65999984741211,62.959999084472656,62.02000045776367,62.29999923706055,412500
2013-12-26,52.80569076538086,63.369998931884766,63.560001373291016,63.0,63.0099983215332,363300
2013-12-27,52.964019775390625,63.560001373291016,63.939998626708984,63.369998931884766,63.5099983215332,276600
2013-12-30,52.71402359008789,63.2599983215332,63.95000076293945,63.2599983215332,63.560001373291016,476300
2013-12-31,52.82236862182617,63.38999938964844,63.54999923706055,63.119998931884766,63.18000030517578,386900
2014-01-02,52.614044189453125,63.13999938964844,63.599998474121094,62.599998474121094,63.380001068115234,548800
2014-01-03,52.70570755004883,63.25,63.34000015258789,62.779998779296875,63.2400016784668,402000
2014-01-06,52.58903121948242,63.11000061035156,63.369998931884766,62.38999938964844,63.369998931884766,842700
2014-01-07,52.947357177734375,63.540000915527344,63.959999084472656,62.900001525878906,63.529998779296875,662700
2014-01-08,54.055625915527344,64.87000274658203,64.9000015258789,63.63999938964844,63.63999938964844,1125600
2014-01-09,54.85558319091797,65.83000183105469,66.37999725341797,65.0,65.55000305175781,1037300
2014-01-10,55.40555953979492,66.48999786376953,66.51000213623047,65.41999816894531,65.87000274658203,929800
2014-01-13,54.78892517089844,65.75,66.55999755859375,65.4800033569336,66.29000091552734,744800
2014-01-14,55.50554275512695,66.61000061035156,66.62000274658203,65.5,65.81999969482422,535700
2014-01-15,55.6139030456543,66.73999786376953,67.30999755859375,66.62999725341797,66.62999725341797,444400
2014-01-16,55.305564880371094,66.37000274658203,66.86000061035156,66.16000366210938,66.69000244140625,342000
2014-01-17,54.997257232666016,66.0,66.38999938964844,65.73999786376953,66.38999938964844,382000
2014-01-21,55.12222671508789,66.1500015258789,66.48999786376953,65.91000366210938,66.19000244140625,420300
2014-01-22,55.24724578857422,66.30000305175781,66.7699966430664,66.0,66.54000091552734,254500
2014-01-23,54.59727478027344,65.5199966430664,66.23999786376953,65.22000122070312,65.93000030517578,389800
2014-01-24,52.75569152832031,63.310001373291016,65.29000091552734,63.22999954223633,65.29000091552734,758500
2014-01-27,52.98902130126953,63.59000015258789,64.16999816894531,62.65999984741211,63.27000045776367,550000
2014-01-28,52.66404342651367,63.20000076293945,63.779998779296875,62.56999969482422,63.689998626708984,717000
2014-01-29,54.37228012084961,65.25,66.52999877929688,63.22999954223633,63.83000183105469,1610000
2014-01-30,53.84729766845703,64.62000274658203,65.63999938964844,64.18000030517578,65.2699966430664,723400
2014-01-31,53.48065948486328,64.18000030517578,65.0999984741211,64.01000213623047,64.05999755859375,646600
2014-02-03,51.855735778808594,62.22999954223633,64.54000091552734,62.150001525878906,64.4800033569336,1334800
2014-02-04,51.83905029296875,62.209999084472656,63.18000030517578,61.880001068115234,63.18000030517578,1088200
2014-02-05,52.07240676879883,62.4900016784668,62.61000061035156,60.91999816894531,62.099998474121094,820400
2014-02-06,52.39738082885742,62.880001068115234,63.040000915527344,62.29999923706055,62.54999923706055,409600
2014-02-07,52.897361755371094,63.47999954223633,63.56999969482422,62.83000183105469,63.099998474121094,337500
2014-02-10,53.08900833129883,63.709999084472656,64.11000061035156,63.150001525878906,63.150001525878906,356300
2014-02-11,53.41398620605469,64.0999984741211,64.44999694824219,63.459999084472656,63.599998474121094,377200
2014-02-12,53.72230529785156,64.47000122070312,64.58999633789062,64.08000183105469,64.08000183105469,451500
2014-02-13,54.00563049316406,64.80999755859375,65.06999969482422,63.599998474121094,64.16000366210938,392500
2014-02-14,54.380615234375,65.26000213623047,65.4800033569336,64.58999633789062,64.87000274658203,245400
2014-02-18,53.73064422607422,64.4800033569336,65.38999938964844,64.31999969482422,65.38999938964844,451500
2014-02-19,53.672325134277344,64.41000366210938,65.1500015258789,64.36000061035156,64.5,749300
2014-02-20,53.69731140136719,64.44000244140625,64.75,64.36000061035156,64.44999694824219,553600
2014-02-21,53.25567626953125,63.90999984741211,64.83999633789062,63.81999969482422,64.58000183105469,666900
2014-02-24,53.19733428955078,63.84000015258789,64.12999725341797,63.59000015258789,63.91999816894531,513900
2014-02-25,53.56398391723633,64.27999877929688,64.66000366210938,63.59000015258789,63.9900016784668,481100
2014-02-26,54.63059616088867,65.55999755859375,65.66000366210938,64.31999969482422,65.66000366210938,565900
2014-02-27,54.64726257324219,65.58000183105469,65.66999816894531,65.06999969482422,65.37999725341797,274300
2014-02-28,54.98889923095703,65.98999786376953,66.47000122070312,65.3499984741211,65.48999786376953,380700
2014-03-03,54.780582427978516,65.73999786376953,66.25,65.16000366210938,65.2300033569336,729600
2014-03-04,55.03058624267578,66.04000091552734,67.25,65.8499984741211,66.16999816894531,1408300
2014-03-05,55.03058624267578,66.04000091552734,66.37999725341797,65.66999816894531,66.0999984741211,365300
2014-03-06,55.48056411743164,66.58000183105469,66.95999908447266,66.16999816894531,66.18000030517578,245700
2014-03-07,55.455562591552734,66.55000305175781,66.98999786376953,66.19000244140625,66.77999877929688,405000
2014-03-10,54.97224807739258,65.97000122070312,66.69999694824219,65.55000305175781,66.30000305175781,467300
2014-03-11,54.61393356323242,65.54000091552734,66.11000061035156,65.44999694824219,65.45999908447266,479500
2014-03-12,54.400550842285156,65.01000213623047,65.20999908447266,64.63999938964844,64.83999633789062,615600
2014-03-13,53.722721099853516,64.19999694824219,65.41999816894531,64.12000274658203,65.04000091552734,606800
2014-03-14,53.16208267211914,63.529998779296875,64.80000305175781,63.439998626708984,64.04000091552734,603200
2014-03-17,53.848262786865234,64.3499984741211,64.51000213623047,63.61000061035156,64.06999969482422,460900
2014-03-18,54.19135665893555,64.76000213623047,64.81999969482422,64.18000030517578,64.54000091552734,437200
2014-03-19,53.806434631347656,64.30000305175781,65.06999969482422,64.08000183105469,64.80999755859375,241200
2014-03-20,53.62232208251953,64.08000183105469,64.44000244140625,63.65999984741211,64.27999877929688,690800
2014-03-21,54.10767364501953,64.66000366210938,65.23999786376953,64.19000244140625,64.43000030517578,1080700
2014-03-24,53.90683364868164,64.41999816894531,65.47000122070312,64.16000366210938,64.83000183105469,643500
2014-03-25,54.266666412353516,64.8499984741211,65.48999786376953,64.62000274658203,65.16999816894531,336100
2014-03-26,53.85661315917969,64.36000061035156,65.52999877929688,64.3499984741211,65.05000305175781,420500
2014-03-27,54.30012512207031,64.88999938964844,65.11000061035156,64.3499984741211,64.48999786376953,495000
2014-03-28,54.47586441040039,65.0999984741211,65.29000091552734,64.69000244140625,64.87999725341797,351400
2014-03-31,55.5804557800293,66.41999816894531,66.62999725341797,65.2300033569336,65.5,510900
2014-04-01,55.60552978515625,66.44999694824219,66.87000274658203,65.87999725341797,66.58999633789062,475300
2014-04-02,55.998836517333984,66.91999816894531,67.08000183105469,66.11000061035156,66.66999816894531,329400
2014-04-03,55.89842987060547,66.80000305175781,67.5,66.62999725341797,67.0199966430664,444500
2014-04-04,55.321048736572266,66.11000061035156,67.2300033569336,65.56999969482422,67.2300033569336,546000
2014-04-07,54.41728210449219,65.02999877929688,66.08999633789062,64.91000366210938,66.08000183105469,415500
2014-04-08,54.70180892944336,65.37000274658203,65.69999694824219,64.69000244140625,64.87999725341797,499300
2014-04-09,55.28755569458008,66.06999969482422,66.47000122070312,65.48999786376953,65.5999984741211,754500
2014-04-10,54.500953674316406,65.12999725341797,66.37000274658203,65.05000305175781,65.9800033569336,719500
2014-04-11,54.275028228759766,64.86000061035156,65.69999694824219,64.6500015258789,64.9000015258789,497300
2014-04-14,54.88591003417969,65.58999633789062,65.80000305175781,64.88999938964844,65.18000030517578,572300
2014-04-15,54.9109992980957,65.62000274658203,65.83999633789062,64.55000305175781,65.72000122070312,686200
2014-04-16,55.463279724121094,66.27999877929688,66.43000030517578,65.63999938964844,66.05000305175781,492600
2014-04-17,55.797996520996094,66.68000030517578,67.02999877929688,65.30000305175781,66.94999694824219,437400
2014-04-21,56.23314666748047,67.19999694824219,67.23999786376953,66.1500015258789,66.55000305175781,706300
2014-04-22,56.685020446777344,67.73999786376953,67.86000061035156,67.19000244140625,67.4000015258789,448500
2014-04-23,56.124351501464844,67.06999969482422,68.2300033569336,66.81999969482422,67.79000091552734,705200
2014-04-24,55.93189239501953,66.83999633789062,67.19000244140625,66.73999786376953,67.0999984741211,677100
2014-04-25,55.10347366333008,65.8499984741211,66.7300033569336,65.75,66.61000061035156,363800
2014-04-28,55.245723724365234,66.0199966430664,66.30999755859375,65.37000274658203,66.22000122070312,507900
2014-04-29,55.72269821166992,66.58999633789062,67.08000183105469,66.30999755859375,66.30999755859375,410500
2014-04-30,56.099266052246094,67.04000091552734,67.2300033569336,66.2699966430664,66.61000061035156,481100
2014-05-01,56.685020446777344,67.73999786376953,67.95999908447266,67.26000213623047,67.54000091552734,450600
2014-05-02,56.986270904541016,68.0999984741211,68.62999725341797,67.45999908447266,67.83000183105469,633700
2014-05-05,57.37955856323242,68.56999969482422,68.91000366210938,67.80000305175781,67.80000305175781,548100
2014-05-06,57.10341262817383,68.23999786376953,68.75,68.06999969482422,68.31999969482422,803500
2014-05-07,57.32099151611328,68.5,68.69000244140625,68.0,68.45999908447266,555800
2014-05-08,57.01976776123047,68.13999938964844,68.87999725341797,67.97000122070312,68.33000183105469,628700
2014-05-09,57.1285285949707,68.2699966430664,68.5,67.68000030517578,68.04000091552734,381400
2014-05-12,58.0406494140625,69.36000061035156,69.58000183105469,68.5999984741211,68.5999984741211,383500
2014-05-13,57.7979736328125,69.06999969482422,69.88999938964844,69.04000091552734,69.36000061035156,401600
2014-05-14,57.722660064697266,68.9800033569336,69.33999633789062,68.69999694824219,68.9000015258789,349900
2014-05-15,56.626434326171875,67.66999816894531,69.12999725341797,67.5,68.81999969482422,728100
2014-05-16,56.66827392578125,67.72000122070312,67.88999938964844,67.0199966430664,67.7300033569336,673100
2014-05-19,56.810550689697266,67.88999938964844,68.63999938964844,67.47000122070312,67.58000183105469,607600
2014-05-20,56.459075927734375,67.47000122070312,68.08000183105469,67.25,67.91999816894531,561600
2014-05-21,56.961158752441406,68.06999969482422,68.31999969482422,67.5199966430664,67.73999786376953,507100
2014-05-22,56.961158752441406,68.06999969482422,68.47000122070312,67.77999877929688,68.0,396000
2014-05-23,57.454898834228516,68.66000366210938,68.87999725341797,67.93000030517578,68.08999633789062,434100
2014-05-27,57.387943267822266,68.58000183105469,69.30000305175781,68.5199966430664,68.94000244140625,226600
2014-05-28,57.270790100097656,68.44000244140625,68.62000274658203,67.88999938964844,68.41999816894531,375600
2014-05-29,58.01554489135742,69.33000183105469,69.38999938964844,68.19999694824219,68.62999725341797,407400
2014-05-30,57.89839553833008,69.19000244140625,69.4800033569336,68.86000061035156,69.18000030517578,323900
2014-06-02,58.291690826416016,69.66000366210938,69.81999969482422,68.86000061035156,69.29000091552734,379200
2014-06-03,58.59294509887695,70.0199966430664,70.30999755859375,69.1500015258789,69.37999725341797,503500
2014-06-04,59.287479400634766,70.8499984741211,70.91000366210938,69.6500015258789,69.83000183105469,697200
2014-06-05,59.80629348754883,71.47000122070312,71.86000061035156,70.75,71.12999725341797,658900
2014-06-06,60.40043258666992,72.18000030517578,72.31999969482422,71.45999908447266,71.58000183105469,540000
2014-06-09,60.44227981567383,72.2300033569336,72.69000244140625,72.0199966430664,72.05999755859375,474600
2014-06-10,60.43391036987305,72.22000122070312,72.41999816894531,71.68000030517578,72.12999725341797,379300
2014-06-11,60.14409255981445,71.5999984741211,72.37000274658203,71.30000305175781,71.70999908447266,381900
2014-06-12,59.4973030090332,70.83000183105469,71.83999633789062,70.73999786376953,71.5199966430664,356600
2014-06-13,59.640098571777344,71.0,71.19999694824219,70.73999786376953,70.80999755859375,598800
2014-06-16,59.16969680786133,70.44000244140625,71.19000244140625,70.37999725341797,71.05999755859375,495000
2014-06-17,59.92570877075195,71.33999633789062,71.69999694824219,70.26000213623047,70.4000015258789,723300
2014-06-18,59.707305908203125,71.08000183105469,71.6500015258789,70.58000183105469,71.41999816894531,402300
2014-06-19,59.908912658691406,71.31999969482422,71.55999755859375,71.06999969482422,71.06999969482422,276400
2014-06-20,60.07689666748047,71.5199966430664,71.83000183105469,71.08000183105469,71.62999725341797,422300
2014-06-23,59.799713134765625,71.19000244140625,71.58999633789062,71.01000213623047,71.47000122070312,356200
2014-06-24,59.26211929321289,70.55000305175781,71.87999725341797,70.47000122070312,71.13999938964844,472700
2014-06-25,59.824886322021484,71.22000122070312,71.38999938964844,70.55000305175781,70.62000274658203,377200
2014-06-26,59.69888687133789,71.06999969482422,71.47000122070312,70.58999633789062,71.29000091552734,310500
2014-06-27,60.35410690307617,71.8499984741211,71.8499984741211,70.51000213623047,70.79000091552734,775800
2014-06-30,60.06010055541992,71.5,71.93000030517578,70.94000244140625,71.93000030517578,520500
2014-07-01,60.58087921142578,72.12000274658203,72.58000183105469,71.75,71.81999969482422,453500
2014-07-02,60.42129898071289,71.93000030517578,72.23999786376953,71.62999725341797,71.91999816894531,462400
2014-07-03,60.86649703979492,72.45999908447266,72.55000305175781,72.0199966430664,72.05999755859375,331400
2014-07-07,60.66490936279297,72.22000122070312,72.41000366210938,71.91000366210938,71.9800033569336,376500
2014-07-08,60.698509216308594,72.26000213623047,72.44999694824219,71.91000366210938,72.1500015258789,339200
2014-07-09,60.54730224609375,72.08000183105469,72.79000091552734,71.81999969482422,72.5999984741211,346400
2014-07-10,60.14409255981445,71.5999984741211,71.93000030517578,70.87999725341797,71.0999984741211,340300
2014-07-11,60.4801025390625,72.0,72.05000305175781,71.38999938964844,71.58000183105469,311900
2014-07-14,61.00090026855469,72.62000274658203,72.79000091552734,72.1500015258789,72.41999816894531,478000
2014-07-15,58.8253059387207,70.02999877929688,76.27999877929688,68.31999969482422,76.02999877929688,14564100
2014-07-16,58.01889419555664,69.06999969482422,71.06999969482422,68.7300033569336,70.3499984741211,2726300
2014-07-17,58.32130432128906,69.43000030517578,70.19999694824219,68.11000061035156,68.61000061035156,2059000
2014-07-18,58.96809005737305,70.19999694824219,70.51000213623047,69.5,69.63999938964844,1422300
2014-07-21,58.06929397583008,69.12999725341797,70.36000061035156,69.12000274658203,69.73999786376953,802100
2014-07-22,57.53168487548828,68.48999786376953,69.72000122070312,68.48999786376953,69.2699966430664,980900
2014-07-23,57.44769287109375,68.38999938964844,69.08999633789062,67.95999908447266,68.62999725341797,1500100
2014-07-24,56.73368453979492,67.54000091552734,68.5999984741211,67.19000244140625,68.5999984741211,1654700
2014-07-25,58.01889419555664,69.06999969482422,69.16999816894531,67.58000183105469,67.58000183105469,1928200
2014-07-28,57.85927963256836,68.87999725341797,69.12999725341797,68.13999938964844,68.94000244140625,1056500
2014-07-29,56.49009323120117,67.25,70.0199966430664,67.22000122070312,70.0,1585100
2014-07-30,56.03648376464844,66.70999908447266,68.08999633789062,66.58000183105469,67.58000183105469,1572400
2014-07-31,51.525699615478516,61.34000015258789,66.70999908447266,59.86000061035156,66.70999908447266,5793300
2014-08-01,51.87007141113281,61.75,62.470001220703125,60.75,60.970001220703125,3081300
2014-08-04,52.054874420166016,61.970001220703125,62.099998474121094,61.04999923706055,61.790000915527344,1451700
2014-08-05,51.62648391723633,61.459999084472656,62.59000015258789,61.22999954223633,61.5,2230100
2014-08-06,51.475284576416016,61.279998779296875,61.75,60.900001525878906,61.349998474121094,1040800
2014-08-07,50.90407180786133,60.599998474121094,61.91999816894531,60.36000061035156,61.77000045776367,1356200
2014-08-08,51.172889709472656,60.91999816894531,61.02000045776367,60.130001068115234,60.65999984741211,1765200
2014-08-11,51.14767074584961,60.88999938964844,61.779998779296875,60.83000183105469,61.70000076293945,992100
2014-08-12,50.836883544921875,60.52000045776367,60.959999084472656,60.27000045776367,60.63999938964844,1243200
2014-08-13,51.56767654418945,61.38999938964844,61.689998626708984,60.5,60.77000045776367,1019600
2014-08-14,50.96287536621094,60.66999816894531,61.41999816894531,60.400001525878906,61.290000915527344,1122200
2014-08-15,51.374481201171875,61.15999984741211,61.209999084472656,60.310001373291016,60.65999984741211,1478900
2014-08-18,51.79446792602539,61.65999984741211,62.16999816894531,61.38999938964844,61.38999938964844,741100
2014-08-19,52.054874420166016,61.970001220703125,61.970001220703125,61.470001220703125,61.72999954223633,772900
2014-08-20,52.02128982543945,61.93000030517578,62.029998779296875,61.380001068115234,61.689998626708984,1183100
2014-08-21,52.012882232666016,61.91999816894531,62.47999954223633,61.70000076293945,62.0,683000
2014-08-22,51.92048263549805,61.810001373291016,62.15999984741211,61.36000061035156,61.7599983215332,591100
2014-08-25,52.33207702636719,62.29999923706055,62.33000183105469,61.77000045776367,62.15999984741211,481000
2014-08-26,52.36568832397461,62.34000015258789,62.540000915527344,62.09000015258789,62.52000045776367,817900
2014-08-27,52.41607666015625,62.400001525878906,62.599998474121094,62.11000061035156,62.11000061035156,859900
2014-08-28,53.09648132324219,63.209999084472656,63.68000030517578,61.61000061035156,62.09000015258789,1413500
2014-08-29,53.40727996826172,63.58000183105469,63.86000061035156,63.20000076293945,63.400001525878906,666200
2014-09-02,53.69289016723633,63.91999816894531,64.12000274658203,63.58000183105469,63.650001525878906,871200
2014-09-03,53.390480041503906,63.560001373291016,64.5,63.5,64.13999938964844,493600
2014-09-04,53.37369155883789,63.540000915527344,64.0,63.349998474121094,63.529998779296875,636000
2014-09-05,53.52489471435547,63.720001220703125,63.7599983215332,63.08000183105469,63.38999938964844,427000
2014-09-08,53.63407516479492,63.849998474121094,64.44000244140625,63.66999816894531,63.709999084472656,832400
2014-09-09,53.27287292480469,63.41999816894531,63.869998931884766,63.18000030517578,63.720001220703125,615700
2014-09-10,54.34809494018555,64.69999694824219,64.97000122070312,63.2400016784668,63.29999923706055,1633900
2014-09-11,54.28482437133789,64.3499984741211,64.9000015258789,63.939998626708984,64.0199966430664,1368100
2014-09-12,53.81241989135742,63.790000915527344,64.45999908447266,63.20000076293945,64.37000274658203,992600
2014-09-15,54.23420333862305,64.29000091552734,64.47000122070312,63.439998626708984,64.05999755859375,669100
2014-09-16,54.8162841796875,64.9800033569336,65.23999786376953,64.0199966430664,64.25,1178700
2014-09-17,54.78253936767578,64.94000244140625,65.44999694824219,64.63999938964844,65.0,1016700
2014-09-18,54.86690139770508,65.04000091552734,65.25,64.83000183105469,65.19000244140625,705000
2014-09-19,54.031742095947266,64.05000305175781,65.12999725341797,63.880001068115234,65.05000305175781,1136300
2014-09-22,53.36530303955078,63.2599983215332,64.43000030517578,63.22999954223633,64.01000213623047,1349000
2014-09-23,53.196598052978516,63.060001373291016,63.54999923706055,62.84000015258789,63.189998626708984,834100
2014-09-24,53.28939437866211,63.16999816894531,63.52000045776367,62.65999984741211,63.209999084472656,824800
2014-09-25,51.14668273925781,60.630001068115234,62.79999923706055,60.560001373291016,62.79999923706055,1480500
2014-09-26,51.357566833496094,60.880001068115234,61.060001373291016,60.310001373291016,60.619998931884766,919400
2014-09-29,50.64052200317383,60.029998779296875,60.529998779296875,59.849998474121094,60.11000061035156,1047400
2014-09-30,49.6872673034668,58.900001525878906,60.20000076293945,58.369998931884766,59.97999954223633,1877700
2014-10-01,48.750885009765625,57.790000915527344,58.77000045776367,57.279998779296875,58.72999954223633,2150800
2014-10-02,49.67039489746094,58.880001068115234,58.95000076293945,57.220001220703125,57.779998779296875,1686600
2014-10-03,49.75475311279297,58.97999954223633,59.27000045776367,58.2400016784668,58.91999816894531,1592900
2014-10-06,50.20185470581055,59.5099983215332,60.900001525878906,59.2400016784668,60.13999938964844,1072100
2014-10-07,49.31608963012695,58.459999084472656,59.7400016784668,58.40999984741211,59.20000076293945,1204200
2014-10-08,49.51011657714844,58.689998626708984,58.7400016784668,57.25,58.2599983215332,1095700
2014-10-09,47.49394607543945,56.29999923706055,58.68000030517578,56.25,58.5,1300200
2014-10-10,46.42258834838867,55.029998779296875,56.43000030517578,54.650001525878906,56.33000183105469,1671800
2014-10-13,44.8450813293457,53.15999984741211,55.7400016784668,53.08000183105469,55.040000915527344,1113300
2014-10-14,45.140350341796875,53.5099983215332,54.36000061035156,52.84000015258789,53.72999954223633,1590600
2014-10-15,45.3174934387207,53.720001220703125,54.060001373291016,51.349998474121094,52.54999923706055,2058200
2014-10-16,45.46091079711914,53.88999938964844,54.25,52.439998626708984,52.650001525878906,1971100
2014-10-17,46.05141067504883,54.59000015258789,55.650001525878906,54.25,54.540000915527344,1935200
2014-10-20,46.70098114013672,55.36000061035156,55.38999938964844,53.849998474121094,54.52000045776367,1406500
2014-10-21,47.68797302246094,56.529998779296875,56.7599983215332,55.630001068115234,55.81999969482422,1795400
2014-10-22,46.599735260009766,55.2400016784668,57.130001068115234,55.15999984741211,56.970001220703125,1849800
2014-10-23,47.915740966796875,56.79999923706055,58.349998474121094,55.970001220703125,57.2400016784668,2413700
2014-10-24,48.25316619873047,57.20000076293945,57.279998779296875,56.09000015258789,56.7400016784668,847100
2014-10-27,47.68797302246094,56.529998779296875,56.970001220703125,55.529998779296875,56.630001068115234,1046000
2014-10-28,48.91960906982422,57.9900016784668,58.09000015258789,56.4900016784668,57.060001373291016,1824900
2014-10-29,48.24473571777344,57.189998626708984,58.09000015258789,56.79999923706055,58.060001373291016,1701100
2014-10-30,48.37971115112305,57.349998474121094,57.66999816894531,56.68000030517578,57.0,1264300
2014-10-31,49.24861145019531,58.380001068115234,58.52000045776367,57.709999084472656,58.20000076293945,1302000
2014-11-03,49.54386520385742,58.72999954223633,59.02000045776367,58.2599983215332,58.459999084472656,1306200
2014-11-04,49.60289764404297,58.79999923706055,59.220001220703125,58.54999923706055,59.029998779296875,1421500
2014-11-05,51.24790573120117,60.75,60.77000045776367,59.0099983215332,59.33000183105469,1551700
2014-11-06,51.3407096862793,60.86000061035156,60.97999954223633,59.900001525878906,60.630001068115234,1168000
2014-11-07,51.61064147949219,61.18000030517578,61.38999938964844,60.560001373291016,60.86000061035156,1043600
2014-11-10,51.83842086791992,61.45000076293945,61.59000015258789,60.900001525878906,61.11000061035156,1113500
2014-11-11,52.33613967895508,62.040000915527344,62.25,61.09000015258789,61.34000015258789,1344500
2014-11-12,51.93122100830078,61.560001373291016,62.20000076293945,61.439998626708984,61.91999816894531,1412700
2014-11-13,52.20116424560547,61.880001068115234,62.41999816894531,61.29999923706055,61.68000030517578,1624300
2014-11-14,52.08304977416992,61.7400016784668,62.11000061035156,61.119998931884766,61.630001068115234,3264700
2014-11-17,51.9649543762207,61.599998474121094,61.93000030517578,61.43000030517578,61.61000061035156,1322900
2014-11-18,52.04087829589844,61.689998626708984,61.97999954223633,61.470001220703125,61.560001373291016,1207900
2014-11-19,51.92278289794922,61.54999923706055,61.779998779296875,61.15999984741211,61.7400016784668,1336400
2014-11-20,51.92278289794922,61.54999923706055,61.83000183105469,60.79999923706055,61.04999923706055,1183700
2014-11-21,52.116798400878906,61.779998779296875,62.540000915527344,61.52000045776367,62.470001220703125,1298600
2014-11-24,52.175865173339844,61.849998474121094,62.16999816894531,61.59000015258789,62.119998931884766,770300
2014-11-25,51.72875213623047,61.31999969482422,62.06999969482422,61.20000076293945,62.02000045776367,1221600
2014-11-26,52.02400207519531,61.66999816894531,61.709999084472656,60.88999938964844,61.40999984741211,678000
2014-11-28,49.805362701416016,59.040000915527344,61.34000015258789,58.689998626708984,61.34000015258789,757200
2014-12-01,49.21485900878906,58.34000015258789,59.380001068115234,58.08000183105469,59.0,1527500
2014-12-02,49.67039489746094,58.880001068115234,58.959999084472656,57.86000061035156,58.470001220703125,1026600
2014-12-03,51.79623794555664,61.400001525878906,61.599998474121094,58.84000015258789,59.15999984741211,1702600
2014-12-04,52.1336784362793,61.79999923706055,61.79999923706055,60.540000915527344,61.16999816894531,1273500
2014-12-05,52.622962951660156,62.380001068115234,63.380001068115234,61.650001525878906,61.650001525878906,1572100
2014-12-08,52.15898513793945,61.83000183105469,62.540000915527344,61.66999816894531,62.13999938964844,1164700
2014-12-09,52.58921432495117,62.34000015258789,62.400001525878906,61.06999969482422,61.150001525878906,942600
2014-12-10,49.77163314819336,59.0,62.04999923706055,58.5099983215332,62.04999923706055,1922700
2014-12-11,49.04697799682617,57.869998931884766,59.9900016784668,57.68000030517578,58.95000076293945,1480800
2014-12-12,47.12308120727539,55.599998474121094,57.5,55.470001220703125,57.22999954223633,1332300
2014-12-15,46.4111442565918,54.7599983215332,56.439998626708984,54.470001220703125,56.150001525878906,1429500
2014-12-16,46.5891227722168,54.970001220703125,56.25,54.290000915527344,54.45000076293945,1156200
2014-12-17,48.479129791259766,57.20000076293945,57.2400016784668,54.95000076293945,55.040000915527344,1601700
2014-12-18,49.86909866333008,58.84000015258789,58.84000015258789,57.5,58.0099983215332,1300200
2014-12-19,49.74196243286133,58.689998626708984,59.470001220703125,58.22999954223633,58.959999084472656,1902100
2014-12-22,50.85224533081055,60.0,60.0,58.540000915527344,58.81999969482422,1929500
2014-12-23,51.547218322753906,60.81999969482422,61.38999938964844,60.13999938964844,60.439998626708984,999600
2014-12-24,51.25906753540039,60.47999954223633,61.02000045776367,60.47999954223633,60.77000045776367,429800
2014-12-26,51.60654067993164,60.88999938964844,61.209999084472656,60.63999938964844,60.88999938964844,768500
2014-12-29,51.64892578125,60.939998626708984,61.5,60.65999984741211,60.75,569000
2014-12-30,51.53026580810547,60.79999923706055,61.29999923706055,60.7599983215332,60.86000061035156,571700
2014-12-31,50.9624137878418,60.130001068115234,60.970001220703125,60.09000015258789,60.91999816894531,517100
2015-01-02,51.11497497558594,60.310001373291016,60.63999938964844,59.689998626708984,60.369998931884766,740900
2015-01-05,49.41990280151367,58.310001373291016,60.08000183105469,58.27000045776367,59.900001525878906,1544700
2015-01-06,48.45370101928711,57.16999816894531,58.5,57.130001068115234,58.439998626708984,1625500
2015-01-07,48.258766174316406,56.939998626708984,57.97999954223633,56.75,57.97999954223633,953900
2015-01-08,49.7758674621582,58.72999954223633,58.90999984741211,57.36000061035156,57.529998779296875,1533700
2015-01-09,50.02166748046875,59.02000045776367,59.709999084472656,57.439998626708984,58.7599983215332,5402600
2015-01-12,50.59797668457031,59.70000076293945,60.52000045776367,58.459999084472656,58.97999954223633,8195200
2015-01-13,51.691314697265625,60.9900016784668,62.22999954223633,59.95000076293945,60.20000076293945,2911700
2015-01-14,50.4454231262207,59.52000045776367,60.22999954223633,58.58000183105469,59.88999938964844,1580300
2015-01-15,49.2249755859375,58.08000183105469,59.970001220703125,57.86000061035156,59.7599983215332,1632700
2015-01-16,49.59788131713867,58.52000045776367,58.58000183105469,57.310001373291016,57.970001220703125,1460000
2015-01-20,48.987648010253906,57.79999923706055,59.0,57.56999969482422,59.0,1505000
2015-01-21,49.674156188964844,58.61000061035156,58.630001068115234,57.36000061035156,57.65999984741211,1685100
2015-01-22,50.4708366394043,59.54999923706055,59.7400016784668,58.43000030517578,58.93000030517578,1380000
2015-01-23,48.17403030395508,56.84000015258789,59.439998626708984,56.25,59.150001525878906,3089100
2015-01-26,48.42829513549805,57.13999938964844,57.5099983215332,56.66999816894531,57.22999954223633,2054300
2015-01-27,47.77566909790039,56.369998931884766,56.86000061035156,56.08000183105469,56.189998626708984,1614500
2015-01-28,46.92813491821289,55.369998931884766,57.7599983215332,54.70000076293945,56.91999816894531,3878300
2015-01-29,40.48685836791992,47.77000045776367,56.16999816894531,46.939998626708984,53.810001373291016,10098600
2015-01-30,40.90214538574219,48.2599983215332,48.83000183105469,46.779998779296875,47.029998779296875,6710200
2015-02-02,40.6140022277832,47.91999816894531,48.7599983215332,47.310001373291016,48.439998626708984,3066300
2015-02-03,41.851402282714844,49.380001068115234,49.540000915527344,47.83000183105469,48.70000076293945,3064900
2015-02-04,41.40219497680664,48.849998474121094,49.45000076293945,48.439998626708984,48.88999938964844,1878900
2015-02-05,42.164974212646484,49.75,49.95000076293945,48.880001068115234,49.029998779296875,2318000
2015-02-06,43.292213439941406,51.08000183105469,51.13999938964844,49.7599983215332,49.77000045776367,2703800
2015-02-09,44.19060516357422,52.13999938964844,52.150001525878906,50.83000183105469,50.90999984741211,2196100
2015-02-10,44.21601486206055,52.16999816894531,52.400001525878906,51.599998474121094,52.400001525878906,1429700
2015-02-11,45.07202911376953,53.18000030517578,53.75,51.47999954223633,51.7599983215332,1821500
2015-02-12,45.73312759399414,53.959999084472656,54.119998931884766,52.75,52.939998626708984,1660100
2015-02-13,46.267059326171875,54.59000015258789,54.70000076293945,53.33000183105469,54.11000061035156,2322400
2015-02-17,46.43657684326172,54.790000915527344,55.220001220703125,53.880001068115234,54.40999984741211,1030600
2015-02-18,46.495906829833984,54.86000061035156,54.880001068115234,54.220001220703125,54.38999938964844,1070400
2015-02-19,46.13145446777344,54.43000030517578,54.7599983215332,53.939998626708984,54.34000015258789,1293000
2015-02-20,47.01289367675781,55.470001220703125,55.470001220703125,53.779998779296875,54.529998779296875,1080100
2015-02-23,47.089168548583984,55.560001373291016,55.70000076293945,54.9900016784668,55.029998779296875,904300
2015-02-24,47.529911041259766,56.08000183105469,56.13999938964844,55.33000183105469,55.43000030517578,975200
2015-02-25,47.74177169799805,56.33000183105469,56.5099983215332,55.79999923706055,55.79999923706055,770900
2015-02-26,47.71635437011719,56.29999923706055,56.720001220703125,55.88999938964844,56.34000015258789,738200
2015-02-27,47.94519805908203,56.56999969482422,56.9900016784668,56.099998474121094,56.27000045776367,751100
2015-03-02,48.03841018676758,56.68000030517578,57.08000183105469,55.83000183105469,56.56999969482422,1315800
2015-03-03,48.089263916015625,56.7400016784668,56.849998474121094,56.29999923706055,56.38999938964844,886700
2015-03-04,46.953575134277344,55.400001525878906,56.650001525878906,55.2599983215332,56.650001525878906,1602200
2015-03-05,46.85184860229492,55.279998779296875,55.540000915527344,54.70000076293945,55.439998626708984,943700
2015-03-06,46.47047424316406,54.83000183105469,55.18000030517578,54.52000045776367,54.599998474121094,1369700
2015-03-09,46.529808044433594,54.900001525878906,55.06999969482422,54.75,55.0099983215332,1003300
2015-03-10,46.055171966552734,54.34000015258789,54.560001373291016,54.04999923706055,54.209999084472656,969400
2015-03-11,45.37714767456055,53.540000915527344,54.400001525878906,53.349998474121094,54.310001373291016,1686600
2015-03-12,45.71800994873047,53.650001525878906,54.380001068115234,53.25,53.5,952800
2015-03-13,45.112972259521484,52.939998626708984,53.65999984741211,52.7400016784668,53.41999816894531,794100
2015-03-16,44.98514938354492,52.790000915527344,53.20000076293945,52.56999969482422,53.04999923706055,1185700
2015-03-17,44.729522705078125,52.4900016784668,52.7400016784668,51.779998779296875,52.52000045776367,1474600
2015-03-18,44.9510612487793,52.75,53.11000061035156,51.5,52.380001068115234,2347500
2015-03-19,44.0307502746582,51.66999816894531,52.70000076293945,51.47999954223633,52.5,1211200
2015-03-20,44.524986267089844,52.25,52.529998779296875,51.7400016784668,51.75,1732800
2015-03-23,44.235267639160156,51.90999984741211,52.709999084472656,51.88999938964844,52.25,928600
2015-03-24,44.31195068359375,52.0,52.349998474121094,51.58000183105469,51.91999816894531,949400
2015-03-25,43.61318588256836,51.18000030517578,52.29999923706055,51.13999938964844,52.0,554200
2015-03-26,43.459800720214844,51.0,51.31999969482422,50.84000015258789,51.04999923706055,788000
2015-03-27,43.92850112915039,51.54999923706055,53.029998779296875,51.369998931884766,52.9900016784668,1493300
2015-03-30,44.67838668823242,52.43000030517578,52.54999923706055,51.63999938964844,51.959999084472656,930400
2015-03-31,45.02777862548828,52.84000015258789,52.91999816894531,51.880001068115234,52.279998779296875,1126100
2015-04-01,44.79769515991211,52.56999969482422,52.709999084472656,52.22999954223633,52.54999923706055,1047000
2015-04-02,45.070377349853516,52.88999938964844,53.459999084472656,52.27000045776367,52.52000045776367,931100
2015-04-06,46.86841583251953,55.0,55.220001220703125,52.79999923706055,52.79999923706055,1530900
2015-04-07,47.08144760131836,55.25,55.47999954223633,54.619998931884766,55.0,1199400
2015-04-08,47.618309020996094,55.880001068115234,56.06999969482422,55.27000045776367,55.43000030517578,1365400
2015-04-09,50.285552978515625,59.0099983215332,59.029998779296875,56.08000183105469,56.099998474121094,2317900
2015-04-10,50.06399154663086,58.75,59.880001068115234,58.56999969482422,59.4900016784668,1231600
2015-04-13,49.748687744140625,58.380001068115234,58.939998626708984,58.290000915527344,58.61000061035156,766600
2015-04-14,50.251468658447266,58.970001220703125,58.970001220703125,58.06999969482422,58.529998779296875,830300
2015-04-15,50.54120635986328,59.310001373291016,59.68000030517578,58.459999084472656,59.099998474121094,1122100
2015-04-16,50.05547332763672,58.7400016784668,59.2599983215332,58.540000915527344,59.2400016784668,1291700
2015-04-17,50.31964111328125,59.04999923706055,59.06999969482422,58.13999938964844,58.41999816894531,890400
2015-04-20,50.438934326171875,59.189998626708984,59.470001220703125,58.790000915527344,59.2599983215332,594300
2015-04-21,50.06399154663086,58.75,59.40999984741211,58.16999816894531,59.310001373291016,974800
2015-04-22,50.22589874267578,58.939998626708984,59.290000915527344,58.5099983215332,58.779998779296875,815300
2015-04-23,50.23442077636719,58.95000076293945,59.06999969482422,58.54999923706055,58.650001525878906,755500
2015-04-24,50.27702713012695,59.0,59.65999984741211,58.720001220703125,59.06999969482422,709600
2015-04-27,49.86800765991211,58.52000045776367,59.38999938964844,58.400001525878906,59.08000183105469,805500
2015-04-28,50.66050720214844,59.45000076293945,59.5,57.95000076293945,58.45000076293945,756600
2015-04-29,51.34223175048828,60.25,60.29999923706055,58.7400016784668,58.77000045776367,852700
2015-04-30,50.87352752685547,59.70000076293945,60.779998779296875,59.470001220703125,60.25,1485500
2015-05-01,51.504127502441406,60.439998626708984,60.77000045776367,59.810001373291016,60.13999938964844,735100
2015-05-04,51.2314453125,60.119998931884766,60.88999938964844,59.9900016784668,60.689998626708984,885900
2015-05-05,51.12916564941406,60.0,60.70000076293945,59.59000015258789,60.130001068115234,1174000
2015-05-06,51.12916564941406,60.0,60.72999954223633,59.7599983215332,60.529998779296875,1487400
2015-05-07,53.54077911376953,62.83000183105469,64.54000091552734,61.439998626708984,62.279998779296875,3725400
2015-05-08,53.821983337402344,63.15999984741211,64.98999786376953,63.119998931884766,63.720001220703125,1781800
2015-05-11,53.898685455322266,63.25,63.599998474121094,62.709999084472656,63.15999984741211,1268200
2015-05-12,53.412967681884766,62.68000030517578,63.209999084472656,62.0099983215332,63.06999969482422,1059900
2015-05-13,53.29365921020508,62.540000915527344,62.959999084472656,62.439998626708984,62.72999954223633,860700
2015-05-14,54.222496032714844,63.630001068115234,63.86000061035156,62.61000061035156,62.810001373291016,1085300
2015-05-15,54.86160659790039,64.37999725341797,64.80000305175781,62.91999816894531,63.33000183105469,1142500
2015-05-18,53.907203674316406,63.2599983215332,64.23999786376953,63.11000061035156,64.23999786376953,1318800
2015-05-19,53.43000793457031,62.70000076293945,63.349998474121094,62.16999816894531,63.22999954223633,1140500
2015-05-20,53.29365921020508,62.540000915527344,62.880001068115234,62.34000015258789,62.790000915527344,909500
2015-05-21,53.438514709472656,62.709999084472656,62.810001373291016,62.04999923706055,62.22999954223633,669900
2015-05-22,52.72270202636719,61.869998931884766,62.5,61.65999984741211,62.279998779296875,1022300
2015-05-26,52.117671966552734,61.15999984741211,61.650001525878906,60.790000915527344,61.45000076293945,825400
2015-05-27,52.2540283203125,61.31999969482422,61.56999969482422,60.959999084472656,61.15999984741211,642900
2015-05-28,51.631954193115234,60.59000015258789,61.560001373291016,60.27000045776367,61.310001373291016,867500
2015-05-29,51.25699996948242,60.150001525878906,60.65999984741211,59.900001525878906,60.599998474121094,1374100
2015-06-01,51.00136184692383,59.849998474121094,60.720001220703125,59.790000915527344,60.380001068115234,1272000
2015-06-02,51.691593170166016,60.65999984741211,60.86000061035156,59.77000045776367,59.84000015258789,840600
2015-06-03,52.364803314208984,61.45000076293945,61.95000076293945,60.869998931884766,60.90999984741211,617800
2015-06-04,52.21140670776367,61.27000045776367,61.70000076293945,60.869998931884766,61.04999923706055,1100600
2015-06-05,52.092124938964844,61.130001068115234,61.36000061035156,60.54999923706055,61.040000915527344,688800
2015-06-08,51.717166900634766,60.689998626708984,61.5099983215332,60.630001068115234,61.16999816894531,647300
2015-06-09,51.64046859741211,60.599998474121094,61.119998931884766,60.470001220703125,60.72999954223633,499100
2015-06-10,52.126190185546875,61.16999816894531,61.40999984741211,60.70000076293945,61.06999969482422,758700
2015-06-11,52.373321533203125,61.459999084472656,61.68000030517578,61.189998626708984,61.29999923706055,600400
2015-06-12,51.18321990966797,59.779998779296875,61.060001373291016,59.58000183105469,61.060001373291016,857600
2015-06-15,49.59070587158203,57.91999816894531,59.529998779296875,57.529998779296875,59.529998779296875,1206000
2015-06-16,49.6420783996582,57.97999954223633,58.40999984741211,57.63999938964844,57.91999816894531,997100
2015-06-17,50.04448318481445,58.45000076293945,58.90999984741211,57.84000015258789,58.41999816894531,805000
2015-06-18,51.06334686279297,59.63999938964844,59.70000076293945,58.22999954223633,58.540000915527344,1274000
2015-06-19,50.172916412353516,58.599998474121094,59.630001068115234,58.54999923706055,59.599998474121094,918400
2015-06-22,50.52395248413086,59.0099983215332,59.09000015258789,58.40999984741211,58.84000015258789,649200
2015-06-23,50.48112487792969,58.959999084472656,59.209999084472656,58.400001525878906,59.119998931884766,489000
2015-06-24,49.3509635925293,57.63999938964844,59.290000915527344,57.619998931884766,59.150001525878906,881200
2015-06-25,49.8903694152832,58.27000045776367,58.470001220703125,57.66999816894531,57.849998474121094,805900
2015-06-26,50.60100555419922,59.099998474121094,59.20000076293945,58.290000915527344,58.54999923706055,1577700
2015-06-29,48.15229034423828,56.2400016784668,59.0,56.11000061035156,58.66999816894531,1295800
2015-06-30,47.32178497314453,55.27000045776367,56.84000015258789,54.90999984741211,56.720001220703125,1213900
2015-07-01,46.62826919555664,54.459999084472656,55.83000183105469,53.81999969482422,55.459999084472656,1871900
2015-07-02,47.116310119628906,55.029998779296875,55.130001068115234,54.29999923706055,54.540000915527344,1462100
2015-07-06,46.448463439941406,54.25,54.90999984741211,54.0,54.2599983215332,1247700
2015-07-07,46.448463439941406,54.25,54.439998626708984,52.970001220703125,54.220001220703125,1092100
2015-07-08,45.438175201416016,53.06999969482422,54.22999954223633,52.959999084472656,53.869998931884766,986600
2015-07-09,45.75495529174805,53.439998626708984,54.15999984741211,53.41999816894531,53.88999938964844,918500
2015-07-10,46.234432220458984,54.0,54.40999984741211,53.81999969482422,54.18000030517578,528500
2015-07-13,47.41596984863281,55.380001068115234,55.650001525878906,54.189998626708984,54.33000183105469,878900
2015-07-14,47.373165130615234,55.33000183105469,55.40999984741211,54.81999969482422,55.2599983215332,692200
2015-07-15,46.46559524536133,54.27000045776367,55.290000915527344,54.040000915527344,55.220001220703125,571700
2015-07-16,46.5940055847168,54.41999816894531,54.68000030517578,53.619998931884766,54.31999969482422,977500
2015-07-17,45.386802673339844,53.0099983215332,54.22999954223633,52.970001220703125,54.22999954223633,668000
2015-07-20,45.16416549682617,52.75,53.119998931884766,52.41999816894531,52.88999938964844,809900
2015-07-21,44.599098205566406,52.09000015258789,53.369998931884766,51.970001220703125,52.779998779296875,557400
2015-07-22,44.27373504638672,51.709999084472656,52.209999084472656,51.4900016784668,51.9900016784668,592900
2015-07-23,43.9398193359375,51.31999969482422,52.08000183105469,51.290000915527344,51.84000015258789,694000
2015-07-24,42.646976470947266,49.810001373291016,51.310001373291016,49.400001525878906,51.209999084472656,800700
2015-07-27,42.646976470947266,49.810001373291016,50.11000061035156,49.029998779296875,49.40999984741211,842700
2015-07-28,43.47748947143555,50.779998779296875,50.970001220703125,49.59000015258789,49.900001525878906,893700
2015-07-29,44.44498062133789,51.90999984741211,52.0099983215332,50.54999923706055,50.91999816894531,1146400
2015-07-30,45.72071075439453,53.400001525878906,53.540000915527344,51.5,51.939998626708984,1830700
2015-07-31,46.40565490722656,54.20000076293945,54.810001373291016,53.34000015258789,53.83000183105469,2140100
2015-08-03,45.62652587890625,53.290000915527344,54.310001373291016,53.0,54.099998474121094,889900
2015-08-04,45.917625427246094,53.630001068115234,54.209999084472656,53.29999923706055,53.40999984741211,985200
2015-08-05,45.600826263427734,53.2599983215332,54.25,52.529998779296875,54.2400016784668,1484800
2015-08-06,44.32510757446289,51.77000045776367,53.68000030517578,49.54999923706055,53.68000030517578,3863700
2015-08-07,43.8713264465332,51.2400016784668,53.029998779296875,51.04999923706055,51.93000030517578,955900
2015-08-10,45.11281967163086,52.689998626708984,52.72999954223633,51.15999984741211,51.2400016784668,849100
2015-08-11,44.52204513549805,52.0,52.119998931884766,51.40999984741211,51.97999954223633,785400
2015-08-12,43.768585205078125,51.119998931884766,51.83000183105469,50.290000915527344,51.45000076293945,979600
2015-08-13,43.16923522949219,50.41999816894531,51.33000183105469,50.119998931884766,51.040000915527344,966800
2015-08-14,43.76002883911133,51.11000061035156,51.279998779296875,50.290000915527344,50.45000076293945,600700
2015-08-17,44.32510757446289,51.77000045776367,51.95000076293945,50.45000076293945,50.81999969482422,1194100
2015-08-18,43.76002883911133,51.11000061035156,51.72999954223633,50.9900016784668,51.619998931884766,807200
2015-08-19,42.706912994384766,49.880001068115234,51.25,49.40999984741211,50.83000183105469,946600
2015-08-20,42.22744369506836,49.31999969482422,49.939998626708984,49.0099983215332,49.40999984741211,831300
2015-08-21,40.07840347290039,46.810001373291016,48.849998474121094,46.66999816894531,48.83000183105469,1381200
2015-08-24,37.96359634399414,44.34000015258789,45.83000183105469,42.38999938964844,44.27000045776367,2099600
2015-08-25,36.64506149291992,42.79999923706055,45.720001220703125,42.779998779296875,45.61000061035156,1288400
2015-08-26,36.8762321472168,43.06999969482422,43.65999984741211,42.310001373291016,43.56999969482422,3192700
2015-08-27,38.6400032043457,45.130001068115234,46.20000076293945,43.599998474121094,43.7400016784668,2054100
2015-08-28,38.78553771972656,45.29999923706055,46.58000183105469,44.77000045776367,44.939998626708984,1459800
2015-08-31,38.70848846435547,45.209999084472656,45.52000045776367,43.97999954223633,44.95000076293945,1435800
2015-09-01,36.68785858154297,42.849998474121094,44.54999923706055,42.599998474121094,44.13999938964844,2076100
2015-09-02,36.585113525390625,42.72999954223633,43.650001525878906,42.400001525878906,43.5,1618600
2015-09-03,36.70500183105469,42.869998931884766,43.060001373291016,42.279998779296875,43.060001373291016,2688500
2015-09-04,36.328277587890625,42.43000030517578,42.52000045776367,41.88999938964844,42.16999816894531,1528800
2015-09-08,36.83341979980469,43.02000045776367,43.27000045776367,42.77000045776367,43.27000045776367,2991800
2015-09-09,36.84198760986328,43.029998779296875,44.029998779296875,42.90999984741211,43.4900016784668,1483200
2015-09-10,36.64506149291992,42.79999923706055,43.25,42.4900016784668,42.97999954223633,1659400
2015-09-11,35.960113525390625,42.0,42.83000183105469,41.599998474121094,42.47999954223633,873900
2015-09-14,36.10667037963867,41.880001068115234,42.22999954223633,41.369998931884766,41.7400016784668,1203300
2015-09-15,38.16719436645508,44.27000045776367,44.529998779296875,42.2400016784668,42.2400016784668,4852000
2015-09-16,38.57240676879883,44.7400016784668,45.13999938964844,44.150001525878906,44.529998779296875,1408200
2015-09-17,38.83966827392578,45.04999923706055,45.7400016784668,44.560001373291016,44.59000015258789,1665400
2015-09-18,39.408687591552734,45.709999084472656,45.75,44.36000061035156,44.41999816894531,2980200
2015-09-21,40.003562927246094,46.400001525878906,47.189998626708984,45.599998474121094,46.09000015258789,2045500
2015-09-22,39.408687591552734,45.709999084472656,46.0,45.11000061035156,45.880001068115234,1777900
2015-09-23,39.063838958740234,45.310001373291016,46.189998626708984,45.18000030517578,45.54999923706055,1409000
2015-09-24,38.98623275756836,45.220001220703125,45.529998779296875,43.459999084472656,44.56999969482422,1622000
2015-09-25,38.908660888671875,45.130001068115234,46.040000915527344,44.79999923706055,45.47999954223633,1426700
2015-09-28,36.02046203613281,41.779998779296875,44.88999938964844,41.650001525878906,44.81999969482422,1738200
2015-09-29,36.66706085205078,42.529998779296875,42.70000076293945,41.5,41.52000045776367,1479700
2015-09-30,38.02063751220703,44.099998474121094,44.38999938964844,42.970001220703125,43.029998779296875,1366800
2015-10-01,38.94313049316406,45.16999816894531,45.22999954223633,44.099998474121094,44.290000915527344,1621200
2015-10-02,39.78804397583008,46.150001525878906,46.150001525878906,44.31999969482422,44.540000915527344,1231400
2015-10-05,40.891578674316406,47.43000030517578,47.61000061035156,46.380001068115234,46.47999954223633,1024800
2015-10-06,41.04676055908203,47.61000061035156,48.84000015258789,47.540000915527344,47.810001373291016,1637200
2015-10-07,42.16756057739258,48.90999984741211,49.11000061035156,47.66999816894531,47.900001525878906,1903300
2015-10-08,43.59872055053711,50.56999969482422,50.9900016784668,48.630001068115234,48.7400016784668,1726100
2015-10-09,43.7280387878418,50.720001220703125,51.880001068115234,50.54999923706055,51.369998931884766,1927900
2015-10-12,43.5469970703125,50.5099983215332,51.2599983215332,50.310001373291016,51.08000183105469,1161600
2015-10-13,43.33145523071289,50.2599983215332,50.91999816894531,49.869998931884766,50.18000030517578,917200
2015-10-14,44.34878921508789,51.439998626708984,51.720001220703125,50.06999969482422,50.150001525878906,905800
2015-10-15,44.37464141845703,51.470001220703125,51.81999969482422,50.0099983215332,51.72999954223633,1460100
2015-10-16,45.21955108642578,52.45000076293945,52.72999954223633,51.560001373291016,51.70000076293945,2035000
2015-10-19,45.055747985839844,52.2599983215332,52.400001525878906,51.84000015258789,52.08000183105469,1555600
2015-10-20,44.91779708862305,52.099998474121094,52.939998626708984,52.060001373291016,52.189998626708984,939800
2015-10-21,44.12461853027344,51.18000030517578,52.84000015258789,51.02000045776367,52.400001525878906,1160100
2015-10-22,45.16783142089844,52.38999938964844,53.119998931884766,51.36000061035156,51.81999969482422,1463700
2015-10-23,45.331642150878906,52.58000183105469,53.65999984741211,52.4900016784668,52.869998931884766,1266200
2015-10-26,45.4178466796875,52.68000030517578,52.970001220703125,52.04999923706055,52.43000030517578,1085400
2015-10-27,44.771236419677734,51.93000030517578,52.5,51.02000045776367,52.2400016784668,1697700
2015-10-28,46.19377899169922,53.58000183105469,54.06999969482422,51.779998779296875,52.04999923706055,1772600
2015-10-29,46.805912017822266,54.290000915527344,54.59000015258789,53.09000015258789,53.33000183105469,1433500
2015-10-30,46.142051696777344,53.52000045776367,54.369998931884766,52.93000030517578,54.33000183105469,1412200
2015-11-02,46.762794494628906,54.2400016784668,54.869998931884766,54.060001373291016,54.2599983215332,2509400
2015-11-03,47.133506774902344,54.66999816894531,55.47999954223633,54.2599983215332,54.43000030517578,1563700
2015-11-04,46.74554443359375,54.220001220703125,55.29999923706055,53.779998779296875,54.939998626708984,2019500
2015-11-05,42.61587905883789,49.43000030517578,52.81999969482422,48.15999984741211,52.5,5880300
2015-11-06,43.69355392456055,50.68000030517578,50.84000015258789,49.34000015258789,49.47999954223633,2224200
2015-11-09,43.038326263427734,49.91999816894531,50.81999969482422,49.47999954223633,50.380001068115234,2509600
2015-11-10,42.745201110839844,49.58000183105469,50.33000183105469,49.2599983215332,49.939998626708984,1199000
2015-11-11,42.158931732177734,48.900001525878906,49.9900016784668,48.439998626708984,49.849998474121094,1645300
2015-11-12,40.451881408691406,46.91999816894531,48.86000061035156,46.849998474121094,48.13999938964844,1314500
2015-11-13,41.055389404296875,47.619998931884766,48.2400016784668,46.4900016784668,46.75,2017100
2015-11-16,41.36574935913086,47.97999954223633,48.06999969482422,47.02000045776367,47.43000030517578,1024500
2015-11-17,41.83132553100586,48.52000045776367,48.93000030517578,47.66999816894531,48.11000061035156,1743000
2015-11-18,43.805641174316406,50.810001373291016,50.86000061035156,48.47999954223633,48.63999938964844,1593600
2015-11-19,43.70217514038086,50.689998626708984,51.13999938964844,50.310001373291016,50.5,1066300
2015-11-20,44.54706954956055,51.66999816894531,51.970001220703125,50.75,50.939998626708984,1304600
2015-11-23,44.92643737792969,52.11000061035156,52.150001525878906,51.2400016784668,51.56999969482422,1609500
2015-11-24,45.70236587524414,53.0099983215332,53.09000015258789,51.66999816894531,51.95000076293945,1567700
2015-11-25,45.60751724243164,52.900001525878906,53.209999084472656,52.54999923706055,52.88999938964844,649700
2015-11-27,45.78858184814453,53.11000061035156,53.34000015258789,52.7599983215332,52.900001525878906,312000
2015-11-30,46.17654037475586,53.560001373291016,53.689998626708984,53.099998474121094,53.290000915527344,814900
2015-12-01,45.650634765625,52.95000076293945,53.79999923706055,52.83000183105469,53.68000030517578,1255800
2015-12-02,45.07299041748047,52.279998779296875,53.06999969482422,51.79999923706055,52.75,934900
2015-12-03,45.54718017578125,52.83000183105469,52.959999084472656,51.79999923706055,52.27000045776367,1451100
2015-12-04,45.685123443603516,52.9900016784668,53.52000045776367,51.939998626708984,52.5099983215332,1189800
2015-12-07,44.0556640625,51.099998474121094,52.65999984741211,50.880001068115234,52.529998779296875,968500
2015-12-08,42.91762161254883,49.779998779296875,50.709999084472656,49.66999816894531,50.54999923706055,731400
2015-12-09,43.12454605102539,50.02000045776367,51.41999816894531,49.619998931884766,50.77000045776367,1564900
2015-12-10,42.42619323730469,49.209999084472656,49.959999084472656,49.029998779296875,49.93000030517578,833800
2015-12-11,41.584957122802734,47.95000076293945,48.400001525878906,47.310001373291016,47.970001220703125,1399600
2015-12-14,41.4201774597168,47.7599983215332,47.970001220703125,46.34000015258789,47.83000183105469,1586600
2015-12-15,42.21806716918945,48.68000030517578,49.34000015258789,48.0,48.099998474121094,1032400
2015-12-16,44.94991683959961,51.83000183105469,52.060001373291016,48.75,49.150001525878906,2259400
2015-12-17,45.461605072021484,52.41999816894531,53.099998474121094,51.33000183105469,51.9900016784668,1716100
2015-12-18,44.38620376586914,51.18000030517578,53.310001373291016,50.970001220703125,52.0099983215332,2112400
2015-12-21,44.629032135009766,51.459999084472656,51.869998931884766,50.790000915527344,51.599998474121094,841100
2015-12-22,47.100704193115234,54.310001373291016,54.77000045776367,51.43000030517578,51.599998474121094,1159400
2015-12-23,48.81788635253906,56.290000915527344,56.45000076293945,54.4900016784668,54.560001373291016,1068400
2015-12-24,48.52301788330078,55.95000076293945,56.5,55.79999923706055,56.25,380700
2015-12-28,49.21681594848633,56.75,56.790000915527344,55.130001068115234,55.720001220703125,856400
2015-12-29,49.1994743347168,56.72999954223633,57.9900016784668,56.2400016784668,57.40999984741211,759600
2015-12-30,48.86125564575195,56.34000015258789,57.20000076293945,56.2599983215332,56.41999816894531,733700
2015-12-31,48.5750617980957,56.0099983215332,57.4900016784668,55.83000183105469,56.060001373291016,663000
2016-01-04,48.17611312866211,55.54999923706055,55.689998626708984,54.27000045776367,54.970001220703125,1284700
2016-01-05,47.43894577026367,54.70000076293945,56.099998474121094,53.880001068115234,55.54999923706055,1232100
2016-01-06,45.3661994934082,52.310001373291016,54.25,51.84000015258789,53.470001220703125,1240000
2016-01-07,43.31947326660156,49.95000076293945,51.70000076293945,49.47999954223633,51.2599983215332,1521000
2016-01-08,42.5042610168457,49.0099983215332,51.08000183105469,48.970001220703125,50.45000076293945,1127400
2016-01-11,41.663002014160156,48.040000915527344,49.529998779296875,47.380001068115234,49.2400016784668,1313200
2016-01-12,42.45222091674805,48.95000076293945,49.18000030517578,48.04999923706055,48.790000915527344,1299100
2016-01-13,41.37681198120117,47.709999084472656,51.27000045776367,47.310001373291016,49.619998931884766,1463300
2016-01-14,42.40886306762695,48.900001525878906,49.650001525878906,46.84000015258789,48.029998779296875,1303200
2016-01-15,41.55025863647461,47.90999984741211,48.02000045776367,45.779998779296875,47.63999938964844,1446900
2016-01-19,41.99256134033203,48.41999816894531,49.5,47.56999969482422,48.47999954223633,1699800
2016-01-20,41.637001037597656,48.0099983215332,48.790000915527344,46.15999984741211,47.560001373291016,1356500
2016-01-21,42.868507385253906,49.43000030517578,50.7400016784668,47.41999816894531,47.9900016784668,1844300
2016-01-22,44.48160934448242,51.290000915527344,52.27000045776367,50.650001525878906,50.65999984741211,1533300
2016-01-25,43.34550094604492,49.97999954223633,51.25,49.70000076293945,51.09000015258789,1634100
2016-01-26,44.99327850341797,51.880001068115234,52.470001220703125,50.08000183105469,50.369998931884766,1524200
2016-01-27,44.169395446777344,50.93000030517578,52.2599983215332,50.439998626708984,51.54999923706055,1429600
2016-01-28,44.88919448852539,51.7599983215332,52.52000045776367,51.279998779296875,51.650001525878906,1176700
2016-01-29,45.65240478515625,52.63999938964844,52.65999984741211,51.150001525878906,51.790000915527344,2887700
2016-02-01,45.80850601196289,52.81999969482422,52.95000076293945,50.970001220703125,51.869998931884766,1463300
2016-02-02,44.97593307495117,51.86000061035156,53.02000045776367,51.349998474121094,52.16999816894531,1279500
2016-02-03,46.41557693481445,53.52000045776367,53.619998931884766,51.15999984741211,52.65999984741211,1447600
2016-02-04,45.053985595703125,51.95000076293945,54.2599983215332,51.22999954223633,53.63999938964844,2213800
2016-02-05,44.698421478271484,51.540000915527344,52.70000076293945,50.720001220703125,51.380001068115234,1380300
2016-02-08,42.3134651184082,48.790000915527344,50.90999984741211,47.4900016784668,50.90999984741211,1940700
2016-02-09,43.267459869384766,49.88999938964844,50.029998779296875,48.08000183105469,48.220001220703125,1709400
2016-02-10,43.440887451171875,50.09000015258789,51.04999923706055,49.40999984741211,50.599998474121094,1101400
2016-02-11,43.440887451171875,50.09000015258789,50.83000183105469,48.41999816894531,48.779998779296875,1186000
2016-02-12,44.55965805053711,51.380001068115234,52.02000045776367,50.040000915527344,50.68000030517578,1183300
2016-02-16,45.37487030029297,52.31999969482422,52.619998931884766,51.04999923706055,52.189998626708984,1652000
2016-02-17,45.76515579223633,52.77000045776367,54.25,52.5099983215332,52.939998626708984,1782800
2016-02-18,47.291500091552734,54.529998779296875,55.599998474121094,50.95000076293945,51.34000015258789,3044500
2016-02-19,47.2481575012207,54.47999954223633,54.540000915527344,53.27000045776367,54.41999816894531,1036900
2016-02-22,47.55170822143555,54.83000183105469,55.4900016784668,54.650001525878906,54.84000015258789,1382600
2016-02-23,45.66973876953125,52.65999984741211,55.59000015258789,52.5099983215332,54.470001220703125,1223900
2016-02-24,46.23345947265625,53.310001373291016,53.36000061035156,51.029998779296875,51.970001220703125,971000
2016-02-25,48.08071517944336,55.439998626708984,55.459999084472656,53.2599983215332,53.599998474121094,833000
2016-02-26,49.052040100097656,56.560001373291016,56.86000061035156,55.54999923706055,55.939998626708984,885000
2016-02-29,48.757179260253906,56.220001220703125,57.95000076293945,56.11000061035156,56.599998474121094,1441700
2016-03-01,50.8732795715332,58.65999984741211,58.86000061035156,57.0,57.119998931884766,1483700
2016-03-02,50.04939651489258,57.709999084472656,59.41999816894531,57.369998931884766,58.2599983215332,1144900
2016-03-03,49.624427795410156,57.220001220703125,57.88999938964844,56.029998779296875,57.47999954223633,1257200
2016-03-04,51.315589904785156,59.16999816894531,59.880001068115234,57.349998474121094,57.52000045776367,1393700
2016-03-07,50.99470138549805,58.79999923706055,59.970001220703125,57.91999816894531,59.02000045776367,1807600
2016-03-08,50.7171745300293,58.47999954223633,59.130001068115234,58.04999923706055,58.33000183105469,1502500
2016-03-09,52.24355697631836,60.2400016784668,60.34000015258789,58.599998474121094,58.79999923706055,1418000
2016-03-10,51.49770736694336,59.380001068115234,60.540000915527344,58.93000030517578,59.88999938964844,1364600
2016-03-11,53.11080551147461,61.2400016784668,61.900001525878906,59.45000076293945,59.790000915527344,1109500
2016-03-14,52.31329345703125,60.02000045776367,60.959999084472656,59.72999954223633,60.380001068115234,1350700
2016-03-15,51.589874267578125,59.189998626708984,60.040000915527344,58.84000015258789,59.34000015258789,1318000
2016-03-16,53.707847595214844,61.619998931884766,61.689998626708984,59.099998474121094,59.099998474121094,1461300
2016-03-17,54.413848876953125,62.43000030517578,62.869998931884766,60.7599983215332,61.470001220703125,1335400
2016-03-18,53.4986572265625,61.380001068115234,62.75,60.70000076293945,62.36000061035156,1907600
2016-03-21,53.725276947021484,61.63999938964844,61.93000030517578,60.95000076293945,61.380001068115234,1155200
2016-03-22,54.17851257324219,62.15999984741211,62.560001373291016,61.189998626708984,61.36000061035156,1225700
2016-03-23,53.50737762451172,61.38999938964844,62.189998626708984,61.2599983215332,61.95000076293945,1054500
2016-03-24,53.969329833984375,61.91999816894531,62.09000015258789,60.34000015258789,60.66999816894531,711000
2016-03-28,54.143646240234375,62.119998931884766,62.2599983215332,61.52000045776367,61.9900016784668,811800
2016-03-29,54.875789642333984,62.959999084472656,63.0,61.5099983215332,62.09000015258789,798000
2016-03-30,55.77354431152344,63.9900016784668,64.25,62.90999984741211,63.290000915527344,1074200
2016-03-31,55.72123718261719,63.93000030517578,64.33000183105469,63.650001525878906,63.880001068115234,1224800
2016-04-01,56.82817077636719,65.19999694824219,65.5,63.400001525878906,63.439998626708984,2455900
2016-04-04,56.94147491455078,65.33000183105469,65.9000015258789,64.98999786376953,65.37999725341797,1470100
2016-04-05,56.218048095703125,64.5,65.4800033569336,64.05999755859375,64.62000274658203,822600
2016-04-06,57.55160903930664,66.02999877929688,66.08000183105469,63.72999954223633,64.43000030517578,1237200
2016-04-07,56.383644104003906,64.69000244140625,66.93000030517578,64.23999786376953,65.9000015258789,1328200
2016-04-08,56.523109436035156,64.8499984741211,65.72000122070312,64.45999908447266,65.63999938964844,1559600
2016-04-11,56.87175750732422,65.25,65.94000244140625,65.04000091552734,65.12999725341797,1117900
2016-04-12,56.91532516479492,65.30000305175781,65.8499984741211,65.26000213623047,65.58000183105469,1070000
2016-04-13,56.65385818481445,65.0,66.31999969482422,64.43000030517578,65.80000305175781,2325100
2016-04-14,57.04606628417969,65.44999694824219,65.88999938964844,64.88999938964844,65.23999786376953,1849600
2016-04-15,56.97633743286133,65.37000274658203,65.8499984741211,65.04000091552734,65.73999786376953,1499200
2016-04-18,57.08094024658203,65.48999786376953,65.55000305175781,64.75,64.88999938964844,939500
2016-04-19,56.95020294189453,65.33999633789062,65.8499984741211,64.5999984741211,65.8499984741211,1958200
2016-04-20,57.22039031982422,65.6500015258789,65.76000213623047,64.5,65.2300033569336,1518300
2016-04-21,57.211673736572266,65.63999938964844,65.98999786376953,65.52999877929688,65.6500015258789,1288100
2016-04-22,57.73463821411133,66.23999786376953,66.70999908447266,65.66000366210938,65.66000366210938,1269600
2016-04-25,58.03969192504883,66.58999633789062,66.87000274658203,66.1500015258789,66.37000274658203,1004900
2016-04-26,59.0594596862793,67.76000213623047,67.94999694824219,66.77999877929688,66.97000122070312,1231400
2016-04-27,59.14662170410156,67.86000061035156,68.75,67.27999877929688,67.66999816894531,817100
2016-04-28,57.89153289794922,66.41999816894531,67.6500015258789,66.1500015258789,67.47000122070312,649500
2016-04-29,57.66490936279297,66.16000366210938,66.44999694824219,65.56999969482422,66.44999694824219,1069200
2016-05-02,59.1815071105957,67.9000015258789,68.36000061035156,66.18000030517578,66.41999816894531,1176900
2016-05-03,58.684661865234375,67.33000183105469,68.08999633789062,66.83000183105469,67.55999755859375,871900
2016-05-04,58.03969192504883,66.58999633789062,67.56999969482422,66.36000061035156,66.98999786376953,788400
2016-05-05,58.48420333862305,67.0999984741211,68.12999725341797,66.77999877929688,66.77999877929688,1051400
2016-05-06,59.81775665283203,68.62999725341797,69.06999969482422,66.66999816894531,66.97000122070312,1424500
2016-05-09,58.64110565185547,67.27999877929688,70.22000122070312,67.06999969482422,68.37000274658203,1778600
2016-05-10,59.14662170410156,67.86000061035156,68.41000366210938,67.05999755859375,67.37999725341797,1516100
2016-05-11,65.06475830078125,74.6500015258789,75.75,70.66999816894531,70.76000213623047,5794600
2016-05-12,66.12811279296875,75.87000274658203,76.43000030517578,74.76000213623047,75.61000061035156,2190900
2016-05-13,66.3808822631836,76.16000366210938,76.33000183105469,74.3499984741211,75.58999633789062,2189200
2016-05-16,67.81900787353516,77.80999755859375,78.4000015258789,76.75,76.81999969482422,1842500
2016-05-17,66.38958740234375,76.16999816894531,78.26000213623047,75.94999694824219,77.81999969482422,1829700
2016-05-18,66.38958740234375,76.16999816894531,77.25,75.7699966430664,75.83000183105469,1598100
2016-05-19,66.04093170166016,75.7699966430664,76.66999816894531,75.0,75.69000244140625,1619700
2016-05-20,66.5551986694336,76.36000061035156,77.37999725341797,76.12000274658203,76.41999816894531,1246300
2016-05-23,66.56391906738281,76.37000274658203,76.75,75.86000061035156,75.86000061035156,1177900
2016-05-24,66.53775024414062,76.33999633789062,77.4800033569336,76.30999755859375,76.88999938964844,1827400
2016-05-25,68.7428970336914,78.87000274658203,79.04000091552734,76.38999938964844,76.9000015258789,1200200
2016-05-26,68.89107513427734,79.04000091552734,79.7300033569336,78.1500015258789,79.2699966430664,1216800
2016-05-27,69.80625915527344,80.08999633789062,80.20999908447266,78.80999755859375,79.0,1091700
2016-05-31,68.42041015625,78.5,80.06999969482422,78.01000213623047,80.0,1486700
2016-06-01,69.44892883300781,79.68000030517578,80.0,77.52999877929688,78.5,1293200
2016-06-02,69.5883560180664,79.83999633789062,79.94999694824219,79.12000274658203,79.12999725341797,629900
2016-06-03,69.72781372070312,80.0,80.3499984741211,79.1500015258789,80.0,855100
2016-06-06,70.5645523071289,80.95999908447266,82.16000366210938,80.0999984741211,80.4800033569336,1048000
2016-06-07,70.85218048095703,81.29000091552734,81.81999969482422,80.80000305175781,81.38999938964844,853800
2016-06-08,70.78243255615234,81.20999908447266,82.37000274658203,80.81999969482422,81.61000061035156,1524300
2016-06-09,69.95442962646484,80.26000213623047,81.0199966430664,79.83000183105469,80.63999938964844,1124600
2016-06-10,69.57962036132812,79.83000183105469,80.41999816894531,79.25,80.0,1024700
2016-06-13,68.37661743164062,78.1500015258789,79.7699966430664,78.11000061035156,79.36000061035156,1109400
2016-06-14,68.5953598022461,78.4000015258789,78.4800033569336,77.0199966430664,78.0,1162900
2016-06-15,69.74150085449219,79.70999908447266,80.05000305175781,78.41999816894531,78.58000183105469,1434100
2016-06-16,69.9864730834961,79.98999786376953,80.05000305175781,78.91000366210938,79.30999755859375,909000
2016-06-17,72.44506072998047,82.80000305175781,84.98999786376953,82.20999908447266,83.19000244140625,3531100
2016-06-20,72.62882995605469,83.01000213623047,83.9800033569336,82.66000366210938,83.51000213623047,1736500
2016-06-21,73.16252136230469,83.62000274658203,83.83999633789062,82.0,82.94999694824219,1203400
2016-06-22,72.90005493164062,83.31999969482422,83.87000274658203,82.80999755859375,83.62000274658203,1014000
2016-06-23,73.84498596191406,84.4000015258789,84.70999908447266,83.79000091552734,83.94999694824219,799000
2016-06-24,69.102783203125,78.9800033569336,82.45999908447266,78.5999984741211,81.2699966430664,2465400
2016-06-27,65.91800689697266,75.33999633789062,78.08999633789062,74.86000061035156,77.44000244140625,2709400
2016-06-28,68.49908447265625,78.29000091552734,78.48999786376953,76.13999938964844,76.80999755859375,2707400
2016-06-29,69.22530364990234,79.12000274658203,79.8499984741211,78.58999633789062,79.45999908447266,1928400
2016-06-30,69.39151000976562,79.30999755859375,80.5,77.91999816894531,79.12999725341797,24895500
2016-07-01,71.15016174316406,81.31999969482422,82.27999877929688,79.44999694824219,79.44999694824219,1588400
2016-07-05,69.90775299072266,79.9000015258789,80.20999908447266,79.43000030517578,80.08000183105469,1366400
2016-07-06,70.7476806640625,80.86000061035156,80.95999908447266,78.80999755859375,79.38999938964844,1341100
2016-07-07,71.15016174316406,81.31999969482422,82.19999694824219,80.87999725341797,81.18000030517578,865300
2016-07-08,73.12753295898438,83.58000183105469,83.98999786376953,81.98999786376953,82.19999694824219,1267800
2016-07-11,73.17125701904297,83.62999725341797,84.0,83.11000061035156,83.91999816894531,1277100
2016-07-12,74.56244659423828,85.22000122070312,86.06999969482422,84.26000213623047,84.37999725341797,1297800
2016-07-13,74.85115814208984,85.55000305175781,85.75,85.0199966430664,85.5199966430664,955300
2016-07-14,75.27986907958984,86.04000091552734,86.97000122070312,85.81999969482422,85.97000122070312,707600
2016-07-15,75.55110931396484,86.3499984741211,87.29000091552734,86.01000213623047,86.41999816894531,899500
2016-07-18,75.42860412597656,86.20999908447266,86.43000030517578,85.33999633789062,86.2300033569336,700900
2016-07-19,75.17489624023438,85.91999816894531,86.36000061035156,85.55999755859375,85.94999694824219,630100
2016-07-20,75.78733825683594,86.62000274658203,86.88999938964844,85.9000015258789,86.04000091552734,948500
2016-07-21,73.73125457763672,84.2699966430664,86.5999984741211,83.8499984741211,86.26000213623047,1257500
2016-07-22,74.3786849975586,85.01000213623047,85.43000030517578,84.11000061035156,84.62999725341797,875000
2016-07-25,75.41986846923828,86.19999694824219,86.2300033569336,84.77999877929688,85.0,1229800
2016-07-26,74.82489013671875,85.5199966430664,86.20999908447266,84.87999725341797,86.19999694824219,909200
2016-07-27,74.21245574951172,84.81999969482422,85.51000213623047,84.12000274658203,85.37000274658203,841100
2016-07-28,74.46617889404297,85.11000061035156,86.13999938964844,84.25,84.66000366210938,1037700
2016-07-29,73.64374542236328,84.16999816894531,84.80000305175781,83.30999755859375,84.79000091552734,1702200
2016-08-01,73.41626739501953,83.91000366210938,84.48999786376953,83.58000183105469,84.22000122070312,1782700
2016-08-02,73.81871795654297,84.37000274658203,84.76000213623047,83.66999816894531,84.26000213623047,2035300
2016-08-03,73.48624420166016,83.98999786376953,84.58000183105469,83.11000061035156,84.51000213623047,2404000
2016-08-04,71.85011291503906,82.12000274658203,84.66000366210938,80.38999938964844,84.16999816894531,2906600
2016-08-05,72.0338363647461,82.33000183105469,82.6500015258789,81.48999786376953,82.22000122070312,1723300
2016-08-08,71.89385986328125,82.16999816894531,82.66000366210938,81.54000091552734,82.33000183105469,1495500
2016-08-09,71.75389099121094,82.01000213623047,82.66999816894531,81.72000122070312,82.48999786376953,1487400
2016-08-10,71.8238525390625,82.08999633789062,82.33000183105469,81.4000015258789,82.02999877929688,1297800
2016-08-11,72.25257110595703,82.58000183105469,83.11000061035156,81.62000274658203,82.12000274658203,1133100
2016-08-12,72.62882995605469,83.01000213623047,83.7300033569336,82.20999908447266,82.41000366210938,1139600
2016-08-15,73.56498718261719,84.08000183105469,84.79000091552734,83.27999877929688,83.4800033569336,1135700
2016-08-16,71.5088882446289,81.7300033569336,84.33000183105469,81.62999725341797,84.27999877929688,1066100
2016-08-17,70.4764633178711,80.55000305175781,81.83000183105469,80.18000030517578,81.77999877929688,1183200
2016-08-18,71.11515808105469,81.27999877929688,81.31999969482422,80.80000305175781,81.01000213623047,1070100
2016-08-19,72.39256286621094,82.73999786376953,82.91999816894531,80.81999969482422,81.0,1755900
2016-08-22,73.36375427246094,83.8499984741211,83.8499984741211,81.73999786376953,82.27999877929688,1089000
2016-08-23,73.64374542236328,84.16999816894531,86.5,84.16000366210938,84.5,1299800
2016-08-24,71.9113540649414,82.19000244140625,84.41000366210938,81.94999694824219,83.83999633789062,1566100
2016-08-25,72.24382019042969,82.56999969482422,83.37999725341797,82.12999725341797,82.30999755859375,753400
2016-08-26,71.56138610839844,81.79000091552734,83.5199966430664,81.33000183105469,82.91999816894531,879000
2016-08-29,72.40130615234375,82.75,82.94999694824219,81.6500015258789,81.93000030517578,740900
2016-08-30,71.5088882446289,81.7300033569336,83.5,81.5999984741211,82.75,760400
2016-08-31,69.9690170288086,79.97000122070312,81.25,79.70999908447266,81.25,1308200
2016-09-01,71.13265228271484,81.30000305175781,81.30000305175781,79.55999755859375,79.94999694824219,1181500
2016-09-02,71.7101058959961,81.95999908447266,82.48999786376953,81.0999984741211,82.45999908447266,895200
2016-09-06,72.6550521850586,83.04000091552734,83.04000091552734,81.8499984741211,82.12999725341797,956200
2016-09-07,72.57632446289062,82.94999694824219,83.06999969482422,82.12999725341797,82.70999908447266,924700
2016-09-08,70.80018615722656,80.91999816894531,83.04000091552734,80.87000274658203,82.76000213623047,984300
2016-09-09,67.21292877197266,76.81999969482422,80.5,76.51000213623047,79.91000366210938,1849100
2016-09-12,67.75537872314453,77.44000244140625,77.72000122070312,75.11000061035156,75.5999984741211,1525900
2016-09-13,66.83744812011719,76.08999633789062,77.52999877929688,75.7300033569336,76.77999877929688,1372700
2016-09-14,66.51245880126953,75.72000122070312,76.44000244140625,75.12999725341797,76.05000305175781,1657700
2016-09-15,67.8564224243164,77.25,77.30999755859375,75.38999938964844,75.9000015258789,1789900
2016-09-16,67.39965057373047,76.7300033569336,77.1500015258789,75.77999877929688,76.83000183105469,2304900
2016-09-19,68.198974609375,77.63999938964844,77.9800033569336,77.04000091552734,77.11000061035156,776700
2016-09-20,67.45233917236328,76.79000091552734,78.55999755859375,76.79000091552734,77.93000030517578,958300
2016-09-21,70.43892669677734,80.19000244140625,80.2300033569336,77.51000213623047,77.55999755859375,1483300
2016-09-22,71.32608795166016,81.19999694824219,81.80000305175781,80.91000366210938,81.0199966430664,1587400
2016-09-23,70.9308090209961,80.75,81.08000183105469,80.20999908447266,80.7699966430664,1194000
2016-09-26,71.76528930664062,81.69999694824219,82.18000030517578,80.77999877929688,80.86000061035156,1350700
2016-09-27,72.68761444091797,82.75,82.86000061035156,81.41000366210938,81.41000366210938,831400
2016-09-28,74.54978942871094,84.87000274658203,84.98999786376953,83.0199966430664,83.44000244140625,1027700
2016-09-29,73.03897857666016,83.1500015258789,85.30999755859375,83.06999969482422,84.87000274658203,1199900
2016-09-30,75.09441375732422,85.48999786376953,85.83999633789062,83.48999786376953,83.93000030517578,1380500
2016-10-03,74.5146713256836,84.83000183105469,85.44999694824219,84.08999633789062,85.19999694824219,966400
2016-10-04,72.57341003417969,82.62000274658203,85.37999725341797,82.54000091552734,84.97000122070312,1056200
2016-10-05,73.29370880126953,83.44000244140625,83.93000030517578,82.72000122070312,83.41999816894531,974600
2016-10-06,73.46939086914062,83.63999938964844,83.87000274658203,82.91000366210938,83.02999877929688,979600
2016-10-07,72.35381317138672,82.37000274658203,83.83000183105469,81.62999725341797,83.83000183105469,974000
2016-10-10,73.3288345336914,83.4800033569336,84.4800033569336,83.0999984741211,83.22000122070312,623000
2016-10-11,71.78287506103516,81.72000122070312,83.19999694824219,81.30999755859375,83.02999877929688,522600
2016-10-12,71.28216552734375,81.1500015258789,81.70999908447266,80.2699966430664,81.70999908447266,807800
2016-10-13,70.65850067138672,80.44000244140625,80.94999694824219,79.08000183105469,80.26000213623047,662900
2016-10-14,71.02742004394531,80.86000061035156,81.77999877929688,80.7699966430664,81.13999938964844,621200
2016-10-17,71.37882995605469,81.26000213623047,81.51000213623047,80.75,80.80999755859375,595900
2016-10-18,71.73015594482422,81.66000366210938,82.70999908447266,81.62999725341797,82.47000122070312,503400
2016-10-19,72.54706573486328,82.58999633789062,82.6500015258789,81.01000213623047,81.80000305175781,552900
2016-10-20,72.92476654052734,83.0199966430664,83.44000244140625,81.87999725341797,81.94999694824219,436700
2016-10-21,72.20447540283203,82.19999694824219,82.88999938964844,81.54000091552734,82.88999938964844,594400
2016-10-24,73.22343444824219,83.36000061035156,83.48999786376953,82.19999694824219,83.04000091552734,607800
2016-10-25,72.11662292480469,82.0999984741211,83.19000244140625,82.0,83.19000244140625,424600
2016-10-26,71.2294692993164,81.08999633789062,82.0,80.68000030517578,81.29000091552734,697200
2016-10-27,72.07271575927734,82.05000305175781,82.41000366210938,81.2699966430664,81.76000213623047,634700
2016-10-28,72.82813262939453,82.91000366210938,84.04000091552734,82.2300033569336,82.25,647900
2016-10-31,73.39033508300781,83.55000305175781,84.16999816894531,82.73999786376953,82.95999908447266,1104600
2016-11-01,72.81937408447266,82.9000015258789,84.26000213623047,82.22000122070312,83.56999969482422,1071200
2016-11-02,72.24839782714844,82.25,82.93000030517578,81.80000305175781,82.51000213623047,626800
2016-11-03,73.60993194580078,83.80000305175781,84.4800033569336,82.30000305175781,82.5999984741211,1009200
2016-11-04,73.3288345336914,83.4800033569336,84.41000366210938,82.69999694824219,83.5999984741211,845400
2016-11-07,75.78836059570312,86.27999877929688,86.87999725341797,84.69000244140625,85.0199966430664,1412300
2016-11-08,72.68761444091797,82.75,86.87999725341797,82.68000030517578,85.98999786376953,1818200
2016-11-09,70.64093780517578,80.41999816894531,82.20999908447266,79.20999908447266,81.91000366210938,2626400
2016-11-10,71.60717010498047,81.5199966430664,82.0,80.0999984741211,80.7300033569336,1302200
2016-11-11,70.64971923828125,80.43000030517578,81.4800033569336,80.13999938964844,81.0,1115400
2016-11-14,67.70706939697266,77.08000183105469,81.0,76.31999969482422,80.72000122070312,1933600
2016-11-15,70.3774185180664,80.12000274658203,80.16000366210938,77.25,77.25,1270800
2016-11-16,71.63353729248047,81.55000305175781,81.81999969482422,79.83999633789062,80.29000091552734,1076200
2016-11-17,72.88085174560547,82.97000122070312,83.22000122070312,81.77999877929688,81.93000030517578,899900
2016-11-18,72.43286895751953,82.45999908447266,83.27999877929688,82.18000030517578,82.94999694824219,529800
2016-11-21,73.65383911132812,83.8499984741211,83.9000015258789,82.58000183105469,82.80999755859375,743300
2016-11-22,74.04916381835938,84.30000305175781,84.5999984741211,83.5199966430664,84.01000213623047,653900
2016-11-23,73.68018341064453,83.87999725341797,84.19000244140625,83.04000091552734,83.9000015258789,536100
2016-11-25,73.7856216430664,84.0,84.5,83.70999908447266,83.93000030517578,200200
2016-11-28,73.75045776367188,83.95999908447266,84.77999877929688,83.91000366210938,84.0999984741211,547000
2016-11-29,75.49847412109375,85.94999694824219,87.16999816894531,83.0999984741211,83.58000183105469,1158600
2016-11-30,77.10594940185547,87.77999877929688,88.7300033569336,86.61000061035156,86.61000061035156,1720700
2016-12-01,75.2349624633789,85.6500015258789,88.29000091552734,85.4000015258789,88.29000091552734,1159000
2016-12-02,74.54102325439453,84.86000061035156,85.9800033569336,84.37000274658203,85.68000030517578,677900
2016-12-05,75.78836059570312,86.27999877929688,86.44999694824219,85.41000366210938,85.55999755859375,1173800
2016-12-06,75.82350158691406,86.31999969482422,86.62999725341797,85.5999984741211,85.73999786376953,1332600
2016-12-07,78.00192260742188,88.80000305175781,88.87000274658203,86.23999786376953,86.23999786376953,805200
2016-12-08,80.63713836669922,91.80000305175781,92.23999786376953,89.30999755859375,90.0,1564400
2016-12-09,79.66210174560547,90.69000244140625,91.68000030517578,90.12999725341797,91.68000030517578,869400
2016-12-12,80.21548461914062,91.31999969482422,91.5999984741211,90.66000366210938,90.9000015258789,710700
2016-12-13,80.30802154541016,91.12000274658203,91.73999786376953,90.29000091552734,91.47000122070312,974000
2016-12-14,79.26805877685547,89.94000244140625,91.80000305175781,89.87999725341797,91.1500015258789,1428600
2016-12-15,79.16231536865234,89.81999969482422,90.79000091552734,89.31999969482422,90.33999633789062,811200
2016-12-16,78.64228820800781,89.2300033569336,90.51000213623047,88.08000183105469,90.05000305175781,1634600
2016-12-19,78.43959045410156,89.0,89.66000366210938,88.37999725341797,89.45999908447266,811200
2016-12-20,78.73921966552734,89.33999633789062,89.80999755859375,88.66999816894531,89.0999984741211,460200
2016-12-21,78.68635559082031,89.27999877929688,89.98999786376953,89.08000183105469,89.33999633789062,396100
2016-12-22,77.92842102050781,88.41999816894531,89.52999877929688,88.20999908447266,89.0,379100
2016-12-23,78.28095245361328,88.81999969482422,88.8499984741211,87.72000122070312,88.4800033569336,226900
2016-12-27,78.44837188720703,89.01000213623047,89.45999908447266,88.5999984741211,88.88999938964844,228700
2016-12-28,76.30674743652344,86.58000183105469,89.41000366210938,86.5,89.05000305175781,604200
2016-12-29,76.73860931396484,87.06999969482422,87.13999938964844,86.30999755859375,86.7300033569336,355200
2016-12-30,75.8660888671875,86.08000183105469,87.73999786376953,85.5999984741211,87.33999633789062,470100
2017-01-03,77.6023178100586,88.05000305175781,88.12000274658203,86.9800033569336,87.1500015258789,975600
2017-01-04,79.9378890991211,90.69999694824219,91.1500015258789,88.69000244140625,88.72000122070312,1147600
2017-01-05,79.66465759277344,90.38999938964844,91.38999938964844,89.7300033569336,90.63999938964844,913200
2017-01-06,80.0348129272461,90.80999755859375,91.0,89.86000061035156,90.62000274658203,550900
2017-01-09,79.74394989013672,90.4800033569336,90.9800033569336,90.37000274658203,90.7300033569336,936100
2017-01-10,79.21519470214844,89.87999725341797,91.16999816894531,89.08999633789062,90.86000061035156,825000
2017-01-11,82.2293701171875,93.30000305175781,94.12999725341797,90.08000183105469,90.56999969482422,1807500
2017-01-12,82.62596130371094,93.75,94.30999755859375,92.19999694824219,93.52999877929688,1042200
2017-01-13,82.84629821777344,94.0,94.94000244140625,93.33999633789062,94.16999816894531,603400
2017-01-17,83.15477752685547,94.3499984741211,95.79000091552734,93.91000366210938,95.13999938964844,844600
2017-01-18,81.61241149902344,92.5999984741211,95.01000213623047,92.30000305175781,94.83999633789062,1104800
2017-01-19,82.00904846191406,93.05000305175781,94.41000366210938,92.54000091552734,92.75,609600
2017-01-20,82.28224182128906,93.36000061035156,94.05000305175781,92.83999633789062,93.55999755859375,701600
2017-01-23,82.5819091796875,93.69999694824219,93.91000366210938,92.8499984741211,93.37999725341797,349400
2017-01-24,84.21239471435547,95.55000305175781,95.83999633789062,93.70999908447266,93.94000244140625,921900
2017-01-25,82.84629821777344,94.0,95.86000061035156,93.25,95.81999969482422,1083700
2017-01-26,84.15069580078125,95.4800033569336,95.88999938964844,94.04000091552734,94.08999633789062,795800
2017-01-27,84.09781646728516,95.41999816894531,95.87000274658203,94.76000213623047,95.33999633789062,452800
2017-01-30,83.34866333007812,94.56999969482422,94.8499984741211,93.51000213623047,94.79000091552734,677400
2017-01-31,81.64767456054688,92.63999938964844,94.68000030517578,92.5199966430664,94.61000061035156,1453700
2017-02-01,82.32630157470703,93.41000366210938,93.63999938964844,91.66000366210938,93.19000244140625,855100
2017-02-02,81.88565826416016,92.91000366210938,93.4000015258789,91.5,93.4000015258789,588900
2017-02-03,83.08428192138672,94.2699966430664,94.44999694824219,93.0,93.37999725341797,446800
2017-02-06,83.10188293457031,94.29000091552734,94.47000122070312,93.7699966430664,94.04000091552734,478100
2017-02-07,81.7886962890625,92.80000305175781,94.44999694824219,92.26000213623047,94.0,756200
2017-02-08,83.15477752685547,94.3499984741211,94.38999938964844,92.19999694824219,92.91000366210938,661600
2017-02-09,82.76700592041016,93.91000366210938,94.8499984741211,93.6500015258789,94.3499984741211,498300
2017-02-10,82.5819091796875,93.69999694824219,94.44999694824219,93.2699966430664,94.44999694824219,637800
2017-02-13,83.50730895996094,94.75,95.41000366210938,93.6500015258789,94.33000183105469,660400
2017-02-14,80.36973571777344,91.19000244140625,94.37000274658203,90.3499984741211,94.37000274658203,1654700
2017-02-15,81.7534408569336,92.76000213623047,93.01000213623047,91.0199966430664,91.30999755859375,1510500
2017-02-16,81.44497680664062,92.41000366210938,93.98999786376953,92.06999969482422,92.87999725341797,593700
2017-02-17,81.01313018798828,91.91999816894531,92.80000305175781,91.56999969482422,92.44000244140625,1016700
2017-02-21,82.65240478515625,93.77999877929688,93.83000183105469,92.41000366210938,92.51000213623047,790200
2017-02-22,81.47140502929688,92.44000244140625,93.6500015258789,92.37999725341797,93.41000366210938,652200
2017-02-23,81.44497680664062,92.41000366210938,93.23999786376953,91.7699966430664,93.12000274658203,738600
2017-02-24,81.90326690673828,92.93000030517578,93.13999938964844,91.0199966430664,91.93000030517578,700000
2017-02-27,81.489013671875,92.45999908447266,93.4000015258789,92.22000122070312,92.98999786376953,930600
2017-02-28,89.46520233154297,101.51000213623047,102.55999755859375,95.73999786376953,95.80000305175781,4246500
2017-03-01,90.47872924804688,102.66000366210938,104.33000183105469,102.0,102.9000015258789,2591800
2017-03-02,90.83128356933594,103.05999755859375,104.77999877929688,102.1500015258789,102.80999755859375,2040100
2017-03-03,92.33837890625,104.7699966430664,105.19999694824219,103.08000183105469,103.4000015258789,1153200
2017-03-06,89.99402618408203,102.11000061035156,102.66999816894531,98.62999725341797,101.91999816894531,2329000
2017-03-07,91.47465515136719,103.79000091552734,104.81999969482422,101.56999969482422,102.11000061035156,1396700
2017-03-08,90.54925537109375,102.73999786376953,103.88999938964844,102.23999786376953,103.58999633789062,1285100
2017-03-09,90.33773803710938,102.5,103.37000274658203,102.02999877929688,102.95999908447266,1457100
2017-03-10,90.82245635986328,103.05000305175781,104.01000213623047,102.36000061035156,102.69999694824219,1422600
2017-03-13,92.3873062133789,104.5,104.55000305175781,102.1500015258789,102.58000183105469,1336600
2017-03-14,91.90106201171875,103.94999694824219,104.38999938964844,103.05999755859375,104.01000213623047,752600
2017-03-15,93.02383422851562,105.22000122070312,105.51000213623047,103.86000061035156,104.5,781700
2017-03-16,91.9541244506836,104.01000213623047,105.7300033569336,103.70999908447266,105.0999984741211,1017400
2017-03-17,93.89910888671875,106.20999908447266,106.52999877929688,104.4000015258789,104.48999786376953,1436900
2017-03-20,93.77532958984375,106.06999969482422,106.19000244140625,105.12000274658203,106.04000091552734,1032400
2017-03-21,92.16629028320312,104.25,107.55999755859375,104.06999969482422,106.06999969482422,1249500
2017-03-22,93.02383422851562,105.22000122070312,105.47000122070312,103.30000305175781,104.5999984741211,984800
2017-03-23,92.9619369506836,105.1500015258789,106.38999938964844,104.8499984741211,105.18000030517578,690000
2017-03-24,92.34307098388672,104.44999694824219,106.18000030517578,104.02999877929688,105.54000091552734,527400
2017-03-27,92.47571563720703,104.5999984741211,104.94999694824219,102.6500015258789,103.62000274658203,841100
2017-03-28,92.72325134277344,104.87999725341797,105.45999908447266,104.12999725341797,104.58000183105469,805000
2017-03-29,92.86470794677734,105.04000091552734,105.94999694824219,104.9000015258789,105.0,916300
2017-03-30,92.95314025878906,105.13999938964844,106.08999633789062,104.83999633789062,105.08000183105469,671400
2017-03-31,93.3951644897461,105.63999938964844,106.48999786376953,104.37999725341797,104.95999908447266,936800
2017-04-03,92.85588836669922,105.02999877929688,106.30000305175781,103.83000183105469,105.7300033569336,991500
2017-04-04,93.27140808105469,105.5,105.91999816894531,104.80999755859375,104.97000122070312,884000
2017-04-05,93.01499938964844,105.20999908447266,106.69999694824219,104.91000366210938,105.69000244140625,1168300
2017-04-06,93.73995971679688,106.02999877929688,106.16999816894531,104.9000015258789,105.33000183105469,705100
2017-04-07,93.66036987304688,105.94000244140625,106.30000305175781,105.51000213623047,106.0199966430664,1211600
2017-04-10,92.70555877685547,104.86000061035156,106.20999908447266,104.58000183105469,105.95999908447266,984200
2017-04-11,93.36864471435547,105.61000061035156,105.69999694824219,104.33000183105469,104.55999755859375,645700
2017-04-12,92.05136108398438,104.12000274658203,106.08000183105469,103.80000305175781,106.0,689600
2017-04-13,91.60930633544922,103.62000274658203,104.80999755859375,103.41999816894531,104.0,499300
2017-04-17,92.50223541259766,104.62999725341797,104.62999725341797,103.45999908447266,103.75,721100
2017-04-18,93.51008605957031,105.7699966430664,105.80999755859375,103.94999694824219,103.94999694824219,890800
2017-04-19,93.57198333740234,105.83999633789062,106.93000030517578,105.37000274658203,106.05000305175781,948500
2017-04-20,93.28907012939453,105.5199966430664,106.25,105.38999938964844,106.13999938964844,888800
2017-04-21,92.9177474975586,105.0999984741211,106.0199966430664,104.88999938964844,105.5999984741211,1106600
2017-04-24,94.4472427368164,106.83000183105469,106.94000244140625,105.87999725341797,106.0199966430664,934000
2017-04-25,95.56119537353516,108.08999633789062,108.45999908447266,107.37000274658203,107.44000244140625,706500
2017-04-26,95.74684143066406,108.30000305175781,108.55999755859375,107.23999786376953,108.11000061035156,671200
2017-04-27,95.64075469970703,108.18000030517578,109.2300033569336,107.77999877929688,108.27999877929688,759300
2017-04-28,96.2861099243164,108.91000366210938,109.05000305175781,108.19999694824219,108.23999786376953,1206100
2017-05-01,96.71051025390625,109.38999938964844,110.12999725341797,107.0,109.08999633789062,854800
2017-05-02,95.81755828857422,108.37999725341797,109.33999633789062,108.0,109.33999633789062,831000
2017-05-03,95.17219543457031,107.6500015258789,108.62999725341797,107.19000244140625,108.3499984741211,968600
2017-05-04,96.10930633544922,108.70999908447266,112.7300033569336,108.44000244140625,111.98999786376953,1977000
2017-05-05,97.25861358642578,110.01000213623047,110.9000015258789,108.8499984741211,109.36000061035156,1116500
2017-05-08,96.86079406738281,109.55999755859375,110.30999755859375,108.72000122070312,110.0199966430664,864000
2017-05-09,96.6574478149414,109.33000183105469,109.91999816894531,108.69999694824219,109.5,709800
2017-05-10,97.75371551513672,110.56999969482422,110.5999984741211,109.16000366210938,109.5,819200
2017-05-11,97.90401458740234,110.73999786376953,110.94000244140625,110.08000183105469,110.56999969482422,549000
2017-05-12,97.58574676513672,110.37999725341797,110.73999786376953,110.08999633789062,110.44000244140625,601900
2017-05-15,99.06218719482422,112.05000305175781,112.81999969482422,110.72000122070312,111.08999633789062,654200
2017-05-16,99.3450927734375,112.37000274658203,112.87999725341797,111.69999694824219,112.44999694824219,759900
2017-05-17,97.7271957397461,110.54000091552734,112.37000274658203,110.48999786376953,112.37000274658203,981300
2017-05-18,97.24980163574219,110.0,110.66999816894531,108.87000274658203,109.9800033569336,921000
2017-05-19,97.53267669677734,110.31999969482422,111.80000305175781,110.16000366210938,110.44999694824219,897000
2017-05-22,97.76254272460938,110.58000183105469,111.05999755859375,109.73999786376953,110.91000366210938,797800
2017-05-23,98.7615966796875,111.70999908447266,112.0,110.58999633789062,110.91000366210938,592100
2017-05-24,99.06218719482422,112.05000305175781,112.55000305175781,111.55000305175781,111.70999908447266,548600
2017-05-25,99.53958892822266,112.58999633789062,113.69999694824219,112.26000213623047,112.52999877929688,635900
2017-05-26,99.77831268310547,112.86000061035156,113.05999755859375,112.19999694824219,112.5,601000
2017-05-30,99.4246597290039,112.45999908447266,112.88999938964844,111.44000244140625,112.79000091552734,772000
2017-05-31,100.4325180053711,113.5999984741211,113.7300033569336,111.88999938964844,112.27999877929688,1136200
2017-06-01,100.22032165527344,113.36000061035156,114.29000091552734,112.88999938964844,113.68000030517578,813600
2017-06-02,100.86571502685547,114.08999633789062,114.4000015258789,113.05999755859375,113.4000015258789,605100
2017-06-05,100.44136810302734,113.61000061035156,114.48999786376953,113.16000366210938,113.80000305175781,689500
2017-06-06,99.6191635131836,112.68000030517578,113.95999908447266,112.62000274658203,113.5,754600
2017-06-07,99.72525787353516,112.80000305175781,113.16999816894531,112.37999725341797,112.68000030517578,1068500
2017-06-08,101.02486419677734,114.2699966430664,114.76000213623047,112.37000274658203,112.80000305175781,1440700
2017-06-09,102.02385711669922,115.4000015258789,116.63999938964844,114.08999633789062,114.75,1131500
2017-06-12,98.30186462402344,111.19000244140625,115.4000015258789,110.97000122070312,115.22000122070312,1804700
2017-06-13,99.88895416259766,112.66000366210938,112.91000366210938,110.9800033569336,112.33000183105469,1111600
2017-06-14,96.88324737548828,109.2699966430664,112.66000366210938,108.55999755859375,112.61000061035156,1710400
2017-06-15,94.02825927734375,106.05000305175781,108.0,103.62999725341797,107.95999908447266,2579100
2017-06-16,95.83699798583984,108.08999633789062,108.12000274658203,105.8499984741211,106.19999694824219,1704100
2017-06-19,96.0497817993164,108.33000183105469,109.2300033569336,106.9000015258789,108.5,1114700
2017-06-20,95.52666473388672,107.73999786376953,109.13999938964844,107.0,107.8499984741211,804900
2017-06-21,94.15237426757812,106.19000244140625,107.62000274658203,105.87000274658203,107.56999969482422,1274100
2017-06-22,93.27459716796875,105.19999694824219,106.69999694824219,105.11000061035156,106.47000122070312,1180000
2017-06-23,92.9642562866211,104.8499984741211,105.91000366210938,104.41999816894531,105.30999755859375,3099700
2017-06-26,93.11500549316406,105.0199966430664,106.55999755859375,104.25,105.11000061035156,1826300
2017-06-27,92.62736511230469,104.47000122070312,105.69000244140625,104.30000305175781,105.38999938964844,1313000
2017-06-28,94.79962158203125,106.91999816894531,107.33000183105469,104.62999725341797,105.12999725341797,1201500
2017-06-29,92.8047103881836,104.66999816894531,107.26000213623047,103.7699966430664,107.18000030517578,985700
2017-06-30,93.57608795166016,105.54000091552734,106.52999877929688,105.12000274658203,105.22000122070312,807200
2017-07-03,94.0105209350586,106.02999877929688,106.52999877929688,105.33999633789062,106.33999633789062,555400
2017-07-05,95.77490997314453,108.0199966430664,108.66000366210938,106.0,106.0,1356400
2017-07-06,95.80152893066406,108.05000305175781,109.08000183105469,107.30000305175781,107.86000061035156,1173700
2017-07-07,97.52162170410156,109.98999786376953,110.44999694824219,108.1500015258789,108.31999969482422,1567300
2017-07-10,98.71855926513672,111.33999633789062,111.9000015258789,110.0,110.20999908447266,1443600
2017-07-11,100.14606475830078,112.94999694824219,113.08000183105469,110.8499984741211,111.68000030517578,1321700
2017-07-12,103.32910919189453,116.54000091552734,117.12999725341797,113.37999725341797,113.5,2115100
2017-07-13,104.33988952636719,117.68000030517578,119.0,116.5999984741211,116.5999984741211,2336800
2017-07-14,104.24235534667969,117.56999969482422,118.98999786376953,117.01000213623047,118.37000274658203,1723100
2017-07-17,103.61285400390625,116.86000061035156,117.7699966430664,116.45999908447266,117.66000366210938,863700
2017-07-18,104.38420867919922,117.7300033569336,118.18000030517578,116.16999816894531,116.81999969482422,688900
2017-07-19,105.65210723876953,119.16000366210938,119.58999633789062,116.66000366210938,117.97000122070312,1215400
2017-07-20,104.54379272460938,117.91000366210938,119.16000366210938,117.63999938964844,119.0,928700
2017-07-21,104.9250717163086,118.33999633789062,118.87999725341797,117.58999633789062,117.98999786376953,1017200
2017-07-24,105.15557861328125,118.5999984741211,119.38999938964844,117.83999633789062,118.52999877929688,1596600
2017-07-25,105.33291625976562,118.80000305175781,119.5,118.4000015258789,119.5,1128000
2017-07-26,103.91427612304688,117.19999694824219,119.27999877929688,117.0,119.16000366210938,870700
2017-07-27,103.17839050292969,116.37000274658203,118.30999755859375,115.19999694824219,117.80999755859375,955900
2017-07-28,103.29366302490234,116.5,116.9800033569336,115.9000015258789,116.36000061035156,1388000
2017-07-31,102.67298889160156,115.80000305175781,117.01000213623047,115.7300033569336,116.80000305175781,925200
2017-08-01,104.11824035644531,117.43000030517578,117.68000030517578,115.30000305175781,116.05999755859375,916200
2017-08-02,105.90924072265625,119.44999694824219,119.95999908447266,117.05000305175781,117.5,1527100
2017-08-03,105.33291625976562,118.80000305175781,119.95999908447266,118.4800033569336,119.79000091552734,1321400
2017-08-04,106.042236328125,119.5999984741211,119.98999786376953,118.75,118.97000122070312,1077200
2017-08-07,109.12774658203125,123.08000183105469,123.4800033569336,120.0,120.62000274658203,3815400
2017-08-08,102.32721710205078,115.41000366210938,119.16999816894531,113.68000030517578,119.12999725341797,5311600
2017-08-09,100.33226013183594,113.16000366210938,115.70999908447266,111.2300033569336,114.66000366210938,2603600
2017-08-10,98.37278747558594,110.94999694824219,112.51000213623047,110.25,112.5,2603500
2017-08-11,96.96304321289062,109.36000061035156,110.27999877929688,108.5999984741211,110.0,2137700
2017-08-14,98.26640319824219,110.83000183105469,111.4800033569336,110.05000305175781,110.13999938964844,1620100
2017-08-15,99.19738006591797,111.87999725341797,112.43000030517578,110.01000213623047,111.0,1179300
2017-08-16,100.5627670288086,113.41999816894531,113.83999633789062,111.26000213623047,112.0,1289000
2017-08-17,99.40128326416016,112.11000061035156,113.94000244140625,112.0,113.94000244140625,1046000
2017-08-18,99.82689666748047,112.58999633789062,113.31999969482422,111.55999755859375,112.04000091552734,872700
2017-08-21,100.6159896850586,113.4800033569336,113.58999633789062,112.2300033569336,112.6500015258789,686000
2017-08-22,102.69071197509766,115.81999969482422,116.19000244140625,113.7699966430664,113.88999938964844,974200
2017-08-23,102.30947875976562,115.38999938964844,116.41000366210938,115.11000061035156,115.56999969482422,609300
2017-08-24,101.83955383300781,114.86000061035156,116.2699966430664,114.72000122070312,115.62999725341797,948100
2017-08-25,101.91934204101562,114.94999694824219,115.45999908447266,114.26000213623047,115.12999725341797,605600
2017-08-28,102.3449478149414,115.43000030517578,116.0,114.45999908447266,115.93000030517578,594800
2017-08-29,101.48487854003906,114.45999908447266,114.80000305175781,113.47000122070312,114.80000305175781,627300
2017-08-30,102.11441040039062,115.16999816894531,115.54000091552734,113.86000061035156,114.55000305175781,717600
2017-08-31,103.08084106445312,116.26000213623047,117.1500015258789,115.95999908447266,116.22000122070312,909200
2017-09-01,105.18218994140625,118.62999725341797,118.86000061035156,116.62999725341797,117.05999755859375,909300
2017-09-05,103.4443588256836,116.66999816894531,120.02999877929688,116.16000366210938,119.0,1177800
2017-09-06,105.20881652832031,118.66000366210938,119.6500015258789,116.22000122070312,116.94999694824219,1263000
2017-09-07,104.70339965820312,118.08999633789062,119.7300033569336,117.88999938964844,118.75,891800
2017-09-08,104.87187194824219,118.27999877929688,119.0,117.79000091552734,118.08000183105469,688600
2017-09-11,109.81044006347656,123.8499984741211,124.31999969482422,119.5199966430664,120.12000274658203,1724200
2017-09-12,110.51091003417969,124.63999938964844,126.31999969482422,124.2699966430664,124.5,1402000
2017-09-13,111.3620834350586,125.5999984741211,126.1500015258789,124.44000244140625,124.66000366210938,1284400
2017-09-14,112.0020751953125,126.0,126.19999694824219,124.75,125.27999877929688,1220500
2017-09-15,113.14878845214844,127.29000091552734,127.83000183105469,125.30000305175781,126.30000305175781,1617800
2017-09-18,116.46440124511719,131.02000427246094,131.66000366210938,128.16000366210938,128.5,1694500
2017-09-19,119.69111633300781,134.64999389648438,135.25999450683594,131.22000122070312,131.5,1990900
2017-09-20,120.96226501464844,136.0800018310547,136.9499969482422,134.0800018310547,135.2899932861328,2917300
2017-09-21,119.9044189453125,134.88999938964844,136.5,134.0800018310547,136.5,2017900
2017-09-22,119.37112426757812,134.2899932861328,134.8800048828125,133.25999450683594,134.39999389648438,1324200
2017-09-25,114.5710220336914,128.88999938964844,132.64999389648438,127.30999755859375,132.27999877929688,2642500
2017-09-26,114.15322875976562,128.4199981689453,129.91000366210938,127.41000366210938,129.0,1422100
2017-09-27,115.57550048828125,130.02000427246094,131.1199951171875,128.88999938964844,129.16000366210938,1235600
2017-09-28,117.61994934082031,132.32000732421875,132.5500030517578,130.1999969482422,130.57000732421875,1299900
2017-09-29,121.16670227050781,136.30999755859375,137.47999572753906,132.5,132.8000030517578,2103600
2017-10-02,121.44225311279297,136.6199951171875,136.8800048828125,133.83999633789062,136.25,1180300
2017-10-03,122.15338134765625,137.4199981689453,137.8300018310547,136.32000732421875,137.22000122070312,889400
2017-10-04,122.8645248413086,138.22000122070312,138.58999633789062,137.08999633789062,137.89999389648438,1113100
2017-10-05,124.1445083618164,139.66000366210938,140.10000610351562,138.22999572753906,138.67999267578125,820000
2017-10-06,121.94894409179688,137.19000244140625,137.22000122070312,134.5399932861328,135.69000244140625,1988400
2017-10-09,121.38006591796875,136.5500030517578,138.10000610351562,135.22999572753906,137.5500030517578,893400
2017-10-10,122.4645004272461,137.77000427246094,138.14999389648438,135.8300018310547,137.24000549316406,832400
2017-10-11,122.15338134765625,137.4199981689453,138.22000122070312,136.3699951171875,138.0,1205400
2017-10-12,122.04672241210938,137.3000030517578,138.3300018310547,136.9600067138672,137.0,932000
2017-10-13,123.50453186035156,138.94000244140625,139.47999572753906,137.52999877929688,138.75,906400
2017-10-16,124.58897399902344,140.16000366210938,141.30999755859375,138.61000061035156,139.83999633789062,1332600
2017-10-17,123.92230224609375,139.41000366210938,140.6999969482422,138.88999938964844,140.6699981689453,1049200
2017-10-18,124.1445083618164,139.66000366210938,140.27999877929688,139.3000030517578,140.05999755859375,719900
2017-10-19,123.99342346191406,139.49000549316406,139.52000427246094,137.14999389648438,138.22000122070312,798300
2017-10-20,125.14009857177734,140.77999877929688,141.2899932861328,140.05999755859375,140.6999969482422,925000
2017-10-23,123.14005279541016,138.52999877929688,141.39999389648438,137.77000427246094,141.0,1535500
2017-10-24,123.3089599609375,138.72000122070312,139.47999572753906,137.86000061035156,138.89999389648438,1332800
2017-10-25,123.14005279541016,138.52999877929688,140.44000244140625,136.8800048828125,139.5,1778700
2017-10-26,123.5934066772461,139.0399932861328,139.75999450683594,137.60000610351562,139.39999389648438,1375900
2017-10-27,123.62898254394531,139.0800018310547,139.97000122070312,137.8699951171875,139.63999938964844,1204800
2017-10-30,124.01116943359375,139.50999450683594,140.1699981689453,138.52999877929688,139.0800018310547,834800
2017-10-31,125.23790740966797,140.88999938964844,140.88999938964844,139.02000427246094,139.02000427246094,1576300
2017-11-01,126.51789855957031,142.3300018310547,142.4199981689453,140.85000610351562,142.0,906700
2017-11-02,121.70005798339844,136.91000366210938,143.69000244140625,135.61000061035156,142.5,2364000
2017-11-03,124.48226928710938,140.0399932861328,140.35000610351562,135.25,136.5500030517578,1395300
2017-11-06,126.1978988647461,141.97000122070312,142.0,140.13999938964844,140.24000549316406,950800
2017-11-07,127.22907257080078,143.1300048828125,143.57000732421875,141.86000061035156,142.0,1560600
2017-11-08,128.5179443359375,144.5800018310547,144.99000549316406,142.5,143.52999877929688,1750000
2017-11-09,125.19345092773438,140.83999633789062,142.44000244140625,136.38999938964844,142.11000061035156,2589200
2017-11-10,124.99785614013672,140.6199951171875,142.69000244140625,140.4199981689453,141.02000427246094,1056300
2017-11-13,127.44232940673828,143.3699951171875,143.66000366210938,139.52000427246094,139.5399932861328,948500
2017-11-14,122.3577880859375,137.64999389648438,139.6199951171875,136.80999755859375,139.52000427246094,1715600
2017-11-15,119.59333801269531,134.5399932861328,136.1999969482422,131.14999389648438,136.0,1987100
2017-11-16,120.29554748535156,135.3300018310547,136.75,134.67999267578125,135.5,1915200
2017-11-17,121.07781982421875,136.2100067138672,136.32000732421875,134.63999938964844,135.9199981689453,1441700
2017-11-20,120.3578109741211,135.39999389648438,136.1999969482422,135.00999450683594,135.47999572753906,1009300
2017-11-21,121.51335144042969,136.6999969482422,137.72000122070312,136.0500030517578,136.2899932861328,958500
2017-11-22,120.2244873046875,135.25,137.83999633789062,135.1699981689453,137.75,715400
2017-11-24,121.83338928222656,137.05999755859375,137.50999450683594,135.5,135.61000061035156,415500
2017-11-27,121.09556579589844,136.22999572753906,137.35000610351562,136.19000244140625,137.05999755859375,773900
2017-11-28,121.68228912353516,136.88999938964844,137.5399932861328,135.89999389648438,136.75999450683594,690700
2017-11-29,117.29107666015625,131.9499969482422,137.14999389648438,130.6300048828125,137.14999389648438,1529700
2017-11-30,119.39778900146484,134.32000732421875,134.80999755859375,131.75999450683594,132.02999877929688,1291000
2017-12-01,117.46886444091797,132.14999389648438,135.39999389648438,130.00999450683594,134.86000061035156,1240100
2017-12-04,114.97990417480469,129.35000610351562,133.89999389648438,129.1699981689453,133.42999267578125,1595600
2017-12-05,113.77100372314453,127.98999786376953,130.25,127.18000030517578,128.5,1414300
2017-12-06,113.31767272949219,127.4800033569336,128.1999969482422,126.30999755859375,127.52999877929688,1675300
2017-12-07,114.73990631103516,129.0800018310547,130.5399932861328,127.0,127.05999755859375,979500
2017-12-08,116.091064453125,130.60000610351562,131.85000610351562,129.88999938964844,129.92999267578125,1557300
2017-12-11,116.57108306884766,131.13999938964844,132.14999389648438,130.1699981689453,130.9199981689453,970900
2017-12-12,115.87771606445312,130.36000061035156,131.1199951171875,130.1199951171875,131.0,1025700
2017-12-13,115.6466293334961,130.10000610351562,131.10000610351562,129.77999877929688,130.3699951171875,960800
2017-12-14,113.68619537353516,127.58000183105469,130.05999755859375,127.5199966430664,130.0,1015000
2017-12-15,115.45946502685547,129.57000732421875,132.0399932861328,128.99000549316406,129.19000244140625,2133700
2017-12-18,117.69615173339844,132.0800018310547,132.80999755859375,131.1300048828125,131.6300048828125,1387600
2017-12-19,117.64265441894531,132.02000427246094,132.99000549316406,131.60000610351562,132.1199951171875,1047100
2017-12-20,117.02777099609375,131.3300018310547,132.80999755859375,131.3000030517578,132.5,832300
2017-12-21,114.63965606689453,128.64999389648438,131.97000122070312,128.47000122070312,131.69000244140625,1102100
2017-12-22,115.2099609375,129.2899932861328,129.4600067138672,128.0,128.3699951171875,781100
2017-12-26,114.9871826171875,129.0399932861328,129.39999389648438,128.05999755859375,129.24000549316406,326200
2017-12-27,114.44361114501953,128.42999267578125,129.60000610351562,128.17999267578125,129.0,667800
2017-12-28,114.46141815185547,128.4499969482422,128.80999755859375,127.37000274658203,128.5500030517578,998200
2017-12-29,113.96243286132812,127.88999938964844,129.1999969482422,127.5199966430664,128.77000427246094,714600
2018-01-02,117.20603942871094,131.52999877929688,131.91000366210938,128.49000549316406,128.92999267578125,1118600
2018-01-03,117.43771362304688,131.7899932861328,133.94000244140625,130.6199951171875,132.0399932861328,1042100
2018-01-04,116.03868103027344,130.22000122070312,132.9600067138672,130.11000061035156,132.25,820600
2018-01-05,117.37530517578125,131.72000122070312,132.7899932861328,130.50999450683594,131.0399932861328,806500
2018-01-08,122.48133850097656,137.4499969482422,138.6699981689453,133.5800018310547,134.3000030517578,1945200
2018-01-09,120.690185546875,135.44000244140625,137.97999572753906,135.00999450683594,137.52000427246094,1198100
2018-01-10,118.48031616210938,132.9600067138672,135.25,132.2899932861328,135.11000061035156,884600
2018-01-11,120.02189636230469,134.69000244140625,134.75999450683594,132.60000610351562,133.3000030517578,838400
2018-01-12,118.97930908203125,133.52000427246094,135.80999755859375,133.08999633789062,135.3300018310547,990100
2018-01-16,114.06044006347656,128.0,134.8699951171875,125.69999694824219,134.11000061035156,2879600
2018-01-17,113.12480926513672,126.94999694824219,129.4499969482422,126.0,129.1999969482422,2017000
2018-01-18,105.06928253173828,117.91000366210938,118.75,112.54000091552734,115.19999694824219,8622300
2018-01-19,103.37619018554688,116.01000213623047,119.4000015258789,115.5,118.9000015258789,4275100
2018-01-22,101.16629028320312,113.52999877929688,115.93000030517578,113.05999755859375,115.77999877929688,3648000
2018-01-23,100.69398498535156,113.0,115.0,112.12000274658203,114.30999755859375,2972100
2018-01-24,100.15934753417969,112.4000015258789,114.16000366210938,112.04000091552734,114.0,2727500
2018-01-25,104.16926574707031,116.9000015258789,116.94000244140625,112.66000366210938,112.66000366210938,2499800
2018-01-26,101.95042419433594,114.41000366210938,117.81999969482422,114.01000213623047,117.0,1916700
2018-01-29,99.51773071289062,111.68000030517578,114.45999908447266,111.30999755859375,114.2300033569336,2250800
2018-01-30,99.24153137207031,111.37000274658203,113.73999786376953,111.05000305175781,112.37999725341797,2146000
2018-01-31,99.43756103515625,111.58999633789062,112.08000183105469,110.25,111.8499984741211,2606200
2018-02-01,97.30779266357422,109.19999694824219,111.56999969482422,108.95999908447266,110.91999816894531,1961800
2018-02-02,94.01968383789062,105.51000213623047,109.12000274658203,104.91999816894531,108.5199966430664,2738600
2018-02-05,93.6988525390625,105.1500015258789,109.9000015258789,102.8499984741211,104.27999877929688,3838000
2018-02-06,95.82861328125,107.54000091552734,108.5199966430664,103.30999755859375,103.51000213623047,2903900
2018-02-07,95.0177001953125,106.62999725341797,109.4800033569336,106.55999755859375,107.45999908447266,1668300
2018-02-08,93.72561645507812,105.18000030517578,108.69999694824219,105.13999938964844,106.94000244140625,2377500
2018-02-09,95.98897552490234,107.72000122070312,108.70999908447266,103.75,106.0,2573800
2018-02-12,99.43756103515625,111.58999633789062,112.1500015258789,109.01000213623047,109.27999877929688,2637100
2018-02-13,96.6395034790039,108.44999694824219,112.5999984741211,108.08000183105469,111.5999984741211,2763500
2018-02-14,99.55338287353516,111.72000122070312,112.16000366210938,106.62999725341797,107.18000030517578,2051700
2018-02-15,102.128662109375,114.61000061035156,114.6500015258789,111.37999725341797,112.43000030517578,1760200
2018-02-16,100.01676177978516,112.23999786376953,114.58999633789062,111.95999908447266,114.36000061035156,1668900
2018-02-20,102.10193634033203,114.58000183105469,115.38999938964844,112.0,112.0,1431700
2018-02-21,100.7029037475586,113.01000213623047,116.5,112.87000274658203,115.3499984741211,1775000
2018-02-22,101.29993438720703,113.68000030517578,114.75,113.16000366210938,113.87999725341797,1021900
2018-02-23,105.81781005859375,118.75,118.83000183105469,115.61000061035156,115.83999633789062,2142300
2018-02-26,98.10980224609375,110.0999984741211,114.9000015258789,107.12000274658203,114.3499984741211,7152000
2018-02-27,99.41973114013672,111.56999969482422,113.0999984741211,110.55999755859375,110.55999755859375,2665700
2018-02-28,89.49288940429688,100.43000030517578,112.9000015258789,98.93000030517578,112.5999984741211,6717200
2018-03-01,85.55423736572266,96.01000213623047,101.30999755859375,94.69999694824219,101.2699966430664,7170800
2018-03-02,84.67203521728516,95.0199966430664,95.8499984741211,90.48999786376953,95.69000244140625,5718000
2018-03-05,85.93741607666016,96.44000244140625,97.66000366210938,93.5,94.22000122070312,2503300
2018-03-06,89.2344741821289,100.13999938964844,100.88999938964844,97.79000091552734,98.4000015258789,3587400
2018-03-07,89.15428924560547,100.05000305175781,100.62000274658203,98.58000183105469,99.0,1567900
2018-03-08,88.46813201904297,99.27999877929688,101.3499984741211,98.6500015258789,100.16000366210938,1274400
2018-03-09,90.67803192138672,101.76000213623047,102.41999816894531,99.08000183105469,99.70999908447266,1510000
2018-03-12,91.77409362792969,102.98999786376953,103.97000122070312,101.5999984741211,101.98999786376953,1509000
2018-03-13,91.89881896972656,103.12999725341797,104.38999938964844,102.55000305175781,103.0,1373100
2018-03-14,89.69515228271484,100.33000183105469,104.30999755859375,100.0999984741211,103.12999725341797,1965700
2018-03-15,87.6747055053711,98.06999969482422,100.93000030517578,97.8499984741211,100.52999877929688,1506900
2018-03-16,87.94290924072266,98.37000274658203,98.80999755859375,96.5,97.91000366210938,2101800
2018-03-19,86.6376724243164,96.91000366210938,98.0,95.80999755859375,97.56999969482422,1186300
2018-03-20,85.21620178222656,95.31999969482422,96.95999908447266,94.0,96.95999908447266,3660000
2018-03-21,87.1383056640625,97.47000122070312,98.7699966430664,94.61000061035156,95.68000030517578,1780300
2018-03-22,84.13444519042969,94.11000061035156,97.69999694824219,94.05000305175781,96.30999755859375,1536200
2018-03-23,83.3566665649414,93.23999786376953,95.58000183105469,93.02999877929688,94.0,1356700
2018-03-26,84.35795593261719,94.36000061035156,95.33000183105469,93.13999938964844,94.56999969482422,1691600
2018-03-27,83.52653503417969,93.43000030517578,95.75,92.80999755859375,94.77999877929688,1644700
2018-03-28,80.06673431396484,89.55999755859375,93.83999633789062,89.27999877929688,93.43000030517578,2906300
2018-03-29,82.90966033935547,92.73999786376953,93.69000244140625,90.05000305175781,90.45999908447266,2275700
2018-04-02,79.53036499023438,88.95999908447266,92.44999694824219,88.62999725341797,92.05000305175781,1919800
2018-04-03,80.83558654785156,90.41999816894531,90.6500015258789,87.55999755859375,89.58000183105469,1883800
2018-04-04,81.89051818847656,91.5999984741211,91.63999938964844,86.75,87.77999877929688,2280800
2018-04-05,85.6185073852539,95.7699966430664,98.48999786376953,91.86000061035156,92.27999877929688,2884300
2018-04-06,82.06930541992188,91.80000305175781,95.62000274658203,91.2300033569336,94.51000213623047,2707900
2018-04-09,81.55078125,91.22000122070312,92.7699966430664,90.77999877929688,92.7699966430664,1161400
2018-04-10,82.5431137084961,92.33000183105469,93.62999725341797,91.68000030517578,92.87000274658203,1453300
2018-04-11,83.41926574707031,93.30999755859375,93.98999786376953,91.20999908447266,91.83999633789062,1072800
2018-04-12,83.49079132080078,93.38999938964844,94.08999633789062,92.31999969482422,93.6500015258789,1185400
2018-04-13,85.37712097167969,95.5,96.44000244140625,94.44000244140625,96.13999938964844,1999300
2018-04-16,86.60189819335938,96.87000274658203,97.56999969482422,94.54000091552734,96.44999694824219,1415800
2018-04-17,86.38733673095703,96.62999725341797,97.95999908447266,95.83999633789062,97.63999938964844,1164200
2018-04-18,88.3183822631836,98.79000091552734,99.77999877929688,97.05000305175781,97.26000213623047,1145700
2018-04-19,88.13957214355469,98.58999633789062,99.69999694824219,96.91999816894531,99.0,1526400
2018-04-20,87.38861846923828,97.75,98.31999969482422,97.11000061035156,98.2300033569336,912300
2018-04-23,87.02207946777344,97.33999633789062,98.5,97.02999877929688,97.66999816894531,804900
2018-04-24,85.6274185180664,95.77999877929688,98.5,94.11000061035156,97.8499984741211,1328600
2018-04-25,85.34134674072266,95.45999908447266,96.22000122070312,94.4800033569336,95.80000305175781,870800
2018-04-26,86.31583404541016,96.55000305175781,97.30999755859375,94.55999755859375,95.83999633789062,1030400
2018-04-27,86.67342376708984,96.94999694824219,97.66000366210938,96.13999938964844,96.41000366210938,857100
2018-04-30,86.682373046875,96.95999908447266,98.83999633789062,96.70999908447266,96.95999908447266,1441900
2018-05-01,87.27239990234375,97.62000274658203,97.62000274658203,95.66000366210938,96.2699966430664,1221600
2018-05-02,87.46907806396484,97.83999633789062,99.7699966430664,97.55999755859375,97.5999984741211,1398300
2018-05-03,87.51380157470703,97.88999938964844,99.23999786376953,96.51000213623047,97.8499984741211,1384000
2018-05-04,89.45376586914062,100.05999755859375,100.77999877929688,97.5199966430664,97.61000061035156,1294300
2018-05-07,89.49846649169922,100.11000061035156,102.37999725341797,99.69000244140625,100.11000061035156,1388200
2018-05-08,90.0438232421875,100.72000122070312,101.38999938964844,99.5,100.0,1680600
2018-05-09,90.96460723876953,101.75,102.7699966430664,100.16999816894531,101.72000122070312,1934900
2018-05-10,87.96077728271484,98.38999938964844,101.88999938964844,96.63999938964844,101.45999908447266,3860700
2018-05-11,88.09488677978516,98.54000091552734,99.02999877929688,97.76000213623047,98.0,1683200
2018-05-14,88.72068786621094,99.23999786376953,101.12999725341797,98.9800033569336,99.30000305175781,1525200
2018-05-15,90.124267578125,100.80999755859375,101.75,98.02999877929688,99.08000183105469,1728400
2018-05-16,91.50101470947266,102.3499984741211,102.9000015258789,101.06999969482422,101.1500015258789,1545800
2018-05-17,93.69132995605469,104.80000305175781,105.87000274658203,102.5,102.62000274658203,2770400
2018-05-18,93.79861450195312,104.91999816894531,106.30000305175781,104.1500015258789,105.0,2305800
2018-05-21,93.03871154785156,104.06999969482422,106.4000015258789,103.51000213623047,105.5,1853900
2018-05-22,91.49209594726562,102.33999633789062,105.13999938964844,102.12999725341797,104.54000091552734,1034200
2018-05-23,91.04509735107422,101.83999633789062,102.25,100.80000305175781,101.33999633789062,907200
2018-05-24,84.947998046875,95.0199966430664,99.97000122070312,94.94999694824219,99.58000183105469,3516900
2018-05-25,84.76920318603516,94.81999969482422,95.30999755859375,93.37000274658203,94.4000015258789,1741900
2018-05-29,83.16893768310547,93.02999877929688,94.79000091552734,92.61000061035156,94.58000183105469,1612200
2018-05-30,83.66956329345703,93.58999633789062,94.44999694824219,93.0,93.58999633789062,1241000
2018-05-31,83.56230163574219,93.47000122070312,94.31999969482422,93.25,93.55999755859375,1430000
2018-06-01,84.26853942871094,94.26000213623047,95.08000183105469,93.5,93.5,1242800
2018-06-04,84.42948150634766,94.44000244140625,95.0,93.83000183105469,94.56999969482422,962300
2018-06-05,84.61720275878906,94.6500015258789,95.33999633789062,94.29000091552734,94.5,973300
2018-06-06,85.52908325195312,95.66999816894531,95.68000030517578,93.94999694824219,94.80000305175781,1738000
2018-06-07,85.1268081665039,95.22000122070312,96.43000030517578,94.69000244140625,95.63999938964844,887500
2018-06-08,85.26089477539062,95.37000274658203,95.80000305175781,94.63999938964844,95.19999694824219,1044200
2018-06-11,85.26089477539062,95.37000274658203,96.37999725341797,94.62999725341797,95.44999694824219,815800
2018-06-12,85.59166717529297,95.73999786376953,97.75,95.36000061035156,97.11000061035156,1584600
2018-06-13,84.19703674316406,94.18000030517578,96.02999877929688,94.0999984741211,95.83000183105469,1598200
2018-06-14,84.03105926513672,93.66000366210938,94.97000122070312,93.3499984741211,94.19000244140625,1148200
2018-06-15,83.73499298095703,93.33000183105469,93.62000274658203,92.19999694824219,93.12999725341797,1698900
2018-06-18,83.3222885131836,92.87000274658203,93.13999938964844,92.27999877929688,93.11000061035156,1675600
2018-06-19,82.00341796875,91.4000015258789,91.87000274658203,90.23999786376953,91.80999755859375,1841100
2018-06-20,82.19180297851562,91.61000061035156,92.62999725341797,91.30999755859375,92.08000183105469,1333700
2018-06-21,82.51478576660156,91.97000122070312,92.55999755859375,91.25,91.41000366210938,1319600
2018-06-22,83.85161590576172,93.45999908447266,93.62000274658203,92.16000366210938,92.37999725341797,1380200
2018-06-25,82.50581359863281,91.95999908447266,94.97000122070312,91.29000091552734,93.6500015258789,1414900
2018-06-26,83.00825500488281,92.5199966430664,93.0999984741211,91.88999938964844,92.33000183105469,1070700
2018-06-27,83.80675506591797,93.41000366210938,96.33000183105469,93.2699966430664,93.73999786376953,1967800
2018-06-28,84.01311492919922,93.63999938964844,93.76000213623047,92.5,93.25,943700
2018-06-29,84.63217163085938,94.33000183105469,96.94999694824219,93.80000305175781,94.12999725341797,1768400
2018-07-02,83.86956787109375,93.4800033569336,94.79000091552734,92.9800033569336,93.94000244140625,1182400
2018-07-03,86.6867446899414,96.62000274658203,97.81999969482422,95.87999725341797,96.66000366210938,1726500
2018-07-05,85.03590393066406,94.77999877929688,97.37000274658203,93.30000305175781,96.87999725341797,1850900
2018-07-06,85.7177734375,95.54000091552734,96.2699966430664,93.83999633789062,94.37999725341797,1171900
2018-07-09,86.11256408691406,95.9800033569336,96.5199966430664,95.4800033569336,95.75,1003600
2018-07-10,85.96002197265625,95.80999755859375,96.83999633789062,95.04000091552734,95.9800033569336,1124600
2018-07-11,84.9461898803711,94.68000030517578,95.20999908447266,94.0999984741211,95.0,1173300
2018-07-12,85.54732513427734,95.3499984741211,96.29000091552734,94.87000274658203,95.97000122070312,996500
2018-07-13,85.74468994140625,95.56999969482422,96.0,94.86000061035156,95.5,847300
2018-07-16,85.1974105834961,94.95999908447266,95.70999908447266,94.66999816894531,95.48999786376953,2343000
2018-07-17,87.00077056884766,96.97000122070312,97.29000091552734,94.5,94.8499984741211,1103900
2018-07-18,86.79440307617188,96.73999786376953,97.86000061035156,96.05999755859375,96.91000366210938,1394600
2018-07-19,86.31888580322266,96.20999908447266,96.55000305175781,95.04000091552734,95.98999786376953,976000
2018-07-20,84.24638366699219,93.9000015258789,95.70999908447266,93.55999755859375,95.66000366210938,1803800
2018-07-23,81.57276153564453,90.91999816894531,93.73999786376953,90.0199966430664,93.73999786376953,2490600
2018-07-24,81.55481719970703,90.9000015258789,92.43000030517578,90.66000366210938,91.83999633789062,1318400
2018-07-25,82.35331726074219,91.79000091552734,91.93000030517578,90.30999755859375,90.54000091552734,1115600
2018-07-26,83.49274444580078,93.05999755859375,93.43000030517578,91.12999725341797,91.9000015258789,1209000
2018-07-27,83.67215728759766,93.26000213623047,94.13999938964844,92.01000213623047,93.2699966430664,889900
2018-07-30,82.91854858398438,92.41999816894531,93.26000213623047,91.62000274658203,93.26000213623047,1272200
2018-07-31,84.51554107666016,94.19999694824219,94.52999877929688,92.30999755859375,92.62999725341797,989500
2018-08-01,81.65351104736328,91.01000213623047,94.16000366210938,90.08999633789062,94.0,1763100
2018-08-02,82.55966186523438,92.0199966430664,92.36000061035156,90.08000183105469,90.6500015258789,1494900
2018-08-03,83.0890121459961,92.61000061035156,92.91000366210938,91.80999755859375,92.26000213623047,786700
2018-08-06,83.13386535644531,92.66000366210938,92.93000030517578,91.87999725341797,92.30000305175781,1110100
2018-08-07,83.26844024658203,92.80999755859375,93.7300033569336,92.5999984741211,93.0,1603600
2018-08-08,88.61572265625,98.7699966430664,100.48999786376953,96.5199966430664,97.41000366210938,5215100
2018-08-09,90.401123046875,100.76000213623047,103.11000061035156,98.62000274658203,99.1500015258789,3463900
2018-08-10,88.37345123291016,98.5,100.80000305175781,98.20999908447266,100.05000305175781,1340100
2018-08-13,85.79853057861328,95.62999725341797,98.41999816894531,95.55000305175781,98.12999725341797,2108700
2018-08-14,87.3237533569336,97.33000183105469,97.41999816894531,95.5999984741211,95.75,1152900
2018-08-15,85.7177734375,95.54000091552734,96.69999694824219,93.54000091552734,96.16999816894531,1930600
2018-08-16,87.08149719238281,97.05999755859375,98.1500015258789,96.48999786376953,96.48999786376953,1116900
2018-08-17,85.62806701660156,95.44000244140625,96.72000122070312,94.27999877929688,96.61000061035156,1334900
2018-08-20,85.7177734375,95.54000091552734,96.33000183105469,95.31999969482422,95.5999984741211,1129700
2018-08-21,85.08975982666016,94.83999633789062,95.61000061035156,94.44000244140625,95.47000122070312,1384300
2018-08-22,84.8116226196289,94.52999877929688,95.3499984741211,94.30000305175781,95.0,1236100
2018-08-23,84.1297607421875,93.7699966430664,94.5999984741211,92.41000366210938,94.5,3337400
2018-08-24,86.1304931640625,96.0,96.9800033569336,94.0,94.26000213623047,1612700
2018-08-27,86.92897033691406,96.88999938964844,97.98999786376953,96.0999984741211,96.30000305175781,883900
2018-08-28,86.9738540649414,96.94000244140625,98.11000061035156,96.37999725341797,96.94000244140625,1058300
2018-08-29,86.77645111083984,96.72000122070312,97.22000122070312,95.58000183105469,96.80000305175781,753800
2018-08-30,85.27818298339844,95.05000305175781,96.45999908447266,94.55999755859375,96.19000244140625,985200
2018-08-31,85.6998291015625,95.5199966430664,96.43000030517578,94.44999694824219,94.70999908447266,762900
2018-09-04,86.6418685913086,96.56999969482422,97.58000183105469,95.01000213623047,97.0,1488400
2018-09-05,86.53424072265625,96.44999694824219,96.86000061035156,95.05999755859375,96.56999969482422,1333800
2018-09-06,87.61981201171875,97.66000366210938,98.48999786376953,96.63999938964844,96.69000244140625,1355700
2018-09-07,87.1981430053711,97.19000244140625,97.97000122070312,95.77999877929688,96.9000015258789,1280100
2018-09-10,87.37760162353516,97.38999938964844,97.91999816894531,96.83000183105469,97.41999816894531,1227000
2018-09-11,88.67851257324219,98.83999633789062,99.45999908447266,96.38999938964844,97.08000183105469,1536400
2018-09-12,89.23477172851562,99.45999908447266,100.08000183105469,98.1500015258789,98.81999969482422,1221000
2018-09-13,90.57157897949219,100.61000061035156,101.23999786376953,99.5999984741211,99.86000061035156,1415100
2018-09-14,90.8326644897461,100.9000015258789,101.55000305175781,99.47000122070312,100.87000274658203,1250400
2018-09-17,92.22803497314453,102.44999694824219,103.48999786376953,100.62999725341797,100.9000015258789,1769500
2018-09-18,92.77714538574219,103.05999755859375,103.18000030517578,101.2300033569336,102.44999694824219,1301500
2018-09-19,94.96470642089844,105.48999786376953,106.3499984741211,103.33999633789062,103.3499984741211,1644800
2018-09-20,95.96395874023438,106.5999984741211,107.0,105.41000366210938,105.5999984741211,1523400
2018-09-21,94.90169525146484,105.41999816894531,107.41999816894531,104.54000091552734,106.97000122070312,2066900
2018-09-24,94.4695816040039,104.94000244140625,106.0999984741211,104.45999908447266,105.13999938964844,1230600
2018-09-25,92.30003356933594,102.52999877929688,105.44999694824219,102.31999969482422,105.30000305175781,1454700
2018-09-26,91.21076965332031,101.31999969482422,102.58000183105469,101.12999725341797,102.08000183105469,1491500
2018-09-27,90.87767028808594,100.94999694824219,101.76000213623047,99.7300033569336,101.41000366210938,1079100
2018-09-28,89.82442474365234,99.77999877929688,101.16000366210938,99.72000122070312,100.73999786376953,1421000
2018-10-01,90.7786636352539,100.83999633789062,101.12999725341797,100.0999984741211,100.66999816894531,758200
2018-10-02,91.68789672851562,101.8499984741211,102.01000213623047,100.56999969482422,101.13999938964844,1035500
2018-10-03,93.65937042236328,104.04000091552734,105.0,101.7699966430664,102.02999877929688,1352400
2018-10-04,93.8214340209961,104.22000122070312,104.70999908447266,102.61000061035156,104.0,1168100
2018-10-05,92.77714538574219,103.05999755859375,105.25,101.97000122070312,104.16000366210938,1521000
2018-10-08,92.0479965209961,102.25,102.5199966430664,100.52999877929688,102.12999725341797,2145400
2018-10-09,87.5738754272461,97.27999877929688,101.19999694824219,96.97000122070312,101.19999694824219,2716200
2018-10-10,86.12448120117188,95.66999816894531,97.3499984741211,95.4800033569336,97.23999786376953,1833300
2018-10-11,84.9451904296875,94.36000061035156,96.4000015258789,94.02999877929688,94.5999984741211,1614000
2018-10-12,85.60234832763672,95.08999633789062,96.12000274658203,94.11000061035156,95.58000183105469,1048200
2018-10-15,86.46659088134766,96.05000305175781,96.70999908447266,95.0999984741211,95.16000366210938,759200
2018-10-16,87.44783020019531,97.13999938964844,97.41999816894531,95.4000015258789,96.47000122070312,993400
2018-10-17,86.70964050292969,96.31999969482422,97.36000061035156,96.08999633789062,96.4800033569336,1183100
2018-10-18,86.12448120117188,95.66999816894531,96.8499984741211,94.55000305175781,96.23999786376953,1202400
2018-10-19,86.08848571777344,95.62999725341797,96.29000091552734,95.06999969482422,95.55999755859375,880100
2018-10-22,87.55586242675781,97.26000213623047,98.0199966430664,95.37999725341797,96.2699966430664,1317800
2018-10-23,86.56562805175781,96.16000366210938,96.77999877929688,93.76000213623047,95.62999725341797,1497800
2018-10-24,84.29705047607422,93.63999938964844,96.41000366210938,93.4800033569336,96.2699966430664,1538100
2018-10-25,85.89045715332031,95.41000366210938,95.56999969482422,93.68000030517578,94.37000274658203,1135900
2018-10-26,85.73741149902344,95.23999786376953,95.7699966430664,92.6500015258789,94.01000213623047,1621200
2018-10-29,85.66539001464844,95.16000366210938,97.9000015258789,93.95999908447266,96.5,1448600
2018-10-30,87.42982482910156,97.12000274658203,97.37000274658203,93.68000030517578,95.0,1305700
2018-10-31,89.32027435302734,99.22000122070312,100.25,97.87999725341797,98.08999633789062,2166800
2018-11-01,94.90169525146484,105.41999816894531,105.83999633789062,100.0,100.37999725341797,2981900
2018-11-02,95.81991577148438,106.44000244140625,108.47000122070312,105.58999633789062,105.80999755859375,1710800
2018-11-05,95.61286926269531,106.20999908447266,106.8499984741211,104.98999786376953,106.12000274658203,829800
2018-11-06,97.03521728515625,107.79000091552734,107.88999938964844,106.0999984741211,106.25,1222100
2018-11-07,97.21528625488281,107.98999786376953,108.73999786376953,106.66000366210938,108.0,1751800
2018-11-08,95.30679321289062,105.87000274658203,107.0,101.5999984741211,104.30000305175781,2643900
2018-11-09,92.16499328613281,102.37999725341797,104.5,100.48999786376953,104.0,1455000
2018-11-12,88.2850112915039,98.06999969482422,102.27999877929688,97.94999694824219,102.26000213623047,1241600
2018-11-13,89.30229187011719,99.19999694824219,100.93000030517578,98.33000183105469,98.37999725341797,1453900
2018-11-14,89.96846771240234,99.94000244140625,101.0199966430664,99.47000122070312,100.0,785700
2018-11-15,92.45307922363281,102.69999694824219,103.37000274658203,99.06999969482422,99.7300033569336,1139600
2018-11-16,90.90469360351562,100.9800033569336,102.79000091552734,99.86000061035156,102.0999984741211,1379700
2018-11-19,89.67137908935547,99.61000061035156,102.19999694824219,99.30999755859375,100.63999938964844,981100
2018-11-20,86.18750762939453,95.73999786376953,98.13999938964844,95.04000091552734,97.86000061035156,1643800
2018-11-21,85.98945617675781,95.5199966430664,96.66999816894531,93.29000091552734,96.01000213623047,1202700
2018-11-23,87.11473083496094,96.7699966430664,98.08000183105469,94.62000274658203,94.94999694824219,482900
2018-11-26,86.97071075439453,96.61000061035156,98.01000213623047,95.88999938964844,97.33999633789062,977600
2018-11-27,85.90845489501953,95.43000030517578,96.94999694824219,94.62000274658203,95.66000366210938,1014200
2018-11-28,86.97970581054688,96.62000274658203,96.69000244140625,94.02999877929688,95.1500015258789,1093400
2018-11-29,86.79966735839844,96.41999816894531,96.87000274658203,94.38999938964844,96.69999694824219,894300
2018-11-30,86.70964050292969,96.31999969482422,97.29000091552734,95.22000122070312,96.0,1037800
2018-12-03,88.63612365722656,98.45999908447266,100.36000061035156,97.5999984741211,98.58999633789062,1698000
2018-12-04,83.8919448852539,93.19000244140625,99.81999969482422,93.01000213623047,98.18000030517578,2421500
2018-12-06,82.09150695800781,91.19000244140625,92.04000091552734,88.0199966430664,92.04000091552734,2034900
2018-12-07,79.80493927001953,88.6500015258789,92.2300033569336,88.08000183105469,91.31999969482422,1523500
2018-12-10,80.15602111816406,89.04000091552734,89.80999755859375,87.25,88.9800033569336,1088000
2018-12-11,80.1920166015625,89.08000183105469,92.08999633789062,88.70999908447266,91.02999877929688,1060200
2018-12-12,79.92195129394531,88.77999877929688,90.54000091552734,88.70999908447266,90.2699966430664,973000
2018-12-13,79.46561431884766,87.94000244140625,89.0999984741211,87.22000122070312,88.5999984741211,955700
2018-12-14,76.78184509277344,84.97000122070312,87.63999938964844,84.01000213623047,87.06999969482422,1719900
2018-12-17,72.7516098022461,80.51000213623047,84.61000061035156,79.69999694824219,84.52999877929688,2762400
2018-12-18,73.22149658203125,81.02999877929688,82.66999816894531,80.63999938964844,81.22000122070312,1690000
2018-12-19,72.11002349853516,79.80000305175781,82.63999938964844,79.06999969482422,81.33000183105469,1764700
2018-12-20,68.82081604003906,76.16000366210938,78.13999938964844,73.66999816894531,77.55999755859375,4684500
2018-12-21,67.62802124023438,74.83999633789062,77.66000366210938,74.5999984741211,76.33000183105469,2776000
2018-12-24,66.0827865600586,73.12999725341797,74.83000183105469,72.44000244140625,73.95999908447266,870200
2018-12-26,68.92923736572266,76.27999877929688,76.30999755859375,71.88999938964844,73.43000030517578,1500300
2018-12-27,69.77864074707031,77.22000122070312,77.30999755859375,74.0,75.27999877929688,1657000
2018-12-28,69.34490203857422,76.73999786376953,78.38999938964844,76.11000061035156,77.58000183105469,1202500
2018-12-31,69.64310455322266,77.06999969482422,77.75,76.02999877929688,77.0,1040100
2019-01-02,70.58289337158203,78.11000061035156,79.02999877929688,75.12999725341797,75.80000305175781,1052300
2019-01-03,65.68519592285156,72.69000244140625,76.87999725341797,72.58000183105469,76.8499984741211,1968100
2019-01-04,68.89308166503906,76.23999786376953,77.27999877929688,74.37000274658203,74.56999969482422,2089500
2019-01-07,69.20033264160156,76.58000183105469,77.13999938964844,75.3499984741211,76.29000091552734,1413300
2019-01-08,69.87803649902344,77.33000183105469,77.70999908447266,76.5999984741211,77.27999877929688,1622800
2019-01-09,69.4352798461914,76.83999633789062,78.08000183105469,75.93000030517578,77.77999877929688,1113900
2019-01-10,69.82382202148438,77.2699966430664,77.9800033569336,75.54000091552734,76.2300033569336,1929400
2019-01-11,69.95036315917969,77.41000366210938,77.8499984741211,75.37000274658203,76.72000122070312,1526200
2019-01-14,69.552734375,76.97000122070312,77.4800033569336,76.08999633789062,76.5999984741211,1374900
2019-01-15,66.54362487792969,73.63999938964844,76.0199966430664,73.12999725341797,74.97000122070312,2128200
2019-01-16,66.80569458007812,73.93000030517578,74.93000030517578,73.5,73.91999816894531,2634300
2019-01-17,68.03462982177734,75.29000091552734,75.7300033569336,73.55000305175781,73.83999633789062,2020800
2019-01-18,69.24554443359375,76.62999725341797,77.25,75.7699966430664,75.83000183105469,1457300
2019-01-22,68.10691833496094,75.37000274658203,75.70999908447266,74.0999984741211,75.48999786376953,1435800
2019-01-23,66.79668426513672,73.91999816894531,75.83999633789062,73.4800033569336,75.63999938964844,1271100
2019-01-24,66.88701629638672,74.0199966430664,75.19000244140625,73.6500015258789,73.97000122070312,1660300
2019-01-25,69.20033264160156,76.58000183105469,77.36000061035156,75.58999633789062,75.77999877929688,2234900
2019-01-28,69.6611557006836,77.08999633789062,77.54000091552734,76.0199966430664,76.2300033569336,1273500
2019-01-29,70.77265930175781,78.31999969482422,78.77999877929688,77.48999786376953,77.48999786376953,1815100
2019-01-30,72.48052978515625,80.20999908447266,80.47000122070312,78.3499984741211,79.08999633789062,1592500
2019-01-31,72.95040893554688,80.7300033569336,81.55000305175781,79.5999984741211,80.73999786376953,1971400
2019-02-01,73.46548461914062,81.30000305175781,81.88999938964844,80.51000213623047,80.88999938964844,969200
2019-02-04,74.04379272460938,81.94000244140625,82.0,80.97000122070312,81.30000305175781,885100
2019-02-05,73.48355102539062,81.31999969482422,81.94000244140625,80.13999938964844,81.25,1410600
2019-02-06,74.26970672607422,82.19000244140625,82.87999725341797,80.8499984741211,80.93000030517578,1154500
2019-02-07,72.86908721923828,80.63999938964844,81.77999877929688,79.29000091552734,81.37000274658203,1222800
2019-02-08,73.20342254638672,81.01000213623047,81.02999877929688,79.5199966430664,79.83000183105469,712500
2019-02-11,73.06788635253906,80.86000061035156,81.88999938964844,80.30999755859375,81.56999969482422,659900
2019-02-12,72.69740295410156,80.44999694824219,80.88999938964844,78.41999816894531,80.33999633789062,1947500
2019-02-13,73.85403442382812,81.7300033569336,82.16000366210938,80.95999908447266,81.0199966430664,886600
2019-02-14,72.6702880859375,80.41999816894531,81.86000061035156,80.4000015258789,81.41000366210938,1362500
2019-02-15,73.52874755859375,81.37000274658203,81.80000305175781,80.33000183105469,81.80000305175781,1549800
2019-02-19,75.11912536621094,83.12999725341797,83.47000122070312,80.41999816894531,81.05000305175781,1616100
2019-02-20,74.82994842529297,82.80999755859375,84.16999816894531,82.73999786376953,83.31999969482422,1770900
2019-02-21,80.6584243774414,89.26000213623047,92.0,85.83000183105469,88.58999633789062,5503500
2019-02-22,80.58612823486328,89.18000030517578,89.9000015258789,88.01000213623047,89.83000183105469,1511000
2019-02-25,82.74581909179688,91.56999969482422,92.0,89.94000244140625,89.98999786376953,1607600
2019-02-26,82.23077392578125,91.0,92.29000091552734,90.86000061035156,91.22000122070312,1265400
2019-02-27,83.38738250732422,92.27999877929688,93.13999938964844,90.6500015258789,91.01000213623047,1128300
2019-02-28,82.49279022216797,91.29000091552734,92.18000030517578,90.91000366210938,92.18000030517578,1338800
2019-03-01,82.04096984863281,90.79000091552734,92.4800033569336,90.61000061035156,92.0,1320900
2019-03-04,79.96261596679688,88.48999786376953,91.0,87.0999984741211,91.0,1691500
2019-03-05,79.45658111572266,87.93000030517578,88.66000366210938,87.37000274658203,88.3499984741211,960800
2019-03-06,78.04690551757812,86.37000274658203,88.2300033569336,86.16000366210938,87.94999694824219,754600
2019-03-07,76.44746398925781,84.5999984741211,86.0,83.95999908447266,85.7300033569336,1296800
2019-03-08,74.97454833984375,82.97000122070312,83.23999786376953,80.80000305175781,83.13999938964844,1779500
2019-03-11,77.26978302001953,85.51000213623047,85.5199966430664,83.0999984741211,83.37000274658203,1016000
2019-03-12,77.23363494873047,85.47000122070312,86.12999725341797,85.04000091552734,85.86000061035156,850400
2019-03-13,77.90233612060547,86.20999908447266,86.86000061035156,85.62000274658203,86.02999877929688,1013400
2019-03-14,76.89317321777344,84.7300033569336,86.19999694824219,84.58000183105469,85.83000183105469,787300
2019-03-15,77.51935577392578,85.41999816894531,86.0,85.06999969482422,85.06999969482422,1498800
2019-03-18,78.43595123291016,86.43000030517578,86.44000244140625,85.0,85.58999633789062,759800
2019-03-19,77.34691619873047,85.2300033569336,87.3499984741211,84.87999725341797,87.3499984741211,891600
2019-03-20,76.6300048828125,84.44000244140625,85.33999633789062,83.91000366210938,85.25,734500
2019-03-21,77.60103607177734,85.51000213623047,86.11000061035156,84.26000213623047,84.44000244140625,916900
2019-03-22,75.06910705566406,82.72000122070312,85.38999938964844,82.51000213623047,85.0,890500
2019-03-25,74.03451538085938,81.58000183105469,82.25,80.8499984741211,82.13999938964844,1013400
2019-03-26,73.54446411132812,81.04000091552734,82.87000274658203,80.38999938964844,81.81999969482422,1568200
2019-03-27,72.73680877685547,80.1500015258789,81.3499984741211,79.80000305175781,81.05000305175781,1091900
2019-03-28,73.66244506835938,81.16999816894531,81.41999816894531,79.80000305175781,80.0,975000
2019-03-29,74.39753723144531,81.9800033569336,82.37000274658203,80.80999755859375,81.31999969482422,1794400
2019-04-01,76.41217803955078,84.19999694824219,84.55999755859375,82.43000030517578,82.43000030517578,1439100
2019-04-02,75.232421875,82.9000015258789,84.5,82.0199966430664,84.37000274658203,1782900
2019-04-03,76.42127990722656,84.20999908447266,84.55000305175781,83.38999938964844,83.72000122070312,1976500
2019-04-04,77.63732147216797,85.55000305175781,85.9800033569336,84.12000274658203,84.44999694824219,1544500
2019-04-05,78.17277526855469,86.13999938964844,86.62999725341797,85.41999816894531,85.86000061035156,1424500
2019-04-08,78.89877319335938,86.94000244140625,86.94999694824219,85.77999877929688,86.19999694824219,964300
2019-04-09,76.93856048583984,84.77999877929688,86.88999938964844,84.66999816894531,86.70999908447266,1484000
2019-04-10,77.63732147216797,85.55000305175781,85.80000305175781,84.13999938964844,84.87999725341797,821500
2019-04-11,75.06002044677734,82.70999908447266,85.30000305175781,82.62999725341797,85.19999694824219,1404700
2019-04-12,75.92215728759766,83.66000366210938,84.25,82.73999786376953,83.08000183105469,1090200
2019-04-15,74.65162658691406,82.26000213623047,83.62999725341797,81.98999786376953,83.58000183105469,1352400
2019-04-16,75.5137710571289,83.20999908447266,83.44999694824219,82.11000061035156,82.52999877929688,1399300
2019-04-17,74.50643920898438,82.0999984741211,85.20999908447266,82.0999984741211,83.86000061035156,1357500
2019-04-18,74.9329605102539,82.56999969482422,82.6500015258789,81.19000244140625,82.18000030517578,790800
2019-04-22,74.56998443603516,82.16999816894531,82.56999969482422,81.55999755859375,82.45999908447266,576400
2019-04-23,71.73854064941406,79.05000305175781,81.63999938964844,77.63999938964844,81.63999938964844,2307300
2019-04-24,69.6966323852539,76.80000305175781,79.68000030517578,76.68000030517578,79.0999984741211,1653900
2019-04-25,67.94515991210938,74.87000274658203,76.75,74.80000305175781,76.5999984741211,1545300
2019-04-26,68.5713119506836,75.55999755859375,75.86000061035156,73.56999969482422,74.69999694824219,1622300
2019-04-29,68.70744323730469,75.70999908447266,76.11000061035156,74.70999908447266,75.5,1191800
2019-04-30,68.1175765991211,75.05999755859375,76.30999755859375,74.93000030517578,75.8499984741211,1239900
2019-05-01,67.2191390991211,74.06999969482422,75.4000015258789,73.95999908447266,75.0,1045500
2019-05-02,69.05232238769531,76.08999633789062,76.16999816894531,73.25,73.87999725341797,2306400
2019-05-03,69.92350769042969,77.05000305175781,77.4000015258789,76.30999755859375,76.7699966430664,1515800
2019-05-06,69.92350769042969,77.05000305175781,77.22000122070312,75.08999633789062,75.66000366210938,1968300
2019-05-07,68.83448028564453,75.8499984741211,76.8499984741211,75.0999984741211,76.5199966430664,2447500
2019-05-08,65.86695861816406,72.58000183105469,73.4800033569336,71.2300033569336,72.02999877929688,3919100
2019-05-09,65.8941879272461,72.61000061035156,73.11000061035156,69.01000213623047,71.54000091552734,3164500
2019-05-10,65.9123306274414,72.62999725341797,73.05999755859375,70.19999694824219,72.7300033569336,2037100
2019-05-13,62.20970153808594,68.55000305175781,71.48999786376953,68.44999694824219,71.27999877929688,3315500
2019-05-14,63.7252311706543,70.22000122070312,70.55999755859375,68.76000213623047,68.86000061035156,1605800
2019-05-15,63.144439697265625,69.58000183105469,70.66999816894531,69.04000091552734,69.27999877929688,2012600
2019-05-16,62.99016189575195,69.41000366210938,70.41000366210938,69.22000122070312,70.0999984741211,1497200
2019-05-17,61.492759704589844,67.76000213623047,68.98999786376953,67.5999984741211,68.73999786376953,1406300
2019-05-20,61.51091384887695,67.77999877929688,68.16999816894531,67.05999755859375,67.55000305175781,1206300
2019-05-21,62.164337158203125,68.5,69.41000366210938,67.9000015258789,68.08999633789062,1100100
2019-05-22,61.67428970336914,67.95999908447266,68.61000061035156,67.86000061035156,68.08000183105469,734100
2019-05-23,60.20409393310547,66.33999633789062,67.22000122070312,65.9800033569336,66.5,2144900
2019-05-24,60.62155532836914,66.80000305175781,67.43000030517578,66.08000183105469,66.97000122070312,1544400
2019-05-28,61.19328689575195,67.43000030517578,67.80000305175781,66.5999984741211,67.06999969482422,1514500
2019-05-29,59.71403884887695,65.80000305175781,66.91999816894531,65.45999908447266,66.5,1783800
2019-05-30,59.505332946777344,65.56999969482422,66.5,65.30000305175781,65.5999984741211,1167400
2019-05-31,57.44527816772461,63.29999923706055,65.0,63.130001068115234,65.0,1593200
2019-06-03,59.033416748046875,65.05000305175781,65.12999725341797,63.099998474121094,63.209999084472656,2087900
2019-06-04,61.29310607910156,67.54000091552734,67.56999969482422,65.43000030517578,65.43000030517578,1452700
2019-06-05,61.13882827758789,67.37000274658203,68.30999755859375,66.13999938964844,68.30999755859375,1044400
2019-06-06,62.128013610839844,68.45999908447266,68.54000091552734,67.04000091552734,67.13999938964844,1177000
2019-06-07,62.690677642822266,69.08000183105469,69.63999938964844,68.25,68.97000122070312,1311800
2019-06-10,64.36956024169922,70.93000030517578,71.16000366210938,69.6500015258789,69.83000183105469,1278800
2019-06-11,66.63833618164062,73.43000030517578,73.8499984741211,71.7300033569336,72.23999786376953,2485400
2019-06-12,65.50395965576172,72.18000030517578,73.94000244140625,72.01000213623047,73.37000274658203,1366300
2019-06-13,66.36868286132812,72.76000213623047,72.77999877929688,71.5199966430664,72.0999984741211,920600
2019-06-14,64.65381622314453,70.87999725341797,72.8499984741211,70.54000091552734,72.7300033569336,966800
2019-06-17,64.98218536376953,71.23999786376953,71.86000061035156,69.7699966430664,70.69000244140625,1008100
2019-06-18,64.55348205566406,70.7699966430664,72.47000122070312,70.7300033569336,71.83999633789062,1230200
2019-06-19,62.884246826171875,68.94000244140625,71.16999816894531,68.16999816894531,71.12000274658203,1805400
2019-06-20,63.38593292236328,69.48999786376953,70.18000030517578,68.19999694824219,69.91999816894531,1999900
2019-06-21,62.3369255065918,68.33999633789062,69.12999725341797,67.25,69.01000213623047,1889800
2019-06-24,62.035911560058594,68.01000213623047,68.86000061035156,67.58000183105469,68.2699966430664,988000
2019-06-25,61.83523941040039,67.79000091552734,68.43000030517578,67.5199966430664,68.1500015258789,1372700
2019-06-26,63.08490753173828,69.16000366210938,69.4000015258789,68.01000213623047,68.22000122070312,1252100
2019-06-27,63.41328430175781,69.5199966430664,70.97000122070312,69.44000244140625,69.61000061035156,778900
2019-06-28,64.22508239746094,70.41000366210938,70.93000030517578,68.37000274658203,70.0,2059500
2019-07-01,64.15214538574219,70.33000183105469,71.79000091552734,69.73999786376953,71.19999694824219,932000
2019-07-02,63.732521057128906,69.87000274658203,70.68000030517578,69.4000015258789,70.68000030517578,682500
2019-07-03,65.25584411621094,71.54000091552734,71.5999984741211,69.87000274658203,70.19000244140625,626300
2019-07-05,64.31632995605469,70.51000213623047,71.33000183105469,69.97000122070312,71.25,732900
2019-07-08,64.02442932128906,70.19000244140625,71.12000274658203,69.55000305175781,70.43000030517578,787900
2019-07-09,64.41667938232422,70.62000274658203,70.63999938964844,69.52999877929688,69.75,926300
2019-07-10,64.2980728149414,70.48999786376953,70.93000030517578,69.80999755859375,70.93000030517578,1376500
2019-07-11,64.38015747070312,70.58000183105469,70.91999816894531,70.12000274658203,70.3499984741211,813300
2019-07-12,66.25009155273438,72.62999725341797,72.80999755859375,70.55999755859375,70.80000305175781,1272600
2019-07-15,66.05851745605469,72.41999816894531,73.01000213623047,71.05999755859375,72.83999633789062,975400
2019-07-16,66.63319396972656,73.05000305175781,73.2300033569336,71.47000122070312,72.0,1188200
2019-07-17,66.25920867919922,72.63999938964844,73.05000305175781,71.7300033569336,73.0199966430664,1101700
2019-07-18,66.58760833740234,73.0,73.4000015258789,72.37999725341797,72.4800033569336,736700
2019-07-19,67.92848205566406,74.47000122070312,75.16999816894531,73.01000213623047,73.26000213623047,1455300
2019-07-22,66.75177764892578,73.18000030517578,75.33000183105469,73.08000183105469,74.55000305175781,1548900
2019-07-23,68.02880096435547,74.58000183105469,74.79000091552734,73.26000213623047,73.76000213623047,818700
2019-07-24,68.89534759521484,75.52999877929688,75.91999816894531,74.06999969482422,74.3499984741211,856800
2019-07-25,68.05615997314453,74.61000061035156,75.05999755859375,73.94000244140625,74.91999816894531,781300
2019-07-26,68.02880096435547,74.58000183105469,75.02999877929688,73.37000274658203,74.61000061035156,930600
2019-07-29,66.66969299316406,73.08999633789062,74.66000366210938,72.9800033569336,74.37000274658203,1074900
2019-07-30,67.13488006591797,73.5999984741211,73.80000305175781,72.05999755859375,72.66999816894531,1056200
2019-07-31,66.5511245727539,72.95999908447266,74.3499984741211,72.37999725341797,73.4800033569336,1361500
2019-08-01,63.47713088989258,69.58999633789062,73.38999938964844,69.16999816894531,72.55000305175781,1568800
2019-08-02,62.64706802368164,68.68000030517578,70.05000305175781,67.44000244140625,68.98999786376953,1457500
2019-08-05,59.664306640625,65.41000366210938,67.19999694824219,64.3499984741211,67.19999694824219,2421400
2019-08-06,59.70079803466797,65.44999694824219,66.0,64.0999984741211,65.80000305175781,1731500
2019-08-07,61.65280532836914,67.58999633789062,68.01000213623047,64.51000213623047,64.5999984741211,2620800
2019-08-08,67.03455352783203,73.48999786376953,74.93000030517578,69.69000244140625,74.70999908447266,4385400
2019-08-09,64.07914733886719,70.25,72.33000183105469,69.4000015258789,71.9000015258789,2188000
2019-08-12,61.46125030517578,67.37999725341797,70.0199966430664,67.05999755859375,69.80000305175781,1516600
2019-08-13,62.43727111816406,68.44999694824219,71.18000030517578,66.80000305175781,67.4000015258789,1597200
2019-08-14,58.6427001953125,64.29000091552734,66.94999694824219,64.01000213623047,66.45999908447266,2087400
2019-08-15,56.243717193603516,61.65999984741211,64.33999633789062,61.2400016784668,64.33999633789062,2688300
2019-08-16,57.548091888427734,63.09000015258789,64.33999633789062,61.2400016784668,62.279998779296875,1666700
2019-08-19,59.21733856201172,64.91999816894531,65.33000183105469,63.939998626708984,64.20999908447266,1388200
2019-08-20,58.53322219848633,64.16999816894531,64.68000030517578,63.709999084472656,64.44999694824219,1091500
2019-08-21,60.12040710449219,65.91000366210938,66.29000091552734,64.69999694824219,65.31999969482422,1003800
2019-08-22,57.666683197021484,63.220001220703125,65.12000274658203,62.689998626708984,64.70999908447266,1850400
2019-08-23,54.68392562866211,59.95000076293945,62.689998626708984,59.709999084472656,62.56999969482422,1778100
2019-08-26,55.4683837890625,60.810001373291016,61.459999084472656,60.15999984741211,60.849998474121094,805200
2019-08-27,54.09101867675781,59.29999923706055,61.439998626708984,59.130001068115234,61.43000030517578,1066600
2019-08-28,54.109256744384766,59.31999969482422,59.7400016784668,58.630001068115234,59.060001373291016,2283800
2019-08-29,55.176490783691406,60.4900016784668,61.40999984741211,60.099998474121094,60.58000183105469,2307100
2019-08-30,56.30756378173828,61.72999954223633,63.27000045776367,61.290000915527344,61.290000915527344,1403500
2019-09-03,54.9393196105957,60.22999954223633,61.0,59.5099983215332,61.0,1372100
2019-09-04,55.92445755004883,61.310001373291016,61.97999954223633,60.86000061035156,61.599998474121094,898800
2019-09-05,57.43864822387695,62.970001220703125,63.40999984741211,62.33000183105469,62.33000183105469,1854400
2019-09-06,57.675804138183594,63.22999954223633,63.779998779296875,61.93000030517578,63.040000915527344,1023700
2019-09-09,59.61871337890625,65.36000061035156,65.44000244140625,63.279998779296875,63.4900016784668,1216400
2019-09-10,62.28219223022461,68.27999877929688,68.5,65.48999786376953,65.48999786376953,2358000
2019-09-11,63.1669921875,69.25,69.37999725341797,67.19999694824219,68.80000305175781,1839300
2019-09-12,63.53197479248047,69.27999877929688,69.95999908447266,67.81999969482422,69.19999694824219,986700
2019-09-13,63.53197479248047,69.27999877929688,70.41000366210938,68.19999694824219,69.88999938964844,1169900
2019-09-16,63.12846755981445,68.83999633789062,69.79000091552734,68.63999938964844,68.91999816894531,1003000
2019-09-17,62.13807678222656,67.76000213623047,68.66000366210938,67.20999908447266,68.19000244140625,1120500
2019-09-18,61.80793762207031,67.4000015258789,68.27999877929688,66.52999877929688,67.3499984741211,1131000
2019-09-19,62.624114990234375,68.29000091552734,68.47000122070312,66.70999908447266,67.4000015258789,1238600
2019-09-20,63.14680480957031,68.86000061035156,70.41999816894531,68.52999877929688,68.66999816894531,2741900
2019-09-23,62.559906005859375,68.22000122070312,69.41000366210938,67.6500015258789,67.97000122070312,990400
2019-09-24,62.25729751586914,67.88999938964844,68.70999908447266,66.97000122070312,68.5,1382700
2019-09-25,62.63327407836914,68.30000305175781,68.51000213623047,67.38999938964844,67.81999969482422,999500
2019-09-26,61.61538314819336,67.19000244140625,68.12999725341797,66.76000213623047,68.0999984741211,989000
2019-09-27,62.486549377441406,68.13999938964844,68.22000122070312,66.7699966430664,67.37000274658203,1667600
2019-09-30,63.75206756591797,69.5199966430664,69.87000274658203,67.98999786376953,68.25,1387800
2019-10-01,62.6424560546875,68.30999755859375,70.83999633789062,67.91000366210938,69.94999694824219,1721400
2019-10-02,61.04682540893555,66.56999969482422,67.47000122070312,66.0999984741211,67.37999725341797,1202800
2019-10-03,61.65205001831055,67.2300033569336,67.2300033569336,64.9000015258789,66.05000305175781,1122100
2019-10-04,60.81757354736328,66.31999969482422,67.33999633789062,65.94000244140625,67.05000305175781,974100
2019-10-07,60.23065948486328,65.68000030517578,66.5,64.66999816894531,65.87999725341797,1073600
2019-10-08,58.414947509765625,63.70000076293945,65.0,63.459999084472656,65.0,1148000
2019-10-09,58.32323455810547,63.599998474121094,64.7300033569336,62.77000045776367,64.36000061035156,1144100
2019-10-10,60.028907775878906,65.45999908447266,65.79000091552734,63.790000915527344,64.01000213623047,1093100
2019-10-11,63.192684173583984,68.91000366210938,69.30000305175781,66.25,66.52999877929688,1318400
2019-10-14,61.954681396484375,67.55999755859375,68.58000183105469,67.37000274658203,68.2300033569336,1194500
2019-10-15,62.23897171020508,67.87000274658203,68.7300033569336,67.12999725341797,67.9000015258789,803200
2019-10-16,61.97301483154297,67.58000183105469,68.93000030517578,67.45999908447266,67.86000061035156,721600
2019-10-17,62.559906005859375,68.22000122070312,69.08999633789062,67.75,68.3499984741211,1062800
2019-10-18,61.56034469604492,67.12999725341797,68.73999786376953,67.11000061035156,68.2300033569336,908400
2019-10-21,61.661224365234375,67.23999786376953,68.18000030517578,66.80999755859375,67.91000366210938,1153100
2019-10-22,61.24856948852539,66.79000091552734,67.87000274658203,64.87999725341797,67.23999786376953,1271000
2019-10-23,61.862972259521484,67.45999908447266,68.16000366210938,66.94000244140625,67.38999938964844,766400
2019-10-24,63.68787384033203,69.44999694824219,69.68000030517578,68.05999755859375,68.16999816894531,1374200
2019-10-25,58.31406021118164,63.59000015258789,65.48999786376953,62.5,63.790000915527344,5988000
2019-10-28,58.45161437988281,63.7400016784668,64.58000183105469,62.59000015258789,62.75,2780700
2019-10-29,57.800533294677734,63.029998779296875,64.4800033569336,62.75,63.45000076293945,2192200
2019-10-30,57.47038650512695,62.66999816894531,63.439998626708984,61.81999969482422,62.86000061035156,2227400
2019-10-31,55.70053482055664,60.7400016784668,62.5,60.20000076293945,62.310001373291016,2912300
2019-11-01,59.139381408691406,64.48999786376953,64.5,61.119998931884766,61.459999084472656,2339900
2019-11-04,62.08305740356445,67.69999694824219,67.76000213623047,65.0999984741211,65.16000366210938,2246900
2019-11-05,61.78044128417969,67.37000274658203,68.66000366210938,66.73999786376953,68.37000274658203,2004600
2019-11-06,61.18436813354492,66.72000122070312,67.83000183105469,66.22000122070312,66.79000091552734,2319200
2019-11-07,65.46690368652344,71.38999938964844,72.27999877929688,67.0,67.63999938964844,3003500
2019-11-08,62.33984375,67.9800033569336,69.58000183105469,66.20999908447266,69.4800033569336,3410000
2019-11-11,62.110565185546875,67.7300033569336,67.88999938964844,66.62000274658203,67.48999786376953,1164300
2019-11-12,59.891357421875,65.30999755859375,67.8499984741211,64.9800033569336,67.0,1820100
2019-11-13,59.77214813232422,65.18000030517578,65.47000122070312,63.369998931884766,63.720001220703125,1554000
2019-11-14,60.10228729248047,65.54000091552734,65.58999633789062,64.02999877929688,64.37000274658203,1079200
2019-11-15,60.65249252319336,66.13999938964844,67.37000274658203,65.62000274658203,66.0999984741211,1028800
2019-11-18,61.53284454345703,67.0999984741211,67.36000061035156,65.23999786376953,66.12000274658203,1190100
2019-11-19,60.945945739746094,66.45999908447266,67.76000213623047,65.45999908447266,67.76000213623047,926100
2019-11-20,59.652931213378906,65.05000305175781,66.54000091552734,64.73999786376953,65.70999908447266,1496800
2019-11-21,59.726287841796875,65.12999725341797,66.23999786376953,64.52999877929688,65.29000091552734,1386700
2019-11-22,59.515380859375,64.9000015258789,65.45999908447266,63.75,64.11000061035156,1147000
2019-11-25,59.73546600341797,65.13999938964844,65.9000015258789,64.66000366210938,65.11000061035156,1086300
2019-11-26,60.14811706542969,65.58999633789062,65.77999877929688,64.31999969482422,65.1500015258789,1417100
2019-11-27,60.06559371948242,65.5,65.94000244140625,64.73999786376953,65.7300033569336,930000
2019-11-29,59.955543518066406,65.37999725341797,65.8499984741211,64.91999816894531,65.31999969482422,440500
2019-12-02,59.64375305175781,65.04000091552734,66.81999969482422,64.97000122070312,65.66999816894531,1128200
2019-12-03,58.369083404541016,63.650001525878906,63.869998931884766,62.11000061035156,63.65999984741211,1559200
2019-12-04,57.699649810791016,62.91999816894531,65.19000244140625,62.88999938964844,64.19999694824219,1550100
2019-12-05,58.39658737182617,63.68000030517578,63.970001220703125,62.61000061035156,63.27000045776367,1379600
2019-12-06,58.96516418457031,64.30000305175781,64.9000015258789,63.619998931884766,64.29000091552734,1195900
2019-12-09,59.350311279296875,64.72000122070312,65.5,64.0,64.25,908900
2019-12-10,59.88218307495117,65.30000305175781,65.5199966430664,64.11000061035156,64.61000061035156,1020600
2019-12-11,60.22148895263672,65.66999816894531,66.05999755859375,65.01000213623047,65.33999633789062,1034600
2019-12-12,62.72801971435547,68.0199966430664,68.19999694824219,65.5999984741211,65.69999694824219,1771700
2019-12-13,61.44617462158203,66.62999725341797,68.44000244140625,66.31999969482422,68.2699966430664,1536000
2019-12-16,61.049625396728516,66.19999694824219,67.88999938964844,66.0,67.55999755859375,1431800
2019-12-17,63.419677734375,68.7699966430664,68.95999908447266,66.0,66.30000305175781,1525600
2019-12-18,63.53956985473633,68.9000015258789,69.54000091552734,68.58000183105469,68.9000015258789,1382100
2019-12-19,64.0467758178711,69.44999694824219,70.44000244140625,68.27999877929688,69.0,1945900
2019-12-20,64.88597869873047,70.36000061035156,70.98999786376953,69.56999969482422,70.37000274658203,2492200
2019-12-23,66.79492950439453,72.43000030517578,72.66000366210938,69.66999816894531,70.36000061035156,2011200
2019-12-24,66.69349670410156,72.31999969482422,72.95999908447266,72.02999877929688,72.41000366210938,640700
2019-12-26,66.85025787353516,72.48999786376953,72.5,71.69999694824219,72.33000183105469,730300
2019-12-27,66.40760040283203,72.01000213623047,72.93000030517578,71.81999969482422,72.55999755859375,741600
2019-12-30,66.3338394165039,71.93000030517578,72.8499984741211,71.69999694824219,72.0999984741211,802200
2019-12-31,67.35747528076172,73.04000091552734,73.36000061035156,71.5,71.61000061035156,1016000
2020-01-02,66.9609375,72.61000061035156,73.87999725341797,72.19000244140625,73.5,1620800
2020-01-03,66.0018539428711,71.56999969482422,72.38999938964844,71.22000122070312,71.41000366210938,1337600
2020-01-06,65.92807006835938,71.48999786376953,72.16999816894531,70.19000244140625,71.0,1330000
2020-01-07,66.79492950439453,72.43000030517578,73.48999786376953,71.12999725341797,71.6500015258789,1574400
2020-01-08,65.64218139648438,71.18000030517578,71.5,69.61000061035156,70.5999984741211,2029500
2020-01-09,67.08079528808594,72.73999786376953,73.06999969482422,70.7300033569336,71.31999969482422,1301100
2020-01-10,66.49060821533203,72.0999984741211,73.83000183105469,71.8499984741211,73.01000213623047,1493300
2020-01-13,69.95808410644531,75.86000061035156,76.0,72.88999938964844,72.94999694824219,2668000
2020-01-14,72.09756469726562,78.18000030517578,78.87000274658203,75.5999984741211,76.22000122070312,3835800
2020-01-15,73.88665008544922,80.12000274658203,80.93000030517578,78.0,78.9000015258789,3101800
2020-01-16,74.1633071899414,80.41999816894531,81.5,78.51000213623047,80.36000061035156,2178700
2020-01-17,74.60594940185547,80.9000015258789,81.30000305175781,79.77999877929688,80.9800033569336,2151400
2020-01-21,74.9932632446289,81.31999969482422,81.41999816894531,80.58000183105469,80.79000091552734,2312700
2020-01-22,75.0486068725586,81.37999725341797,81.95999908447266,80.7699966430664,81.18000030517578,2138400
2020-01-23,75.52816772460938,81.9000015258789,82.0999984741211,79.51000213623047,80.33000183105469,1654700
2020-01-24,74.86418914794922,81.18000030517578,82.12999725341797,80.37999725341797,82.0,1409600
2020-01-27,72.79845428466797,78.94000244140625,79.66000366210938,78.01000213623047,78.62999725341797,2060800
2020-01-28,73.96041107177734,80.19999694824219,81.22000122070312,79.51000213623047,79.69999694824219,1130900
2020-01-29,74.44921875,80.7300033569336,81.61000061035156,79.73999786376953,80.83000183105469,1084500
2020-01-30,74.49529266357422,80.77999877929688,80.9800033569336,79.37999725341797,80.08999633789062,1261400
2020-01-31,74.03418731689453,80.27999877929688,80.36000061035156,78.72000122070312,79.80000305175781,5676000
2020-02-03,74.50453186035156,80.79000091552734,81.27999877929688,79.72000122070312,80.79000091552734,2220200
2020-02-04,83.39452362060547,90.43000030517578,91.93000030517578,82.41999816894531,82.5,4739800
2020-02-05,80.76624298095703,87.58000183105469,89.0,85.55000305175781,88.76000213623047,3418600
2020-02-06,80.18528747558594,86.94999694824219,87.98999786376953,85.54000091552734,87.56999969482422,1849600
2020-02-07,76.11837005615234,82.54000091552734,85.72000122070312,82.0999984741211,85.5199966430664,2337700
2020-02-10,76.77314758300781,83.25,84.69999694824219,83.11000061035156,83.11000061035156,1553700
2020-02-11,78.11954498291016,84.70999908447266,85.38999938964844,83.26000213623047,83.7699966430664,1311100
2020-02-12,80.07462310791016,86.83000183105469,88.08999633789062,86.0999984741211,87.0199966430664,1311800
2020-02-13,81.08902740478516,87.93000030517578,88.66999816894531,85.0999984741211,85.94000244140625,1725100
2020-02-14,82.66596984863281,89.63999938964844,90.54000091552734,88.48999786376953,88.54000091552734,2105500
2020-02-18,81.79911804199219,88.69999694824219,89.58000183105469,86.69000244140625,88.79000091552734,1448800
2020-02-19,82.38932800292969,89.33999633789062,90.69999694824219,88.69000244140625,89.0,2041200
2020-02-20,86.97267150878906,94.30999755859375,99.4000015258789,88.3499984741211,89.0,4973600
2020-02-21,85.23892974853516,92.43000030517578,93.31999969482422,90.45999908447266,92.1500015258789,2263400
2020-02-24,82.63833618164062,89.61000061035156,90.52999877929688,87.20999908447266,87.87000274658203,1682200
2020-02-25,79.15241241455078,85.83000183105469,91.16999816894531,85.68000030517578,90.38999938964844,2195600
2020-02-26,78.98641967773438,85.6500015258789,87.77999877929688,84.30999755859375,85.19000244140625,1583900
2020-02-27,74.51372528076172,80.80000305175781,84.94000244140625,80.73999786376953,83.11000061035156,2530000
2020-02-28,75.48204040527344,81.8499984741211,82.0,76.66999816894531,78.11000061035156,2580200
2020-03-02,77.74143981933594,84.30000305175781,84.30000305175781,80.1500015258789,82.48999786376953,1661200
2020-03-03,76.34892272949219,82.79000091552734,85.23999786376953,80.87999725341797,83.70999908447266,1932300
2020-03-04,79.55816650390625,86.2699966430664,86.37000274658203,83.2699966430664,85.05999755859375,1198000
2020-03-05,78.17485809326172,84.7699966430664,86.77999877929688,83.51000213623047,83.83000183105469,1490200
2020-03-06,76.1737060546875,82.5999984741211,83.95999908447266,80.63999938964844,82.36000061035156,1490700
2020-03-09,67.28369140625,72.95999908447266,76.3499984741211,69.58999633789062,75.5,2627400
2020-03-10,69.3402099609375,75.19000244140625,77.62999725341797,72.22000122070312,77.11000061035156,2771400
2020-03-11,64.61854553222656,70.06999969482422,73.37999725341797,69.05999755859375,73.37999725341797,2059300
2020-03-12,60.079429626464844,64.79000091552734,68.55999755859375,60.56999969482422,63.970001220703125,2619400
2020-03-13,63.06531524658203,68.01000213623047,69.77999877929688,62.119998931884766,69.45999908447266,2067800
2020-03-16,54.673309326171875,58.959999084472656,63.02000045776367,58.93000030517578,61.34000015258789,2388300
2020-03-17,62.18438720703125,67.05999755859375,68.26000213623047,57.310001373291016,60.290000915527344,3062400
2020-03-18,63.6495246887207,68.63999938964844,69.11000061035156,58.619998931884766,62.40999984741211,2762300
2020-03-19,57.43663787841797,61.939998626708984,67.83000183105469,60.25,66.55000305175781,2016200
2020-03-20,49.563899993896484,53.45000076293945,63.40999984741211,53.02000045776367,62.68000030517578,2963600
2020-03-23,47.19930648803711,50.900001525878906,54.380001068115234,48.88999938964844,52.380001068115234,2507500
2020-03-24,51.956321716308594,56.029998779296875,57.869998931884766,53.04999923706055,53.88999938964844,1839500
2020-03-25,55.6562385559082,60.02000045776367,63.86000061035156,55.380001068115234,56.38999938964844,2295600
2020-03-26,56.064239501953125,60.459999084472656,60.720001220703125,57.20000076293945,60.0,2245100
2020-03-27,51.01976013183594,55.02000045776367,58.0,54.75,58.0,2439600
2020-03-30,51.557594299316406,55.599998474121094,56.4900016784668,54.5099983215332,55.61000061035156,2045800
2020-03-31,52.271610260009766,56.369998931884766,57.72999954223633,55.11000061035156,55.52000045776367,2585900
2020-04-01,50.852848052978516,54.84000015258789,57.040000915527344,53.619998931884766,54.2599983215332,2253900
2020-04-02,49.75864028930664,53.65999984741211,59.0099983215332,52.95000076293945,54.880001068115234,1911400
2020-04-03,48.86843490600586,52.70000076293945,55.380001068115234,52.689998626708984,53.630001068115234,1749700
2020-04-06,52.7908935546875,56.93000030517578,57.68000030517578,54.47999954223633,55.130001068115234,1725800
2020-04-07,52.85580062866211,57.0,60.349998474121094,56.4900016784668,58.310001373291016,1952000
2020-04-08,57.32537078857422,61.81999969482422,62.43000030517578,57.31999969482422,57.61000061035156,1706000
2020-04-09,62.14728546142578,67.0199966430664,67.23999786376953,62.16999816894531,62.349998474121094,1775400
2020-04-13,58.707035064697266,63.310001373291016,67.3499984741211,61.66999816894531,66.77999877929688,1678600
2020-04-14,59.05012893676758,63.68000030517578,65.83999633789062,63.25,64.75,1068400
2020-04-15,54.01491165161133,58.25,61.720001220703125,57.86000061035156,61.439998626708984,1335900
2020-04-16,54.311668395996094,58.56999969482422,58.91999816894531,56.70000076293945,58.2599983215332,1618100
2020-04-17,57.00082015991211,61.470001220703125,62.790000915527344,60.5,60.58000183105469,1011000
2020-04-20,55.6376838684082,60.0,61.68000030517578,59.5,60.0,1270600
2020-04-21,53.65327453613281,57.86000061035156,59.2400016784668,57.709999084472656,58.5,1381600
2020-04-22,55.12767791748047,59.45000076293945,60.08000183105469,58.599998474121094,58.959999084472656,684800
2020-04-23,56.24971008300781,60.65999984741211,62.25,60.2599983215332,60.66999816894531,816500
2020-04-24,57.05644607543945,61.529998779296875,61.959999084472656,59.68000030517578,61.11000061035156,1027100
2020-04-27,57.7241096496582,62.25,62.83000183105469,61.650001525878906,61.81999969482422,736800
2020-04-28,59.63431930541992,64.30999755859375,65.69999694824219,63.25,64.0,1087700
2020-04-29,59.968162536621094,64.66999816894531,66.37000274658203,64.05999755859375,64.05999755859375,1447900
2020-04-30,56.96371841430664,61.43000030517578,64.1500015258789,61.11000061035156,63.79999923706055,2007200
2020-05-01,53.26381301879883,57.439998626708984,60.5,56.939998626708984,60.5,1924900
2020-05-04,53.096893310546875,57.2599983215332,57.81999969482422,55.75,56.81999969482422,1275400
2020-05-05,54.218929290771484,58.470001220703125,60.34000015258789,58.310001373291016,58.369998931884766,1109000
2020-05-06,53.71818542480469,57.93000030517578,60.2400016784668,57.79999923706055,59.16999816894531,1885300
2020-05-07,55.39658737182617,59.7400016784668,61.86000061035156,57.38999938964844,59.900001525878906,2206600
2020-05-08,59.57868957519531,64.25,64.5,60.20000076293945,60.630001068115234,1514500
2020-05-11,59.72705841064453,64.41000366210938,65.72000122070312,62.880001068115234,63.15999984741211,1471300
2020-05-12,54.95149612426758,59.2599983215332,63.709999084472656,59.0099983215332,63.0,1881900
2020-05-13,55.563499450683594,59.91999816894531,60.29999923706055,57.77000045776367,59.02000045776367,1770000
2020-05-14,55.368778228759766,59.709999084472656,59.779998779296875,56.16999816894531,59.0,1333300
2020-05-15,56.889530181884766,61.349998474121094,61.619998931884766,59.41999816894531,59.5,1428000
2020-05-18,59.28195571899414,63.93000030517578,65.31999969482422,63.25,64.0,1288900
2020-05-19,58.89249038696289,63.5099983215332,65.29000091552734,63.0,63.81999969482422,1329900
2020-05-20,63.18586730957031,68.13999938964844,68.61000061035156,65.01000213623047,65.19000244140625,1641500
2020-05-21,63.02821350097656,67.97000122070312,69.79000091552734,67.41000366210938,67.81999969482422,1428300
2020-05-22,63.158050537109375,68.11000061035156,68.41999816894531,66.87000274658203,67.80000305175781,825400
2020-05-26,69.4822006225586,74.93000030517578,75.75,70.51000213623047,70.66000366210938,2391600
2020-05-27,69.5842056274414,75.04000091552734,79.12999725341797,74.04000091552734,76.38999938964844,1592500
2020-05-28,70.40949249267578,75.93000030517578,78.43000030517578,75.55000305175781,76.4800033569336,1408600
2020-05-29,70.95658874511719,76.5199966430664,77.31999969482422,74.3499984741211,75.44999694824219,1589800
2020-06-01,71.79114532470703,77.41999816894531,78.5999984741211,76.5199966430664,76.66000366210938,1061900
2020-06-02,72.87610626220703,78.58999633789062,79.44000244140625,77.02999877929688,78.31999969482422,1268300
2020-06-03,73.20066833496094,78.94000244140625,80.95999908447266,78.8499984741211,79.62999725341797,1685100
2020-06-04,74.15576171875,79.97000122070312,80.0,77.7300033569336,78.0,1493700
2020-06-05,78.18022918701172,84.30999755859375,84.97000122070312,80.77999877929688,81.72000122070312,1950000
2020-06-08,80.43354034423828,86.73999786376953,86.91000366210938,84.25,84.62000274658203,1304100
2020-06-09,78.8200454711914,85.0,86.0,84.06999969482422,85.0,962300
2020-06-10,77.762939453125,83.86000061035156,85.5999984741211,83.69999694824219,85.31999969482422,957900
2020-06-11,69.42070770263672,74.5199966430664,80.04000091552734,74.0199966430664,78.94999694824219,1656600
2020-06-12,72.02912902832031,77.31999969482422,78.66999816894531,75.36000061035156,78.0,1219900
2020-06-15,71.18138885498047,76.41000366210938,77.72000122070312,74.0,74.18000030517578,1134900
2020-06-16,73.80840301513672,79.2300033569336,80.30999755859375,77.26000213623047,79.7699966430664,1060000
2020-06-17,73.75251770019531,79.16999816894531,80.30000305175781,78.81999969482422,79.25,727000
2020-06-18,73.41716003417969,78.80999755859375,79.55000305175781,77.54000091552734,78.25,863700
2020-06-19,72.9886474609375,78.3499984741211,80.97000122070312,77.62999725341797,80.22000122070312,1243100
2020-06-22,70.59449768066406,75.77999877929688,76.93000030517578,74.66000366210938,75.51000213623047,1023200
2020-06-23,70.9112319946289,76.12000274658203,77.20999908447266,76.01000213623047,76.83999633789062,781700
2020-06-24,68.30282592773438,73.31999969482422,75.41999816894531,72.38999938964844,75.41000366210938,965600
2020-06-25,68.88972473144531,73.94999694824219,74.22000122070312,72.58999633789062,73.26000213623047,727200
2020-06-26,69.53250122070312,74.63999938964844,75.83000183105469,73.19999694824219,74.93000030517578,1652200
2020-06-29,71.10687255859375,76.33000183105469,77.37000274658203,75.02999877929688,75.97000122070312,843100
2020-06-30,71.92664337158203,77.20999908447266,77.55999755859375,75.73999786376953,75.80999755859375,1033100
2020-07-01,70.85533142089844,76.05999755859375,77.66999816894531,75.2699966430664,76.94999694824219,891600
2020-07-02,73.18428039550781,78.55999755859375,79.63999938964844,77.63999938964844,77.66999816894531,886000
2020-07-06,75.66223907470703,81.22000122070312,81.30000305175781,79.38999938964844,80.0,1045200
2020-07-07,72.66260528564453,78.0,80.44000244140625,77.62000274658203,80.26000213623047,1281300
2020-07-08,72.61601257324219,77.94999694824219,79.73999786376953,76.44999694824219,77.93000030517578,1351200
2020-07-09,70.5665512084961,75.75,78.19000244140625,74.77999877929688,78.19000244140625,1154300
2020-07-10,73.49169158935547,78.88999938964844,79.04000091552734,75.33999633789062,76.0,1071800
2020-07-13,75.97896575927734,81.55999755859375,84.45999908447266,80.1500015258789,80.30000305175781,2213100
2020-07-14,78.39175415039062,84.1500015258789,84.36000061035156,80.91999816894531,81.55999755859375,1353700
2020-07-15,80.6740951538086,86.5999984741211,86.83000183105469,85.1500015258789,85.87999725341797,1385100
2020-07-16,80.53435516357422,86.44999694824219,86.7699966430664,85.44000244140625,86.30999755859375,852600
2020-07-17,82.40682983398438,88.45999908447266,89.62000274658203,86.93000030517578,87.0,1360300
2020-07-20,81.08399200439453,87.04000091552734,89.16999816894531,86.6500015258789,88.75,816800
2020-07-21,81.21440887451172,87.18000030517578,88.12999725341797,87.02999877929688,87.56999969482422,821300
2020-07-22,81.68950653076172,87.69000244140625,88.38999938964844,86.66999816894531,87.19999694824219,726100
2020-07-23,81.91309356689453,87.93000030517578,89.41000366210938,86.97000122070312,87.76000213623047,756600
2020-07-24,81.08399200439453,87.04000091552734,87.91999816894531,86.19999694824219,87.0,586000
2020-07-27,79.91022491455078,85.77999877929688,86.11000061035156,83.8499984741211,85.5199966430664,1164900
2020-07-28,77.97254180908203,83.69999694824219,85.79000091552734,83.61000061035156,85.30000305175781,883600
2020-07-29,78.09365844726562,83.83000183105469,84.58999633789062,81.95999908447266,84.58999633789062,1161800
2020-07-30,77.3204345703125,83.0,83.88999938964844,81.05000305175781,82.47000122070312,900600
2020-07-31,76.81739807128906,82.45999908447266,82.95999908447266,80.5,82.61000061035156,2397900
2020-08-03,77.62787628173828,83.33000183105469,83.9000015258789,82.08999633789062,82.9800033569336,1124700
2020-08-04,79.49102020263672,85.33000183105469,87.04000091552734,82.38999938964844,83.11000061035156,1634100
2020-08-05,82.53726959228516,88.5999984741211,89.2300033569336,86.23999786376953,86.79000091552734,2177700
2020-08-06,77.63717651367188,83.33999633789062,87.80999755859375,82.31999969482422,86.63999938964844,2453400
2020-08-07,78.66189575195312,84.44000244140625,86.41999816894531,82.6500015258789,83.0,1236300
2020-08-10,81.2516860961914,87.22000122070312,87.27999877929688,85.16999816894531,85.44999694824219,810900
2020-08-11,86.123779296875,92.44999694824219,92.77999877929688,88.5,88.62999725341797,1931300
2020-08-12,84.79164123535156,91.0199966430664,93.9000015258789,90.20999908447266,93.22000122070312,1070700
2020-08-13,85.33196258544922,91.5999984741211,92.13999938964844,89.5999984741211,90.41000366210938,1008000
2020-08-14,86.0678939819336,92.38999938964844,92.5999984741211,90.97000122070312,91.31999969482422,838200
2020-08-17,85.4903335571289,91.7699966430664,93.27999877929688,91.36000061035156,92.72000122070312,604500
2020-08-18,85.89090728759766,92.19999694824219,93.0199966430664,91.3499984741211,91.98999786376953,557400
2020-08-19,85.9374771118164,92.25,93.55999755859375,91.76000213623047,92.5,760800
2020-08-20,84.81961059570312,91.05000305175781,91.7300033569336,89.5999984741211,91.06999969482422,940900
2020-08-21,83.59923553466797,89.73999786376953,91.27999877929688,89.12000274658203,90.48999786376953,885200
2020-08-24,85.68594360351562,91.9800033569336,92.0,89.61000061035156,90.75,668900
2020-08-25,84.85684204101562,91.08999633789062,92.73999786376953,90.69000244140625,92.05000305175781,420500
2020-08-26,85.6114501953125,91.9000015258789,92.37999725341797,91.31999969482422,92.12999725341797,653200
2020-08-27,84.89413452148438,91.12999725341797,92.83999633789062,90.02999877929688,92.16999816894531,474500
2020-08-28,86.00270080566406,92.31999969482422,92.37000274658203,90.47000122070312,91.12999725341797,412000
2020-08-31,84.78234100341797,91.01000213623047,93.41000366210938,90.91000366210938,92.30000305175781,718500
2020-09-01,90.72575378417969,97.38999938964844,97.43000030517578,90.04000091552734,91.0999984741211,1561100
2020-09-02,92.83111572265625,99.6500015258789,99.80999755859375,96.75,97.0,1311100
2020-09-03,86.80384063720703,93.18000030517578,99.61000061035156,91.73999786376953,98.8499984741211,1731400
2020-09-04,88.23845672607422,94.72000122070312,95.54000091552734,90.7699966430664,93.04000091552734,1100800
2020-09-08,86.7665786743164,93.13999938964844,95.0,92.12000274658203,93.0,835700
2020-09-09,88.89057159423828,95.41999816894531,96.75,94.02999877929688,94.3499984741211,643900
2020-09-10,87.10195922851562,93.5,96.45999908447266,93.48999786376953,95.61000061035156,667800
2020-09-11,88.4620590209961,94.95999908447266,96.08000183105469,93.80000305175781,94.63999938964844,650900
2020-09-14,91.45238494873047,98.16999816894531,98.70999908447266,95.1500015258789,95.87000274658203,671800
2020-09-15,91.6573257446289,98.38999938964844,100.30999755859375,98.33000183105469,99.0,1192300
2020-09-16,91.10770416259766,97.80000305175781,99.58999633789062,97.69999694824219,99.0,998300
2020-09-17,93.94619750976562,100.44999694824219,100.97000122070312,95.5199966430664,96.27999877929688,937100
2020-09-18,91.61743927001953,97.95999908447266,101.0,97.12999725341797,100.37999725341797,1337200
2020-09-21,88.97065734863281,95.12999725341797,96.38999938964844,90.5199966430664,96.38999938964844,1406500
2020-09-22,89.07353210449219,95.23999786376953,95.54000091552734,92.93000030517578,94.70999908447266,656600
2020-09-23,75.21306610107422,80.41999816894531,89.3499984741211,80.1500015258789,88.9800033569336,5194900
2020-09-24,77.91596221923828,83.30999755859375,85.5999984741211,79.05999755859375,80.06999969482422,2368200
2020-09-25,79.04761505126953,84.5199966430664,85.25,82.54000091552734,82.9800033569336,1197800
2020-09-28,79.34690856933594,84.83999633789062,87.4000015258789,83.87999725341797,86.1500015258789,1433100
2020-09-29,81.23612213134766,86.86000061035156,87.62999725341797,84.77999877929688,84.94999694824219,1252900
2020-09-30,83.49942016601562,89.27999877929688,90.12999725341797,87.22000122070312,87.41000366210938,1369100
2020-10-01,81.11451721191406,86.7300033569336,90.97000122070312,86.47000122070312,90.01000213623047,1371800
2020-10-02,83.50875854492188,89.29000091552734,91.08000183105469,84.56999969482422,85.44000244140625,1204200
2020-10-05,88.62460327148438,94.76000213623047,95.88999938964844,91.13999938964844,91.26000213623047,1598300
2020-10-06,87.67063903808594,93.73999786376953,96.97000122070312,93.5199966430664,96.27999877929688,1381400
2020-10-07,90.42964935302734,96.69000244140625,97.98999786376953,95.5999984741211,96.0,1129100
2020-10-08,90.67282104492188,96.94999694824219,98.37000274658203,95.95999908447266,98.12000274658203,1133500
2020-10-09,89.81239318847656,96.02999877929688,99.12999725341797,95.66000366210938,98.0999984741211,767800
2020-10-12,88.79296875,94.94000244140625,96.7300033569336,94.6500015258789,96.7300033569336,798100
2020-10-13,88.97999572753906,95.13999938964844,95.58999633789062,93.91000366210938,94.3499984741211,863900
2020-10-14,88.4655990600586,94.58999633789062,95.33999633789062,91.8499984741211,92.76000213623047,1070500
2020-10-15,88.24114990234375,94.3499984741211,94.75,91.80000305175781,92.98999786376953,923200
2020-10-16,87.3713607788086,93.41999816894531,95.83000183105469,93.4000015258789,95.12999725341797,655600
2020-10-19,86.5763931274414,92.56999969482422,94.51000213623047,92.22000122070312,93.33999633789062,641400
2020-10-20,87.5022964477539,93.55999755859375,95.22000122070312,92.79000091552734,93.48999786376953,740600
2020-10-21,89.66273498535156,95.87000274658203,97.29000091552734,94.5999984741211,95.2699966430664,793400
2020-10-22,88.8116683959961,94.95999908447266,96.11000061035156,93.75,95.58000183105469,669300
2020-10-23,90.2332534790039,96.4800033569336,97.44999694824219,95.3499984741211,95.87000274658203,669200
2020-10-26,88.36271667480469,94.4800033569336,94.77999877929688,92.83999633789062,94.77999877929688,952300
2020-10-27,89.01741027832031,95.18000030517578,96.87000274658203,94.75,95.33999633789062,987800
2020-10-28,84.90229034423828,90.77999877929688,93.83999633789062,90.06999969482422,92.30999755859375,982100
2020-10-29,87.69869232177734,93.7699966430664,94.56999969482422,90.2300033569336,90.5,819600
2020-10-30,87.17496490478516,93.20999908447266,94.05999755859375,90.86000061035156,92.94000244140625,1275000
2020-11-02,90.56993103027344,96.83999633789062,97.8499984741211,93.79000091552734,94.73999786376953,924900
2020-11-03,91.29945373535156,97.62000274658203,98.27999877929688,96.33999633789062,96.75,971900
2020-11-04,87.3807144165039,93.43000030517578,97.5199966430664,93.0999984741211,97.5199966430664,1656900
2020-11-05,98.66923522949219,105.5,106.33000183105469,93.0,96.05000305175781,3231500
2020-11-06,104.95411682128906,112.22000122070312,113.33000183105469,102.80000305175781,104.83000183105469,2609200
2020-11-09,109.17212677001953,116.7300033569336,120.80999755859375,114.80000305175781,114.94999694824219,2138400
2020-11-10,110.29442596435547,117.93000030517578,118.30000305175781,113.06999969482422,116.0,1244200
2020-11-11,110.89299774169922,118.56999969482422,119.9800033569336,116.5,117.48999786376953,881900
2020-11-12,110.95843505859375,118.63999938964844,120.69000244140625,116.63999938964844,117.5,839200
2020-11-13,114.54983520507812,122.4800033569336,122.97000122070312,117.69000244140625,118.91999816894531,1014700
2020-11-16,120.5728530883789,128.9199981689453,129.14999389648438,123.0,123.0,1526100
2020-11-17,119.66566467285156,127.94999694824219,128.60000610351562,124.4000015258789,127.52999877929688,1904500
2020-11-18,118.34696960449219,126.54000091552734,130.2100067138672,126.52999877929688,127.94999694824219,870800
2020-11-19,117.6548843383789,125.80000305175781,126.48999786376953,122.44999694824219,126.01000213623047,1138500
2020-11-20,119.60955047607422,127.88999938964844,128.5,125.5,126.0,748700
2020-11-23,125.38005828857422,134.05999755859375,134.75999450683594,129.02999877929688,129.3000030517578,1400100
2020-11-24,128.37286376953125,137.25999450683594,137.7100067138672,134.2899932861328,135.6699981689453,1428200
2020-11-25,126.00668334960938,134.72999572753906,136.4199981689453,133.24000549316406,135.1999969482422,1126200
2020-11-27,128.7470245361328,137.66000366210938,138.19000244140625,136.25999450683594,136.4199981689453,531400
2020-11-30,127.16639709472656,135.97000122070312,137.5,134.16000366210938,137.25,1096100
2020-12-01,127.08219146728516,135.8800048828125,138.19000244140625,134.82000732421875,137.5,1719800
2020-12-02,126.49298858642578,135.25,136.0,132.16000366210938,134.82000732421875,1576100
2020-12-03,123.19154357910156,131.72000122070312,136.22999572753906,130.75999450683594,135.32000732421875,1969300
2020-12-04,130.20596313476562,139.22000122070312,139.22999572753906,132.2100067138672,132.50999450683594,1157900
2020-12-07,130.93545532226562,140.0,141.0399932861328,138.10000610351562,139.44000244140625,1122100
2020-12-08,134.62974548339844,143.9499969482422,144.1199951171875,138.1999969482422,139.2100067138672,892700
2020-12-09,133.32032775878906,142.5500030517578,146.11000061035156,140.6300048828125,144.08999633789062,1444400
2020-12-10,132.6310577392578,141.42999267578125,143.6999969482422,140.2100067138672,141.0,1102900
2020-12-11,130.02403259277344,138.64999389648438,141.94000244140625,136.61000061035156,140.14999389648438,962400
2020-12-14,126.19789123535156,134.57000732421875,141.0,134.25,140.55999755859375,1387300
2020-12-15,129.35824584960938,137.94000244140625,138.22000122070312,135.00999450683594,136.77000427246094,1211900
2020-12-16,127.33258819580078,135.77999877929688,139.99000549316406,135.52999877929688,138.69000244140625,908800
2020-12-17,128.9268341064453,137.47999572753906,137.97000122070312,134.14999389648438,137.24000549316406,1127700
2020-12-18,130.2584991455078,138.89999389648438,139.2899932861328,137.0500030517578,137.5,2447400
2020-12-21,133.18438720703125,142.02000427246094,142.17999267578125,135.41000366210938,135.77999877929688,1180900
2020-12-22,137.1699981689453,146.27000427246094,147.99000549316406,142.64999389648438,143.44000244140625,1294200
2020-12-23,140.58352661132812,149.91000366210938,152.82000732421875,147.25999450683594,147.85000610351562,1718100
2020-12-24,140.330322265625,149.63999938964844,150.3699951171875,148.2899932861328,149.89999389648438,487400
2020-12-28,140.4053192138672,149.72000122070312,153.47999572753906,149.60000610351562,151.38999938964844,1228600
2020-12-29,137.12307739257812,146.22000122070312,149.91000366210938,144.74000549316406,149.47999572753906,1112800
2020-12-30,140.00205993652344,149.2899932861328,151.6300048828125,147.75999450683594,148.1699981689453,1041100
2020-12-31,138.3422393798828,147.52000427246094,149.3699951171875,146.80999755859375,148.75999450683594,779200
2021-01-04,143.13433837890625,152.6300048828125,156.75999450683594,150.2899932861328,152.89999389648438,2898700
2021-01-05,152.79348754882812,162.92999267578125,166.77999877929688,152.6699981689453,152.6699981689453,2628000
2021-01-06,164.2063751220703,175.10000610351562,178.58999633789062,165.5,165.5,3335500
2021-01-07,172.55264282226562,184.0,187.25,180.5500030517578,183.47999572753906,2947800
2021-01-08,172.64646911621094,184.10000610351562,186.92999267578125,178.66000366210938,184.49000549316406,1659400
2021-01-11,166.26007080078125,177.2899932861328,180.0,173.4199981689453,178.8000030517578,2940000
2021-01-12,171.1459503173828,182.5,183.13999938964844,176.5,177.2899932861328,1655200
2021-01-13,168.72650146484375,179.9199981689453,182.99000549316406,178.00999450683594,182.89999389648438,1481400
2021-01-14,171.02406311035156,182.3699951171875,184.08999633789062,180.5,180.5,1037800
2021-01-15,168.93280029296875,180.13999938964844,183.77999877929688,177.74000549316406,180.0,1196600
2021-01-19,173.72486877441406,185.25,185.6300048828125,178.38999938964844,181.0,1520700
2021-01-20,168.9796905517578,180.19000244140625,188.35000610351562,179.3800048828125,187.50999450683594,1404400
2021-01-21,165.43482971191406,176.41000366210938,181.99000549316406,174.4199981689453,181.5,1321300
2021-01-22,162.90286254882812,173.7100067138672,174.8699951171875,171.1699981689453,173.24000549316406,2034500
2021-01-25,165.91311645507812,176.9199981689453,179.5,172.0800018310547,174.0,1372300
2021-01-26,164.4689178466797,175.3800048828125,178.8300018310547,172.6300048828125,177.82000732421875,1406100
2021-01-27,158.34519958496094,168.85000610351562,170.60000610351562,161.36000061035156,170.25999450683594,2907700
2021-01-28,156.0194549560547,166.3699951171875,171.14999389648438,163.8800048828125,170.6199951171875,1706500
2021-01-29,152.540283203125,162.66000366210938,169.4600067138672,160.4199981689453,165.0800018310547,3133400
2021-02-01,156.0194549560547,166.3699951171875,167.89999389648438,163.30999755859375,165.77999877929688,1233900
2021-02-02,158.72032165527344,169.25,171.64999389648438,167.72000122070312,169.4499969482422,1177200
2021-02-03,151.80882263183594,161.8800048828125,171.1199951171875,160.41000366210938,166.5,2278800
2021-02-04,145.26307678222656,154.89999389648438,156.5,151.63999938964844,152.94000244140625,8388900
2021-02-05,147.39186096191406,157.1699981689453,159.10000610351562,154.33999633789062,157.0,4970300
2021-02-08,151.5086669921875,161.55999755859375,163.86000061035156,158.82000732421875,160.0,2523900
2021-02-09,148.8172607421875,158.69000244140625,161.27999877929688,155.80999755859375,160.36000061035156,1537600
2021-02-10,146.34152221679688,156.0500030517578,161.8000030517578,155.11000061035156,161.25999450683594,1485500
2021-02-11,149.90512084960938,159.85000610351562,160.4499969482422,154.52000427246094,156.08999633789062,1455000
2021-02-12,154.39710998535156,164.63999938964844,165.9499969482422,161.07000732421875,164.47000122070312,1590000
2021-02-16,152.10887145996094,162.1999969482422,171.35000610351562,161.6699981689453,170.5,1869300
2021-02-17,147.67320251464844,157.47000122070312,162.75999450683594,154.33999633789062,162.6300048828125,2300400
2021-02-18,132.65924072265625,141.4600067138672,151.25,140.72999572753906,150.47999572753906,4075000
2021-02-19,146.45407104492188,156.1699981689453,156.97999572753906,144.5,144.75999450683594,3729900
2021-02-22,146.75416564941406,156.49000549316406,159.8800048828125,153.60000610351562,154.13999938964844,2317400
2021-02-23,145.00050354003906,154.6199951171875,155.25999450683594,141.13999938964844,150.2100067138672,2314500
2021-02-24,150.8897705078125,160.89999389648438,162.1300048828125,152.7899932861328,155.0,1816500
2021-02-25,143.93142700195312,153.47999572753906,162.89999389648438,151.91000366210938,161.47999572753906,1326300
2021-02-26,147.4293670654297,157.2100067138672,158.91000366210938,151.82000732421875,152.97999572753906,1718100
2021-03-01,143.43438720703125,152.9499969482422,161.27999877929688,151.5,160.0500030517578,2385400
2021-03-02,144.15647888183594,153.72000122070312,158.6300048828125,153.3699951171875,153.88999938964844,1321400
2021-03-03,137.85455322265625,147.0,154.69000244140625,146.72999572753906,153.91000366210938,1523100
2021-03-04,132.70614624023438,141.50999450683594,146.64999389648438,137.1199951171875,145.94000244140625,2915300
2021-03-05,134.9286346435547,143.8800048828125,144.5800018310547,133.82000732421875,144.27000427246094,1416700
2021-03-08,131.93711853027344,140.69000244140625,146.6999969482422,140.25,144.97000122070312,1322900
2021-03-09,136.70106506347656,145.77000427246094,148.3300018310547,142.3000030517578,143.9199981689453,1218900
2021-03-10,142.8248291015625,152.3000030517578,156.30999755859375,149.13999938964844,150.0,1937200
2021-03-11,151.62501525878906,161.27000427246094,162.0,154.24000549316406,156.3000030517578,1589700
2021-03-12,147.8736572265625,157.27999877929688,161.92999267578125,155.85000610351562,160.05999755859375,984800
2021-03-15,149.3309326171875,158.8300018310547,159.74000549316406,156.0800018310547,156.0800018310547,704300
2021-03-16,146.06851196289062,155.36000061035156,159.92999267578125,154.30999755859375,159.92999267578125,957600
2021-03-17,146.5856170654297,155.91000366210938,156.83999633789062,151.5800018310547,153.27000427246094,1014400
2021-03-18,143.39833068847656,152.52000427246094,158.5500030517578,152.41000366210938,155.47000122070312,1326800
2021-03-19,142.43939208984375,151.5,153.41000366210938,148.63999938964844,152.69000244140625,1670700
2021-03-22,143.05047607421875,152.14999389648438,153.0,148.75,151.60000610351562,740300
2021-03-23,137.71017456054688,146.47000122070312,152.0399932861328,145.42999267578125,150.82000732421875,765200
2021-03-24,137.86058044433594,146.6300048828125,151.10000610351562,146.55999755859375,148.02999877929688,1039800
2021-03-25,140.0230712890625,148.92999267578125,149.3000030517578,141.94000244140625,145.42999267578125,964200
2021-03-26,141.40509033203125,150.39999389648438,151.0,146.63999938964844,151.0,722500
2021-03-29,137.6537322998047,146.41000366210938,149.6199951171875,145.39999389648438,149.6199951171875,758800
2021-03-30,136.69476318359375,145.38999938964844,146.57000732421875,143.82000732421875,146.1999969482422,1348000
2021-03-31,137.37168884277344,146.11000061035156,148.47000122070312,145.6999969482422,147.1300048828125,1990000
2021-04-01,141.7248077392578,150.74000549316406,151.82000732421875,147.5399932861328,148.19000244140625,1126200
2021-04-05,141.2359161376953,150.22000122070312,153.83999633789062,149.0,153.47000122070312,776000
2021-04-06,143.74620056152344,152.88999938964844,153.6999969482422,149.0500030517578,149.50999450683594,888000
2021-04-07,135.10581970214844,143.6999969482422,152.88999938964844,143.25999450683594,152.58999633789062,1292200
2021-04-08,137.42811584472656,146.1699981689453,146.85000610351562,144.27000427246094,144.94000244140625,852600
2021-04-09,138.5093231201172,147.32000732421875,147.5,144.82000732421875,146.1999969482422,638900
2021-04-12,138.87599182128906,147.7100067138672,148.3300018310547,145.63999938964844,147.35000610351562,793000
2021-04-13,139.69398498535156,148.5800018310547,149.27000427246094,145.94000244140625,148.02999877929688,1061900
2021-04-14,143.78384399414062,152.92999267578125,154.47999572753906,148.22999572753906,148.72999572753906,1104600
2021-04-15,141.508544921875,150.50999450683594,154.32000732421875,149.11000061035156,154.02999877929688,1036700
2021-04-16,142.93763732910156,152.02999877929688,153.0,150.89999389648438,151.83999633789062,727900
2021-04-19,148.0804901123047,157.5,159.75999450683594,154.7899932861328,155.44000244140625,1259300
2021-04-20,139.63760375976562,148.52000427246094,156.3300018310547,146.77999877929688,156.0500030517578,1072200
2021-04-21,143.89666748046875,153.0500030517578,153.13999938964844,146.52000427246094,147.86000061035156,690300
2021-04-22,146.48214721679688,155.8000030517578,159.8699951171875,153.6300048828125,156.0,1417900
2021-04-23,151.58741760253906,161.22999572753906,167.86000061035156,154.6699981689453,156.0500030517578,1576800
2021-04-26,160.36883544921875,170.57000732421875,171.9600067138672,162.0,162.75,1351300
2021-04-27,159.59786987304688,169.75,171.60000610351562,167.4600067138672,169.0,948800
2021-04-28,159.26882934570312,169.39999389648438,170.64999389648438,167.17999267578125,168.75,594000
2021-04-29,157.59523010253906,167.6199951171875,171.8699951171875,164.3699951171875,171.02999877929688,771700
2021-04-30,158.11239624023438,168.1699981689453,169.0500030517578,165.1999969482422,165.39999389648438,1372300
2021-05-03,156.06275939941406,165.99000549316406,169.99000549316406,165.47000122070312,169.50999450683594,652000
2021-05-04,152.414794921875,162.11000061035156,163.9199981689453,158.5399932861328,163.50999450683594,949100
2021-05-05,157.15338134765625,167.14999389648438,168.5800018310547,163.58999633789062,165.97999572753906,991400
2021-05-06,143.7086181640625,152.85000610351562,159.1300048828125,150.0,157.74000549316406,2553600
2021-05-07,152.98829650878906,162.72000122070312,163.1300048828125,154.0,154.4600067138672,1115900
2021-05-10,149.9420928955078,159.47999572753906,165.13999938964844,159.19000244140625,163.38999938964844,1127000
2021-05-11,150.90103149414062,160.5,160.89999389648438,153.67999267578125,155.64999389648438,600900
2021-05-12,145.3539276123047,154.60000610351562,159.5,154.08999633789062,158.5,1022300
2021-05-13,148.25912475585938,157.69000244140625,160.72000122070312,155.25,158.0500030517578,681900
2021-05-14,154.0131378173828,163.80999755859375,164.99000549316406,158.86000061035156,159.1300048828125,820200
2021-05-17,148.3531494140625,157.7899932861328,163.80999755859375,155.49000549316406,162.5,1032500
2021-05-18,149.8199005126953,159.35000610351562,161.89999389648438,156.9199981689453,158.9499969482422,904900
2021-05-19,147.5915985107422,156.97999572753906,157.75,152.5800018310547,155.0,735800
2021-05-20,148.5411834716797,157.99000549316406,158.3000030517578,154.44000244140625,156.66000366210938,721700
2021-05-21,150.0360870361328,159.5800018310547,162.27000427246094,158.85000610351562,159.44000244140625,1082800
2021-05-24,150.04554748535156,159.58999633789062,160.8000030517578,154.22999572753906,160.5500030517578,553500
2021-05-25,148.56939697265625,158.02000427246094,161.77000427246094,157.47999572753906,160.44000244140625,801200
2021-05-26,152.4993896484375,162.1999969482422,162.24000549316406,157.97999572753906,158.02000427246094,573900
2021-05-27,158.4790496826172,168.55999755859375,169.6999969482422,162.3699951171875,164.02000427246094,2357400
2021-05-28,157.0875701904297,167.0800018310547,169.16000366210938,165.22000122070312,168.49000549316406,749800
2021-06-01,161.17739868164062,171.42999267578125,173.7899932861328,169.5,170.0,1281300
2021-06-02,160.17140197753906,170.36000061035156,172.24000549316406,168.74000549316406,171.0399932861328,649900
2021-06-03,158.11239624023438,168.1699981689453,170.0,165.77999877929688,168.9499969482422,537600
2021-06-04,163.16122436523438,173.5399932861328,173.83999633789062,168.89999389648438,169.05999755859375,634100
2021-06-07,160.5662841796875,170.77999877929688,174.2100067138672,168.52999877929688,174.0,758600
2021-06-08,165.48350524902344,176.00999450683594,177.5800018310547,170.64999389648438,171.3000030517578,819800
2021-06-09,163.94158935546875,174.3699951171875,176.07000732421875,173.47000122070312,175.3699951171875,914300
2021-06-10,158.09933471679688,167.77999877929688,174.2899932861328,167.33999633789062,174.2899932861328,786300
2021-06-11,160.36080932617188,170.17999267578125,170.38999938964844,167.55999755859375,168.9199981689453,680800
2021-06-14,158.62696838378906,168.33999633789062,170.38999938964844,167.2100067138672,169.6300048828125,473600
2021-06-15,156.4502716064453,166.02999877929688,168.72999572753906,162.9499969482422,168.5,998100
2021-06-16,155.74354553222656,165.27999877929688,166.41000366210938,162.75999450683594,165.08999633789062,706100
2021-06-17,154.41490173339844,163.8699951171875,164.91000366210938,159.1699981689453,164.14999389648438,1231700
2021-06-18,148.85531616210938,157.97000122070312,162.64999389648438,157.82000732421875,160.4600067138672,1348200
2021-06-21,152.0968475341797,161.41000366210938,162.52000427246094,159.4499969482422,159.92999267578125,1026900
2021-06-22,152.2570343017578,161.5800018310547,162.4199981689453,158.9199981689453,161.39999389648438,803500
2021-06-23,154.22642517089844,163.6699981689453,165.85000610351562,162.67999267578125,162.67999267578125,701100
2021-06-24,156.3937530517578,165.97000122070312,166.2899932861328,163.00999450683594,166.2899932861328,840600
2021-06-25,157.1475830078125,166.77000427246094,169.86000061035156,166.10000610351562,167.94000244140625,1648700
2021-06-28,159.2960205078125,169.0500030517578,170.9499969482422,165.97000122070312,167.8300018310547,670700
2021-06-29,157.87315368652344,167.5399932861328,170.52999877929688,166.85000610351562,170.0,606000
2021-06-30,158.7401123046875,168.4600067138672,168.60000610351562,166.3699951171875,166.66000366210938,589300
2021-07-01,162.10409545898438,172.02999877929688,172.24000549316406,169.3699951171875,170.0,677000
2021-07-02,160.80369567871094,170.64999389648438,172.52000427246094,169.88999938964844,172.13999938964844,501300
2021-07-06,158.8343048095703,168.55999755859375,171.16000366210938,166.57000732421875,171.0,665800
2021-07-07,160.22889709472656,170.0399932861328,171.60000610351562,166.7899932861328,168.0,741100
2021-07-08,158.22181701660156,167.91000366210938,168.4499969482422,163.1999969482422,165.69000244140625,731500
2021-07-09,165.38330078125,175.50999450683594,176.32000732421875,169.5,170.5,1314100
2021-07-12,176.6720733642578,187.49000549316406,192.77000427246094,176.00999450683594,176.7100067138672,3652500
2021-07-13,174.19381713867188,184.86000061035156,188.99000549316406,184.0500030517578,185.89999389648438,1098900
2021-07-14,171.98883056640625,182.52000427246094,190.52999877929688,181.33999633789062,185.5,1126600
2021-07-15,175.1078338623047,185.8300018310547,190.32000732421875,182.64999389648438,182.64999389648438,1478700
2021-07-16,170.23614501953125,180.66000366210938,188.94000244140625,179.4600067138672,187.0,978100
2021-07-19,167.8050079345703,178.0800018310547,179.64999389648438,170.24000549316406,174.1999969482422,1756500
2021-07-20,176.44590759277344,187.25,188.7100067138672,178.57000732421875,179.0,1268200
2021-07-21,179.2445526123047,190.22000122070312,198.3300018310547,189.22999572753906,194.0,1826100
2021-07-22,181.6379852294922,192.75999450683594,194.3300018310547,189.2899932861328,191.94000244140625,811300
2021-07-23,179.36705017089844,190.35000610351562,193.67999267578125,186.25,192.07000732421875,905500
2021-07-26,183.59796142578125,194.83999633789062,194.9199981689453,190.52000427246094,191.0,1038200
2021-07-27,178.0855255126953,188.99000549316406,191.99000549316406,184.9499969482422,191.57000732421875,1197000
2021-07-28,183.31527709960938,194.5399932861328,195.5,189.3800048828125,190.00999450683594,774900
2021-07-29,191.11753845214844,202.82000732421875,211.0,195.80999755859375,197.19000244140625,2550000
2021-07-30,194.1517791748047,206.0399932861328,207.58999633789062,201.50999450683594,202.82000732421875,1556400
2021-08-02,194.96214294433594,206.89999389648438,208.9600067138672,204.6300048828125,208.36000061035156,1109900
2021-08-03,195.03746032714844,206.97999572753906,207.80999755859375,201.5500030517578,204.7899932861328,1046900
2021-08-04,194.90557861328125,206.83999633789062,212.0399932861328,206.07000732421875,209.10000610351562,1153700
2021-08-05,206.00595092773438,218.6199951171875,226.22000122070312,208.30999755859375,209.86000061035156,2505200
2021-08-06,213.62913513183594,226.7100067138672,227.38999938964844,215.02000427246094,221.0,1651300
2021-08-09,218.02967834472656,231.3800048828125,232.52999877929688,220.0800018310547,224.7100067138672,1425200
2021-08-10,225.23826599121094,239.02999877929688,242.00999450683594,232.3000030517578,232.3000030517578,1977900
2021-08-11,222.37368774414062,235.99000549316406,242.07000732421875,227.74000549316406,240.0,1916300
2021-08-12,222.89193725585938,236.5399932861328,237.55999755859375,230.4199981689453,235.61000061035156,1089600
2021-08-13,221.6481170654297,235.22000122070312,239.9600067138672,233.14999389648438,237.9600067138672,849200
2021-08-16,212.86585998535156,225.89999389648438,232.4499969482422,221.35000610351562,232.4499969482422,2147800
2021-08-17,203.96107482910156,216.4499969482422,223.75,210.75999450683594,221.3800048828125,2133000
2021-08-18,205.167236328125,217.72999572753906,221.67999267578125,215.14999389648438,217.30999755859375,946100
2021-08-19,201.0399932861328,213.35000610351562,217.07000732421875,210.52000427246094,211.10000610351562,1361800
2021-08-20,207.00473022460938,219.67999267578125,220.50999450683594,213.72999572753906,213.82000732421875,1116800
2021-08-23,214.78814697265625,227.94000244140625,230.24000549316406,222.57000732421875,225.1300048828125,1550100
2021-08-24,215.97543334960938,229.1999969482422,229.3000030517578,222.0500030517578,228.1300048828125,1208600
2021-08-25,220.65869140625,234.1699981689453,240.5399932861328,227.5,229.5500030517578,1834600
2021-08-26,217.38890075683594,230.6999969482422,236.39999389648438,230.4499969482422,232.89999389648438,908400
2021-08-27,222.99557495117188,236.64999389648438,237.85000610351562,232.69000244140625,232.69000244140625,985000
2021-08-30,223.30653381347656,236.97999572753906,244.42999267578125,236.8800048828125,240.7100067138672,1119600
2021-08-31,223.08042907714844,236.74000549316406,237.10000610351562,230.5800018310547,237.00999450683594,833100
2021-09-01,225.39845275878906,239.1999969482422,241.3000030517578,233.66000366210938,236.74000549316406,924000
2021-09-02,229.94976806640625,244.02999877929688,248.7100067138672,240.0,240.0,1092800
2021-09-03,227.90496826171875,241.86000061035156,245.5399932861328,239.66000366210938,243.4600067138672,860500
2021-09-07,225.00270080566406,238.77999877929688,241.8699951171875,238.13999938964844,241.0,1042300
2021-09-08,225.47384643554688,239.27999877929688,243.75,235.33999633789062,243.75,1203200
2021-09-09,229.36558532714844,243.41000366210938,247.92999267578125,237.72999572753906,238.0,1172100
2021-09-10,227.2548065185547,241.1699981689453,253.10000610351562,240.97000122070312,249.83999633789062,1536200
2021-09-13,215.90951538085938,229.1300048828125,243.25,222.4499969482422,242.92999267578125,2522900
2021-09-14,217.17218017578125,230.47000122070312,235.0,228.74000549316406,232.1999969482422,1322400
2021-09-15,220.47964477539062,233.97999572753906,236.60000610351562,230.41000366210938,230.55999755859375,1469300
2021-09-16,218.27096557617188,231.25,232.55999755859375,225.35000610351562,232.3000030517578,1323100
2021-09-17,214.11793518066406,226.85000610351562,230.0,223.75,228.44000244140625,2097300
2021-09-20,203.38609313964844,215.47999572753906,218.0,210.24000549316406,216.64999389648438,2246600
2021-09-21,204.33938598632812,216.49000549316406,220.35000610351562,213.52999877929688,218.63999938964844,1008900
2021-09-22,210.74830627441406,223.27999877929688,226.63999938964844,217.02000427246094,219.6999969482422,904500
2021-09-23,216.28884887695312,229.14999389648438,232.24000549316406,226.88999938964844,226.88999938964844,1055100
2021-09-24,213.69317626953125,226.39999389648438,229.6699981689453,224.72000122070312,227.88999938964844,704200
2021-09-27,209.776123046875,222.25,226.67999267578125,220.02999877929688,225.99000549316406,843700
2021-09-28,204.30157470703125,216.4499969482422,219.94000244140625,215.05999755859375,219.00999450683594,984200
2021-09-29,206.68020629882812,218.97000122070312,220.9199981689453,216.39999389648438,218.80999755859375,740400
2021-09-30,206.68020629882812,218.97000122070312,228.85000610351562,218.83999633789062,223.63999938964844,1019700
2021-10-01,206.6046905517578,218.88999938964844,221.6300048828125,210.49000549316406,219.47000122070312,1116200
2021-10-04,203.1312255859375,215.2100067138672,220.0500030517578,212.61000061035156,219.0,1015800
2021-10-05,209.90826416015625,222.38999938964844,223.82000732421875,215.14999389648438,217.02000427246094,1049600
2021-10-06,209.88937377929688,222.3699951171875,222.77000427246094,214.55999755859375,220.0,1005800
2021-10-07,209.82330322265625,222.3000030517578,226.94000244140625,221.89999389648438,226.0,641000
2021-10-08,202.98965454101562,215.05999755859375,222.75999450683594,213.55999755859375,221.97999572753906,1260600
2021-10-11,202.14013671875,214.16000366210938,219.17999267578125,213.89999389648438,215.10000610351562,743100
2021-10-12,204.69805908203125,216.8699951171875,218.9499969482422,214.8699951171875,217.9600067138672,707300
2021-10-13,211.10696411132812,223.66000366210938,226.22000122070312,217.89999389648438,218.5,1016400
2021-10-14,218.34649658203125,231.3300018310547,232.3800048828125,225.0399932861328,225.0500030517578,1127900
2021-10-15,215.93016052246094,228.77000427246094,234.5399932861328,228.6199951171875,233.58999633789062,908300
2021-10-18,223.6133270263672,236.91000366210938,237.8699951171875,227.5399932861328,227.83999633789062,1223100
2021-10-19,222.70716857910156,235.9499969482422,244.36000061035156,233.07000732421875,243.77000427246094,1069900
2021-10-20,221.97093200683594,235.1699981689453,238.99000549316406,232.6300048828125,238.38999938964844,911700
2021-10-21,221.01763916015625,234.16000366210938,235.8000030517578,230.39999389648438,233.9199981689453,656500
2021-10-22,218.5164031982422,231.50999450683594,237.69000244140625,230.92999267578125,235.47999572753906,761800
2021-10-25,226.00132751464844,239.44000244140625,243.0,232.13999938964844,234.89999389648438,1600500
2021-10-26,222.90538024902344,236.16000366210938,242.14999389648438,234.0,239.44000244140625,1121200
2021-10-27,218.74288940429688,231.75,238.63999938964844,230.6300048828125,236.6999969482422,1140400
2021-10-28,232.39134216308594,246.2100067138672,246.2100067138672,232.75,233.25999450683594,1569900
2021-10-29,236.4122314453125,250.47000122070312,251.8000030517578,236.08999633789062,239.75,4261200
2021-11-01,241.5091552734375,255.8699951171875,259.17999267578125,249.58999633789062,256.0,1638100
2021-11-02,245.42623901367188,260.0199890136719,260.989990234375,251.5500030517578,256.0,1631500
2021-11-03,247.24795532226562,261.95001220703125,263.5,255.49000549316406,258.489990234375,1172500
2021-11-04,257.35675048828125,272.6600036621094,276.0,264.04998779296875,273.7699890136719,1841800
2021-11-05,257.2153015136719,272.510009765625,274.989990234375,267.4800109863281,273.7900085449219,990800
2021-11-08,262.8879089355469,278.5199890136719,279.95001220703125,272.6199951171875,275.79998779296875,1234600
2021-11-09,259.1596374511719,274.57000732421875,282.8699951171875,271.07000732421875,280.0,1051000
2021-11-10,250.8346710205078,265.75,274.0799865722656,263.57000732421875,269.8900146484375,1331100
2021-11-11,257.02642822265625,272.30999755859375,273.3800048828125,263.9599914550781,266.57000732421875,785700
2021-11-12,260.88690185546875,276.3999938964844,276.6199951171875,270.1000061035156,272.489990234375,767700
2021-11-15,256.063720703125,271.2900085449219,276.5299987792969,265.32000732421875,275.8299865722656,946100
2021-11-16,257.1775207519531,272.4700012207031,273.489990234375,267.0299987792969,269.55999755859375,674400
2021-11-17,258.04583740234375,273.3900146484375,275.8999938964844,270.25,273.20001220703125,603300
2021-11-18,259.24456787109375,274.6600036621094,278.239990234375,269.5899963378906,277.0,823400
2021-11-19,265.63458251953125,281.42999267578125,282.54998779296875,272.8800048828125,274.04998779296875,1028800
2021-11-22,267.87158203125,283.79998779296875,291.4800109863281,281.1000061035156,287.260009765625,2346100
2021-11-23,259.7165222167969,275.1600036621094,286.489990234375,271.0400085449219,282.0,1329500
2021-11-24,259.0746765136719,274.4800109863281,275.0,267.1099853515625,272.2799987792969,974400
2021-11-26,251.87290954589844,266.8500061035156,269.67999267578125,262.8399963378906,265.0,884300
2021-11-29,260.4055480957031,275.8900146484375,277.4700012207031,268.20001220703125,271.2900085449219,1004800
2021-11-30,251.5330810546875,266.489990234375,277.5899963378906,264.29998779296875,275.0,1377500
2021-12-01,245.2657928466797,259.8500061035156,276.0,259.79998779296875,270.010009765625,1247400
2021-12-02,246.71942138671875,261.3900146484375,264.8999938964844,255.35000610351562,261.0,1204300
2021-12-03,237.35610961914062,251.47000122070312,267.80999755859375,247.1199951171875,262.260009765625,1623500
2021-12-06,234.59059143066406,248.5399932861328,252.69000244140625,239.11000061035156,251.9499969482422,1036000
2021-12-07,244.96372985839844,259.5299987792969,263.19000244140625,253.25999450683594,253.25999450683594,888200
2021-12-08,249.78695678710938,264.6400146484375,265.8599853515625,258.69000244140625,261.0,832600
2021-12-09,243.01937866210938,257.4700012207031,266.489990234375,257.29998779296875,261.44000244140625,682200
2021-12-10,248.1162872314453,262.8699951171875,263.55999755859375,257.2200012207031,260.510009765625,667500
2021-12-13,234.83596801757812,248.8000030517578,263.0799865722656,247.9499969482422,263.0,1101600
2021-12-14,230.14491271972656,243.8300018310547,247.64999389648438,239.7100067138672,245.94000244140625,1207700
2021-12-15,226.33164978027344,239.7899932861328,240.47999572753906,226.94000244140625,229.32000732421875,1854800
2021-12-16,218.31454467773438,230.9199981689453,243.0,228.39999389648438,242.69000244140625,1470100
2021-12-17,217.3218994140625,229.8699951171875,232.52000427246094,222.25999450683594,227.07000732421875,2350400
2021-12-20,206.22276306152344,218.1300048828125,223.1699981689453,215.67999267578125,220.11000061035156,1703200
2021-12-21,211.9141387939453,224.14999389648438,225.0,219.77000427246094,222.4199981689453,805800
2021-12-22,212.93519592285156,225.22999572753906,228.92999267578125,223.4199981689453,224.0,779100
2021-12-23,215.45941162109375,227.89999389648438,229.47999572753906,223.1699981689453,225.69000244140625,810000
2021-12-27,220.3755645751953,233.10000610351562,233.33999633789062,227.5,229.5399932861328,593400
2021-12-28,220.09194946289062,232.8000030517578,236.7100067138672,231.02000427246094,236.11000061035156,704600
2021-12-29,219.83665466308594,232.52999877929688,232.91000366210938,227.07000732421875,231.5,573800
2021-12-30,221.55735778808594,234.35000610351562,237.22000122070312,231.0,231.0,610200
2021-12-31,221.00901794433594,233.77000427246094,237.1300048828125,233.47000122070312,234.00999450683594,380300
2022-01-03,223.75070190429688,236.6699981689453,239.0500030517578,229.39999389648438,236.72999572753906,1130500
2022-01-04,229.33807373046875,242.5800018310547,247.9499969482422,238.47000122070312,239.02000427246094,1142500
2022-01-05,222.77691650390625,235.63999938964844,247.42999267578125,235.3800048828125,240.0,1072100
2022-01-06,220.64027404785156,233.3800048828125,235.6699981689453,227.1699981689453,234.0,1002400
2022-01-07,223.1361846923828,236.02000427246094,238.8699951171875,231.72999572753906,234.00999450683594,795700
2022-01-10,214.58016967773438,226.97000122070312,233.0,220.0800018310547,231.0,1105400
2022-01-11,227.0596160888672,240.1699981689453,240.89999389648438,227.14999389648438,227.66000366210938,987000
2022-01-12,227.91050720214844,241.07000732421875,248.0,239.57000732421875,245.0,1143300
2022-01-13,222.3892822265625,235.22999572753906,246.7899932861328,234.52000427246094,242.9600067138672,610700
2022-01-14,220.91444396972656,233.6699981689453,235.8800048828125,228.92999267578125,232.0,557100
2022-01-18,213.94679260253906,226.3000030517578,232.27000427246094,224.32000732421875,230.97000122070312,773900
2022-01-19,207.69760131835938,219.69000244140625,229.19000244140625,219.5800018310547,227.82000732421875,705600
2022-01-20,205.29623413085938,217.14999389648438,227.27000427246094,214.8000030517578,220.69000244140625,1190800
2022-01-21,201.13645935058594,212.75,219.49000549316406,207.74000549316406,214.0399932861328,1345200
2022-01-24,200.35174560546875,211.9199981689453,212.77999877929688,197.13999938964844,205.9600067138672,1994700
2022-01-25,194.7643585205078,206.00999450683594,210.83999633789062,204.13999938964844,208.11000061035156,1231900
2022-01-26,194.39566040039062,205.6199951171875,214.64999389648438,202.55999755859375,211.5500030517578,1082600
2022-01-27,194.21603393554688,205.42999267578125,214.88999938964844,203.22000122070312,212.8300018310547,942500
2022-01-28,194.97232055664062,206.22999572753906,206.4499969482422,197.0,204.8300018310547,819500
2022-01-31,208.6902618408203,220.74000549316406,220.9600067138672,207.0,207.0,1137000
2022-02-01,212.9067840576172,225.1999969482422,229.41000366210938,219.85000610351562,227.55999755859375,916700
2022-02-02,209.39932250976562,221.49000549316406,226.9600067138672,220.97000122070312,225.91000366210938,818600
2022-02-03,203.32032775878906,215.05999755859375,220.99000549316406,214.5800018310547,218.0,654300
2022-02-04,204.22796630859375,216.02000427246094,219.0,213.4499969482422,214.5,720600
2022-02-07,207.7826690673828,219.77999877929688,223.8800048828125,217.22000122070312,217.4600067138672,780100
2022-02-08,214.3154754638672,226.69000244140625,227.41000366210938,218.2899932861328,218.92999267578125,1128400
2022-02-09,223.52377319335938,236.42999267578125,237.82000732421875,231.0800018310547,231.0800018310547,972400
2022-02-10,223.15504455566406,236.0399932861328,244.30999755859375,232.14999389648438,233.4499969482422,795700
2022-02-11,218.2861785888672,230.88999938964844,239.08999633789062,228.61000061035156,233.47000122070312,1009800
2022-02-14,215.2514190673828,227.67999267578125,233.8800048828125,224.91000366210938,230.17999267578125,875100
2022-02-15,228.21302795410156,241.38999938964844,242.8699951171875,232.1199951171875,232.1199951171875,1042100
2022-02-16,232.57139587402344,246.0,247.97999572753906,236.1999969482422,241.00999450683594,1394800
2022-02-17,186.26507568359375,197.02000427246094,221.0,194.8300018310547,218.49000549316406,6180600
2022-02-18,180.34683227539062,190.75999450683594,201.41000366210938,187.00999450683594,200.02000427246094,3060900
2022-02-22,181.3773193359375,191.85000610351562,199.6300048828125,188.60000610351562,189.10000610351562,1635500
2022-02-23,172.0650177001953,182.0,196.1199951171875,180.82000732421875,193.0,1644000
2022-02-24,174.14491271972656,184.1999969482422,184.9600067138672,169.92999267578125,172.25999450683594,1979800
2022-02-25,181.47189331054688,191.9499969482422,192.0,180.17999267578125,184.39999389648438,1135300
2022-02-28,185.19679260253906,195.88999938964844,200.8800048828125,190.52999877929688,192.60000610351562,1583600
2022-03-01,176.2626495361328,186.44000244140625,196.94000244140625,184.24000549316406,194.47999572753906,992000
2022-03-02,180.6871795654297,191.1199951171875,192.11000061035156,183.77000427246094,189.14999389648438,840600
2022-03-03,176.15859985351562,186.3300018310547,194.8300018310547,184.50999450683594,193.5,1071900
2022-03-04,169.29498291015625,179.07000732421875,184.75999450683594,174.72000122070312,182.99000549316406,1313900
2022-03-07,162.6959686279297,172.08999633789062,181.80999755859375,171.13999938964844,180.5800018310547,1051400
2022-03-08,170.87374877929688,180.74000549316406,184.6199951171875,170.00999450683594,171.52999877929688,1463500
2022-03-09,176.9149932861328,187.1300048828125,189.92999267578125,182.22999572753906,188.5399932861328,1332400
2022-03-10,178.08726501464844,188.3699951171875,189.30999755859375,183.50999450683594,184.6199951171875,785600
2022-03-11,174.6743621826172,184.75999450683594,191.4499969482422,184.63999938964844,188.77000427246094,769600
2022-03-14,166.66671752929688,176.2899932861328,186.1699981689453,175.25999450683594,184.8699951171875,973200
2022-03-15,172.0177459716797,181.9499969482422,182.6999969482422,172.77999877929688,175.36000061035156,834400
2022-03-16,180.81007385253906,191.25,193.97999572753906,185.75999450683594,185.8699951171875,890700
2022-03-17,186.03477478027344,196.3699951171875,196.60000610351562,187.83999633789062,187.83999633789062,706600
2022-03-18,187.806396484375,198.24000549316406,199.07000732421875,194.64999389648438,196.64999389648438,1347100
2022-03-21,188.22325134277344,198.67999267578125,200.6300048828125,193.0,199.02000427246094,818500
2022-03-22,194.77903747558594,205.60000610351562,206.35000610351562,197.91000366210938,198.97999572753906,990600
2022-03-23,197.2516632080078,208.2100067138672,212.22000122070312,202.66000366210938,203.2100067138672,903500
2022-03-24,202.8790283203125,214.14999389648438,214.67999267578125,206.47999572753906,208.0,753000
2022-03-25,206.1284942626953,217.5800018310547,218.02000427246094,212.4199981689453,214.11000061035156,836300
2022-03-28,203.0590362548828,214.33999633789062,218.97000122070312,210.3300018310547,217.41000366210938,832800
2022-03-29,210.7705841064453,222.47999572753906,223.88999938964844,214.1300048828125,218.0,859500
2022-03-30,211.4053192138672,223.14999389648438,226.60000610351562,219.4199981689453,220.8800048828125,934100
2022-03-31,209.5106201171875,221.14999389648438,230.0,221.07000732421875,222.3300018310547,1141500
2022-04-01,213.08218383789062,224.9199981689453,228.3800048828125,222.3800048828125,224.0,864500
2022-04-04,214.1432647705078,226.0399932861328,226.36000061035156,220.13999938964844,224.13999938964844,744000
2022-04-05,205.8632354736328,217.3000030517578,228.25999450683594,217.0800018310547,226.99000549316406,1136100
2022-04-06,200.340087890625,211.47000122070312,215.9499969482422,205.50999450683594,215.9499969482422,1381700
2022-04-07,200.7000732421875,211.85000610351562,215.0,205.82000732421875,212.0,847200
2022-04-08,199.89480590820312,211.0,214.69000244140625,206.1999969482422,212.66000366210938,736900
2022-04-11,195.15798950195312,206.0,209.14999389648438,201.4600067138672,207.33999633789062,1054000
2022-04-12,194.2295684814453,205.02000427246094,212.99000549316406,202.47999572753906,208.6999969482422,710100
2022-04-13,201.3158721923828,212.5,212.6999969482422,206.02000427246094,206.77000427246094,517400
2022-04-14,199.79061889648438,210.88999938964844,215.22000122070312,210.22000122070312,212.97000122070312,572600
2022-04-18,198.6348419189453,209.6699981689453,213.44000244140625,208.44000244140625,210.85000610351562,565900
2022-04-19,206.6685028076172,218.14999389648438,218.72999572753906,207.1699981689453,210.13999938964844,718300
2022-04-20,205.75901794433594,217.19000244140625,222.2100067138672,215.5800018310547,221.6699981689453,774000
2022-04-21,196.33270263671875,207.24000549316406,222.6999969482422,206.10000610351562,220.97999572753906,1190600
2022-04-22,190.080078125,200.63999938964844,210.6999969482422,200.3699951171875,207.52000427246094,877300
2022-04-25,188.0148162841797,198.4600067138672,200.19000244140625,191.10000610351562,198.10000610351562,1530000
2022-04-26,177.87794494628906,187.75999450683594,198.5,187.6300048828125,197.0399932861328,1013000
2022-04-27,182.11270141601562,192.22999572753906,196.3800048828125,187.36000061035156,187.36000061035156,1006900
2022-04-28,184.98318481445312,195.25999450683594,196.2899932861328,187.77999877929688,194.19000244140625,942300
2022-04-29,182.68113708496094,192.8300018310547,202.05999755859375,191.8000030517578,195.36000061035156,986900
2022-05-02,181.3453369140625,191.4199981689453,194.35000610351562,185.14999389648438,191.92999267578125,1020600
2022-05-03,186.74533081054688,197.1199951171875,198.44000244140625,190.3699951171875,190.57000732421875,928300
2022-05-04,204.1295623779297,215.47000122070312,215.47000122070312,204.3000030517578,210.89999389648438,2090100
2022-05-05,224.05270385742188,236.5,243.17999267578125,221.33999633789062,238.0,3740500
2022-05-06,229.65167236328125,242.41000366210938,242.91000366210938,228.0,235.5,2321100
2022-05-09,209.97482299804688,221.63999938964844,239.39999389648438,220.77000427246094,238.0,2422200
2022-05-10,209.77586364746094,221.42999267578125,229.5,213.5,227.17999267578125,1907400
2022-05-11,201.81797790527344,213.02999877929688,227.9499969482422,212.6300048828125,221.0,1203900
2022-05-12,202.2158660888672,213.4499969482422,218.0,204.50999450683594,212.0500030517578,1387900
2022-05-13,216.77694702148438,228.82000732421875,231.2100067138672,215.5,217.3000030517578,1078500
2022-05-16,214.4085235595703,226.32000732421875,233.9600067138672,223.6699981689453,226.0800018310547,974500
2022-05-17,226.63902282714844,239.22999572753906,239.3300018310547,231.22999572753906,232.49000549316406,1141400
2022-05-18,223.56008911132812,235.97999572753906,244.89999389648438,234.08999633789062,237.1199951171875,1109200
2022-05-19,226.4969482421875,239.0800018310547,243.1199951171875,233.8800048828125,234.67999267578125,1067900
2022-05-20,223.9958953857422,236.44000244140625,243.1199951171875,228.10000610351562,241.66000366210938,1120100
2022-05-23,230.1537628173828,242.94000244140625,243.6300048828125,235.47999572753906,240.0,1003400
2022-05-24,230.35269165039062,243.14999389648438,249.89999389648438,237.4199981689453,243.27999877929688,2202500
2022-05-25,225.00953674316406,237.50999450683594,247.19000244140625,232.38999938964844,243.99000549316406,1532600
2022-05-26,241.62644958496094,255.0500030517578,258.2900085449219,237.30999755859375,239.13999938964844,2265500
2022-05-27,256.6611633300781,270.9200134277344,273.67999267578125,257.57000732421875,259.0,1952600
2022-05-31,246.7137908935547,260.4200134277344,265.760009765625,254.25999450683594,265.0899963378906,2705900
2022-06-01,227.48219299316406,240.1199951171875,253.58999633789062,232.75,252.5,3401900
2022-06-02,238.06431579589844,251.2899932861328,251.47999572753906,233.0,233.58999633789062,1657700
2022-06-03,237.5621795654297,250.75999450683594,251.8300018310547,245.27999877929688,246.07000732421875,927500
2022-06-06,244.22218322753906,257.7900085449219,259.760009765625,253.0,254.22999572753906,1281000
2022-06-07,244.31695556640625,257.8900146484375,258.82000732421875,252.5,254.41000366210938,986000
2022-06-08,240.2716827392578,253.6199951171875,259.8699951171875,251.3000030517578,256.82000732421875,864200
2022-06-09,229.4121551513672,241.77999877929688,252.14999389648438,241.47999572753906,251.17999267578125,1211000
2022-06-10,224.7532958984375,236.8699951171875,241.14999389648438,234.89999389648438,238.88999938964844,1096100
2022-06-13,210.85269165039062,222.22000122070312,229.08999633789062,219.10000610351562,228.22000122070312,1652500
2022-06-14,211.90591430664062,223.3300018310547,228.16000366210938,221.02999877929688,223.4600067138672,1033100
2022-06-15,204.07791137695312,215.0800018310547,225.97999572753906,210.8800048828125,225.8000030517578,1951800
2022-06-16,191.82830810546875,202.1699981689453,209.57000732421875,198.6699981689453,209.1999969482422,2158500
2022-06-17,201.19342041015625,212.0399932861328,213.5399932861328,200.35000610351562,203.10000610351562,2401400
2022-06-21,205.26397705078125,216.3300018310547,218.9600067138672,213.3800048828125,217.14999389648438,1347800
2022-06-22,205.1785888671875,216.24000549316406,220.6999969482422,208.3699951171875,209.4499969482422,1243200
2022-06-23,202.692626953125,213.6199951171875,219.60000610351562,209.30999755859375,217.02999877929688,1163100
2022-06-24,213.291259765625,224.7899932861328,226.58999633789062,214.41000366210938,216.75,2392000
2022-06-27,215.02760314941406,226.6199951171875,228.58999633789062,221.00999450683594,221.63999938964844,1238400
2022-06-28,211.77308654785156,223.19000244140625,232.77999877929688,222.22000122070312,226.0,1586100
2022-06-29,201.05108642578125,211.88999938964844,223.1300048828125,208.63999938964844,222.16000366210938,1405600
2022-06-30,198.28997802734375,208.97999572753906,211.9499969482422,203.86000061035156,207.9600067138672,1250700
2022-07-01,194.65586853027344,205.14999389648438,208.77999877929688,200.4499969482422,205.67999267578125,1003000
2022-07-05,190.1773223876953,200.42999267578125,201.22000122070312,195.0800018310547,201.22000122070312,1203300
2022-07-06,188.15628051757812,198.3000030517578,202.16000366210938,193.6999969482422,200.13999938964844,1486500
2022-07-07,192.61587524414062,203.0,206.50999450683594,202.33999633789062,203.67999267578125,1594100
2022-07-08,195.39596557617188,205.92999267578125,208.5500030517578,200.27999877929688,203.5500030517578,907900
2022-07-11,189.5985565185547,199.82000732421875,202.25999450683594,197.19000244140625,201.67999267578125,897700
2022-07-12,185.80311584472656,195.82000732421875,199.58999633789062,193.16000366210938,197.74000549316406,938500
2022-07-13,185.9739227294922,196.0,198.11000061035156,189.25,191.60000610351562,881900
2022-07-14,186.60018920898438,196.66000366210938,196.75999450683594,190.17999267578125,192.6699981689453,992300
2022-07-15,190.43350219726562,200.6999969482422,201.50999450683594,195.3300018310547,200.35000610351562,912500
2022-07-18,193.4508514404297,203.8800048828125,208.2100067138672,202.5500030517578,206.25,940300
2022-07-19,200.70001220703125,211.52000427246094,212.30999755859375,207.00999450683594,207.86000061035156,780900
2022-07-20,208.2812957763672,219.50999450683594,220.52000427246094,210.6300048828125,213.77999877929688,933400
2022-07-21,214.05978393554688,225.60000610351562,226.07000732421875,219.25,219.5,865200
2022-07-22,210.13156127929688,221.4600067138672,228.27000427246094,220.24000549316406,228.0,707700
2022-07-25,215.9290008544922,227.57000732421875,227.7899932861328,217.16000366210938,221.5800018310547,720600
2022-07-26,213.5853729248047,225.10000610351562,229.1199951171875,224.44000244140625,228.27000427246094,881500
2022-07-27,222.30528259277344,234.2899932861328,235.6699981689453,225.0399932861328,228.33999633789062,786900
2022-07-28,224.23146057128906,236.32000732421875,239.05999755859375,232.58999633789062,237.08999633789062,1084000
2022-07-29,231.81272888183594,244.30999755859375,245.7100067138672,237.0,238.5,1506600
2022-08-01,227.68524169921875,239.9600067138672,243.9499969482422,237.47000122070312,242.5,957300
2022-08-02,231.41419982910156,243.88999938964844,246.6199951171875,238.63999938964844,239.0,1025400
2022-08-03,227.2866973876953,239.5399932861328,246.0,234.1699981689453,246.0,1407700
2022-08-04,222.8745880126953,234.88999938964844,250.14999389648438,230.02000427246094,246.1999969482422,2192000
2022-08-05,225.81600952148438,237.99000549316406,243.8000030517578,231.77000427246094,232.22999572753906,1428000
2022-08-08,232.31558227539062,244.83999633789062,253.57000732421875,242.9600067138672,243.5399932861328,1468800
2022-08-09,232.14479064941406,244.66000366210938,247.97000122070312,241.07000732421875,244.6300048828125,762000
2022-08-10,246.03590393066406,259.29998779296875,259.3999938964844,248.67999267578125,249.99000549316406,1359900
2022-08-11,252.1085205078125,265.70001220703125,272.45001220703125,263.0899963378906,263.0899963378906,1983300
2022-08-12,267.166748046875,281.57000732421875,281.6499938964844,266.45001220703125,267.0,1995700
2022-08-15,269.5483093261719,284.0799865722656,289.0899963378906,276.2099914550781,276.5799865722656,1793900
2022-08-16,266.44561767578125,280.80999755859375,284.54998779296875,276.8800048828125,283.4700012207031,1297800
2022-08-17,263.4187316894531,277.6199951171875,283.6099853515625,273.8999938964844,275.5,987700
2022-08-18,265.2121276855469,279.510009765625,282.010009765625,275.9200134277344,278.8999938964844,1070700
2022-08-19,256.2075500488281,270.0199890136719,276.0,266.29998779296875,275.9200134277344,1223700
2022-08-22,261.596923828125,275.70001220703125,277.1000061035156,263.3500061035156,265.0,1454300
2022-08-23,266.6543273925781,281.0299987792969,283.9100036621094,276.20001220703125,277.5899963378906,1038700
2022-08-24,273.1539611816406,287.8800048828125,288.6000061035156,280.010009765625,282.0,795200
2022-08-25,280.5549011230469,295.67999267578125,298.1700134277344,290.1499938964844,290.5899963378906,1370000
2022-08-26,273.41961669921875,288.1600036621094,296.5400085449219,286.5199890136719,296.1099853515625,920700
2022-08-29,270.392822265625,284.9700012207031,290.3399963378906,280.3500061035156,282.8699951171875,744300
2022-08-30,258.81695556640625,272.7699890136719,288.0,271.6099853515625,286.80999755859375,1913400
2022-08-31,254.25291442871094,267.9599914550781,273.0899963378906,267.3699951171875,272.760009765625,1558200
2022-09-01,243.81561279296875,256.9599914550781,264.2699890136719,249.5800018310547,264.2699890136719,1725600
2022-09-02,246.58628845214844,259.8800048828125,265.9599914550781,257.7699890136719,262.8399963378906,1194600
2022-09-06,253.0574493408203,266.70001220703125,270.5,258.7200012207031,268.989990234375,1411900
2022-09-07,264.9179382324219,279.20001220703125,279.67999267578125,264.4700012207031,265.05999755859375,1386900
2022-09-08,276.52239990234375,291.42999267578125,292.2900085449219,276.9800109863281,277.69000244140625,1635200
2022-09-09,285.00506591796875,300.3699951171875,302.5400085449219,295.0,295.0,1580700
2022-09-12,281.77899169921875,296.9700012207031,300.4100036621094,291.79998779296875,300.3900146484375,1060900
2022-09-13,282.8416748046875,298.0899963378906,307.1199951171875,285.54998779296875,286.55999755859375,1957100
2022-09-14,291.3432922363281,307.04998779296875,308.239990234375,295.1000061035156,296.4800109863281,1590600
2022-09-15,272.4322509765625,286.75,303.8500061035156,286.4700012207031,302.1499938964844,1618900
2022-09-16,272.9737854003906,287.32000732421875,288.04998779296875,277.0299987792969,281.260009765625,1925100
2022-09-19,282.12298583984375,296.95001220703125,297.7099914550781,281.82000732421875,281.8500061035156,1134700
2022-09-20,273.2872619628906,287.6499938964844,294.0,284.30999755859375,293.3900146484375,903700
2022-09-21,270.79815673828125,285.0299987792969,297.5299987792969,284.8500061035156,290.80999755859375,995100
2022-09-22,258.5612487792969,272.1499938964844,289.8699951171875,270.739990234375,289.1199951171875,1576200
2022-09-23,255.99606323242188,269.45001220703125,269.8500061035156,260.30999755859375,265.0,1485300
2022-09-26,251.79681396484375,265.0299987792969,274.6099853515625,264.42999267578125,266.7900085449219,1256300
2022-09-27,256.2145690917969,269.67999267578125,276.3299865722656,265.0799865722656,271.19000244140625,1160400
2022-09-28,264.0716247558594,277.95001220703125,279.0,264.54998779296875,267.0,1179200
2022-09-29,252.186279296875,265.44000244140625,274.0799865722656,262.1000061035156,273.82000732421875,1014400
2022-09-30,251.2362060546875,264.44000244140625,270.5299987792969,261.7300109863281,263.20001220703125,1078000
2022-10-03,260.0623474121094,273.7300109863281,275.7300109863281,262.3699951171875,270.75,1524700
2022-10-04,269.61053466796875,283.7799987792969,289.04998779296875,278.70001220703125,284.9100036621094,1266500
2022-10-05,262.97900390625,276.79998779296875,281.1700134277344,268.69000244140625,280.4200134277344,1118800
2022-10-06,266.9123229980469,280.94000244140625,285.29998779296875,274.3900146484375,274.3900146484375,1359600
2022-10-07,258.9222412109375,272.5299987792969,276.9700012207031,266.2699890136719,276.4800109863281,1031600
2022-10-10,264.21417236328125,278.1000061035156,278.45001220703125,269.7300109863281,273.5400085449219,1030000
2022-10-11,259.3592834472656,272.989990234375,275.8699951171875,267.54998779296875,274.1099853515625,1412400
2022-10-12,238.89479064941406,251.4499969482422,272.8299865722656,245.44000244140625,272.0,3589500
2022-10-13,243.2176055908203,256.0,257.94000244140625,231.6699981689453,237.5,2691200
2022-10-14,225.61282348632812,237.47000122070312,261.0299987792969,236.8800048828125,258.989990234375,1985700
2022-10-17,235.64556884765625,248.02999877929688,251.41000366210938,243.6999969482422,245.02000427246094,1327600
2022-10-18,239.10382080078125,251.6699981689453,257.94000244140625,249.64999389648438,255.50999450683594,973900
2022-10-19,243.70217895507812,256.510009765625,256.8299865722656,247.86000061035156,250.0,1151200
2022-10-20,242.63809204101562,255.38999938964844,261.2200012207031,252.61000061035156,258.3299865722656,1067800
2022-10-21,256.52813720703125,270.010009765625,271.3699951171875,254.50999450683594,255.97000122070312,1318400
2022-10-24,257.0602111816406,270.57000732421875,270.8800048828125,258.8800048828125,269.0,991600
2022-10-25,267.3778381347656,281.42999267578125,282.2099914550781,268.8699951171875,270.04998779296875,1103500
2022-10-26,268.0619201660156,282.1499938964844,287.07000732421875,279.3900146484375,283.4200134277344,1051200
2022-10-27,268.0809631347656,282.1700134277344,284.5,274.29998779296875,284.0,1000200
2022-10-28,266.1712646484375,280.1600036621094,285.8299865722656,276.1199951171875,281.20001220703125,940600
2022-10-31,265.8957214355469,279.8699951171875,281.5299987792969,273.7300109863281,277.8800048828125,2300800
2022-11-01,265.0691833496094,279.0,287.8800048828125,278.8900146484375,285.6600036621094,1276200
2022-11-02,253.2123565673828,266.5199890136719,279.5,265.5,276.17999267578125,1594800
2022-11-03,260.8509216308594,274.55999755859375,278.5,250.5,253.0,2240900
2022-11-04,270.76007080078125,284.989990234375,286.739990234375,275.44000244140625,283.8900146484375,1480500
2022-11-07,272.1851806640625,286.489990234375,288.2799987792969,281.67999267578125,286.82000732421875,871800
2022-11-08,290.7305603027344,306.010009765625,311.5299987792969,288.5199890136719,290.3399963378906,2023100
2022-11-09,285.1441955566406,300.1300048828125,310.5,297.5899963378906,304.510009765625,1428100
2022-11-10,304.7535400390625,320.7699890136719,320.80999755859375,304.2799987792969,311.1199951171875,1473300
2022-11-11,309.1333923339844,325.3800048828125,334.54998779296875,319.2300109863281,323.0,1421500
2022-11-14,300.5542907714844,316.3500061035156,323.7200012207031,309.6600036621094,322.75,1628600
2022-11-15,281.0872802734375,295.8599853515625,301.3299865722656,280.6000061035156,300.6700134277344,3161100
2022-11-16,272.451171875,286.7699890136719,296.739990234375,285.32000732421875,295.3599853515625,1486600
2022-11-17,263.5965881347656,277.45001220703125,284.0,275.0199890136719,283.6400146484375,1683400
2022-11-18,263.1500549316406,276.9800109863281,281.0,274.3599853515625,281.0,1266200
2022-11-21,268.7554626464844,282.8800048828125,286.5299987792969,269.57000732421875,275.1600036621094,1363100
2022-11-22,268.9549560546875,283.0899963378906,285.7699890136719,277.44000244140625,283.6600036621094,1239300
2022-11-23,269.7244873046875,283.8999938964844,289.0400085449219,279.82000732421875,282.0899963378906,994300
2022-11-25,259.1977844238281,272.82000732421875,277.67999267578125,266.7099914550781,276.79998779296875,1341900
2022-11-28,252.82281494140625,266.1099853515625,268.3900146484375,263.5,267.1700134277344,1662900
2022-11-29,256.5375671386719,270.0199890136719,274.4200134277344,266.3900146484375,269.1000061035156,1219000
2022-11-30,264.109619140625,277.989990234375,278.32000732421875,268.3500061035156,270.20001220703125,1604800
2022-12-01,261.54443359375,275.2900085449219,280.5199890136719,268.760009765625,280.25,1086100
2022-12-02,270.0855712890625,284.2799987792969,285.3999938964844,272.69000244140625,273.69000244140625,1178200
2022-12-05,251.98672485351562,265.2300109863281,282.3599853515625,265.1199951171875,281.3599853515625,1872000
2022-12-06,245.10821533203125,257.989990234375,267.3800048828125,255.38999938964844,267.3800048828125,1775700
2022-12-07,244.74722290039062,257.6099853515625,265.3800048828125,256.57000732421875,260.7300109863281,1240400
2022-12-08,243.24610900878906,256.0299987792969,263.6600036621094,254.35000610351562,263.6600036621094,1412600
2022-12-09,240.60491943359375,253.25,257.7200012207031,252.3699951171875,256.9700012207031,1186400
2022-12-12,246.40982055664062,259.3599853515625,261.1000061035156,250.58999633789062,252.3699951171875,1243500
2022-12-13,248.83250427246094,261.9100036621094,269.0,259.54998779296875,268.8500061035156,940800
2022-12-14,235.48403930664062,247.86000061035156,263.0799865722656,246.66000366210938,260.4700012207031,1988600
2022-12-15,228.8562774658203,240.5,246.58999633789062,237.77000427246094,240.72999572753906,1955800
2022-12-16,231.1019744873047,242.86000061035156,244.58999633789062,236.91000366210938,238.72000122070312,2508600
2022-12-19,222.04290771484375,233.33999633789062,243.1300048828125,231.2899932861328,242.75,1271400
2022-12-20,222.1951446533203,233.5,236.2899932861328,229.07000732421875,230.1199951171875,1033700
2022-12-21,221.36727905273438,232.6300048828125,237.6999969482422,227.0500030517578,234.2899932861328,1381400
2022-12-22,215.0392608642578,225.97999572753906,229.3800048828125,222.13999938964844,229.13999938964844,1228600
2022-12-23,215.9718017578125,226.9600067138672,227.16000366210938,221.24000549316406,224.47999572753906,678700
2022-12-27,203.79151916503906,214.16000366210938,226.1699981689453,213.52000427246094,225.2899932861328,1871700
2022-12-28,203.6772918701172,214.0399932861328,217.02000427246094,210.4199981689453,213.44000244140625,1754800
2022-12-29,206.94125366210938,217.47000122070312,221.85000610351562,216.8699951171875,217.8699951171875,1285600
2022-12-30,206.3607940673828,216.86000061035156,218.47999572753906,213.60000610351562,215.13999938964844,951800
2023-01-03,204.11509704589844,214.5,219.47999572753906,208.57000732421875,219.14999389648438,2293400
2023-01-04,212.7459259033203,223.57000732421875,224.86000061035156,215.6699981689453,219.10000610351562,1734700
2023-01-05,208.0260467529297,218.61000061035156,224.82000732421875,217.0500030517578,222.27999877929688,1549000
2023-01-06,210.9093475341797,221.63999938964844,223.0,215.2899932861328,220.0,1618100
2023-01-09,213.15509033203125,224.0,230.44000244140625,224.0,224.67999267578125,1467700
2023-01-10,213.05996704101562,223.89999389648438,227.38999938964844,220.6699981689453,225.35000610351562,896500
2023-01-11,225.10699462890625,236.55999755859375,238.0500030517578,227.4499969482422,228.30999755859375,1931400
2023-01-12,231.43507385253906,243.2100067138672,244.77000427246094,235.66000366210938,238.05999755859375,1462200
2023-01-13,230.50254821777344,242.22999572753906,242.32000732421875,233.33999633789062,236.0,1262900
2023-01-17,231.30186462402344,243.07000732421875,245.42999267578125,241.75999450683594,243.52000427246094,1354300
2023-01-18,231.9965057373047,243.8000030517578,251.8800048828125,243.5500030517578,245.61000061035156,1181600
2023-01-19,227.5335693359375,239.11000061035156,244.0,235.8300018310547,242.19000244140625,1452500
2023-01-20,236.45944213867188,248.49000549316406,248.86000061035156,239.7100067138672,241.3699951171875,1266600
2023-01-23,248.02120971679688,260.6400146484375,261.1000061035156,248.91000366210938,249.5,1977000
2023-01-24,251.72280883789062,264.5299987792969,267.0,252.64999389648438,257.0,1740700
2023-01-25,257.860595703125,270.9800109863281,271.29998779296875,260.7300109863281,264.2300109863281,1272900
2023-01-26,265.9205017089844,279.45001220703125,285.44000244140625,275.760009765625,277.6700134277344,1849400
2023-01-27,268.0806579589844,281.7200012207031,285.3299865722656,278.1700134277344,281.239990234375,1234100
2023-01-30,258.8121643066406,271.9800109863281,280.79998779296875,271.7300109863281,276.8599853515625,1129000
2023-01-31,267.8236999511719,281.45001220703125,282.44000244140625,271.0899963378906,272.3500061035156,1554400
2023-02-01,272.0582275390625,285.8999938964844,289.2699890136719,279.4700012207031,280.1400146484375,1329400
2023-02-02,276.10247802734375,290.1499938964844,291.0899963378906,285.5,288.70001220703125,1209300
2023-02-03,273.3238830566406,287.2300109863281,291.9800109863281,285.1199951171875,288.4200134277344,1166900
2023-02-06,263.4083251953125,276.80999755859375,290.17999267578125,276.5899963378906,286.3599853515625,1415700
2023-02-07,265.8158264160156,279.3399963378906,280.2799987792969,273.260009765625,277.3999938964844,1068000
2023-02-08,255.16758728027344,268.1499938964844,281.3399963378906,267.7900085449219,277.989990234375,1523600
2023-02-09,254.44436645507812,267.3900146484375,276.5199890136719,266.1000061035156,271.0,1202900
2023-02-10,255.30084228515625,268.2900085449219,268.8399963378906,259.30999755859375,264.9800109863281,1391300
2023-02-13,256.8614807128906,269.92999267578125,271.6000061035156,267.8900146484375,268.3999938964844,843500
2023-02-14,257.5941162109375,270.70001220703125,273.8399963378906,266.4200134277344,267.239990234375,1168500
2023-02-15,259.58294677734375,272.7900085449219,273.0899963378906,268.1099853515625,268.19000244140625,1542100
2023-02-16,271.79180908203125,285.6199951171875,293.010009765625,263.0299987792969,276.5,3076300
2023-02-17,245.51853942871094,258.010009765625,279.0400085449219,252.52000427246094,278.8699951171875,5758300
2023-02-21,230.24559020996094,241.9600067138672,256.9100036621094,241.3800048828125,256.4700012207031,3003300
2023-02-22,234.51820373535156,246.4499969482422,247.61000061035156,242.1699981689453,243.0,1993500
2023-02-23,241.55992126464844,253.85000610351562,254.64999389648438,245.63999938964844,250.0,2271300
2023-02-24,237.43959045410156,249.52000427246094,251.0,244.55999755859375,248.83999633789062,1301700
2023-02-27,244.57643127441406,257.0199890136719,260.20001220703125,252.16000366210938,253.25999450683594,1907600
2023-02-28,241.99766540527344,254.30999755859375,260.989990234375,254.25999450683594,257.4599914550781,1630900
2023-03-01,240.4084930419922,252.63999938964844,256.3299865722656,249.80999755859375,255.49000549316406,1311500
2023-03-02,238.2579345703125,250.3800048828125,252.0800018310547,242.5,246.3699951171875,1801000
2023-03-03,246.8126678466797,259.3699951171875,259.5299987792969,249.7100067138672,251.39999389648438,1186100
2023-03-06,244.45277404785156,256.8900146484375,263.25,255.14999389648438,260.2300109863281,971800
2023-03-07,236.849609375,248.89999389648438,257.04998779296875,247.02999877929688,254.4600067138672,1331500
2023-03-08,240.98895263671875,253.25,254.35000610351562,248.22999572753906,248.92999267578125,921800
2023-03-09,225.2877960205078,236.75,255.32000732421875,236.24000549316406,252.91000366210938,1708800
2023-03-10,214.2304229736328,225.1300048828125,235.02999877929688,223.91000366210938,235.0,2619300
2023-03-13,212.19400024414062,222.99000549316406,230.05999755859375,215.82000732421875,220.1199951171875,1838300
2023-03-14,214.4492950439453,225.36000061035156,229.61000061035156,222.16000366210938,228.64999389648438,2037900
2023-03-15,204.01988220214844,214.39999389648438,219.27999877929688,210.10000610351562,218.00999450683594,3029300
2023-03-16,204.60145568847656,214.61000061035156,215.4600067138672,207.27000427246094,212.67999267578125,1928100
2023-03-17,198.76683044433594,208.49000549316406,213.19000244140625,206.63999938964844,213.19000244140625,2300300
2023-03-20,203.2572021484375,213.1999969482422,215.39999389648438,204.66000366210938,208.75,1795300
2023-03-21,212.53343200683594,222.92999267578125,223.91000366210938,216.77000427246094,218.5800018310547,1905100
2023-03-22,206.03150939941406,216.11000061035156,225.83999633789062,216.07000732421875,223.38999938964844,1515900
2023-03-23,205.58340454101562,215.63999938964844,224.55999755859375,213.07000732421875,218.5800018310547,1422800
2023-03-24,207.63314819335938,217.7899932861328,217.94000244140625,208.6699981689453,212.41000366210938,1588200
2023-03-27,208.67230224609375,218.8800048828125,221.9600067138672,216.60000610351562,220.9499969482422,2045000
2023-03-28,207.9858856201172,218.16000366210938,224.7100067138672,216.47000122070312,222.3000030517578,1817500
2023-03-29,213.9921112060547,224.4600067138672,224.7100067138672,218.55999755859375,223.0,1373900
2023-03-30,212.0662841796875,222.44000244140625,229.32000732421875,222.42999267578125,228.66000366210938,1294000
2023-03-31,210.73155212402344,221.0399932861328,224.57000732421875,219.22000122070312,223.22999572753906,1835400
2023-04-03,208.24327087402344,218.42999267578125,223.2899932861328,217.30999755859375,221.22000122070312,1507600
2023-04-04,199.79647827148438,209.57000732421875,216.94000244140625,207.1999969482422,216.94000244140625,2212500
2023-04-05,187.53622436523438,196.7100067138672,201.1199951171875,193.25999450683594,200.9600067138672,4657500
2023-04-06,185.6009063720703,194.67999267578125,195.99000549316406,193.02000427246094,195.17999267578125,2014400
2023-04-10,190.5011749267578,199.82000732421875,199.89999389648438,193.58999633789062,194.47000122070312,2008200
2023-04-11,192.3030548095703,201.7100067138672,202.35000610351562,197.0500030517578,201.30999755859375,1736700
2023-04-12,192.29347229003906,201.6999969482422,206.75999450683594,201.44000244140625,205.85000610351562,1320100
2023-04-13,193.54241943359375,203.00999450683594,205.33999633789062,199.9600067138672,203.19000244140625,1280100
2023-04-14,194.4862518310547,204.0,212.47000122070312,203.52999877929688,204.58999633789062,2266800
2023-04-17,196.29763793945312,205.89999389648438,208.3699951171875,204.52999877929688,205.02000427246094,3497800
2023-04-18,195.69700622558594,205.27000427246094,212.22000122070312,203.94000244140625,209.64999389648438,2059800
2023-04-19,194.27650451660156,203.77999877929688,205.0,201.50999450683594,202.44000244140625,1092600
2023-04-20,184.0469207763672,193.0500030517578,200.35000610351562,193.0500030517578,198.36000061035156,2432500
2023-04-21,165.64697265625,173.75,188.55999755859375,171.82000732421875,188.5,8800100
2023-04-24,175.38082885742188,183.9600067138672,184.8000030517578,177.7100067138672,178.55999755859375,5918200
2023-04-25,168.42129516601562,176.66000366210938,180.6300048828125,176.33999633789062,179.94000244140625,2720700
2023-04-26,172.74954223632812,181.1999969482422,182.99000549316406,177.52999877929688,177.52999877929688,3286500
2023-04-27,177.32569885253906,186.0,188.92999267578125,180.5,181.85000610351562,2417800
2023-04-28,176.81089782714844,185.4600067138672,186.0,182.7100067138672,185.3000030517578,2521100
2023-05-01,169.00283813476562,177.27000427246094,187.7899932861328,177.0800018310547,187.52999877929688,1906200
2023-05-02,165.31329345703125,173.39999389648438,176.2100067138672,172.25999450683594,175.35000610351562,2315100
2023-05-03,164.84613037109375,172.91000366210938,182.3800048828125,172.69000244140625,180.4499969482422,3640800
2023-05-04,167.45834350585938,175.64999389648438,184.92999267578125,172.6199951171875,173.0,4558400
2023-05-05,171.3195037841797,179.6999969482422,185.0,179.42999267578125,179.42999267578125,2363500
2023-05-08,177.21131896972656,185.8800048828125,186.88999938964844,183.05999755859375,184.0,2718600
2023-05-09,186.06802368164062,195.1699981689453,197.38999938964844,187.5,187.5,3323700
2023-05-10,185.4387969970703,194.50999450683594,199.8000030517578,192.24000549316406,198.8300018310547,2329100
2023-05-11,189.26182556152344,198.52000427246094,201.67999267578125,197.3000030517578,199.44000244140625,2400600
2023-05-12,186.65916442871094,195.7899932861328,200.75999450683594,194.3699951171875,198.5800018310547,1429400
2023-05-15,194.2479248046875,203.75,208.1699981689453,200.66000366210938,200.66000366210938,2564300
2023-05-16,196.078369140625,205.6699981689453,207.77999877929688,201.60000610351562,202.27000427246094,2260200
2023-05-17,198.29017639160156,207.99000549316406,209.6300048828125,203.32000732421875,205.11000061035156,1581100
2023-05-18,200.3398895263672,210.13999938964844,212.67999267578125,208.2899932861328,212.07000732421875,2021800
2023-05-19,194.6292266845703,204.14999389648438,209.42999267578125,203.4499969482422,208.5,1577900
2023-05-22,196.86968994140625,206.5,210.57000732421875,205.22000122070312,209.5,1882300
2023-05-23,205.9933319091797,216.07000732421875,220.10000610351562,206.00999450683594,206.4199981689453,4014300
2023-05-24,202.33241271972656,212.22999572753906,214.80999755859375,209.49000549316406,214.2899932861328,1787200
2023-05-25,195.4110107421875,204.97000122070312,211.86000061035156,202.8000030517578,211.5,2912500
2023-05-26,194.47671508789062,203.99000549316406,208.6300048828125,201.02000427246094,208.3000030517578,1743500
2023-05-30,192.446044921875,201.86000061035156,206.02999877929688,199.10000610351562,204.75,1690100
2023-05-31,184.5045166015625,193.52999877929688,200.97000122070312,192.42999267578125,199.92999267578125,2551600
2023-06-01,186.42079162597656,195.5399932861328,197.6300048828125,191.64999389648438,193.32000732421875,1614900
2023-06-02,198.64291381835938,208.36000061035156,210.1699981689453,202.4600067138672,203.22000122070312,2113100
2023-06-05,196.55503845214844,206.1699981689453,209.5399932861328,204.7100067138672,209.36000061035156,1242500
2023-06-06,203.17140197753906,213.11000061035156,215.35000610351562,203.52999877929688,204.0,1607600
2023-06-07,208.6151123046875,218.82000732421875,219.13999938964844,213.27000427246094,213.91000366210938,1918500
2023-06-08,209.37779235839844,219.6199951171875,220.5500030517578,216.33999633789062,218.8000030517578,1609700
2023-06-09,210.21676635742188,220.5,222.8300018310547,218.36000061035156,220.0500030517578,1492600
2023-06-12,208.35769653320312,218.5500030517578,220.57000732421875,217.10000610351562,220.1699981689453,1478700
2023-06-13,218.17738342285156,228.85000610351562,229.5800018310547,219.5399932861328,220.85000610351562,2178500
2023-06-14,216.2229766845703,226.8000030517578,233.74000549316406,225.00999450683594,231.3000030517578,1942700
2023-06-15,220.53021240234375,230.91000366210938,232.36000061035156,224.66000366210938,225.25,1367900
2023-06-16,217.9133758544922,228.1699981689453,231.89999389648438,227.1999969482422,231.36000061035156,2348800
2023-06-20,221.78134155273438,232.22000122070312,233.60000610351562,225.08999633789062,228.57000732421875,2286600
2023-06-21,220.0240478515625,230.3800048828125,233.02999877929688,229.17999267578125,230.0,1553500
2023-06-22,215.84092712402344,226.0,228.77000427246094,222.41000366210938,228.77000427246094,1594700
2023-06-23,210.28257751464844,220.17999267578125,221.9600067138672,218.1999969482422,221.69000244140625,3467300
2023-06-26,215.0959930419922,225.22000122070312,228.02999877929688,221.3699951171875,221.85000610351562,1688700
2023-06-27,216.8628387451172,227.07000732421875,227.99000549316406,221.39999389648438,224.8000030517578,1174900
2023-06-28,207.24551391601562,217.0,225.64999389648438,216.6999969482422,225.47999572753906,1901300
2023-06-29,209.13645935058594,218.97999572753906,219.6199951171875,215.6199951171875,217.1300048828125,1604900
2023-06-30,213.0617218017578,223.08999633789062,223.8300018310547,216.60000610351562,219.2899932861328,1348400
2023-07-03,218.95437622070312,229.25999450683594,232.16000366210938,224.25999450683594,224.25999450683594,1496100
2023-07-05,218.72520446777344,229.02000427246094,232.19000244140625,226.42999267578125,228.1999969482422,1485200
2023-07-06,217.34034729003906,227.57000732421875,227.9600067138672,219.8699951171875,225.47999572753906,1690400
2023-07-07,226.8430938720703,237.52000427246094,240.25999450683594,227.0,227.0,2141200
2023-07-10,229.077880859375,239.86000061035156,241.19000244140625,236.80999755859375,237.5,1281700
2023-07-11,228.34249877929688,239.08999633789062,247.44000244140625,238.00999450683594,244.49000549316406,1525100
2023-07-12,232.4969482421875,243.44000244140625,246.7100067138672,240.0,240.0,1181900
2023-07-13,230.80653381347656,241.6699981689453,246.0,240.1199951171875,246.0,994800
2023-07-14,224.69422912597656,235.27000427246094,241.74000549316406,234.5,241.49000549316406,1080400
2023-07-17,226.97677612304688,237.66000366210938,239.4499969482422,234.0,234.1199951171875,880100
2023-07-18,226.37509155273438,237.02999877929688,239.1300048828125,235.0800018310547,238.00999450683594,1071000
2023-07-19,222.06785583496094,232.52000427246094,237.5500030517578,231.5399932861328,237.0,1242500
2023-07-20,213.08084106445312,223.11000061035156,231.52999877929688,221.57000732421875,230.0,2255800
2023-07-21,206.28089904785156,215.99000549316406,221.1199951171875,211.57000732421875,220.75,2833300
2023-07-24,201.32418823242188,210.8000030517578,214.38999938964844,208.35000610351562,213.9199981689453,2291700
2023-07-25,202.9573211669922,212.50999450683594,217.77000427246094,211.41000366210938,212.63999938964844,2097700
2023-07-26,200.57925415039062,210.02000427246094,213.11000061035156,208.13999938964844,211.47000122070312,1626900
2023-07-27,196.6921844482422,205.9499969482422,210.9499969482422,205.11000061035156,210.92999267578125,2250200
2023-07-28,198.6978302001953,208.0500030517578,211.9600067138672,205.6199951171875,210.3300018310547,1828100
2023-07-31,202.73765563964844,212.27999877929688,215.82000732421875,206.80999755859375,208.07000732421875,3307800
2023-08-01,198.6405029296875,207.99000549316406,211.0399932861328,205.92999267578125,210.0,1944300
2023-08-02,193.76976013183594,202.88999938964844,205.72000122070312,201.0,205.49000549316406,2041500
2023-08-03,190.38890075683594,199.35000610351562,214.99000549316406,198.82000732421875,214.5399932861328,3202400
2023-08-04,191.0956268310547,200.08999633789062,205.86000061035156,199.25999450683594,200.89999389648438,2148800
2023-08-07,187.90573120117188,196.75,200.44000244140625,194.72000122070312,200.14999389648438,1723500
2023-08-08,186.8551788330078,195.64999389648438,195.6999969482422,191.52999877929688,193.91000366210938,1505900
2023-08-09,185.48948669433594,194.22000122070312,197.5399932861328,194.11000061035156,196.5,1077800
2023-08-10,183.05410766601562,191.6699981689453,195.82000732421875,191.16000366210938,195.5500030517578,1954200
2023-08-11,179.06201171875,187.49000549316406,190.50999450683594,186.75999450683594,190.3300018310547,1783100
2023-08-14,177.1996612548828,185.5399932861328,185.97999572753906,182.0800018310547,184.77999877929688,2802500
2023-08-15,175.76710510253906,184.0399932861328,184.9600067138672,179.27999877929688,182.8800048828125,2676500
2023-08-16,173.3699188232422,181.52999877929688,186.7899932861328,179.85000610351562,182.1999969482422,1851200
2023-08-17,174.46823120117188,182.67999267578125,184.69000244140625,180.0399932861328,181.27999877929688,2091300
2023-08-18,175.1463165283203,183.38999938964844,183.6699981689453,180.32000732421875,180.7899932861328,1775100
2023-08-21,179.61595153808594,188.07000732421875,188.5399932861328,185.6999969482422,185.97999572753906,1787100
2023-08-22,179.701904296875,188.16000366210938,190.47000122070312,185.8800048828125,189.75999450683594,1869900
2023-08-23,183.15916442871094,191.77999877929688,192.35000610351562,186.75999450683594,188.52000427246094,1189200
2023-08-24,182.16592407226562,190.74000549316406,192.92999267578125,189.35000610351562,192.0399932861328,1281300
2023-08-25,181.2108917236328,189.74000549316406,190.8699951171875,185.66000366210938,190.0,1761100
2023-08-28,181.11537170410156,189.63999938964844,192.97999572753906,189.00999450683594,189.47000122070312,1176300
2023-08-29,188.86082458496094,197.75,198.7899932861328,189.4600067138672,190.6300048828125,1713000
2023-08-30,189.66305541992188,198.58999633789062,199.22000122070312,195.7100067138672,197.2100067138672,1081400
2023-08-31,189.77769470214844,198.7100067138672,199.97000122070312,197.89999389648438,199.58999633789062,1001100
2023-09-01,191.2579803466797,200.25999450683594,202.0399932861328,198.60000610351562,200.66000366210938,1158100
2023-09-05,191.77371215820312,200.8000030517578,203.6199951171875,197.3300018310547,200.24000549316406,2580900
2023-09-06,181.2968292236328,189.8300018310547,201.75999450683594,187.88999938964844,200.4499969482422,2544100
2023-09-07,179.138427734375,187.57000732421875,188.36000061035156,184.02999877929688,186.69000244140625,1766700
2023-09-08,176.13958740234375,184.42999267578125,187.50999450683594,182.30999755859375,187.0500030517578,1531400
2023-09-11,177.9446258544922,186.32000732421875,189.19000244140625,185.64999389648438,186.3000030517578,1297900
2023-09-12,176.0631561279297,184.35000610351562,188.39999389648438,183.61000061035156,186.0,1480700
2023-09-13,176.2828369140625,184.5800018310547,186.82000732421875,182.97999572753906,185.30999755859375,1437600
2023-09-14,177.03897094726562,184.97000122070312,186.6300048828125,183.80999755859375,186.14999389648438,1552600
2023-09-15,175.9573974609375,183.83999633789062,188.47000122070312,182.92999267578125,184.3300018310547,1980400
2023-09-18,173.83258056640625,181.6199951171875,183.5,179.47000122070312,183.3800048828125,1419800
2023-09-19,172.27249145507812,179.99000549316406,182.25,178.41000366210938,181.3000030517578,1397000
2023-09-20,166.96044921875,174.44000244140625,181.47999572753906,174.2100067138672,180.08999633789062,1729600
2023-09-21,161.6962890625,168.94000244140625,172.72000122070312,167.6699981689453,172.5,2246100
2023-09-22,160.99758911132812,168.2100067138672,173.50999450683594,167.67999267578125,172.14999389648438,1288100
2023-09-25,159.7341766357422,166.88999938964844,167.89999389648438,164.22999572753906,166.38999938964844,1788700
2023-09-26,156.6331024169922,163.64999389648438,166.16000366210938,162.0,164.50999450683594,2295000
2023-09-27,155.6568603515625,162.6300048828125,165.5800018310547,162.07000732421875,165.11000061035156,2245600
2023-09-28,165.00790405273438,172.39999389648438,173.27999877929688,163.52000427246094,163.97999572753906,2547500
2023-09-29,162.7490997314453,170.0399932861328,176.8300018310547,169.69000244140625,175.0,1969600
2023-10-02,155.44627380371094,162.41000366210938,169.58999633789062,161.3699951171875,169.19000244140625,1949900
2023-10-03,150.04811096191406,156.77000427246094,161.3000030517578,155.14999389648438,160.0,2514900
2023-10-04,151.6082000732422,158.39999389648438,158.8800048828125,152.1300048828125,157.55999755859375,2304300
2023-10-05,148.38270568847656,155.02999877929688,157.6699981689453,152.0,157.2100067138672,1948500
2023-10-06,152.9864501953125,159.83999633789062,161.1699981689453,153.66000366210938,154.66000366210938,1834200
2023-10-09,149.0718231201172,155.75,158.5,153.1999969482422,157.19000244140625,2607400
2023-10-10,155.13043212890625,162.0800018310547,164.0,158.00999450683594,158.75999450683594,2484900
2023-10-11,157.73379516601562,164.8000030517578,166.33999633789062,162.0800018310547,162.0800018310547,1777300
2023-10-12,163.4765167236328,170.8000030517578,177.52000427246094,165.94000244140625,174.8000030517578,3322900
2023-10-13,156.37464904785156,163.3800048828125,175.1999969482422,162.8000030517578,171.83999633789062,2288900
2023-10-16,160.5381622314453,167.72999572753906,169.83999633789062,165.5800018310547,165.97000122070312,1884300
2023-10-17,162.21310424804688,169.47999572753906,172.08999633789062,165.50999450683594,166.22000122070312,1594500
2023-10-18,146.33448791503906,152.88999938964844,164.05999755859375,152.05999755859375,163.64999389648438,5773400
2023-10-19,138.36163330078125,144.55999755859375,151.60000610351562,142.6699981689453,150.57000732421875,4207900
2023-10-20,132.73374938964844,138.67999267578125,144.6199951171875,138.5500030517578,142.94000244140625,3656400
2023-10-23,130.43666076660156,136.27999877929688,138.85000610351562,134.33999633789062,136.55999755859375,3210900
2023-10-24,133.26974487304688,139.24000549316406,141.8000030517578,136.94000244140625,137.0,2326400
2023-10-25,129.51779174804688,135.32000732421875,138.11000061035156,133.22000122070312,136.0,2988400
2023-10-26,129.4125213623047,135.2100067138672,138.9499969482422,134.67999267578125,136.38999938964844,2272300
2023-10-27,128.67556762695312,134.44000244140625,138.35000610351562,133.80999755859375,136.7899932861328,1508000
2023-10-30,121.9469985961914,127.41000366210938,137.47999572753906,126.7699966430664,136.0,3854400
2023-10-31,121.34400177001953,126.77999877929688,127.3499984741211,123.16999816894531,126.66999816894531,6601200
2023-11-01,117.68778228759766,122.95999908447266,126.0,119.61000061035156,125.77999877929688,4793400
2023-11-02,119.276611328125,124.62000274658203,127.0,116.3499984741211,119.0,7173500
2023-11-03,122.49254608154297,127.9800033569336,134.22000122070312,126.51000213623047,127.80999755859375,4236900
2023-11-06,114.33787536621094,119.45999908447266,125.73999786376953,118.5,125.08999633789062,4014100
2023-11-07,116.87422943115234,122.11000061035156,123.12000274658203,118.5999984741211,119.0,2695000
2023-11-08,113.90713500976562,119.01000213623047,123.4000015258789,117.86000061035156,121.61000061035156,2398500
2023-11-09,109.68623352050781,114.5999984741211,120.5999984741211,113.63999938964844,119.9800033569336,2744600
2023-11-10,111.96420288085938,116.9800033569336,117.76000213623047,113.18000030517578,114.75,2647000
2023-11-13,109.29383087158203,114.19000244140625,116.87999725341797,112.0,114.61000061035156,4332900
2023-11-14,119.94659423828125,125.31999969482422,126.31999969482422,118.75,118.75,4044100
2023-11-15,122.24368286132812,127.72000122070312,134.4600067138672,127.16000366210938,127.16999816894531,3351300
2023-11-16,117.34322357177734,122.5999984741211,127.04000091552734,120.4800033569336,124.80000305175781,3561700
2023-11-17,121.9278335571289,127.38999938964844,127.43000030517578,123.04000091552734,125.0,2016300
2023-11-20,124.77049255371094,130.36000061035156,131.50999450683594,126.25,127.56999969482422,2915700
2023-11-21,120.72185516357422,126.12999725341797,130.72000122070312,125.41000366210938,128.6999969482422,2553500
2023-11-22,121.16213989257812,126.58999633789062,126.62999725341797,121.0,126.12999725341797,2590700
2023-11-24,123.34437561035156,128.8699951171875,130.27999877929688,125.19999694824219,125.23999786376953,1429500
2023-11-27,115.60126495361328,120.77999877929688,125.79000091552734,118.31999969482422,125.4000015258789,4314700
2023-11-28,118.59706115722656,123.91000366210938,125.94999694824219,120.16999816894531,121.5,2438800
2023-11-29,118.08976745605469,123.37999725341797,128.4499969482422,121.62999725341797,126.45999908447266,2546400
2023-11-30,116.07024383544922,121.2699966430664,124.20999908447266,118.80000305175781,124.20999908447266,4047900
2023-12-01,120.7505874633789,126.16000366210938,126.22000122070312,119.19999694824219,119.72000122070312,2803800
2023-12-04,114.83556365966797,119.9800033569336,125.95999908447266,119.20999908447266,123.9000015258789,3416700
2023-12-05,108.40370178222656,113.26000213623047,116.94999694824219,112.12000274658203,116.22000122070312,4357500
2023-12-06,113.22758483886719,118.30000305175781,122.16999816894531,116.70999908447266,117.5,5036100
2023-12-07,119.97530364990234,125.3499984741211,126.08000183105469,120.94999694824219,121.2300033569336,3971300
2023-12-08,122.50210571289062,127.98999786376953,133.25,127.7300033569336,129.0,4844900
2023-12-11,121.11429595947266,126.54000091552734,127.04000091552734,120.75,124.0,2798200
2023-12-12,122.45425415039062,127.94000244140625,128.6300048828125,123.44999694824219,126.54000091552734,3062200
2023-12-13,134.05458068847656,140.05999755859375,140.80999755859375,129.33999633789062,129.36000061035156,4955100
2023-12-14,140.03451538085938,145.88999938964844,148.77000427246094,143.35000610351562,143.5,5668500
2023-12-15,141.1575469970703,147.05999755859375,151.22999572753906,145.50999450683594,147.16000366210938,5938800
2023-12-18,140.05374145507812,145.91000366210938,147.4199981689453,143.9199981689453,147.13999938964844,2652800
2023-12-19,142.95249938964844,148.92999267578125,151.2899932861328,147.52999877929688,148.4199981689453,2276800
2023-12-20,136.80938720703125,142.52999877929688,150.07000732421875,141.77000427246094,148.6199951171875,2627600
2023-12-21,139.61219787597656,145.4499969482422,147.3300018310547,143.47999572753906,146.1199951171875,1799800
2023-12-22,144.0659637451172,150.08999633789062,153.5399932861328,145.4499969482422,145.94000244140625,2601800
2023-12-26,146.27365112304688,152.38999938964844,153.08999633789062,149.10000610351562,152.08999633789062,1958100
2023-12-27,143.3268585205078,149.32000732421875,153.2100067138672,147.22999572753906,153.19000244140625,2027600
2023-12-28,143.4324493408203,149.42999267578125,151.7899932861328,149.0,149.3000030517578,1378400
2023-12-29,138.6811065673828,144.47999572753906,149.02999877929688,142.14999389648438,149.02999877929688,2834600
2024-01-02,140.99440002441406,146.88999938964844,149.61000061035156,141.25999450683594,143.0,1962300
2024-01-03,134.55369567871094,140.17999267578125,142.89999389648438,136.6999969482422,142.58999633789062,2731000
2024-01-04,130.47427368164062,135.92999267578125,141.0800018310547,135.02999877929688,141.0800018310547,3208000
2024-01-05,130.37832641601562,135.8300018310547,138.22000122070312,133.9499969482422,135.4199981689453,2284900
2024-01-08,131.09820556640625,136.5800018310547,136.99000549316406,132.75,134.1999969482422,1879300
2024-01-09,128.30499267578125,133.6699981689453,135.1199951171875,131.10000610351562,133.99000549316406,1832400
2024-01-10,127.60427856445312,132.94000244140625,134.08999633789062,130.1199951171875,131.7899932861328,2145700
2024-01-11,123.4864730834961,128.64999389648438,133.17999267578125,127.93000030517578,132.74000549316406,2976800
2024-01-12,120.99083709716797,126.05000305175781,130.1199951171875,125.6500015258789,128.7899932861328,1637700
2024-01-16,120.89484405517578,125.94999694824219,127.05000305175781,123.83999633789062,125.5,2256600
2024-01-17,115.85555267333984,120.69999694824219,124.61000061035156,120.23999786376953,123.0199966430664,2818600
2024-01-18,113.25432586669922,117.98999786376953,121.37000274658203,115.12000274658203,121.08999633789062,3418700
2024-01-19,110.50912475585938,115.12999725341797,118.08999633789062,112.29000091552734,118.08000183105469,4170300
2024-01-22,115.90355682373047,120.75,122.79000091552734,113.0,113.77999877929688,4026800
2024-01-23,117.66970825195312,122.58999633789062,127.23999786376953,120.81999969482422,123.91999816894531,2877400
2024-01-24,116.80583190917969,121.69000244140625,126.08000183105469,120.0199966430664,125.3499984741211,2026500
2024-01-25,113.69586944580078,118.44999694824219,123.37000274658203,115.95999908447266,122.0,2810400
2024-01-26,115.03006744384766,119.83999633789062,122.12999725341797,119.0,120.06999969482422,1525000
2024-01-29,118.25521087646484,123.19999694824219,123.27999877929688,117.37999725341797,118.6500015258789,1996400
2024-01-30,115.4812240600586,120.30999755859375,122.98999786376953,118.80000305175781,121.2699966430664,1948700
2024-01-31,110.134765625,114.73999786376953,120.0999984741211,114.4800033569336,119.25,3653300
2024-02-01,112.0928955078125,116.77999877929688,118.0999984741211,113.29000091552734,117.0,3398400
2024-02-02,109.66443634033203,114.25,115.58000183105469,112.5,114.33999633789062,2853800
2024-02-05,104.36599731445312,108.7300033569336,112.69999694824219,108.38999938964844,111.77999877929688,3891700
2024-02-06,108.48380279541016,113.0199966430664,114.02999877929688,109.5999984741211,109.80000305175781,3042900
2024-02-07,110.43233489990234,115.05000305175781,115.98999786376953,111.5,114.12999725341797,2427500
2024-02-08,109.74121856689453,114.33000183105469,115.33999633789062,112.27999877929688,114.06999969482422,2473800
2024-02-09,111.13302612304688,115.77999877929688,116.19000244140625,113.12999725341797,113.5,2491700
2024-02-12,115.27005004882812,120.08999633789062,122.6500015258789,115.66000366210938,115.75,2865800
2024-02-13,107.69673156738281,112.19999694824219,114.81999969482422,111.16999816894531,114.0,3997300
2024-02-14,109.79881286621094,114.38999938964844,114.5,111.68000030517578,113.7300033569336,3134200
2024-02-15,112.78399658203125,117.5,124.18000030517578,112.0,112.0,6739200
2024-02-16,117.66970825195312,122.58999633789062,125.8499984741211,118.7699966430664,118.87000274658203,4406200
2024-02-20,110.21156311035156,114.81999969482422,122.0999984741211,113.4000015258789,122.0999984741211,3840200
2024-02-21,113.79186248779297,118.55000305175781,120.56999969482422,114.05999755859375,115.19999694824219,3681100
2024-02-22,113.43669891357422,118.18000030517578,120.4000015258789,116.76000213623047,117.94999694824219,2018300
2024-02-23,115.80756378173828,120.6500015258789,122.05000305175781,115.91999816894531,118.4800033569336,2762300
2024-02-26,116.64263916015625,121.5199966430664,124.25,118.75,120.0,2081000
2024-02-27,123.42887878417969,128.58999633789062,130.32000732421875,126.5,127.44000244140625,3540300
2024-02-28,126.75961303710938,132.05999755859375,133.75,129.97999572753906,130.66000366210938,2733100
2024-02-29,132.31724548339844,137.85000610351562,140.63999938964844,135.75999450683594,136.5399932861328,4563000
2024-03-01,137.06854248046875,142.8000030517578,143.19000244140625,137.8800048828125,138.3800048828125,3286300
2024-03-04,127.8538589477539,133.1999969482422,140.22000122070312,133.1199951171875,140.14999389648438,4216900
2024-03-05,105.00910186767578,109.4000015258789,122.44000244140625,106.69000244140625,122.05999755859375,19347700
2024-03-06,114.79010009765625,119.58999633789062,119.83000183105469,110.27999877929688,110.27999877929688,15606700
2024-03-07,117.73690032958984,122.66000366210938,123.29000091552734,118.29000091552734,119.05000305175781,4235500
2024-03-08,113.58068084716797,118.33000183105469,124.25,118.0,123.30999755859375,3479000
2024-03-11,119.74301147460938,124.75,125.83999633789062,119.37000274658203,119.37000274658203,4130100
2024-03-12,118.95591735839844,123.93000030517578,128.5,121.33999633789062,127.06999969482422,3443100
2024-03-13,120.74126434326172,125.79000091552734,126.9000015258789,122.22000122070312,122.87999725341797,2176900
2024-03-14,115.44515991210938,119.88999938964844,123.25,119.12999725341797,122.5,3010000
2024-03-15,117.61175537109375,122.13999938964844,123.0,116.7699966430664,119.0,3203700
2024-03-18,119.96129608154297,124.58000183105469,125.73999786376953,120.5,123.7300033569336,1886200
2024-03-19,116.07108306884766,120.54000091552734,123.36000061035156,120.25,121.5,2326600
2024-03-20,119.83610534667969,124.44999694824219,126.7300033569336,119.5,120.2699966430664,2529000
2024-03-21,120.23091125488281,124.86000061035156,127.56999969482422,124.12000274658203,125.8499984741211,2350900
2024-03-22,116.37921142578125,120.86000061035156,125.12999725341797,120.79000091552734,121.98999786376953,2454800
2024-03-25,113.9622573852539,118.3499984741211,122.2300033569336,118.25,120.58000183105469,2129300
2024-03-26,114.5978012084961,119.01000213623047,120.54000091552734,117.27999877929688,119.25,2506100
2024-03-27,124.02484893798828,128.8000030517578,129.02000427246094,119.63999938964844,119.6500015258789,4722600
2024-03-28,126.8558578491211,131.74000549316406,132.4199981689453,127.2699966430664,128.97999572753906,3988800
2024-04-01,124.39073944091797,129.17999267578125,132.8000030517578,126.87999725341797,132.0,2088100
2024-04-02,121.79085540771484,126.4800033569336,127.79000091552734,124.9000015258789,127.05000305175781,2335400
2024-04-03,124.09224700927734,128.8699951171875,129.99000549316406,125.4000015258789,127.29000091552734,1946300
2024-04-04,116.62957763671875,121.12000274658203,131.00999450683594,120.91999816894531,130.41000366210938,3032900
2024-04-05,118.8731918334961,123.44999694824219,123.73999786376953,119.63999938964844,120.23999786376953,1901100
2024-04-08,126.80770874023438,131.69000244140625,133.08999633789062,124.51000213623047,125.19000244140625,3560800
2024-04-09,124.37150573730469,129.16000366210938,133.72000122070312,127.37999725341797,132.9199981689453,3003100
2024-04-10,122.91748046875,127.6500015258789,131.74000549316406,125.41000366210938,129.35000610351562,3605200
2024-04-11,125.4788589477539,130.30999755859375,130.8300018310547,125.0999984741211,129.2899932861328,3169600
2024-04-12,118.03545379638672,122.58000183105469,130.86000061035156,122.11000061035156,129.8800048828125,2805200
2024-04-15,116.03255462646484,120.5,124.73999786376953,119.9000015258789,123.66000366210938,1943500
2024-04-16,109.87946319580078,114.11000061035156,119.05000305175781,113.88999938964844,116.87999725341797,3493100
2024-04-17,110.1490707397461,114.38999938964844,117.91000366210938,114.33000183105469,115.3499984741211,2080400
2024-04-18,107.65510559082031,111.80000305175781,114.93000030517578,110.51000213623047,114.62000274658203,2208200
2024-04-19,107.99211883544922,112.1500015258789,114.75,111.2699966430664,111.68000030517578,1976100
2024-04-22,108.12693786621094,112.29000091552734,113.77999877929688,108.30000305175781,111.7699966430664,2281900
2024-04-23,109.97575378417969,114.20999908447266,115.93000030517578,110.27999877929688,111.25,1782700
2024-04-24,110.99645233154297,115.2699966430664,115.7300033569336,112.18000030517578,114.30000305175781,2235300
2024-04-25,110.71720123291016,114.9800033569336,115.52999877929688,111.05000305175781,113.52999877929688,1421100
2024-04-26,112.54676818847656,116.87999725341797,118.06999969482422,114.83000183105469,116.01000213623047,1723600
2024-04-29,121.06866455078125,125.7300033569336,125.88999938964844,122.19000244140625,122.5,3866300
2024-04-30,115.84960174560547,120.30999755859375,124.43000030517578,119.62000274658203,122.98999786376953,3574600
2024-05-01,114.58818054199219,119.0,123.05999755859375,117.73999786376953,120.5199966430664,2700200
2024-05-02,120.65460968017578,125.30000305175781,127.4800033569336,117.3499984741211,117.5,4490000
2024-05-03,123.3508071899414,128.10000610351562,130.92999267578125,127.37999725341797,128.10000610351562,2600100
2024-05-06,125.93143463134766,130.77999877929688,131.5,127.6500015258789,130.47999572753906,1959500
2024-05-07,126.67288970947266,131.5500030517578,135.75,130.00999450683594,130.35000610351562,2429600
2024-05-08,125.623291015625,130.4600067138672,130.8800048828125,126.80000305175781,128.11000061035156,1810400
2024-05-09,128.59873962402344,133.5500030517578,133.88999938964844,129.5,131.2100067138672,1963900
2024-05-10,124.81444549560547,129.6199951171875,133.89999389648438,129.05999755859375,133.89999389648438,1920500
2024-05-13,126.63436889648438,131.50999450683594,134.2899932861328,130.47000122070312,131.11000061035156,1562500
2024-05-14,130.43792724609375,135.4600067138672,137.0,132.8699951171875,133.0,2161800
2024-05-15,122.8404541015625,127.56999969482422,137.5,126.6500015258789,137.25999450683594,3929700
2024-05-16,124.400390625,129.19000244140625,130.44000244140625,126.75,128.61000061035156,1743400
2024-05-17,126.25883483886719,131.1199951171875,134.75,129.25,129.6699981689453,2283300
2024-05-20,125.32479095458984,130.14999389648438,131.0,126.30000305175781,131.0,2202900
2024-05-21,121.9449234008789,126.63999938964844,130.8000030517578,126.63999938964844,128.8300018310547,1655300
2024-05-22,121.79085540771484,126.4800033569336,128.35000610351562,122.80000305175781,124.0,2423500
2024-05-23,118.39173126220703,122.94999694824219,126.76000213623047,122.66999816894531,126.76000213623047,1754400
2024-05-24,122.85971069335938,127.58999633789062,127.69999694824219,123.63999938964844,123.95999908447266,1445700
2024-05-28,123.02339935302734,127.76000213623047,129.5,125.9000015258789,128.27999877929688,2105200
2024-05-29,118.86357116699219,123.44000244140625,126.36000061035156,123.41000366210938,124.70999908447266,1765900
2024-05-30,119.19095611572266,123.77999877929688,125.94000244140625,123.31999969482422,123.56999969482422,1557400
2024-05-31,118.04507446289062,122.58999633789062,125.30000305175781,120.20999908447266,124.19000244140625,3525200
2024-06-03,116.40809631347656,120.88999938964844,124.83999633789062,119.79000091552734,124.83999633789062,2123800
2024-06-04,113.92375183105469,118.30999755859375,120.62999725341797,118.04000091552734,119.75,2119400
2024-06-05,114.25114440917969,118.6500015258789,120.27999877929688,117.4800033569336,119.05999755859375,1645800
2024-06-06,113.798583984375,118.18000030517578,118.5199966430664,114.43000030517578,117.0,3002600
2024-06-07,110.6786880493164,114.94000244140625,117.55999755859375,114.2300033569336,116.77999877929688,2056800
2024-06-10,109.8313217163086,114.05999755859375,114.88999938964844,112.41999816894531,114.0,1701200
2024-06-11,109.74465942382812,113.97000122070312,114.16000366210938,112.13999938964844,113.54000091552734,1957100
2024-06-12,108.47359466552734,112.6500015258789,118.80000305175781,111.77999877929688,117.0,2723600
2024-06-13,104.21746826171875,108.2300033569336,113.29000091552734,107.66999816894531,111.5999984741211,4262400
2024-06-14,100.04219055175781,103.51000213623047,108.58999633789062,103.31999969482422,107.0999984741211,3910600
2024-06-17,97.25867462158203,100.62999725341797,104.16000366210938,98.94999694824219,102.73999786376953,4291400
2024-06-18,96.20519256591797,99.54000091552734,102.5,98.69999694824219,100.36000061035156,3526900
2024-06-20,90.6478271484375,93.79000091552734,97.98999786376953,93.7300033569336,97.69999694824219,5663800
2024-06-21,91.48868560791016,94.66000366210938,96.0,92.29000091552734,93.0,5565300
2024-06-24,93.17039489746094,96.4000015258789,96.52999877929688,93.19000244140625,93.55000305175781,3280600
2024-06-25,89.6620101928711,92.7699966430664,96.11000061035156,92.61000061035156,95.19999694824219,3217500
2024-06-26,96.92039489746094,100.27999877929688,100.62999725341797,95.02999877929688,95.5199966430664,4847600
2024-06-27,93.04476165771484,96.2699966430664,99.0999984741211,94.87999725341797,98.4800033569336,4049900
2024-06-28,92.31986999511719,95.5199966430664,96.5999984741211,93.54000091552734,96.5,4489200
2024-07-01,94.14656066894531,97.41000366210938,97.44000244140625,94.81999969482422,95.25,2451700
2024-07-02,93.80827331542969,97.05999755859375,102.55999755859375,96.0,98.80999755859375,4115200
2024-07-03,96.73677062988281,100.08999633789062,101.37999725341797,97.0,98.0999984741211,2309100
2024-07-05,95.0550537109375,98.3499984741211,100.33999633789062,97.11000061035156,98.77999877929688,2229800
2024-07-08,95.8282699584961,99.1500015258789,101.6500015258789,99.11000061035156,99.1500015258789,2194000
2024-07-09,87.4390640258789,90.47000122070312,98.0199966430664,90.31999969482422,96.8499984741211,6421000
2024-07-10,93.65365600585938,96.9000015258789,97.30000305175781,90.75,91.04000091552734,4153900
2024-07-11,94.66845703125,97.94999694824219,100.19999694824219,96.91000366210938,98.36000061035156,2705800
2024-07-12,94.59114074707031,97.87000274658203,99.69999694824219,96.83000183105469,98.9800033569336,1968400
2024-07-15,92.29088592529297,95.48999786376953,96.94999694824219,93.12000274658203,93.5999984741211,2640000
2024-07-16,94.43650817871094,97.70999908447266,98.08999633789062,94.2699966430664,95.36000061035156,2586700
2024-07-17,91.89462280273438,95.08000183105469,99.26000213623047,92.6500015258789,97.30999755859375,2469000
2024-07-18,90.66715240478516,93.80999755859375,98.22000122070312,93.44999694824219,94.61000061035156,2324900
2024-07-19,89.0047836303711,92.08999633789062,92.93000030517578,90.0199966430664,92.73999786376953,2235700
2024-07-22,90.4352035522461,93.56999969482422,93.98999786376953,91.4000015258789,93.12999725341797,2075700
2024-07-23,88.41522979736328,91.4800033569336,93.04000091552734,91.05999755859375,92.37999725341797,1896500
2024-07-24,87.8353271484375,90.87999725341797,93.16999816894531,90.75,91.0,2100600
2024-07-25,87.95130157470703,91.0,94.72000122070312,90.19999694824219,90.55000305175781,2776600
2024-07-26,89.69100189208984,92.80000305175781,93.16000366210938,90.5999984741211,92.54000091552734,1868500
2024-07-29,88.59883880615234,91.66999816894531,92.44999694824219,90.27999877929688,91.41000366210938,1915100
2024-07-30,89.41072082519531,92.51000213623047,93.16000366210938,90.4800033569336,91.02999877929688,2449400
2024-07-31,90.5318603515625,93.66999816894531,95.94999694824219,91.7699966430664,91.91999816894531,5757000
2024-08-01,90.04859161376953,93.16999816894531,99.47000122070312,91.87999725341797,94.0,4807500
2024-08-02,84.07564544677734,86.98999786376953,88.79000091552734,82.25,88.79000091552734,5807200
2024-08-05,80.72188568115234,83.5199966430664,85.44000244140625,79.9000015258789,80.30000305175781,5285400
2024-08-06,76.86557006835938,79.52999877929688,84.11000061035156,79.45999908447266,84.05000305175781,3707800
2024-08-07,76.41131591796875,79.05999755859375,84.47000122070312,79.0,82.23999786376953,3367700
2024-08-08,79.0885238647461,81.83000183105469,83.30999755859375,79.08999633789062,80.0,3296800
2024-08-09,78.91455841064453,81.6500015258789,82.61000061035156,80.0,82.2699966430664,2165700
2024-08-12,73.45384216308594,76.0,81.66000366210938,74.81999969482422,81.58000183105469,4590200
2024-08-13,74.63296508789062,77.22000122070312,77.93000030517578,75.45999908447266,76.9000015258789,3969300
2024-08-14,70.40937042236328,72.8499984741211,77.0,71.97000122070312,77.0,4528400
2024-08-15,76.48863220214844,79.13999938964844,79.30999755859375,73.58999633789062,74.1500015258789,6098800
2024-08-16,76.7109375,79.37000274658203,79.87999725341797,77.48999786376953,78.94999694824219,2921300
2024-08-19,80.00668334960938,82.77999877929688,83.37000274658203,79.23999786376953,79.75,2947300
2024-08-20,81.39845275878906,84.22000122070312,85.8499984741211,82.5999984741211,82.80000305175781,3463400
2024-08-21,85.63170623779297,88.5999984741211,88.8499984741211,84.91000366210938,85.5999984741211,3287700
2024-08-22,83.9693374633789,86.87999725341797,87.88999938964844,85.58999633789062,87.88999938964844,2588100
2024-08-23,87.46805572509766,90.5,90.83000183105469,87.0,87.83000183105469,2203800
2024-08-26,85.96031951904297,88.94000244140625,91.68000030517578,88.37999725341797,91.26000213623047,2020000
2024-08-27,85.99898529052734,88.9800033569336,89.73999786376953,88.54000091552734,88.9800033569336,1165700
2024-08-28,85.05179595947266,88.0,88.66999816894531,87.55000305175781,88.05000305175781,1802100
2024-08-29,88.57952117919922,91.6500015258789,93.0,86.79000091552734,88.95999908447266,1875000
2024-08-30,87.22642517089844,90.25,94.69000244140625,89.52999877929688,93.0,2063100
2024-09-03,81.30179595947266,84.12000274658203,88.0,82.7300033569336,87.30000305175781,2748100
2024-09-04,81.91069793701172,84.75,87.19000244140625,83.12999725341797,83.12999725341797,2158200
2024-09-05,79.83271789550781,82.5999984741211,85.20999908447266,82.51000213623047,84.81999969482422,1421600
2024-09-06,74.32369995117188,76.9000015258789,81.45999908447266,75.36000061035156,81.23999786376953,3495900
2024-09-09,75.7831039428711,78.41000366210938,79.76000213623047,76.7699966430664,78.0,2238700
2024-09-10,75.9860610961914,78.62000274658203,78.69000244140625,75.44000244140625,78.01000213623047,2058300
2024-09-11,86.30826568603516,89.30000305175781,91.80999755859375,84.75,90.20999908447266,6391800
2024-09-12,85.53506469726562,88.5,89.87000274658203,86.73999786376953,89.30000305175781,2865000
2024-09-13,84.89909362792969,87.44000244140625,89.80999755859375,85.87000274658203,88.9000015258789,2181700
2024-09-16,86.75357818603516,89.3499984741211,90.12000274658203,86.97000122070312,87.98999786376953,1566200
2024-09-17,87.20992279052734,89.81999969482422,91.9000015258789,89.76000213623047,90.51000213623047,1925600
2024-09-18,84.07379150390625,86.58999633789062,90.73999786376953,86.0999984741211,90.55999755859375,3200600
2024-09-19,86.73416900634766,89.33000183105469,90.37000274658203,87.83999633789062,90.19999694824219,1976000
2024-09-20,83.53005981445312,86.02999877929688,88.97000122070312,85.44999694824219,88.47000122070312,4531400
2024-09-23,86.13219451904297,88.70999908447266,90.2699966430664,85.93000030517578,87.33000183105469,2005300
2024-09-24,87.83132934570312,90.45999908447266,94.8499984741211,90.45999908447266,92.69999694824219,3650500
2024-09-25,84.06409454345703,86.58000183105469,90.83999633789062,86.44999694824219,90.62000274658203,2170500
2024-09-26,92.40446472167969,95.16999816894531,95.52999877929688,90.51000213623047,92.0,4339600
2024-09-27,93.25890350341797,96.05000305175781,98.25,94.81999969482422,97.19999694824219,2592800
2024-09-30,91.95783233642578,94.70999908447266,98.0999984741211,94.19999694824219,96.19000244140625,1743200
2024-10-01,91.57916259765625,94.31999969482422,94.94999694824219,92.70999908447266,94.16000366210938,1269900
2024-10-02,91.33643341064453,94.06999969482422,95.62999725341797,92.55999755859375,94.38999938964844,1271200
2024-10-03,91.5694580078125,94.30999755859375,95.0,91.9000015258789,92.05000305175781,1785600
2024-10-04,99.12338256835938,102.08999633789062,102.0999984741211,98.4000015258789,99.19999694824219,4783300
2024-10-07,101.43423461914062,104.47000122070312,105.23999786376953,99.58999633789062,99.87999725341797,4527200
2024-10-08,97.3465576171875,100.26000213623047,101.5,98.94999694824219,99.8499984741211,4295000
2024-10-09,98.95831298828125,101.91999816894531,103.37999725341797,99.76000213623047,102.19000244140625,3759100
2024-10-10,99.96810150146484,102.95999908447266,104.68000030517578,101.11000061035156,101.30999755859375,1840700
2024-10-11,99.055419921875,102.0199966430664,103.41999816894531,100.33000183105469,100.6500015258789,2426000
2024-10-14,96.70573425292969,99.5999984741211,102.0,98.0,101.16999816894531,2352800
2024-10-15,92.9579086303711,95.73999786376953,100.08000183105469,95.56999969482422,97.5999984741211,2645400
2024-10-16,95.39495849609375,98.25,99.66999816894531,96.62999725341797,97.83999633789062,1875900
2024-10-17,91.91899108886719,94.66999816894531,97.80999755859375,93.19999694824219,97.48999786376953,2992300
2024-10-18,92.3753433227539,95.13999938964844,97.63999938964844,94.44999694824219,96.70999908447266,2082000
2024-10-21,91.11311340332031,93.83999633789062,94.94999694824219,92.98999786376953,94.5,2276700
2024-10-22,93.65697479248047,96.45999908447266,96.87999725341797,92.94000244140625,93.66999816894531,2363600
2024-10-23,91.22962951660156,93.95999908447266,96.30999755859375,93.44000244140625,95.04000091552734,1958700
2024-10-24,92.38504791259766,95.1500015258789,96.0999984741211,93.13999938964844,95.44999694824219,1422100
2024-10-25,90.7927017211914,93.51000213623047,96.19999694824219,93.06999969482422,95.23999786376953,2046400
2024-10-28,95.28815460205078,98.13999938964844,99.5,93.66999816894531,93.9000015258789,2383300
2024-10-29,93.84146881103516,96.6500015258789,99.37999725341797,96.62000274658203,97.3499984741211,1409500
2024-10-30,92.74429321289062,95.5199966430664,99.0,95.4000015258789,96.41000366210938,1318200
2024-10-31,91.97724914550781,94.7300033569336,96.69000244140625,94.16000366210938,95.5199966430664,2197600
2024-11-01,95.38524627685547,98.23999786376953,99.4000015258789,94.37999725341797,95.0,2431100
2024-11-04,97.64755249023438,100.56999969482422,102.5999984741211,98.81999969482422,99.5,2339600
2024-11-05,96.88050079345703,99.77999877929688,100.44000244140625,98.30000305175781,100.04000091552734,1548500
2024-11-06,93.77349853515625,96.58000183105469,97.37000274658203,93.30000305175781,96.0,3228300
2024-11-07,97.02616119384766,99.93000030517578,103.86000061035156,94.38999938964844,97.4000015258789,3377400
2024-11-08,97.90970611572266,100.83999633789062,100.91999816894531,97.06999969482422,98.77999877929688,2287100
2024-11-11,107.2792739868164,110.48999786376953,111.58999633789062,103.91000366210938,104.68000030517578,4581900
2024-11-12,99.81275177001953,102.80000305175781,108.12999725341797,102.70999908447266,106.58999633789062,2359400
2024-11-13,105.0461196899414,108.19000244140625,111.38999938964844,107.4000015258789,108.26000213623047,3822200
2024-11-14,99.13308715820312,102.0999984741211,109.16000366210938,101.22000122070312,108.38999938964844,2458300
2024-11-15,100.52152252197266,103.52999877929688,103.62999725341797,99.58000183105469,102.0,2498100
2024-11-18,101.00700378417969,104.02999877929688,104.91999816894531,102.2300033569336,103.12999725341797,1698700
2024-11-19,103.35668182373047,106.44999694824219,107.75,103.79000091552734,107.0,2168900
2024-11-20,106.36660766601562,109.55000305175781,110.18000030517578,105.94999694824219,105.94999694824219,2033500
2024-11-21,105.81316375732422,108.9800033569336,110.06999969482422,106.47000122070312,107.01000213623047,1598000
2024-11-22,105.2305908203125,108.37999725341797,109.4800033569336,104.55000305175781,106.88999938964844,1820200
2024-11-25,106.78411102294922,109.9800033569336,111.69999694824219,108.69999694824219,110.18000030517578,2087000
2024-11-26,103.68679809570312,106.79000091552734,109.6500015258789,106.37000274658203,108.51000213623047,1973300
2024-11-27,104.84223175048828,107.9800033569336,109.7300033569336,106.25,107.69999694824219,1071900
2024-11-29,104.57035064697266,107.69999694824219,108.5999984741211,106.62999725341797,107.0199966430664,748200
2024-12-02,108.06574249267578,111.30000305175781,111.45999908447266,106.94000244140625,107.69999694824219,1990000
2024-12-03,105.90055847167969,109.06999969482422,111.0,108.54000091552734,111.0,1477900
2024-12-04,99.62825775146484,102.61000061035156,109.13999938964844,101.11000061035156,108.94999694824219,2526900
2024-12-05,98.16213989257812,101.0999984741211,103.33000183105469,100.80000305175781,102.0,2322100
2024-12-06,101.90998077392578,104.95999908447266,105.19999694824219,101.81999969482422,102.0,1557000
2024-12-09,106.4734115600586,109.66000366210938,113.91000366210938,106.08000183105469,106.36000061035156,2663200
2024-12-10,100.9584732055664,103.9800033569336,109.16999816894531,103.5,108.5,1535800
2024-12-11,100.82251739501953,103.83999633789062,104.44999694824219,101.58000183105469,104.44999694824219,1502100
2024-12-12,100.29822540283203,103.30000305175781,104.52999877929688,102.19999694824219,103.61000061035156,1136800
2024-12-13,96.8719253540039,99.37999725341797,102.01000213623047,98.04000091552734,102.0,1643700
2024-12-16,97.02788543701172,99.54000091552734,100.91000366210938,97.55999755859375,98.58999633789062,1634300
2024-12-17,95.0881118774414,97.55000305175781,100.30999755859375,96.41999816894531,98.79000091552734,1757300
2024-12-18,88.25503540039062,90.54000091552734,97.61000061035156,90.0999984741211,97.0,2536300
2024-12-19,86.67591094970703,88.91999816894531,93.83999633789062,88.73999786376953,91.5,2360700
2024-12-20,86.41272735595703,88.6500015258789,90.54000091552734,87.5199966430664,87.87000274658203,3685400
2024-12-23,86.94883728027344,89.19999694824219,89.86000061035156,88.11000061035156,89.02999877929688,2003000
2024-12-24,87.71891021728516,89.98999786376953,90.13999938964844,87.9800033569336,89.44000244140625,595100
2024-12-26,86.90009307861328,89.1500015258789,90.43000030517578,88.45999908447266,89.51000213623047,1194900
2024-12-27,86.06180572509766,88.29000091552734,90.8499984741211,87.30000305175781,88.63999938964844,1397000
2024-12-30,83.966064453125,86.13999938964844,87.19000244140625,85.13999938964844,87.0,1729000
2024-12-31,83.90758514404297,86.08000183105469,88.19000244140625,85.29000091552734,86.80000305175781,1609500
2025-01-02,83.07903289794922,85.2300033569336,87.98999786376953,84.41000366210938,86.44000244140625,1866100
2025-01-03,85.57442474365234,87.79000091552734,88.26000213623047,85.19000244140625,86.0,2626700
2025-01-06,87.91384887695312,90.19000244140625,93.05999755859375,89.5,89.98999786376953,2319600
2025-01-07,87.70915985107422,89.9800033569336,91.7300033569336,89.0,91.0,1653500
2025-01-08,85.17477416992188,87.37999725341797,88.80999755859375,86.6500015258789,88.80999755859375,1553800
2025-01-10,84.34622192382812,86.52999877929688,87.37999725341797,84.87999725341797,85.69999694824219,1691100
2025-01-13,89.20055389404297,91.51000213623047,91.51000213623047,85.73999786376953,86.04000091552734,2824600
2025-01-14,90.29227447509766,92.62999725341797,94.69999694824219,91.54000091552734,92.6500015258789,1890700
2025-01-15,92.7486801147461,95.1500015258789,96.75,94.08999633789062,94.66000366210938,2289000
2025-01-16,91.93962097167969,94.31999969482422,94.8499984741211,92.87999725341797,94.68000030517578,2082700
2025-01-17,95.02963256835938,97.48999786376953,99.06999969482422,95.20999908447266,95.41000366210938,2049500
2025-01-21,91.67643737792969,94.05000305175781,97.0999984741211,93.88999938964844,97.0999984741211,1921600
2025-01-22,87.97234344482422,90.25,93.5,90.20999908447266,93.41000366210938,2427200
2025-01-23,87.53369903564453,89.80000305175781,90.9000015258789,88.9000015258789,90.0,2775600
2025-01-24,86.51995086669922,88.76000213623047,91.41000366210938,88.47000122070312,90.83999633789062,2297500
2025-01-27,86.53944396972656,88.77999877929688,88.83000183105469,87.16999816894531,88.22000122070312,3132200
2025-01-28,83.73212432861328,85.9000015258789,88.36000061035156,85.12999725341797,88.20999908447266,1888400
2025-01-29,84.1025390625,86.27999877929688,87.30000305175781,85.44999694824219,86.33000183105469,1678800
2025-01-30,83.48843383789062,85.6500015258789,87.19000244140625,84.9000015258789,87.11000061035156,1929700
2025-01-31,82.0652847290039,84.19000244140625,86.02999877929688,83.08000183105469,85.66999816894531,2785900
2025-02-03,78.41966247558594,80.44999694824219,82.27999877929688,79.66000366210938,81.51000213623047,3322000
2025-02-04,80.3984375,82.4800033569336,83.44999694824219,80.66999816894531,81.0999984741211,2446900
2025-02-05,77.86404418945312,79.87999725341797,81.75,79.05999755859375,80.01000213623047,2619500
2025-02-06,77.00626373291016,79.0,81.44999694824219,78.51000213623047,81.0,2240900
2025-02-07,75.41740417480469,77.37000274658203,79.20999908447266,76.69999694824219,79.0,2649700
2025-02-10,73.24368286132812,75.13999938964844,78.25,74.83999633789062,77.75,3077500
2025-02-11,73.78954315185547,75.69999694824219,75.80000305175781,72.87999725341797,73.41000366210938,3349100
2025-02-12,74.66683959960938,76.5999984741211,77.16000366210938,74.58000183105469,75.72000122070312,3431100
2025-02-13,77.24994659423828,79.25,83.02999877929688,74.94999694824219,79.9000015258789,5153700
2025-02-14,79.16049194335938,81.20999908447266,82.38999938964844,79.58999633789062,80.16000366210938,2744400
2025-02-18,81.47067260742188,83.58000183105469,84.11000061035156,79.36000061035156,80.5,2654800
2025-02-19,81.55840301513672,83.66999816894531,84.0,81.19999694824219,82.1500015258789,3143000
2025-02-20,80.42767333984375,82.51000213623047,84.7300033569336,81.9800033569336,83.30000305175781,1500900
2025-02-21,79.15074157714844,81.19999694824219,84.04000091552734,80.7699966430664,82.80999755859375,1677800
2025-02-24,78.98502349853516,81.02999877929688,82.25,79.69000244140625,80.86000061035156,1785600
2025-02-25,76.44090270996094,78.41999816894531,81.02999877929688,76.69000244140625,80.9000015258789,3200000
2025-02-26,75.5733642578125,77.52999877929688,79.1500015258789,77.01000213623047,78.9000015258789,2747500
2025-02-27,76.97701263427734,78.97000122070312,79.52999877929688,76.91999816894531,77.47000122070312,3499800
2025-02-28,75.08597564697266,77.02999877929688,78.0,75.70999908447266,77.37000274658203,2821800
2025-03-03,68.18465423583984,69.94999694824219,78.7699966430664,69.80999755859375,78.7699966430664,5055400
2025-03-04,70.3388900756836,72.16000366210938,74.16999816894531,67.2300033569336,69.0,3852200
2025-03-05,72.33715057373047,74.20999908447266,74.8499984741211,72.3499984741211,73.13999938964844,3400400
2025-03-06,74.54986572265625,76.4800033569336,76.9000015258789,72.7300033569336,72.7300033569336,3772900
2025-03-07,73.60433959960938,75.51000213623047,78.37999725341797,74.27999877929688,74.27999877929688,3451100
2025-03-10,74.46212768554688,76.38999938964844,79.62999725341797,75.54000091552734,75.5999984741211,2849100
2025-03-11,70.83601379394531,72.66999816894531,77.41999816894531,71.87999725341797,77.05000305175781,2582400
2025-03-12,70.97246551513672,72.80999755859375,73.83000183105469,71.05000305175781,72.16000366210938,2199300
2025-03-13,70.57283020019531,72.4000015258789,74.11000061035156,71.0999984741211,72.62999725341797,1658300
2025-03-14,73.7439193725586,75.2300033569336,75.58000183105469,72.4000015258789,74.19000244140625,2761500
2025-03-17,77.7727279663086,79.33999633789062,79.75,76.16999816894531,76.16999816894531,2763700
2025-03-18,76.9493179321289,78.5,79.37000274658203,77.41000366210938,79.0,1934500
2025-03-19,77.91976928710938,79.48999786376953,80.1500015258789,78.30000305175781,78.62000274658203,1984400
2025-03-20,75.50835418701172,77.02999877929688,78.5199966430664,76.30000305175781,77.41000366210938,2009500
2025-03-21,76.02790069580078,77.55999755859375,77.73999786376953,75.12999725341797,75.76000213623047,4483700
2025-03-24,76.0180892944336,77.55000305175781,79.37000274658203,77.22000122070312,78.22000122070312,1748300
2025-03-25,76.1357192993164,77.66999816894531,79.93000030517578,77.1500015258789,77.86000061035156,1492400
2025-03-26,74.2242431640625,75.72000122070312,78.30999755859375,74.26000213623047,77.68000030517578,1313300
2025-03-27,73.27340698242188,74.75,75.33999633789062,73.12000274658203,74.58000183105469,1886500
2025-03-28,70.76397705078125,72.19000244140625,74.95999908447266,71.45999908447266,74.16000366210938,1987800
2025-03-31,70.59732818603516,72.0199966430664,72.80000305175781,69.9000015258789,70.51000213623047,1898400
2025-04-01,70.40127563476562,71.81999969482422,72.54000091552734,69.94999694824219,71.7300033569336,2010600
2025-04-02,70.82278442382812,72.25,73.63999938964844,70.33000183105469,70.69999694824219,1831600
2025-04-03,65.18637084960938,66.5,69.76000213623047,66.1500015258789,69.2300033569336,3725000
2025-04-04,57.35420227050781,58.5099983215332,64.9800033569336,57.529998779296875,63.2400016784668,6136900
2025-04-07,56.952301025390625,58.099998474121094,64.30000305175781,55.5,56.90999984741211,7447600
2025-04-08,49.75729751586914,50.7599983215332,60.279998779296875,49.43000030517578,60.119998931884766,7919000
2025-04-09,59.27548599243164,60.470001220703125,62.09000015258789,50.2400016784668,50.66999816894531,9383400
2025-04-10,53.629268646240234,54.709999084472656,57.5,53.54999923706055,57.11000061035156,5661900
2025-04-11,55.5505485534668,56.66999816894531,56.95000076293945,52.779998779296875,54.54999923706055,3362600
2025-04-14,56.25633239746094,57.38999938964844,59.2400016784668,56.06999969482422,57.95000076293945,2745500
2025-04-15,52.94309616088867,54.0099983215332,57.63999938964844,53.650001525878906,56.0,4050800
2025-04-16,51.53153991699219,52.56999969482422,54.84000015258789,51.459999084472656,53.04999923706055,4277300
2025-04-17,51.864830017089844,52.90999984741211,53.869998931884766,51.91999816894531,53.290000915527344,3117400
2025-04-21,51.972652435302734,53.02000045776367,53.209999084472656,50.849998474121094,52.5,3122800
2025-04-22,53.68808364868164,54.77000045776367,56.0,53.34000015258789,53.709999084472656,2805000
2025-04-23,54.540897369384766,55.63999938964844,59.93000030517578,55.369998931884766,57.369998931884766,3699000
2025-04-24,57.02092361450195,58.16999816894531,58.459999084472656,55.95000076293945,55.95000076293945,2274100
2025-04-25,56.5896110534668,57.72999954223633,58.25,56.650001525878906,57.38999938964844,3065800
2025-04-28,57.39341354370117,58.54999923706055,60.310001373291016,57.43000030517578,57.880001068115234,2699000
2025-04-29,58.28543472290039,59.459999084472656,59.959999084472656,58.65999984741211,58.84000015258789,2826000
2025-04-30,57.39341354370117,58.54999923706055,58.68000030517578,56.209999084472656,57.0,6029800
2025-05-01,58.148197174072266,59.31999969482422,63.459999084472656,58.380001068115234,61.369998931884766,5229800
2025-05-02,59.10884475708008,60.29999923706055,62.060001373291016,58.630001068115234,60.470001220703125,3471800
2025-05-05,56.79546356201172,57.939998626708984,60.20000076293945,57.63999938964844,59.59000015258789,2589600
2025-05-06,56.35435485839844,57.4900016784668,58.66999816894531,56.77000045776367,56.77000045776367,2475500
2025-05-07,54.95260238647461,56.060001373291016,58.0,55.63999938964844,58.0,2895100
2025-05-08,56.30533981323242,57.439998626708984,58.75,56.5,57.0099983215332,3404200
2025-05-09,56.7856559753418,57.93000030517578,58.619998931884766,57.06999969482422,57.709999084472656,2163100
2025-05-12,60.353759765625,61.56999969482422,63.63999938964844,60.79999923706055,62.599998474121094,3994400
2025-05-13,60.63802719116211,61.86000061035156,62.349998474121094,60.970001220703125,61.58000183105469,3563900
2025-05-14,59.87343978881836,61.08000183105469,62.790000915527344,60.459999084472656,62.4900016784668,3093900
2025-05-15,59.128448486328125,60.31999969482422,60.349998474121094,58.56999969482422,60.02000045776367,3244000
2025-05-16,59.02062225341797,60.209999084472656,60.779998779296875,57.83000183105469,59.90999984741211,3821700
2025-05-19,58.06978225708008,59.2400016784668,59.86000061035156,57.36000061035156,58.47999954223633,4076800
2025-05-20,58.148197174072266,59.31999969482422,60.4900016784668,58.630001068115234,59.119998931884766,2416600
2025-05-21,55.32509231567383,56.439998626708984,58.970001220703125,56.38999938964844,58.54999923706055,2506000
2025-05-22,56.79546356201172,57.939998626708984,58.13999938964844,55.47999954223633,56.470001220703125,2905700
2025-05-23,56.471981048583984,57.61000061035156,57.900001525878906,56.310001373291016,56.61000061035156,2710500
2025-05-27,57.6286735534668,58.790000915527344,58.88999938964844,56.66999816894531,58.380001068115234,3263800
2025-05-28,56.903289794921875,58.04999923706055,59.16999816894531,57.34000015258789,58.599998474121094,2430500
2025-05-29,56.35435485839844,57.4900016784668,59.029998779296875,56.75,58.5,2866100
2025-05-30,54.65852737426758,55.7599983215332,56.689998626708984,54.810001373291016,56.650001525878906,11048700
2025-06-02,54.00176239013672,55.09000015258789,56.400001525878906,54.279998779296875,56.400001525878906,3667100
2025-06-03,55.88383102416992,57.0099983215332,57.220001220703125,53.70000076293945,55.040000915527344,2977000
2025-06-04,58.52070236206055,59.70000076293945,60.15999984741211,57.4900016784668,57.77000045776367,4078200
2025-06-05,57.48163604736328,58.63999938964844,62.18000030517578,57.83000183105469,61.0,3632100
2025-06-06,58.64813232421875,59.83000183105469,60.77000045776367,59.290000915527344,60.040000915527344,2175800
2025-06-09,61.069339752197266,62.29999923706055,63.349998474121094,60.470001220703125,60.61000061035156,3391900
2025-06-10,62.931800842285156,64.19999694824219,64.55000305175781,62.720001220703125,63.209999084472656,3023200
2025-06-11,63.794429779052734,65.08000183105469,65.75,63.84000015258789,65.61000061035156,3823600
2025-06-12,61.24577713012695,62.47999954223633,64.2300033569336,62.220001220703125,64.0199966430664,3002900
2025-06-13,59.908878326416016,60.720001220703125,62.9900016784668,60.279998779296875,61.20000076293945,2500800
2025-06-16,60.14567184448242,60.959999084472656,62.22999954223633,60.70000076293945,62.0,2333200
2025-06-17,58.89263916015625,59.689998626708984,60.68000030517578,58.79999923706055,60.650001525878906,2560200
2025-06-18,58.60651779174805,59.400001525878906,60.52000045776367,59.040000915527344,59.150001525878906,2872900
2025-06-20,55.903114318847656,56.65999984741211,59.83000183105469,56.650001525878906,59.4900016784668,5545500
2025-06-23,57.04762268066406,57.81999969482422,57.970001220703125,55.900001525878906,56.650001525878906,3791400
2025-06-24,59.376094818115234,60.18000030517578,61.22999954223633,58.599998474121094,58.650001525878906,3124700
2025-06-25,59.57342529296875,60.380001068115234,61.150001525878906,58.849998474121094,60.15999984741211,2724800
2025-06-26,62.898406982421875,63.75,65.12000274658203,62.09000015258789,62.369998931884766,4054000
2025-06-27,64.0823745727539,64.94999694824219,66.66999816894531,64.04000091552734,65.27999877929688,4137300
2025-06-30,61.83283233642578,62.66999816894531,64.80999755859375,62.04999923706055,64.80999755859375,3077700
2025-07-01,62.05976104736328,62.900001525878906,64.0199966430664,60.63999938964844,62.25,3242600
2025-07-02,67.0817642211914,67.98999786376953,68.93000030517578,64.41000366210938,65.5199966430664,4458000
2025-07-03,66.31217956542969,67.20999908447266,69.48999786376953,66.83999633789062,68.61000061035156,2322300
2025-07-07,64.62503051757812,65.5,67.27999877929688,64.23999786376953,66.55000305175781,2956600
2025-07-08,69.28197479248047,70.22000122070312,72.16999816894531,65.94999694824219,66.02999877929688,7275300
2025-07-09,69.84435272216797,70.79000091552734,71.20999908447266,68.61000061035156,70.27999877929688,4021400
2025-07-10,73.27787017822266,74.2699966430664,76.27999877929688,71.5,71.76000213623047,5717900
2025-07-11,70.03182220458984,70.9800033569336,71.93000030517578,70.22000122070312,70.30000305175781,4092000
2025-07-14,70.9099349975586,71.87000274658203,73.4800033569336,70.2300033569336,70.79000091552734,2711900
2025-07-15,69.08464050292969,70.0199966430664,72.87999725341797,69.88999938964844,72.7699966430664,4674000
2025-07-16,69.46943664550781,70.41000366210938,71.0,69.08000183105469,70.13999938964844,2880100
2025-07-17,74.72824096679688,75.73999786376953,76.66000366210938,72.23999786376953,72.44999694824219,7862000
2025-07-18,76.04048156738281,77.06999969482422,79.62000274658203,76.1500015258789,77.30999755859375,6224400
2025-07-21,76.11940002441406,77.1500015258789,81.0999984741211,76.81999969482422,79.8499984741211,3690800
2025-07-22,82.1280517578125,83.23999786376953,83.56999969482422,78.5,78.69999694824219,6714200
2025-07-23,77.73750305175781,78.79000091552734,82.18000030517578,77.94000244140625,81.4000015258789,5139000
2025-07-24,83.05549621582031,84.18000030517578,86.19000244140625,81.77999877929688,82.51000213623047,7765000
2025-07-25,82.62137603759766,83.73999786376953,84.81999969482422,82.0,84.66999816894531,5379500
2025-07-28,73.77119445800781,74.7699966430664,80.87999725341797,74.19000244140625,79.0,10165500
2025-07-29,70.64353942871094,71.5999984741211,74.44000244140625,71.0,73.80999755859375,6543200
2025-07-30,67.96974182128906,68.88999938964844,71.83999633789062,68.44000244140625,71.7699966430664,4953500
2025-07-31,66.94363403320312,67.8499984741211,70.08000183105469,65.29000091552734,70.05000305175781,8469100
2025-08-01,66.99296569824219,67.9000015258789,68.56999969482422,64.94999694824219,66.80999755859375,4282600
2025-08-04,67.64414978027344,68.55999755859375,69.30999755859375,67.9000015258789,68.2300033569336,3261300
2025-08-05,67.33829498291016,68.25,69.44999694824219,66.66999816894531,69.30999755859375,2210100
2025-08-06,66.40099334716797,67.30000305175781,69.1500015258789,66.88999938964844,68.7699966430664,2106200
2025-08-07,69.12410736083984,70.05999755859375,73.83999633789062,69.80999755859375,69.86000061035156,5435400
2025-08-08,74.47171783447266,75.4800033569336,76.88999938964844,71.4800033569336,72.19999694824219,7616700
2025-08-11,79.68118286132812,80.76000213623047,87.44999694824219,79.91999816894531,84.7699966430664,12471500
2025-08-12,76.93832397460938,77.9800033569336,80.58999633789062,75.44000244140625,78.23999786376953,5413100
2025-08-13,80.57902526855469,81.66999816894531,82.19999694824219,79.25,81.0999984741211,3990400
2025-08-14,80.34223175048828,81.43000030517578,81.68000030517578,79.36000061035156,79.98999786376953,3495700
2025-08-15,81.09207153320312,82.19000244140625,82.70999908447266,81.0999984741211,81.2699966430664,2842300
2025-08-18,81.98005676269531,83.08999633789062,84.79000091552734,81.66999816894531,81.66999816894531,4375900
2025-08-19,79.47399139404297,80.55000305175781,83.0,80.30999755859375,82.30000305175781,3810800
2025-08-20,77.0764389038086,78.12000274658203,79.48999786376953,75.87999725341797,77.05000305175781,3456400
2025-08-21,77.885498046875,78.94000244140625,79.73999786376953,76.87999725341797,77.37999725341797,2887800
2025-08-22,80.25343322753906,81.33999633789062,82.62999725341797,77.1500015258789,77.33000183105469,2876200
2025-08-25,80.2041015625,81.29000091552734,82.29000091552734,80.02999877929688,80.7300033569336,2412000
2025-08-26,80.4408950805664,81.52999877929688,83.44999694824219,81.01000213623047,82.06999969482422,2495900
2025-08-27,86.50875091552734,87.68000030517578,87.97000122070312,81.4000015258789,81.4800033569336,5504600
2025-08-28,83.78560638427734,84.91999816894531,86.9800033569336,83.72000122070312,86.69999694824219,3539500
2025-08-29,83.78560638427734,84.91999816894531,87.08000183105469,84.62999725341797,85.62999725341797,1738900
2025-09-02,78.47747039794922,79.54000091552734,82.19000244140625,79.13999938964844,81.98999786376953,4041600
2025-09-03,79.03986358642578,80.11000061035156,80.8499984741211,78.61000061035156,79.16999816894531,1926000
2025-09-04,78.2110824584961,79.2699966430664,79.75,78.1500015258789,79.52999877929688,3900500
2025-09-05,80.45076751708984,81.54000091552734,84.88999938964844,80.86000061035156,82.20999908447266,4805500
2025-09-08,80.90460968017578,82.0,82.66000366210938,80.06999969482422,82.1500015258789,2332700
2025-09-09,71.6104507446289,72.58000183105469,76.0,71.38999938964844,75.22000122070312,13545200
2025-09-10,72.34056854248047,73.31999969482422,74.7300033569336,72.11000061035156,73.29000091552734,5511300
2025-09-11,74.04745483398438,75.05000305175781,76.13999938964844,71.25,71.83999633789062,3595600
2025-09-12,75.37177276611328,75.9800033569336,76.33999633789062,73.08999633789062,74.23999786376953,2508600
2025-09-15,80.39127349853516,81.04000091552734,81.66000366210938,77.5,78.08999633789062,5011900
2025-09-16,80.29206848144531,80.94000244140625,82.0,79.91999816894531,80.7699966430664,2255700
2025-09-17,79.518310546875,80.16000366210938,82.44999694824219,78.91000366210938,80.88999938964844,2616700
2025-09-18,80.28214263916016,80.93000030517578,81.5999984741211,79.33000183105469,80.94999694824219,2217900
2025-09-19,81.18485260009766,81.83999633789062,83.93000030517578,81.30999755859375,82.0999984741211,3672600
2025-09-22,79.73654174804688,80.37999725341797,82.48999786376953,79.87999725341797,80.44000244140625,2537400
2025-09-23,79.4786376953125,80.12000274658203,83.38999938964844,79.58999633789062,80.86000061035156,2249000
2025-09-24,80.92694854736328,81.58000183105469,85.61000061035156,81.13999938964844,83.5,3532700
2025-09-25,84.15093231201172,84.83000183105469,87.30000305175781,80.29000091552734,81.70999908447266,4456000
2025-09-26,87.39474487304688,88.0999984741211,89.3499984741211,83.4000015258789,83.91000366210938,4186600
2025-09-29,86.18450927734375,86.87999725341797,91.30999755859375,86.02999877929688,90.58000183105469,3344100
2025-09-30,80.43094635009766,81.08000183105469,85.55999755859375,79.30000305175781,85.5,5385600
2025-10-01,83.79380798339844,84.47000122070312,85.58000183105469,81.97000122070312,81.97000122070312,3616400
2025-10-02,86.90867614746094,87.61000061035156,90.08999633789062,84.72000122070312,85.0,3121700
2025-10-03,87.5137939453125,88.22000122070312,89.19999694824219,85.8499984741211,87.12000274658203,2570400
2025-10-06,91.29328918457031,92.02999877929688,93.7300033569336,88.5,89.5999984741211,3402600
2025-10-07,89.8052978515625,90.52999877929688,93.12999725341797,89.01000213623047,91.9000015258789,2238900
2025-10-08,90.95601654052734,91.69000244140625,92.8499984741211,89.69000244140625,91.95999908447266,2518900
2025-10-09,95.72750854492188,96.5,99.86000061035156,94.44999694824219,95.62000274658203,5594900
2025-10-10,89.14066314697266,89.86000061035156,96.16000366210938,89.75,95.4000015258789,4302600
2025-10-13,95.56878662109375,96.33999633789062,99.12999725341797,92.0,92.02999877929688,4161000
2025-10-14,95.46958923339844,96.23999786376953,97.66999816894531,91.0,92.6500015258789,3624800
2025-10-15,97.37422180175781,98.16000366210938,99.48999786376953,95.56999969482422,98.04000091552734,3313200
2025-10-16,94.52719116210938,95.29000091552734,99.1500015258789,94.29000091552734,98.54000091552734,2606700
2025-10-17,91.99760437011719,92.73999786376953,96.0,91.5,93.43000030517578,3547300
2025-10-20,95.3703842163086,96.13999938964844,97.69000244140625,94.0,94.0,2927100
2025-10-21,90.60880279541016,91.33999633789062,94.86000061035156,90.91999816894531,94.5,2486900
2025-10-22,90.53937530517578,91.2699966430664,91.98999786376953,88.76000213623047,90.80000305175781,1984300
2025-10-23,96.58061981201172,97.36000061035156,98.05999755859375,93.95999908447266,94.5,3455700
2025-10-24,104.7943344116211,105.63999938964844,106.95999908447266,99.6500015258789,100.16999816894531,5109700
2025-10-27,95.45967102050781,96.2300033569336,105.47000122070312,95.69000244140625,103.7699966430664,4094700
2025-10-28,95.90606689453125,96.68000030517578,97.1500015258789,94.7699966430664,97.0,2509900
2025-10-29,97.01709747314453,97.80000305175781,101.04000091552734,96.44999694824219,96.80000305175781,2278700
2025-10-30,97.10637664794922,97.88999938964844,100.62000274658203,96.58000183105469,99.0,2366900
2025-10-31,97.44366455078125,98.2300033569336,99.97000122070312,96.5,96.9000015258789,4021800
2025-11-03,95.75727081298828,96.52999877929688,99.4000015258789,95.08000183105469,97.54000091552734,2737500
2025-11-04,87.741943359375,88.44999694824219,92.5,88.01000213623047,91.70999908447266,5264300
2025-11-05,91.2238540649414,91.95999908447266,92.87000274658203,89.0999984741211,90.38999938964844,3369800
2025-11-06,90.52945709228516,91.26000213623047,97.0999984741211,91.0,94.0,3772800
2025-11-07,96.40206146240234,97.18000030517578,98.41999816894531,90.01000213623047,90.16999816894531,4482800
2025-11-10,102.75083923339844,103.58000183105469,104.5999984741211,100.0,101.41999816894531,3390200
2025-11-11,103.04842376708984,103.87999725341797,103.88999938964844,101.18000030517578,102.5,2655400
2025-11-12,109.43687438964844,110.31999969482422,110.62999725341797,104.94000244140625,105.41000366210938,4399100
2025-11-13,113.6528549194336,114.56999969482422,119.27999877929688,112.0199966430664,112.3499984741211,7195900
2025-11-14,114.2182846069336,115.13999938964844,117.3499984741211,107.62999725341797,108.9000015258789,4691600
2025-11-17,116.75779724121094,117.69999694824219,125.8499984741211,117.66000366210938,120.01000213623047,7466600
2025-11-18,120.41825866699219,121.38999938964844,122.41999816894531,114.91000366210938,116.37000274658203,4524100
2025-11-19,124.67391204833984,125.68000030517578,127.06999969482422,122.66000366210938,123.38999938964844,3631700
2025-11-20,115.48804473876953,116.41999816894531,125.8499984741211,115.68000030517578,121.08000183105469,5683200
2025-11-21,115.88484191894531,116.81999969482422,119.31999969482422,110.58000183105469,113.06999969482422,4858600
2025-11-24,114.95236206054688,115.87999725341797,116.76000213623047,113.51000213623047,114.4800033569336,2844300
2025-11-25,124.25728607177734,125.26000213623047,125.77999877929688,117.91999816894531,119.70999908447266,3548500
2025-11-26,125.89407348632812,126.91000366210938,127.69999694824219,122.12999725341797,124.08000183105469,3060200
2025-11-28,128.9494171142578,129.99000549316406,130.55999755859375,126.5,127.79000091552734,1285300
2025-12-01,127.3027114868164,128.3300018310547,132.89999389648438,128.11000061035156,128.47000122070312,4017000
2025-12-02,127.11422729492188,128.13999938964844,130.25999450683594,127.13999938964844,130.25999450683594,2037100
2025-12-03,125.47743225097656,126.48999786376953,127.05000305175781,123.43000030517578,124.5,4145000
2025-12-04,118.186279296875,119.13999938964844,126.48999786376953,117.61000061035156,125.31999969482422,4241900
2025-12-05,124.1878433227539,125.19000244140625,129.8800048828125,122.69999694824219,123.80999755859375,5265000
2025-12-08,126.18175506591797,127.19999694824219,128.38999938964844,124.72000122070312,128.27999877929688,3602800
2025-12-09,128.25502014160156,129.2899932861328,131.89999389648438,126.55000305175781,126.94000244140625,2362900
2025-12-10,132.14364624023438,133.2100067138672,134.3699951171875,129.72999572753906,131.0,2764400
2025-12-11,133.51258850097656,134.58999633789062,135.1300048828125,132.00999450683594,133.17999267578125,2291600
2025-12-12,132.07484436035156,132.74000549316406,136.10000610351562,129.88999938964844,136.10000610351562,2775300
2025-12-15,131.5574493408203,132.22000122070312,134.35000610351562,130.67999267578125,132.9600067138672,2080600
2025-12-16,130.4132080078125,131.07000732421875,134.47999572753906,130.39999389648438,131.9199981689453,2349300
2025-12-17,134.0349578857422,134.7100067138672,138.69000244140625,134.42999267578125,135.1999969482422,3105300
2025-12-18,139.77603149414062,140.47999572753906,140.77999877929688,133.8800048828125,135.39999389648438,3387600
2025-12-19,145.14898681640625,145.8800048828125,149.82000732421875,142.0,142.50999450683594,6845000
2025-12-22,144.65150451660156,145.3800048828125,150.72000122070312,143.83999633789062,146.89999389648438,3573600
2025-12-23,145.9648895263672,146.6999969482422,149.8800048828125,146.2100067138672,147.97999572753906,1736700
2025-12-24,147.76580810546875,148.50999450683594,148.50999450683594,143.52000427246094,144.0,1181700
2025-12-26,149.25828552246094,150.00999450683594,152.0800018310547,147.74000549316406,150.27999877929688,1442200
2025-12-29,143.85549926757812,144.5800018310547,146.4499969482422,141.25,144.72000122070312,2822000
2025-12-30,141.29837036132812,142.00999450683594,145.4199981689453,141.66000366210938,145.05999755859375,1660200
2025-12-31,140.73123168945312,141.44000244140625,142.75,140.6999969482422,141.27000427246094,1742100
2026-01-02,143.20875549316406,143.92999267578125,144.75,141.42999267578125,143.77000427246094,2992500
2026-01-05,145.3977508544922,146.1300048828125,148.6699981689453,145.05999755859375,146.27999877929688,3112900
2026-01-06,157.3574981689453,158.14999389648438,164.97999572753906,150.2899932861328,150.85000610351562,5627800
2026-01-07,160.76036071777344,161.57000732421875,164.8000030517578,157.2100067138672,160.0,4198800
2026-01-08,157.51669311523438,158.30999755859375,162.58999633789062,155.33999633789062,159.3000030517578,3332800
2026-01-09,160.4817657470703,161.2899932861328,162.97999572753906,157.0,158.07000732421875,2824400
2026-01-12,168.48147583007812,169.3300018310547,169.6199951171875,164.5,167.94000244140625,3422600
2026-01-13,175.99365234375,176.8800048828125,177.6699981689453,172.75,175.0,3411500
2026-01-14,176.66029357910156,177.5500030517578,179.13999938964844,171.67999267578125,175.3800048828125,2538500
2026-01-15,172.9091796875,173.77999877929688,179.10000610351562,170.8000030517578,177.5500030517578,3143900
2026-01-16,162.22299194335938,163.0399932861328,166.47999572753906,161.75999450683594,166.1999969482422,4817600
2026-01-20,171.67538452148438,172.5399932861328,172.6199951171875,160.02000427246094,161.39999389648438,4535300
2026-01-21,179.15771484375,180.05999755859375,181.05999755859375,175.77999877929688,175.77999877929688,4493700
2026-01-22,187.37632751464844,188.32000732421875,189.17999267578125,178.47999572753906,179.3000030517578,4220400
2026-01-23,188.5603485107422,189.50999450683594,191.97000122070312,185.2100067138672,188.67999267578125,3022600
2026-01-26,188.7991485595703,189.75,192.4600067138672,187.32000732421875,189.63999938964844,3002700
2026-01-27,193.2069549560547,194.17999267578125,195.69000244140625,187.0,188.0,2605600
2026-01-28,183.40631103515625,184.3300018310547,195.22000122070312,179.25,195.2100067138672,4444800
2026-01-29,179.79449462890625,180.6999969482422,187.10000610351562,177.13999938964844,184.05999755859375,2694400
2026-01-30,169.77496337890625,170.6300048828125,173.3800048828125,166.00999450683594,167.41000366210938,6911300
2026-02-02,164.10353088378906,164.92999267578125,173.0,164.14999389648438,168.5,3666600
2026-02-03,169.784912109375,170.63999938964844,174.6999969482422,167.85000610351562,173.22000122070312,2655400
2026-02-04,167.81483459472656,168.66000366210938,175.57000732421875,162.8800048828125,171.5,3049000
2026-02-05,155.6958770751953,156.47999572753906,165.1199951171875,156.0399932861328,160.05999755859375,3638200
2026-02-06,162.5513458251953,163.3699951171875,163.91000366210938,158.47999572753906,159.89999389648438,2120400
2026-02-09,164.9293670654297,165.75999450683594,166.3000030517578,159.1999969482422,162.5,2341600
2026-02-10,167.71533203125,168.55999755859375,168.69000244140625,162.75999450683594,165.0,2196400
2026-02-11,174.5509033203125,175.42999267578125,176.66000366210938,169.97999572753906,172.27000427246094,3762600
2026-02-12,158.1335906982422,158.92999267578125,182.8000030517578,157.5,173.00999450683594,4254200
2026-02-13,165.51641845703125,166.35000610351562,167.8800048828125,156.72000122070312,160.57000732421875,2594200
2026-02-17,168.0735321044922,168.9199981689453,170.99000549316406,165.0500030517578,166.27000427246094,1809400
2026-02-18,170.3620147705078,171.22000122070312,175.2100067138672,170.80999755859375,171.8000030517578,2196900
2026-02-19,167.56610107421875,168.41000366210938,169.61000061035156,164.1999969482422,165.4499969482422,1559600
2026-02-20,167.57603454589844,168.4199981689453,172.1999969482422,165.3000030517578,166.5,1861000
2026-02-23,176.6304473876953,177.52000427246094,177.97000122070312,168.4199981689453,168.4199981689453,2323500
2026-02-24,185.89378356933594,186.8300018310547,188.97000122070312,180.77000427246094,180.77000427246094,2628900
2026-02-25,194.88848876953125,195.8699951171875,206.0,195.2899932861328,202.0,4503400
2026-02-26,184.0032958984375,184.92999267578125,193.33999633789062,181.9499969482422,191.88999938964844,2576400
2026-02-27,177.77467346191406,178.6699981689453,184.52000427246094,177.27999877929688,183.5399932861328,2405600
2026-03-02,177.28712463378906,178.17999267578125,181.00999450683594,171.72999572753906,173.52000427246094,1626300
2026-03-03,163.90452575683594,164.72999572753906,168.1999969482422,157.27000427246094,165.38999938964844,3369500
2026-03-04,167.5063934326172,168.35000610351562,173.0,167.80999755859375,170.3000030517578,2535500
2026-03-05,163.1085205078125,163.92999267578125,169.2100067138672,161.1300048828125,165.80999755859375,2110100
2026-03-06,161.47674560546875,162.2899932861328,165.0500030517578,158.0,158.6199951171875,2175500
2026-03-09,168.72027587890625,169.57000732421875,169.80999755859375,157.50999450683594,158.75999450683594,2420700
2026-03-10,165.70545959472656,166.5399932861328,173.63999938964844,166.3800048828125,171.4600067138672,2028300
2026-03-11,167.15814208984375,168.0,170.3000030517578,163.5399932861328,164.94000244140625,1704600
2026-03-12,163.06874084472656,163.88999938964844,165.77999877929688,159.7899932861328,165.77999877929688,1479700
2026-03-13,157.817138671875,158.22000122070312,166.5,156.33999633789062,164.07000732421875,1897100
2026-03-16,162.02639770507812,162.44000244140625,165.77999877929688,161.22000122070312,162.9600067138672,1215200
2026-03-17,165.8965301513672,166.32000732421875,166.92999267578125,163.0,163.6699981689453,1697400
2026-03-18,165.4077606201172,165.8300018310547,170.05999755859375,162.00999450683594,164.25999450683594,1585800
2026-03-19,162.84429931640625,163.25999450683594,164.64999389648438,155.0800018310547,158.57000732421875,1873700
2026-03-20,156.30101013183594,156.6999969482422,164.1999969482422,154.69000244140625,163.5,2936900
2026-03-23,167.13336181640625,167.55999755859375,171.0,159.10000610351562,159.75,2899000
2026-03-24,176.60916137695312,177.05999755859375,177.1699981689453,164.52999877929688,165.92999267578125,2267000
2026-03-25,180.9281463623047,181.38999938964844,184.25,178.19000244140625,179.88999938964844,2248300
2026-03-26,174.05569458007812,174.5,182.0,174.2100067138672,178.0,1261400
2026-03-27,178.9930877685547,179.4499969482422,183.00999450683594,174.4600067138672,174.67999267578125,1572200
2026-03-30,176.76876831054688,177.22000122070312,186.9600067138672,175.77000427246094,184.60000610351562,2104500
2026-03-31,179.0728759765625,179.52999877929688,184.77999877929688,177.17999267578125,177.92999267578125,2225900
2026-04-01,178.0155792236328,178.47000122070312,185.69000244140625,176.0800018310547,182.72000122070312,1842700
2026-04-02,177.6365509033203,178.08999633789062,183.60000610351562,172.9600067138672,174.6199951171875,1145800
2026-04-06,172.5894317626953,173.02999877929688,179.60000610351562,170.2899932861328,177.0,1394200
2026-04-07,173.08816528320312,173.52999877929688,175.8000030517578,171.0,172.94000244140625,1303500
2026-04-08,176.9882049560547,177.44000244140625,180.7100067138672,174.13999938964844,179.44000244140625,1617400
2026-04-09,171.91116333007812,172.35000610351562,181.57000732421875,170.85000610351562,176.47999572753906,1538900
2026-04-10,173.1978759765625,173.63999938964844,178.7899932861328,172.57000732421875,173.5,1208700
2026-04-13,184.95785522460938,185.42999267578125,189.35000610351562,175.25,175.25,2960200
2026-04-14,189.3765869140625,189.86000061035156,190.97999572753906,184.74000549316406,190.0,1810000
2026-04-15,184.90798950195312,185.3800048828125,189.85000610351562,183.88999938964844,189.85000610351562,1291100
2026-04-16,215.07098388671875,215.6199951171875,215.7100067138672,189.36000061035156,191.0,5639600
2026-04-17,197.24649047851562,197.75,208.0500030517578,195.32000732421875,207.55999755859375,4160700
2026-04-20,194.33392333984375,194.8300018310547,199.4600067138672,193.5,196.0,2216300
2026-04-21,197.91477966308594,198.4199981689453,199.47999572753906,193.6999969482422,195.1199951171875,1491600
2026-04-22,193.72547912597656,194.22000122070312,201.6699981689453,188.5399932861328,200.0,1799300
2026-04-23,192.64822387695312,193.13999938964844,196.32000732421875,188.00999450683594,193.4499969482422,1548800
2026-04-24,187.85047912597656,188.3300018310547,192.24000549316406,184.50999450683594,191.0,1854200
2026-04-27,199.02195739746094,199.52999877929688,200.32000732421875,184.64999389648438,190.0,2188300
2026-04-28,186.4241180419922,186.89999389648438,195.52000427246094,184.7899932861328,194.66000366210938,1835600
2026-04-29,190.39398193359375,190.8800048828125,191.97999572753906,186.75999450683594,191.97999572753906,1453600
2026-04-30,196.19915771484375,196.6999969482422,197.8800048828125,190.1999969482422,194.4600067138672,2215100
2026-05-01,193.3863525390625,193.8800048828125,197.9600067138672,189.5,197.9600067138672,1278100
2026-05-04,190.2044677734375,190.69000244140625,198.85000610351562,187.3300018310547,196.1300048828125,1392200
2026-05-05,194.32395935058594,194.82000732421875,197.36000061035156,193.5,195.0,1269700
2026-05-06,192.1195831298828,192.61000061035156,201.05999755859375,192.10000610351562,201.05999755859375,2224900
2026-05-07,197.844970703125,198.35000610351562,221.0,198.17999267578125,207.00999450683594,4291200
2026-05-08,203.00180053710938,203.52000427246094,209.5399932861328,194.3000030517578,201.3300018310547,3130000
2026-05-11,209.45533752441406,209.99000549316406,219.0800018310547,209.0,210.1999969482422,2811300
2026-05-12,204.9967041015625,205.52000427246094,208.9499969482422,201.64999389648438,205.94000244140625,1805200
2026-05-13,200.42837524414062,200.94000244140625,208.75999450683594,196.47000122070312,205.99000549316406,1863700
2026-05-14,190.61343383789062,191.10000610351562,198.10000610351562,188.3000030517578,198.0,2168600
2026-05-15,179.92071533203125,180.3800048828125,185.05999755859375,179.57000732421875,185.05999755859375,2582700
2026-05-18,175.29254150390625,175.74000549316406,182.27999877929688,174.02000427246094,181.30999755859375,1944300
2026-05-19,168.56968688964844,169.0,173.3800048828125,165.6699981689453,172.50999450683594,2097400
2026-05-20,169.77662658691406,170.2100067138672,171.19000244140625,167.13999938964844,170.0,2321500
2026-05-21,169.46739196777344,169.89999389648438,171.52999877929688,167.5399932861328,171.52999877929688,1396200
2026-05-22,171.14312744140625,171.5800018310547,175.2100067138672,169.32000732421875,171.58999633789062,1676100
2026-05-26,174.24520874023438,174.69000244140625,179.6999969482422,173.83999633789062,175.02000427246094,2278200
2026-05-27,177.01812744140625,177.47000122070312,180.25999450683594,171.0,172.00999450683594,1920700
2026-05-28,175.87106323242188,176.32000732421875,178.19000244140625,175.60000610351562,177.3000030517578,1714900
2026-05-29,175.97079467773438,176.4199981689453,180.0,173.50999450683594,177.13999938964844,2542100
2026-06-01,170.69427490234375,171.1300048828125,176.3800048828125,170.00999450683594,176.3800048828125,2177500
2026-06-02,171.3326416015625,171.77000427246094,173.83999633789062,163.58999633789062,170.22999572753906,2636000
2026-06-03,167.911376953125,168.33999633789062,172.25999450683594,166.77999877929688,170.24000549316406,1711200
2026-06-04,165.22821044921875,165.64999389648438,168.24000549316406,163.67999267578125,165.14999389648438,1761100
2026-06-05,155.04421997070312,155.44000244140625,163.3800048828125,155.1300048828125,162.2899932861328,1790600
2026-06-08,149.45848083496094,149.83999633789062,158.08999633789062,149.02999877929688,158.02000427246094,3057500
2026-06-09,152.4009552001953,152.7899932861328,156.67999267578125,147.6999969482422,155.44000244140625,2583100
2026-06-10,146.84515380859375,147.22000122070312,151.41000366210938,146.75999450683594,151.16000366210938,2153200
2026-06-11,158.65499877929688,159.05999755859375,159.74000549316406,151.32000732421875,151.32000732421875,2233900
2026-06-12,170.4199981689453,170.4199981689453,174.3300018310547,161.5800018310547,161.5800018310547,3265100
2026-06-15,168.89999389648438,168.89999389648438,173.25999450683594,165.5,171.75999450683594,2843400
2026-06-16,166.11000061035156,166.11000061035156,170.49000549316406,165.33999633789062,167.66000366210938,1497900
2026-06-17,166.55999755859375,166.55999755859375,171.0,165.80999755859375,167.85000610351562,2682200
2026-06-18,160.35000610351562,160.35000610351562,168.82000732421875,154.50999450683594,167.60000610351562,4385400
2026-06-22,156.69000244140625,156.69000244140625,160.36000061035156,152.5,160.36000061035156,2043500
2026-06-23,149.97999572753906,149.97999572753906,152.94000244140625,149.0,150.22999572753906,1950900
2026-06-24,147.83999633789062,147.83999633789062,150.5,146.39999389648438,148.0,1926400
2026-06-25,141.0500030517578,141.0500030517578,144.77000427246094,138.50999450683594,143.39999389648438,3055400
2026-06-26,133.6999969482422,133.6999969482422,137.6699981689453,132.3300018310547,137.16000366210938,4692400
2026-06-29,129.72000122070312,129.72000122070312,134.39999389648438,127.51000213623047,133.0,3363400
2026-06-30,135.02999877929688,135.02999877929688,139.27999877929688,133.13999938964844,136.0,3559600
2026-07-01,136.0800018310547,136.0800018310547,139.25,133.6300048828125,133.6300048828125,2413500
2026-07-02,135.55999755859375,135.55999755859375,139.8800048828125,133.02000427246094,134.60000610351562,2572400
2026-07-06,133.8000030517578,133.8000030517578,137.42999267578125,132.66000366210938,135.86000061035156,1531500
2026-07-07,129.02000427246094,129.02000427246094,131.97000122070312,127.2699966430664,128.83999633789062,2184300
2026-07-08,129.3800048828125,129.3800048828125,129.64999389648438,124.58000183105469,126.19999694824219,2075800
2026-07-09,128.4199981689453,128.4199981689453,131.14999389648438,126.44999694824219,129.08999633789062,1361800
2026-07-10,126.05000305175781,126.05000305175781,129.11000061035156,125.91999816894531,128.99000549316406,1465600
2026-07-13,125.79000091552734,125.79000091552734,128.47999572753906,124.6500015258789,126.11000061035156,1215100
2026-07-14,128.75,128.75,130.61000061035156,127.72000122070312,129.0,2234100
2026-07-15,124.73999786376953,124.73999786376953,127.87000274658203,122.08999633789062,126.81999969482422,1617800
2026-07-16,119.45999908447266,119.45999908447266,122.5,117.58999633789062,121.69000244140625,2263300
2026-07-17,120.77999877929688,120.77999877929688,122.26000213623047,116.41000366210938,116.41000366210938,2286300
2026-07-20,118.19999694824219,118.19999694824219,121.5,116.86000061035156,121.0,2216400
2026-07-21,118.62000274658203,118.62000274658203,119.55000305175781,115.5999984741211,119.36000061035156,2746800
2026-07-22,117.44999694824219,117.44999694824219,123.30999755859375,116.9000015258789,119.4000015258789,2610100
2026-07-23,116.91000366210938,116.91000366210938,120.80000305175781,115.97000122070312,119.20999908447266,1822400
2026-07-24,114.8499984741211,114.8499984741211,119.5999984741211,114.75,116.62000274658203,1637900
2026-07-27,116.18000030517578,116.18000030517578,117.19000244140625,113.75,114.91999816894531,2392300
2026-07-28,113.16000366210938,113.16000366210938,115.79000091552734,111.55000305175781,115.05999755859375,2304300
2026-07-29,113.87999725341797,113.87999725341797,117.0,112.22000122070312,115.29000091552734,2294800
2026-07-30,117.76000213623047,117.76000213623047,118.55999755859375,115.94000244140625,116.47000122070312,2179600
2026-07-31,117.63999938964844,117.63999938964844,118.79000091552734,116.0,116.80000305175781,3649500
2026-08-03,118.70999908447266,118.70999908447266,120.37000274658203,115.58999633789062,116.19999694824219,2150200
2026-08-04,120.81999969482422,120.81999969482422,121.80999755859375,119.2300033569336,120.43000030517578,2293100
2026-08-05,118.83999633789062,118.83999633789062,122.9800033569336,118.41000366210938,122.05000305175781,2690400
2026-08-06,125.41999816894531,125.41999816894531,129.97999572753906,123.54000091552734,127.7300033569336,4201400
2026-08-07,131.11000061035156,131.11000061035156,132.99000549316406,125.63999938964844,129.25,2632600
2026-08-10,131.2100067138672,131.2100067138672,133.22000122070312,129.0,131.3800048828125,2424800
2026-08-11,129.36000061035156,129.36000061035156,132.47000122070312,128.6199951171875,130.4499969482422,1482500
2026-08-12,128.33999633789062,128.33999633789062,132.3300018310547,127.55999755859375,131.77000427246094,1921600
2026-08-13,130.47999572753906,130.47999572753906,133.6699981689453,127.12000274658203,128.0,2106100
2026-08-14,136.14999389648438,136.14999389648438,137.32000732421875,131.64999389648438,132.02999877929688,2340800
2026-08-17,133.99000549316406,133.99000549316406,135.4499969482422,132.19000244140625,135.13999938964844,1976800
2026-08-18,132.7100067138672,132.7100067138672,132.9250030517578,129.85000610351562,131.0,988955
