Price,Adj Close,Close,High,Low,Open,Volume
Ticker,AWK,AWK,AWK,AWK,AWK,AWK
Date,,,,,,
2008-04-23,13.153554916381836,20.600000381469727,21.450000762939453,20.219999313354492,20.600000381469727,23402800
2008-04-24,13.287647247314453,20.809999465942383,21.0,20.309999465942383,20.719999313354492,4960900
2008-04-25,13.517516136169434,21.170000076293945,21.25,20.700000762939453,21.0,1956800
2008-04-28,13.408965110778809,21.0,21.489999771118164,20.809999465942383,21.489999771118164,709400
2008-04-29,13.453659057617188,21.06999969482422,21.389999389648438,20.81999969482422,21.389999389648438,859700
2008-04-30,13.504734992980957,21.149999618530273,21.200000762939453,20.920000076293945,21.079999923706055,893300
2008-05-01,13.990015029907227,21.90999984741211,22.0,21.0,21.219999313354492,2999000
2008-05-02,14.053868293762207,22.010000228881836,22.15999984741211,21.489999771118164,22.15999984741211,1639400
2008-05-05,13.990015029907227,21.90999984741211,22.450000762939453,21.559999465942383,22.450000762939453,579000
2008-05-06,13.760148048400879,21.549999237060547,21.860000610351562,21.3700008392334,21.799999237060547,1040200
2008-05-07,13.543046951293945,21.209999084472656,21.600000381469727,20.649999618530273,21.5,1240100
2008-05-08,13.568592071533203,21.25,21.299999237060547,21.030000686645508,21.229999542236328,888100
2008-05-09,13.836775779724121,21.670000076293945,21.84000015258789,21.030000686645508,21.25,550400
2008-05-12,13.728219032287598,21.5,21.739999771118164,21.280000686645508,21.700000762939453,1168000
2008-05-13,13.61329174041748,21.31999969482422,21.540000915527344,20.799999237060547,21.530000686645508,1783900
2008-05-14,13.600519180297852,21.299999237060547,21.479999542236328,20.510000228881836,20.510000228881836,649200
2008-05-15,13.511124610900879,21.15999984741211,21.459999084472656,21.100000381469727,21.450000762939453,470400
2008-05-16,13.804844856262207,21.6200008392334,21.649999618530273,21.100000381469727,21.43000030517578,1002400
2008-05-19,13.887853622436523,21.75,22.09000015258789,21.549999237060547,21.889999389648438,802900
2008-05-20,13.82399845123291,21.649999618530273,21.969999313354492,21.450000762939453,21.969999313354492,504100
2008-05-21,13.511124610900879,21.15999984741211,21.850000381469727,21.049999237060547,21.850000381469727,407100
2008-05-22,13.632440567016602,21.350000381469727,21.450000762939453,21.1200008392334,21.3700008392334,274600
2008-05-23,13.498351097106934,21.139999389648438,21.25,21.0,21.25,464200
2008-05-27,13.55582332611084,21.229999542236328,21.489999771118164,21.049999237060547,21.489999771118164,320300
2008-05-28,13.670757293701172,21.40999984741211,21.420000076293945,21.06999969482422,21.100000381469727,403800
2008-05-29,13.447277069091797,21.059999465942383,21.5,21.049999237060547,21.389999389648438,384600
2008-05-30,13.728219032287598,21.5,21.5,21.049999237060547,21.100000381469727,784300
2008-06-02,13.792075157165527,21.600000381469727,22.3700008392334,21.200000762939453,22.3700008392334,414900
2008-06-03,13.61329174041748,21.31999969482422,21.899999618530273,21.290000915527344,21.860000610351562,446000
2008-06-04,13.772920608520508,21.56999969482422,21.639999389648438,21.06999969482422,21.100000381469727,850300
2008-06-05,13.919785499572754,21.799999237060547,21.889999389648438,21.489999771118164,21.489999771118164,567400
2008-06-06,14.111332893371582,22.100000381469727,22.25,21.75,21.75,1588900
2008-06-09,14.258193016052246,22.329999923706055,22.389999389648438,22.100000381469727,22.299999237060547,377700
2008-06-10,13.951703071594238,21.850000381469727,22.25,21.84000015258789,22.110000610351562,594000
2008-06-11,13.8623046875,21.709999084472656,22.43000030517578,21.200000762939453,21.719999313354492,692300
2008-06-12,13.951703071594238,21.850000381469727,22.110000610351562,21.469999313354492,22.110000610351562,394400
2008-06-13,14.296504974365234,22.389999389648438,22.399999618530273,21.709999084472656,22.139999389648438,460500
2008-06-16,14.526373863220215,22.75,23.0,22.239999771118164,22.469999313354492,783000
2008-06-17,14.80094051361084,23.18000030517578,23.510000228881836,22.299999237060547,22.75,1194300
2008-06-18,14.711546897888184,23.040000915527344,23.190000534057617,22.40999984741211,23.0,723300
2008-06-19,14.61577033996582,22.889999389648438,23.09000015258789,22.700000762939453,23.09000015258789,683500
2008-06-20,14.686004638671875,23.0,23.200000762939453,22.3799991607666,22.700000762939453,1330300
2008-06-23,14.526373863220215,22.75,22.959999084472656,22.670000076293945,22.959999084472656,390500
2008-06-24,14.609384536743164,22.8799991607666,22.959999084472656,22.309999465942383,22.780000686645508,666900
2008-06-25,14.922258377075195,23.3700008392334,23.3700008392334,22.850000381469727,23.079999923706055,717000
2008-06-26,14.443366050720215,22.6200008392334,23.649999618530273,22.139999389648438,23.049999237060547,1993100
2008-06-27,14.379508972167969,22.520000457763672,23.139999389648438,21.950000762939453,22.0,4484900
2008-06-30,14.162413597106934,22.18000030517578,22.989999771118164,21.190000534057617,22.989999771118164,861700
2008-07-01,14.609384536743164,22.8799991607666,23.09000015258789,22.209999084472656,22.399999618530273,476800
2008-07-02,14.462523460388184,22.649999618530273,23.229999542236328,22.459999084472656,23.0,492400
2008-07-03,13.919785499572754,21.799999237060547,22.610000610351562,21.170000076293945,22.459999084472656,325300
2008-07-07,13.721835136413574,21.489999771118164,22.059999465942383,21.309999465942383,21.799999237060547,246800
2008-07-08,13.855923652648926,21.700000762939453,21.700000762939453,21.290000915527344,21.389999389648438,281500
2008-07-09,13.785689353942871,21.59000015258789,21.760000228881836,21.40999984741211,21.729999542236328,182900
2008-07-10,13.574981689453125,21.260000228881836,21.690000534057617,20.299999237060547,21.690000534057617,530200
2008-07-11,12.789597511291504,20.030000686645508,20.809999465942383,19.239999771118164,20.739999771118164,1062500
2008-07-14,12.5852689743042,19.709999084472656,20.190000534057617,19.6200008392334,20.030000686645508,543100
2008-07-15,12.07444953918457,18.90999984741211,19.43000030517578,18.09000015258789,19.420000076293945,1191800
2008-07-16,12.387327194213867,19.399999618530273,19.549999237060547,18.899999618530273,18.969999313354492,464600
2008-07-17,12.578883171081543,19.700000762939453,19.790000915527344,19.06999969482422,19.790000915527344,232300
2008-07-18,12.483099937438965,19.549999237060547,19.829999923706055,19.0,19.0,308500
2008-07-21,12.591654777526855,19.719999313354492,19.899999618530273,19.450000762939453,19.829999923706055,148500
2008-07-22,12.72574234008789,19.93000030517578,20.049999237060547,19.579999923706055,19.579999923706055,144400
2008-07-23,12.572497367858887,19.690000534057617,19.989999771118164,19.6299991607666,19.850000381469727,214900
2008-07-24,12.048904418945312,18.8700008392334,19.959999084472656,18.549999237060547,19.93000030517578,518300
2008-07-25,12.22769546508789,19.149999618530273,19.260000228881836,18.59000015258789,19.149999618530273,241000
2008-07-28,11.895665168762207,18.6299991607666,19.65999984741211,18.5,19.25,241900
2008-07-29,12.131919860839844,19.0,19.229999542236328,18.719999313354492,18.889999389648438,289100
2008-07-30,12.425630569458008,19.459999084472656,19.670000076293945,19.100000381469727,19.34000015258789,251400
2008-07-31,12.291555404663086,19.25,20.479999542236328,18.6299991607666,20.479999542236328,579200
2008-08-01,12.317090034484863,19.290000915527344,19.829999923706055,19.25,19.389999389648438,389700
2008-08-04,12.515027046203613,19.600000381469727,19.8700008392334,19.049999237060547,19.440000534057617,324400
2008-08-05,12.987536430358887,20.34000015258789,20.34000015258789,19.649999618530273,19.850000381469727,336500
2008-08-06,12.834291458129883,20.100000381469727,20.350000381469727,19.530000686645508,20.350000381469727,343600
2008-08-07,12.866216659545898,20.149999618530273,20.219999313354492,19.899999618530273,20.200000762939453,376900
2008-08-08,12.815136909484863,20.06999969482422,20.360000610351562,19.950000762939453,20.290000915527344,268200
2008-08-11,13.262101173400879,20.770000457763672,21.3700008392334,20.649999618530273,21.09000015258789,958300
2008-08-12,13.325950622558594,20.8700008392334,21.329999923706055,20.700000762939453,20.700000762939453,729100
2008-08-13,13.596729278564453,21.09000015258789,21.389999389648438,20.860000610351562,20.8799991607666,515800
2008-08-14,13.525814056396484,20.979999542236328,21.5,20.829999923706055,21.170000076293945,567900
2008-08-15,13.377525329589844,20.75,21.200000762939453,20.520000457763672,21.200000762939453,370800
2008-08-18,13.635404586791992,21.149999618530273,21.200000762939453,20.799999237060547,20.93000030517578,546500
2008-08-19,14.131828308105469,21.920000076293945,22.25,21.149999618530273,21.25,782800
2008-08-20,14.118927955627441,21.899999618530273,22.489999771118164,21.40999984741211,22.09000015258789,801300
2008-08-21,14.118927955627441,21.899999618530273,22.049999237060547,21.34000015258789,21.940000534057617,719900
2008-08-22,14.151175498962402,21.950000762939453,22.0,21.559999465942383,21.989999771118164,307100
2008-08-25,14.035127639770508,21.770000457763672,22.549999237060547,21.450000762939453,21.770000457763672,245800
2008-08-26,13.93197250366211,21.610000610351562,21.940000534057617,21.3799991607666,21.889999389648438,228100
2008-08-27,14.002885818481445,21.719999313354492,21.770000457763672,21.399999618530273,21.760000228881836,216000
2008-08-28,14.254325866699219,22.110000610351562,22.25,21.100000381469727,21.8799991607666,383700
2008-08-29,14.79587173461914,22.950000762939453,23.1200008392334,21.540000915527344,21.84000015258789,1009000
2008-09-02,14.69915771484375,22.799999237060547,23.0,22.049999237060547,23.0,652400
2008-09-03,14.099599838256836,21.8700008392334,22.790000915527344,21.6200008392334,22.670000076293945,295400
2008-09-04,13.841710090637207,21.469999313354492,22.1200008392334,21.469999313354492,21.770000457763672,409300
2008-09-05,13.519362449645996,20.969999313354492,21.280000686645508,20.579999923706055,21.280000686645508,443500
2008-09-08,13.480688095092773,20.90999984741211,21.5,20.729999542236328,21.5,382000
2008-09-09,13.313060760498047,20.649999618530273,21.229999542236328,20.649999618530273,20.850000381469727,517500
2008-09-10,13.590283393859863,21.079999923706055,21.1200008392334,20.5,20.5,591800
2008-09-11,13.58383560180664,21.06999969482422,21.1299991607666,20.799999237060547,21.100000381469727,327500
2008-09-12,13.5580415725708,21.030000686645508,21.34000015258789,20.959999084472656,20.969999313354492,231600
2008-09-15,13.087417602539062,20.299999237060547,21.299999237060547,20.270000457763672,20.989999771118164,403400
2008-09-16,13.126097679138184,20.360000610351562,20.579999923706055,19.65999984741211,20.15999984741211,421300
2008-09-17,12.835986137390137,19.90999984741211,20.600000381469727,19.729999542236328,20.450000762939453,370900
2008-09-18,13.05517864227295,20.25,20.31999969482422,19.59000015258789,20.010000228881836,565900
2008-09-19,12.894006729125977,20.0,21.260000228881836,19.56999969482422,21.260000228881836,340100
2008-09-22,12.67480754852295,19.65999984741211,20.350000381469727,19.649999618530273,20.0,314100
2008-09-23,12.468504905700684,19.34000015258789,19.81999969482422,19.059999465942383,19.81999969482422,388000
2008-09-24,12.636123657226562,19.600000381469727,19.760000228881836,19.229999542236328,19.6200008392334,522700
2008-09-25,12.894006729125977,20.0,20.15999984741211,19.510000228881836,19.670000076293945,304400
2008-09-26,12.346010208129883,19.149999618530273,20.1200008392334,19.09000015258789,19.899999618530273,541000
2008-09-29,12.958473205566406,20.100000381469727,20.219999313354492,18.75,19.170000076293945,1045200
2008-09-30,13.861051559448242,21.5,21.799999237060547,19.43000030517578,20.440000534057617,1171700
2008-10-01,13.0035982131958,20.170000076293945,21.469999313354492,20.020000457763672,21.190000534057617,525200
2008-10-02,12.971368789672852,20.1200008392334,20.3799991607666,19.40999984741211,20.190000534057617,435500
2008-10-03,12.848875045776367,19.93000030517578,20.649999618530273,19.719999313354492,20.399999618530273,521100
2008-10-06,12.584549903869629,19.520000457763672,19.979999542236328,18.799999237060547,19.56999969482422,771800
2008-10-07,12.649022102355957,19.6200008392334,20.34000015258789,19.350000381469727,19.850000381469727,511800
2008-10-08,12.294434547424316,19.06999969482422,19.729999542236328,18.399999618530273,18.969999313354492,775900
2008-10-09,12.04944896697998,18.690000534057617,19.790000915527344,18.530000686645508,19.299999237060547,868200
2008-10-10,11.798016548156738,18.299999237060547,18.600000381469727,16.469999313354492,18.139999389648438,743400
2008-10-13,12.507184982299805,19.399999618530273,20.139999389648438,18.219999313354492,18.559999465942383,177100
2008-10-14,12.333110809326172,19.1299991607666,21.0,18.84000015258789,19.809999465942383,665700
2008-10-15,11.669071197509766,18.100000381469727,19.100000381469727,17.770000457763672,18.799999237060547,250400
2008-10-16,11.875375747680664,18.420000076293945,18.540000915527344,17.020000457763672,18.530000686645508,462900
2008-10-17,12.333110809326172,19.1299991607666,19.31999969482422,17.75,18.010000228881836,365100
2008-10-20,12.739274024963379,19.760000228881836,19.760000228881836,18.610000610351562,18.770000457763672,250500
2008-10-21,12.694148063659668,19.690000534057617,20.31999969482422,18.850000381469727,19.290000915527344,276100
2008-10-22,12.229966163635254,18.969999313354492,19.450000762939453,18.40999984741211,19.450000762939453,304200
2008-10-23,12.088130950927734,18.75,19.1299991607666,18.200000762939453,18.6200008392334,584400
2008-10-24,11.611050605773926,18.010000228881836,18.530000686645508,17.510000228881836,18.469999313354492,314100
2008-10-27,11.063055992126465,17.15999984741211,18.1200008392334,17.15999984741211,17.940000534057617,348300
2008-10-28,12.474945068359375,19.350000381469727,19.350000381469727,17.540000915527344,17.559999465942383,352900
2008-10-29,12.030102729797363,18.65999984741211,19.5,18.350000381469727,19.200000762939453,219400
2008-10-30,12.81019401550293,19.8700008392334,20.190000534057617,18.5,19.030000686645508,333600
2008-10-31,13.074520111083984,20.280000686645508,20.440000534057617,19.709999084472656,20.010000228881836,477000
2008-11-03,13.093859672546387,20.309999465942383,20.59000015258789,19.81999969482422,19.81999969482422,335200
2008-11-04,12.990710258483887,20.149999618530273,21.239999771118164,19.520000457763672,20.75,427400
2008-11-05,12.558760643005371,19.479999542236328,20.56999969482422,19.1200008392334,20.0,456000
2008-11-06,12.204176902770996,18.93000030517578,19.860000610351562,18.510000228881836,19.479999542236328,383500
2008-11-07,12.474945068359375,19.350000381469727,19.729999542236328,19.149999618530273,19.18000030517578,212500
2008-11-10,12.52652359008789,19.43000030517578,20.0,19.100000381469727,19.68000030517578,427100
2008-11-11,12.758617401123047,19.790000915527344,19.90999984741211,18.969999313354492,19.049999237060547,514800
2008-11-12,12.204176902770996,18.93000030517578,20.100000381469727,18.829999923706055,19.719999313354492,685000
2008-11-13,13.46133041381836,20.8799991607666,20.8799991607666,18.889999389648438,19.139999389648438,573300
2008-11-14,12.693236351013184,19.5,20.40999984741211,19.479999542236328,20.239999771118164,683700
2008-11-17,12.725778579711914,19.549999237060547,19.780000686645508,19.1200008392334,19.1200008392334,324700
2008-11-18,12.973137855529785,19.93000030517578,19.93000030517578,19.110000610351562,19.510000228881836,551500
2008-11-19,12.563044548034668,19.299999237060547,20.360000610351562,19.030000686645508,19.729999542236328,656900
2008-11-20,12.302675247192383,18.899999618530273,19.84000015258789,18.850000381469727,19.06999969482422,672600
2008-11-21,13.018708229064941,20.0,20.0,18.950000762939453,19.06999969482422,540900
2008-11-24,13.467852592468262,20.690000534057617,20.899999618530273,19.469999313354492,20.059999465942383,547700
2008-11-25,13.552470207214355,20.81999969482422,21.489999771118164,20.469999313354492,20.90999984741211,1980300
2008-11-26,13.083796501159668,20.100000381469727,20.649999618530273,19.709999084472656,20.40999984741211,422300
2008-11-28,13.200967788696289,20.280000686645508,20.6299991607666,20.020000457763672,20.229999542236328,220600
2008-12-01,12.413338661193848,19.06999969482422,19.989999771118164,18.959999084472656,19.899999618530273,402700
2008-12-02,12.34824275970459,18.969999313354492,19.489999771118164,17.850000381469727,19.34000015258789,1204800
2008-12-03,13.1553955078125,20.209999084472656,20.5,18.540000915527344,18.920000076293945,520900
2008-12-04,13.194452285766602,20.270000457763672,20.479999542236328,19.600000381469727,20.0,420400
2008-12-05,13.337664604187012,20.489999771118164,20.969999313354492,19.770000457763672,20.0,632100
2008-12-08,13.643600463867188,20.959999084472656,21.329999923706055,20.600000381469727,20.969999313354492,648200
2008-12-09,13.487380027770996,20.719999313354492,21.450000762939453,20.610000610351562,21.209999084472656,419700
2008-12-10,13.454834938049316,20.670000076293945,20.93000030517578,20.079999923706055,20.610000610351562,280700
2008-12-11,13.474359512329102,20.700000762939453,20.950000762939453,20.139999389648438,20.770000457763672,491800
2008-12-12,13.285582542419434,20.40999984741211,20.75,20.030000686645508,20.459999084472656,363800
2008-12-15,13.435302734375,20.639999389648438,20.90999984741211,20.459999084472656,20.649999618530273,402800
2008-12-16,13.630582809448242,20.940000534057617,21.0,20.3799991607666,20.93000030517578,711000
2008-12-17,14.203407287597656,21.81999969482422,22.040000915527344,20.610000610351562,20.780000686645508,630300
2008-12-18,13.50040054321289,20.739999771118164,21.43000030517578,20.6299991607666,21.43000030517578,531500
2008-12-19,13.728224754333496,21.09000015258789,21.239999771118164,20.18000030517578,20.719999313354492,823500
2008-12-22,14.359626770019531,22.059999465942383,22.110000610351562,21.100000381469727,21.299999237060547,628400
2008-12-23,14.424726486206055,22.15999984741211,22.309999465942383,21.6299991607666,22.06999969482422,524100
2008-12-24,14.268497467041016,21.920000076293945,22.350000381469727,21.690000534057617,22.350000381469727,175900
2008-12-26,14.177366256713867,21.780000686645508,22.149999618530273,21.170000076293945,22.149999618530273,267800
2008-12-29,13.630582809448242,20.940000534057617,21.610000610351562,20.100000381469727,21.600000381469727,431000
2008-12-30,12.855974197387695,19.75,21.329999923706055,19.75,21.0,1217000
2008-12-31,13.591517448425293,20.8799991607666,21.049999237060547,20.149999618530273,20.270000457763672,490500
2009-01-02,13.747749328613281,21.1200008392334,21.190000534057617,20.59000015258789,21.1299991607666,278600
2009-01-05,13.337664604187012,20.489999771118164,21.139999389648438,20.110000610351562,20.950000762939453,245700
2009-01-06,13.337664604187012,20.489999771118164,20.68000030517578,19.989999771118164,20.68000030517578,349400
2009-01-07,13.031729698181152,20.020000457763672,20.510000228881836,19.850000381469727,20.110000610351562,321900
2009-01-08,13.142385482788086,20.190000534057617,20.700000762939453,20.030000686645508,20.030000686645508,400500
2009-01-09,13.48087215423584,20.709999084472656,20.8700008392334,20.100000381469727,20.399999618530273,254800
2009-01-12,12.914552688598633,19.84000015258789,20.8799991607666,19.690000534057617,20.8799991607666,363900
2009-01-13,13.070781707763672,20.079999923706055,20.200000762939453,19.610000610351562,19.84000015258789,346300
2009-01-14,12.953608512878418,19.899999618530273,20.149999618530273,19.729999542236328,19.959999084472656,417800
2009-01-15,13.240020751953125,20.34000015258789,20.479999542236328,19.829999923706055,20.049999237060547,348100
2009-01-16,13.311627388000488,20.450000762939453,20.899999618530273,20.209999084472656,20.469999313354492,281900
2009-01-20,13.253042221069336,20.360000610351562,20.739999771118164,20.049999237060547,20.479999542236328,312400
2009-01-21,13.532940864562988,20.790000915527344,20.790000915527344,20.0,20.549999237060547,327000
2009-01-22,13.474359512329102,20.700000762939453,20.799999237060547,20.350000381469727,20.739999771118164,194000
2009-01-23,13.526429176330566,20.780000686645508,20.8799991607666,20.3700008392334,20.530000686645508,269800
2009-01-26,13.572004318237305,20.850000381469727,21.170000076293945,20.68000030517578,20.75,247500
2009-01-27,13.845393180847168,21.270000457763672,21.399999618530273,20.90999984741211,21.06999969482422,431400
2009-01-28,13.90398120880127,21.360000610351562,21.3700008392334,21.170000076293945,21.34000015258789,218700
2009-01-29,13.760766983032227,21.139999389648438,21.489999771118164,20.850000381469727,21.3700008392334,349600
2009-01-30,13.786802291870117,21.18000030517578,21.299999237060547,20.93000030517578,21.299999237060547,298300
2009-02-02,13.51341438293457,20.760000228881836,21.209999084472656,20.6299991607666,21.15999984741211,318100
2009-02-03,13.708698272705078,21.059999465942383,21.110000610351562,20.06999969482422,20.709999084472656,467300
2009-02-04,13.48087215423584,20.709999084472656,21.25,20.489999771118164,21.100000381469727,350600
2009-02-05,13.604545593261719,20.899999618530273,21.0,20.56999969482422,20.719999313354492,246400
2009-02-06,13.689164161682129,21.030000686645508,21.25,20.799999237060547,20.799999237060547,234700
2009-02-09,13.98208236694336,21.479999542236328,21.5,20.8700008392334,21.0,419900
2009-02-10,13.82586669921875,21.239999771118164,21.540000915527344,21.149999618530273,21.3799991607666,468000
2009-02-11,13.754261016845703,21.1299991607666,21.229999542236328,20.899999618530273,21.200000762939453,348500
2009-02-12,13.702187538146973,21.049999237060547,21.510000228881836,20.549999237060547,21.149999618530273,301200
2009-02-13,13.564179420471191,20.639999389648438,21.100000381469727,20.420000076293945,20.920000076293945,225400
2009-02-17,13.689042091369629,20.829999923706055,21.0,20.190000534057617,20.399999618530273,446800
2009-02-18,13.51817512512207,20.56999969482422,21.09000015258789,20.280000686645508,20.799999237060547,354800
2009-02-19,13.63646411895752,20.75,20.989999771118164,20.530000686645508,20.56999969482422,308400
2009-02-20,13.603608131408691,20.700000762939453,21.09000015258789,20.0,20.510000228881836,341800
2009-02-23,13.281584739685059,20.209999084472656,20.899999618530273,19.969999313354492,20.770000457763672,310400
2009-02-24,12.979290008544922,19.75,20.530000686645508,19.329999923706055,20.219999313354492,421600
2009-02-25,12.624409675598145,19.209999084472656,19.829999923706055,19.1299991607666,19.690000534057617,627800
2009-02-26,12.157814979553223,18.5,19.31999969482422,18.139999389648438,19.059999465942383,590100
2009-02-27,12.190669059753418,18.549999237060547,18.8799991607666,17.969999313354492,18.440000534057617,386300
2009-03-02,11.717507362365723,17.829999923706055,18.6200008392334,17.65999984741211,18.389999389648438,451600
2009-03-03,11.060322761535645,16.829999923706055,18.0,16.360000610351562,17.950000762939453,1261200
2009-03-04,11.290340423583984,17.18000030517578,17.450000762939453,16.739999771118164,17.020000457763672,423000
2009-03-05,11.145757675170898,16.959999084472656,17.190000534057617,16.760000228881836,16.889999389648438,393400
2009-03-06,11.053756713867188,16.81999969482422,17.530000686645508,16.549999237060547,17.190000534057617,485600
2009-03-09,10.948603630065918,16.65999984741211,17.25,16.219999313354492,16.6299991607666,555500
2009-03-10,10.863171577453613,16.530000686645508,17.040000915527344,16.34000015258789,16.8799991607666,459000
2009-03-11,10.981461524963379,16.709999084472656,16.920000076293945,16.510000228881836,16.690000534057617,234300
2009-03-12,10.915748596191406,16.610000610351562,16.989999771118164,16.420000076293945,16.770000457763672,348700
2009-03-13,11.934370994567871,18.15999984741211,18.350000381469727,16.790000915527344,16.790000915527344,543800
2009-03-16,12.4929780960083,19.010000228881836,19.5,18.190000534057617,18.31999969482422,772800
2009-03-17,11.993514060974121,18.25,19.09000015258789,18.010000228881836,19.09000015258789,373600
2009-03-18,12.243247985839844,18.6299991607666,18.8799991607666,17.520000457763672,18.1200008392334,603800
2009-03-19,12.026378631591797,18.299999237060547,19.030000686645508,17.8700008392334,18.90999984741211,462800
2009-03-20,12.085522651672363,18.389999389648438,18.799999237060547,18.110000610351562,18.489999771118164,358500
2009-03-23,11.862083435058594,18.049999237060547,18.649999618530273,17.93000030517578,18.649999618530273,406700
2009-03-24,11.888367652893066,18.09000015258789,18.84000015258789,17.950000762939453,18.059999465942383,416000
2009-03-25,12.078954696655273,18.3799991607666,18.520000457763672,18.030000686645508,18.09000015258789,215800
2009-03-26,12.164383888244629,18.510000228881836,18.520000457763672,18.25,18.5,275500
2009-03-27,12.190669059753418,18.549999237060547,18.65999984741211,18.299999237060547,18.510000228881836,245900
2009-03-30,12.157814979553223,18.5,18.649999618530273,17.979999542236328,18.440000534057617,488600
2009-03-31,12.644129753112793,19.239999771118164,19.43000030517578,18.18000030517578,18.6200008392334,614400
2009-04-01,12.006664276123047,18.270000457763672,19.09000015258789,18.020000457763672,18.989999771118164,403700
2009-04-02,11.947517395019531,18.18000030517578,19.0,18.100000381469727,18.239999771118164,367000
2009-04-03,12.052667617797852,18.34000015258789,18.459999084472656,18.100000381469727,18.280000686645508,131900
2009-04-06,11.986946105957031,18.239999771118164,18.709999084472656,17.760000228881836,18.299999237060547,387700
2009-04-07,11.940947532653809,18.170000076293945,18.65999984741211,17.670000076293945,18.139999389648438,367100
2009-04-08,12.092092514038086,18.399999618530273,18.610000610351562,18.020000457763672,18.1299991607666,348300
2009-04-09,11.986946105957031,18.239999771118164,18.84000015258789,17.93000030517578,18.760000228881836,295000
2009-04-13,11.625495910644531,17.690000534057617,18.219999313354492,17.5,18.040000915527344,431700
2009-04-14,11.566349029541016,17.600000381469727,18.260000228881836,17.43000030517578,17.700000762939453,322200
2009-04-15,11.69778823852539,17.799999237060547,18.0,17.600000381469727,17.709999084472656,252600
2009-04-16,12.243247985839844,18.6299991607666,18.829999923706055,17.43000030517578,17.84000015258789,428000
2009-04-17,12.348394393920898,18.790000915527344,18.790000915527344,18.459999084472656,18.549999237060547,286000
2009-04-20,12.151240348815918,18.489999771118164,18.790000915527344,18.110000610351562,18.5,295200
2009-04-21,12.138093948364258,18.469999313354492,18.700000762939453,18.329999923706055,18.6200008392334,211000
2009-04-22,11.894936561584473,18.100000381469727,18.610000610351562,18.010000228881836,18.610000610351562,371000
2009-04-23,11.875226020812988,18.06999969482422,18.219999313354492,17.889999389648438,18.219999313354492,216600
2009-04-24,11.829225540161133,18.0,18.18000030517578,17.610000610351562,18.059999465942383,449800
2009-04-27,12.098668098449707,18.40999984741211,18.540000915527344,17.81999969482422,18.010000228881836,291300
2009-04-28,11.973808288574219,18.219999313354492,18.549999237060547,18.1299991607666,18.479999542236328,271500
2009-04-29,12.105237007141113,18.420000076293945,18.579999923706055,18.0,18.149999618530273,219500
2009-04-30,11.829225540161133,18.0,18.850000381469727,17.940000534057617,18.59000015258789,442100
2009-05-01,11.559782028198242,17.59000015258789,18.139999389648438,17.549999237060547,18.0,473000
2009-05-04,11.572928428649902,17.610000610351562,17.81999969482422,17.010000228881836,17.579999923706055,678600
2009-05-05,11.60578441619873,17.65999984741211,17.670000076293945,17.059999465942383,17.610000610351562,569900
2009-05-06,11.934370994567871,18.15999984741211,18.299999237060547,18.0,18.010000228881836,421100
2009-05-07,12.052667617797852,18.34000015258789,18.469999313354492,18.219999313354492,18.469999313354492,564900
2009-05-08,12.190669059753418,18.549999237060547,18.75,18.25,18.5,417900
2009-05-11,12.151240348815918,18.489999771118164,18.75,18.40999984741211,18.479999542236328,374200
2009-05-12,11.894936561584473,18.100000381469727,18.770000457763672,18.059999465942383,18.5,427000
2009-05-13,11.770085334777832,17.90999984741211,18.399999618530273,17.8799991607666,18.030000686645508,777100
2009-05-14,11.743494987487793,17.670000076293945,18.059999465942383,17.549999237060547,17.850000381469727,382700
2009-05-15,11.37796401977539,17.1200008392334,17.540000915527344,17.06999969482422,17.520000457763672,796500
2009-05-18,11.431134223937988,17.200000762939453,17.440000534057617,17.100000381469727,17.280000686645508,505400
2009-05-19,11.484298706054688,17.280000686645508,17.389999389648438,17.040000915527344,17.260000228881836,552000
2009-05-20,11.471010208129883,17.260000228881836,17.5,17.200000762939453,17.399999618530273,577900
2009-05-21,11.384607315063477,17.1299991607666,17.3700008392334,17.010000228881836,17.239999771118164,376500
2009-05-22,11.344735145568848,17.06999969482422,17.350000381469727,17.0,17.219999313354492,237100
2009-05-26,11.623866081237793,17.489999771118164,17.489999771118164,16.860000610351562,17.010000228881836,1062100
2009-05-27,11.26498031616211,16.950000762939453,17.520000457763672,16.90999984741211,17.5,470700
2009-05-28,11.451067924499512,17.229999542236328,17.299999237060547,16.90999984741211,17.110000610351562,983700
2009-05-29,11.484298706054688,17.280000686645508,17.280000686645508,17.0,17.190000534057617,456200
2009-06-01,11.165287971496582,16.799999237060547,17.229999542236328,16.75,16.75,814300
2009-06-02,11.338088035583496,17.059999465942383,17.299999237060547,16.549999237060547,16.770000457763672,1385500
2009-06-03,11.451067924499512,17.229999542236328,17.489999771118164,16.989999771118164,17.09000015258789,1008600
2009-06-04,11.623866081237793,17.489999771118164,18.1299991607666,17.100000381469727,17.190000534057617,2420100
2009-06-05,11.583989143371582,17.43000030517578,17.59000015258789,17.149999618530273,17.389999389648438,16094200
2009-06-08,11.803306579589844,17.760000228881836,17.8700008392334,17.25,17.389999389648438,3275800
2009-06-09,11.962813377380371,18.0,18.25,17.600000381469727,17.770000457763672,2528800
2009-06-10,12.168839454650879,18.309999465942383,18.489999771118164,17.920000076293945,17.950000762939453,2129900
2009-06-11,12.37486457824707,18.6200008392334,18.770000457763672,18.25,18.3799991607666,1251900
2009-06-12,12.414740562438965,18.68000030517578,18.799999237060547,18.110000610351562,18.59000015258789,1030600
2009-06-15,12.281818389892578,18.479999542236328,18.739999771118164,18.25,18.729999542236328,819600
2009-06-16,12.182129859924316,18.329999923706055,18.68000030517578,18.290000915527344,18.600000381469727,1073000
2009-06-17,12.202068328857422,18.360000610351562,18.5,18.200000762939453,18.420000076293945,673600
2009-06-18,12.328340530395508,18.549999237060547,18.56999969482422,18.200000762939453,18.239999771118164,974200
2009-06-19,12.348278999328613,18.579999923706055,18.700000762939453,18.25,18.700000762939453,991600
2009-06-22,12.361576080322266,18.600000381469727,18.700000762939453,18.399999618530273,18.399999618530273,808300
2009-06-23,12.381514549255371,18.6299991607666,18.979999542236328,18.530000686645508,18.700000762939453,1293100
2009-06-24,12.328340530395508,18.549999237060547,18.790000915527344,18.3799991607666,18.760000228881836,752200
2009-06-25,12.487848281860352,18.790000915527344,18.969999313354492,18.450000762939453,18.59000015258789,2546400
2009-06-26,12.67393684387207,19.06999969482422,19.1299991607666,18.600000381469727,18.829999923706055,2175900
2009-06-29,12.800210952758789,19.260000228881836,19.290000915527344,18.989999771118164,19.200000762939453,1844900
2009-06-30,12.700521469116211,19.110000610351562,19.489999771118164,18.8700008392334,19.31999969482422,1182800
2009-07-01,12.700521469116211,19.110000610351562,19.3799991607666,18.1299991607666,18.229999542236328,1866600
2009-07-02,12.481203079223633,18.780000686645508,19.18000030517578,18.610000610351562,18.93000030517578,784000
2009-07-06,12.37486457824707,18.6200008392334,18.809999465942383,18.40999984741211,18.68000030517578,558900
2009-07-07,12.202068328857422,18.360000610351562,18.549999237060547,18.209999084472656,18.540000915527344,562400
2009-07-08,12.222006797790527,18.389999389648438,18.690000534057617,18.190000534057617,18.549999237060547,1116600
2009-07-09,12.148900985717773,18.280000686645508,18.469999313354492,18.1299991607666,18.469999313354492,476200
2009-07-10,12.228652954101562,18.399999618530273,18.450000762939453,18.209999084472656,18.270000457763672,416800
2009-07-13,12.421391487121582,18.690000534057617,18.75,18.229999542236328,18.360000610351562,441500
2009-07-14,12.580894470214844,18.93000030517578,18.959999084472656,18.459999084472656,18.809999465942383,690800
2009-07-15,12.261878967285156,18.450000762939453,19.06999969482422,18.34000015258789,19.06999969482422,1198600
2009-07-16,12.354930877685547,18.59000015258789,18.65999984741211,18.06999969482422,18.389999389648438,926500
2009-07-17,12.434678077697754,18.709999084472656,18.75,18.5,18.610000610351562,342200
2009-07-20,12.534368515014648,18.860000610351562,18.8799991607666,18.600000381469727,18.84000015258789,329100
2009-07-21,12.514433860778809,18.829999923706055,19.100000381469727,18.739999771118164,18.889999389648438,524200
2009-07-22,12.52772045135498,18.850000381469727,19.040000915527344,18.729999542236328,18.8700008392334,528000
2009-07-23,12.800210952758789,19.260000228881836,19.3700008392334,18.770000457763672,18.940000534057617,781700
2009-07-24,12.866673469543457,19.360000610351562,19.469999313354492,19.049999237060547,19.100000381469727,408000
2009-07-27,12.992938995361328,19.549999237060547,19.600000381469727,19.229999542236328,19.3700008392334,413500
2009-07-28,13.179033279418945,19.829999923706055,19.829999923706055,19.399999618530273,19.56999969482422,510600
2009-07-29,13.125865936279297,19.75,19.81999969482422,19.440000534057617,19.719999313354492,418600
2009-07-30,13.006233215332031,19.56999969482422,19.90999984741211,19.520000457763672,19.90999984741211,390900
2009-07-31,13.09928035736084,19.709999084472656,19.790000915527344,19.520000457763672,19.639999389648438,351600
2009-08-03,13.25213623046875,19.940000534057617,19.940000534057617,19.530000686645508,19.75,598400
2009-08-04,13.285370826721191,19.989999771118164,20.239999771118164,19.670000076293945,19.860000610351562,604300
2009-08-05,13.29201602935791,20.0,20.18000030517578,19.440000534057617,20.110000610351562,620200
2009-08-06,13.15909481048584,19.799999237060547,20.31999969482422,19.489999771118164,20.270000457763672,644300
2009-08-07,13.378405570983887,20.1299991607666,20.15999984741211,19.889999389648438,19.959999084472656,420200
2009-08-10,13.544561386108398,20.3799991607666,20.450000762939453,19.8799991607666,19.8799991607666,725300
2009-08-11,13.438223838806152,20.219999313354492,20.5,20.0,20.450000762939453,490300
2009-08-12,12.979653358459473,19.530000686645508,19.75,18.700000762939453,18.84000015258789,2568800
2009-08-13,12.85338306427002,19.34000015258789,19.399999618530273,18.75,19.389999389648438,3541300
2009-08-14,12.860098838806152,19.139999389648438,19.290000915527344,19.049999237060547,19.18000030517578,16448700
2009-08-17,12.93400764465332,19.25,19.25,19.0,19.030000686645508,3827300
2009-08-18,13.028072357177734,19.389999389648438,19.450000762939453,19.139999389648438,19.190000534057617,3215700
2009-08-19,13.343860626220703,19.860000610351562,19.920000076293945,19.170000076293945,19.170000076293945,2799500
2009-08-20,13.484964370727539,20.06999969482422,20.110000610351562,19.68000030517578,19.729999542236328,2187500
2009-08-21,13.49839973449707,20.09000015258789,20.299999237060547,19.850000381469727,20.18000030517578,1416400
2009-08-24,13.424487113952637,19.979999542236328,20.200000762939453,19.8799991607666,20.18000030517578,1421300
2009-08-25,13.599183082580566,20.239999771118164,20.3799991607666,19.84000015258789,19.899999618530273,1920200
2009-08-26,13.75372314453125,20.469999313354492,20.489999771118164,20.100000381469727,20.15999984741211,1369500
2009-08-27,13.679813385009766,20.360000610351562,20.3700008392334,20.049999237060547,20.299999237060547,989500
2009-08-28,13.579026222229004,20.209999084472656,20.5,20.0,20.5,1283800
2009-08-31,13.505118370056152,20.100000381469727,20.239999771118164,19.90999984741211,20.209999084472656,1028100
2009-09-01,13.411052703857422,19.959999084472656,20.270000457763672,19.729999542236328,20.0,1465700
2009-09-02,13.364014625549316,19.889999389648438,20.06999969482422,19.510000228881836,19.940000534057617,830500
2009-09-03,13.29011058807373,19.780000686645508,20.100000381469727,19.579999923706055,20.100000381469727,855300
2009-09-04,13.310264587402344,19.809999465942383,19.950000762939453,19.639999389648438,19.799999237060547,637200
2009-09-08,13.431211471557617,19.989999771118164,19.989999771118164,19.709999084472656,19.829999923706055,767500
2009-09-09,13.370733261108398,19.899999618530273,19.950000762939453,19.719999313354492,19.889999389648438,858100
2009-09-10,13.397612571716309,19.940000534057617,20.0,19.770000457763672,19.93000030517578,671800
2009-09-11,13.31698226928711,19.81999969482422,20.030000686645508,19.719999313354492,20.030000686645508,627100
2009-09-14,13.370733261108398,19.899999618530273,19.979999542236328,19.760000228881836,19.799999237060547,424900
2009-09-15,13.552152633666992,20.170000076293945,20.18000030517578,19.8700008392334,19.969999313354492,789500
2009-09-16,13.726837158203125,20.43000030517578,20.459999084472656,20.0,20.200000762939453,875200
2009-09-17,13.76043701171875,20.479999542236328,20.5,20.229999542236328,20.270000457763672,732800
2009-09-18,13.605900764465332,20.25,20.459999084472656,20.219999313354492,20.459999084472656,969100
2009-09-21,13.579026222229004,20.209999084472656,20.3799991607666,20.0,20.100000381469727,772200
2009-09-22,13.484964370727539,20.06999969482422,20.309999465942383,19.84000015258789,20.309999465942383,540300
2009-09-23,13.505118370056152,20.100000381469727,20.200000762939453,20.0,20.139999389648438,636400
2009-09-24,13.323701858520508,19.829999923706055,20.149999618530273,19.75,20.010000228881836,595800
2009-09-25,13.263233184814453,19.739999771118164,19.8700008392334,19.6200008392334,19.719999313354492,500400
2009-09-28,13.552152633666992,20.170000076293945,20.239999771118164,19.770000457763672,19.829999923706055,521900
2009-09-29,13.56558895111084,20.190000534057617,20.229999542236328,19.969999313354492,20.229999542236328,426200
2009-09-30,13.397612571716309,19.940000534057617,20.190000534057617,19.700000762939453,20.1299991607666,1064700
2009-10-01,13.2833890914917,19.770000457763672,19.989999771118164,19.68000030517578,19.989999771118164,617000
2009-10-02,13.122138977050781,19.530000686645508,19.729999542236328,19.110000610351562,19.729999542236328,1489600
2009-10-05,13.06838321685791,19.450000762939453,19.59000015258789,19.3799991607666,19.469999313354492,1086500
2009-10-06,13.10197639465332,19.5,19.670000076293945,19.43000030517578,19.600000381469727,589300
2009-10-07,13.155734062194824,19.579999923706055,19.690000534057617,19.43000030517578,19.450000762939453,679300
2009-10-08,13.22292423248291,19.68000030517578,19.719999313354492,19.540000915527344,19.690000534057617,645200
2009-10-09,13.29682445526123,19.790000915527344,19.790000915527344,19.59000015258789,19.670000076293945,453000
2009-10-12,13.505118370056152,20.100000381469727,20.100000381469727,19.780000686645508,19.899999618530273,695700
2009-10-13,13.471519470214844,20.049999237060547,20.170000076293945,19.969999313354492,20.1299991607666,613000
2009-10-14,13.31698226928711,19.81999969482422,20.139999389648438,19.780000686645508,20.110000610351562,833300
2009-10-15,13.276671409606934,19.760000228881836,19.959999084472656,19.6299991607666,19.81999969482422,956500
2009-10-16,13.40433120727539,19.950000762939453,20.0,19.65999984741211,19.65999984741211,300000
2009-10-19,13.377455711364746,19.90999984741211,20.049999237060547,19.690000534057617,20.020000457763672,685600
2009-10-20,13.350577354431152,19.8700008392334,19.959999084472656,19.75,19.84000015258789,935200
2009-10-21,13.29011058807373,19.780000686645508,20.040000915527344,19.739999771118164,19.790000915527344,696900
2009-10-22,13.370733261108398,19.899999618530273,19.979999542236328,19.739999771118164,19.739999771118164,508600
2009-10-23,13.095264434814453,19.489999771118164,19.989999771118164,19.469999313354492,19.899999618530273,1041900
2009-10-26,12.9541654586792,19.280000686645508,19.649999618530273,19.100000381469727,19.559999465942383,1148100
2009-10-27,12.806346893310547,19.059999465942383,19.260000228881836,18.959999084472656,19.18000030517578,908000
2009-10-28,12.799622535705566,19.049999237060547,19.25,18.979999542236328,18.979999542236328,3117900
2009-10-29,12.907130241394043,19.209999084472656,19.270000457763672,18.969999313354492,19.209999084472656,746000
2009-10-30,12.74587345123291,18.969999313354492,19.34000015258789,18.90999984741211,19.100000381469727,1185100
2009-11-02,12.792906761169434,19.040000915527344,19.25,18.969999313354492,19.09000015258789,745200
2009-11-03,12.98775577545166,19.329999923706055,19.399999618530273,19.06999969482422,19.06999969482422,554500
2009-11-04,12.9541654586792,19.280000686645508,19.690000534057617,19.280000686645508,19.350000381469727,487300
2009-11-05,13.162450790405273,19.59000015258789,19.610000610351562,19.34000015258789,19.34000015258789,694900
2009-11-06,13.142292022705078,19.559999465942383,19.799999237060547,19.459999084472656,19.489999771118164,776800
2009-11-09,13.773877143859863,20.5,20.549999237060547,19.739999771118164,19.889999389648438,1607500
2009-11-10,13.531987190246582,20.139999389648438,20.56999969482422,20.110000610351562,20.56999969482422,677100
2009-11-11,13.377455711364746,19.90999984741211,20.280000686645508,19.899999618530273,20.239999771118164,1044000
2009-11-12,13.619339942932129,20.270000457763672,20.479999542236328,19.850000381469727,19.920000076293945,3593500
2009-11-13,13.632781028747559,20.290000915527344,20.700000762939453,20.020000457763672,20.290000915527344,1807100
2009-11-16,13.863615989685059,20.420000076293945,20.600000381469727,20.110000610351562,20.200000762939453,1139500
2009-11-17,14.685103416442871,21.6299991607666,21.639999389648438,20.450000762939453,20.540000915527344,6546200
2009-11-18,14.54932975769043,21.43000030517578,21.799999237060547,21.360000610351562,21.450000762939453,21216100
2009-11-19,14.5764741897583,21.469999313354492,21.700000762939453,21.1299991607666,21.260000228881836,5397700
2009-11-20,14.45427131652832,21.290000915527344,21.610000610351562,21.15999984741211,21.459999084472656,2626600
2009-11-23,14.45427131652832,21.290000915527344,21.559999465942383,21.25,21.520000457763672,1953100
2009-11-24,14.827679634094238,21.84000015258789,21.989999771118164,21.290000915527344,21.329999923706055,3478200
2009-11-25,14.943096160888672,22.010000228881836,22.1299991607666,21.6299991607666,21.790000915527344,3058300
2009-11-27,14.943096160888672,22.010000228881836,22.100000381469727,21.559999465942383,21.600000381469727,1367800
2009-11-30,15.099252700805664,22.239999771118164,22.280000686645508,21.81999969482422,22.1200008392334,5991500
2009-12-01,15.126404762268066,22.280000686645508,22.43000030517578,22.170000076293945,22.389999389648438,2474200
2009-12-02,14.990623474121094,22.079999923706055,22.5,21.84000015258789,22.389999389648438,3007900
2009-12-03,14.800521850585938,21.799999237060547,22.200000762939453,21.739999771118164,22.190000534057617,1983000
2009-12-04,14.800521850585938,21.799999237060547,22.139999389648438,21.469999313354492,22.079999923706055,1447100
2009-12-07,14.773366928100586,21.760000228881836,22.0,21.690000534057617,21.75,1745200
2009-12-08,14.6647367477417,21.600000381469727,21.790000915527344,21.34000015258789,21.790000915527344,1446800
2009-12-09,14.759788513183594,21.739999771118164,21.829999923706055,21.600000381469727,21.729999542236328,1742700
2009-12-10,14.773366928100586,21.760000228881836,22.200000762939453,21.65999984741211,21.75,1551200
2009-12-11,14.983840942382812,22.06999969482422,22.06999969482422,21.760000228881836,21.920000076293945,1223200
2009-12-14,14.997408866882324,22.09000015258789,22.200000762939453,21.829999923706055,22.149999618530273,1163700
2009-12-15,14.977042198181152,22.059999465942383,22.190000534057617,21.889999389648438,21.940000534057617,1605200
2009-12-16,15.153563499450684,22.31999969482422,22.5,22.040000915527344,22.059999465942383,2004500
2009-12-17,15.302928924560547,22.540000915527344,22.700000762939453,22.209999084472656,22.34000015258789,2270200
2009-12-18,15.21467113494873,22.40999984741211,22.770000457763672,22.34000015258789,22.600000381469727,2319700
2009-12-21,15.397977828979492,22.68000030517578,23.030000686645508,22.420000076293945,22.65999984741211,1847200
2009-12-22,15.078883171081543,22.209999084472656,22.809999465942383,22.1299991607666,22.760000228881836,1718900
2009-12-23,15.106038093566895,22.25,22.350000381469727,22.010000228881836,22.190000534057617,770400
2009-12-24,15.207880020141602,22.399999618530273,22.5,22.25,22.3799991607666,202200
2009-12-28,15.16714096069336,22.34000015258789,22.469999313354492,22.219999313354492,22.469999313354492,450000
2009-12-29,15.255406379699707,22.469999313354492,22.59000015258789,22.440000534057617,22.489999771118164,649600
2009-12-30,15.309721946716309,22.549999237060547,22.68000030517578,22.450000762939453,22.540000915527344,716700
2009-12-31,15.21467113494873,22.40999984741211,22.770000457763672,22.3700008392334,22.709999084472656,787700
2010-01-04,15.377606391906738,22.649999618530273,22.860000610351562,22.40999984741211,22.40999984741211,2176100
2010-01-05,15.53376293182373,22.8799991607666,22.90999984741211,22.59000015258789,22.670000076293945,1843600
2010-01-06,15.615230560302734,23.0,23.149999618530273,22.829999923706055,22.889999389648438,2089400
2010-01-07,15.649181365966797,23.049999237060547,23.149999618530273,22.899999618530273,23.1200008392334,1353200
2010-01-08,15.615230560302734,23.0,23.18000030517578,22.81999969482422,23.100000381469727,1359100
2010-01-11,15.771377563476562,23.229999542236328,23.770000457763672,22.940000534057617,23.0,2313500
2010-01-12,15.696704864501953,23.1200008392334,23.25,23.0,23.25,1117500
2010-01-13,15.764593124389648,23.219999313354492,23.31999969482422,23.0,23.079999923706055,703600
2010-01-14,15.601655960083008,22.979999542236328,23.149999618530273,22.8799991607666,23.1200008392334,1173700
2010-01-15,15.343669891357422,22.600000381469727,23.059999465942383,22.43000030517578,23.059999465942383,996700
2010-01-19,15.275773048400879,22.5,22.809999465942383,22.5,22.690000534057617,779500
2010-01-20,15.241832733154297,22.450000762939453,22.600000381469727,22.209999084472656,22.59000015258789,1438800
2010-01-21,15.010993003845215,22.110000610351562,22.6200008392334,22.09000015258789,22.469999313354492,1280400
2010-01-22,14.977042198181152,22.059999465942383,22.18000030517578,21.639999389648438,22.170000076293945,1491400
2010-01-25,15.038155555725098,22.149999618530273,22.3700008392334,21.959999084472656,22.229999542236328,1004800
2010-01-26,14.949888229370117,22.020000457763672,22.18000030517578,21.389999389648438,21.850000381469727,660000
2010-01-27,14.949888229370117,22.020000457763672,22.200000762939453,21.75,22.0,1078100
2010-01-28,14.70548152923584,21.65999984741211,22.100000381469727,21.600000381469727,22.020000457763672,1195200
2010-01-29,14.800521850585938,21.799999237060547,22.020000457763672,21.56999969482422,21.670000076293945,1422600
2010-02-01,15.031360626220703,22.139999389648438,22.18000030517578,21.829999923706055,21.889999389648438,878200
2010-02-02,15.004202842712402,22.100000381469727,22.40999984741211,22.030000686645508,22.219999313354492,816200
2010-02-03,15.1807222366333,22.360000610351562,22.360000610351562,21.770000457763672,22.100000381469727,933300
2010-02-04,14.766579627990723,21.75,22.299999237060547,21.75,22.110000610351562,1156400
2010-02-05,14.719050407409668,21.68000030517578,21.920000076293945,21.34000015258789,21.84000015258789,836200
2010-02-08,14.671526908874512,21.610000610351562,21.8799991607666,21.530000686645508,21.670000076293945,669000
2010-02-09,14.528955459594727,21.399999618530273,21.899999618530273,21.3700008392334,21.700000762939453,811300
2010-02-10,14.644371032714844,21.56999969482422,21.610000610351562,21.200000762939453,21.3799991607666,681900
2010-02-11,14.814104080200195,21.81999969482422,21.93000030517578,21.399999618530273,21.600000381469727,1097000
2010-02-12,15.044938087463379,22.15999984741211,22.15999984741211,21.549999237060547,21.739999771118164,906600
2010-02-16,15.161459922790527,22.1200008392334,22.200000762939453,21.989999771118164,22.190000534057617,759900
2010-02-17,15.22314453125,22.209999084472656,22.40999984741211,22.09000015258789,22.209999084472656,1092700
2010-02-18,15.428772926330566,22.510000228881836,22.530000686645508,22.15999984741211,22.260000228881836,751800
2010-02-19,15.682378768920898,22.8799991607666,22.989999771118164,22.450000762939453,22.549999237060547,1019400
2010-02-22,15.55214786529541,22.690000534057617,23.0,22.649999618530273,22.979999542236328,431300
2010-02-23,15.387651443481445,22.450000762939453,22.770000457763672,22.31999969482422,22.709999084472656,916100
2010-02-24,15.257412910461426,22.260000228881836,22.559999465942383,22.1200008392334,22.479999542236328,639500
2010-02-25,15.2916898727417,22.309999465942383,22.34000015258789,21.84000015258789,22.1299991607666,1211700
2010-02-26,15.257412910461426,22.260000228881836,22.360000610351562,22.09000015258789,22.280000686645508,1076800
2010-03-01,14.448622703552246,21.079999923706055,22.389999389648438,20.719999313354492,22.389999389648438,5563500
2010-03-02,14.222434997558594,20.75,21.079999923706055,20.389999389648438,21.079999923706055,4386200
2010-03-03,14.338957786560059,20.920000076293945,21.06999969482422,20.75,20.75,3049300
2010-03-04,14.565146446228027,21.25,21.34000015258789,20.90999984741211,20.90999984741211,1550900
2010-03-05,14.674810409545898,21.40999984741211,21.459999084472656,21.1200008392334,21.25,929200
2010-03-08,14.633688926696777,21.350000381469727,21.469999313354492,21.170000076293945,21.469999313354492,877800
2010-03-09,14.544581413269043,21.219999313354492,21.3700008392334,21.0,21.3700008392334,936000
2010-03-10,14.44176959991455,21.06999969482422,21.200000762939453,20.989999771118164,21.200000762939453,840800
2010-03-11,14.407500267028809,21.020000457763672,21.09000015258789,20.950000762939453,20.989999771118164,1318500
2010-03-12,14.36637020111084,20.959999084472656,21.139999389648438,20.889999389648438,21.139999389648438,1970000
2010-03-15,14.462329864501953,21.100000381469727,21.309999465942383,20.979999542236328,21.030000686645508,1568800
2010-03-16,14.44176959991455,21.06999969482422,21.25,20.920000076293945,21.190000534057617,1044400
2010-03-17,14.578853607177734,21.270000457763672,21.329999923706055,20.979999542236328,21.170000076293945,905900
2010-03-18,14.667957305908203,21.399999618530273,21.5,21.18000030517578,21.209999084472656,732600
2010-03-19,14.565146446228027,21.25,21.399999618530273,20.950000762939453,21.25,1321500
2010-03-22,14.4691801071167,21.110000610351562,21.190000534057617,20.889999389648438,21.139999389648438,841700
2010-03-23,14.811894416809082,21.610000610351562,21.670000076293945,20.959999084472656,21.190000534057617,1645700
2010-03-24,14.87358283996582,21.700000762939453,21.780000686645508,21.5,21.59000015258789,1263800
2010-03-25,14.743358612060547,21.510000228881836,21.809999465942383,21.360000610351562,21.739999771118164,1274300
2010-03-26,14.565146446228027,21.25,21.610000610351562,21.1200008392334,21.600000381469727,1035800
2010-03-29,14.688522338867188,21.43000030517578,21.450000762939453,21.139999389648438,21.280000686645508,506400
2010-03-30,14.647401809692383,21.3700008392334,21.56999969482422,21.079999923706055,21.489999771118164,1025500
2010-03-31,14.914708137512207,21.760000228881836,21.799999237060547,21.270000457763672,21.399999618530273,964400
2010-04-01,14.948980331420898,21.809999465942383,22.0,21.75,21.790000915527344,1197400
2010-04-05,15.182027816772461,22.149999618530273,22.15999984741211,21.84000015258789,21.899999618530273,688100
2010-04-06,15.175168991088867,22.139999389648438,22.219999313354492,22.0,22.149999618530273,823400
2010-04-07,14.880436897277832,21.709999084472656,22.059999465942383,21.65999984741211,22.059999465942383,954800
2010-04-08,14.633688926696777,21.350000381469727,21.75,20.940000534057617,21.610000610351562,1798000
2010-04-09,14.818751335144043,21.6200008392334,21.65999984741211,21.25,21.459999084472656,994600
2010-04-12,14.770772933959961,21.549999237060547,21.68000030517578,21.3700008392334,21.600000381469727,566800
2010-04-13,14.722793579101562,21.479999542236328,21.579999923706055,21.350000381469727,21.579999923706055,595100
2010-04-14,14.695377349853516,21.440000534057617,21.6200008392334,21.15999984741211,21.59000015258789,1177800
2010-04-15,14.688522338867188,21.43000030517578,21.600000381469727,21.31999969482422,21.399999618530273,744600
2010-04-16,14.715927124023438,21.469999313354492,21.510000228881836,21.040000915527344,21.34000015258789,937400
2010-04-19,14.544581413269043,21.219999313354492,21.530000686645508,21.06999969482422,21.459999084472656,697000
2010-04-20,14.702224731445312,21.450000762939453,21.489999771118164,21.1299991607666,21.1299991607666,682500
2010-04-21,14.832456588745117,21.639999389648438,21.690000534057617,21.420000076293945,21.489999771118164,651300
2010-04-22,14.688522338867188,21.43000030517578,21.610000610351562,21.260000228881836,21.610000610351562,561200
2010-04-23,14.640541076660156,21.360000610351562,21.610000610351562,21.270000457763672,21.610000610351562,781800
2010-04-26,14.434910774230957,21.059999465942383,21.489999771118164,21.059999465942383,21.31999969482422,1017600
2010-04-27,14.27726936340332,20.829999923706055,21.34000015258789,20.829999923706055,21.030000686645508,1633200
2010-04-28,14.558290481567383,21.239999771118164,21.329999923706055,20.75,21.030000686645508,1190400
2010-04-29,14.866737365722656,21.690000534057617,21.719999313354492,21.209999084472656,21.290000915527344,839300
2010-04-30,14.928414344787598,21.780000686645508,21.950000762939453,21.610000610351562,21.6299991607666,843600
2010-05-03,15.038081169128418,21.940000534057617,22.0,21.65999984741211,21.81999969482422,777300
2010-05-04,15.079216003417969,22.0,22.030000686645508,21.549999237060547,21.799999237060547,1795000
2010-05-05,15.086061477661133,22.010000228881836,22.040000915527344,21.65999984741211,22.020000457763672,1839400
2010-05-06,14.667957305908203,21.399999618530273,22.079999923706055,20.84000015258789,21.920000076293945,2127700
2010-05-07,14.19502067565918,20.709999084472656,21.739999771118164,20.5,21.43000030517578,2138400
2010-05-10,15.031228065490723,21.93000030517578,21.940000534057617,21.25,21.280000686645508,2215500
2010-05-11,14.839316368103027,21.649999618530273,21.979999542236328,21.56999969482422,21.719999313354492,939700
2010-05-12,14.87358283996582,21.700000762939453,21.850000381469727,21.5,21.6200008392334,1403300
2010-05-13,14.907855033874512,21.75,22.1299991607666,21.579999923706055,21.579999923706055,1792700
2010-05-14,14.797120094299316,21.3799991607666,21.5,21.079999923706055,21.5,905100
2010-05-17,14.734829902648926,21.290000915527344,21.649999618530273,21.100000381469727,21.440000534057617,777000
2010-05-18,14.478751182556152,20.920000076293945,21.610000610351562,20.860000610351562,21.329999923706055,1032500
2010-05-19,14.291884422302246,20.649999618530273,20.969999313354492,20.31999969482422,20.829999923706055,1438700
2010-05-20,13.80741024017334,19.950000762939453,20.540000915527344,19.920000076293945,20.450000762939453,1575000
2010-05-21,13.904308319091797,20.09000015258789,20.09000015258789,19.719999313354492,19.829999923706055,1334100
2010-05-24,13.876626968383789,20.049999237060547,20.479999542236328,19.969999313354492,20.079999923706055,745300
2010-05-25,13.8489408493042,20.010000228881836,20.059999465942383,19.40999984741211,19.700000762939453,1388800
2010-05-26,13.842020988464355,20.0,20.299999237060547,19.90999984741211,20.100000381469727,988500
2010-05-27,14.035804748535156,20.280000686645508,20.34000015258789,20.100000381469727,20.299999237060547,532400
2010-05-28,14.077337265014648,20.34000015258789,20.56999969482422,20.100000381469727,20.329999923706055,743200
2010-06-01,13.85586166381836,20.020000457763672,20.389999389648438,20.0,20.309999465942383,645200
2010-06-02,13.994282722473145,20.219999313354492,20.260000228881836,20.0,20.139999389648438,717400
2010-06-03,14.125781059265137,20.40999984741211,20.459999084472656,20.149999618530273,20.3799991607666,706800
2010-06-04,13.78664493560791,19.920000076293945,20.1299991607666,19.780000686645508,20.06999969482422,1060500
2010-06-07,13.78664493560791,19.920000076293945,20.209999084472656,19.899999618530273,20.020000457763672,906700
2010-06-08,13.987360954284668,20.209999084472656,20.209999084472656,19.829999923706055,20.06999969482422,1508500
2010-06-09,13.91123104095459,20.100000381469727,20.280000686645508,20.010000228881836,20.25,1084700
2010-06-10,13.8489408493042,20.010000228881836,20.450000762939453,19.920000076293945,20.329999923706055,1738500
2010-06-11,13.91123104095459,20.100000381469727,20.149999618530273,19.950000762939453,19.959999084472656,1292100
2010-06-14,14.298807144165039,20.65999984741211,20.850000381469727,20.149999618530273,20.149999618530273,2412800
2010-06-15,14.437223434448242,20.860000610351562,20.93000030517578,20.690000534057617,20.799999237060547,1186400
2010-06-16,14.457989692687988,20.889999389648438,20.979999542236328,20.579999923706055,20.690000534057617,842900
2010-06-17,14.596405029296875,21.09000015258789,21.1299991607666,20.770000457763672,20.959999084472656,838500
2010-06-18,15.046274185180664,21.739999771118164,21.739999771118164,20.940000534057617,21.010000228881836,3595400
2010-06-21,14.845561027526855,21.450000762939453,21.809999465942383,21.350000381469727,21.809999465942383,1069100
2010-06-22,14.603327751159668,21.100000381469727,21.549999237060547,21.09000015258789,21.3700008392334,1145700
2010-06-23,14.513352394104004,20.969999313354492,21.170000076293945,20.809999465942383,21.06999969482422,1623800
2010-06-24,14.395700454711914,20.799999237060547,21.280000686645508,20.780000686645508,20.969999313354492,1035300
2010-06-25,14.54796028137207,21.020000457763672,21.100000381469727,20.56999969482422,20.75,5651400
2010-06-28,14.658695220947266,21.18000030517578,21.309999465942383,20.90999984741211,21.020000457763672,639800
2010-06-29,14.368020057678223,20.760000228881836,21.030000686645508,20.639999389648438,21.030000686645508,979700
2010-06-30,14.257280349731445,20.600000381469727,20.940000534057617,20.510000228881836,20.68000030517578,903800
2010-07-01,13.842020988464355,20.0,20.649999618530273,20.0,20.649999618530273,1572200
2010-07-02,13.862783432006836,20.030000686645508,20.260000228881836,19.920000076293945,20.110000610351562,884800
2010-07-06,14.042732238769531,20.290000915527344,20.399999618530273,20.040000915527344,20.270000457763672,1144200
2010-07-07,14.589487075805664,21.079999923706055,21.100000381469727,20.34000015258789,20.34000015258789,1033000
2010-07-08,14.679459571838379,21.209999084472656,21.209999084472656,20.989999771118164,21.1200008392334,943600
2010-07-09,14.693306922912598,21.229999542236328,21.270000457763672,21.1200008392334,21.1299991607666,807800
2010-07-12,14.575640678405762,21.059999465942383,21.329999923706055,20.989999771118164,21.270000457763672,478700
2010-07-13,14.617175102233887,21.1200008392334,21.270000457763672,20.90999984741211,21.25,1067700
2010-07-14,14.72790813446045,21.280000686645508,21.3700008392334,20.969999313354492,20.989999771118164,808100
2010-07-15,14.783269882202148,21.360000610351562,21.43000030517578,21.079999923706055,21.290000915527344,740000
2010-07-16,14.423380851745605,20.84000015258789,21.399999618530273,20.770000457763672,21.34000015258789,728200
2010-07-19,14.575640678405762,21.059999465942383,21.190000534057617,20.93000030517578,21.0,462300
2010-07-20,14.852490425109863,21.459999084472656,21.489999771118164,20.84000015258789,20.850000381469727,890300
2010-07-21,14.527196884155273,20.989999771118164,21.610000610351562,20.81999969482422,21.610000610351562,992400
2010-07-22,14.797120094299316,21.3799991607666,21.5,21.149999618530273,21.170000076293945,882000
2010-07-23,14.769438743591309,21.34000015258789,21.479999542236328,21.110000610351562,21.420000076293945,692200
2010-07-26,15.032434463500977,21.719999313354492,21.75,21.309999465942383,21.520000457763672,630100
2010-07-27,15.115490913391113,21.84000015258789,21.940000534057617,21.739999771118164,21.75,740600
2010-07-28,14.914777755737305,21.549999237060547,21.959999084472656,21.450000762939453,21.889999389648438,561000
2010-07-29,14.707139015197754,21.25,21.780000686645508,21.030000686645508,21.700000762939453,944100
2010-07-30,14.797120094299316,21.3799991607666,21.43000030517578,20.969999313354492,21.0,830100
2010-08-02,15.087800025939941,21.799999237060547,21.799999237060547,21.450000762939453,21.670000076293945,971100
2010-08-03,14.921699523925781,21.559999465942383,21.760000228881836,21.479999542236328,21.760000228881836,755400
2010-08-04,14.935539245605469,21.579999923706055,21.719999313354492,21.440000534057617,21.450000762939453,606300
2010-08-05,15.655327796936035,22.6200008392334,23.0,22.059999465942383,22.06999969482422,2888300
2010-08-06,15.613798141479492,22.559999465942383,22.700000762939453,22.399999618530273,22.399999618530273,1106300
2010-08-09,15.641486167907715,22.600000381469727,22.8799991607666,22.56999969482422,22.709999084472656,627800
2010-08-10,15.793744087219238,22.81999969482422,22.950000762939453,22.329999923706055,22.3799991607666,1860900
2010-08-11,15.72453784942627,22.719999313354492,22.850000381469727,22.40999984741211,22.690000534057617,1723100
2010-08-12,15.558430671691895,22.479999542236328,22.780000686645508,22.3700008392334,22.540000915527344,1392500
2010-08-13,15.683002471923828,22.65999984741211,22.829999923706055,22.3799991607666,22.489999771118164,1088800
2010-08-16,15.445385932922363,22.100000381469727,22.399999618530273,22.040000915527344,22.389999389648438,1164600
2010-08-17,15.606133460998535,22.329999923706055,22.59000015258789,22.049999237060547,22.25,2855400
2010-08-18,15.564197540283203,22.270000457763672,22.510000228881836,22.049999237060547,22.31999969482422,1479800
2010-08-19,15.438400268554688,22.09000015258789,22.360000610351562,21.889999389648438,22.360000610351562,1236600
2010-08-20,15.431406021118164,22.079999923706055,22.1200008392334,21.850000381469727,22.079999923706055,822700
2010-08-23,15.375495910644531,22.0,22.489999771118164,21.969999313354492,22.229999542236328,521500
2010-08-24,15.34055233001709,21.950000762939453,22.1200008392334,21.719999313354492,21.719999313354492,1120500
2010-08-25,15.836761474609375,22.65999984741211,22.809999465942383,21.860000610351562,21.940000534057617,2593800
2010-08-26,15.857725143432617,22.690000534057617,22.8799991607666,22.399999618530273,22.739999771118164,1380000
2010-08-27,15.892675399780273,22.739999771118164,22.889999389648438,22.389999389648438,22.829999923706055,1043800
2010-08-30,15.79482650756836,22.600000381469727,22.860000610351562,22.579999923706055,22.780000686645508,1360200
2010-08-31,15.78085708618164,22.579999923706055,22.670000076293945,22.31999969482422,22.610000610351562,1271600
2010-09-01,16.102338790893555,23.040000915527344,23.06999969482422,22.760000228881836,22.899999618530273,900700
2010-09-02,16.2560977935791,23.260000228881836,23.290000915527344,22.950000762939453,23.139999389648438,936700
2010-09-03,16.312002182006836,23.34000015258789,23.440000534057617,23.1200008392334,23.440000534057617,657500
2010-09-07,15.990513801574707,22.8799991607666,23.200000762939453,22.829999923706055,23.1299991607666,773700
2010-09-08,15.724943161010742,22.5,22.729999542236328,22.15999984741211,22.15999984741211,878400
2010-09-09,15.766870498657227,22.559999465942383,22.790000915527344,22.440000534057617,22.579999923706055,793100
2010-09-10,15.801816940307617,22.610000610351562,22.639999389648438,22.479999542236328,22.6299991607666,1360600
2010-09-13,15.913640975952148,22.770000457763672,22.799999237060547,22.5,22.59000015258789,791700
2010-09-14,15.92063045501709,22.780000686645508,22.90999984741211,22.649999618530273,22.770000457763672,821900
2010-09-15,15.969555854797363,22.850000381469727,22.860000610351562,22.540000915527344,22.770000457763672,558600
2010-09-16,15.885679244995117,22.729999542236328,22.90999984741211,22.639999389648438,22.889999389648438,694700
2010-09-17,16.172225952148438,23.139999389648438,23.170000076293945,22.59000015258789,22.709999084472656,1561500
2010-09-20,16.207176208496094,23.190000534057617,23.309999465942383,22.969999313354492,23.200000762939453,978400
2010-09-21,16.116310119628906,23.059999465942383,23.290000915527344,23.020000457763672,23.239999771118164,1455800
2010-09-22,16.242115020751953,23.239999771118164,23.389999389648438,22.969999313354492,22.979999542236328,1024700
2010-09-23,16.102338790893555,23.040000915527344,23.280000686645508,22.959999084472656,23.079999923706055,680900
2010-09-24,16.416831970214844,23.489999771118164,23.489999771118164,23.15999984741211,23.389999389648438,630200
2010-09-27,16.30501365661621,23.329999923706055,23.520000457763672,23.149999618530273,23.389999389648438,686600
2010-09-28,16.26308822631836,23.270000457763672,23.479999542236328,22.940000534057617,23.479999542236328,1268400
2010-09-29,16.116310119628906,23.059999465942383,23.3700008392334,23.010000228881836,23.09000015258789,1908200
2010-09-30,16.26308822631836,23.270000457763672,23.5,23.15999984741211,23.239999771118164,1489300
2010-10-01,16.444793701171875,23.530000686645508,23.549999237060547,23.15999984741211,23.440000534057617,1232600
2010-10-04,16.402862548828125,23.469999313354492,23.56999969482422,23.1299991607666,23.530000686645508,995300
2010-10-05,16.556615829467773,23.690000534057617,23.760000228881836,23.520000457763672,23.690000534057617,871100
2010-10-06,16.591556549072266,23.739999771118164,23.790000915527344,23.360000610351562,23.690000534057617,888900
2010-10-07,16.612524032592773,23.770000457763672,23.969999313354492,23.600000381469727,23.8700008392334,790400
2010-10-08,16.56360626220703,23.700000762939453,23.81999969482422,23.56999969482422,23.780000686645508,810500
2010-10-11,16.535646438598633,23.65999984741211,23.760000228881836,23.56999969482422,23.739999771118164,439000
2010-10-12,16.577577590942383,23.719999313354492,23.760000228881836,23.31999969482422,23.649999618530273,833400
2010-10-13,16.402862548828125,23.469999313354492,23.950000762939453,23.469999313354492,23.93000030517578,1174700
2010-10-14,16.43779945373535,23.520000457763672,23.579999923706055,23.450000762939453,23.489999771118164,995400
2010-10-15,16.521669387817383,23.639999389648438,23.75,23.520000457763672,23.700000762939453,1543700
2010-10-18,16.528663635253906,23.649999618530273,23.780000686645508,23.6200008392334,23.709999084472656,713400
2010-10-19,16.58456802368164,23.729999542236328,24.0,23.540000915527344,23.549999237060547,1240800
2010-10-20,16.675434112548828,23.860000610351562,23.899999618530273,23.739999771118164,23.829999923706055,760800
2010-10-21,16.591556549072266,23.739999771118164,23.979999542236328,23.56999969482422,23.8799991607666,512000
2010-10-22,16.549633026123047,23.68000030517578,23.899999618530273,23.559999465942383,23.8700008392334,396400
2010-10-25,16.458770751953125,23.549999237060547,23.850000381469727,23.489999771118164,23.84000015258789,625800
2010-10-26,16.514677047729492,23.6299991607666,23.729999542236328,23.440000534057617,23.530000686645508,707200
2010-10-27,16.703380584716797,23.899999618530273,23.969999313354492,23.579999923706055,23.639999389648438,1192100
2010-10-28,16.703380584716797,23.899999618530273,24.1200008392334,23.829999923706055,24.0,667000
2010-10-29,16.68940544128418,23.8799991607666,24.0,23.709999084472656,23.90999984741211,726700
2010-11-01,16.58456802368164,23.729999542236328,24.059999465942383,23.520000457763672,24.059999465942383,1346400
2010-11-02,16.68242073059082,23.8700008392334,24.049999237060547,23.760000228881836,23.8799991607666,1865100
2010-11-03,16.843158721923828,24.100000381469727,24.219999313354492,23.799999237060547,23.84000015258789,1573700
2010-11-04,17.150676727294922,24.540000915527344,24.8799991607666,24.3700008392334,24.65999984741211,1994400
2010-11-05,17.33936882019043,24.809999465942383,24.81999969482422,24.450000762939453,24.729999542236328,1336400
2010-11-08,17.276464462280273,24.719999313354492,24.75,24.530000686645508,24.75,847800
2010-11-09,17.080781936645508,24.440000534057617,24.850000381469727,24.34000015258789,24.770000457763672,955400
2010-11-10,17.29743766784668,24.75,24.799999237060547,24.399999618530273,24.450000762939453,750600
2010-11-11,17.388290405273438,24.8799991607666,24.889999389648438,24.56999969482422,24.770000457763672,1132300
2010-11-12,17.122709274291992,24.5,24.889999389648438,24.459999084472656,24.850000381469727,989600
2010-11-15,17.374317169189453,24.860000610351562,24.93000030517578,24.65999984741211,24.780000686645508,934600
2010-11-16,16.937129974365234,24.020000457763672,24.68000030517578,23.899999618530273,24.68000030517578,1612300
2010-11-17,17.007644653320312,24.1200008392334,24.3700008392334,24.06999969482422,24.149999618530273,1596400
2010-11-18,16.87367057800293,23.93000030517578,24.299999237060547,23.93000030517578,24.170000076293945,835800
2010-11-19,17.099321365356445,24.25,24.25,23.84000015258789,23.979999542236328,1233500
2010-11-22,17.127517700195312,24.290000915527344,24.399999618530273,24.09000015258789,24.200000762939453,810800
2010-11-23,17.2332820892334,24.440000534057617,24.540000915527344,24.049999237060547,24.219999313354492,817100
2010-11-24,17.37431526184082,24.639999389648438,24.729999542236328,24.40999984741211,24.59000015258789,504800
2010-11-26,17.480083465576172,24.790000915527344,24.809999465942383,24.540000915527344,24.540000915527344,667100
2010-11-29,17.303802490234375,24.540000915527344,24.639999389648438,23.93000030517578,24.6200008392334,1315900
2010-11-30,17.282649993896484,24.510000228881836,24.530000686645508,24.170000076293945,24.389999389648438,1414600
2010-12-01,17.47303009033203,24.780000686645508,24.979999542236328,24.5,24.68000030517578,1359200
2010-12-02,17.628154754638672,25.0,25.139999389648438,24.649999618530273,24.81999969482422,1172200
2010-12-03,17.571746826171875,24.920000076293945,25.06999969482422,24.829999923706055,24.950000762939453,729800
2010-12-06,17.599952697753906,24.959999084472656,25.049999237060547,24.860000610351562,24.950000762939453,503900
2010-12-07,17.47303009033203,24.780000686645508,25.209999084472656,24.700000762939453,25.200000762939453,717000
2010-12-08,17.458919525146484,24.760000228881836,24.889999389648438,24.559999465942383,24.729999542236328,710700
2010-12-09,17.557645797729492,24.899999618530273,24.959999084472656,24.649999618530273,24.899999618530273,765600
2010-12-10,17.430723190307617,24.719999313354492,24.979999542236328,24.600000381469727,24.90999984741211,1284400
2010-12-13,17.628154754638672,25.0,25.100000381469727,24.719999313354492,24.889999389648438,699500
2010-12-14,17.585853576660156,24.940000534057617,25.25,24.780000686645508,25.15999984741211,1382600
2010-12-15,17.564693450927734,24.90999984741211,25.139999389648438,24.799999237060547,24.93000030517578,1358800
2010-12-16,17.776235580444336,25.209999084472656,25.3799991607666,24.899999618530273,25.010000228881836,1939100
2010-12-17,17.79033660888672,25.229999542236328,25.309999465942383,24.809999465942383,25.229999542236328,1131900
2010-12-20,17.994829177856445,25.520000457763672,25.700000762939453,25.110000610351562,25.3700008392334,1068800
2010-12-21,17.797393798828125,25.239999771118164,25.690000534057617,25.170000076293945,25.549999237060547,868000
2010-12-22,17.769184112548828,25.200000762939453,25.399999618530273,25.0,25.3799991607666,833600
2010-12-23,17.910207748413086,25.399999618530273,25.559999465942383,25.100000381469727,25.100000381469727,652900
2010-12-27,17.917255401611328,25.40999984741211,25.530000686645508,25.200000762939453,25.270000457763672,310000
2010-12-28,17.987770080566406,25.510000228881836,25.530000686645508,25.209999084472656,25.459999084472656,491100
2010-12-29,18.142906188964844,25.729999542236328,25.75,25.5,25.559999465942383,424000
2010-12-30,17.938411712646484,25.440000534057617,25.81999969482422,25.280000686645508,25.75,667300
2010-12-31,17.83264923095703,25.290000915527344,25.559999465942383,25.290000915527344,25.530000686645508,504000
2011-01-03,18.00893211364746,25.540000915527344,25.56999969482422,25.270000457763672,25.489999771118164,722900
2011-01-04,18.100584030151367,25.670000076293945,25.719999313354492,25.479999542236328,25.639999389648438,1095100
2011-01-05,18.001880645751953,25.530000686645508,25.739999771118164,25.43000030517578,25.56999969482422,755100
2011-01-06,17.79033660888672,25.229999542236328,25.670000076293945,25.170000076293945,25.670000076293945,862900
2011-01-07,18.100584030151367,25.670000076293945,25.670000076293945,25.239999771118164,25.31999969482422,821900
2011-01-10,17.987770080566406,25.510000228881836,25.690000534057617,25.309999465942383,25.690000534057617,528000
2011-01-11,17.882007598876953,25.360000610351562,25.690000534057617,25.280000686645508,25.6200008392334,587000
2011-01-12,18.037134170532227,25.579999923706055,25.59000015258789,25.40999984741211,25.43000030517578,606300
2011-01-13,18.10764503479004,25.68000030517578,25.729999542236328,25.489999771118164,25.489999771118164,972100
2011-01-14,18.31917953491211,25.979999542236328,25.979999542236328,25.600000381469727,25.6200008392334,524900
2011-01-18,17.924306869506836,25.420000076293945,25.989999771118164,25.31999969482422,25.8799991607666,853900
2011-01-19,18.001880645751953,25.530000686645508,25.68000030517578,25.270000457763672,25.5,1116600
2011-01-20,18.09354019165039,25.65999984741211,25.850000381469727,25.389999389648438,25.389999389648438,861100
2011-01-21,18.04417610168457,25.59000015258789,25.829999923706055,25.559999465942383,25.829999923706055,1009400
2011-01-24,18.26276969909668,25.899999618530273,26.110000610351562,25.56999969482422,25.56999969482422,743900
2011-01-25,18.298032760620117,25.950000762939453,26.190000534057617,25.84000015258789,25.950000762939453,1436500
2011-01-26,18.439056396484375,26.149999618530273,26.34000015258789,26.010000228881836,26.079999923706055,981200
2011-01-27,18.255718231201172,25.889999389648438,26.229999542236328,25.8700008392334,26.209999084472656,1107200
2011-01-28,17.896106719970703,25.3799991607666,26.100000381469727,25.3799991607666,25.969999313354492,1001300
2011-01-31,17.98072052001953,25.5,25.6299991607666,25.40999984741211,25.520000457763672,1007200
2011-02-01,18.100584030151367,25.670000076293945,25.809999465942383,25.579999923706055,25.75,1131600
2011-02-02,18.474308013916016,26.200000762939453,26.229999542236328,25.690000534057617,25.799999237060547,1155200
2011-02-03,18.78456687927246,26.639999389648438,26.65999984741211,26.100000381469727,26.329999923706055,2002400
2011-02-04,18.848018646240234,26.729999542236328,26.850000381469727,26.559999465942383,26.600000381469727,1740600
2011-02-07,18.897382736206055,26.799999237060547,26.860000610351562,26.649999618530273,26.860000610351562,1196600
2011-02-08,18.777515411376953,26.6299991607666,26.8799991607666,26.610000610351562,26.8799991607666,548100
2011-02-09,18.728153228759766,26.559999465942383,26.649999618530273,26.5,26.559999465942383,684400
2011-02-10,18.65764617919922,26.459999084472656,26.65999984741211,26.43000030517578,26.579999923706055,560100
2011-02-11,18.77046012878418,26.6200008392334,26.639999389648438,26.309999465942383,26.530000686645508,923800
2011-02-14,19.03840446472168,27.0,27.100000381469727,26.610000610351562,26.729999542236328,1771300
2011-02-15,19.22879981994629,27.270000457763672,27.3799991607666,26.950000762939453,27.079999923706055,1503400
2011-02-16,19.356748580932617,27.229999542236328,27.3700008392334,27.049999237060547,27.280000686645508,1063100
2011-02-17,19.420724868774414,27.31999969482422,27.350000381469727,27.200000762939453,27.309999465942383,1123900
2011-02-18,19.78326416015625,27.829999923706055,27.93000030517578,27.399999618530273,27.450000762939453,2263700
2011-02-22,19.53446388244629,27.479999542236328,27.829999923706055,27.290000915527344,27.760000228881836,1248600
2011-02-23,19.477590560913086,27.399999618530273,27.670000076293945,27.260000228881836,27.40999984741211,1309700
2011-02-24,19.250118255615234,27.079999923706055,27.489999771118164,26.979999542236328,27.40999984741211,1513500
2011-02-25,19.45627784729004,27.3700008392334,27.420000076293945,27.079999923706055,27.299999237060547,1204400
2011-02-28,19.71928596496582,27.739999771118164,27.850000381469727,27.31999969482422,27.31999969482422,1234600
2011-03-01,19.52025032043457,27.459999084472656,27.899999618530273,27.399999618530273,27.809999465942383,1571100
2011-03-02,19.683744430541992,27.690000534057617,27.739999771118164,27.43000030517578,27.549999237060547,1543700
2011-03-03,20.04627799987793,28.200000762939453,28.290000915527344,27.760000228881836,27.860000610351562,1684100
2011-03-04,19.683744430541992,27.690000534057617,28.190000534057617,27.540000915527344,28.190000534057617,1272200
2011-03-07,19.655311584472656,27.649999618530273,27.989999771118164,27.5,27.860000610351562,1260600
2011-03-08,19.825916290283203,27.889999389648438,28.020000457763672,27.68000030517578,27.709999084472656,1347700
2011-03-09,19.81169319152832,27.8700008392334,27.959999084472656,27.790000915527344,27.84000015258789,1123800
2011-03-10,19.477590560913086,27.399999618530273,27.829999923706055,27.389999389648438,27.809999465942383,856300
2011-03-11,19.51313018798828,27.450000762939453,27.610000610351562,27.299999237060547,27.299999237060547,1023600
2011-03-14,19.54867935180664,27.5,27.59000015258789,27.299999237060547,27.299999237060547,904000
2011-03-15,19.150596618652344,26.940000534057617,27.15999984741211,26.81999969482422,27.020000457763672,974800
2011-03-16,19.278554916381836,27.1200008392334,27.350000381469727,26.799999237060547,26.899999618530273,2229100
2011-03-17,19.193256378173828,27.0,27.450000762939453,26.799999237060547,27.389999389648438,966800
2011-03-18,19.214576721191406,27.030000686645508,27.360000610351562,26.950000762939453,27.25,1354700
2011-03-21,19.54867935180664,27.5,27.81999969482422,27.25,27.25,1246500
2011-03-22,19.491819381713867,27.420000076293945,27.770000457763672,27.40999984741211,27.450000762939453,1576800
2011-03-23,19.477590560913086,27.399999618530273,27.530000686645508,27.260000228881836,27.530000686645508,930400
2011-03-24,19.683744430541992,27.690000534057617,27.799999237060547,27.420000076293945,27.610000610351562,1524300
2011-03-25,19.747726440429688,27.780000686645508,27.979999542236328,27.700000762939453,27.790000915527344,639100
2011-03-28,19.54867935180664,27.5,27.93000030517578,27.5,27.799999237060547,532800
2011-03-29,19.669527053833008,27.670000076293945,27.68000030517578,27.40999984741211,27.450000762939453,998300
2011-03-30,19.86857032775879,27.950000762939453,28.040000915527344,27.75,27.850000381469727,1629800
2011-03-31,19.939651489257812,28.049999237060547,28.329999923706055,27.760000228881836,28.030000686645508,1012900
2011-04-01,20.124481201171875,28.309999465942383,28.549999237060547,28.110000610351562,28.110000610351562,862000
2011-04-04,20.224000930786133,28.450000762939453,28.5,28.200000762939453,28.350000381469727,509700
2011-04-05,20.20267677307129,28.420000076293945,28.510000228881836,28.209999084472656,28.290000915527344,625100
2011-04-06,20.41593360900879,28.719999313354492,28.93000030517578,28.510000228881836,28.540000915527344,979300
2011-04-07,20.33774185180664,28.610000610351562,28.790000915527344,28.420000076293945,28.639999389648438,1250900
2011-04-08,20.273761749267578,28.520000457763672,28.690000534057617,28.3799991607666,28.579999923706055,678000
2011-04-11,20.16002082824707,28.360000610351562,28.6200008392334,28.299999237060547,28.600000381469727,839300
2011-04-12,19.833032608032227,27.899999618530273,28.31999969482422,27.8700008392334,28.290000915527344,1120800
2011-04-13,20.02496337890625,28.170000076293945,28.260000228881836,28.040000915527344,28.06999969482422,861200
2011-04-14,20.16002082824707,28.360000610351562,28.40999984741211,28.06999969482422,28.219999313354492,578300
2011-04-15,20.38038444519043,28.670000076293945,28.829999923706055,28.3700008392334,28.510000228881836,728500
2011-04-18,20.167129516601562,28.3700008392334,28.68000030517578,28.190000534057617,28.68000030517578,902300
2011-04-19,20.174236297607422,28.3799991607666,28.510000228881836,28.18000030517578,28.389999389648438,893200
2011-04-20,20.245330810546875,28.479999542236328,28.6299991607666,28.469999313354492,28.610000610351562,849300
2011-04-21,20.124481201171875,28.309999465942383,28.610000610351562,28.190000534057617,28.549999237060547,1063200
2011-04-25,20.138700485229492,28.329999923706055,28.5,28.309999465942383,28.309999465942383,562000
2011-04-26,20.37328338623047,28.65999984741211,28.709999084472656,28.34000015258789,28.3700008392334,769700
2011-04-27,20.678951263427734,29.09000015258789,29.100000381469727,28.6299991607666,28.850000381469727,774300
2011-04-28,20.750038146972656,29.190000534057617,29.280000686645508,29.030000686645508,29.030000686645508,1372600
2011-04-29,20.885101318359375,29.3799991607666,29.420000076293945,29.040000915527344,29.139999389648438,878000
2011-05-02,20.977519989013672,29.510000228881836,29.90999984741211,29.350000381469727,29.90999984741211,1008500
2011-05-03,20.998836517333984,29.540000915527344,29.75,29.3700008392334,29.40999984741211,1042400
2011-05-04,20.849559783935547,29.329999923706055,29.549999237060547,29.100000381469727,29.479999542236328,1274200
2011-05-05,20.75714683532715,29.200000762939453,29.639999389648438,28.770000457763672,29.34000015258789,1445000
2011-05-06,20.81401252746582,29.280000686645508,29.5,29.149999618530273,29.440000534057617,1676500
2011-05-09,21.06991958618164,29.639999389648438,29.709999084472656,29.360000610351562,29.700000762939453,1848900
2011-05-10,21.75945472717285,30.610000610351562,30.700000762939453,29.649999618530273,29.649999618530273,2042000
2011-05-11,21.09124755859375,29.670000076293945,30.670000076293945,29.549999237060547,30.649999618530273,2130100
2011-05-12,21.119688034057617,29.709999084472656,29.799999237060547,29.290000915527344,29.56999969482422,1414600
2011-05-13,20.877992630004883,29.3700008392334,29.760000228881836,29.25,29.65999984741211,1042200
2011-05-16,20.612985610961914,28.780000686645508,29.639999389648438,28.719999313354492,29.1200008392334,1137200
2011-05-17,20.59865951538086,28.760000228881836,28.940000534057617,28.709999084472656,28.8700008392334,1947600
2011-05-18,20.713258743286133,28.920000076293945,29.15999984741211,28.780000686645508,29.15999984741211,2470400
2011-05-19,21.006912231445312,29.329999923706055,29.399999618530273,28.90999984741211,28.920000076293945,1102100
2011-05-20,21.05704689025879,29.399999618530273,29.579999923706055,29.209999084472656,29.40999984741211,767400
2011-05-23,20.784879684448242,29.020000457763672,29.239999771118164,28.93000030517578,29.1200008392334,698800
2011-05-24,20.77771759033203,29.010000228881836,29.239999771118164,28.979999542236328,29.239999771118164,879100
2011-05-25,21.322052001953125,29.770000457763672,29.899999618530273,29.010000228881836,29.030000686645508,1757200
2011-05-26,21.400836944580078,29.8799991607666,29.8799991607666,29.510000228881836,29.809999465942383,1842700
2011-05-27,21.357860565185547,29.81999969482422,30.0,29.719999313354492,29.969999313354492,1340700
2011-05-31,21.49394416809082,30.010000228881836,30.139999389648438,29.6200008392334,29.90999984741211,1643900
2011-06-01,21.207460403442383,29.610000610351562,30.149999618530273,29.579999923706055,29.899999618530273,1409500
2011-06-02,21.071374893188477,29.420000076293945,29.700000762939453,29.229999542236328,29.700000762939453,1482100
2011-06-03,20.806364059448242,29.049999237060547,29.239999771118164,28.920000076293945,29.1200008392334,1217800
2011-06-06,20.620155334472656,28.790000915527344,29.229999542236328,28.610000610351562,29.110000610351562,1426100
2011-06-07,20.591503143310547,28.75,29.170000076293945,28.75,28.860000610351562,974700
2011-06-08,20.591503143310547,28.75,28.950000762939453,28.639999389648438,28.780000686645508,1638200
2011-06-09,20.43393325805664,28.530000686645508,28.790000915527344,28.440000534057617,28.739999771118164,1371000
2011-06-10,20.476909637451172,28.59000015258789,28.700000762939453,28.280000686645508,28.43000030517578,1116300
2011-06-13,20.62731170654297,28.799999237060547,29.0,28.59000015258789,28.709999084472656,974300
2011-06-14,20.849348068237305,29.110000610351562,29.360000610351562,28.739999771118164,29.030000686645508,1054700
2011-06-15,20.612985610961914,28.780000686645508,29.25,28.639999389648438,28.979999542236328,1411800
2011-06-16,20.612985610961914,28.780000686645508,29.06999969482422,28.6299991607666,28.8700008392334,848700
2011-06-17,20.870830535888672,29.139999389648438,29.219999313354492,28.75,28.920000076293945,1292100
2011-06-20,20.971099853515625,29.280000686645508,29.350000381469727,28.920000076293945,29.020000457763672,775100
2011-06-21,21.02840805053711,29.360000610351562,29.59000015258789,29.190000534057617,29.270000457763672,1136000
2011-06-22,20.98542594909668,29.299999237060547,29.510000228881836,29.040000915527344,29.389999389648438,917900
2011-06-23,21.064208984375,29.40999984741211,29.5,28.950000762939453,29.110000610351562,1301500
2011-06-24,20.94244956970215,29.239999771118164,29.360000610351562,28.8799991607666,29.239999771118164,1408000
2011-06-27,20.892316818237305,29.170000076293945,29.309999465942383,29.09000015258789,29.149999618530273,1014900
2011-06-28,21.035566329956055,29.3700008392334,29.649999618530273,29.149999618530273,29.209999084472656,769500
2011-06-29,21.36503028869629,29.829999923706055,29.969999313354492,29.43000030517578,29.549999237060547,1052300
2011-06-30,21.09286117553711,29.450000762939453,29.940000534057617,29.260000228881836,29.940000534057617,1841000
2011-07-01,21.558406829833984,30.100000381469727,30.15999984741211,29.450000762939453,29.450000762939453,1002200
2011-07-05,21.422327041625977,29.90999984741211,30.040000915527344,29.719999313354492,30.010000228881836,1066900
2011-07-06,21.49394416809082,30.010000228881836,30.020000457763672,29.700000762939453,29.829999923706055,975600
2011-07-07,21.60137939453125,30.15999984741211,30.219999313354492,30.0,30.200000762939453,587300
2011-07-08,21.60137939453125,30.15999984741211,30.170000076293945,29.920000076293945,29.950000762939453,938800
2011-07-11,21.243268966674805,29.65999984741211,29.989999771118164,29.600000381469727,29.940000534057617,910500
2011-07-12,21.171648025512695,29.559999465942383,29.760000228881836,29.3700008392334,29.56999969482422,858500
2011-07-13,21.250431060791016,29.670000076293945,29.799999237060547,29.540000915527344,29.670000076293945,773500
2011-07-14,21.064208984375,29.40999984741211,29.899999618530273,29.329999923706055,29.780000686645508,675400
2011-07-15,21.15015983581543,29.530000686645508,29.540000915527344,29.270000457763672,29.479999542236328,777800
2011-07-18,20.870830535888672,29.139999389648438,29.540000915527344,28.969999313354492,29.520000457763672,658100
2011-07-19,20.94244956970215,29.239999771118164,29.360000610351562,28.920000076293945,29.270000457763672,789600
2011-07-20,21.042724609375,29.3799991607666,29.5,29.190000534057617,29.360000610351562,523400
2011-07-21,21.27191734313965,29.700000762939453,29.809999465942383,29.43000030517578,29.489999771118164,722100
2011-07-22,21.11434555053711,29.479999542236328,29.75,29.43000030517578,29.75,672200
2011-07-25,20.949613571166992,29.25,29.59000015258789,29.229999542236328,29.25,639900
2011-07-26,20.763391494750977,28.989999771118164,29.3799991607666,28.959999084472656,29.360000610351562,985800
2011-07-27,20.233388900756836,28.25,28.950000762939453,28.239999771118164,28.93000030517578,1873100
2011-07-28,20.247716903686523,28.270000457763672,28.579999923706055,28.200000762939453,28.219999313354492,1063400
2011-07-29,20.054325103759766,28.0,28.31999969482422,27.540000915527344,28.040000915527344,1024600
2011-08-01,20.09014129638672,28.049999237060547,28.440000534057617,27.959999084472656,28.440000534057617,792500
2011-08-02,19.796493530273438,27.639999389648438,28.049999237060547,27.600000381469727,27.920000076293945,1117300
2011-08-03,20.262035369873047,28.290000915527344,28.299999237060547,27.56999969482422,27.59000015258789,1793100
2011-08-04,19.767839431762695,27.600000381469727,28.40999984741211,27.5,27.770000457763672,1477400
2011-08-05,19.631759643554688,27.40999984741211,27.889999389648438,26.770000457763672,27.889999389648438,1962800
2011-08-08,18.299583435058594,25.549999237060547,27.1299991607666,25.540000915527344,27.1299991607666,2297800
2011-08-09,19.9468994140625,27.850000381469727,27.8700008392334,25.389999389648438,25.75,3204500
2011-08-10,19.369144439697266,26.81999969482422,28.239999771118164,26.780000686645508,27.219999313354492,2802200
2011-08-11,20.604089736938477,28.530000686645508,28.979999542236328,26.8799991607666,27.030000686645508,2369100
2011-08-12,20.38743019104004,28.229999542236328,28.979999542236328,28.06999969482422,28.809999465942383,1667800
2011-08-15,20.994075775146484,29.06999969482422,29.1200008392334,28.389999389648438,28.440000534057617,1245700
2011-08-16,20.87130355834961,28.899999618530273,29.079999923706055,28.65999984741211,28.739999771118164,1091000
2011-08-17,20.6618709564209,28.610000610351562,29.25,28.579999923706055,29.06999969482422,1064800
2011-08-18,20.14911460876465,27.899999618530273,28.43000030517578,27.600000381469727,28.200000762939453,2014900
2011-08-19,19.665239334106445,27.229999542236328,27.81999969482422,27.1299991607666,27.549999237060547,1982500
2011-08-22,19.867454528808594,27.510000228881836,27.729999542236328,27.309999465942383,27.65999984741211,1442500
2011-08-23,20.221332550048828,28.0,28.0,27.440000534057617,27.649999618530273,1651900
2011-08-24,20.791860580444336,28.790000915527344,28.850000381469727,27.920000076293945,27.950000762939453,952000
2011-08-25,20.611316680908203,28.540000915527344,29.030000686645508,28.3799991607666,28.920000076293945,830900
2011-08-26,20.95796012878418,29.020000457763672,29.049999237060547,27.850000381469727,28.3700008392334,927300
2011-08-29,21.29739761352539,29.489999771118164,29.520000457763672,29.1200008392334,29.139999389648438,843300
2011-08-30,21.34794807434082,29.559999465942383,29.729999542236328,29.190000534057617,29.260000228881836,735700
2011-08-31,21.50682830810547,29.780000686645508,29.81999969482422,29.43000030517578,29.770000457763672,963100
2011-09-01,21.412944793701172,29.649999618530273,30.0,29.610000610351562,29.93000030517578,941000
2011-09-02,21.29739761352539,29.489999771118164,29.75,29.200000762939453,29.209999084472656,1023200
2011-09-06,21.044626235961914,29.139999389648438,29.260000228881836,28.829999923706055,29.010000228881836,1112900
2011-09-07,21.34794807434082,29.559999465942383,29.59000015258789,29.139999389648438,29.420000076293945,1186400
2011-09-08,21.420166015625,29.65999984741211,29.93000030517578,29.440000534057617,29.469999313354492,1020200
2011-09-09,20.712417602539062,28.68000030517578,29.399999618530273,28.610000610351562,29.31999969482422,1336000
2011-09-12,20.596866607666016,28.520000457763672,28.579999923706055,28.100000381469727,28.360000610351562,1121100
2011-09-13,20.82074546813965,28.829999923706055,28.8700008392334,28.440000534057617,28.489999771118164,908300
2011-09-14,21.326282501220703,29.530000686645508,29.809999465942383,28.899999618530273,28.950000762939453,1335800
2011-09-15,21.499614715576172,29.770000457763672,30.020000457763672,29.450000762939453,29.950000762939453,995500
2011-09-16,21.441835403442383,29.690000534057617,30.079999923706055,29.690000534057617,29.920000076293945,1042900
2011-09-19,21.30461883544922,29.5,29.68000030517578,29.31999969482422,29.610000610351562,836200
2011-09-20,21.788484573364258,30.170000076293945,30.59000015258789,29.81999969482422,30.18000030517578,1826100
2011-09-21,21.875144958496094,30.290000915527344,30.65999984741211,30.040000915527344,30.100000381469727,1674500
2011-09-22,21.716266632080078,30.06999969482422,30.15999984741211,29.5,29.690000534057617,1702400
2011-09-23,21.5140438079834,29.790000915527344,30.0,29.5,29.969999313354492,1331400
2011-09-26,21.860706329345703,30.270000457763672,30.31999969482422,29.600000381469727,30.139999389648438,1118800
2011-09-27,22.026803970336914,30.5,31.030000686645508,30.350000381469727,30.639999389648438,2095600
2011-09-28,21.759592056274414,30.1299991607666,30.670000076293945,30.079999923706055,30.489999771118164,1111100
2011-09-29,21.925704956054688,30.360000610351562,30.829999923706055,30.209999084472656,30.600000381469727,2065900
2011-09-30,21.795700073242188,30.18000030517578,30.610000610351562,30.030000686645508,30.1200008392334,1472000
2011-10-03,21.138513565063477,29.270000457763672,30.639999389648438,29.270000457763672,30.280000686645508,1551800
2011-10-04,21.268508911132812,29.450000762939453,29.5,28.34000015258789,28.8799991607666,2100000
2011-10-05,21.102401733398438,29.219999313354492,29.719999313354492,28.940000534057617,29.649999618530273,1929600
2011-10-06,21.31905174255371,29.520000457763672,29.530000686645508,29.059999465942383,29.270000457763672,1557900
2011-10-07,21.210735321044922,29.3700008392334,29.770000457763672,29.299999237060547,29.68000030517578,1039500
2011-10-10,21.745159149169922,30.110000610351562,30.1200008392334,29.639999389648438,29.719999313354492,1032300
2011-10-11,21.72348403930664,30.079999923706055,30.219999313354492,29.899999618530273,29.950000762939453,604500
2011-10-12,21.25406265258789,29.43000030517578,30.229999542236328,29.350000381469727,30.200000762939453,1550600
2011-10-13,21.59349250793457,29.899999618530273,29.969999313354492,29.18000030517578,29.34000015258789,1388000
2011-10-14,21.535715103149414,29.81999969482422,30.219999313354492,29.5,30.09000015258789,1680500
2011-10-17,21.766817092895508,30.139999389648438,30.280000686645508,29.700000762939453,29.700000762939453,1006600
2011-10-18,21.925704956054688,30.360000610351562,30.540000915527344,29.84000015258789,30.219999313354492,949600
2011-10-19,22.127912521362305,30.639999389648438,31.079999923706055,30.420000076293945,30.420000076293945,1271800
2011-10-20,22.06291389465332,30.549999237060547,30.969999313354492,30.43000030517578,30.489999771118164,1197100
2011-10-21,22.03402328491211,30.510000228881836,30.899999618530273,30.3799991607666,30.790000915527344,1285500
2011-10-24,22.33734893798828,30.93000030517578,30.969999313354492,30.399999618530273,30.520000457763672,859600
2011-10-25,21.59349250793457,29.899999618530273,30.799999237060547,29.84000015258789,30.739999771118164,1119800
2011-10-26,21.427387237548828,29.670000076293945,30.31999969482422,29.59000015258789,30.239999771118164,1912200
2011-10-27,21.918474197387695,30.350000381469727,30.59000015258789,29.670000076293945,30.290000915527344,2100200
2011-10-28,21.976255416870117,30.43000030517578,30.540000915527344,30.100000381469727,30.18000030517578,847000
2011-10-31,22.0484676361084,30.530000686645508,30.790000915527344,30.059999465942383,30.200000762939453,1232400
2011-11-01,21.521268844604492,29.799999237060547,30.329999923706055,29.739999771118164,29.8799991607666,1156200
2011-11-02,21.73792839050293,30.100000381469727,30.489999771118164,30.0,30.420000076293945,1138400
2011-11-03,22.387897491455078,31.0,31.030000686645508,30.190000534057617,30.420000076293945,978400
2011-11-04,22.091806411743164,30.59000015258789,30.979999542236328,30.43000030517578,30.850000381469727,836100
2011-11-07,22.525115966796875,31.190000534057617,31.200000762939453,30.75,30.760000228881836,1035000
2011-11-08,22.503448486328125,31.15999984741211,31.200000762939453,30.860000610351562,31.1299991607666,938700
2011-11-09,22.257911682128906,30.81999969482422,31.059999465942383,30.559999465942383,30.81999969482422,1898300
2011-11-10,22.525115966796875,31.190000534057617,31.25,30.809999465942383,31.040000915527344,915600
2011-11-11,22.503448486328125,31.15999984741211,31.489999771118164,31.09000015258789,31.260000228881836,753500
2011-11-14,22.33734893798828,30.93000030517578,31.15999984741211,30.8700008392334,31.15999984741211,537000
2011-11-15,22.431232452392578,31.059999465942383,31.1200008392334,30.649999618530273,30.989999771118164,691700
2011-11-16,22.23478126525879,30.559999465942383,30.850000381469727,30.43000030517578,30.739999771118164,653800
2011-11-17,22.089271545410156,30.360000610351562,30.610000610351562,30.1299991607666,30.43000030517578,978100
2011-11-18,22.154756546020508,30.450000762939453,30.65999984741211,30.3700008392334,30.549999237060547,1124900
2011-11-21,22.11837387084961,30.399999618530273,30.59000015258789,30.100000381469727,30.260000228881836,1362600
2011-11-22,21.994686126708984,30.229999542236328,30.469999313354492,30.15999984741211,30.440000534057617,742000
2011-11-23,21.70366668701172,29.829999923706055,30.200000762939453,29.829999923706055,30.040000915527344,1037800
2011-11-25,21.69637680053711,29.81999969482422,30.030000686645508,29.6299991607666,29.760000228881836,221000
2011-11-28,21.77641487121582,29.93000030517578,30.350000381469727,29.829999923706055,30.34000015258789,857000
2011-11-29,22.314817428588867,30.670000076293945,30.729999542236328,30.059999465942383,30.059999465942383,839500
2011-11-30,22.605852127075195,31.06999969482422,31.31999969482422,30.649999618530273,31.18000030517578,1565300
2011-12-01,22.84596061706543,31.399999618530273,31.6200008392334,31.030000686645508,31.1299991607666,795300
2011-12-02,22.83867645263672,31.389999389648438,31.719999313354492,31.239999771118164,31.6299991607666,820600
2011-12-05,23.013301849365234,31.6299991607666,31.799999237060547,31.43000030517578,31.729999542236328,1002800
2011-12-06,23.027843475341797,31.649999618530273,31.75,31.420000076293945,31.68000030517578,659500
2011-12-07,22.613134384155273,31.079999923706055,31.540000915527344,30.989999771118164,31.540000915527344,868000
2011-12-08,22.54037094116211,30.979999542236328,31.3700008392334,30.860000610351562,30.93000030517578,1115200
2011-12-09,22.613134384155273,31.079999923706055,31.18000030517578,30.780000686645508,31.100000381469727,861700
2011-12-12,22.569473266601562,31.020000457763672,31.219999313354492,30.799999237060547,30.989999771118164,944100
2011-12-13,22.51854705810547,30.950000762939453,31.3799991607666,30.8700008392334,31.209999084472656,1063000
2011-12-14,22.09654998779297,30.3700008392334,31.020000457763672,30.350000381469727,30.940000534057617,1106300
2011-12-15,22.496721267700195,30.920000076293945,31.1299991607666,30.34000015258789,30.440000534057617,925900
2011-12-16,22.744096755981445,31.260000228881836,31.420000076293945,30.8700008392334,30.93000030517578,2758400
2011-12-19,22.525819778442383,30.959999084472656,31.5,30.920000076293945,31.25,979400
2011-12-20,22.853227615356445,31.40999984741211,31.600000381469727,31.270000457763672,31.270000457763672,1031800
2011-12-21,23.13698387145996,31.799999237060547,31.860000610351562,31.350000381469727,31.5,877700
2011-12-22,23.158815383911133,31.829999923706055,31.889999389648438,31.530000686645508,31.889999389648438,1047500
2011-12-23,23.347978591918945,32.09000015258789,32.189998626708984,31.81999969482422,31.889999389648438,658600
2011-12-27,23.682666778564453,32.54999923706055,32.779998779296875,32.09000015258789,32.13999938964844,694100
2011-12-28,23.180639266967773,31.860000610351562,32.630001068115234,31.81999969482422,32.5,934100
2011-12-29,23.413471221923828,32.18000030517578,32.2400016784668,31.889999389648438,31.889999389648438,880300
2011-12-30,23.180639266967773,31.860000610351562,32.400001525878906,31.860000610351562,32.27000045776367,439200
2012-01-03,22.91143798828125,31.489999771118164,32.189998626708984,31.34000015258789,32.04999923706055,984000
2012-01-04,22.831403732299805,31.3799991607666,31.6299991607666,31.270000457763672,31.479999542236328,1226700
2012-01-05,23.056947708129883,31.690000534057617,31.709999084472656,31.25,31.440000534057617,792400
2012-01-06,23.20973777770996,31.899999618530273,31.959999084472656,31.549999237060547,31.760000228881836,882800
2012-01-09,23.151546478271484,31.81999969482422,31.93000030517578,31.510000228881836,31.899999618530273,778100
2012-01-10,22.83867645263672,31.389999389648438,31.989999771118164,31.3799991607666,31.889999389648438,907200
2012-01-11,23.093326568603516,31.739999771118164,32.16999816894531,31.65999984741211,31.65999984741211,830000
2012-01-12,23.246122360229492,31.950000762939453,31.969999313354492,31.5,31.799999237060547,818700
2012-01-13,23.231565475463867,31.93000030517578,32.040000915527344,31.540000915527344,31.790000915527344,614200
2012-01-17,23.55170249938965,32.369998931884766,32.38999938964844,32.029998779296875,32.20000076293945,875600
2012-01-18,23.602628707885742,32.439998626708984,32.47999954223633,31.84000015258789,32.47999954223633,927200
2012-01-19,23.959144592285156,32.93000030517578,32.97999954223633,32.099998474121094,32.5,1150300
2012-01-20,23.930044174194336,32.88999938964844,33.150001525878906,32.599998474121094,32.849998474121094,970900
2012-01-23,23.937320709228516,32.900001525878906,33.130001068115234,32.41999816894531,32.959999084472656,732600
2012-01-24,23.7627010345459,32.65999984741211,32.7400016784668,32.209999084472656,32.7400016784668,663300
2012-01-25,23.937320709228516,32.900001525878906,32.90999984741211,32.310001373291016,32.689998626708984,623600
2012-01-26,24.30110740661621,33.400001525878906,33.4900016784668,33.02000045776367,33.09000015258789,1582400
2012-01-27,24.35203742980957,33.470001220703125,33.529998779296875,33.20000076293945,33.45000076293945,1026600
2012-01-30,24.424793243408203,33.56999969482422,33.56999969482422,32.91999816894531,33.16999816894531,995700
2012-01-31,24.54121208190918,33.72999954223633,33.939998626708984,33.43000030517578,33.849998474121094,1070800
2012-02-01,24.673072814941406,33.68000030517578,33.9900016784668,33.380001068115234,33.72999954223633,1170500
2012-02-02,24.69504737854004,33.709999084472656,33.88999938964844,33.369998931884766,33.75,1265100
2012-02-03,24.841567993164062,33.90999984741211,34.0,33.689998626708984,33.900001525878906,677100
2012-02-06,24.81226348876953,33.869998931884766,33.97999954223633,33.599998474121094,33.84000015258789,514000
2012-02-07,25.119945526123047,34.290000915527344,34.369998931884766,33.5099983215332,33.63999938964844,788400
2012-02-08,25.251806259155273,34.470001220703125,34.66999816894531,34.2400016784668,34.41999816894531,927700
2012-02-09,25.112619400024414,34.279998779296875,34.4900016784668,34.150001525878906,34.47999954223633,836200
2012-02-10,24.900169372558594,33.9900016784668,34.31999969482422,33.79999923706055,34.22999954223633,620200
2012-02-13,24.870868682861328,33.95000076293945,34.38999938964844,33.91999816894531,34.06999969482422,839400
2012-02-14,24.892847061157227,33.97999954223633,34.04999923706055,33.689998626708984,33.970001220703125,771800
2012-02-15,24.66573715209961,33.66999816894531,34.22999954223633,33.400001525878906,34.0,1222300
2012-02-16,24.980745315551758,34.099998474121094,34.150001525878906,33.630001068115234,33.650001525878906,643300
2012-02-17,24.7756290435791,33.81999969482422,34.470001220703125,33.79999923706055,34.27000045776367,933400
2012-02-21,24.54120445251465,33.5,33.90999984741211,33.45000076293945,33.81999969482422,770300
2012-02-22,24.658416748046875,33.65999984741211,33.810001373291016,33.41999816894531,33.54999923706055,596600
2012-02-23,24.995405197143555,34.119998931884766,34.2400016784668,33.41999816894531,33.61000061035156,716100
2012-02-24,24.848888397216797,33.91999816894531,34.150001525878906,33.56999969482422,34.02000045776367,1087400
2012-02-27,24.834232330322266,33.900001525878906,34.38999938964844,33.66999816894531,33.709999084472656,1119700
2012-02-28,24.709705352783203,33.72999954223633,34.20000076293945,33.61000061035156,34.18000030517578,1320200
2012-02-29,25.112619400024414,34.279998779296875,34.34000015258789,33.5,33.7599983215332,3400300
2012-03-01,25.046688079833984,34.189998626708984,34.45000076293945,33.93000030517578,34.43000030517578,1221900
2012-03-02,24.81959342956543,33.880001068115234,34.0099983215332,33.130001068115234,33.25,1362500
2012-03-05,24.95877456665039,34.06999969482422,34.150001525878906,33.54999923706055,33.849998474121094,879400
2012-03-06,24.58516502380371,33.560001373291016,34.0,33.400001525878906,33.90999984741211,916100
2012-03-07,24.856218338012695,33.93000030517578,34.0,33.31999969482422,33.58000183105469,964600
2012-03-08,24.80493927001953,33.86000061035156,34.04999923706055,33.689998626708984,34.0099983215332,802500
2012-03-09,24.922143936157227,34.02000045776367,34.02000045776367,33.66999816894531,33.810001373291016,600000
2012-03-12,24.980745315551758,34.099998474121094,34.25,33.95000076293945,34.04999923706055,886400
2012-03-13,25.193193435668945,34.38999938964844,34.400001525878906,34.02000045776367,34.25,783100
2012-03-14,24.900169372558594,33.9900016784668,34.400001525878906,33.810001373291016,34.29999923706055,603400
2012-03-15,24.86353874206543,33.939998626708984,34.279998779296875,33.72999954223633,33.90999984741211,665900
2012-03-16,24.760982513427734,33.79999923706055,34.0,33.650001525878906,33.939998626708984,1123300
2012-03-19,24.460628509521484,33.38999938964844,33.91999816894531,33.34000015258789,33.70000076293945,880600
2012-03-20,24.48992156982422,33.43000030517578,33.61000061035156,33.209999084472656,33.2599983215332,502800
2012-03-21,24.50458335876465,33.45000076293945,33.599998474121094,33.34000015258789,33.5,581000
2012-03-22,24.53388786315918,33.4900016784668,33.52000045776367,33.11000061035156,33.38999938964844,855400
2012-03-23,24.64377212524414,33.63999938964844,33.720001220703125,33.349998474121094,33.45000076293945,581100
2012-03-26,24.922143936157227,34.02000045776367,34.04999923706055,33.7400016784668,33.77000045776367,607600
2012-03-27,24.93680191040039,34.040000915527344,34.099998474121094,33.849998474121094,34.0099983215332,581200
2012-03-28,24.7390193939209,33.77000045776367,34.0,33.54999923706055,33.849998474121094,525900
2012-03-29,24.995405197143555,34.119998931884766,34.220001220703125,33.540000915527344,33.70000076293945,983600
2012-03-30,24.929471969604492,34.029998779296875,34.189998626708984,33.95000076293945,34.09000015258789,837900
2012-04-02,25.163896560668945,34.349998474121094,34.439998626708984,33.95000076293945,34.09000015258789,736800
2012-04-03,25.229827880859375,34.439998626708984,34.5099983215332,34.119998931884766,34.220001220703125,814300
2012-04-04,24.870868682861328,33.95000076293945,34.290000915527344,33.900001525878906,34.150001525878906,1143400
2012-04-05,24.768306732177734,33.810001373291016,34.0,33.689998626708984,33.86000061035156,749600
2012-04-09,24.54120445251465,33.5,33.599998474121094,33.38999938964844,33.41999816894531,545300
2012-04-10,24.22620964050293,33.06999969482422,33.599998474121094,32.91999816894531,33.52000045776367,1029300
2012-04-11,24.248184204101562,33.099998474121094,33.43000030517578,33.06999969482422,33.31999969482422,800400
2012-04-12,24.445972442626953,33.369998931884766,33.38999938964844,32.97999954223633,33.119998931884766,465000
2012-04-13,24.211549758911133,33.04999923706055,33.59000015258789,33.029998779296875,33.349998474121094,890600
2012-04-16,24.22620964050293,33.06999969482422,33.2599983215332,32.97999954223633,33.04999923706055,1073900
2012-04-17,24.445972442626953,33.369998931884766,33.52000045776367,33.0099983215332,33.11000061035156,913300
2012-04-18,24.59351348876953,33.34000015258789,33.650001525878906,32.83000183105469,33.119998931884766,1227900
2012-04-19,24.578752517700195,33.31999969482422,33.540000915527344,33.18000030517578,33.34000015258789,538600
2012-04-20,24.910709381103516,33.77000045776367,33.88999938964844,33.369998931884766,33.43000030517578,810400
2012-04-23,24.46072769165039,33.15999984741211,33.630001068115234,32.97999954223633,33.540000915527344,785600
2012-04-24,24.83692741394043,33.66999816894531,33.66999816894531,33.27000045776367,33.290000915527344,825700
2012-04-25,25.08774757385254,34.0099983215332,34.029998779296875,33.66999816894531,33.880001068115234,549000
2012-04-26,25.27214241027832,34.2599983215332,34.29999923706055,33.810001373291016,33.91999816894531,583900
2012-04-27,25.508201599121094,34.58000183105469,34.65999984741211,34.16999816894531,34.25,588300
2012-04-30,25.25740623474121,34.2400016784668,34.54999923706055,34.040000915527344,34.47999954223633,1184300
2012-05-01,25.42706298828125,34.470001220703125,34.88999938964844,34.18000030517578,34.34000015258789,849300
2012-05-02,25.309036254882812,34.310001373291016,34.61000061035156,34.040000915527344,34.40999984741211,816100
2012-05-03,25.154115676879883,34.099998474121094,34.77000045776367,34.099998474121094,34.439998626708984,995000
2012-05-04,25.154115676879883,34.099998474121094,34.439998626708984,33.900001525878906,34.150001525878906,1048000
2012-05-07,25.08774757385254,34.0099983215332,34.040000915527344,33.66999816894531,34.0,1079900
2012-05-08,24.984460830688477,33.869998931884766,33.970001220703125,33.61000061035156,33.75,976900
2012-05-09,25.10248565673828,34.029998779296875,34.18000030517578,33.52000045776367,33.83000183105469,826300
2012-05-10,25.353300094604492,34.369998931884766,34.54999923706055,34.11000061035156,34.189998626708984,799800
2012-05-11,25.323776245117188,34.33000183105469,34.540000915527344,34.0099983215332,34.189998626708984,632800
2012-05-14,24.97709083557129,33.86000061035156,34.189998626708984,33.790000915527344,34.08000183105469,688700
2012-05-15,24.92545509338379,33.790000915527344,34.0,33.65999984741211,33.849998474121094,644900
2012-05-16,24.89594841003418,33.75,33.9900016784668,33.7400016784668,33.900001525878906,473500
2012-05-17,24.541873931884766,33.27000045776367,33.709999084472656,33.2599983215332,33.630001068115234,531700
2012-05-18,24.35008430480957,33.0099983215332,33.41999816894531,32.95000076293945,33.2599983215332,821600
2012-05-21,24.475486755371094,33.18000030517578,33.25,32.77000045776367,33.08000183105469,857200
2012-05-22,24.6967716217041,33.47999954223633,33.630001068115234,33.099998474121094,33.290000915527344,772400
2012-05-23,24.711528778076172,33.5,33.5099983215332,33.130001068115234,33.310001373291016,957000
2012-05-24,25.25740623474121,34.2400016784668,34.2599983215332,33.5,33.619998931884766,770200
2012-05-25,25.12462043762207,34.060001373291016,34.2400016784668,34.029998779296875,34.2400016784668,383200
2012-05-29,25.323776245117188,34.33000183105469,34.380001068115234,34.08000183105469,34.27000045776367,416700
2012-05-30,25.07298469543457,33.9900016784668,34.40999984741211,33.93000030517578,34.189998626708984,609100
2012-05-31,25.23526954650879,34.209999084472656,34.400001525878906,33.91999816894531,34.11000061035156,585900
2012-06-01,25.198392868041992,34.15999984741211,34.720001220703125,33.83000183105469,33.970001220703125,1144200
2012-06-04,24.984460830688477,33.869998931884766,34.290000915527344,33.77000045776367,34.25,853900
2012-06-05,25.22789764404297,34.20000076293945,34.25,33.709999084472656,33.849998474121094,657700
2012-06-06,25.78114128112793,34.95000076293945,34.97999954223633,34.220001220703125,34.41999816894531,713000
2012-06-07,25.31641387939453,34.31999969482422,35.0,34.29999923706055,35.0,985300
2012-06-08,25.31641387939453,34.31999969482422,34.369998931884766,34.040000915527344,34.189998626708984,1487300
2012-06-11,24.954957962036133,33.83000183105469,34.4900016784668,33.79999923706055,34.4900016784668,720000
2012-06-12,25.07298469543457,33.9900016784668,34.02000045776367,33.709999084472656,33.90999984741211,775800
2012-06-13,24.932825088500977,33.79999923706055,34.029998779296875,33.66999816894531,33.970001220703125,921800
2012-06-14,25.065610885620117,33.97999954223633,34.130001068115234,33.849998474121094,33.90999984741211,735000
2012-06-15,24.859060287475586,33.70000076293945,33.97999954223633,33.619998931884766,33.88999938964844,1185100
2012-06-18,25.006591796875,33.900001525878906,34.0099983215332,33.56999969482422,33.790000915527344,619800
2012-06-19,24.940208435058594,33.810001373291016,34.20000076293945,33.7599983215332,34.06999969482422,852100
2012-06-20,24.748414993286133,33.54999923706055,33.79999923706055,33.380001068115234,33.7599983215332,939600
2012-06-21,24.68202781677246,33.459999084472656,33.93000030517578,33.459999084472656,33.75,745400
2012-06-22,24.59351348876953,33.34000015258789,33.65999984741211,33.310001373291016,33.4900016784668,1131800
2012-06-25,24.46072769165039,33.15999984741211,33.2599983215332,32.75,33.13999938964844,674400
2012-06-26,24.56399917602539,33.29999923706055,33.41999816894531,33.040000915527344,33.20000076293945,814700
2012-06-27,24.918073654174805,33.779998779296875,33.90999984741211,33.33000183105469,33.41999816894531,561500
2012-06-28,25.10248565673828,34.029998779296875,34.040000915527344,33.529998779296875,33.61000061035156,553400
2012-06-29,25.286903381347656,34.279998779296875,34.599998474121094,34.06999969482422,34.52000045776367,1024000
2012-07-02,25.5745906829834,34.66999816894531,34.7400016784668,34.29999923706055,34.380001068115234,766800
2012-07-03,25.871795654296875,34.81999969482422,34.81999969482422,34.04999923706055,34.400001525878906,491500
2012-07-05,25.797496795654297,34.720001220703125,34.81999969482422,34.43000030517578,34.81999969482422,465000
2012-07-06,25.790063858032227,34.709999084472656,34.81999969482422,34.5,34.709999084472656,808800
2012-07-09,25.879236221313477,34.83000183105469,34.90999984741211,34.61000061035156,34.63999938964844,418800
2012-07-10,26.05013084411621,35.060001373291016,35.29999923706055,34.91999816894531,35.0,790700
2012-07-11,25.931238174438477,34.900001525878906,35.18000030517578,34.66999816894531,35.18000030517578,611400
2012-07-12,25.946102142333984,34.91999816894531,35.08000183105469,34.70000076293945,34.75,458900
2012-07-13,26.377052307128906,35.5,35.5,34.939998626708984,35.0,553400
2012-07-16,26.339895248413086,35.45000076293945,35.5,35.18000030517578,35.5,557400
2012-07-17,26.451356887817383,35.599998474121094,35.81999969482422,35.31999969482422,35.5,658100
2012-07-18,26.74113655090332,35.9900016784668,36.0,35.45000076293945,35.54999923706055,796200
2012-07-19,26.696552276611328,35.93000030517578,36.0,35.66999816894531,36.0,300500
2012-07-20,26.800565719604492,36.06999969482422,36.150001525878906,35.720001220703125,35.79999923706055,482400
2012-07-23,26.993757247924805,36.33000183105469,36.439998626708984,35.5099983215332,35.869998931884766,860200
2012-07-24,26.94174575805664,36.2599983215332,36.31999969482422,35.95000076293945,36.31999969482422,583800
2012-07-25,26.481077194213867,35.63999938964844,36.349998474121094,35.56999969482422,36.31999969482422,689000
2012-07-26,26.68910789489746,35.91999816894531,36.11000061035156,35.5,35.900001525878906,652300
2012-07-27,27.21666145324707,36.630001068115234,36.72999954223633,36.0,36.15999984741211,1139500
2012-07-30,27.276103973388672,36.709999084472656,36.959999084472656,36.4900016784668,36.599998474121094,546200
2012-07-31,26.934316635131836,36.25,36.7400016784668,36.220001220703125,36.630001068115234,772400
2012-08-01,26.934316635131836,36.25,37.0,36.15999984741211,36.36000061035156,942800
2012-08-02,26.934316635131836,36.25,36.439998626708984,35.95000076293945,36.310001373291016,757700
2012-08-03,27.952251434326172,37.619998931884766,39.380001068115234,36.459999084472656,37.52000045776367,1175000
2012-08-06,28.35347557067871,38.15999984741211,38.38999938964844,37.709999084472656,37.90999984741211,932100
2012-08-07,28.15285873413086,37.88999938964844,38.4900016784668,37.869998931884766,38.34000015258789,839800
2012-08-08,27.647613525390625,37.209999084472656,37.83000183105469,36.900001525878906,37.75,1506100
2012-08-09,28.137996673583984,37.869998931884766,37.9900016784668,37.27000045776367,37.29999923706055,1110900
2012-08-10,28.07855224609375,37.790000915527344,38.0,37.689998626708984,37.97999954223633,929100
2012-08-13,28.17514991760254,37.91999816894531,37.9900016784668,37.619998931884766,37.88999938964844,562900
2012-08-14,28.31632423400879,38.11000061035156,38.220001220703125,37.849998474121094,37.849998474121094,750300
2012-08-15,28.49464988708496,38.349998474121094,38.38999938964844,38.15999984741211,38.20000076293945,792000
2012-08-16,28.25687599182129,38.029998779296875,38.4900016784668,37.83000183105469,38.349998474121094,1185700
2012-08-17,28.071125030517578,37.779998779296875,38.09000015258789,37.70000076293945,38.040000915527344,757400
2012-08-20,27.86307144165039,37.5,37.900001525878906,37.150001525878906,37.7599983215332,1065900
2012-08-21,27.669898986816406,37.2400016784668,37.779998779296875,37.220001220703125,37.54999923706055,946800
2012-08-22,27.729333877563477,37.31999969482422,37.41999816894531,37.02000045776367,37.11000061035156,810500
2012-08-23,27.655046463012695,37.220001220703125,37.310001373291016,36.970001220703125,37.29999923706055,812300
2012-08-24,27.781339645385742,37.38999938964844,37.4900016784668,37.13999938964844,37.20000076293945,498600
2012-08-27,27.788772583007812,37.400001525878906,37.560001373291016,37.25,37.38999938964844,369200
2012-08-28,27.84078598022461,37.470001220703125,37.599998474121094,37.27000045776367,37.45000076293945,432100
2012-08-29,27.75905418395996,37.36000061035156,37.630001068115234,37.27000045776367,37.470001220703125,521800
2012-08-30,27.48413848876953,36.9900016784668,37.38999938964844,36.95000076293945,37.29999923706055,581300
2012-08-31,27.394977569580078,36.869998931884766,37.220001220703125,36.81999969482422,37.099998474121094,819600
2012-09-04,27.77391242980957,37.380001068115234,37.529998779296875,36.81999969482422,37.0,772800
2012-09-05,27.439558029174805,36.93000030517578,37.31999969482422,36.720001220703125,37.25,881800
2012-09-06,27.996826171875,37.68000030517578,37.68000030517578,37.06999969482422,37.119998931884766,896900
2012-09-07,27.699615478515625,37.279998779296875,37.7400016784668,37.130001068115234,37.689998626708984,1205700
2012-09-10,27.721906661987305,37.310001373291016,37.5,37.16999816894531,37.400001525878906,858800
2012-09-11,27.781339645385742,37.38999938964844,37.45000076293945,37.15999984741211,37.27000045776367,681200
2012-09-12,27.699615478515625,37.279998779296875,37.86000061035156,37.15999984741211,37.86000061035156,733600
2012-09-13,27.632740020751953,37.189998626708984,37.400001525878906,37.0,37.400001525878906,1205700
2012-09-14,26.64453887939453,35.86000061035156,37.150001525878906,35.810001373291016,37.150001525878906,2250200
2012-09-17,26.481077194213867,35.63999938964844,36.09000015258789,35.54999923706055,35.849998474121094,1254000
2012-09-18,26.830286026000977,36.11000061035156,36.150001525878906,35.5,35.5,1048100
2012-09-19,27.023469924926758,36.369998931884766,36.540000915527344,36.130001068115234,36.25,788800
2012-09-20,27.276103973388672,36.709999084472656,36.939998626708984,36.5099983215332,36.790000915527344,1240800
2012-09-21,27.35040283203125,36.810001373291016,37.150001525878906,36.70000076293945,36.779998779296875,831700
2012-09-24,27.707048416137695,37.290000915527344,37.400001525878906,36.70000076293945,36.70000076293945,759300
2012-09-25,27.4915771484375,37.0,37.5,36.91999816894531,37.27000045776367,738900
2012-09-26,27.342973709106445,36.79999923706055,37.16999816894531,36.68000030517578,37.040000915527344,698200
2012-09-27,27.417274475097656,36.900001525878906,36.91999816894531,36.439998626708984,36.77000045776367,664800
2012-09-28,27.536155700683594,37.060001373291016,37.099998474121094,36.68000030517578,36.83000183105469,643800
2012-10-01,27.26866912841797,36.70000076293945,37.13999938964844,36.52000045776367,36.97999954223633,628900
2012-10-02,27.357830047607422,36.81999969482422,37.18000030517578,36.560001373291016,36.93000030517578,669600
2012-10-03,27.476715087890625,36.97999954223633,37.09000015258789,36.689998626708984,36.849998474121094,562000
2012-10-04,27.62531089782715,37.18000030517578,37.29999923706055,36.86000061035156,37.060001373291016,609500
2012-10-05,27.669898986816406,37.2400016784668,37.40999984741211,37.060001373291016,37.279998779296875,361500
2012-10-08,27.610445022583008,37.15999984741211,37.189998626708984,36.959999084472656,37.11000061035156,302900
2012-10-09,27.305816650390625,36.75,37.29999923706055,36.52000045776367,37.22999954223633,532900
2012-10-10,27.335538864135742,36.790000915527344,37.040000915527344,36.5099983215332,36.650001525878906,532700
2012-10-11,27.238941192626953,36.65999984741211,37.02000045776367,36.540000915527344,37.02000045776367,617800
2012-10-12,26.986318588256836,36.31999969482422,36.77000045776367,36.18000030517578,36.58000183105469,776900
2012-10-15,26.897157669067383,36.20000076293945,36.38999938964844,36.06999969482422,36.380001068115234,714200
2012-10-16,26.978897094726562,36.310001373291016,36.45000076293945,36.0,36.369998931884766,929500
2012-10-17,27.7144718170166,37.29999923706055,37.380001068115234,36.31999969482422,36.470001220703125,734600
2012-10-18,27.692182540893555,37.27000045776367,37.43000030517578,37.060001373291016,37.290000915527344,616100
2012-10-19,27.699615478515625,37.279998779296875,37.40999984741211,37.0,37.150001525878906,869000
2012-10-22,27.4915771484375,37.0,37.45000076293945,36.9900016784668,37.349998474121094,1139400
2012-10-23,27.120065689086914,36.5,36.970001220703125,36.369998931884766,36.849998474121094,1080800
2012-10-24,27.29096221923828,36.72999954223633,36.91999816894531,36.18000030517578,36.470001220703125,626900
2012-10-25,27.313255310058594,36.7599983215332,36.939998626708984,36.54999923706055,36.869998931884766,568300
2012-10-26,27.238941192626953,36.65999984741211,36.79999923706055,36.47999954223633,36.70000076293945,463200
2012-10-31,27.29838752746582,36.7400016784668,36.880001068115234,36.290000915527344,36.5,801600
2012-11-01,27.186935424804688,36.59000015258789,36.93000030517578,36.2599983215332,36.79999923706055,683700
2012-11-02,27.120065689086914,36.5,36.869998931884766,36.43000030517578,36.81999969482422,554100
2012-11-05,27.120065689086914,36.5,36.75,36.04999923706055,36.400001525878906,410800
2012-11-06,27.67732810974121,37.25,37.34000015258789,36.310001373291016,36.529998779296875,677900
2012-11-07,27.15720558166504,36.54999923706055,37.20000076293945,36.400001525878906,37.20000076293945,1087000
2012-11-08,27.120065689086914,36.5,37.25,36.220001220703125,36.439998626708984,642100
2012-11-09,27.15720558166504,36.54999923706055,36.75,36.22999954223633,36.369998931884766,632100
2012-11-12,27.134933471679688,36.52000045776367,36.75,36.20000076293945,36.619998931884766,545400
2012-11-13,27.26866912841797,36.70000076293945,37.029998779296875,36.220001220703125,36.2400016784668,567000
2012-11-14,27.31355094909668,36.5099983215332,36.70000076293945,35.95000076293945,36.47999954223633,1169800
2012-11-15,27.40333366394043,36.630001068115234,36.7599983215332,36.43000030517578,36.59000015258789,1768700
2012-11-16,27.702571868896484,37.029998779296875,37.25,36.5099983215332,36.650001525878906,1306000
2012-11-19,27.672643661499023,36.9900016784668,37.459999084472656,36.880001068115234,37.45000076293945,712700
2012-11-20,27.889598846435547,37.279998779296875,37.310001373291016,36.86000061035156,36.86000061035156,859800
2012-11-21,27.882116317749023,37.27000045776367,37.5,36.93000030517578,37.38999938964844,791700
2012-11-23,27.784860610961914,37.13999938964844,37.5,36.880001068115234,37.209999084472656,382300
2012-11-26,27.979372024536133,37.400001525878906,37.5,36.970001220703125,36.970001220703125,953500
2012-11-27,28.09159278869629,37.54999923706055,37.70000076293945,37.08000183105469,37.290000915527344,751000
2012-11-28,28.271133422851562,37.790000915527344,37.90999984741211,37.119998931884766,37.31999969482422,699100
2012-11-29,28.42076873779297,37.9900016784668,38.130001068115234,37.56999969482422,37.77000045776367,638000
2012-11-30,28.555419921875,38.16999816894531,38.2599983215332,37.849998474121094,38.13999938964844,1046800
2012-12-03,28.398319244384766,37.959999084472656,38.16999816894531,37.779998779296875,37.779998779296875,659400
2012-12-04,28.405799865722656,37.970001220703125,38.150001525878906,37.81999969482422,38.09000015258789,621400
2012-12-05,28.368396759033203,37.91999816894531,37.970001220703125,37.2400016784668,37.880001068115234,1062600
2012-12-06,28.143964767456055,37.619998931884766,38.0,37.33000183105469,38.0,916800
2012-12-07,28.24869155883789,37.7599983215332,37.88999938964844,37.459999084472656,37.720001220703125,544000
2012-12-10,28.480609893798828,38.06999969482422,38.189998626708984,37.709999084472656,37.869998931884766,639900
2012-12-11,28.368396759033203,37.91999816894531,38.2400016784668,37.650001525878906,38.16999816894531,728600
2012-12-12,28.555419921875,38.16999816894531,38.5,37.939998626708984,38.11000061035156,974400
2012-12-13,28.26365852355957,37.779998779296875,38.15999984741211,37.619998931884766,38.130001068115234,781900
2012-12-14,28.016773223876953,37.45000076293945,37.83000183105469,37.36000061035156,37.689998626708984,723200
2012-12-17,28.44320297241211,38.02000045776367,38.06999969482422,37.310001373291016,37.54999923706055,1106300
2012-12-18,28.428144454956055,37.75,38.119998931884766,37.58000183105469,37.81999969482422,922800
2012-12-19,28.074203491210938,37.279998779296875,37.77000045776367,37.150001525878906,37.68000030517578,1562300
2012-12-20,27.96125030517578,37.130001068115234,37.349998474121094,37.0,37.279998779296875,1098300
2012-12-21,27.901002883911133,37.04999923706055,37.290000915527344,36.66999816894531,36.93000030517578,2558300
2012-12-24,28.08173179626465,37.290000915527344,37.40999984741211,36.7599983215332,36.97999954223633,342500
2012-12-26,27.765439987182617,36.869998931884766,37.29999923706055,36.7400016784668,37.29999923706055,698200
2012-12-27,27.712732315063477,36.79999923706055,37.09000015258789,36.56999969482422,36.810001373291016,762800
2012-12-28,27.66755485534668,36.7400016784668,37.029998779296875,36.619998931884766,36.84000015258789,605500
2012-12-31,27.96125030517578,37.130001068115234,37.2400016784668,36.560001373291016,36.779998779296875,947800
2013-01-02,28.616397857666016,38.0,38.0,37.5,37.66999816894531,1099100
2013-01-03,28.69924545288086,38.11000061035156,38.22999954223633,37.790000915527344,38.119998931884766,945500
2013-01-04,28.72183609008789,38.13999938964844,38.2599983215332,38.0,38.060001373291016,820000
2013-01-07,28.232332229614258,37.4900016784668,38.040000915527344,37.43000030517578,38.0,1046200
2013-01-08,28.111854553222656,37.33000183105469,37.66999816894531,37.29999923706055,37.439998626708984,1001400
2013-01-09,28.179636001586914,37.41999816894531,37.540000915527344,37.29999923706055,37.40999984741211,843500
2013-01-10,28.32271957397461,37.61000061035156,37.959999084472656,37.439998626708984,37.560001373291016,831300
2013-01-11,28.87997817993164,38.349998474121094,38.400001525878906,37.650001525878906,37.66999816894531,739200
2013-01-14,28.56368064880371,37.93000030517578,38.33000183105469,37.790000915527344,38.31999969482422,872000
2013-01-15,28.48837661743164,37.83000183105469,37.95000076293945,37.70000076293945,37.810001373291016,712300
2013-01-16,28.375423431396484,37.68000030517578,37.86000061035156,37.369998931884766,37.70000076293945,660900
2013-01-17,28.428144454956055,37.75,37.869998931884766,37.540000915527344,37.810001373291016,711000
2013-01-18,28.54863739013672,37.90999984741211,37.9900016784668,37.7400016784668,37.869998931884766,681200
2013-01-22,28.819732666015625,38.27000045776367,38.5,37.869998931884766,38.09000015258789,626300
2013-01-23,28.872440338134766,38.34000015258789,38.38999938964844,38.09000015258789,38.13999938964844,481100
2013-01-24,29.060705184936523,38.59000015258789,38.689998626708984,38.04999923706055,38.290000915527344,699400
2013-01-25,28.164573669433594,37.400001525878906,38.900001525878906,36.959999084472656,38.540000915527344,3729200
2013-01-28,28.458267211914062,37.790000915527344,37.95000076293945,37.15999984741211,37.45000076293945,1748200
2013-01-29,29.007997512817383,38.52000045776367,38.58000183105469,37.849998474121094,37.849998474121094,2125100
2013-01-30,28.96281623840332,38.459999084472656,38.75,38.29999923706055,38.5,1384100
2013-01-31,28.82726287841797,38.279998779296875,38.59000015258789,38.22999954223633,38.33000183105469,1012700
2013-02-01,28.925174713134766,38.40999984741211,38.65999984741211,38.31999969482422,38.52000045776367,1061200
2013-02-04,28.669116973876953,38.06999969482422,38.369998931884766,38.060001373291016,38.16999816894531,869200
2013-02-05,28.654064178466797,38.04999923706055,38.290000915527344,38.040000915527344,38.279998779296875,1033600
2013-02-06,29.02306365966797,38.540000915527344,38.560001373291016,38.04999923706055,38.06999969482422,1210600
2013-02-07,29.361936569213867,38.9900016784668,39.33000183105469,38.459999084472656,38.900001525878906,830200
2013-02-08,29.505033493041992,39.18000030517578,39.22999954223633,38.79999923706055,38.9900016784668,587000
2013-02-11,29.399595260620117,39.040000915527344,39.349998474121094,38.95000076293945,39.15999984741211,625700
2013-02-12,29.535139083862305,39.220001220703125,39.29999923706055,38.88999938964844,39.0099983215332,476300
2013-02-13,29.678224563598633,39.40999984741211,39.5,39.20000076293945,39.459999084472656,462000
2013-02-14,29.48244285583496,39.150001525878906,39.43000030517578,39.09000015258789,39.29999923706055,353400
2013-02-15,29.497486114501953,39.16999816894531,39.189998626708984,38.86000061035156,39.099998474121094,593100
2013-02-19,29.93426513671875,39.75,39.75,39.150001525878906,39.2400016784668,825600
2013-02-20,29.76859474182129,39.529998779296875,39.83000183105469,39.470001220703125,39.560001373291016,654900
2013-02-21,29.708356857299805,39.45000076293945,39.83000183105469,39.279998779296875,39.470001220703125,496800
2013-02-22,29.98697853088379,39.81999969482422,39.83000183105469,39.380001068115234,39.5099983215332,483200
2013-02-25,29.550207138061523,39.2400016784668,39.97999954223633,39.220001220703125,39.90999984741211,880700
2013-02-26,29.693288803100586,39.43000030517578,39.7400016784668,39.20000076293945,39.36000061035156,706600
2013-02-27,29.648107528686523,39.369998931884766,39.630001068115234,38.70000076293945,39.58000183105469,793000
2013-02-28,29.708356857299805,39.45000076293945,39.61000061035156,39.25,39.349998474121094,1055400
2013-03-01,29.798721313476562,39.56999969482422,39.900001525878906,39.16999816894531,39.5099983215332,989300
2013-03-04,30.32587242126465,40.27000045776367,40.27000045776367,39.47999954223633,39.650001525878906,1023200
2013-03-05,30.303279876708984,40.2400016784668,40.689998626708984,40.16999816894531,40.459999084472656,1178000
2013-03-06,30.167724609375,40.060001373291016,40.2400016784668,39.779998779296875,40.04999923706055,615300
2013-03-07,29.791179656982422,39.560001373291016,40.0099983215332,39.380001068115234,39.56999969482422,1227100
2013-03-08,30.205366134643555,40.11000061035156,40.15999984741211,39.470001220703125,39.5,689000
2013-03-11,30.393648147583008,40.36000061035156,40.459999084472656,39.95000076293945,40.20000076293945,855600
2013-03-12,30.220434188842773,40.130001068115234,40.470001220703125,39.9900016784668,40.45000076293945,1248600
2013-03-13,30.227964401245117,40.13999938964844,40.349998474121094,40.02000045776367,40.130001068115234,895700
2013-03-14,30.122528076171875,40.0,40.22999954223633,39.72999954223633,40.060001373291016,862400
2013-03-15,30.318340301513672,40.2599983215332,40.2599983215332,39.81999969482422,40.06999969482422,2386600
2013-03-18,30.288198471069336,40.220001220703125,40.25,39.79999923706055,39.81999969482422,677600
2013-03-19,30.431285858154297,40.40999984741211,40.45000076293945,40.150001525878906,40.25,499600
2013-03-20,30.64215087890625,40.689998626708984,40.88999938964844,40.439998626708984,40.5,625400
2013-03-21,30.58189582824707,40.61000061035156,40.79999923706055,40.11000061035156,40.5,569400
2013-03-22,30.702394485473633,40.77000045776367,41.0,40.43000030517578,40.61000061035156,529000
2013-03-25,30.777700424194336,40.869998931884766,41.2400016784668,40.54999923706055,40.91999816894531,804400
2013-03-26,30.837947845458984,40.95000076293945,41.099998474121094,40.86000061035156,40.970001220703125,914800
2013-03-27,30.898193359375,41.029998779296875,41.13999938964844,40.66999816894531,40.900001525878906,757100
2013-03-28,31.20694923400879,41.439998626708984,41.45000076293945,41.040000915527344,41.119998931884766,926600
2013-04-01,31.078908920288086,41.27000045776367,41.58000183105469,40.849998474121094,41.41999816894531,588400
2013-04-02,31.154220581054688,41.369998931884766,41.4900016784668,41.130001068115234,41.290000915527344,488000
2013-04-03,30.95843505859375,41.11000061035156,41.52000045776367,40.720001220703125,41.52000045776367,794200
2013-04-04,31.176803588867188,41.400001525878906,41.459999084472656,41.099998474121094,41.22999954223633,594600
2013-04-05,31.229536056518555,41.470001220703125,41.5,40.7599983215332,41.119998931884766,728000
2013-04-08,31.508167266845703,41.84000015258789,41.849998474121094,41.040000915527344,41.40999984741211,679600
2013-04-09,31.357563018798828,41.63999938964844,41.95000076293945,41.560001373291016,41.95000076293945,635900
2013-04-10,31.76422119140625,42.18000030517578,42.2400016784668,41.65999984741211,41.84000015258789,700100
2013-04-11,31.85456657409668,42.29999923706055,42.41999816894531,42.04999923706055,42.38999938964844,675900
2013-04-12,31.892229080200195,42.349998474121094,42.529998779296875,42.04999923706055,42.099998474121094,488500
2013-04-15,31.048803329467773,41.22999954223633,42.40999984741211,41.040000915527344,42.27000045776367,1019100
2013-04-16,31.83951187133789,42.279998779296875,42.34000015258789,41.349998474121094,41.38999938964844,853100
2013-04-17,31.568403244018555,41.91999816894531,42.20000076293945,41.369998931884766,42.060001373291016,922900
2013-04-18,31.500646591186523,41.83000183105469,42.18000030517578,41.599998474121094,42.0099983215332,919900
2013-04-19,31.636199951171875,42.0099983215332,42.349998474121094,41.779998779296875,41.91999816894531,656400
2013-04-22,31.327428817749023,41.599998474121094,41.9900016784668,41.36000061035156,41.970001220703125,651700
2013-04-23,30.99608612060547,41.15999984741211,41.66999816894531,40.959999084472656,41.529998779296875,1117700
2013-04-24,30.98855972290039,41.150001525878906,41.65999984741211,40.970001220703125,41.58000183105469,1244500
2013-04-25,31.169292449951172,41.38999938964844,41.529998779296875,41.099998474121094,41.15999984741211,694100
2013-04-26,30.99608612060547,41.15999984741211,41.540000915527344,41.060001373291016,41.16999816894531,677400
2013-04-29,31.139183044433594,41.349998474121094,41.52000045776367,41.09000015258789,41.2599983215332,516400
2013-04-30,31.538297653198242,41.880001068115234,41.880001068115234,41.20000076293945,41.369998931884766,939800
2013-05-01,31.447927474975586,41.7599983215332,42.25,41.619998931884766,41.7400016784668,822100
2013-05-02,31.726564407348633,42.130001068115234,42.22999954223633,41.79999923706055,41.869998931884766,709300
2013-05-03,31.538297653198242,41.880001068115234,42.43000030517578,41.880001068115234,42.29999923706055,613900
2013-05-06,31.380151748657227,41.66999816894531,41.880001068115234,41.56999969482422,41.75,778200
2013-05-07,31.613584518432617,41.97999954223633,42.099998474121094,41.380001068115234,41.54999923706055,965800
2013-05-08,31.42534065246582,41.72999954223633,41.77000045776367,40.79999923706055,40.97999954223633,959400
2013-05-09,31.538297653198242,41.880001068115234,43.09000015258789,41.849998474121094,42.20000076293945,1511600
2013-05-10,31.6512508392334,42.029998779296875,42.560001373291016,41.869998931884766,42.5,776000
2013-05-13,31.613584518432617,41.97999954223633,42.060001373291016,41.599998474121094,41.77000045776367,860800
2013-05-14,31.960004806518555,42.439998626708984,42.689998626708984,41.95000076293945,41.95000076293945,972200
2013-05-15,32.1859245300293,42.7400016784668,42.7599983215332,42.38999938964844,42.38999938964844,1234800
2013-05-16,32.00518035888672,42.5,42.90999984741211,42.459999084472656,42.79999923706055,642900
2013-05-17,32.13320541381836,42.66999816894531,42.83000183105469,42.43000030517578,42.66999816894531,507000
2013-05-20,32.17087173461914,42.720001220703125,42.720001220703125,42.380001068115234,42.5099983215332,851700
2013-05-21,32.14826583862305,42.689998626708984,42.97999954223633,42.58000183105469,42.68000030517578,1268700
2013-05-22,31.860218048095703,42.029998779296875,42.599998474121094,42.0,42.54999923706055,1453800
2013-05-23,31.685861587524414,41.79999923706055,42.02000045776367,41.25,41.72999954223633,1124600
2013-05-24,31.3295955657959,41.33000183105469,41.779998779296875,41.27000045776367,41.7400016784668,803100
2013-05-28,31.534265518188477,41.599998474121094,42.099998474121094,41.41999816894531,41.56999969482422,799500
2013-05-29,31.026386260986328,40.93000030517578,41.59000015258789,40.72999954223633,41.5099983215332,1431500
2013-05-30,31.011213302612305,40.90999984741211,41.529998779296875,40.90999984741211,40.93000030517578,777100
2013-05-31,30.275911331176758,39.939998626708984,41.04999923706055,39.90999984741211,40.86000061035156,1475200
2013-06-03,30.556392669677734,40.310001373291016,40.77000045776367,39.869998931884766,40.060001373291016,891800
2013-06-04,30.177391052246094,39.810001373291016,40.4900016784668,39.52000045776367,40.279998779296875,1033600
2013-06-05,30.025781631469727,39.61000061035156,39.86000061035156,39.16999816894531,39.63999938964844,1026100
2013-06-06,30.336572647094727,40.02000045776367,40.060001373291016,39.45000076293945,39.65999984741211,755100
2013-06-07,30.222867965698242,39.869998931884766,40.29999923706055,39.459999084472656,40.08000183105469,854300
2013-06-10,30.184959411621094,39.81999969482422,39.95000076293945,39.5,39.900001525878906,595200
2013-06-11,30.215286254882812,39.86000061035156,39.959999084472656,39.5099983215332,39.54999923706055,813600
2013-06-12,30.692853927612305,40.4900016784668,40.720001220703125,40.290000915527344,40.29999923706055,1825700
2013-06-13,30.988473892211914,40.880001068115234,40.9900016784668,40.2599983215332,40.400001525878906,1075700
2013-06-14,31.08702278137207,41.0099983215332,41.0099983215332,40.63999938964844,40.7400016784668,752700
2013-06-17,31.11734962463379,41.04999923706055,41.560001373291016,40.95000076293945,41.189998626708984,1338600
2013-06-18,31.20073127746582,41.15999984741211,41.369998931884766,41.0,41.119998931884766,940100
2013-06-19,30.806550979614258,40.63999938964844,41.31999969482422,40.599998474121094,41.220001220703125,856100
2013-06-20,29.995454788208008,39.56999969482422,40.43000030517578,39.41999816894531,40.18000030517578,787200
2013-06-21,29.904495239257812,39.45000076293945,39.849998474121094,38.95000076293945,39.66999816894531,1268700
2013-06-24,29.8665828704834,39.400001525878906,39.63999938964844,38.90999984741211,39.0,777000
2013-06-25,30.41996192932129,40.130001068115234,40.33000183105469,39.630001068115234,39.68000030517578,846000
2013-06-26,30.51850700378418,40.2599983215332,40.61000061035156,40.2400016784668,40.33000183105469,487000
2013-06-27,30.67010498046875,40.459999084472656,40.75,40.43000030517578,40.47999954223633,643900
2013-06-28,31.253793716430664,41.22999954223633,41.70000076293945,40.380001068115234,40.52000045776367,1527900
2013-07-01,30.306255340576172,39.97999954223633,41.4900016784668,39.790000915527344,41.290000915527344,1273400
2013-07-02,30.2456111907959,39.900001525878906,40.099998474121094,39.540000915527344,39.86000061035156,1530900
2013-07-03,30.67010498046875,40.459999084472656,40.470001220703125,39.63999938964844,39.88999938964844,933100
2013-07-05,30.54123306274414,40.290000915527344,40.869998931884766,40.0,40.5099983215332,468700
2013-07-08,31.08702278137207,41.0099983215332,41.2400016784668,40.310001373291016,40.470001220703125,694900
2013-07-09,31.428138732910156,41.459999084472656,41.52000045776367,40.83000183105469,41.33000183105469,618400
2013-07-10,31.647974014282227,41.75,41.779998779296875,41.33000183105469,41.459999084472656,638900
2013-07-11,31.738933563232422,41.869998931884766,42.29999923706055,41.459999084472656,42.11000061035156,776800
2013-07-12,31.80716323852539,41.959999084472656,42.060001373291016,41.349998474121094,41.779998779296875,686700
2013-07-15,32.436317443847656,42.790000915527344,42.81999969482422,41.900001525878906,42.029998779296875,701900
2013-07-16,32.08005905151367,42.31999969482422,42.900001525878906,42.25,42.7400016784668,813300
2013-07-17,31.920867919921875,42.11000061035156,42.63999938964844,42.06999969482422,42.54999923706055,503200
2013-07-18,32.08005905151367,42.31999969482422,42.40999984741211,41.900001525878906,42.099998474121094,837900
2013-07-19,32.292293548583984,42.599998474121094,42.779998779296875,42.099998474121094,42.220001220703125,524200
2013-07-22,32.67890167236328,43.11000061035156,43.220001220703125,42.5099983215332,42.54999923706055,675300
2013-07-23,32.974525451660156,43.5,43.720001220703125,42.95000076293945,43.189998626708984,625500
2013-07-24,32.45907974243164,42.81999969482422,43.709999084472656,42.650001525878906,43.709999084472656,661900
2013-07-25,32.580360412597656,42.97999954223633,42.97999954223633,42.4900016784668,42.63999938964844,475400
2013-07-26,32.65616226196289,43.08000183105469,43.2400016784668,42.599998474121094,43.130001068115234,327500
2013-07-29,32.63340759277344,43.04999923706055,43.25,42.970001220703125,43.119998931884766,466100
2013-07-30,32.34535598754883,42.66999816894531,43.2400016784668,42.619998931884766,43.150001525878906,748700
2013-07-31,32.352935791015625,42.68000030517578,42.970001220703125,42.540000915527344,42.75,608300
2013-08-01,32.81534957885742,43.290000915527344,43.439998626708984,42.9900016784668,43.0099983215332,662000
2013-08-02,32.694053649902344,43.130001068115234,43.47999954223633,42.720001220703125,43.369998931884766,546200
2013-08-05,32.3984260559082,42.7400016784668,43.150001525878906,42.689998626708984,43.150001525878906,742800
2013-08-06,32.117950439453125,42.369998931884766,42.880001068115234,42.31999969482422,42.689998626708984,791900
2013-08-07,32.20133590698242,42.47999954223633,42.65999984741211,42.2599983215332,42.29999923706055,953100
2013-08-08,32.231658935546875,42.52000045776367,42.84000015258789,42.11000061035156,42.4900016784668,847900
2013-08-09,32.72437286376953,43.16999816894531,43.220001220703125,42.56999969482422,42.56999969482422,871500
2013-08-12,32.421173095703125,42.77000045776367,43.22999954223633,42.689998626708984,43.13999938964844,862500
2013-08-13,32.30746078491211,42.619998931884766,43.04999923706055,42.619998931884766,42.849998474121094,900500
2013-08-14,31.8753719329834,42.04999923706055,42.77000045776367,42.0099983215332,42.68000030517578,1011500
2013-08-15,31.402252197265625,41.150001525878906,41.810001373291016,41.06999969482422,41.75,700500
2013-08-16,31.318309783935547,41.040000915527344,41.119998931884766,40.79999923706055,41.0099983215332,545300
2013-08-19,31.066471099853516,40.709999084472656,41.119998931884766,40.689998626708984,41.040000915527344,727500
2013-08-20,31.112258911132812,40.77000045776367,41.20000076293945,40.560001373291016,40.689998626708984,558300
2013-08-21,31.10463523864746,40.7599983215332,40.95000076293945,40.2400016784668,40.7599983215332,610400
2013-08-22,31.768537521362305,41.630001068115234,41.84000015258789,40.81999969482422,41.02000045776367,673500
2013-08-23,31.95932960510254,41.880001068115234,41.959999084472656,41.40999984741211,41.630001068115234,440300
2013-08-26,31.68459701538086,41.52000045776367,41.849998474121094,41.4900016784668,41.849998474121094,407900
2013-08-27,31.738012313842773,41.59000015258789,41.709999084472656,41.11000061035156,41.20000076293945,539700
2013-08-28,31.799062728881836,41.66999816894531,41.970001220703125,41.380001068115234,41.5,590200
2013-08-29,31.22673797607422,40.91999816894531,41.630001068115234,40.849998474121094,41.52000045776367,695000
2013-08-30,31.089366912841797,40.7400016784668,41.220001220703125,40.459999084472656,41.04999923706055,687400
2013-09-03,30.74597930908203,40.290000915527344,41.099998474121094,40.27000045776367,40.790000915527344,523700
2013-09-04,30.341514587402344,39.7599983215332,40.34000015258789,39.18000030517578,40.290000915527344,2183300
2013-09-05,30.013376235961914,39.33000183105469,39.86000061035156,39.279998779296875,39.689998626708984,944200
2013-09-06,29.975210189819336,39.279998779296875,39.5,39.27000045776367,39.380001068115234,1528000
2013-09-09,30.089693069458008,39.43000030517578,39.5,39.150001525878906,39.369998931884766,714300
2013-09-10,30.486513137817383,39.95000076293945,39.95000076293945,39.47999954223633,39.529998779296875,836700
2013-09-11,30.173622131347656,39.540000915527344,39.93000030517578,39.47999954223633,39.849998474121094,632500
2013-09-12,29.952327728271484,39.25,39.93000030517578,39.04999923706055,39.91999816894531,1277800
2013-09-13,29.98284149169922,39.290000915527344,39.400001525878906,39.150001525878906,39.29999923706055,901500
2013-09-16,29.860759735107422,39.130001068115234,39.599998474121094,39.04999923706055,39.29999923706055,2511500
2013-09-17,30.12784767150879,39.47999954223633,39.54999923706055,39.060001373291016,39.189998626708984,980600
2013-09-18,31.15041732788086,40.81999969482422,40.900001525878906,39.34000015258789,39.4900016784668,1240300
2013-09-19,30.99017333984375,40.61000061035156,41.189998626708984,40.59000015258789,40.86000061035156,741700
2013-09-20,30.43309211730957,39.880001068115234,40.93000030517578,39.849998474121094,40.560001373291016,2046600
2013-09-23,30.822280883789062,40.38999938964844,40.45000076293945,39.650001525878906,39.68000030517578,1429200
2013-09-24,31.127527236938477,40.790000915527344,40.88999938964844,40.38999938964844,40.439998626708984,686700
2013-09-25,31.089366912841797,40.7400016784668,40.93000030517578,40.47999954223633,40.77000045776367,691700
2013-09-26,31.37935447692871,41.119998931884766,41.290000915527344,40.83000183105469,40.880001068115234,643600
2013-09-27,31.196212768554688,40.880001068115234,41.11000061035156,40.7400016784668,40.95000076293945,481500
2013-09-30,31.501440048217773,41.279998779296875,41.29999923706055,40.5099983215332,40.5099983215332,925400
2013-10-01,31.615922927856445,41.43000030517578,41.65999984741211,40.970001220703125,40.970001220703125,1341400
2013-10-02,31.692235946655273,41.529998779296875,41.540000915527344,41.0,41.25,671900
2013-10-03,31.097002029418945,40.75,41.40999984741211,40.70000076293945,41.279998779296875,796200
2013-10-04,30.967273712158203,40.58000183105469,40.880001068115234,40.5099983215332,40.79999923706055,476900
2013-10-07,30.662015914916992,40.18000030517578,40.619998931884766,40.18000030517578,40.400001525878906,385400
2013-10-08,30.59334945678711,40.09000015258789,40.66999816894531,40.09000015258789,40.380001068115234,738900
2013-10-09,30.913846969604492,40.5099983215332,40.779998779296875,40.04999923706055,40.06999969482422,784600
2013-10-10,31.501440048217773,41.279998779296875,41.40999984741211,40.5099983215332,40.599998474121094,762400
2013-10-11,31.585384368896484,41.38999938964844,41.43000030517578,41.06999969482422,41.27000045776367,473000
2013-10-14,31.2954158782959,41.0099983215332,41.38999938964844,40.470001220703125,41.29999923706055,381500
2013-10-15,30.883333206176758,40.470001220703125,41.0,40.45000076293945,40.9900016784668,692200
2013-10-16,31.17331314086914,40.849998474121094,41.02000045776367,40.5,40.619998931884766,881100
2013-10-17,31.890655517578125,41.790000915527344,41.790000915527344,40.58000183105469,40.79999923706055,826500
2013-10-18,31.844852447509766,41.72999954223633,42.0,41.63999938964844,41.95000076293945,679400
2013-10-21,32.104312896728516,42.06999969482422,42.099998474121094,41.70000076293945,41.779998779296875,570200
2013-10-22,32.28745651245117,42.310001373291016,42.869998931884766,42.0099983215332,42.34000015258789,1020200
2013-10-23,32.35614776611328,42.400001525878906,42.599998474121094,42.06999969482422,42.119998931884766,595900
2013-10-24,32.06614685058594,42.02000045776367,42.59000015258789,41.959999084472656,42.41999816894531,598200
2013-10-25,32.47824478149414,42.560001373291016,42.599998474121094,41.88999938964844,42.130001068115234,561700
2013-10-28,32.447715759277344,42.52000045776367,42.720001220703125,42.22999954223633,42.560001373291016,470700
2013-10-29,32.615604400634766,42.7400016784668,42.810001373291016,42.470001220703125,42.56999969482422,402300
2013-10-30,32.67664337158203,42.81999969482422,43.060001373291016,42.56999969482422,42.79999923706055,540000
2013-10-31,32.71479797363281,42.869998931884766,42.95000076293945,42.34000015258789,42.75,830200
2013-11-01,32.63086700439453,42.7599983215332,43.150001525878906,42.560001373291016,43.0,432900
2013-11-04,32.8216438293457,43.0099983215332,43.099998474121094,42.61000061035156,42.75,369600
2013-11-05,33.012420654296875,43.2599983215332,45.09000015258789,42.93000030517578,42.939998626708984,752100
2013-11-06,33.187950134277344,43.4900016784668,43.540000915527344,43.16999816894531,43.439998626708984,708200
2013-11-07,33.073482513427734,43.34000015258789,44.4900016784668,43.09000015258789,43.56999969482422,729200
2013-11-08,32.62323760986328,42.75,43.20000076293945,42.16999816894531,43.20000076293945,597600
2013-11-11,32.85216522216797,43.04999923706055,43.29999923706055,42.5,42.75,405100
2013-11-12,32.56218719482422,42.66999816894531,42.88999938964844,42.41999816894531,42.88999938964844,752600
2013-11-13,32.57754898071289,42.40999984741211,42.540000915527344,42.060001373291016,42.209999084472656,676800
2013-11-14,32.93089294433594,42.869998931884766,42.88999938964844,42.540000915527344,42.540000915527344,558600
2013-11-15,33.169044494628906,43.18000030517578,43.31999969482422,42.81999969482422,42.81999969482422,579700
2013-11-18,33.107582092285156,43.099998474121094,43.36000061035156,42.91999816894531,43.34000015258789,418300
2013-11-19,32.715816497802734,42.59000015258789,43.18000030517578,42.45000076293945,43.0,498700
2013-11-20,32.3087043762207,42.060001373291016,42.900001525878906,42.04999923706055,42.599998474121094,448200
2013-11-21,32.254920959472656,41.9900016784668,42.40999984741211,41.900001525878906,42.189998626708984,816400
2013-11-22,32.42391586303711,42.209999084472656,42.349998474121094,41.720001220703125,42.119998931884766,804800
2013-11-25,32.41624069213867,42.20000076293945,42.459999084472656,42.099998474121094,42.27000045776367,500900
2013-11-26,32.247249603271484,41.97999954223633,42.25,41.77000045776367,42.25,662000
2013-11-27,32.45462417602539,42.25,42.38999938964844,41.83000183105469,42.11000061035156,554500
2013-11-29,32.531463623046875,42.349998474121094,42.75,42.22999954223633,42.22999954223633,309100
2013-12-02,32.23188781738281,41.959999084472656,42.58000183105469,41.91999816894531,42.38999938964844,492000
2013-12-03,32.00910949707031,41.66999816894531,42.099998474121094,41.369998931884766,41.810001373291016,904300
2013-12-04,31.970705032348633,41.619998931884766,41.709999084472656,41.150001525878906,41.560001373291016,941000
2013-12-05,31.532859802246094,41.04999923706055,41.63999938964844,41.029998779296875,41.54999923706055,1240300
2013-12-06,31.694175720214844,41.2599983215332,41.77000045776367,41.13999938964844,41.47999954223633,1393700
2013-12-09,31.571252822875977,41.099998474121094,41.400001525878906,40.849998474121094,41.2400016784668,956800
2013-12-10,31.440683364868164,40.93000030517578,41.18000030517578,40.77000045776367,41.119998931884766,1308800
2013-12-11,31.00281524658203,40.36000061035156,41.13999938964844,40.349998474121094,41.060001373291016,950800
2013-12-12,31.302419662475586,40.75,40.84000015258789,40.380001068115234,40.380001068115234,747600
2013-12-13,31.34081268310547,40.79999923706055,40.939998626708984,40.45000076293945,40.939998626708984,895700
2013-12-16,31.463729858398438,40.959999084472656,41.2599983215332,40.90999984741211,41.08000183105469,729600
2013-12-17,31.840110778808594,41.45000076293945,41.689998626708984,40.81999969482422,40.91999816894531,1120100
2013-12-18,32.293338775634766,42.040000915527344,42.40999984741211,41.369998931884766,41.56999969482422,1349400
2013-12-19,32.13969802856445,41.84000015258789,42.2599983215332,41.529998779296875,41.88999938964844,685900
2013-12-20,32.10896682739258,41.79999923706055,42.2599983215332,41.599998474121094,42.02000045776367,1473300
2013-12-23,32.078250885009766,41.7599983215332,42.16999816894531,41.709999084472656,42.0,605000
2013-12-24,32.293338775634766,42.040000915527344,42.36000061035156,41.900001525878906,41.90999984741211,291800
2013-12-26,32.27028274536133,42.0099983215332,42.2400016784668,41.91999816894531,42.189998626708984,378300
2013-12-27,32.293338775634766,42.040000915527344,42.369998931884766,41.93000030517578,42.06999969482422,467700
2013-12-30,32.42391586303711,42.209999084472656,42.43000030517578,42.060001373291016,42.11000061035156,459800
2013-12-31,32.46231460571289,42.2599983215332,42.29999923706055,42.04999923706055,42.27000045776367,497100
2014-01-02,31.939985275268555,41.58000183105469,42.09000015258789,41.5,42.0099983215332,788800
2014-01-03,31.84779167175293,41.459999084472656,41.63999938964844,41.15999984741211,41.540000915527344,819600
2014-01-06,31.724895477294922,41.29999923706055,41.61000061035156,41.2400016784668,41.47999954223633,670400
2014-01-07,32.03984451293945,41.709999084472656,41.75,41.369998931884766,41.380001068115234,769900
2014-01-08,32.032161712646484,41.70000076293945,41.86000061035156,41.45000076293945,41.70000076293945,726900
2014-01-09,31.95533561706543,41.599998474121094,41.83000183105469,41.470001220703125,41.79999923706055,697700
2014-01-10,32.254920959472656,41.9900016784668,42.40999984741211,41.619998931884766,41.68000030517578,941400
2014-01-13,31.947654724121094,41.59000015258789,42.06999969482422,41.529998779296875,41.939998626708984,530700
2014-01-14,31.886198043823242,41.5099983215332,41.90999984741211,41.34000015258789,41.650001525878906,450100
2014-01-15,31.709518432617188,41.279998779296875,41.599998474121094,41.18000030517578,41.599998474121094,633400
2014-01-16,31.886198043823242,41.5099983215332,41.540000915527344,41.20000076293945,41.2599983215332,777200
2014-01-17,31.901578903198242,41.529998779296875,41.68000030517578,41.22999954223633,41.68000030517578,932000
2014-01-21,32.15505599975586,41.86000061035156,41.93000030517578,41.11000061035156,41.11000061035156,710200
2014-01-22,32.34709167480469,42.11000061035156,42.189998626708984,41.81999969482422,41.81999969482422,519800
2014-01-23,32.38550567626953,42.15999984741211,42.16999816894531,41.81999969482422,41.959999084472656,622200
2014-01-24,32.13201904296875,41.83000183105469,42.150001525878906,41.7400016784668,42.0,717200
2014-01-27,31.99375343322754,41.650001525878906,42.04999923706055,41.650001525878906,41.84000015258789,646700
2014-01-28,32.101295471191406,41.790000915527344,42.02000045776367,41.65999984741211,41.65999984741211,730100
2014-01-29,32.23188781738281,41.959999084472656,42.0099983215332,41.65999984741211,41.66999816894531,841300
2014-01-30,32.865997314453125,42.5,42.560001373291016,41.75,42.0,942700
2014-01-31,32.92013168334961,42.56999969482422,42.68000030517578,42.06999969482422,42.22999954223633,1076400
2014-02-03,32.71906280517578,42.310001373291016,42.970001220703125,41.97999954223633,42.5,1134700
2014-02-04,32.29374313354492,41.7599983215332,42.4900016784668,41.61000061035156,42.4900016784668,1303300
2014-02-05,31.829744338989258,41.15999984741211,41.75,41.15999984741211,41.66999816894531,976900
2014-02-06,32.24734878540039,41.70000076293945,41.79999923706055,41.06999969482422,41.189998626708984,591500
2014-02-07,32.695858001708984,42.279998779296875,42.310001373291016,41.77000045776367,41.86000061035156,612300
2014-02-10,32.74225997924805,42.34000015258789,42.45000076293945,41.90999984741211,42.349998474121094,557600
2014-02-11,33.028385162353516,42.709999084472656,42.75,42.20000076293945,42.27000045776367,1009700
2014-02-12,33.17532730102539,42.900001525878906,43.08000183105469,42.54999923706055,42.75,576400
2014-02-13,33.693443298339844,43.56999969482422,43.56999969482422,42.59000015258789,42.720001220703125,695200
2014-02-14,33.71664810180664,43.599998474121094,43.689998626708984,43.33000183105469,43.599998474121094,494400
2014-02-18,33.77077102661133,43.66999816894531,43.880001068115234,43.41999816894531,43.720001220703125,558800
2014-02-19,33.73984146118164,43.630001068115234,43.9900016784668,43.470001220703125,43.52000045776367,607800
2014-02-20,34.07236099243164,44.060001373291016,44.06999969482422,43.40999984741211,43.59000015258789,504000
2014-02-21,34.23476791381836,44.27000045776367,44.45000076293945,43.880001068115234,44.029998779296875,650000
2014-02-24,33.92544937133789,43.869998931884766,44.5,43.849998474121094,44.36000061035156,593300
2014-02-25,33.98731231689453,43.95000076293945,44.5,43.709999084472656,43.72999954223633,785900
2014-02-26,33.92544937133789,43.869998931884766,44.27000045776367,43.810001373291016,44.130001068115234,491300
2014-02-27,34.04143142700195,44.02000045776367,44.290000915527344,43.369998931884766,43.75,538800
2014-02-28,34.67557144165039,44.84000015258789,45.150001525878906,44.060001373291016,44.20000076293945,957900
2014-03-03,34.1419792175293,44.150001525878906,44.689998626708984,44.08000183105469,44.65999984741211,978000
2014-03-04,34.389434814453125,44.470001220703125,44.72999954223633,44.310001373291016,44.5,717100
2014-03-05,34.29663848876953,44.349998474121094,44.54999923706055,44.040000915527344,44.41999816894531,822900
2014-03-06,34.30438232421875,44.36000061035156,44.650001525878906,44.2599983215332,44.5,784800
2014-03-07,34.29663848876953,44.349998474121094,44.5,44.04999923706055,44.40999984741211,722600
2014-03-10,34.35849380493164,44.43000030517578,44.560001373291016,44.13999938964844,44.349998474121094,840300
2014-03-11,33.90996170043945,43.849998474121094,44.33000183105469,43.630001068115234,44.2599983215332,884400
2014-03-12,34.23476791381836,44.27000045776367,44.279998779296875,43.689998626708984,43.7400016784668,584800
2014-03-13,34.79156494140625,44.9900016784668,45.04999923706055,44.2599983215332,44.439998626708984,878800
2014-03-14,35.23234176635742,45.560001373291016,45.86000061035156,44.9900016784668,45.040000915527344,1101900
2014-03-17,34.89982604980469,45.130001068115234,45.630001068115234,44.9900016784668,45.630001068115234,645400
2014-03-18,35.178218841552734,45.4900016784668,45.720001220703125,45.150001525878906,45.2400016784668,788100
2014-03-19,34.72969055175781,44.90999984741211,45.7599983215332,44.81999969482422,45.540000915527344,525500
2014-03-20,34.53636169433594,44.65999984741211,44.939998626708984,44.54999923706055,44.7599983215332,733400
2014-03-21,34.84567642211914,45.060001373291016,45.529998779296875,44.709999084472656,44.93000030517578,1120500
2014-03-24,34.930755615234375,45.16999816894531,45.47999954223633,44.959999084472656,45.2599983215332,567200
2014-03-25,34.83796310424805,45.04999923706055,45.369998931884766,44.939998626708984,45.369998931884766,454700
2014-03-26,34.36622619628906,44.439998626708984,45.20000076293945,44.41999816894531,45.04999923706055,668500
2014-03-27,34.76836013793945,44.959999084472656,44.97999954223633,44.2599983215332,44.560001373291016,567000
2014-03-28,34.89982604980469,45.130001068115234,45.290000915527344,44.97999954223633,45.0099983215332,640100
2014-03-31,35.108612060546875,45.400001525878906,45.7400016784668,44.970001220703125,45.279998779296875,1052600
2014-04-01,34.92302322387695,45.15999984741211,45.439998626708984,44.86000061035156,45.380001068115234,887900
2014-04-02,35.201412200927734,45.52000045776367,45.63999938964844,44.88999938964844,45.150001525878906,589000
2014-04-03,35.20915222167969,45.529998779296875,45.83000183105469,45.43000030517578,45.54999923706055,618200
2014-04-04,35.41020584106445,45.790000915527344,46.22999954223633,45.5,45.68000030517578,786400
2014-04-07,35.162750244140625,45.470001220703125,46.02000045776367,45.439998626708984,45.7400016784668,664700
2014-04-08,35.17048263549805,45.47999954223633,45.560001373291016,44.959999084472656,45.41999816894531,1072700
2014-04-09,35.31742477416992,45.66999816894531,45.70000076293945,45.099998474121094,45.599998474121094,690800
2014-04-10,35.20915222167969,45.529998779296875,46.040000915527344,45.34000015258789,45.61000061035156,956200
2014-04-11,35.185943603515625,45.5,45.72999954223633,45.369998931884766,45.52000045776367,876800
2014-04-14,35.3792839050293,45.75,45.97999954223633,45.400001525878906,45.77000045776367,801200
2014-04-15,35.30967712402344,45.65999984741211,45.810001373291016,45.11000061035156,45.560001373291016,859800
2014-04-16,35.549407958984375,45.970001220703125,45.970001220703125,45.41999816894531,45.77000045776367,900800
2014-04-17,35.31742477416992,45.66999816894531,46.209999084472656,45.560001373291016,45.9900016784668,578000
2014-04-21,35.41020584106445,45.790000915527344,46.130001068115234,45.56999969482422,45.900001525878906,515800
2014-04-22,35.58034133911133,46.0099983215332,46.15999984741211,45.630001068115234,45.880001068115234,614500
2014-04-23,35.46433639526367,45.86000061035156,46.279998779296875,45.790000915527344,46.11000061035156,783600
2014-04-24,35.57261657714844,46.0,46.209999084472656,45.599998474121094,45.880001068115234,602300
2014-04-25,35.6653938293457,46.119998931884766,46.130001068115234,45.75,45.959999084472656,662900
2014-04-28,35.92060470581055,46.45000076293945,46.58000183105469,45.939998626708984,46.209999084472656,1105000
2014-04-29,35.4875373840332,45.88999938964844,46.630001068115234,45.849998474121094,46.5,691700
2014-04-30,35.20915222167969,45.529998779296875,46.150001525878906,45.4900016784668,45.970001220703125,758100
2014-05-01,35.742733001708984,46.220001220703125,46.220001220703125,45.43000030517578,45.65999984741211,671100
2014-05-02,35.704078674316406,46.16999816894531,46.650001525878906,45.81999969482422,46.16999816894531,812900
2014-05-05,36.00566101074219,46.560001373291016,46.56999969482422,45.959999084472656,46.18000030517578,586500
2014-05-06,35.71179962158203,46.18000030517578,46.650001525878906,46.02000045776367,46.380001068115234,561600
2014-05-07,36.28406524658203,46.91999816894531,46.939998626708984,46.279998779296875,46.290000915527344,1073800
2014-05-08,36.377471923828125,46.72999954223633,47.61000061035156,46.5099983215332,46.81999969482422,715300
2014-05-09,36.011592864990234,46.2599983215332,47.0,46.11000061035156,46.81999969482422,903500
2014-05-12,36.05052185058594,46.310001373291016,46.61000061035156,46.11000061035156,46.5099983215332,1229400
2014-05-13,36.63435363769531,47.060001373291016,47.08000183105469,46.349998474121094,46.52000045776367,1142600
2014-05-14,36.63435363769531,47.060001373291016,47.650001525878906,46.810001373291016,47.08000183105469,965000
2014-05-15,36.88348388671875,47.380001068115234,47.40999984741211,47.0,47.0,1404900
2014-05-16,36.79005813598633,47.2599983215332,47.36000061035156,46.790000915527344,47.31999969482422,1303600
2014-05-19,36.47089385986328,46.849998474121094,47.29999923706055,46.7400016784668,47.220001220703125,710000
2014-05-20,36.44753646850586,46.81999969482422,47.349998474121094,46.54999923706055,46.849998474121094,771500
2014-05-21,36.44753646850586,46.81999969482422,47.060001373291016,46.66999816894531,46.88999938964844,529400
2014-05-22,36.813419342041016,47.290000915527344,47.40999984741211,46.81999969482422,46.81999969482422,443100
2014-05-23,37.062522888183594,47.61000061035156,47.689998626708984,47.18000030517578,47.34000015258789,579900
2014-05-27,36.91462326049805,47.41999816894531,48.189998626708984,47.31999969482422,47.77000045776367,1297000
2014-05-28,37.05474090576172,47.599998474121094,47.70000076293945,47.31999969482422,47.619998931884766,911900
2014-05-29,37.08587646484375,47.63999938964844,47.720001220703125,47.36000061035156,47.720001220703125,461000
2014-05-30,37.84098815917969,48.61000061035156,48.63999938964844,47.70000076293945,47.79999923706055,1641500
2014-06-02,37.53738784790039,48.220001220703125,48.81999969482422,48.119998931884766,48.81999969482422,709300
2014-06-03,37.40503692626953,48.04999923706055,48.2599983215332,47.88999938964844,48.220001220703125,702400
2014-06-04,37.31942367553711,47.939998626708984,48.09000015258789,47.459999084472656,47.900001525878906,748500
2014-06-05,37.459537506103516,48.119998931884766,48.20000076293945,47.65999984741211,48.11000061035156,606000
2014-06-06,37.32720947265625,47.95000076293945,48.369998931884766,47.880001068115234,48.20000076293945,586100
2014-06-09,37.45176315307617,48.11000061035156,48.25,47.84000015258789,47.95000076293945,610500
2014-06-10,37.226009368896484,47.81999969482422,48.16999816894531,47.68000030517578,48.16999816894531,532200
2014-06-11,37.10922622680664,47.66999816894531,47.81999969482422,47.470001220703125,47.79999923706055,376100
2014-06-12,37.249351501464844,47.849998474121094,47.97999954223633,47.22999954223633,47.720001220703125,629600
2014-06-13,37.31942367553711,47.939998626708984,48.029998779296875,47.61000061035156,47.86000061035156,400400
2014-06-16,37.44397735595703,48.099998474121094,48.45000076293945,47.790000915527344,47.90999984741211,705500
2014-06-17,37.545169830322266,48.22999954223633,48.459999084472656,48.04999923706055,48.099998474121094,509500
2014-06-18,37.864341735839844,48.63999938964844,48.65999984741211,48.04999923706055,48.25,505600
2014-06-19,37.70863723754883,48.439998626708984,48.880001068115234,48.41999816894531,48.630001068115234,614400
2014-06-20,37.49068069458008,48.15999984741211,48.70000076293945,48.130001068115234,48.470001220703125,689000
2014-06-23,37.70863723754883,48.439998626708984,48.560001373291016,48.02000045776367,48.25,621500
2014-06-24,37.75535202026367,48.5,48.86000061035156,48.400001525878906,48.470001220703125,485900
2014-06-25,37.942195892333984,48.7400016784668,48.77000045776367,48.310001373291016,48.439998626708984,372400
2014-06-26,37.98111343383789,48.790000915527344,48.88999938964844,48.52000045776367,48.68000030517578,461800
2014-06-27,38.16794204711914,49.029998779296875,49.25,48.66999816894531,48.83000183105469,797200
2014-06-30,38.494895935058594,49.45000076293945,49.5,48.7599983215332,49.150001525878906,725600
2014-07-01,38.276920318603516,49.16999816894531,49.54999923706055,49.099998474121094,49.349998474121094,734500
2014-07-02,37.75535202026367,48.5,49.20000076293945,48.439998626708984,49.08000183105469,816300
2014-07-03,37.41283416748047,48.060001373291016,48.47999954223633,47.9900016784668,48.439998626708984,523100
2014-07-07,37.44397735595703,48.099998474121094,48.29999923706055,47.68000030517578,47.79999923706055,739900
2014-07-08,37.84098815917969,48.61000061035156,48.84000015258789,47.900001525878906,47.95000076293945,796800
2014-07-09,37.731998443603516,48.470001220703125,48.810001373291016,48.290000915527344,48.70000076293945,421200
2014-07-10,37.83319854736328,48.599998474121094,48.7599983215332,48.27000045776367,48.400001525878906,437100
2014-07-11,37.70863723754883,48.439998626708984,48.59000015258789,48.11000061035156,48.56999969482422,534400
2014-07-14,37.53738784790039,48.220001220703125,48.619998931884766,48.209999084472656,48.470001220703125,524500
2014-07-15,37.67751693725586,48.400001525878906,48.61000061035156,48.220001220703125,48.25,535400
2014-07-16,37.731998443603516,48.470001220703125,48.72999954223633,48.04999923706055,48.54999923706055,451000
2014-07-17,37.436187744140625,48.09000015258789,48.54999923706055,48.040000915527344,48.459999084472656,418100
2014-07-18,38.121238708496094,48.970001220703125,48.970001220703125,48.04999923706055,48.279998779296875,379400
2014-07-21,37.9188346862793,48.709999084472656,48.91999816894531,48.54999923706055,48.91999816894531,343800
2014-07-22,38.1523551940918,49.0099983215332,49.15999984741211,48.709999084472656,48.95000076293945,435700
2014-07-23,37.942195892333984,48.7400016784668,49.0099983215332,48.599998474121094,49.0,336900
2014-07-24,37.973323822021484,48.779998779296875,48.97999954223633,48.47999954223633,48.7599983215332,300700
2014-07-25,37.83319854736328,48.599998474121094,48.849998474121094,48.5,48.72999954223633,347700
2014-07-28,38.18349838256836,49.04999923706055,49.18000030517578,48.439998626708984,48.439998626708984,440400
2014-07-29,37.85655212402344,48.630001068115234,49.209999084472656,48.58000183105469,49.02000045776367,385800
2014-07-30,37.62302017211914,48.33000183105469,49.0,48.189998626708984,48.70000076293945,589100
2014-07-31,37.18708419799805,47.77000045776367,48.36000061035156,47.70000076293945,48.08000183105469,857000
2014-08-01,37.397254943847656,48.040000915527344,48.38999938964844,47.720001220703125,47.720001220703125,775000
2014-08-04,36.86790084838867,47.36000061035156,48.220001220703125,46.65999984741211,48.11000061035156,1002600
2014-08-05,36.27627944946289,46.599998474121094,47.54999923706055,46.439998626708984,47.119998931884766,1066400
2014-08-06,36.12836837768555,46.40999984741211,46.79999923706055,46.33000183105469,46.33000183105469,610200
2014-08-07,36.48104476928711,46.54999923706055,46.849998474121094,45.97999954223633,45.97999954223633,837100
2014-08-08,37.58605194091797,47.959999084472656,47.9900016784668,46.599998474121094,46.599998474121094,725100
2014-08-11,37.397945404052734,47.720001220703125,48.41999816894531,47.66999816894531,48.099998474121094,580800
2014-08-12,37.703609466552734,48.11000061035156,48.63999938964844,47.70000076293945,48.029998779296875,540400
2014-08-13,37.89952850341797,48.36000061035156,48.599998474121094,48.15999984741211,48.15999984741211,484500
2014-08-14,38.61267852783203,49.27000045776367,49.38999938964844,48.27000045776367,48.38999938964844,816800
2014-08-15,39.1142463684082,49.90999984741211,50.150001525878906,49.290000915527344,49.34000015258789,1345500
2014-08-18,38.941829681396484,49.689998626708984,50.15999984741211,49.459999084472656,49.900001525878906,897300
2014-08-19,39.07506561279297,49.86000061035156,50.31999969482422,49.689998626708984,49.689998626708984,570900
2014-08-20,39.169105529785156,49.97999954223633,50.0,49.56999969482422,49.7400016784668,390900
2014-08-21,39.24748229980469,50.08000183105469,50.310001373291016,49.77000045776367,49.900001525878906,627400
2014-08-22,38.918312072753906,49.65999984741211,50.09000015258789,49.630001068115234,49.86000061035156,407000
2014-08-25,38.981021881103516,49.7400016784668,50.130001068115234,49.61000061035156,49.849998474121094,550100
2014-08-26,38.89480972290039,49.630001068115234,50.06999969482422,49.599998474121094,49.849998474121094,456000
2014-08-27,39.482582092285156,50.380001068115234,50.38999938964844,49.79999923706055,49.86000061035156,537800
2014-08-28,39.34151840209961,50.20000076293945,50.41999816894531,49.95000076293945,50.130001068115234,512400
2014-08-29,39.6628532409668,50.61000061035156,50.63999938964844,49.130001068115234,50.20000076293945,354700
2014-09-02,39.294490814208984,50.13999938964844,50.5099983215332,49.900001525878906,50.060001373291016,758900
2014-09-03,39.41206359863281,50.290000915527344,50.290000915527344,49.779998779296875,50.0,528800
2014-09-04,39.482582092285156,50.380001068115234,50.689998626708984,50.08000183105469,50.31999969482422,605500
2014-09-05,39.58446502685547,50.5099983215332,50.540000915527344,50.2599983215332,50.290000915527344,397100
2014-09-08,39.263145446777344,50.099998474121094,50.709999084472656,50.029998779296875,50.43000030517578,457400
2014-09-09,38.86347198486328,49.59000015258789,50.13999938964844,49.470001220703125,50.13999938964844,677000
2014-09-10,38.714569091796875,49.400001525878906,49.54999923706055,49.13999938964844,49.540000915527344,531900
2014-09-11,38.910491943359375,49.650001525878906,49.709999084472656,49.34000015258789,49.45000076293945,533100
2014-09-12,38.510807037353516,49.13999938964844,49.630001068115234,48.91999816894531,49.5,402400
2014-09-15,38.542144775390625,49.18000030517578,49.380001068115234,48.88999938964844,49.02000045776367,404200
2014-09-16,38.87913513183594,49.61000061035156,49.77000045776367,49.02000045776367,49.11000061035156,353200
2014-09-17,38.6518669128418,49.31999969482422,49.83000183105469,49.20000076293945,49.630001068115234,504700
2014-09-18,38.260032653808594,48.81999969482422,49.380001068115234,48.810001373291016,49.349998474121094,445200
2014-09-19,38.597023010253906,49.25,49.47999954223633,49.0,49.060001373291016,1030000
2014-09-22,38.22084426879883,48.77000045776367,49.25,48.77000045776367,49.18000030517578,497700
2014-09-23,37.78196716308594,48.209999084472656,48.7599983215332,48.189998626708984,48.7400016784668,609600
2014-09-24,37.844661712646484,48.290000915527344,48.560001373291016,47.88999938964844,48.310001373291016,423700
2014-09-25,37.80547332763672,48.2400016784668,48.540000915527344,48.06999969482422,48.349998474121094,489800
2014-09-26,37.821136474609375,48.2599983215332,48.38999938964844,47.79999923706055,48.189998626708984,532600
2014-09-29,37.844661712646484,48.290000915527344,48.33000183105469,47.95000076293945,48.06999969482422,523800
2014-09-30,37.797637939453125,48.22999954223633,48.91999816894531,48.20000076293945,48.25,826400
2014-10-01,37.69576644897461,48.099998474121094,48.529998779296875,47.880001068115234,48.209999084472656,607600
2014-10-02,37.62523651123047,48.0099983215332,48.2400016784668,47.75,48.08000183105469,537000
2014-10-03,37.76630401611328,48.189998626708984,48.560001373291016,47.95000076293945,48.31999969482422,982300
2014-10-06,37.554683685302734,47.91999816894531,48.630001068115234,47.58000183105469,48.29999923706055,1620100
2014-10-07,37.93087387084961,48.400001525878906,48.79999923706055,47.63999938964844,47.68000030517578,904400
2014-10-08,38.824283599853516,49.540000915527344,49.56999969482422,48.279998779296875,48.43000030517578,801000
2014-10-09,38.41675567626953,49.02000045776367,49.90999984741211,48.81999969482422,49.56999969482422,721700
2014-10-10,39.169105529785156,49.97999954223633,50.189998626708984,49.150001525878906,49.2599983215332,1308200
2014-10-13,38.824283599853516,49.540000915527344,50.310001373291016,49.369998931884766,50.11000061035156,799600
2014-10-14,39.419898986816406,50.29999923706055,50.45000076293945,49.599998474121094,49.779998779296875,1043600
2014-10-15,38.471622467041016,49.09000015258789,49.9900016784668,48.279998779296875,49.88999938964844,1046400
2014-10-16,38.62052917480469,49.279998779296875,49.5099983215332,48.369998931884766,48.369998931884766,754700
2014-10-17,38.871307373046875,49.599998474121094,49.869998931884766,49.099998474121094,49.5,634600
2014-10-20,39.76471710205078,50.7400016784668,50.779998779296875,49.63999938964844,49.75,645900
2014-10-21,39.952816009521484,50.97999954223633,51.209999084472656,50.54999923706055,50.88999938964844,559000
2014-10-22,40.015499114990234,51.060001373291016,51.619998931884766,50.91999816894531,51.130001068115234,570700
2014-10-23,40.30547332763672,51.43000030517578,51.88999938964844,51.16999816894531,51.18000030517578,590000
2014-10-24,40.681644439697266,51.90999984741211,51.9900016784668,51.43000030517578,51.56999969482422,702800
2014-10-27,40.58759307861328,51.790000915527344,52.0,51.630001068115234,51.95000076293945,484000
2014-10-28,41.08131790161133,52.41999816894531,52.45000076293945,51.529998779296875,51.900001525878906,693300
2014-10-29,40.916748046875,52.209999084472656,52.72999954223633,51.70000076293945,52.459999084472656,489700
2014-10-30,41.62990951538086,53.119998931884766,53.130001068115234,52.16999816894531,52.40999984741211,461600
2014-10-31,41.825843811035156,53.369998931884766,53.5099983215332,52.90999984741211,53.5,711500
2014-11-03,41.7788200378418,53.310001373291016,53.619998931884766,53.06999969482422,53.369998931884766,572600
2014-11-04,41.18320083618164,52.54999923706055,53.4900016784668,52.41999816894531,53.029998779296875,1014400
2014-11-05,41.43400192260742,52.869998931884766,53.040000915527344,52.599998474121094,52.959999084472656,846000
2014-11-06,40.984649658203125,51.9900016784668,53.220001220703125,51.34000015258789,53.11000061035156,1070400
2014-11-07,41.27632522583008,52.36000061035156,52.400001525878906,51.290000915527344,51.470001220703125,714000
2014-11-10,41.67837142944336,52.869998931884766,53.06999969482422,52.31999969482422,52.52000045776367,724800
2014-11-11,41.56013107299805,52.720001220703125,52.9900016784668,52.5099983215332,52.720001220703125,481300
2014-11-12,41.268428802490234,52.349998474121094,52.65999984741211,52.029998779296875,52.5099983215332,803900
2014-11-13,40.89004898071289,51.869998931884766,52.5099983215332,51.790000915527344,52.5099983215332,518700
2014-11-14,40.89004898071289,51.869998931884766,52.22999954223633,51.66999816894531,51.790000915527344,565600
2014-11-17,40.9688835144043,51.970001220703125,52.040000915527344,51.540000915527344,51.7400016784668,476500
2014-11-18,41.26056671142578,52.34000015258789,52.650001525878906,51.970001220703125,51.970001220703125,647100
2014-11-19,41.331504821777344,52.43000030517578,52.65999984741211,52.11000061035156,52.31999969482422,521400
2014-11-20,41.11865997314453,52.15999984741211,52.58000183105469,52.0099983215332,52.189998626708984,617900
2014-11-21,41.2132568359375,52.279998779296875,52.58000183105469,52.0099983215332,52.29999923706055,484900
2014-11-24,41.17383575439453,52.22999954223633,52.56999969482422,52.11000061035156,52.41999816894531,545700
2014-11-25,41.039833068847656,52.060001373291016,52.5,52.02000045776367,52.29999923706055,940300
2014-11-26,41.339393615722656,52.439998626708984,52.529998779296875,52.040000915527344,52.15999984741211,447300
2014-11-28,41.820274353027344,53.04999923706055,53.27000045776367,52.45000076293945,52.529998779296875,420600
2014-12-01,41.2132568359375,52.279998779296875,52.7599983215332,52.04999923706055,52.130001068115234,811000
2014-12-02,41.46552276611328,52.599998474121094,52.650001525878906,52.130001068115234,52.27000045776367,845700
2014-12-03,41.528587341308594,52.68000030517578,53.0,52.40999984741211,52.560001373291016,930400
2014-12-04,41.3472785949707,52.45000076293945,52.849998474121094,52.25,52.7400016784668,753200
2014-12-05,41.1029052734375,52.13999938964844,52.68000030517578,52.04999923706055,52.20000076293945,722800
2014-12-08,41.53646469116211,52.689998626708984,53.08000183105469,52.06999969482422,52.33000183105469,839400
2014-12-09,41.985816955566406,53.2599983215332,53.5,52.52000045776367,53.0,759100
2014-12-10,41.37880325317383,52.4900016784668,53.72999954223633,52.43000030517578,53.130001068115234,617900
2014-12-11,41.46552276611328,52.599998474121094,52.959999084472656,52.43000030517578,52.5,650400
2014-12-12,41.284210205078125,52.369998931884766,52.88999938964844,52.150001525878906,52.400001525878906,670000
2014-12-15,40.7244987487793,51.65999984741211,52.650001525878906,51.40999984741211,52.5,723800
2014-12-16,40.535301208496094,51.41999816894531,52.25,51.31999969482422,51.7400016784668,760600
2014-12-17,40.80333709716797,51.7599983215332,52.02000045776367,51.150001525878906,51.18000030517578,1324400
2014-12-18,41.741451263427734,52.95000076293945,52.95000076293945,51.900001525878906,52.099998474121094,763800
2014-12-19,41.27632522583008,52.36000061035156,53.220001220703125,52.13999938964844,52.869998931884766,1242000
2014-12-22,41.37880325317383,52.4900016784668,52.61000061035156,52.04999923706055,52.349998474121094,597500
2014-12-23,41.91486358642578,53.16999816894531,53.27000045776367,52.689998626708984,52.689998626708984,665100
2014-12-24,42.379974365234375,53.7599983215332,53.88999938964844,53.2400016784668,53.2400016784668,242600
2014-12-26,42.58492660522461,54.02000045776367,54.25,53.81999969482422,53.959999084472656,429300
2014-12-29,44.03544235229492,55.86000061035156,56.189998626708984,54.060001373291016,54.060001373291016,1221000
2014-12-30,42.7899055480957,54.279998779296875,55.68000030517578,54.27000045776367,55.68000030517578,701100
2014-12-31,42.017337799072266,53.29999923706055,54.560001373291016,53.209999084472656,54.529998779296875,633700
2015-01-02,42.52186584472656,53.939998626708984,54.040000915527344,53.189998626708984,53.29999923706055,913100
2015-01-05,41.8675651550293,53.11000061035156,54.099998474121094,52.900001525878906,53.970001220703125,707700
2015-01-06,41.977935791015625,53.25,53.88999938964844,52.91999816894531,53.2599983215332,1141800
2015-01-07,42.513999938964844,53.93000030517578,54.20000076293945,53.459999084472656,53.630001068115234,528300
2015-01-08,42.679542541503906,54.13999938964844,54.7599983215332,53.95000076293945,54.25,1355400
2015-01-09,42.80565643310547,54.29999923706055,54.77000045776367,53.83000183105469,54.2599983215332,644800
2015-01-12,42.671653747558594,54.130001068115234,54.65999984741211,53.66999816894531,54.560001373291016,901200
2015-01-13,42.76625061035156,54.25,55.25,53.84000015258789,54.70000076293945,1321600
2015-01-14,43.52302169799805,55.209999084472656,55.2400016784668,53.79999923706055,54.040000915527344,797400
2015-01-15,43.5545654296875,55.25,55.459999084472656,55.02000045776367,55.2599983215332,492300
2015-01-16,43.91719055175781,55.709999084472656,55.7599983215332,54.93000030517578,55.29999923706055,501800
2015-01-20,44.25617218017578,56.13999938964844,56.20000076293945,55.380001068115234,55.97999954223633,845900
2015-01-21,44.58726501464844,56.560001373291016,56.59000015258789,55.5099983215332,56.04999923706055,647000
2015-01-22,44.5636100769043,56.529998779296875,56.88999938964844,56.31999969482422,56.77000045776367,574200
2015-01-23,44.58726501464844,56.560001373291016,57.0099983215332,56.2400016784668,56.630001068115234,707600
2015-01-26,44.82376480102539,56.86000061035156,56.88999938964844,55.880001068115234,56.5,722100
2015-01-27,44.77644729614258,56.79999923706055,56.91999816894531,55.90999984741211,55.95000076293945,568300
2015-01-28,44.67396926879883,56.66999816894531,57.310001373291016,56.43000030517578,56.869998931884766,943200
2015-01-29,45.21791458129883,57.36000061035156,57.47999954223633,56.58000183105469,56.90999984741211,588800
2015-01-30,44.25617218017578,56.13999938964844,57.38999938964844,56.099998474121094,57.34000015258789,830900
2015-02-02,44.705501556396484,56.709999084472656,56.7599983215332,55.70000076293945,56.16999816894531,513200
2015-02-03,44.5636100769043,56.529998779296875,56.75,56.16999816894531,56.40999984741211,681500
2015-02-04,43.86200714111328,55.63999938964844,56.630001068115234,55.59000015258789,56.2599983215332,777500
2015-02-05,44.678531646728516,56.36000061035156,56.59000015258789,55.470001220703125,55.75,780200
2015-02-06,43.46563720703125,54.83000183105469,56.36000061035156,54.529998779296875,56.36000061035156,980000
2015-02-09,42.760101318359375,53.939998626708984,54.95000076293945,53.630001068115234,54.810001373291016,1183200
2015-02-10,43.045494079589844,54.29999923706055,54.470001220703125,53.97999954223633,54.11000061035156,1335600
2015-02-11,42.44301223754883,53.540000915527344,54.25,53.22999954223633,54.13999938964844,764400
2015-02-12,42.498497009277344,53.61000061035156,53.88999938964844,53.189998626708984,53.70000076293945,739700
2015-02-13,41.729557037353516,52.63999938964844,53.619998931884766,52.380001068115234,53.58000183105469,1550900
2015-02-17,41.81675720214844,52.75,53.27000045776367,52.38999938964844,52.630001068115234,1757700
2015-02-18,42.89487075805664,54.11000061035156,54.189998626708984,52.529998779296875,52.540000915527344,944100
2015-02-19,42.64912033081055,53.79999923706055,54.29999923706055,53.619998931884766,54.150001525878906,956900
2015-02-20,42.760101318359375,53.939998626708984,54.02000045776367,53.36000061035156,53.68000030517578,536000
2015-02-23,43.045494079589844,54.29999923706055,54.29999923706055,53.25,53.939998626708984,1896800
2015-02-24,42.966224670410156,54.20000076293945,54.40999984741211,53.630001068115234,54.2400016784668,1179000
2015-02-25,43.172325134277344,54.459999084472656,55.7599983215332,54.22999954223633,54.63999938964844,1226800
2015-02-26,42.52229690551758,53.63999938964844,54.58000183105469,53.400001525878906,54.54999923706055,850100
2015-02-27,42.8710823059082,54.08000183105469,54.189998626708984,53.400001525878906,53.790000915527344,1095700
2015-03-02,42.22896957397461,53.27000045776367,53.9900016784668,52.4900016784668,53.9900016784668,1506800
2015-03-03,42.498497009277344,53.61000061035156,53.79999923706055,53.029998779296875,53.25,897100
2015-03-04,42.35581588745117,53.43000030517578,53.56999969482422,53.0099983215332,53.31999969482422,774700
2015-03-05,42.74424743652344,53.91999816894531,54.279998779296875,53.619998931884766,53.630001068115234,1509900
2015-03-06,41.444156646728516,52.279998779296875,53.630001068115234,52.0,53.5,1295100
2015-03-09,41.452110290527344,52.290000915527344,52.529998779296875,52.09000015258789,52.279998779296875,543900
2015-03-10,41.42831802368164,52.2599983215332,52.540000915527344,51.970001220703125,52.0,453700
2015-03-11,41.372833251953125,52.189998626708984,52.630001068115234,52.16999816894531,52.439998626708984,1013600
2015-03-12,41.99114227294922,52.970001220703125,53.130001068115234,52.41999816894531,52.5,586800
2015-03-13,41.42831802368164,52.2599983215332,52.81999969482422,51.84000015258789,52.81999969482422,719900
2015-03-16,41.88810729980469,52.84000015258789,53.29999923706055,52.29999923706055,52.43000030517578,712200
2015-03-17,42.133846282958984,53.150001525878906,53.20000076293945,52.58000183105469,52.720001220703125,758500
2015-03-18,43.005863189697266,54.25,54.45000076293945,52.93000030517578,53.33000183105469,924000
2015-03-19,43.07720184326172,54.34000015258789,54.630001068115234,53.880001068115234,54.09000015258789,718200
2015-03-20,43.61625671386719,55.02000045776367,55.04999923706055,54.27000045776367,54.560001373291016,1056000
2015-03-23,43.283321380615234,54.599998474121094,55.0,54.52000045776367,54.90999984741211,592400
2015-03-24,43.037567138671875,54.290000915527344,55.119998931884766,54.150001525878906,54.560001373291016,736600
2015-03-25,42.75218200683594,53.93000030517578,55.040000915527344,53.93000030517578,55.040000915527344,674500
2015-03-26,42.37959289550781,53.459999084472656,54.20000076293945,53.38999938964844,53.86000061035156,794700
2015-03-27,42.886940002441406,54.099998474121094,54.31999969482422,53.5,53.5,590200
2015-03-30,43.05342102050781,54.310001373291016,54.68000030517578,53.880001068115234,54.310001373291016,748600
2015-03-31,42.97414779663086,54.209999084472656,54.630001068115234,54.16999816894531,54.310001373291016,1189200
2015-04-01,43.172325134277344,54.459999084472656,54.5,53.77000045776367,54.27000045776367,716700
2015-04-02,43.51321792602539,54.88999938964844,54.939998626708984,54.36000061035156,54.5,623000
2015-04-06,43.74310302734375,55.18000030517578,55.5099983215332,54.720001220703125,54.88999938964844,676000
2015-04-07,43.34673309326172,54.68000030517578,55.29999923706055,54.599998474121094,55.18000030517578,512700
2015-04-08,42.934505462646484,54.15999984741211,54.91999816894531,53.75,54.83000183105469,808900
2015-04-09,42.70460891723633,53.869998931884766,54.220001220703125,53.630001068115234,54.11000061035156,572400
2015-04-10,42.95036315917969,54.18000030517578,54.2400016784668,53.709999084472656,54.130001068115234,866100
2015-04-13,42.56192398071289,53.689998626708984,54.45000076293945,53.619998931884766,54.380001068115234,733300
2015-04-14,42.81560516357422,54.0099983215332,54.02000045776367,53.5,53.630001068115234,574300
2015-04-15,42.75218200683594,53.93000030517578,54.29999923706055,53.900001525878906,54.06999969482422,686400
2015-04-16,42.70460891723633,53.869998931884766,54.130001068115234,53.189998626708984,53.900001525878906,710400
2015-04-17,42.490577697753906,53.599998474121094,53.9900016784668,53.41999816894531,53.72999954223633,678800
2015-04-20,42.902801513671875,54.119998931884766,54.79999923706055,53.689998626708984,53.689998626708984,1031100
2015-04-21,42.712547302246094,53.880001068115234,54.790000915527344,53.779998779296875,54.41999816894531,662300
2015-04-22,43.01377868652344,54.2599983215332,54.290000915527344,53.68000030517578,54.16999816894531,511800
2015-04-23,43.30708694458008,54.630001068115234,54.900001525878906,54.13999938964844,54.310001373291016,522200
2015-04-24,43.95713806152344,55.45000076293945,55.66999816894531,54.650001525878906,54.81999969482422,786600
2015-04-27,43.29123306274414,54.61000061035156,55.59000015258789,54.36000061035156,55.54999923706055,891900
2015-04-28,43.632110595703125,55.040000915527344,55.310001373291016,54.27000045776367,54.470001220703125,737700
2015-04-29,43.640037536621094,55.04999923706055,55.189998626708984,54.380001068115234,54.709999084472656,780600
2015-04-30,43.21990203857422,54.52000045776367,55.04999923706055,54.06999969482422,54.90999984741211,1038500
2015-05-01,43.045494079589844,54.29999923706055,54.7599983215332,53.90999984741211,54.61000061035156,956300
2015-05-04,43.299163818359375,54.619998931884766,54.9900016784668,54.29999923706055,54.34000015258789,609900
2015-05-05,42.37959289550781,53.459999084472656,54.560001373291016,53.31999969482422,54.369998931884766,650600
2015-05-06,42.0625,53.060001373291016,53.900001525878906,52.689998626708984,53.59000015258789,1016200
2015-05-07,42.27790832519531,52.9900016784668,53.459999084472656,52.54999923706055,52.939998626708984,932300
2015-05-08,42.26995086669922,52.97999954223633,53.59000015258789,52.84000015258789,53.36000061035156,1003400
2015-05-11,42.0625,52.720001220703125,53.2599983215332,52.459999084472656,53.040000915527344,968500
2015-05-12,41.855064392089844,52.459999084472656,52.779998779296875,52.20000076293945,52.619998931884766,976800
2015-05-13,41.67154312133789,52.22999954223633,53.0,52.150001525878906,52.689998626708984,639000
2015-05-14,42.27790832519531,52.9900016784668,53.0,52.33000183105469,52.4900016784668,761400
2015-05-15,42.80450439453125,53.650001525878906,53.66999816894531,53.02000045776367,53.130001068115234,1017000
2015-05-18,42.9720573425293,53.86000061035156,54.22999954223633,53.13999938964844,53.41999816894531,2025800
2015-05-19,42.812477111816406,53.65999984741211,53.939998626708984,53.4900016784668,53.849998474121094,601200
2015-05-20,42.63695526123047,53.439998626708984,53.91999816894531,53.349998474121094,53.630001068115234,709400
2015-05-21,42.597049713134766,53.38999938964844,53.560001373291016,53.16999816894531,53.5,821400
2015-05-22,42.214088439941406,52.90999984741211,53.380001068115234,52.81999969482422,53.380001068115234,867500
2015-05-26,42.142276763916016,52.81999969482422,52.9900016784668,52.400001525878906,52.709999084472656,697600
2015-05-27,42.45345687866211,53.209999084472656,53.369998931884766,52.779998779296875,52.9900016784668,623800
2015-05-28,42.05453109741211,52.709999084472656,53.43000030517578,52.529998779296875,53.02000045776367,1336000
2015-05-29,42.18218994140625,52.869998931884766,53.13999938964844,52.619998931884766,52.66999816894531,1205800
2015-06-01,42.166229248046875,52.849998474121094,53.220001220703125,52.63999938964844,52.900001525878906,635000
2015-06-02,41.711448669433594,52.279998779296875,52.790000915527344,52.0,52.619998931884766,819000
2015-06-03,41.23273468017578,51.68000030517578,52.43000030517578,51.470001220703125,52.290000915527344,821900
2015-06-04,41.26466369628906,51.720001220703125,51.90999984741211,51.5,51.529998779296875,824200
2015-06-05,40.52265167236328,50.790000915527344,51.220001220703125,50.560001373291016,51.150001525878906,836200
2015-06-08,40.7540397644043,51.08000183105469,51.43000030517578,50.88999938964844,51.18000030517578,1019000
2015-06-09,40.690185546875,51.0,51.59000015258789,50.869998931884766,51.13999938964844,995000
2015-06-10,40.498714447021484,50.7599983215332,51.40999984741211,50.72999954223633,51.060001373291016,1060700
2015-06-11,40.634361267089844,50.93000030517578,51.099998474121094,50.619998931884766,50.86000061035156,990800
2015-06-12,40.29127883911133,50.5,50.880001068115234,50.41999816894531,50.75,647300
2015-06-15,39.668968200683594,49.720001220703125,50.56999969482422,49.400001525878906,50.41999816894531,1319800
2015-06-16,39.37376022338867,49.349998474121094,49.939998626708984,49.150001525878906,49.56999969482422,1710900
2015-06-17,39.549278259277344,49.56999969482422,49.90999984741211,49.310001373291016,49.439998626708984,1254700
2015-06-18,40.25138473510742,50.45000076293945,50.619998931884766,49.560001373291016,49.63999938964844,1191300
2015-06-19,40.139686584472656,50.310001373291016,50.88999938964844,50.29999923706055,50.86000061035156,1358000
2015-06-22,40.115745544433594,50.279998779296875,50.790000915527344,50.029998779296875,50.529998779296875,1012300
2015-06-23,39.90831756591797,50.02000045776367,50.5,49.75,50.41999816894531,1008400
2015-06-24,39.65299606323242,49.70000076293945,50.08000183105469,49.56999969482422,49.81999969482422,798800
2015-06-25,39.38971710205078,49.369998931884766,49.91999816894531,49.290000915527344,49.88999938964844,672200
2015-06-26,39.65299606323242,49.70000076293945,49.72999954223633,49.150001525878906,49.400001525878906,675000
2015-06-29,39.03866195678711,48.93000030517578,49.72999954223633,48.900001525878906,49.27000045776367,781900
2015-06-30,38.79930114746094,48.630001068115234,49.41999816894531,48.36000061035156,49.2400016784668,1375700
2015-07-01,39.23013687133789,49.16999816894531,49.279998779296875,48.52000045776367,48.77000045776367,812600
2015-07-02,39.77267074584961,49.849998474121094,49.869998931884766,49.5099983215332,49.540000915527344,698700
2015-07-06,40.059898376464844,50.209999084472656,50.209999084472656,49.68000030517578,49.779998779296875,1562700
2015-07-07,40.7540397644043,51.08000183105469,51.2400016784668,50.22999954223633,50.25,1176000
2015-07-08,40.83382034301758,51.18000030517578,51.279998779296875,50.56999969482422,50.900001525878906,922700
2015-07-09,40.03596878051758,50.18000030517578,51.439998626708984,50.0099983215332,51.43000030517578,1437500
2015-07-10,40.52265167236328,50.790000915527344,51.060001373291016,50.0099983215332,50.290000915527344,834300
2015-07-13,40.68221664428711,50.9900016784668,51.31999969482422,50.709999084472656,51.06999969482422,595500
2015-07-14,40.84180450439453,51.189998626708984,51.439998626708984,50.970001220703125,51.22999954223633,710700
2015-07-15,40.88966751098633,51.25,51.279998779296875,50.91999816894531,51.220001220703125,597900
2015-07-16,41.312530517578125,51.779998779296875,51.939998626708984,51.20000076293945,51.439998626708984,560500
2015-07-17,40.93754959106445,51.310001373291016,51.90999984741211,51.310001373291016,51.84000015258789,695300
2015-07-20,40.97742462158203,51.36000061035156,51.599998474121094,51.0,51.310001373291016,617700
2015-07-21,40.498714447021484,50.7599983215332,51.40999984741211,50.630001068115234,51.290000915527344,592600
2015-07-22,40.80190658569336,51.13999938964844,51.34000015258789,50.630001068115234,50.630001068115234,550500
2015-07-23,40.243408203125,50.439998626708984,51.34000015258789,50.2400016784668,51.11000061035156,643400
2015-07-24,40.642333984375,50.939998626708984,51.040000915527344,50.43000030517578,50.459999084472656,603400
2015-07-27,41.17689514160156,51.61000061035156,51.720001220703125,50.779998779296875,50.88999938964844,794700
2015-07-28,41.073177337646484,51.47999954223633,51.7400016784668,51.08000183105469,51.5099983215332,747000
2015-07-29,41.25667190551758,51.709999084472656,51.7400016784668,51.13999938964844,51.369998931884766,518200
2015-07-30,41.16093444824219,51.59000015258789,51.970001220703125,51.439998626708984,51.56999969482422,537400
2015-07-31,41.41623306274414,51.90999984741211,52.439998626708984,51.630001068115234,51.959999084472656,523900
2015-08-03,41.55187225341797,52.08000183105469,52.43000030517578,51.84000015258789,51.91999816894531,684700
2015-08-04,40.87371063232422,51.22999954223633,52.150001525878906,51.16999816894531,52.06999969482422,603900
2015-08-05,41.168907165527344,51.599998474121094,52.099998474121094,51.349998474121094,51.52000045776367,666800
2015-08-06,41.57850646972656,51.77000045776367,51.849998474121094,50.58000183105469,50.90999984741211,1016500
2015-08-07,42.0121955871582,52.310001373291016,52.54999923706055,51.369998931884766,51.650001525878906,689700
2015-08-10,41.97205352783203,52.2599983215332,52.70000076293945,52.099998474121094,52.310001373291016,529000
2015-08-11,42.66274642944336,53.119998931884766,53.130001068115234,52.13999938964844,52.380001068115234,839700
2015-08-12,43.160709381103516,53.7400016784668,53.84000015258789,52.599998474121094,52.7400016784668,934800
2015-08-13,43.51408386230469,54.18000030517578,54.45000076293945,53.560001373291016,53.63999938964844,956300
2015-08-14,43.60243225097656,54.290000915527344,54.310001373291016,53.84000015258789,53.970001220703125,635900
2015-08-17,43.915653228759766,54.68000030517578,54.810001373291016,54.2599983215332,54.400001525878906,697900
2015-08-18,43.87548828125,54.630001068115234,54.790000915527344,54.08000183105469,54.5,590300
2015-08-19,44.01203155517578,54.79999923706055,54.869998931884766,54.150001525878906,54.349998474121094,557600
2015-08-20,43.52211380004883,54.189998626708984,54.849998474121094,53.900001525878906,54.41999816894531,1029300
2015-08-21,43.38556671142578,54.02000045776367,54.439998626708984,53.59000015258789,53.59000015258789,1036200
2015-08-24,41.707008361816406,51.93000030517578,52.97999954223633,50.15999984741211,52.220001220703125,1924800
2015-08-25,41.24120330810547,51.349998474121094,53.040000915527344,51.349998474121094,52.7400016784668,1783400
2015-08-26,41.87568283081055,52.13999938964844,52.290000915527344,50.540000915527344,51.880001068115234,1448100
2015-08-27,42.67881774902344,53.13999938964844,53.18000030517578,52.209999084472656,52.66999816894531,1016000
2015-08-28,42.57442092895508,53.0099983215332,53.27000045776367,52.54999923706055,53.02000045776367,1142700
2015-08-31,41.71505355834961,51.939998626708984,52.7400016784668,51.61000061035156,52.7400016784668,827800
2015-09-01,41.00828170776367,51.060001373291016,51.93000030517578,50.81999969482422,51.7599983215332,895600
2015-09-02,41.28938674926758,51.40999984741211,51.75,50.880001068115234,51.58000183105469,1063400
2015-09-03,41.9318962097168,52.209999084472656,52.41999816894531,51.439998626708984,51.459999084472656,1256300
2015-09-04,41.048431396484375,51.11000061035156,51.86000061035156,50.90999984741211,51.66999816894531,1210200
2015-09-08,41.5142707824707,51.689998626708984,52.040000915527344,51.40999984741211,51.58000183105469,889200
2015-09-09,41.12876510620117,51.209999084472656,52.0099983215332,51.13999938964844,51.97999954223633,983400
2015-09-10,41.048431396484375,51.11000061035156,51.66999816894531,50.95000076293945,51.31999969482422,994100
2015-09-11,41.73111343383789,51.959999084472656,51.97999954223633,50.7400016784668,50.88999938964844,662500
2015-09-14,41.95598220825195,52.2400016784668,52.43000030517578,51.880001068115234,52.0,967400
2015-09-15,42.14875793457031,52.47999954223633,52.61000061035156,52.09000015258789,52.36000061035156,467400
2015-09-16,42.43788146972656,52.84000015258789,52.95000076293945,52.470001220703125,52.4900016784668,568800
2015-09-17,42.823368072509766,53.31999969482422,53.77000045776367,52.75,52.77000045776367,911500
2015-09-18,42.96794128417969,53.5,53.95000076293945,52.79999923706055,52.95000076293945,1000600
2015-09-21,43.112518310546875,53.68000030517578,54.06999969482422,53.540000915527344,53.599998474121094,699400
2015-09-22,43.032203674316406,53.58000183105469,53.709999084472656,53.20000076293945,53.29999923706055,786400
2015-09-23,43.2891960144043,53.900001525878906,54.13999938964844,53.439998626708984,53.52000045776367,908800
2015-09-24,43.66667556762695,54.369998931884766,54.68000030517578,53.58000183105469,53.63999938964844,793500
2015-09-25,44.084312438964844,54.88999938964844,55.630001068115234,54.380001068115234,54.5,1542900
2015-09-28,43.441795349121094,54.09000015258789,54.9900016784668,53.9900016784668,54.86000061035156,962400
2015-09-29,43.52211380004883,54.189998626708984,54.27000045776367,53.66999816894531,53.869998931884766,874900
2015-09-30,44.23690414428711,55.08000183105469,55.099998474121094,54.380001068115234,54.54999923706055,1109500
2015-10-01,44.38949966430664,55.27000045776367,55.310001373291016,54.619998931884766,55.02000045776367,925200
2015-10-02,44.678646087646484,55.630001068115234,55.66999816894531,54.68000030517578,55.33000183105469,1192000
2015-10-05,45.03200912475586,56.06999969482422,56.220001220703125,55.54999923706055,55.689998626708984,1180100
2015-10-06,44.67060470581055,55.619998931884766,56.13999938964844,55.560001373291016,56.08000183105469,625000
2015-10-07,44.453758239746094,55.349998474121094,55.86000061035156,55.189998626708984,55.7400016784668,778500
2015-10-08,45.65043258666992,56.84000015258789,56.84000015258789,55.13999938964844,55.369998931884766,1143500
2015-10-09,45.674530029296875,56.869998931884766,57.119998931884766,56.5099983215332,56.81999969482422,964100
2015-10-12,46.14035415649414,57.45000076293945,57.77000045776367,56.83000183105469,56.939998626708984,639900
2015-10-13,46.33308792114258,57.689998626708984,57.77000045776367,57.18000030517578,57.33000183105469,1022500
2015-10-14,45.89137268066406,57.13999938964844,58.150001525878906,56.970001220703125,57.66999816894531,1206800
2015-10-15,46.750732421875,58.209999084472656,58.209999084472656,56.029998779296875,56.279998779296875,1159700
2015-10-16,46.887264251708984,58.380001068115234,58.630001068115234,57.93000030517578,58.25,951600
2015-10-19,47.34506607055664,58.95000076293945,58.970001220703125,58.29999923706055,58.36000061035156,1093300
2015-10-20,47.0639533996582,58.599998474121094,59.20000076293945,58.58000183105469,58.779998779296875,820000
2015-10-21,46.53388214111328,57.939998626708984,59.06999969482422,57.880001068115234,58.84000015258789,1188400
2015-10-22,46.951507568359375,58.459999084472656,58.709999084472656,58.08000183105469,58.08000183105469,1042200
2015-10-23,46.284908294677734,57.630001068115234,58.5099983215332,57.45000076293945,58.459999084472656,829500
2015-10-26,46.74270248413086,58.20000076293945,58.27000045776367,57.52000045776367,57.75,492300
2015-10-27,46.52585220336914,57.93000030517578,58.290000915527344,57.779998779296875,58.09000015258789,692500
2015-10-28,46.365234375,57.72999954223633,58.400001525878906,57.040000915527344,57.959999084472656,719100
2015-10-29,45.843177795410156,57.08000183105469,57.72999954223633,56.34000015258789,57.369998931884766,1025400
2015-10-30,46.068058013916016,57.36000061035156,57.88999938964844,57.0099983215332,57.189998626708984,737200
2015-11-02,46.027915954589844,57.310001373291016,57.90999984741211,56.959999084472656,57.58000183105469,697500
2015-11-03,46.365234375,57.72999954223633,57.97999954223633,56.91999816894531,57.22999954223633,1000100
2015-11-04,46.566009521484375,57.97999954223633,57.97999954223633,57.349998474121094,57.709999084472656,1076500
2015-11-05,47.01034164428711,58.189998626708984,58.380001068115234,57.279998779296875,58.040000915527344,965900
2015-11-06,44.78868103027344,55.439998626708984,58.220001220703125,55.130001068115234,57.93000030517578,1153400
2015-11-09,45.07144546508789,55.790000915527344,55.88999938964844,55.15999984741211,55.33000183105469,907800
2015-11-10,45.75004577636719,56.630001068115234,56.65999984741211,55.59000015258789,55.720001220703125,636000
2015-11-11,45.96010208129883,56.88999938964844,57.16999816894531,56.529998779296875,56.65999984741211,555900
2015-11-12,45.62078857421875,56.470001220703125,57.540000915527344,56.34000015258789,56.75,479000
2015-11-13,45.24916458129883,56.0099983215332,56.83000183105469,55.939998626708984,56.369998931884766,450000
2015-11-16,45.911643981933594,56.83000183105469,56.849998474121094,55.77000045776367,56.0,470500
2015-11-17,45.28147888183594,56.04999923706055,56.91999816894531,55.9900016784668,56.7599983215332,643800
2015-11-18,46.09745407104492,57.060001373291016,57.119998931884766,56.0,56.13999938964844,579400
2015-11-19,46.267093658447266,57.27000045776367,57.4900016784668,57.02000045776367,57.08000183105469,519400
2015-11-20,46.37211608886719,57.400001525878906,57.900001525878906,57.209999084472656,57.310001373291016,457500
2015-11-23,46.42868423461914,57.470001220703125,57.869998931884766,57.34000015258789,57.5,623000
2015-11-24,45.95201873779297,56.880001068115234,57.36000061035156,56.5,57.15999984741211,1067700
2015-11-25,46.06513977050781,57.02000045776367,57.18000030517578,56.7400016784668,56.97999954223633,617600
2015-11-27,46.897247314453125,58.04999923706055,58.04999923706055,57.130001068115234,57.15999984741211,556600
2015-11-30,46.6629524230957,57.7599983215332,58.400001525878906,57.5,57.970001220703125,1444800
2015-12-01,46.751800537109375,57.869998931884766,58.439998626708984,57.380001068115234,57.72999954223633,942400
2015-12-02,46.17015838623047,57.150001525878906,57.869998931884766,56.959999084472656,57.63999938964844,659900
2015-12-03,46.38019943237305,57.40999984741211,57.459999084472656,56.959999084472656,57.22999954223633,688300
2015-12-04,46.86491775512695,58.0099983215332,58.040000915527344,57.41999816894531,57.439998626708984,702900
2015-12-07,47.18000793457031,58.400001525878906,58.40999984741211,57.59000015258789,57.75,783000
2015-12-08,47.22038650512695,58.45000076293945,58.70000076293945,57.880001068115234,58.029998779296875,962900
2015-12-09,46.78413772583008,57.90999984741211,58.7599983215332,57.86000061035156,57.959999084472656,917900
2015-12-10,45.8631477355957,56.77000045776367,58.060001373291016,56.630001068115234,58.02000045776367,1043300
2015-12-11,45.8227653503418,56.720001220703125,57.16999816894531,56.400001525878906,56.7400016784668,751800
2015-12-14,45.8227653503418,56.720001220703125,57.130001068115234,56.4900016784668,56.70000076293945,1170700
2015-12-15,46.20246505737305,57.189998626708984,57.47999954223633,56.7400016784668,56.7400016784668,1127200
2015-12-16,47.49507141113281,58.790000915527344,58.91999816894531,57.529998779296875,57.529998779296875,1195600
2015-12-17,47.899017333984375,59.290000915527344,59.779998779296875,58.619998931884766,58.81999969482422,1886000
2015-12-18,48.109046936035156,59.54999923706055,59.95000076293945,58.2400016784668,59.16999816894531,2238900
2015-12-21,47.07497024536133,58.27000045776367,59.619998931884766,58.060001373291016,59.61000061035156,1134600
2015-12-22,47.688961029052734,59.029998779296875,59.119998931884766,57.970001220703125,58.58000183105469,1020300
2015-12-23,48.12520217895508,59.56999969482422,59.75,59.15999984741211,59.2400016784668,782200
2015-12-24,48.335269927978516,59.83000183105469,60.08000183105469,59.41999816894531,59.41999816894531,383300
2015-12-28,48.96540069580078,60.61000061035156,60.650001525878906,59.70000076293945,59.720001220703125,908800
2015-12-29,48.95732498168945,60.599998474121094,61.20000076293945,60.56999969482422,60.75,724700
2015-12-30,48.836151123046875,60.45000076293945,60.95000076293945,60.31999969482422,60.84000015258789,476600
2015-12-31,48.27063751220703,59.75,60.529998779296875,59.58000183105469,60.380001068115234,538500
2016-01-04,48.73111343383789,60.31999969482422,60.59000015258789,59.68000030517578,59.68000030517578,1518500
2016-01-05,48.593780517578125,60.150001525878906,60.459999084472656,59.380001068115234,60.349998474121094,1317700
2016-01-06,48.383731842041016,59.88999938964844,60.31999969482422,59.470001220703125,59.65999984741211,824000
2016-01-07,48.02018737792969,59.439998626708984,59.70000076293945,58.900001525878906,59.16999816894531,1016700
2016-01-08,48.20600128173828,59.66999816894531,60.279998779296875,59.52000045776367,59.630001068115234,689900
2016-01-11,48.67457580566406,60.25,60.560001373291016,59.779998779296875,60.08000183105469,730600
2016-01-12,48.626094818115234,60.189998626708984,60.5099983215332,59.25,60.40999984741211,915300
2016-01-13,48.54530334472656,60.09000015258789,60.70000076293945,59.86000061035156,60.5099983215332,782700
2016-01-14,49.183528900146484,60.880001068115234,61.2400016784668,59.9900016784668,60.029998779296875,946700
2016-01-15,48.86036682128906,60.47999954223633,60.810001373291016,59.0099983215332,60.459999084472656,968300
2016-01-19,49.28854751586914,61.0099983215332,61.36000061035156,60.470001220703125,60.61000061035156,1087200
2016-01-20,48.97349166870117,60.619998931884766,61.29999923706055,59.40999984741211,61.0099983215332,1884500
2016-01-21,48.67457580566406,60.25,60.88999938964844,60.029998779296875,60.689998626708984,1275600
2016-01-22,50.443809509277344,62.439998626708984,62.95000076293945,60.36000061035156,60.75,1272100
2016-01-25,49.63593673706055,61.439998626708984,62.95000076293945,61.310001373291016,62.7599983215332,1055900
2016-01-26,50.37110900878906,62.349998474121094,62.5099983215332,61.5099983215332,61.7400016784668,999900
2016-01-27,50.443809509277344,62.439998626708984,62.90999984741211,61.959999084472656,62.349998474121094,874900
2016-01-28,51.25977325439453,63.45000076293945,63.93000030517578,62.470001220703125,62.75,869500
2016-01-29,52.439273834228516,64.91000366210938,65.04000091552734,63.61000061035156,64.01000213623047,1391600
2016-02-01,52.53622055053711,65.02999877929688,65.62999725341797,64.69000244140625,64.69000244140625,1292400
2016-02-02,52.802818298339844,65.36000061035156,65.52999877929688,64.20999908447266,65.12999725341797,1031700
2016-02-03,53.2229118347168,65.87999725341797,66.45999908447266,65.5,65.83000183105469,1164500
2016-02-04,51.91549301147461,63.93000030517578,65.33999633789062,63.709999084472656,65.30999755859375,1964200
2016-02-05,51.744956970214844,63.720001220703125,63.970001220703125,63.15999984741211,63.61000061035156,1306400
2016-02-08,52.20783615112305,64.29000091552734,64.33000183105469,63.25,63.720001220703125,1005700
2016-02-09,53.36908721923828,65.72000122070312,66.01000213623047,64.13999938964844,64.13999938964844,1752500
2016-02-10,54.14866638183594,66.68000030517578,66.73999786376953,65.66999816894531,66.0,1556800
2016-02-11,53.66143035888672,66.08000183105469,66.77999877929688,65.44999694824219,66.38999938964844,1898200
2016-02-12,52.84937286376953,65.08000183105469,66.37000274658203,64.93000030517578,66.08000183105469,1489100
2016-02-16,52.906211853027344,65.1500015258789,65.58999633789062,63.630001068115234,65.58999633789062,1709200
2016-02-17,52.548892974853516,64.70999908447266,65.51000213623047,64.41000366210938,65.51000213623047,1837100
2016-02-18,53.44218063354492,65.80999755859375,66.31999969482422,64.6500015258789,64.73999786376953,1649200
2016-02-19,53.4096794128418,65.7699966430664,66.36000061035156,65.30999755859375,65.43000030517578,996100
2016-02-22,53.81571960449219,66.2699966430664,66.43000030517578,65.86000061035156,66.20999908447266,668900
2016-02-23,54.14054489135742,66.66999816894531,66.86000061035156,66.11000061035156,66.11000061035156,865900
2016-02-24,54.15678405761719,66.69000244140625,66.94999694824219,66.06999969482422,66.76000213623047,1178900
2016-02-25,55.26119613647461,68.05000305175781,68.48999786376953,67.12999725341797,67.5999984741211,1350600
2016-02-26,52.63010025024414,64.80999755859375,67.66000366210938,64.66000366210938,67.66000366210938,2436800
2016-02-29,52.63822555541992,64.81999969482422,66.02999877929688,64.6500015258789,64.70999908447266,1427100
2016-03-01,53.02801513671875,65.30000305175781,65.83999633789062,64.93000030517578,65.0999984741211,1120500
2016-03-02,55.8377799987793,68.76000213623047,69.02999877929688,67.05999755859375,68.25,13574700
2016-03-03,55.13939666748047,67.9000015258789,68.62999725341797,67.41000366210938,68.56999969482422,33567100
2016-03-04,55.11503601074219,67.87000274658203,67.9000015258789,66.62999725341797,67.55000305175781,3304500
2016-03-07,54.684627532958984,67.33999633789062,67.83999633789062,67.0199966430664,67.7300033569336,2151500
2016-03-08,55.521060943603516,68.37000274658203,68.62999725341797,67.0999984741211,67.33999633789062,2352600
2016-03-09,55.780921936035156,68.69000244140625,68.9800033569336,68.08000183105469,68.2699966430664,1495500
2016-03-10,55.40738296508789,68.2300033569336,68.9800033569336,67.87000274658203,68.69999694824219,1711900
2016-03-11,55.3099365234375,68.11000061035156,68.98999786376953,67.83999633789062,68.75,2025700
2016-03-14,55.22058868408203,68.0,68.3499984741211,67.63999938964844,67.95999908447266,1498700
2016-03-15,55.6997184753418,68.58999633789062,68.97000122070312,67.68000030517578,67.68000030517578,1430400
2016-03-16,55.95146179199219,68.9000015258789,69.0,67.55000305175781,68.4000015258789,1543700
2016-03-17,56.82038497924805,69.97000122070312,70.0999984741211,68.5999984741211,68.88999938964844,1990300
2016-03-18,55.228729248046875,68.01000213623047,70.0199966430664,68.0,69.98999786376953,3278800
2016-03-21,54.855167388916016,67.55000305175781,68.3499984741211,67.44999694824219,68.01000213623047,2150400
2016-03-22,54.90390396118164,67.61000061035156,67.9000015258789,67.36000061035156,67.55000305175781,1692700
2016-03-23,54.855167388916016,67.55000305175781,67.9000015258789,67.31999969482422,67.81999969482422,1038500
2016-03-24,54.92013931274414,67.62999725341797,67.9800033569336,67.33000183105469,67.68000030517578,1575900
2016-03-28,54.52223205566406,67.13999938964844,68.18000030517578,67.0199966430664,67.48999786376953,1208300
2016-03-29,55.8052978515625,68.72000122070312,68.8499984741211,67.16999816894531,67.16999816894531,1528900
2016-03-30,55.71596145629883,68.61000061035156,68.91999816894531,68.1500015258789,68.6500015258789,1000200
2016-03-31,55.97582244873047,68.93000030517578,69.4000015258789,68.47000122070312,68.75,1404200
2016-04-01,56.43871307373047,69.5,69.69000244140625,68.79000091552734,68.83999633789062,1313900
2016-04-04,56.53616714477539,69.62000274658203,69.83000183105469,68.94999694824219,69.5,1231900
2016-04-05,56.073280334472656,69.05000305175781,69.81999969482422,68.98999786376953,69.56999969482422,1655700
2016-04-06,56.43871307373047,69.5,69.51000213623047,68.66000366210938,69.0,1379800
2016-04-07,56.68233108520508,69.80000305175781,70.18000030517578,69.2300033569336,69.4000015258789,1664100
2016-04-08,57.153324127197266,70.37999725341797,70.62000274658203,69.75,69.75,1079000
2016-04-11,56.925941467285156,70.0999984741211,70.81999969482422,70.0199966430664,70.69000244140625,923400
2016-04-12,57.16143035888672,70.38999938964844,70.44999694824219,69.66000366210938,70.0999984741211,870700
2016-04-13,57.16143035888672,70.38999938964844,70.7699966430664,69.62000274658203,70.7699966430664,871100
2016-04-14,57.202030181884766,70.44000244140625,70.51000213623047,70.05000305175781,70.16999816894531,835300
2016-04-15,57.86794662475586,71.26000213623047,71.43000030517578,70.30000305175781,70.30000305175781,1438400
2016-04-18,58.225242614746094,71.69999694824219,71.72000122070312,70.70999908447266,71.2300033569336,940400
2016-04-19,58.63130569458008,72.19999694824219,72.20999908447266,71.29000091552734,71.69999694824219,876800
2016-04-20,57.5593376159668,70.87999725341797,72.4000015258789,70.83000183105469,72.30000305175781,1171200
2016-04-21,55.431739807128906,68.26000213623047,70.58999633789062,68.08999633789062,70.58000183105469,2645300
2016-04-22,56.227561950683594,69.23999786376953,69.44000244140625,68.4000015258789,68.4000015258789,1524500
2016-04-25,57.49440002441406,70.80000305175781,70.80000305175781,69.76000213623047,70.19999694824219,1618600
2016-04-26,57.989742279052734,71.41000366210938,71.75,70.81999969482422,70.88999938964844,1280300
2016-04-27,58.60693359375,72.16999816894531,72.37000274658203,71.12000274658203,71.62999725341797,1141700
2016-04-28,58.78557586669922,72.38999938964844,72.66000366210938,71.51000213623047,71.6500015258789,956000
2016-04-29,59.086036682128906,72.76000213623047,72.87999725341797,71.5,72.08000183105469,1439200
2016-05-02,60.2473030090332,74.19000244140625,74.2699966430664,72.66000366210938,73.0999984741211,1578500
2016-05-03,60.036170959472656,73.93000030517578,74.58999633789062,73.54000091552734,74.23999786376953,1372900
2016-05-04,60.458431243896484,74.44999694824219,74.88999938964844,73.2699966430664,73.80000305175781,1409000
2016-05-05,59.7442741394043,73.19999694824219,74.87999725341797,72.86000061035156,73.88999938964844,1578600
2016-05-06,60.41354751586914,74.0199966430664,74.0999984741211,72.55000305175781,73.18000030517578,1583700
2016-05-09,60.633941650390625,74.29000091552734,74.48999786376953,73.94000244140625,74.19000244140625,1276500
2016-05-10,60.8134765625,74.51000213623047,74.66999816894531,74.06999969482422,74.41000366210938,935800
2016-05-11,60.82162857055664,74.5199966430664,74.72000122070312,73.87000274658203,74.5999984741211,975200
2016-05-12,61.164432525634766,74.94000244140625,75.0999984741211,74.16999816894531,74.54000091552734,1093900
2016-05-13,60.97671890258789,74.70999908447266,75.02999877929688,74.19000244140625,74.63999938964844,713700
2016-05-16,61.37664031982422,75.19999694824219,75.25,74.25,74.38999938964844,862000
2016-05-17,59.85036849975586,73.33000183105469,75.19999694824219,72.83000183105469,75.05000305175781,1469000
2016-05-18,59.28722381591797,72.63999938964844,73.98999786376953,71.93000030517578,72.91000366210938,1460900
2016-05-19,59.90751266479492,73.4000015258789,73.41000366210938,72.1500015258789,72.58000183105469,908000
2016-05-20,59.915687561035156,73.41000366210938,73.87000274658203,72.95999908447266,73.5999984741211,3491900
2016-05-23,59.70346450805664,73.1500015258789,73.87999725341797,73.08999633789062,73.62999725341797,881300
2016-05-24,60.38090515136719,73.9800033569336,74.04000091552734,73.0199966430664,73.44999694824219,1232200
2016-05-25,59.809574127197266,73.27999877929688,74.54000091552734,73.08000183105469,74.0999984741211,1289600
2016-05-26,60.38090515136719,73.9800033569336,74.0999984741211,73.0,73.43000030517578,1148900
2016-05-27,60.49516677856445,74.12000274658203,74.22000122070312,73.4800033569336,73.97000122070312,956800
2016-05-31,60.47883224487305,74.0999984741211,74.58000183105469,73.83999633789062,74.16999816894531,1755200
2016-06-01,61.409297943115234,75.23999786376953,75.23999786376953,73.94999694824219,74.05999755859375,1044600
2016-06-02,61.37664031982422,75.19999694824219,75.23999786376953,74.19000244140625,75.23999786376953,966700
2016-06-03,62.4050178527832,76.45999908447266,76.75,75.81999969482422,75.83999633789062,1017400
2016-06-06,61.89082336425781,75.83000183105469,76.33000183105469,75.5,76.04000091552734,1038900
2016-06-07,62.00509262084961,75.97000122070312,76.37000274658203,75.56999969482422,75.69000244140625,809100
2016-06-08,62.60908508300781,76.70999908447266,76.75,75.69000244140625,75.87000274658203,796100
2016-06-09,63.229366302490234,77.47000122070312,77.55999755859375,76.18000030517578,76.48999786376953,837800
2016-06-10,63.25384521484375,77.5,77.76000213623047,77.0199966430664,77.0999984741211,839900
2016-06-13,63.38444900512695,77.66000366210938,78.0999984741211,77.4800033569336,77.5999984741211,996000
2016-06-14,63.67826461791992,78.0199966430664,78.02999877929688,77.0,77.31999969482422,1188800
2016-06-15,63.50686264038086,77.80999755859375,78.5199966430664,77.1500015258789,78.25,948200
2016-06-16,64.21693420410156,78.68000030517578,78.75,77.83000183105469,77.83000183105469,1129800
2016-06-17,63.80070877075195,78.16999816894531,78.79000091552734,77.5,78.54000091552734,2037500
2016-06-20,63.33544921875,77.5999984741211,78.25,76.75,78.25,1999400
2016-06-21,63.784358978271484,78.1500015258789,78.55000305175781,77.36000061035156,77.80000305175781,1250800
2016-06-22,63.87416076660156,78.26000213623047,78.5,77.81999969482422,78.25,908700
2016-06-23,64.42914581298828,78.94000244140625,78.94000244140625,78.08000183105469,78.5,922000
2016-06-24,65.23714447021484,79.93000030517578,80.88999938964844,77.68000030517578,77.68000030517578,2603000
2016-06-27,66.68995666503906,81.70999908447266,82.01000213623047,80.02999877929688,80.19999694824219,1957000
2016-06-28,67.02459716796875,82.12000274658203,82.56999969482422,80.76000213623047,82.33000183105469,1654800
2016-06-29,67.18782806396484,82.31999969482422,83.19000244140625,82.04000091552734,82.76000213623047,1544600
2016-06-30,68.97526550292969,84.51000213623047,84.54000091552734,82.4000015258789,82.58999633789062,1951800
2016-07-01,68.640625,84.0999984741211,85.0999984741211,83.08000183105469,84.80999755859375,1045300
2016-07-05,69.17933654785156,84.76000213623047,85.23999786376953,83.80000305175781,84.0999984741211,1303100
2016-07-06,68.61614990234375,84.06999969482422,84.41000366210938,83.02999877929688,83.9000015258789,1790200
2016-07-07,67.40005493164062,82.58000183105469,83.8499984741211,82.33000183105469,83.69999694824219,2064400
2016-07-08,68.03662872314453,83.36000061035156,83.38999938964844,81.5,82.19000244140625,1724500
2016-07-11,67.54694366455078,82.76000213623047,83.20999908447266,82.36000061035156,83.20999908447266,1753600
2016-07-12,66.34716033935547,81.29000091552734,82.76000213623047,81.19999694824219,82.51000213623047,1933700
2016-07-13,66.9266586303711,82.0,82.18000030517578,81.61000061035156,81.81999969482422,1391600
2016-07-14,66.706298828125,81.7300033569336,81.87999725341797,81.19999694824219,81.51000213623047,1174000
2016-07-15,66.59203338623047,81.58999633789062,82.44000244140625,81.51000213623047,81.86000061035156,864600
2016-07-18,66.47774505615234,81.44999694824219,81.94999694824219,81.37000274658203,81.5999984741211,1456200
2016-07-19,66.69813537597656,81.72000122070312,81.76000213623047,81.20999908447266,81.61000061035156,1168200
2016-07-20,66.59203338623047,81.58999633789062,81.98999786376953,81.33000183105469,81.80000305175781,885000
2016-07-21,66.23291015625,81.1500015258789,81.37999725341797,80.45999908447266,81.37999725341797,1731000
2016-07-22,67.61222076416016,82.83999633789062,83.0,81.37000274658203,81.37000274658203,1385300
2016-07-25,67.6041030883789,82.83000183105469,83.02999877929688,82.33999633789062,82.95999908447266,797300
2016-07-26,67.11439514160156,82.2300033569336,83.20999908447266,82.01000213623047,82.98999786376953,902100
2016-07-27,66.49407196044922,81.47000122070312,82.20999908447266,80.62999725341797,81.97000122070312,1322200
2016-07-28,66.97564697265625,82.05999755859375,82.37000274658203,81.23999786376953,81.4000015258789,914700
2016-07-29,67.40005493164062,82.58000183105469,82.98999786376953,82.0,82.0,927900
2016-08-01,67.61222076416016,82.83999633789062,83.0,82.31999969482422,82.5,787500
2016-08-02,66.98379516601562,82.06999969482422,82.75,81.86000061035156,82.58999633789062,913000
2016-08-03,66.24922180175781,81.16999816894531,82.30000305175781,81.02999877929688,82.12999725341797,1069000
2016-08-04,65.72032928466797,80.1500015258789,80.97000122070312,79.73999786376953,80.62000274658203,1391200
2016-08-05,64.35102844238281,78.4800033569336,80.36000061035156,78.19000244140625,80.30999755859375,2435500
2016-08-08,63.67045211791992,77.6500015258789,79.12999725341797,77.54000091552734,78.41999816894531,1857200
2016-08-09,63.74423599243164,77.73999786376953,77.94999694824219,77.12999725341797,77.73999786376953,1500500
2016-08-10,64.04762268066406,78.11000061035156,78.16999816894531,77.51000213623047,77.75,1073200
2016-08-11,63.81802749633789,77.83000183105469,78.33000183105469,77.37000274658203,78.11000061035156,1266300
2016-08-12,63.760650634765625,77.76000213623047,78.52999877929688,77.69000244140625,78.31999969482422,1121500
2016-08-15,62.76028060913086,76.54000091552734,78.12999725341797,76.52999877929688,77.79000091552734,1078800
2016-08-16,61.932098388671875,75.52999877929688,76.41000366210938,75.3499984741211,76.41000366210938,1312800
2016-08-17,63.104644775390625,76.95999908447266,77.04000091552734,74.76000213623047,75.62999725341797,1687000
2016-08-18,63.46542739868164,77.4000015258789,77.44000244140625,76.73999786376953,76.8499984741211,1266500
2016-08-19,62.67825698852539,76.44000244140625,77.25,75.95999908447266,77.12000274658203,980200
2016-08-22,62.83406448364258,76.62999725341797,77.01000213623047,76.37000274658203,76.51000213623047,740800
2016-08-23,62.71927261352539,76.48999786376953,76.94999694824219,76.4800033569336,76.58999633789062,964800
2016-08-24,62.53068542480469,76.26000213623047,76.5,75.62999725341797,76.37000274658203,663300
2016-08-25,62.538856506347656,76.2699966430664,76.80999755859375,76.22000122070312,76.25,608000
2016-08-26,61.33353805541992,74.80000305175781,76.94000244140625,74.75,76.31999969482422,1296600
2016-08-29,61.85010528564453,75.43000030517578,75.86000061035156,75.0,75.11000061035156,1420500
2016-08-30,60.70215606689453,74.02999877929688,75.80999755859375,73.94000244140625,75.5,1129700
2016-08-31,60.669342041015625,73.98999786376953,74.16999816894531,73.44000244140625,74.0,1164800
2016-09-01,60.152774810791016,73.36000061035156,73.94999694824219,73.29000091552734,73.7300033569336,1143500
2016-09-02,61.33353805541992,74.80000305175781,74.83999633789062,73.37999725341797,73.48999786376953,1477800
2016-09-06,62.2354850769043,75.9000015258789,76.13999938964844,74.93000030517578,74.93000030517578,1265900
2016-09-07,62.317474365234375,76.0,76.19999694824219,75.16999816894531,75.7699966430664,894400
2016-09-08,62.09609603881836,75.7300033569336,76.30999755859375,75.43000030517578,75.69999694824219,720200
2016-09-09,59.439395904541016,72.48999786376953,75.20999908447266,72.48999786376953,75.04000091552734,1523400
2016-09-12,60.259368896484375,73.48999786376953,73.81999969482422,72.12000274658203,72.37999725341797,1212700
2016-09-13,59.82480239868164,72.95999908447266,73.63999938964844,72.72000122070312,73.33999633789062,1242100
2016-09-14,60.078975677490234,73.2699966430664,73.94000244140625,72.77999877929688,73.0999984741211,1296700
2016-09-15,60.44794845581055,73.72000122070312,73.87000274658203,73.12000274658203,73.22000122070312,892600
2016-09-16,60.9481315612793,74.33000183105469,74.55999755859375,73.56999969482422,73.56999969482422,1876200
2016-09-19,61.645111083984375,75.18000030517578,75.26000213623047,74.52999877929688,74.68000030517578,816600
2016-09-20,61.62052536010742,75.1500015258789,76.05999755859375,75.13999938964844,75.68000030517578,910900
2016-09-21,62.948848724365234,76.7699966430664,76.8499984741211,75.12000274658203,75.25,1186100
2016-09-22,63.432640075683594,77.36000061035156,77.5199966430664,76.91000366210938,77.11000061035156,1015700
2016-09-23,62.71927261352539,76.48999786376953,77.80000305175781,76.4800033569336,77.80000305175781,1116800
2016-09-26,62.87508010864258,76.68000030517578,77.13999938964844,76.19999694824219,76.55000305175781,662700
2016-09-27,62.44047927856445,76.1500015258789,77.41999816894531,76.0199966430664,76.94999694824219,876000
2016-09-28,62.50607681274414,76.2300033569336,76.38999938964844,75.56999969482422,76.2300033569336,772900
2016-09-29,61.48111343383789,74.9800033569336,76.01000213623047,74.76000213623047,75.88999938964844,939100
2016-09-30,61.366310119628906,74.83999633789062,75.72000122070312,74.51000213623047,75.51000213623047,1738900
2016-10-03,60.72673797607422,74.05999755859375,74.86000061035156,73.83000183105469,74.62999725341797,1080100
2016-10-04,58.96381378173828,71.91000366210938,74.18000030517578,71.30999755859375,73.8499984741211,1789900
2016-10-05,58.35704040527344,71.16999816894531,72.4800033569336,71.12000274658203,72.08000183105469,1219900
2016-10-06,58.381656646728516,71.19999694824219,71.38999938964844,70.55999755859375,71.16999816894531,1466900
2016-10-07,57.92245864868164,70.63999938964844,72.20999908447266,70.61000061035156,71.77999877929688,1031100
2016-10-10,58.52924728393555,71.37999725341797,71.5999984741211,70.81999969482422,70.83000183105469,855100
2016-10-11,57.79947280883789,70.48999786376953,71.0999984741211,70.12000274658203,71.0999984741211,916800
2016-10-12,58.45542526245117,71.29000091552734,71.47000122070312,70.47000122070312,70.48999786376953,839700
2016-10-13,58.84082794189453,71.76000213623047,72.30000305175781,71.16999816894531,71.4000015258789,748200
2016-10-14,58.81622314453125,71.7300033569336,72.48999786376953,71.45999908447266,71.76000213623047,866900
2016-10-17,58.82443618774414,71.73999786376953,72.19999694824219,71.62999725341797,71.93000030517578,538100
2016-10-18,59.38201141357422,72.41999816894531,72.69000244140625,71.5,72.2300033569336,954600
2016-10-19,58.75882339477539,71.66000366210938,72.30999755859375,70.93000030517578,72.19000244140625,1141100
2016-10-20,58.832618713378906,71.75,72.19000244140625,71.51000213623047,71.75,664200
2016-10-21,58.70142364501953,71.58999633789062,71.8499984741211,71.19999694824219,71.2699966430664,594500
2016-10-24,59.111412048339844,72.08999633789062,72.18000030517578,71.61000061035156,71.81999969482422,846700
2016-10-25,59.562400817871094,72.63999938964844,72.69999694824219,71.66999816894531,71.9800033569336,713600
2016-10-26,59.45580291748047,72.51000213623047,72.87000274658203,72.16999816894531,72.58999633789062,729400
2016-10-27,59.30000686645508,72.31999969482422,72.55000305175781,71.87000274658203,72.4000015258789,872600
2016-10-28,59.472198486328125,72.52999877929688,72.87000274658203,72.08999633789062,72.45999908447266,739500
2016-10-31,60.710365295410156,74.04000091552734,74.48999786376953,72.66999816894531,72.80999755859375,1371900
2016-11-01,59.898597717285156,73.05000305175781,74.05000305175781,72.91000366210938,74.05000305175781,1169400
2016-11-02,59.439395904541016,72.48999786376953,73.0,71.77999877929688,72.98999786376953,1063500
2016-11-03,59.111412048339844,72.08999633789062,72.41000366210938,71.31999969482422,71.58000183105469,958600
2016-11-04,57.88145446777344,70.58999633789062,72.55000305175781,70.58000183105469,72.36000061035156,1184600
2016-11-07,58.817108154296875,71.3499984741211,71.36000061035156,69.73999786376953,70.6500015258789,871900
2016-11-08,59.699161529541016,72.41999816894531,72.83000183105469,71.4800033569336,71.4800033569336,803600
2016-11-09,59.55902099609375,72.25,73.61000061035156,71.98999786376953,73.5199966430664,1735600
2016-11-10,58.553321838378906,71.02999877929688,72.18000030517578,69.41000366210938,72.11000061035156,2342400
2016-11-11,58.75939178466797,71.27999877929688,72.4000015258789,70.87000274658203,70.87000274658203,1038200
2016-11-14,58.207069396972656,70.61000061035156,71.44999694824219,69.79000091552734,71.0199966430664,1231000
2016-11-15,59.039649963378906,71.62000274658203,71.81999969482422,70.94000244140625,71.13999938964844,1181800
2016-11-16,59.31169891357422,71.94999694824219,72.12000274658203,70.81999969482422,71.6500015258789,1153700
2016-11-17,59.1798210144043,71.79000091552734,72.27999877929688,71.5,71.7300033569336,921100
2016-11-18,59.21277618408203,71.83000183105469,72.26000213623047,71.4000015258789,71.75,995500
2016-11-21,59.71564865112305,72.44000244140625,72.51000213623047,71.76000213623047,72.0999984741211,829300
2016-11-22,61.11702346801758,74.13999938964844,74.30999755859375,72.0999984741211,72.63999938964844,984100
2016-11-23,59.75685119628906,72.48999786376953,74.30999755859375,72.19000244140625,73.5999984741211,902000
2016-11-25,61.29838180541992,74.36000061035156,74.4800033569336,72.63999938964844,72.63999938964844,550200
2016-11-28,61.7435417175293,74.9000015258789,75.62000274658203,74.6500015258789,74.66999816894531,955400
2016-11-29,62.63383865356445,75.9800033569336,76.12000274658203,74.80999755859375,74.8499984741211,978300
2016-11-30,59.7403678894043,72.47000122070312,75.55000305175781,72.45999908447266,75.55000305175781,1517100
2016-12-01,59.12210464477539,71.72000122070312,72.4000015258789,70.93000030517578,72.02999877929688,1005800
2016-12-02,59.78160095214844,72.5199966430664,72.83999633789062,72.06999969482422,72.2300033569336,1142600
2016-12-05,59.78160095214844,72.5199966430664,72.55000305175781,70.9800033569336,72.12999725341797,845000
2016-12-06,59.5342903137207,72.22000122070312,72.83999633789062,71.95999908447266,72.5,1067900
2016-12-07,59.89698791503906,72.66000366210938,73.02999877929688,72.23999786376953,72.37999725341797,1056200
2016-12-08,60.21849822998047,73.05000305175781,73.12999725341797,71.58999633789062,72.12000274658203,961400
2016-12-09,60.19374465942383,73.0199966430664,73.25,72.37999725341797,73.16000366210938,987400
2016-12-12,60.787296295166016,73.73999786376953,73.75,72.5,72.5,1108600
2016-12-13,61.125247955322266,74.1500015258789,74.56999969482422,73.69999694824219,73.69999694824219,1257600
2016-12-14,59.30345916748047,71.94000244140625,74.87999725341797,71.87000274658203,74.54000091552734,1171800
2016-12-15,59.3364372253418,71.9800033569336,72.31999969482422,71.51000213623047,71.88999938964844,1179500
2016-12-16,60.07832717895508,72.87999725341797,73.08999633789062,71.91999816894531,72.44999694824219,2626000
2016-12-19,60.43281555175781,73.30999755859375,73.5199966430664,72.30999755859375,73.08999633789062,795200
2016-12-20,60.333885192871094,73.19000244140625,74.31999969482422,73.01000213623047,73.51000213623047,1193700
2016-12-21,60.012413024902344,72.80000305175781,73.97000122070312,72.77999877929688,73.36000061035156,922600
2016-12-22,59.71564865112305,72.44000244140625,73.16999816894531,72.33000183105469,72.83000183105469,799400
2016-12-23,60.13603973388672,72.94999694824219,73.08999633789062,72.51000213623047,72.66000366210938,393400
2016-12-27,60.24324035644531,73.08000183105469,73.19000244140625,72.58000183105469,72.75,507900
2016-12-28,59.3364372253418,71.9800033569336,73.22000122070312,71.9000015258789,73.12000274658203,595200
2016-12-29,59.946449279785156,72.72000122070312,72.79000091552734,71.76000213623047,71.9800033569336,794200
2016-12-30,59.64970397949219,72.36000061035156,72.88999938964844,72.02999877929688,72.66000366210938,775400
2017-01-03,59.55902099609375,72.25,72.44999694824219,71.51000213623047,72.37000274658203,806300
2017-01-04,60.02064895629883,72.80999755859375,73.0,72.16000366210938,72.48999786376953,640000
2017-01-05,60.11955261230469,72.93000030517578,73.20999908447266,71.72000122070312,72.69000244140625,763100
2017-01-06,60.04537582397461,72.83999633789062,73.06999969482422,72.44999694824219,72.6500015258789,919700
2017-01-09,58.817108154296875,71.3499984741211,73.0,71.19000244140625,72.87999725341797,794100
2017-01-10,58.29777145385742,70.72000122070312,71.25,70.5199966430664,71.20999908447266,1087800
2017-01-11,58.174095153808594,70.56999969482422,71.25,70.31999969482422,70.66000366210938,945600
2017-01-12,58.27302551269531,70.69000244140625,70.87000274658203,69.95999908447266,70.5999984741211,949100
2017-01-13,58.38020324707031,70.81999969482422,71.05000305175781,70.4000015258789,70.62000274658203,589500
2017-01-17,59.4106330871582,72.06999969482422,72.33000183105469,71.01000213623047,71.11000061035156,957300
2017-01-18,59.847530364990234,72.5999984741211,72.63999938964844,71.56999969482422,72.01000213623047,1361100
2017-01-19,59.24576950073242,71.87000274658203,72.5199966430664,71.7300033569336,71.80999755859375,834300
2017-01-20,59.29521560668945,71.93000030517578,72.4000015258789,71.58000183105469,71.81999969482422,813000
2017-01-23,59.16331100463867,71.7699966430664,72.20999908447266,71.4800033569336,72.01000213623047,743500
2017-01-24,59.27872085571289,71.91000366210938,72.0,71.30999755859375,71.7699966430664,819100
2017-01-25,59.12210464477539,71.72000122070312,71.87999725341797,71.0,71.44000244140625,1202100
2017-01-26,59.50956344604492,72.19000244140625,72.43000030517578,71.5,71.66999816894531,941300
2017-01-27,59.60847473144531,72.30999755859375,72.5,72.01000213623047,72.30000305175781,869300
2017-01-30,59.27872085571289,71.91000366210938,72.36000061035156,71.55000305175781,71.91999816894531,1073900
2017-01-31,60.53997802734375,73.44000244140625,73.47000122070312,71.88999938964844,71.94999694824219,1062500
2017-02-01,59.188072204589844,71.80000305175781,72.91999816894531,71.62999725341797,72.91000366210938,1315400
2017-02-02,60.16902542114258,72.98999786376953,73.04000091552734,71.76000213623047,71.91000366210938,1099100
2017-02-03,59.999183654785156,72.41000366210938,72.97000122070312,72.06999969482422,72.69000244140625,736100
2017-02-06,59.7340202331543,72.08999633789062,72.54000091552734,71.88999938964844,72.54000091552734,857500
2017-02-07,59.7340202331543,72.08999633789062,72.2300033569336,71.69999694824219,72.05000305175781,783500
2017-02-08,60.43001937866211,72.93000030517578,73.1500015258789,71.94000244140625,72.2300033569336,790800
2017-02-09,60.36372375488281,72.8499984741211,73.12000274658203,72.45999908447266,72.93000030517578,716200
2017-02-10,60.86918258666992,73.45999908447266,73.47000122070312,72.55000305175781,72.87000274658203,701200
2017-02-13,60.67033386230469,73.22000122070312,73.69999694824219,72.9800033569336,73.37999725341797,650300
2017-02-14,60.330604553222656,72.80999755859375,73.22000122070312,72.52999877929688,72.91999816894531,777100
2017-02-15,60.496334075927734,73.01000213623047,73.04000091552734,71.88999938964844,72.47000122070312,670200
2017-02-16,60.852622985839844,73.44000244140625,73.7300033569336,73.01000213623047,73.12000274658203,625400
2017-02-17,61.15920639038086,73.80999755859375,74.0199966430664,73.16000366210938,73.44000244140625,2662800
2017-02-21,61.631507873535156,74.37999725341797,74.44000244140625,73.62999725341797,73.80999755859375,1024800
2017-02-22,62.078941345214844,74.91999816894531,75.23999786376953,73.05000305175781,75.0,1212700
2017-02-23,62.617557525634766,75.56999969482422,75.75,74.9800033569336,75.01000213623047,993400
2017-02-24,63.22243881225586,76.30000305175781,76.69000244140625,75.70999908447266,75.70999908447266,866200
2017-02-27,63.346717834472656,76.44999694824219,76.75,75.77999877929688,76.22000122070312,830300
2017-02-28,64.63105773925781,78.0,78.7300033569336,76.2699966430664,76.48999786376953,1766400
2017-03-01,64.34931945800781,77.66000366210938,78.44000244140625,76.87999725341797,77.04000091552734,1647600
2017-03-02,64.49849700927734,77.83999633789062,78.11000061035156,77.05000305175781,77.54000091552734,1341000
2017-03-03,64.08416748046875,77.33999633789062,78.08000183105469,77.02999877929688,77.87999725341797,914700
2017-03-06,64.05103302001953,77.30000305175781,77.58999633789062,77.05999755859375,77.2300033569336,752600
2017-03-07,63.71131896972656,76.88999938964844,77.4800033569336,76.8499984741211,77.30000305175781,692500
2017-03-08,62.53468322753906,75.47000122070312,76.33999633789062,75.25,76.31999969482422,650600
2017-03-09,62.37725830078125,75.27999877929688,75.91999816894531,75.08999633789062,75.48999786376953,557500
2017-03-10,62.90755844116211,75.91999816894531,76.16999816894531,75.29000091552734,75.80999755859375,597200
2017-03-13,63.04842758178711,76.08999633789062,76.43000030517578,75.91999816894531,76.0,674700
2017-03-14,62.98213577270508,76.01000213623047,76.44999694824219,75.83000183105469,76.0,367800
2017-03-15,63.984737396240234,77.22000122070312,77.45999908447266,75.23999786376953,75.5199966430664,760600
2017-03-16,62.75841522216797,75.73999786376953,77.04000091552734,75.66000366210938,76.9000015258789,843800
2017-03-17,63.139522552490234,76.19999694824219,76.72000122070312,75.56999969482422,75.66000366210938,1876600
2017-03-20,62.91581726074219,75.93000030517578,76.43000030517578,75.51000213623047,76.4000015258789,522400
2017-03-21,63.379859924316406,76.48999786376953,76.77999877929688,75.52999877929688,76.0,801300
2017-03-22,63.93503952026367,77.16000366210938,77.44000244140625,76.86000061035156,76.86000061035156,859600
2017-03-23,63.379859924316406,76.48999786376953,77.58000183105469,76.29000091552734,77.0,647700
2017-03-24,63.87702560424805,77.08999633789062,77.2300033569336,76.30000305175781,76.62999725341797,571900
2017-03-27,63.66987609863281,76.83999633789062,77.66999816894531,76.41000366210938,77.58000183105469,877600
2017-03-28,63.95988464355469,77.19000244140625,77.27999877929688,76.44000244140625,76.70999908447266,951600
2017-03-29,63.94331741333008,77.16999816894531,77.3499984741211,76.47000122070312,77.06999969482422,1035500
2017-03-30,63.802459716796875,77.0,77.19000244140625,76.31999969482422,77.05000305175781,949600
2017-03-31,64.44049072265625,77.7699966430664,78.05000305175781,77.05999755859375,77.08999633789062,1453700
2017-04-03,63.91844940185547,77.13999938964844,77.75,76.7300033569336,77.58999633789062,915900
2017-04-04,64.39904022216797,77.72000122070312,77.97000122070312,77.0999984741211,77.26000213623047,735800
2017-04-05,64.87132263183594,78.29000091552734,78.51000213623047,77.36000061035156,77.69999694824219,896600
2017-04-06,64.58134460449219,77.94000244140625,78.29000091552734,77.33999633789062,78.05999755859375,684900
2017-04-07,64.54818725585938,77.9000015258789,78.4800033569336,77.8499984741211,78.02999877929688,540400
2017-04-10,64.64762878417969,78.0199966430664,78.08999633789062,77.4800033569336,78.0,487400
2017-04-11,64.879638671875,78.30000305175781,78.5,77.75,77.94000244140625,657300
2017-04-12,65.31047821044922,78.81999969482422,78.83999633789062,78.11000061035156,78.37000274658203,1039300
2017-04-13,65.10334777832031,78.56999969482422,78.94999694824219,78.12999725341797,78.79000091552734,581100
2017-04-17,65.59223937988281,79.16000366210938,79.2300033569336,78.56999969482422,78.5999984741211,788000
2017-04-18,65.87395477294922,79.5,79.63999938964844,79.0199966430664,79.22000122070312,660800
2017-04-19,65.72481536865234,79.31999969482422,79.69000244140625,79.01000213623047,79.4800033569336,723300
2017-04-20,65.60051727294922,79.16999816894531,79.31999969482422,78.36000061035156,79.31999969482422,874000
2017-04-21,66.71086120605469,80.51000213623047,80.63999938964844,79.20999908447266,79.27999877929688,1126100
2017-04-24,66.92626953125,80.7699966430664,81.26000213623047,80.27999877929688,80.51000213623047,1101400
2017-04-25,67.09199523925781,80.97000122070312,81.0999984741211,80.5,80.5,731800
2017-04-26,66.47883605957031,80.2300033569336,80.62999725341797,79.63999938964844,80.5199966430664,1104600
2017-04-27,66.62799835205078,80.41000366210938,81.48999786376953,80.33999633789062,80.33999633789062,913300
2017-04-28,66.08940887451172,79.76000213623047,80.69000244140625,79.55999755859375,80.3499984741211,1082800
2017-05-01,65.45137786865234,78.98999786376953,80.05000305175781,78.9000015258789,79.83000183105469,769900
2017-05-02,65.55081176757812,79.11000061035156,79.58000183105469,78.83000183105469,79.11000061035156,1298600
2017-05-03,64.72196960449219,77.69999694824219,78.73999786376953,77.55999755859375,78.73999786376953,1254900
2017-05-04,63.039398193359375,75.68000030517578,77.16000366210938,75.2699966430664,76.44000244140625,1845900
2017-05-05,63.84737014770508,76.6500015258789,76.86000061035156,75.80000305175781,76.05999755859375,1069200
2017-05-08,63.78071212768555,76.56999969482422,77.4000015258789,76.31999969482422,76.87000274658203,1331000
2017-05-09,62.72285461425781,75.30000305175781,76.41999816894531,75.16000366210938,76.26000213623047,1409200
2017-05-10,63.039398193359375,75.68000030517578,75.91999816894531,75.16000366210938,75.2699966430664,1121200
2017-05-11,63.07270431518555,75.72000122070312,75.7699966430664,74.8499984741211,75.44000244140625,749300
2017-05-12,63.56417465209961,76.30999755859375,76.69000244140625,75.51000213623047,75.70999908447266,1078000
2017-05-15,63.72243118286133,76.5,76.73999786376953,76.12999725341797,76.22000122070312,798700
2017-05-16,63.18100357055664,75.8499984741211,76.7699966430664,75.69999694824219,76.69000244140625,1084900
2017-05-17,62.93110275268555,75.55000305175781,75.8499984741211,74.87999725341797,75.8499984741211,983400
2017-05-18,62.68120574951172,75.25,75.94999694824219,74.62999725341797,75.66000366210938,1253600
2017-05-19,63.189327239990234,75.86000061035156,75.91999816894531,74.83999633789062,75.4000015258789,560800
2017-05-22,63.614158630371094,76.37000274658203,76.47000122070312,75.5,75.5199966430664,796700
2017-05-23,63.78071212768555,76.56999969482422,77.0,76.20999908447266,76.20999908447266,685400
2017-05-24,64.17222595214844,77.04000091552734,77.13999938964844,76.48999786376953,76.51000213623047,536900
2017-05-25,64.74700164794922,77.7300033569336,77.8499984741211,76.72000122070312,77.04000091552734,630800
2017-05-26,64.58039093017578,77.52999877929688,77.97000122070312,77.31999969482422,77.9000015258789,703100
2017-05-30,64.78031921386719,77.7699966430664,78.0,77.13999938964844,77.45999908447266,840900
2017-05-31,65.12181091308594,78.18000030517578,78.37000274658203,77.5999984741211,77.62000274658203,1145600
2017-06-01,65.63827514648438,78.80000305175781,78.8499984741211,77.94999694824219,78.29000091552734,571400
2017-06-02,65.80486297607422,79.0,79.48999786376953,78.7300033569336,79.0,692700
2017-06-05,65.64659881591797,78.80999755859375,79.25,78.75,78.87999725341797,536000
2017-06-06,65.59661865234375,78.75,79.23999786376953,78.63999938964844,79.02999877929688,612500
2017-06-07,66.10472869873047,79.36000061035156,79.52999877929688,78.86000061035156,78.94000244140625,869300
2017-06-08,65.54663848876953,78.69000244140625,79.36000061035156,78.11000061035156,79.36000061035156,1023500
2017-06-09,66.02144622802734,79.26000213623047,79.30000305175781,78.38999938964844,78.62000274658203,530700
2017-06-12,66.387939453125,79.69999694824219,80.16999816894531,79.23999786376953,79.27999877929688,801600
2017-06-13,66.78776550292969,80.18000030517578,80.31999969482422,79.58000183105469,79.66000366210938,645900
2017-06-14,67.73738098144531,81.31999969482422,81.70999908447266,80.54000091552734,80.83000183105469,758400
2017-06-15,68.35374450683594,82.05999755859375,82.13999938964844,81.0999984741211,81.0999984741211,817700
2017-06-16,68.82853698730469,82.62999725341797,82.88999938964844,81.83000183105469,82.1500015258789,1664300
2017-06-19,67.74568176269531,81.33000183105469,82.79000091552734,81.13999938964844,82.73999786376953,794900
2017-06-20,67.71237182617188,81.29000091552734,81.52999877929688,80.94999694824219,81.44000244140625,477400
2017-06-21,67.22926330566406,80.70999908447266,81.2300033569336,80.26000213623047,81.12000274658203,558200
2017-06-22,67.5541000366211,81.0999984741211,81.36000061035156,80.26000213623047,80.75,582000
2017-06-23,67.5790786743164,81.12999725341797,81.56999969482422,80.9000015258789,80.94000244140625,1010700
2017-06-26,67.64572143554688,81.20999908447266,82.0,81.01000213623047,81.12999725341797,869700
2017-06-27,66.69615936279297,80.06999969482422,81.12000274658203,79.80000305175781,80.93000030517578,792200
2017-06-28,66.3462905883789,79.6500015258789,80.56999969482422,79.5999984741211,80.43000030517578,771900
2017-06-29,65.0551986694336,78.0999984741211,79.3499984741211,77.7300033569336,79.19999694824219,1453900
2017-06-30,64.93023681640625,77.94999694824219,78.77999877929688,77.8499984741211,78.0999984741211,993000
2017-07-03,65.03018951416016,78.06999969482422,78.54000091552734,77.87000274658203,78.25,381800
2017-07-05,64.89691925048828,77.91000366210938,78.23999786376953,77.5,78.06999969482422,605700
2017-07-06,64.63868713378906,77.5999984741211,78.11000061035156,77.37000274658203,77.73999786376953,577900
2017-07-07,64.7719955444336,77.76000213623047,78.2300033569336,77.52999877929688,77.79000091552734,659000
2017-07-10,64.86361694335938,77.87000274658203,78.26000213623047,77.77999877929688,78.0199966430664,623000
2017-07-11,64.76364135742188,77.75,78.05999755859375,77.36000061035156,77.94999694824219,486700
2017-07-12,65.40502166748047,78.5199966430664,79.12000274658203,78.3499984741211,78.44999694824219,785700
2017-07-13,64.7719955444336,77.76000213623047,78.62000274658203,77.69000244140625,78.55000305175781,672000
2017-07-14,65.50497436523438,78.63999938964844,78.9800033569336,78.12000274658203,78.33000183105469,768000
2017-07-17,66.07142639160156,79.31999969482422,79.3499984741211,78.37000274658203,78.63999938964844,695900
2017-07-18,66.36294555664062,79.66999816894531,79.93000030517578,79.22000122070312,79.33999633789062,692800
2017-07-19,66.65449523925781,80.0199966430664,80.13999938964844,79.55000305175781,79.83000183105469,418300
2017-07-20,67.47078704833984,81.0,81.25,80.1500015258789,80.36000061035156,702700
2017-07-21,68.23715209960938,81.91999816894531,81.91999816894531,80.87000274658203,81.08000183105469,585200
2017-07-24,67.4124984741211,80.93000030517578,81.69000244140625,80.91000366210938,81.69000244140625,521000
2017-07-25,67.27090454101562,80.76000213623047,81.12000274658203,80.47000122070312,80.93000030517578,468400
2017-07-26,67.7623519897461,81.3499984741211,81.45999908447266,80.44000244140625,80.55999755859375,307800
2017-07-27,67.3042221069336,80.80000305175781,81.37999725341797,80.19000244140625,81.3499984741211,623200
2017-07-28,67.51246643066406,81.05000305175781,81.1500015258789,80.5,80.87000274658203,495500
2017-07-31,67.5541000366211,81.0999984741211,81.36000061035156,80.55000305175781,81.04000091552734,775000
2017-08-01,67.787353515625,81.37999725341797,81.5999984741211,80.91000366210938,81.22000122070312,599400
2017-08-02,68.30377960205078,82.0,82.11000061035156,80.83999633789062,81.06999969482422,870400
2017-08-03,67.17929077148438,80.6500015258789,81.55000305175781,79.7699966430664,81.25,1203800
2017-08-04,67.53744506835938,81.08000183105469,81.37999725341797,80.63999938964844,80.6500015258789,772500
2017-08-07,68.14445495605469,81.38999938964844,81.69000244140625,80.68000030517578,80.91000366210938,716700
2017-08-08,68.07747650146484,81.30999755859375,81.58999633789062,80.9800033569336,81.16999816894531,585700
2017-08-09,68.38725280761719,81.68000030517578,81.87999725341797,81.01000213623047,81.27999877929688,891400
2017-08-10,68.11933135986328,81.36000061035156,81.77999877929688,81.13999938964844,81.47000122070312,595500
2017-08-11,67.58346557617188,80.72000122070312,81.25,80.25,81.20999908447266,497200
2017-08-14,68.09420776367188,81.33000183105469,81.41000366210938,80.44000244140625,80.80999755859375,763600
2017-08-15,68.45425415039062,81.76000213623047,81.87000274658203,80.91000366210938,81.05000305175781,609100
2017-08-16,68.31190490722656,81.58999633789062,82.18000030517578,81.51000213623047,81.62000274658203,689900
2017-08-17,68.09420776367188,81.33000183105469,82.0,81.26000213623047,81.58999633789062,604700
2017-08-18,68.18633270263672,81.44000244140625,81.9800033569336,80.97000122070312,81.19999694824219,730300
2017-08-21,68.7221908569336,82.08000183105469,82.12999725341797,81.5199966430664,81.61000061035156,526800
2017-08-22,68.81427001953125,82.19000244140625,82.30999755859375,81.76000213623047,82.1500015258789,543800
2017-08-23,68.48776245117188,81.80000305175781,82.19000244140625,81.66999816894531,82.19000244140625,675500
2017-08-24,68.37889862060547,81.66999816894531,82.01000213623047,81.33999633789062,81.94000244140625,1160100
2017-08-25,68.6217041015625,81.95999908447266,82.37999725341797,81.75,81.94999694824219,457300
2017-08-28,68.65518951416016,82.0,82.30999755859375,81.81999969482422,82.0999984741211,551500
2017-08-29,68.11933135986328,81.36000061035156,82.0999984741211,81.33000183105469,82.0,630600
2017-08-30,67.69233703613281,80.8499984741211,81.37999725341797,80.58999633789062,81.30000305175781,1156100
2017-08-31,67.7342300415039,80.9000015258789,81.29000091552734,80.52999877929688,80.9800033569336,1195300
2017-09-01,67.67560577392578,80.83000183105469,81.16999816894531,80.63999938964844,81.06999969482422,414900
2017-09-05,67.66722106933594,80.81999969482422,80.91000366210938,80.22000122070312,80.86000061035156,784800
2017-09-06,67.69233703613281,80.8499984741211,81.06999969482422,80.38999938964844,81.06999969482422,662300
2017-09-07,68.23656463623047,81.5,81.72000122070312,80.87000274658203,81.0,568300
2017-09-08,68.6217041015625,81.95999908447266,82.0,80.88999938964844,81.37000274658203,463800
2017-09-11,69.4254379272461,82.91999816894531,83.05999755859375,81.94999694824219,81.94999694824219,553700
2017-09-12,68.44587707519531,81.75,82.91000366210938,81.37000274658203,82.91000366210938,591400
2017-09-13,68.11933135986328,81.36000061035156,81.9000015258789,81.27999877929688,81.9000015258789,647000
2017-09-14,68.8812484741211,82.2699966430664,82.30999755859375,80.83000183105469,81.19000244140625,1039200
2017-09-15,69.2245101928711,82.68000030517578,82.7300033569336,81.9800033569336,82.4800033569336,1285700
2017-09-18,68.85613250732422,82.23999786376953,82.68000030517578,81.62999725341797,82.68000030517578,658100
2017-09-19,68.923095703125,82.31999969482422,82.66999816894531,81.87999725341797,82.25,687800
2017-09-20,68.99010467529297,82.4000015258789,83.13999938964844,81.73999786376953,82.5,1628800
2017-09-21,68.47937774658203,81.79000091552734,82.48999786376953,81.6500015258789,82.29000091552734,648700
2017-09-22,68.68030548095703,82.02999877929688,82.52999877929688,81.63999938964844,82.12000274658203,991000
2017-09-25,69.05706787109375,82.4800033569336,82.52999877929688,81.55999755859375,82.02999877929688,954600
2017-09-26,68.8896255493164,82.27999877929688,82.91999816894531,82.12999725341797,82.41000366210938,777200
2017-09-27,67.81790924072266,81.0,82.19000244140625,80.02999877929688,81.77999877929688,1324000
2017-09-28,67.91004943847656,81.11000061035156,81.11000061035156,79.94000244140625,80.62000274658203,1462300
2017-09-29,67.7425537109375,80.91000366210938,81.05000305175781,80.37999725341797,80.86000061035156,1985400
2017-10-02,68.46260833740234,81.7699966430664,81.91000366210938,80.88999938964844,81.18000030517578,885400
2017-10-03,68.44587707519531,81.75,81.76000213623047,80.9000015258789,81.66999816894531,606100
2017-10-04,69.08218383789062,82.51000213623047,82.61000061035156,81.4000015258789,81.76000213623047,736300
2017-10-05,69.4171142578125,82.91000366210938,82.93000030517578,82.27999877929688,82.61000061035156,666600
2017-10-06,69.29985809326172,82.7699966430664,83.0199966430664,82.20999908447266,82.5999984741211,611000
2017-10-09,69.66825866699219,83.20999908447266,83.54000091552734,82.87999725341797,82.95999908447266,622000
2017-10-10,70.38831329345703,84.06999969482422,84.08999633789062,83.2699966430664,83.38999938964844,712900
2017-10-11,70.6980972290039,84.44000244140625,84.70999908447266,83.87000274658203,83.91000366210938,725500
2017-10-12,71.25070190429688,85.0999984741211,85.16999816894531,84.23999786376953,84.43000030517578,1138900
2017-10-13,71.18372344970703,85.0199966430664,85.77999877929688,84.80000305175781,85.22000122070312,909500
2017-10-16,71.34278106689453,85.20999908447266,85.36000061035156,84.2699966430664,85.0199966430664,1123400
2017-10-17,72.02932739257812,86.02999877929688,86.12999725341797,85.02999877929688,85.12000274658203,1110700
2017-10-18,72.18841552734375,86.22000122070312,86.26000213623047,85.5,85.88999938964844,772500
2017-10-19,73.04241943359375,87.23999786376953,87.25,86.41000366210938,86.5,740100
2017-10-20,73.47781372070312,87.76000213623047,87.87000274658203,87.12999725341797,87.31999969482422,1099900
2017-10-23,73.45268249511719,87.7300033569336,87.86000061035156,87.37999725341797,87.75,785900
2017-10-24,72.6907730102539,86.81999969482422,87.95999908447266,86.19000244140625,87.72000122070312,1268500
2017-10-25,72.78285217285156,86.93000030517578,87.01000213623047,85.81999969482422,86.83999633789062,931500
2017-10-26,73.25171661376953,87.48999786376953,88.16000366210938,87.19999694824219,87.25,779100
2017-10-27,73.40243530273438,87.66999816894531,88.19999694824219,87.18000030517578,87.20999908447266,965500
2017-10-30,73.47781372070312,87.76000213623047,87.93000030517578,87.52999877929688,87.68000030517578,855300
2017-10-31,73.47781372070312,87.76000213623047,87.98999786376953,87.43000030517578,87.54000091552734,641300
2017-11-01,73.01728820800781,87.20999908447266,88.05000305175781,87.04000091552734,88.0,831700
2017-11-02,74.89275360107422,89.44999694824219,90.22000122070312,87.73999786376953,87.98999786376953,1430300
2017-11-03,74.31505584716797,88.76000213623047,89.16999816894531,88.02999877929688,88.5999984741211,951800
2017-11-06,74.18946075439453,88.61000061035156,89.20999908447266,88.36000061035156,88.70999908447266,733700
2017-11-07,75.35326385498047,90.0,90.12999725341797,88.23999786376953,88.86000061035156,725200
2017-11-08,75.55420684814453,90.23999786376953,90.48999786376953,89.41999816894531,89.8499984741211,843600
2017-11-09,75.12100982666016,89.30999755859375,90.4000015258789,88.70999908447266,89.73999786376953,965000
2017-11-10,74.64158630371094,88.73999786376953,89.33999633789062,88.36000061035156,89.05000305175781,693400
2017-11-13,75.2976303100586,89.5199966430664,89.77999877929688,88.5999984741211,88.66000366210938,682400
2017-11-14,76.29859161376953,90.70999908447266,90.76000213623047,89.27999877929688,89.36000061035156,690100
2017-11-15,75.55000305175781,89.81999969482422,91.38999938964844,89.77999877929688,90.81999969482422,1085900
2017-11-16,75.44063568115234,89.69000244140625,89.98999786376953,89.30000305175781,89.91999816894531,754400
2017-11-17,74.87709045410156,89.0199966430664,89.73999786376953,88.68000030517578,89.48999786376953,2047600
2017-11-20,74.3387680053711,88.37999725341797,89.27999877929688,88.18000030517578,89.06999969482422,1081700
2017-11-21,74.5069808959961,88.58000183105469,89.05999755859375,88.33000183105469,88.5,730200
2017-11-22,74.57428741455078,88.66000366210938,88.94999694824219,88.11000061035156,88.5,646600
2017-11-24,74.64158630371094,88.73999786376953,89.26000213623047,88.58000183105469,88.80000305175781,198400
2017-11-27,75.02848815917969,89.19999694824219,89.44999694824219,88.62999725341797,88.62999725341797,695700
2017-11-28,75.3396987915039,89.56999969482422,89.69999694824219,89.02999877929688,89.61000061035156,788300
2017-11-29,75.99578094482422,90.3499984741211,90.66999816894531,89.02999877929688,89.44000244140625,688900
2017-11-30,77.01354217529297,91.55999755859375,91.77999877929688,90.33999633789062,90.45999908447266,899900
2017-12-01,76.72757720947266,91.22000122070312,91.97000122070312,90.52999877929688,91.70999908447266,701500
2017-12-04,76.81169128417969,91.31999969482422,91.69999694824219,90.81999969482422,91.38999938964844,1026600
2017-12-05,76.25653839111328,90.66000366210938,91.72000122070312,90.44000244140625,91.5,621800
2017-12-06,76.49205780029297,90.94000244140625,91.19999694824219,90.33000183105469,90.95999908447266,536100
2017-12-07,76.60980987548828,91.08000183105469,91.0999984741211,90.30000305175781,90.69000244140625,515800
2017-12-08,76.97989654541016,91.5199966430664,91.55000305175781,90.69000244140625,91.05000305175781,610300
2017-12-11,77.59393310546875,92.25,92.37000274658203,90.47000122070312,91.55000305175781,1291800
2017-12-12,75.1294174194336,89.31999969482422,91.98999786376953,89.30000305175781,91.98999786376953,1270700
2017-12-13,75.64250946044922,89.93000030517578,90.63999938964844,89.30000305175781,89.41000366210938,989000
2017-12-14,75.99578094482422,90.3499984741211,90.88999938964844,88.8499984741211,89.9000015258789,1465800
2017-12-15,76.39112854003906,90.81999969482422,91.77999877929688,90.73999786376953,91.04000091552734,1782900
2017-12-18,76.11353302001953,90.48999786376953,91.41999816894531,90.06999969482422,90.7699966430664,785600
2017-12-19,74.86028289794922,89.0,90.77999877929688,89.0,90.77999877929688,560800
2017-12-20,75.14624786376953,89.33999633789062,89.8499984741211,88.98999786376953,89.12000274658203,695700
2017-12-21,75.44905090332031,89.69999694824219,90.08999633789062,88.81999969482422,89.20999908447266,1094100
2017-12-22,76.1303939819336,90.51000213623047,90.86000061035156,89.63999938964844,89.86000061035156,640200
2017-12-26,76.05467224121094,90.41999816894531,91.72000122070312,90.36000061035156,90.58000183105469,795700
2017-12-27,76.40792846679688,90.83999633789062,91.81999969482422,90.25,90.56999969482422,907600
2017-12-28,77.06402587890625,91.62000274658203,91.69000244140625,90.48999786376953,91.33999633789062,855300
2017-12-29,76.95466613769531,91.48999786376953,92.2699966430664,91.33999633789062,91.81999969482422,802400
2018-01-02,74.92757415771484,89.08000183105469,91.4800033569336,88.58999633789062,91.0,1139600
2018-01-03,74.39763641357422,88.44999694824219,89.43000030517578,87.91000366210938,88.51000213623047,946800
2018-01-04,73.69110107421875,87.61000061035156,88.81999969482422,87.3499984741211,88.2699966430664,931300
2018-01-05,72.96773529052734,86.75,88.02999877929688,86.36000061035156,87.77999877929688,1140900
2018-01-08,73.59859466552734,87.5,87.5199966430664,86.80000305175781,87.0,1284300
2018-01-09,72.93406677246094,86.70999908447266,87.54000091552734,85.87000274658203,87.5,864400
2018-01-10,72.08456420898438,85.69999694824219,86.51000213623047,85.36000061035156,86.51000213623047,829000
2018-01-11,71.27706146240234,84.73999786376953,84.98999786376953,84.0199966430664,84.86000061035156,1394200
2018-01-12,67.9882583618164,80.83000183105469,84.62000274658203,80.56999969482422,84.41000366210938,4003600
2018-01-16,69.15742492675781,82.22000122070312,83.5999984741211,80.95999908447266,81.25,3111500
2018-01-17,69.4013671875,82.51000213623047,82.80000305175781,81.9800033569336,82.08999633789062,1482100
2018-01-18,69.31724548339844,82.41000366210938,83.12999725341797,81.83000183105469,82.47000122070312,1561100
2018-01-19,69.82189178466797,83.01000213623047,83.52999877929688,82.37999725341797,82.83999633789062,1323900
2018-01-22,69.77986907958984,82.95999908447266,83.75,82.66000366210938,83.44999694824219,1317800
2018-01-23,70.82288360595703,84.19999694824219,84.69999694824219,82.83000183105469,82.86000061035156,1114000
2018-01-24,70.44435119628906,83.75,84.48999786376953,83.62999725341797,84.19999694824219,853500
2018-01-25,71.10040283203125,84.52999877929688,84.61000061035156,83.19999694824219,83.97000122070312,764800
2018-01-26,71.44528198242188,84.94000244140625,85.0,83.83000183105469,84.6500015258789,869500
2018-01-29,70.43594360351562,83.73999786376953,84.6500015258789,83.19999694824219,84.6500015258789,829800
2018-01-30,69.90604400634766,83.11000061035156,84.02999877929688,82.83999633789062,82.93000030517578,1030600
2018-01-31,69.95648956298828,83.16999816894531,83.2699966430664,82.5199966430664,83.2699966430664,1175200
2018-02-01,68.8377914428711,81.83999633789062,83.51000213623047,81.52999877929688,83.27999877929688,1334000
2018-02-02,68.3163070678711,81.22000122070312,82.29000091552734,81.0,81.70999908447266,1101800
2018-02-05,66.29759979248047,78.81999969482422,81.54000091552734,78.61000061035156,81.0,1883700
2018-02-06,66.76688385009766,78.95999908447266,79.26000213623047,76.79000091552734,78.0199966430664,2169600
2018-02-07,65.92131805419922,77.95999908447266,79.73999786376953,77.95999908447266,79.0,1268700
2018-02-08,64.31472778320312,76.05999755859375,78.45999908447266,76.04000091552734,77.7699966430664,1572000
2018-02-09,65.90440368652344,77.94000244140625,78.68000030517578,76.38999938964844,76.61000061035156,1775400
2018-02-12,65.88746643066406,77.91999816894531,78.33999633789062,77.06999969482422,78.20999908447266,1016900
2018-02-13,66.60625457763672,78.7699966430664,78.93000030517578,77.30999755859375,77.83000183105469,921200
2018-02-14,66.23417663574219,78.33000183105469,78.81999969482422,77.68000030517578,78.0999984741211,725600
2018-02-15,67.40107727050781,79.70999908447266,79.72000122070312,78.3499984741211,78.43000030517578,718100
2018-02-16,68.0690689086914,80.5,81.05999755859375,79.43000030517578,79.69000244140625,1012700
2018-02-20,67.51943969726562,79.8499984741211,80.83000183105469,79.56999969482422,80.25,1026000
2018-02-21,66.67388153076172,78.8499984741211,81.05999755859375,78.81999969482422,79.04000091552734,1250400
2018-02-22,66.58085632324219,78.73999786376953,79.55000305175781,78.26000213623047,78.87000274658203,988200
2018-02-23,68.17898559570312,80.62999725341797,80.80000305175781,78.80999755859375,78.80999755859375,655800
2018-02-26,68.32276153564453,80.80000305175781,81.63999938964844,80.58000183105469,81.5,804200
2018-02-27,67.61247253417969,79.95999908447266,81.94000244140625,79.7300033569336,80.98999786376953,986700
2018-02-28,67.1051254272461,79.36000061035156,80.76000213623047,79.36000061035156,79.87999725341797,1069300
2018-03-01,66.92755889892578,79.1500015258789,80.37000274658203,78.38999938964844,79.27999877929688,1233900
2018-03-02,66.69924926757812,78.87999725341797,80.13999938964844,78.1500015258789,78.95999908447266,1373800
2018-03-05,67.80699157714844,80.19000244140625,80.87999725341797,78.66000366210938,78.7300033569336,1992400
2018-03-06,67.38416290283203,79.69000244140625,80.37000274658203,79.51000213623047,80.1500015258789,1122500
2018-03-07,67.79850006103516,80.18000030517578,80.5199966430664,79.1500015258789,79.43000030517578,1061800
2018-03-08,68.32276153564453,80.80000305175781,81.08000183105469,80.25,80.5,948000
2018-03-09,68.79629516601562,81.36000061035156,81.37999725341797,80.45999908447266,80.93000030517578,665900
2018-03-12,69.50658416748047,82.19999694824219,82.38999938964844,81.31999969482422,81.3499984741211,959300
2018-03-13,68.28047943115234,80.75,82.66999816894531,80.62999725341797,82.48999786376953,916500
2018-03-14,68.66097259521484,81.19999694824219,81.83000183105469,80.55999755859375,81.04000091552734,904400
2018-03-15,68.88929748535156,81.47000122070312,82.2300033569336,81.19999694824219,81.30999755859375,785300
2018-03-16,69.47272491455078,82.16000366210938,82.4000015258789,81.4800033569336,81.68000030517578,1952200
2018-03-19,68.93157958984375,81.5199966430664,82.58999633789062,80.91999816894531,82.16000366210938,1002800
2018-03-20,68.84703826904297,81.41999816894531,81.97000122070312,81.19999694824219,81.51000213623047,645400
2018-03-21,68.36503601074219,80.8499984741211,82.04000091552734,80.58999633789062,81.43000030517578,570600
2018-03-22,67.77315521240234,80.1500015258789,82.06999969482422,80.0999984741211,80.9000015258789,791200
2018-03-23,66.99519348144531,79.2300033569336,81.62000274658203,79.0199966430664,80.76000213623047,784700
2018-03-26,67.53636169433594,79.87000274658203,80.01000213623047,78.88999938964844,79.41000366210938,742400
2018-03-27,68.229736328125,80.69000244140625,81.69000244140625,79.25,80.0,1111400
2018-03-28,68.65254211425781,81.19000244140625,81.43000030517578,80.56999969482422,80.80999755859375,846700
2018-03-29,69.44738006591797,82.12999725341797,82.54000091552734,81.33999633789062,81.33999633789062,1069600
2018-04-02,68.66097259521484,81.19999694824219,82.31999969482422,80.45999908447266,82.29000091552734,927700
2018-04-03,68.62716674804688,81.16000366210938,81.55000305175781,80.51000213623047,81.0999984741211,1058100
2018-04-04,68.66097259521484,81.19999694824219,81.44999694824219,80.26000213623047,80.81999969482422,763400
2018-04-05,69.43045043945312,82.11000061035156,82.20999908447266,80.20999908447266,81.31999969482422,734100
2018-04-06,69.2697982788086,81.91999816894531,82.73999786376953,81.81999969482422,82.2300033569336,1216400
2018-04-09,69.45584106445312,82.13999938964844,82.72000122070312,81.44999694824219,81.87000274658203,728400
2018-04-10,69.16834259033203,81.80000305175781,82.6500015258789,81.66999816894531,82.41999816894531,657300
2018-04-11,69.17678833007812,81.80999755859375,82.23999786376953,81.33000183105469,81.58000183105469,794300
2018-04-12,68.19593811035156,80.6500015258789,81.47000122070312,80.25,80.9000015258789,2152500
2018-04-13,68.37350463867188,80.86000061035156,81.58000183105469,80.6500015258789,81.04000091552734,934700
2018-04-16,69.8617172241211,82.62000274658203,83.0,81.8499984741211,82.0,1254200
2018-04-17,71.08779907226562,84.06999969482422,84.44999694824219,82.80000305175781,83.02999877929688,1032200
2018-04-18,70.7580337524414,83.68000030517578,84.58000183105469,83.68000030517578,84.12999725341797,959400
2018-04-19,70.74111938476562,83.66000366210938,83.9000015258789,83.1500015258789,83.52999877929688,896800
2018-04-20,70.74954986572266,83.66999816894531,83.87999725341797,83.16999816894531,83.69000244140625,834600
2018-04-23,71.26536560058594,84.27999877929688,84.29000091552734,83.18000030517578,83.63999938964844,575500
2018-04-24,71.67970275878906,84.7699966430664,85.23999786376953,84.02999877929688,84.52999877929688,828200
2018-04-25,71.66279602050781,84.75,85.2300033569336,84.01000213623047,84.54000091552734,504300
2018-04-26,72.62676239013672,85.88999938964844,86.02999877929688,84.31999969482422,85.12000274658203,679900
2018-04-27,73.37931823730469,86.77999877929688,86.98999786376953,85.80999755859375,85.87000274658203,936500
2018-04-30,73.21021270751953,86.58000183105469,87.19000244140625,86.37000274658203,86.91000366210938,745400
2018-05-01,73.25248718261719,86.62999725341797,86.80000305175781,86.11000061035156,86.37999725341797,571400
2018-05-02,72.91425323486328,86.2300033569336,86.69999694824219,85.55999755859375,86.45999908447266,916600
2018-05-03,72.11942291259766,85.29000091552734,86.44999694824219,84.11000061035156,86.0199966430664,1107400
2018-05-04,72.48300170898438,85.72000122070312,85.94999694824219,84.61000061035156,85.19999694824219,555700
2018-05-07,71.70506286621094,84.80000305175781,85.80000305175781,84.5199966430664,85.80000305175781,647600
2018-05-08,70.19149017333984,83.01000213623047,84.62000274658203,82.83000183105469,84.20999908447266,629800
2018-05-09,70.37751770019531,83.2300033569336,83.37000274658203,82.44999694824219,83.19000244140625,853400
2018-05-10,71.19796752929688,83.73999786376953,83.81999969482422,82.9000015258789,83.4000015258789,607400
2018-05-11,70.97694396972656,83.4800033569336,83.9000015258789,83.04000091552734,83.9000015258789,480800
2018-05-14,70.28823852539062,82.66999816894531,83.83000183105469,82.48999786376953,83.4800033569336,838100
2018-05-15,69.2764892578125,81.4800033569336,82.55999755859375,81.02999877929688,82.4000015258789,806500
2018-05-16,68.46025085449219,80.5199966430664,81.75,80.31999969482422,81.52999877929688,691800
2018-05-17,68.3072280883789,80.33999633789062,80.5999984741211,79.94999694824219,80.0999984741211,723400
2018-05-18,68.40074157714844,80.44999694824219,80.87999725341797,79.93000030517578,80.61000061035156,765700
2018-05-21,68.46873474121094,80.52999877929688,80.87000274658203,80.05000305175781,80.5199966430664,753500
2018-05-22,68.4517593383789,80.51000213623047,81.12999725341797,80.4000015258789,80.80999755859375,630400
2018-05-23,68.81733703613281,80.94000244140625,81.1500015258789,80.55999755859375,80.63999938964844,644700
2018-05-24,69.7611083984375,82.05000305175781,82.16000366210938,80.83000183105469,81.16999816894531,1016200
2018-05-25,70.5602798461914,82.98999786376953,83.20999908447266,81.87999725341797,82.05000305175781,1033100
2018-05-29,71.35102081298828,83.91999816894531,84.5199966430664,82.77999877929688,82.97000122070312,1052500
2018-05-30,71.59759521484375,84.20999908447266,84.68000030517578,83.52999877929688,83.75,621600
2018-05-31,70.68785858154297,83.13999938964844,84.62999725341797,83.06999969482422,83.91000366210938,872600
2018-06-01,69.8291244506836,82.12999725341797,83.63999938964844,82.0,83.4000015258789,742400
2018-06-04,69.41251373291016,81.63999938964844,82.5999984741211,81.43000030517578,82.22000122070312,604500
2018-06-05,68.4177474975586,80.47000122070312,81.69000244140625,80.26000213623047,81.69000244140625,812000
2018-06-06,67.35496520996094,79.22000122070312,80.73999786376953,78.91000366210938,80.68000030517578,1011700
2018-06-07,67.39747619628906,79.2699966430664,80.08999633789062,78.94999694824219,79.44000244140625,1497300
2018-06-08,67.40596008300781,79.27999877929688,79.80000305175781,78.63999938964844,79.52999877929688,968500
2018-06-11,66.61527252197266,78.3499984741211,79.41000366210938,77.7300033569336,79.12999725341797,1059100
2018-06-12,67.5760269165039,79.4800033569336,79.54000091552734,78.04000091552734,78.26000213623047,774400
2018-06-13,67.10840606689453,78.93000030517578,79.86000061035156,78.56999969482422,79.48999786376953,970400
2018-06-14,67.83110046386719,79.77999877929688,79.9000015258789,78.95999908447266,78.95999908447266,963500
2018-06-15,68.910888671875,81.05000305175781,81.13999938964844,78.91000366210938,79.66999816894531,2407800
2018-06-18,69.67607879638672,81.94999694824219,81.97000122070312,80.83999633789062,80.83999633789062,867900
2018-06-19,70.39878845214844,82.80000305175781,83.25,81.81999969482422,81.81999969482422,1234600
2018-06-20,70.7133560180664,83.16999816894531,83.41000366210938,82.56999969482422,82.95999908447266,815600
2018-06-21,70.02469635009766,82.36000061035156,83.4000015258789,82.19999694824219,83.08999633789062,658700
2018-06-22,70.92591857910156,83.41999816894531,83.58999633789062,82.33999633789062,82.47000122070312,909500
2018-06-25,72.52433776855469,85.30000305175781,85.48999786376953,83.33000183105469,83.6500015258789,1124700
2018-06-26,72.51583862304688,85.29000091552734,85.98999786376953,85.0,85.08000183105469,929000
2018-06-27,72.89842987060547,85.73999786376953,86.13999938964844,84.66999816894531,84.93000030517578,1092100
2018-06-28,72.70289611816406,85.51000213623047,86.56999969482422,85.37000274658203,85.76000213623047,720000
2018-06-29,72.59235382080078,85.37999725341797,86.02999877929688,84.91000366210938,85.37999725341797,833200
2018-07-02,73.38306427001953,86.30999755859375,86.38999938964844,85.30000305175781,85.58999633789062,674900
2018-07-03,73.8676986694336,86.87999725341797,87.47000122070312,86.13999938964844,86.43000030517578,336000
2018-07-05,74.45435333251953,87.56999969482422,87.58000183105469,86.5,87.04000091552734,682700
2018-07-06,75.2280502319336,88.4800033569336,88.76000213623047,87.61000061035156,87.61000061035156,608300
2018-07-09,72.50731658935547,85.27999877929688,88.66999816894531,85.08000183105469,88.66999816894531,869400
2018-07-10,73.32354736328125,86.23999786376953,86.61000061035156,84.22000122070312,84.91000366210938,685900
2018-07-11,74.17376708984375,87.23999786376953,87.5199966430664,86.26000213623047,86.47000122070312,509700
2018-07-12,74.18229675292969,87.25,87.31999969482422,86.58000183105469,87.25,947400
2018-07-13,74.56487274169922,87.69999694824219,87.7699966430664,86.88999938964844,87.37000274658203,452900
2018-07-16,74.45435333251953,87.56999969482422,87.80999755859375,87.05999755859375,87.69999694824219,620700
2018-07-17,74.55638885498047,87.69000244140625,88.13999938964844,86.87999725341797,86.95999908447266,813100
2018-07-18,74.46283721923828,87.58000183105469,87.77999877929688,86.88999938964844,87.69000244140625,680700
2018-07-19,75.27058410644531,88.52999877929688,88.7300033569336,87.48999786376953,87.73999786376953,519700
2018-07-20,74.43736267089844,87.55000305175781,88.58000183105469,87.12000274658203,88.26000213623047,754800
2018-07-23,74.2077865600586,87.27999877929688,87.97000122070312,86.83000183105469,87.7300033569336,489400
2018-07-24,74.32682800292969,87.41999816894531,87.63999938964844,86.04000091552734,86.95999908447266,516300
2018-07-25,74.41187286376953,87.5199966430664,87.94000244140625,87.05999755859375,87.47000122070312,369700
2018-07-26,75.27058410644531,88.52999877929688,88.68000030517578,88.05000305175781,88.12999725341797,361400
2018-07-27,75.12604522705078,88.36000061035156,88.94999694824219,88.06999969482422,88.5,371300
2018-07-30,74.45435333251953,87.56999969482422,88.45999908447266,87.36000061035156,88.30999755859375,393300
2018-07-31,75.03250885009766,88.25,88.80999755859375,87.62000274658203,87.98999786376953,829300
2018-08-01,73.59561157226562,86.55999755859375,87.98999786376953,86.41999816894531,87.91999816894531,776700
2018-08-02,74.42884826660156,87.54000091552734,87.9800033569336,86.33000183105469,86.91000366210938,660600
2018-08-03,74.86245727539062,88.05000305175781,88.48999786376953,86.98999786376953,87.73999786376953,572400
2018-08-06,75.04100799560547,88.26000213623047,88.72000122070312,87.86000061035156,88.4800033569336,430200
2018-08-07,74.88796997070312,88.08000183105469,88.18000030517578,87.23999786376953,88.16000366210938,437200
2018-08-08,74.9219741821289,88.12000274658203,88.37000274658203,87.70999908447266,87.94000244140625,414500
2018-08-09,75.39630889892578,88.22000122070312,88.29000091552734,87.47000122070312,87.62999725341797,436700
2018-08-10,74.90061950683594,87.63999938964844,88.80000305175781,87.62999725341797,88.30000305175781,365000
2018-08-13,74.69548797607422,87.4000015258789,88.05000305175781,87.20999908447266,87.83999633789062,636300
2018-08-14,74.85785675048828,87.58999633789062,87.98999786376953,87.4000015258789,87.55999755859375,453300
2018-08-15,75.46466827392578,88.30000305175781,88.93000030517578,87.58000183105469,87.91999816894531,659900
2018-08-16,76.02871704101562,88.95999908447266,89.22000122070312,88.05999755859375,88.1500015258789,601900
2018-08-17,76.48169708251953,89.48999786376953,89.93000030517578,88.77999877929688,89.02999877929688,571700
2018-08-20,76.37060546875,89.36000061035156,89.95999908447266,89.11000061035156,89.79000091552734,515000
2018-08-21,76.03729248046875,88.97000122070312,89.62000274658203,88.70999908447266,89.22000122070312,505800
2018-08-22,75.43048858642578,88.26000213623047,89.38999938964844,87.9000015258789,89.13999938964844,439900
2018-08-23,75.43901062011719,88.2699966430664,88.80999755859375,87.97000122070312,88.30999755859375,378800
2018-08-24,75.93472290039062,88.8499984741211,88.93000030517578,87.94999694824219,88.4000015258789,339900
2018-08-27,75.25102233886719,88.05000305175781,89.13999938964844,87.61000061035156,88.94999694824219,580600
2018-08-28,74.56729888916016,87.25,88.0999984741211,87.01000213623047,87.87999725341797,594400
2018-08-29,74.94334411621094,87.69000244140625,88.16000366210938,87.41999816894531,87.68000030517578,873400
2018-08-30,74.87496948242188,87.61000061035156,88.12999725341797,87.2300033569336,87.91999816894531,680300
2018-08-31,74.80659484863281,87.52999877929688,87.91999816894531,87.0199966430664,87.61000061035156,723600
2018-09-04,75.89202880859375,88.80000305175781,88.9000015258789,87.31999969482422,87.31999969482422,815700
2018-09-05,76.490234375,89.5,89.77999877929688,88.45999908447266,88.69000244140625,762700
2018-09-06,76.13983154296875,89.08999633789062,89.69000244140625,88.95999908447266,89.54000091552734,869700
2018-09-07,75.39630889892578,88.22000122070312,88.98999786376953,88.02999877929688,88.44000244140625,937900
2018-09-10,75.7809066772461,88.66999816894531,88.97000122070312,87.8499984741211,88.69000244140625,726400
2018-09-11,75.6954345703125,88.56999969482422,89.25,88.41999816894531,88.5,661900
2018-09-12,75.5586929321289,88.41000366210938,89.25,88.4000015258789,88.66000366210938,617700
2018-09-13,76.30223083496094,89.27999877929688,89.33999633789062,88.33000183105469,88.37999725341797,667900
2018-09-14,76.26803588867188,89.23999786376953,89.43000030517578,88.70999908447266,88.94000244140625,856800
2018-09-17,76.48169708251953,89.48999786376953,89.75,89.02999877929688,89.52999877929688,795300
2018-09-18,76.3876724243164,89.37999725341797,89.62000274658203,88.93000030517578,89.25,539700
2018-09-19,74.8493423461914,87.58000183105469,89.43000030517578,87.12000274658203,89.4000015258789,719700
2018-09-20,75.5757827758789,88.43000030517578,88.54000091552734,86.9000015258789,87.47000122070312,810900
2018-09-21,75.7210693359375,88.5999984741211,89.19999694824219,87.94999694824219,88.08000183105469,1948200
2018-09-24,75.054443359375,87.81999969482422,88.83999633789062,87.77999877929688,88.51000213623047,672600
2018-09-25,74.06306457519531,86.66000366210938,88.06999969482422,86.52999877929688,87.61000061035156,549900
2018-09-26,73.42210388183594,85.91000366210938,87.25,85.87999725341797,86.76000213623047,969000
2018-09-27,74.31944274902344,86.95999908447266,87.33000183105469,85.9000015258789,86.11000061035156,850000
2018-09-28,75.18263244628906,87.97000122070312,88.04000091552734,87.18000030517578,87.18000030517578,698500
2018-10-01,74.80659484863281,87.52999877929688,87.88999938964844,87.0,87.87999725341797,458100
2018-10-02,75.50740814208984,88.3499984741211,88.58999633789062,87.80000305175781,87.81999969482422,459000
2018-10-03,74.91770935058594,87.66000366210938,88.91999816894531,86.83000183105469,88.33000183105469,717100
2018-10-04,74.92625427246094,87.66999816894531,87.76000213623047,86.76000213623047,87.48999786376953,609500
2018-10-05,76.09712219238281,89.04000091552734,89.44999694824219,87.62999725341797,87.62999725341797,586900
2018-10-08,76.85772705078125,89.93000030517578,90.47000122070312,89.2300033569336,89.2300033569336,613400
2018-10-09,77.40470886230469,90.56999969482422,90.68000030517578,89.72000122070312,90.06999969482422,781900
2018-10-10,77.33631896972656,90.48999786376953,91.95999908447266,90.36000061035156,90.37000274658203,985200
2018-10-11,74.73821258544922,87.44999694824219,90.97000122070312,87.43000030517578,90.79000091552734,1220900
2018-10-12,74.9775390625,87.7300033569336,88.12000274658203,86.87999725341797,87.66000366210938,970800
2018-10-15,75.2082748413086,88.0,88.69999694824219,87.58000183105469,87.75,691300
2018-10-16,76.96031951904297,90.05000305175781,90.19999694824219,87.66999816894531,88.12000274658203,662100
2018-10-17,76.87483978271484,89.94999694824219,90.58000183105469,89.47000122070312,89.94000244140625,933600
2018-10-18,77.3021469116211,90.44999694824219,90.91999816894531,90.0199966430664,90.41999816894531,645600
2018-10-19,78.57557678222656,91.94000244140625,92.37000274658203,90.56999969482422,90.69999694824219,818600
2018-10-22,78.22516632080078,91.52999877929688,92.37999725341797,91.0999984741211,92.0,974900
2018-10-23,76.87483978271484,89.94999694824219,92.20999908447266,89.61000061035156,91.54000091552734,1218600
2018-10-24,78.35335540771484,91.68000030517578,92.79000091552734,89.83999633789062,90.12000274658203,1063900
2018-10-25,76.85772705078125,89.93000030517578,91.3499984741211,89.76000213623047,91.23999786376953,1094900
2018-10-26,75.40485382080078,88.2300033569336,90.69000244140625,87.44999694824219,90.3499984741211,1059200
2018-10-29,76.49877166748047,89.51000213623047,90.05000305175781,88.58000183105469,88.58000183105469,995100
2018-10-30,77.0713882446289,90.18000030517578,90.23999786376953,88.87999725341797,89.93000030517578,1011200
2018-10-31,75.6612548828125,88.52999877929688,90.08999633789062,88.41999816894531,90.0,1182800
2018-11-01,75.4903335571289,88.33000183105469,89.80999755859375,86.95999908447266,89.37000274658203,980500
2018-11-02,74.67839050292969,87.37999725341797,88.55000305175781,86.5999984741211,88.2300033569336,839400
2018-11-05,75.38775634765625,88.20999908447266,88.29000091552734,87.5,87.58000183105469,789200
2018-11-06,76.14838409423828,89.0999984741211,89.16999816894531,88.0199966430664,88.18000030517578,436600
2018-11-07,76.99447631835938,90.08999633789062,90.36000061035156,89.47000122070312,89.62000274658203,767300
2018-11-08,76.35454559326172,88.88999938964844,90.16000366210938,88.31999969482422,89.6500015258789,819900
2018-11-09,76.9729995727539,89.61000061035156,89.95999908447266,88.2699966430664,88.68000030517578,704400
2018-11-12,78.40750122070312,91.27999877929688,92.12999725341797,89.4000015258789,89.4800033569336,840300
2018-11-13,78.2872314453125,91.13999938964844,91.72000122070312,90.5999984741211,91.41000366210938,652800
2018-11-14,77.63440704345703,90.37999725341797,91.44999694824219,90.11000061035156,91.01000213623047,734000
2018-11-15,79.09468841552734,92.08000183105469,92.11000061035156,89.2300033569336,90.13999938964844,862700
2018-11-16,80.0997085571289,93.25,93.55000305175781,92.62000274658203,92.76000213623047,871000
2018-11-19,80.30583953857422,93.48999786376953,94.44999694824219,92.97000122070312,93.4800033569336,762200
2018-11-20,79.90211486816406,93.0199966430664,94.41000366210938,92.73999786376953,93.87000274658203,869800
2018-11-21,78.63941955566406,91.55000305175781,92.72000122070312,91.45999908447266,92.72000122070312,665300
2018-11-23,79.11184692382812,92.0999984741211,92.45999908447266,91.12000274658203,91.5999984741211,425600
2018-11-26,79.24070739746094,92.25,92.3499984741211,91.4000015258789,92.0999984741211,901200
2018-11-27,79.12043762207031,92.11000061035156,92.43000030517578,91.58999633789062,92.30000305175781,1118000
2018-11-28,79.55853271484375,92.62000274658203,92.81999969482422,91.94999694824219,92.30999755859375,977700
2018-11-29,79.4382553100586,92.4800033569336,93.08000183105469,91.79000091552734,92.66000366210938,883100
2018-11-30,81.95504760742188,95.41000366210938,95.41000366210938,92.51000213623047,92.58000183105469,2473700
2018-12-03,82.20417785644531,95.69999694824219,95.75,93.7300033569336,94.83999633789062,1310200
2018-12-04,82.27289581298828,95.77999877929688,97.3499984741211,95.44999694824219,95.58999633789062,1300700
2018-12-06,83.59571838378906,97.31999969482422,97.33999633789062,95.44000244140625,96.31999969482422,1471500
2018-12-07,84.00804901123047,97.80000305175781,98.18000030517578,96.29000091552734,97.04000091552734,1141700
2018-12-10,83.71598052978516,97.45999908447266,98.05000305175781,95.9800033569336,98.05000305175781,841000
2018-12-11,82.87418365478516,96.4800033569336,97.91999816894531,96.33999633789062,97.45999908447266,1213400
2018-12-12,83.4239273071289,97.12000274658203,97.61000061035156,96.83999633789062,96.87999725341797,1824900
2018-12-13,83.88777923583984,97.66000366210938,98.13999938964844,97.11000061035156,97.26000213623047,921200
2018-12-14,83.44110107421875,97.13999938964844,97.80000305175781,95.75,97.37999725341797,1289700
2018-12-17,80.38317108154297,93.58000183105469,97.5999984741211,93.16999816894531,97.56999969482422,1265800
2018-12-18,79.61004638671875,92.68000030517578,94.63999938964844,92.22000122070312,94.0199966430664,1672400
2018-12-19,79.5327377319336,92.58999633789062,93.55999755859375,91.38999938964844,92.87000274658203,1214800
2018-12-20,79.76469421386719,92.86000061035156,94.18000030517578,91.72000122070312,92.43000030517578,1414600
2018-12-21,78.33019256591797,91.19000244140625,95.13999938964844,91.0999984741211,93.36000061035156,2376300
2018-12-24,74.13836669921875,86.30999755859375,91.27999877929688,86.2699966430664,91.12999725341797,576300
2018-12-26,76.04530334472656,88.52999877929688,88.54000091552734,85.88999938964844,86.47000122070312,1240600
2018-12-27,76.80120849609375,89.41000366210938,89.41000366210938,86.97000122070312,88.29000091552734,1160500
2018-12-28,77.32518005371094,90.0199966430664,90.80999755859375,89.36000061035156,89.80000305175781,755100
2018-12-31,77.96942901611328,90.7699966430664,90.80999755859375,89.29000091552734,90.05999755859375,585800
2019-01-02,76.25143432617188,88.7699966430664,90.44999694824219,88.18000030517578,90.44999694824219,981100
2019-01-03,76.55211639404297,89.12000274658203,90.45999908447266,88.6500015258789,88.6500015258789,1241400
2019-01-04,77.12760925292969,89.79000091552734,90.05000305175781,88.0,88.73999786376953,952300
2019-01-07,76.31159210205078,88.83999633789062,90.05999755859375,88.62999725341797,89.48999786376953,724700
2019-01-08,77.42825317382812,90.13999938964844,90.2699966430664,88.98999786376953,89.01000213623047,688100
2019-01-09,76.44043731689453,88.98999786376953,90.47000122070312,88.81999969482422,90.0,1131600
2019-01-10,77.9608383178711,90.76000213623047,90.9000015258789,89.0,89.30999755859375,806000
2019-01-11,77.85774993896484,90.63999938964844,91.0999984741211,90.19000244140625,90.94000244140625,723500
2019-01-14,77.67735290527344,90.43000030517578,90.45999908447266,89.51000213623047,90.27999877929688,1573700
2019-01-15,78.52776336669922,91.41999816894531,92.56999969482422,90.33000183105469,90.33000183105469,1064900
2019-01-16,78.84557342529297,91.79000091552734,92.0999984741211,90.70999908447266,91.12999725341797,752700
2019-01-17,79.5069580078125,92.55999755859375,92.93000030517578,91.54000091552734,91.54000091552734,829800
2019-01-18,79.54994201660156,92.61000061035156,93.30000305175781,92.19999694824219,92.8499984741211,801300
2019-01-22,79.68737030029297,92.7699966430664,93.31999969482422,92.05999755859375,92.41999816894531,1283900
2019-01-23,80.95008850097656,94.23999786376953,94.31999969482422,92.69999694824219,92.69999694824219,714000
2019-01-24,81.29366302490234,94.63999938964844,94.80999755859375,93.5199966430664,94.37999725341797,499300
2019-01-25,80.11687469482422,93.2699966430664,94.83000183105469,93.0999984741211,94.16000366210938,838500
2019-01-28,79.90211486816406,93.0199966430664,93.66999816894531,92.37000274658203,93.33999633789062,529800
2019-01-29,79.95365905761719,93.08000183105469,94.06999969482422,92.6500015258789,93.19999694824219,762900
2019-01-30,80.52056884765625,93.73999786376953,94.6500015258789,92.93000030517578,92.94999694824219,1216500
2019-01-31,82.17839050292969,95.66999816894531,96.13999938964844,93.44000244140625,94.0199966430664,2127200
2019-02-01,81.78327178955078,95.20999908447266,96.0,94.3499984741211,95.72000122070312,1213900
2019-02-04,82.10107421875,95.58000183105469,95.58000183105469,93.9000015258789,94.88999938964844,1051600
2019-02-05,82.34164428710938,95.86000061035156,96.1500015258789,94.8499984741211,95.5,780700
2019-02-06,82.12152862548828,95.1500015258789,95.79000091552734,94.72000122070312,95.62000274658203,611300
2019-02-07,83.60602569580078,96.87000274658203,96.88999938964844,94.83999633789062,95.19000244140625,915400
2019-02-08,84.35688018798828,97.73999786376953,97.79000091552734,96.45999908447266,96.6500015258789,665800
2019-02-11,84.23604583740234,97.5999984741211,98.2300033569336,97.05999755859375,97.05999755859375,679100
2019-02-12,84.29647827148438,97.66999816894531,98.23999786376953,96.83000183105469,97.95999908447266,668700
2019-02-13,84.09796142578125,97.44000244140625,97.73999786376953,96.94999694824219,97.30000305175781,670100
2019-02-14,83.93396759033203,97.25,98.0,97.16999816894531,97.73999786376953,798900
2019-02-15,84.62444305419922,98.05000305175781,98.18000030517578,97.38999938964844,97.73999786376953,909700
2019-02-19,85.1854476928711,98.69999694824219,98.77999877929688,97.63999938964844,97.9000015258789,834300
2019-02-20,85.1509017944336,98.66000366210938,98.9800033569336,96.63999938964844,97.7300033569336,1831700
2019-02-21,86.63540649414062,100.37999725341797,100.47000122070312,97.80000305175781,98.51000213623047,1188700
2019-02-22,87.15324401855469,100.9800033569336,101.25,100.0,100.87000274658203,770600
2019-02-25,87.06694030761719,100.87999725341797,101.33000183105469,100.0,101.05000305175781,755600
2019-02-26,87.20503997802734,101.04000091552734,101.2699966430664,100.27999877929688,101.23999786376953,621700
2019-02-27,87.20503997802734,101.04000091552734,101.43000030517578,100.30999755859375,100.30999755859375,655900
2019-02-28,87.70562744140625,101.62000274658203,102.06999969482422,100.55999755859375,101.02999877929688,1006400
2019-03-01,87.55028533935547,101.44000244140625,101.83000183105469,101.05000305175781,101.45999908447266,735600
2019-03-04,87.78328704833984,101.70999908447266,101.98999786376953,100.61000061035156,101.44000244140625,1328500
2019-03-05,87.40353393554688,101.2699966430664,102.06999969482422,101.0199966430664,101.79000091552734,1217700
2019-03-06,87.22229766845703,101.05999755859375,101.68000030517578,100.83999633789062,101.37000274658203,1037500
2019-03-07,87.73149871826172,101.6500015258789,102.16000366210938,101.31999969482422,101.38999938964844,1225100
2019-03-08,88.49102020263672,102.52999877929688,102.61000061035156,101.69000244140625,101.69000244140625,968700
2019-03-11,89.78561401367188,104.02999877929688,104.08999633789062,102.5999984741211,102.5999984741211,1785800
2019-03-12,90.55379486083984,104.91999816894531,105.13999938964844,104.05000305175781,104.16999816894531,1342900
2019-03-13,90.71773529052734,105.11000061035156,105.37000274658203,104.63999938964844,104.86000061035156,1384700
2019-03-14,90.61419677734375,104.98999786376953,105.79000091552734,104.29000091552734,105.01000213623047,1508100
2019-03-15,91.32190704345703,105.80999755859375,106.3499984741211,104.6500015258789,104.9000015258789,4074400
2019-03-18,90.73501586914062,105.12999725341797,105.94999694824219,104.4800033569336,105.80999755859375,1569800
2019-03-19,90.06181335449219,104.3499984741211,105.4000015258789,103.9000015258789,104.9800033569336,1010900
2019-03-20,90.3552474975586,104.69000244140625,105.44000244140625,103.88999938964844,104.43000030517578,834200
2019-03-21,91.67577362060547,106.22000122070312,106.29000091552734,104.52999877929688,104.52999877929688,650700
2019-03-22,92.15910339355469,106.77999877929688,107.70999908447266,106.33000183105469,106.6500015258789,961200
2019-03-25,92.0813980102539,106.69000244140625,107.29000091552734,106.0199966430664,106.69999694824219,1116800
2019-03-26,92.52156829833984,107.19999694824219,107.48999786376953,106.4800033569336,106.68000030517578,921600
2019-03-27,91.37370300292969,105.87000274658203,107.05999755859375,105.47000122070312,106.62000274658203,936500
2019-03-28,90.0359115600586,104.31999969482422,106.08000183105469,103.56999969482422,105.9800033569336,1201700
2019-03-29,89.9841537475586,104.26000213623047,104.62000274658203,103.87000274658203,104.44000244140625,1532100
2019-04-01,89.63026428222656,103.8499984741211,104.5199966430664,103.01000213623047,104.43000030517578,1410200
2019-04-02,89.50942993164062,103.70999908447266,104.30999755859375,102.94000244140625,104.1500015258789,1149500
2019-04-03,89.78561401367188,104.02999877929688,104.37000274658203,102.94999694824219,103.5999984741211,1155000
2019-04-04,89.63890838623047,103.86000061035156,104.2699966430664,103.4000015258789,104.08999633789062,1189400
2019-04-05,90.55379486083984,104.91999816894531,104.97000122070312,103.51000213623047,103.75,1054200
2019-04-08,89.88055419921875,104.13999938964844,105.0199966430664,103.93000030517578,104.69999694824219,775900
2019-04-09,90.251708984375,104.56999969482422,104.58999633789062,103.70999908447266,104.0,699300
2019-04-10,89.78561401367188,104.02999877929688,105.55000305175781,103.91000366210938,104.86000061035156,774600
2019-04-11,90.0359115600586,104.31999969482422,104.37999725341797,103.70999908447266,104.04000091552734,863100
2019-04-12,89.8978271484375,104.16000366210938,104.33000183105469,103.63999938964844,104.05000305175781,965600
2019-04-15,89.72520446777344,103.95999908447266,104.45999908447266,103.69000244140625,104.43000030517578,771100
2019-04-16,88.39608001708984,102.41999816894531,104.48999786376953,102.38999938964844,103.8499984741211,1376000
2019-04-17,88.27523040771484,102.27999877929688,102.91999816894531,101.91999816894531,102.36000061035156,1122800
2019-04-18,90.36389923095703,104.69999694824219,104.98999786376953,102.73999786376953,102.79000091552734,1882100
2019-04-22,90.56240844726562,104.93000030517578,105.12000274658203,104.19999694824219,104.36000061035156,882900
2019-04-23,90.45021057128906,104.80000305175781,105.6500015258789,104.19000244140625,105.16000366210938,1115400
2019-04-24,91.34780883789062,105.83999633789062,106.05999755859375,104.69999694824219,105.41000366210938,836500
2019-04-25,91.94330596923828,106.52999877929688,106.83999633789062,105.23999786376953,105.4800033569336,773600
2019-04-26,92.2453842163086,106.87999725341797,107.94000244140625,106.76000213623047,107.18000030517578,606700
2019-04-29,91.8483657836914,106.41999816894531,106.8499984741211,106.0199966430664,106.16999816894531,534300
2019-04-30,93.37602996826172,108.19000244140625,108.2300033569336,106.36000061035156,106.61000061035156,1179500
2019-05-01,92.43529510498047,107.0999984741211,108.31999969482422,106.9000015258789,107.80000305175781,710100
2019-05-02,92.07276916503906,106.68000030517578,107.06999969482422,105.26000213623047,106.66000366210938,950900
2019-05-03,92.67692565917969,107.37999725341797,107.58999633789062,106.4800033569336,106.94000244140625,609700
2019-05-06,92.53018188476562,107.20999908447266,108.20999908447266,106.73999786376953,107.55000305175781,664600
2019-05-07,92.41802215576172,107.08000183105469,107.58000183105469,106.73999786376953,107.16000366210938,748400
2019-05-08,91.36506652832031,105.86000061035156,107.2699966430664,105.7300033569336,107.08999633789062,653100
2019-05-09,91.72752380371094,106.27999877929688,106.47000122070312,105.37999725341797,105.9000015258789,536400
2019-05-10,93.88675689697266,108.2699966430664,108.30000305175781,105.55999755859375,105.68000030517578,776000
2019-05-13,95.98527526855469,110.69000244140625,111.01000213623047,107.79000091552734,108.02999877929688,1857900
2019-05-14,95.24819946289062,109.83999633789062,111.08000183105469,109.77999877929688,110.83000183105469,1063800
2019-05-15,95.6124267578125,110.26000213623047,111.27999877929688,109.95999908447266,110.0999984741211,836400
2019-05-16,96.40150451660156,111.16999816894531,111.66000366210938,109.70999908447266,109.87999725341797,704300
2019-05-17,97.15592193603516,112.04000091552734,112.5199966430664,111.0999984741211,111.0999984741211,941800
2019-05-20,96.49691009521484,111.27999877929688,112.5999984741211,110.95999908447266,112.12999725341797,861800
2019-05-21,96.6183090209961,111.41999816894531,112.5199966430664,111.27999877929688,111.56999969482422,787800
2019-05-22,97.8322982788086,112.81999969482422,112.86000061035156,111.25,111.63999938964844,715900
2019-05-23,98.26587677001953,113.31999969482422,113.91999816894531,112.80000305175781,112.81999969482422,751400
2019-05-24,98.58673858642578,113.69000244140625,114.26000213623047,113.45999908447266,113.5,678500
2019-05-28,98.28321075439453,113.33999633789062,114.5,113.0,114.16000366210938,1516400
2019-05-29,96.93046569824219,111.77999877929688,113.58000183105469,111.58000183105469,113.58000183105469,995100
2019-05-30,97.06922149658203,111.94000244140625,112.5999984741211,111.5,111.66000366210938,553400
2019-05-31,98.00572967529297,113.0199966430664,113.26000213623047,111.83000183105469,112.01000213623047,1081000
2019-06-03,98.90758514404297,114.05999755859375,114.25,112.72000122070312,113.41999816894531,697100
2019-06-04,98.699462890625,113.81999969482422,114.0199966430664,111.72000122070312,113.9000015258789,946800
2019-06-05,101.0147705078125,116.48999786376953,116.5999984741211,113.95999908447266,114.66999816894531,741300
2019-06-06,101.76053619384766,117.3499984741211,117.58000183105469,116.44000244140625,116.72000122070312,968100
2019-06-07,100.84133911132812,116.29000091552734,119.27999877929688,116.29000091552734,118.52999877929688,1045700
2019-06-10,100.45112609863281,115.83999633789062,116.12000274658203,114.9000015258789,115.77999877929688,928300
2019-06-11,100.05221557617188,115.37999725341797,116.38999938964844,114.66000366210938,115.80999755859375,966600
2019-06-12,101.53504943847656,117.08999633789062,117.20999908447266,115.66000366210938,115.86000061035156,627700
2019-06-13,101.17951965332031,116.68000030517578,117.88999938964844,116.05999755859375,117.80999755859375,743900
2019-06-14,102.55827331542969,118.2699966430664,118.70999908447266,116.62000274658203,116.62000274658203,646100
2019-06-17,101.99463653564453,117.62000274658203,118.51000213623047,116.75,118.13999938964844,540500
2019-06-18,101.14484405517578,116.63999938964844,118.2300033569336,115.8499984741211,118.2300033569336,828500
2019-06-19,102.30682373046875,117.9800033569336,118.38999938964844,115.5999984741211,116.0,705900
2019-06-20,102.48892974853516,118.19000244140625,118.73999786376953,116.69999694824219,118.19000244140625,772400
2019-06-21,102.3848648071289,118.06999969482422,118.48999786376953,117.12000274658203,118.33999633789062,1796000
2019-06-24,102.6710433959961,118.4000015258789,118.79000091552734,117.30999755859375,118.55999755859375,997500
2019-06-25,101.61310577392578,117.18000030517578,118.72000122070312,116.94000244140625,118.18000030517578,902300
2019-06-26,99.99150848388672,115.30999755859375,117.19999694824219,115.01000213623047,116.94000244140625,820300
2019-06-27,99.94816589355469,115.26000213623047,116.23999786376953,114.80000305175781,115.80999755859375,926400
2019-06-28,100.58985137939453,116.0,116.2300033569336,114.98999786376953,115.05000305175781,1366200
2019-07-01,100.35575103759766,115.7300033569336,115.97000122070312,114.26000213623047,115.4000015258789,1124100
2019-07-02,101.6998291015625,117.27999877929688,117.66000366210938,116.0,116.0,816500
2019-07-03,102.69705200195312,118.43000030517578,118.8499984741211,117.69000244140625,117.7699966430664,583500
2019-07-05,102.28950500488281,117.95999908447266,118.11000061035156,115.36000061035156,117.66000366210938,791200
2019-07-08,102.34151458740234,118.0199966430664,118.5,117.5,118.16999816894531,689000
2019-07-09,102.57564544677734,118.29000091552734,118.55000305175781,117.38999938964844,118.2699966430664,1137600
2019-07-10,102.93985748291016,118.70999908447266,119.30000305175781,117.86000061035156,118.41999816894531,776900
2019-07-11,101.86456298828125,117.47000122070312,118.91999816894531,116.77999877929688,118.43000030517578,1045100
2019-07-12,101.13616943359375,116.62999725341797,117.55999755859375,115.87999725341797,117.29000091552734,1095600
2019-07-15,100.572509765625,115.9800033569336,116.72000122070312,114.80000305175781,115.58000183105469,1167600
2019-07-16,100.38175964355469,115.76000213623047,116.30000305175781,114.27999877929688,115.47000122070312,1178700
2019-07-17,100.66790771484375,116.08999633789062,117.06999969482422,116.02999877929688,116.38999938964844,899300
2019-07-18,101.6738052368164,117.25,117.33000183105469,115.83000183105469,116.3499984741211,783800
2019-07-19,99.70536804199219,114.9800033569336,117.31999969482422,114.93000030517578,117.12000274658203,886200
2019-07-22,99.92215728759766,115.2300033569336,115.81999969482422,114.37000274658203,115.75,622400
2019-07-23,99.26310729980469,114.47000122070312,115.12999725341797,114.12000274658203,115.04000091552734,899400
2019-07-24,98.86421966552734,114.01000213623047,114.79000091552734,113.18000030517578,114.79000091552734,772700
2019-07-25,98.73416137695312,113.86000061035156,115.2699966430664,113.51000213623047,114.20999908447266,664300
2019-07-26,99.80075073242188,115.08999633789062,115.16000366210938,113.47000122070312,113.83000183105469,637700
2019-07-29,99.99150848388672,115.30999755859375,115.5999984741211,114.52999877929688,115.5,766000
2019-07-30,99.81810760498047,115.11000061035156,116.23999786376953,114.58000183105469,115.33000183105469,659400
2019-07-31,99.53192138671875,114.77999877929688,116.19000244140625,113.9800033569336,114.93000030517578,1116200
2019-08-01,101.474365234375,117.0199966430664,117.61000061035156,113.19999694824219,113.62999725341797,1667000
2019-08-02,101.70848846435547,117.29000091552734,118.19000244140625,116.38999938964844,117.33000183105469,1155900
2019-08-05,100.05221557617188,115.37999725341797,117.91000366210938,114.62999725341797,117.29000091552734,1128200
2019-08-06,101.82121276855469,117.41999816894531,117.69000244140625,114.44999694824219,115.48999786376953,1130800
2019-08-07,102.7143783569336,118.44999694824219,119.26000213623047,116.41000366210938,117.58999633789062,1048600
2019-08-08,103.9858169555664,119.41000366210938,119.94999694824219,117.43000030517578,117.83999633789062,841900
2019-08-09,104.97856140136719,120.55000305175781,121.30000305175781,119.1500015258789,119.73999786376953,770200
2019-08-12,106.68537902832031,122.51000213623047,122.8499984741211,120.62000274658203,120.7699966430664,1217600
2019-08-13,106.09320068359375,121.83000183105469,122.94000244140625,121.02999877929688,122.19999694824219,887700
2019-08-14,105.5445785522461,121.19999694824219,123.45999908447266,120.6500015258789,122.5199966430664,1179700
2019-08-15,108.41831970214844,124.5,124.87000274658203,121.19999694824219,121.31999969482422,1005600
2019-08-16,108.17449188232422,124.22000122070312,125.30999755859375,123.41000366210938,124.48999786376953,1068600
2019-08-19,107.97417449951172,123.98999786376953,125.30999755859375,121.19999694824219,124.3499984741211,886400
2019-08-20,107.64328002929688,123.61000061035156,124.37999725341797,123.23999786376953,124.16999816894531,710200
2019-08-21,108.02643585205078,124.05000305175781,124.13999938964844,122.94999694824219,123.27999877929688,679300
2019-08-22,108.59249114990234,124.69999694824219,125.04000091552734,123.19999694824219,124.05999755859375,729700
2019-08-23,106.94660949707031,122.80999755859375,125.88999938964844,122.23999786376953,124.3499984741211,1010300
2019-08-26,108.63603973388672,124.75,124.80000305175781,123.0,123.33999633789062,451100
2019-08-27,108.9408187866211,125.0999984741211,126.11000061035156,124.91999816894531,125.16999816894531,911700
2019-08-28,109.75938415527344,126.04000091552734,126.79000091552734,125.26000213623047,125.5999984741211,990800
2019-08-29,110.50833129882812,126.9000015258789,126.94999694824219,125.4800033569336,126.6500015258789,663800
2019-08-30,110.87408447265625,127.31999969482422,127.80000305175781,126.5,127.16999816894531,787300
2019-09-03,112.7724838256836,129.5,129.60000610351562,127.33999633789062,128.36000061035156,1083400
2019-09-04,112.1193618774414,128.75,129.88999938964844,127.69999694824219,129.32000732421875,1064100
2019-09-05,110.18608093261719,126.52999877929688,128.27999877929688,125.55000305175781,127.69999694824219,1273600
2019-09-06,109.46332550048828,125.69999694824219,127.69000244140625,124.91999816894531,126.62000274658203,1148800
2019-09-09,106.55476379394531,122.36000061035156,125.36000061035156,121.80000305175781,125.08999633789062,1439100
2019-09-10,105.22238159179688,120.83000183105469,121.93000030517578,119.37999725341797,121.69000244140625,1221900
2019-09-11,105.588134765625,121.25,122.2300033569336,119.5,120.6500015258789,1160200
2019-09-12,106.03225708007812,121.76000213623047,123.30999755859375,121.37000274658203,122.45999908447266,1267400
2019-09-13,105.56200408935547,121.22000122070312,121.98999786376953,120.70999908447266,121.5,1052300
2019-09-16,105.35301208496094,120.9800033569336,121.80000305175781,120.41000366210938,121.80000305175781,699200
2019-09-17,106.03225708007812,121.76000213623047,122.2300033569336,120.98999786376953,121.08999633789062,1055000
2019-09-18,105.82325744628906,121.5199966430664,122.62000274658203,120.8499984741211,122.62000274658203,1380000
2019-09-19,106.57217407226562,122.37999725341797,122.70999908447266,120.7699966430664,122.29000091552734,1261800
2019-09-20,106.96402740478516,122.83000183105469,123.61000061035156,121.6500015258789,122.0,1919800
2019-09-23,106.746337890625,122.58000183105469,124.06999969482422,122.5,122.98999786376953,1139200
2019-09-24,108.74053192138672,124.87000274658203,125.30000305175781,122.94000244140625,123.05999755859375,1535400
2019-09-25,108.47927856445312,124.56999969482422,125.83000183105469,123.87000274658203,124.5999984741211,1064800
2019-09-26,108.96694946289062,125.12999725341797,125.58000183105469,124.20999908447266,125.05999755859375,971200
2019-09-27,108.19190216064453,124.23999786376953,125.48999786376953,123.80000305175781,125.1500015258789,885000
2019-09-30,108.18319702148438,124.2300033569336,125.20999908447266,123.80999755859375,124.54000091552734,1404200
2019-10-01,107.86099243164062,123.86000061035156,124.2699966430664,123.08000183105469,123.72000122070312,972200
2019-10-02,107.2426986694336,123.1500015258789,124.4000015258789,122.76000213623047,123.12000274658203,924000
2019-10-03,107.7477798461914,123.7300033569336,124.01000213623047,122.91000366210938,123.51000213623047,1063500
2019-10-04,109.5329818725586,125.77999877929688,125.95999908447266,123.73999786376953,124.08000183105469,841200
2019-10-07,108.47927856445312,124.56999969482422,125.91000366210938,124.19999694824219,125.68000030517578,752500
2019-10-08,107.87841796875,123.87999725341797,124.7300033569336,123.51000213623047,124.61000061035156,574700
2019-10-09,108.74053192138672,124.87000274658203,125.22000122070312,124.22000122070312,124.2699966430664,521000
2019-10-10,108.89724731445312,125.05000305175781,125.44999694824219,123.86000061035156,124.44000244140625,599900
2019-10-11,107.71295928955078,123.69000244140625,125.13999938964844,123.0,124.86000061035156,887800
2019-10-14,106.00611114501953,121.7300033569336,123.75,121.58999633789062,123.69999694824219,841300
2019-10-15,105.19625854492188,120.80000305175781,122.43000030517578,120.38999938964844,122.02999877929688,886900
2019-10-16,105.91902923583984,121.62999725341797,121.66999816894531,120.16000366210938,121.0,1080700
2019-10-17,106.60699462890625,122.41999816894531,122.73999786376953,121.33000183105469,121.33000183105469,690900
2019-10-18,106.59829711914062,122.41000366210938,122.83000183105469,121.75,122.51000213623047,1089900
2019-10-21,106.50250244140625,122.30000305175781,122.4000015258789,120.80999755859375,122.0999984741211,1223100
2019-10-22,106.58087158203125,122.38999938964844,123.70999908447266,122.08000183105469,122.55999755859375,824400
2019-10-23,106.18900299072266,121.94000244140625,123.69000244140625,121.7699966430664,122.45999908447266,756400
2019-10-24,106.51119232177734,122.30999755859375,123.22000122070312,121.44999694824219,121.9000015258789,656800
2019-10-25,105.46621704101562,121.11000061035156,123.08999633789062,120.4800033569336,122.58000183105469,507000
2019-10-28,104.11641693115234,119.55999755859375,121.52999877929688,119.4000015258789,121.19999694824219,689500
2019-10-29,104.14254760742188,119.58999633789062,120.02999877929688,118.66000366210938,119.33999633789062,965800
2019-10-30,105.34431457519531,120.97000122070312,121.33000183105469,119.69999694824219,120.26000213623047,777900
2019-10-31,107.34721374511719,123.2699966430664,123.48999786376953,121.23999786376953,122.37999725341797,1260800
2019-11-01,106.92049407958984,122.77999877929688,124.16999816894531,122.44000244140625,123.4000015258789,1009700
2019-11-04,104.54312896728516,120.05000305175781,122.55000305175781,119.83000183105469,122.23999786376953,1136100
2019-11-05,104.57795715332031,120.08999633789062,120.26000213623047,118.76000213623047,119.62000274658203,1483200
2019-11-06,105.88420867919922,121.58999633789062,122.05999755859375,120.31999969482422,120.61000061035156,1161700
2019-11-07,102.88854217529297,118.1500015258789,121.2300033569336,117.63999938964844,120.47000122070312,1329100
2019-11-08,101.70795440673828,116.30000305175781,118.18000030517578,115.9000015258789,117.63999938964844,1111300
2019-11-11,101.08702850341797,115.58999633789062,117.19999694824219,115.55000305175781,116.58000183105469,749400
2019-11-12,100.90338134765625,115.37999725341797,116.33000183105469,114.95999908447266,115.38999938964844,745500
2019-11-13,102.2589111328125,116.93000030517578,117.16999816894531,115.23999786376953,116.05999755859375,813800
2019-11-14,103.06346130371094,117.8499984741211,118.73999786376953,116.77999877929688,117.38999938964844,580400
2019-11-15,103.40452575683594,118.23999786376953,118.30999755859375,116.79000091552734,117.9800033569336,713100
2019-11-18,103.78932189941406,118.68000030517578,119.91999816894531,118.19999694824219,118.62999725341797,750700
2019-11-19,104.18285369873047,119.12999725341797,119.63999938964844,117.7300033569336,118.23999786376953,945500
2019-11-20,105.44219970703125,120.56999969482422,120.69000244140625,119.11000061035156,119.1500015258789,1547300
2019-11-21,104.36650848388672,119.33999633789062,120.80000305175781,119.1500015258789,120.77999877929688,901600
2019-11-22,104.10415649414062,119.04000091552734,119.7300033569336,118.08999633789062,119.6500015258789,1117600
2019-11-25,104.34027862548828,119.30999755859375,119.77999877929688,118.30999755859375,118.9800033569336,646200
2019-11-26,105.84447479248047,121.02999877929688,121.05999755859375,119.33999633789062,119.55999755859375,1102800
2019-11-27,106.05435180664062,121.2699966430664,121.69999694824219,120.77999877929688,120.95999908447266,822200
2019-11-29,105.84447479248047,121.02999877929688,122.47000122070312,120.94000244140625,121.48999786376953,458200
2019-12-02,105.20606994628906,120.30000305175781,121.29000091552734,120.08999633789062,120.94000244140625,758900
2019-12-03,105.9843978881836,121.19000244140625,121.66999816894531,120.44000244140625,120.7699966430664,722100
2019-12-04,107.12128448486328,122.48999786376953,122.61000061035156,120.44000244140625,120.6500015258789,900400
2019-12-05,107.89961242675781,123.37999725341797,123.37999725341797,121.9000015258789,121.9000015258789,790300
2019-12-06,107.27870178222656,122.66999816894531,123.66999816894531,122.61000061035156,123.12999725341797,635000
2019-12-09,107.11255645751953,122.4800033569336,123.30000305175781,122.2300033569336,123.02999877929688,537400
2019-12-10,106.99884033203125,122.3499984741211,123.33000183105469,122.12999725341797,122.63999938964844,767200
2019-12-11,105.73079681396484,120.9000015258789,120.97000122070312,119.0,120.0,1118200
2019-12-12,103.57068634033203,118.43000030517578,120.77999877929688,117.97000122070312,120.5999984741211,1249200
2019-12-13,104.24406433105469,119.19999694824219,119.58000183105469,117.33999633789062,118.04000091552734,1023900
2019-12-16,105.73079681396484,120.9000015258789,120.95999908447266,118.93000030517578,119.43000030517578,1020500
2019-12-17,105.73079681396484,120.9000015258789,121.75,120.70999908447266,121.41999816894531,1091700
2019-12-18,106.01937866210938,121.2300033569336,121.55000305175781,119.8499984741211,120.87999725341797,1115600
2019-12-19,106.39541625976562,121.66000366210938,122.08999633789062,120.7699966430664,121.38999938964844,1111300
2019-12-20,107.32245635986328,122.72000122070312,123.55999755859375,121.66999816894531,122.58999633789062,1914600
2019-12-23,106.15931701660156,121.38999938964844,123.11000061035156,120.66999816894531,122.83000183105469,1073100
2019-12-24,106.36042785644531,121.62000274658203,122.0199966430664,120.77999877929688,121.0999984741211,243400
2019-12-26,106.58781433105469,121.87999725341797,122.29000091552734,121.41000366210938,121.5,309600
2019-12-27,107.53231048583984,122.95999908447266,122.97000122070312,121.80999755859375,122.05999755859375,575500
2019-12-30,107.61101531982422,123.05000305175781,123.29000091552734,122.5199966430664,122.58999633789062,737800
2019-12-31,107.43611145019531,122.8499984741211,123.81999969482422,122.33999633789062,123.25,766800
2020-01-02,105.11859893798828,120.19999694824219,123.16000366210938,119.58000183105469,123.0,1618900
2020-01-03,105.80075073242188,120.9800033569336,122.12000274658203,120.44000244140625,120.44000244140625,869300
2020-01-06,105.59957885742188,120.75,121.75,120.48999786376953,120.98999786376953,765800
2020-01-07,104.9437026977539,120.0,120.97000122070312,119.91000366210938,120.43000030517578,841000
2020-01-08,105.3722152709961,120.48999786376953,121.19000244140625,119.2300033569336,119.55000305175781,1096700
2020-01-09,106.80644989013672,122.12999725341797,122.22000122070312,120.1500015258789,120.48999786376953,803600
2020-01-10,107.18248748779297,122.55999755859375,122.73999786376953,122.1500015258789,122.19999694824219,754700
2020-01-13,108.21446228027344,123.73999786376953,124.02999877929688,122.7699966430664,122.7699966430664,961800
2020-01-14,108.94029235839844,124.56999969482422,124.56999969482422,123.51000213623047,124.0,886100
2020-01-15,110.96046447753906,126.87999725341797,127.02999877929688,124.87999725341797,125.0,912600
2020-01-16,112.43843841552734,128.57000732421875,128.72999572753906,126.83000183105469,127.0,984200
2020-01-17,114.0738296508789,130.44000244140625,130.58999633789062,128.80999755859375,128.8300018310547,1338400
2020-01-21,116.50499725341797,133.22000122070312,133.39999389648438,130.1999969482422,130.49000549316406,1666700
2020-01-22,117.23088073730469,134.0500030517578,134.80999755859375,133.27000427246094,133.8000030517578,1255000
2020-01-23,118.31526947021484,135.2899932861328,135.52999877929688,133.80999755859375,134.02999877929688,933300
2020-01-24,118.74380493164062,135.77999877929688,136.41000366210938,135.1999969482422,135.2899932861328,813800
2020-01-27,118.28028869628906,135.25,136.8300018310547,134.92999267578125,136.0,703400
2020-01-28,118.76130676269531,135.8000030517578,136.38999938964844,135.07000732421875,135.52999877929688,904200
2020-01-29,118.97114562988281,136.0399932861328,136.41000366210938,135.27999877929688,136.0,608400
2020-01-30,119.60958099365234,136.77000427246094,137.1199951171875,135.60000610351562,135.82000732421875,922700
2020-01-31,119.11112213134766,136.1999969482422,137.72999572753906,135.44000244140625,136.91000366210938,1300500
2020-02-03,119.39096069335938,136.52000427246094,136.9499969482422,136.14999389648438,136.3300018310547,1253800
2020-02-04,117.9217529296875,134.83999633789062,136.80999755859375,134.82000732421875,135.9499969482422,1193000
2020-02-05,118.12289428710938,135.07000732421875,135.6699981689453,134.08999633789062,134.55999755859375,923300
2020-02-06,118.50032806396484,135.0,135.2899932861328,134.1699981689453,134.6199951171875,669000
2020-02-07,118.0175552368164,134.4499969482422,136.1300048828125,134.38999938964844,135.8800048828125,938200
2020-02-10,118.6846694946289,135.2100067138672,135.5500030517578,134.4499969482422,134.7100067138672,1400000
2020-02-11,118.79876708984375,135.33999633789062,135.99000549316406,135.10000610351562,135.52999877929688,746800
2020-02-12,119.11474609375,135.6999969482422,136.11000061035156,134.5,134.52000427246094,996000
2020-02-13,120.21198272705078,136.9499969482422,137.22999572753906,135.5500030517578,135.6999969482422,814200
2020-02-14,122.29232788085938,139.32000732421875,139.64999389648438,137.00999450683594,137.52000427246094,1091200
2020-02-18,122.23970031738281,139.25999450683594,140.57000732421875,139.25999450683594,140.33999633789062,1478400
2020-02-19,121.74815368652344,138.6999969482422,141.3699951171875,138.24000549316406,139.07000732421875,1288700
2020-02-20,120.51923370361328,137.3000030517578,138.6699981689453,136.5,138.32000732421875,1022400
2020-02-21,120.93177032470703,137.77000427246094,138.13999938964844,137.1199951171875,137.41000366210938,1222200
2020-02-24,119.84333038330078,136.52999877929688,137.75,135.9499969482422,136.85000610351562,1219400
2020-02-25,116.82373046875,133.08999633789062,136.85000610351562,132.77000427246094,136.7100067138672,1056500
2020-02-26,116.77985382080078,133.0399932861328,134.92999267578125,132.58999633789062,132.9499969482422,1118600
2020-02-27,112.16275024414062,127.77999877929688,134.38999938964844,127.72000122070312,132.77000427246094,1277700
2020-02-28,108.54629516601562,123.66000366210938,125.80000305175781,120.62000274658203,124.11000061035156,3988800
2020-03-02,114.8487548828125,130.83999633789062,130.94000244140625,124.08000183105469,124.33000183105469,1860400
2020-03-03,115.3578872680664,131.4199981689453,134.75,130.60000610351562,131.22000122070312,1639200
2020-03-04,123.16134643554688,140.30999755859375,140.3300018310547,133.07000732421875,133.07000732421875,1528700
2020-03-05,122.32742309570312,139.36000061035156,140.49000549316406,136.6999969482422,138.52000427246094,1218400
2020-03-06,123.76701354980469,141.0,141.6999969482422,134.6300048828125,136.00999450683594,1492800
2020-03-09,120.42267608642578,137.19000244140625,139.77999877929688,132.64999389648438,133.14999389648438,2322200
2020-03-10,120.87913513183594,137.7100067138672,140.75,131.3000030517578,138.14999389648438,2185400
2020-03-11,113.82177734375,129.6699981689453,136.6300048828125,128.27999877929688,135.35000610351562,2157100
2020-03-12,103.55175018310547,117.97000122070312,127.44999694824219,114.27999877929688,122.20999908447266,2494900
2020-03-13,112.61042022705078,128.2899932861328,128.3300018310547,116.54000091552734,121.36000061035156,1667000
2020-03-16,104.28907012939453,118.80999755859375,132.36000061035156,115.3499984741211,115.5,2367600
2020-03-17,121.57257080078125,138.5,140.2899932861328,120.5,121.33000183105469,2364400
2020-03-18,114.18163299560547,130.0800018310547,133.22000122070312,122.62999725341797,129.61000061035156,2661200
2020-03-19,101.05006408691406,115.12000274658203,130.25999450683594,114.05999755859375,129.0,2393300
2020-03-20,88.3836898803711,100.69000244140625,115.12000274658203,98.25,115.12000274658203,3441000
2020-03-23,85.20613098144531,97.06999969482422,100.37999725341797,92.0,100.37999725341797,2780900
2020-03-24,91.24525451660156,103.94999694824219,105.27999877929688,96.62999725341797,100.70999908447266,2167300
2020-03-25,96.9508285522461,110.44999694824219,114.2699966430664,101.3499984741211,103.7699966430664,1757000
2020-03-26,104.73674011230469,119.31999969482422,121.87000274658203,108.52999877929688,108.52999877929688,1634100
2020-03-27,106.00951385498047,120.7699966430664,125.02999877929688,115.0,116.7699966430664,1169900
2020-03-30,111.23228454589844,126.72000122070312,127.2699966430664,121.87000274658203,122.86000061035156,1584200
2020-03-31,104.94740295410156,119.55999755859375,126.5,117.19000244140625,124.91999816894531,2831000
2020-04-01,99.01360321044922,112.80000305175781,117.98999786376953,110.55999755859375,115.0,1355700
2020-04-02,103.2620620727539,117.63999938964844,118.44999694824219,110.94999694824219,111.54000091552734,944800
2020-04-03,99.47005462646484,113.31999969482422,118.80000305175781,112.5999984741211,118.38999938964844,1187700
2020-04-06,106.6678695678711,121.5199966430664,123.30000305175781,116.19999694824219,116.19999694824219,1224000
2020-04-07,103.81507110595703,118.2699966430664,124.94999694824219,116.81999969482422,124.0,1261400
2020-04-08,110.02973937988281,125.3499984741211,126.33000183105469,117.6500015258789,119.26000213623047,952800
2020-04-09,115.64755249023438,131.75,132.8699951171875,125.5999984741211,126.37999725341797,1177300
2020-04-13,111.68877410888672,127.23999786376953,130.47999572753906,125.41000366210938,129.7899932861328,764900
2020-04-14,117.28021240234375,133.61000061035156,133.72000122070312,129.50999450683594,131.10000610351562,904400
2020-04-15,113.41799926757812,129.2100067138672,132.77000427246094,128.9199981689453,131.38999938964844,922900
2020-04-16,115.19988250732422,131.24000549316406,132.74000549316406,129.58999633789062,131.8699951171875,915500
2020-04-17,115.65631103515625,131.75999450683594,133.0,128.55999755859375,132.67999267578125,1189400
2020-04-20,111.00409698486328,126.45999908447266,132.42999267578125,125.87000274658203,131.75,773300
2020-04-21,110.09996795654297,125.43000030517578,127.5999984741211,123.77999877929688,125.19999694824219,1075400
2020-04-22,112.25933074951172,127.88999938964844,129.8000030517578,126.58999633789062,127.91999816894531,739900
2020-04-23,109.44164276123047,124.68000030517578,129.19000244140625,124.52999877929688,127.25,946200
2020-04-24,109.73131561279297,125.01000213623047,126.80999755859375,124.41999816894531,126.25,1010900
2020-04-27,110.380859375,125.75,126.4800033569336,125.02999877929688,126.0,1476200
2020-04-28,111.0567398071289,126.5199966430664,128.0,125.87999725341797,127.76000213623047,929400
2020-04-29,110.35452270507812,125.72000122070312,127.80999755859375,123.73999786376953,127.66999816894531,934700
2020-04-30,106.81707763671875,121.69000244140625,125.5999984741211,120.0999984741211,125.0,1174800
2020-05-01,104.63140106201172,119.19999694824219,120.76000213623047,118.55999755859375,120.58999633789062,820800
2020-05-04,106.61518859863281,121.45999908447266,121.79000091552734,118.30000305175781,119.16000366210938,720100
2020-05-05,108.34442901611328,123.43000030517578,124.68000030517578,121.19000244140625,121.19000244140625,784000
2020-05-06,103.38495635986328,117.77999877929688,124.16999816894531,117.52999877929688,123.77999877929688,1128400
2020-05-07,104.52606201171875,119.08000183105469,123.5199966430664,118.38999938964844,120.62999725341797,1119000
2020-05-08,103.6043930053711,118.02999877929688,120.30999755859375,117.5199966430664,119.16999816894531,1068400
2020-05-11,105.37699890136719,119.48999786376953,119.81999969482422,115.55000305175781,117.0199966430664,1091100
2020-05-12,103.24282836914062,117.06999969482422,119.9800033569336,117.05000305175781,119.61000061035156,908100
2020-05-13,102.74897003173828,116.51000213623047,116.98999786376953,115.08999633789062,116.98999786376953,1194700
2020-05-14,102.53732299804688,116.2699966430664,116.8499984741211,112.5,115.88999938964844,1039100
2020-05-15,103.85133361816406,117.76000213623047,118.77999877929688,114.55999755859375,115.6500015258789,3087000
2020-05-18,108.0403060913086,122.51000213623047,123.26000213623047,119.68000030517578,120.58999633789062,931100
2020-05-19,105.9766845703125,120.16999816894531,123.08999633789062,120.11000061035156,122.11000061035156,756000
2020-05-20,106.35590362548828,120.5999984741211,122.06999969482422,120.19000244140625,121.27999877929688,683400
2020-05-21,106.37354278564453,120.62000274658203,121.94000244140625,120.05999755859375,121.0,685400
2020-05-22,106.45291900634766,120.70999908447266,121.02999877929688,119.30000305175781,120.16000366210938,445800
2020-05-26,106.47935485839844,120.73999786376953,123.80000305175781,120.18000030517578,122.6500015258789,873800
2020-05-27,106.30298614501953,120.54000091552734,122.2699966430664,118.05000305175781,122.04000091552734,876500
2020-05-28,109.10739135742188,123.72000122070312,124.58999633789062,122.06999969482422,122.25,947600
2020-05-29,111.99996948242188,127.0,127.4000015258789,122.55000305175781,123.70999908447266,1516800
2020-06-01,112.67903900146484,127.7699966430664,128.9499969482422,125.69999694824219,126.91000366210938,794200
2020-06-02,114.72502136230469,130.08999633789062,130.08999633789062,127.08999633789062,127.69999694824219,821900
2020-06-03,116.71812438964844,132.35000610351562,132.55999755859375,129.52999877929688,130.27999877929688,1117200
2020-06-04,115.26297760009766,130.6999969482422,132.60000610351562,128.72999572753906,131.36000061035156,1113300
2020-06-05,116.02139282226562,131.55999755859375,134.25999450683594,130.72000122070312,131.3000030517578,827400
2020-06-08,116.85037994384766,132.5,132.8800048828125,129.75,130.52999877929688,753300
2020-06-09,115.26297760009766,130.6999969482422,131.6199951171875,129.17999267578125,131.6199951171875,857100
2020-06-10,115.58047485351562,131.05999755859375,132.69000244140625,130.1699981689453,131.0,614700
2020-06-11,112.44094848632812,127.5,130.86000061035156,126.75,129.61000061035156,1024900
2020-06-12,112.2557373046875,127.29000091552734,129.77999877929688,125.80999755859375,129.64999389648438,901400
2020-06-15,113.95777893066406,129.22000122070312,130.42999267578125,124.7300033569336,126.2699966430664,1212300
2020-06-16,114.34580993652344,129.66000366210938,132.67999267578125,128.7899932861328,131.49000549316406,699800
2020-06-17,114.52220916748047,129.86000061035156,130.83999633789062,127.45999908447266,130.0,697700
2020-06-18,113.91368865966797,129.1699981689453,130.1699981689453,127.54000091552734,129.33999633789062,629200
2020-06-19,111.43557739257812,126.36000061035156,131.1300048828125,126.36000061035156,131.05999755859375,1766000
2020-06-22,111.85005950927734,126.83000183105469,127.5999984741211,125.69999694824219,126.33000183105469,1127400
2020-06-23,110.43023681640625,125.22000122070312,128.17999267578125,124.87999725341797,127.70999908447266,833000
2020-06-24,109.70707702636719,124.4000015258789,125.19999694824219,123.0999984741211,124.33999633789062,1038000
2020-06-25,107.78456115722656,122.22000122070312,124.4000015258789,120.66999816894531,124.4000015258789,707800
2020-06-26,109.42488098144531,124.08000183105469,125.55999755859375,121.83999633789062,122.43000030517578,1789400
2020-06-29,110.56250762939453,125.37000274658203,125.44000244140625,122.48999786376953,124.37999725341797,617600
2020-06-30,113.46393585205078,128.66000366210938,129.42999267578125,125.47000122070312,125.47000122070312,1228700
2020-07-01,115.19245147705078,130.6199951171875,131.1300048828125,128.4499969482422,128.4499969482422,766900
2020-07-02,115.58047485351562,131.05999755859375,132.16000366210938,130.60000610351562,131.14999389648438,731300
2020-07-06,115.56282043457031,131.0399932861328,133.9199981689453,130.35000610351562,132.6300048828125,551900
2020-07-07,114.91905212402344,130.30999755859375,131.52999877929688,129.3800048828125,130.25,693700
2020-07-08,116.1977767944336,131.75999450683594,132.19000244140625,130.00999450683594,130.39999389648438,673400
2020-07-09,115.25416564941406,130.69000244140625,131.69000244140625,128.75999450683594,131.35000610351562,714000
2020-07-10,117.63529968261719,133.38999938964844,133.41000366210938,130.74000549316406,130.9499969482422,715700
2020-07-13,117.26485443115234,132.97000122070312,134.41000366210938,132.1699981689453,132.82000732421875,983800
2020-07-14,118.91401672363281,134.83999633789062,135.22999572753906,132.85000610351562,133.42999267578125,1170400
2020-07-15,118.22611999511719,134.05999755859375,135.85000610351562,133.39999389648438,135.0,918700
2020-07-16,121.9830093383789,138.32000732421875,138.38999938964844,133.55999755859375,134.02999877929688,1100100
2020-07-17,124.54046630859375,141.22000122070312,141.52999877929688,138.4199981689453,138.9199981689453,786700
2020-07-20,123.20880126953125,139.7100067138672,142.83999633789062,138.99000549316406,140.86000061035156,696000
2020-07-21,124.50518035888672,141.17999267578125,141.8699951171875,139.32000732421875,139.8000030517578,566900
2020-07-22,126.80693817138672,143.7899932861328,144.47999572753906,140.2100067138672,140.92999267578125,608000
2020-07-23,127.77700805664062,144.88999938964844,145.80999755859375,143.91000366210938,144.6699981689453,719300
2020-07-24,127.45067596435547,144.52000427246094,145.97000122070312,143.1999969482422,145.0,834100
2020-07-27,127.28314208984375,144.3300018310547,145.91000366210938,143.6999969482422,145.0,833000
2020-07-28,128.19149780273438,145.36000061035156,146.27000427246094,143.8800048828125,143.8800048828125,724700
2020-07-29,130.51084899902344,147.99000549316406,148.16000366210938,145.9199981689453,145.94000244140625,811300
2020-07-30,129.31149291992188,146.6300048828125,147.97999572753906,145.85000610351562,146.82000732421875,591000
2020-07-31,129.8759002685547,147.27000427246094,148.50999450683594,145.49000549316406,146.2100067138672,793400
2020-08-03,129.69068908691406,147.05999755859375,147.3699951171875,145.39999389648438,147.0,582400
2020-08-04,130.0787353515625,147.5,147.69000244140625,145.9499969482422,146.49000549316406,686000
2020-08-05,129.85824584960938,147.25,148.22000122070312,145.64999389648438,148.19000244140625,506400
2020-08-06,129.61131286621094,146.97000122070312,147.9600067138672,145.00999450683594,146.32000732421875,737600
2020-08-07,132.0982666015625,149.7899932861328,150.0399932861328,146.08999633789062,147.0,785500
2020-08-10,131.49856567382812,149.11000061035156,150.47000122070312,148.44000244140625,150.2100067138672,598600
2020-08-11,126.0637435913086,142.4199981689453,148.5,141.7100067138672,148.22999572753906,740900
2020-08-12,129.11746215820312,145.8699951171875,147.0800018310547,142.8000030517578,143.1300048828125,602600
2020-08-13,129.68397521972656,146.50999450683594,147.1699981689453,144.2899932861328,145.27999877929688,613400
2020-08-14,128.6217803955078,145.30999755859375,146.67999267578125,144.7899932861328,146.16000366210938,378600
2020-08-17,129.72824096679688,146.55999755859375,148.1199951171875,145.08999633789062,146.0,657900
2020-08-18,129.23260498046875,146.0,147.1999969482422,145.2899932861328,146.13999938964844,493300
2020-08-19,127.39148712158203,143.9199981689453,147.1999969482422,143.58999633789062,146.75,603000
2020-08-20,127.71009826660156,144.27999877929688,145.30999755859375,143.1699981689453,143.5500030517578,432200
2020-08-21,127.14360809326172,143.63999938964844,144.7899932861328,142.61000061035156,144.3800048828125,603300
2020-08-24,127.35607147216797,143.8800048828125,144.32000732421875,142.22000122070312,143.6199951171875,468600
2020-08-25,127.0462646484375,143.52999877929688,143.97999572753906,142.35000610351562,143.97999572753906,389400
2020-08-26,124.71827697753906,140.89999389648438,142.97000122070312,140.77999877929688,142.3800048828125,583900
2020-08-27,125.13432312011719,141.3699951171875,142.75999450683594,140.3699951171875,141.8800048828125,704000
2020-08-28,124.62090301513672,140.7899932861328,141.13999938964844,138.85000610351562,141.13999938964844,773400
2020-08-31,125.10774993896484,141.33999633789062,142.67999267578125,140.8699951171875,142.14999389648438,881100
2020-09-01,124.07213592529297,140.1699981689453,142.0,139.5,141.77999877929688,451700
2020-09-02,127.59504699707031,144.14999389648438,144.92999267578125,139.75,140.39999389648438,934600
2020-09-03,126.1168212890625,142.47999572753906,146.3000030517578,141.3000030517578,144.63999938964844,717300
2020-09-04,126.72760009765625,143.1699981689453,144.00999450683594,141.6300048828125,142.6999969482422,954200
2020-09-08,124.6032485961914,140.77000427246094,143.2100067138672,140.13999938964844,143.0,771700
2020-09-09,126.7541732788086,143.1999969482422,145.1199951171875,142.02000427246094,142.02000427246094,667600
2020-09-10,124.6032485961914,140.77000427246094,143.4199981689453,140.7100067138672,142.74000549316406,575500
2020-09-11,124.89533233642578,141.10000610351562,141.77000427246094,140.27999877929688,141.55999755859375,482500
2020-09-14,126.47088623046875,142.8800048828125,143.82000732421875,141.25,142.13999938964844,684600
2020-09-15,127.0993423461914,143.58999633789062,144.83999633789062,142.85000610351562,144.16000366210938,812900
2020-09-16,126.3735122680664,142.77000427246094,145.50999450683594,142.58999633789062,143.85000610351562,678200
2020-09-17,124.82449340820312,141.02000427246094,142.97000122070312,139.7100067138672,142.3300018310547,733400
2020-09-18,122.39920043945312,138.27999877929688,141.83999633789062,138.0,140.75,1420900
2020-09-21,123.67384338378906,139.72000122070312,140.0800018310547,137.00999450683594,137.94000244140625,746800
2020-09-22,124.07213592529297,140.1699981689453,141.47000122070312,138.91000366210938,140.24000549316406,718100
2020-09-23,122.19561767578125,138.0500030517578,141.2100067138672,138.0399932861328,140.64999389648438,585700
2020-09-24,124.50586700439453,140.66000366210938,141.9499969482422,138.50999450683594,138.9199981689453,902900
2020-09-25,127.66585540771484,144.22999572753906,144.3699951171875,139.5399932861328,139.5399932861328,898100
2020-09-28,127.9490966796875,144.5500030517578,146.05999755859375,143.64999389648438,144.47000122070312,599200
2020-09-29,127.19671630859375,143.6999969482422,145.10000610351562,142.8800048828125,144.75,565100
2020-09-30,128.24118041992188,144.8800048828125,146.27999877929688,144.13999938964844,144.6300048828125,1099600
2020-10-01,131.50746154785156,148.57000732421875,148.86000061035156,145.44000244140625,145.55999755859375,1478200
2020-10-02,131.85263061523438,148.9600067138672,149.97000122070312,146.8699951171875,147.52000427246094,751200
2020-10-05,134.4461669921875,151.88999938964844,152.16000366210938,148.58999633789062,149.25,707000
2020-10-06,134.97720336914062,152.49000549316406,153.74000549316406,150.8699951171875,151.85000610351562,718400
2020-10-07,136.76524353027344,154.50999450683594,155.4600067138672,152.91000366210938,153.94000244140625,942400
2020-10-08,137.95138549804688,155.85000610351562,156.38999938964844,154.0800018310547,155.0,554400
2020-10-09,137.86279296875,155.75,157.27000427246094,154.61000061035156,156.2100067138672,651900
2020-10-12,140.13771057128906,158.32000732421875,160.0,156.2899932861328,156.64999389648438,571000
2020-10-13,138.15492248535156,156.0800018310547,156.35000610351562,154.5,156.3300018310547,592900
2020-10-14,137.87171936035156,155.75999450683594,157.38999938964844,154.5399932861328,155.6199951171875,581900
2020-10-15,137.96023559570312,155.86000061035156,157.1699981689453,153.5500030517578,154.5399932861328,513900
2020-10-16,137.83627319335938,155.72000122070312,156.64999389648438,155.5,156.5800018310547,1120200
2020-10-19,136.77407836914062,154.52000427246094,157.5399932861328,153.97999572753906,156.25999450683594,1175100
2020-10-20,135.56143188476562,153.14999389648438,155.2899932861328,152.61000061035156,155.2899932861328,725600
2020-10-21,134.76480102539062,152.25,154.08999633789062,151.85000610351562,153.4199981689453,818400
2020-10-22,135.96856689453125,153.61000061035156,153.9600067138672,152.33999633789062,153.0500030517578,455500
2020-10-23,136.3846435546875,154.0800018310547,154.67999267578125,152.99000549316406,153.8800048828125,423700
2020-10-26,136.32261657714844,154.00999450683594,155.02000427246094,152.0,154.3000030517578,676200
2020-10-27,136.8625946044922,154.6199951171875,156.17999267578125,153.6699981689453,154.36000061035156,621100
2020-10-28,135.4286651611328,153.0,155.60000610351562,152.50999450683594,152.75999450683594,874700
2020-10-29,134.68511962890625,152.16000366210938,153.9600067138672,150.14999389648438,152.9199981689453,534000
2020-10-30,133.22462463378906,150.50999450683594,152.33999633789062,149.22999572753906,151.3000030517578,831800
2020-11-02,136.57937622070312,154.3000030517578,155.07000732421875,151.63999938964844,152.0,731300
2020-11-03,139.0577850341797,157.10000610351562,159.41000366210938,155.49000549316406,156.05999755859375,742100
2020-11-04,137.5618896484375,155.41000366210938,160.55999755859375,155.25,158.25999450683594,728100
2020-11-05,140.04031372070312,158.2100067138672,162.83999633789062,155.5,160.0,766900
2020-11-06,142.62496948242188,161.1300048828125,161.94000244140625,157.8000030517578,158.85000610351562,744800
2020-11-09,144.17930603027344,162.3300018310547,172.55999755859375,161.92999267578125,171.99000549316406,1347500
2020-11-10,145.22735595703125,163.50999450683594,164.58999633789062,161.6300048828125,162.2100067138672,1021400
2020-11-11,145.9911651611328,164.3699951171875,165.6999969482422,163.17999267578125,164.49000549316406,968000
2020-11-12,143.36215209960938,161.41000366210938,164.7100067138672,160.11000061035156,164.22000122070312,863600
2020-11-13,143.2733154296875,161.30999755859375,162.89999389648438,160.63999938964844,161.9199981689453,634900
2020-11-16,147.0392608642578,165.5500030517578,165.6300048828125,161.00999450683594,162.97000122070312,902800
2020-11-17,141.4792022705078,159.2899932861328,164.55999755859375,158.8800048828125,163.92999267578125,1082500
2020-11-18,138.72579956054688,156.19000244140625,160.7100067138672,155.97000122070312,160.6699981689453,858100
2020-11-19,139.13438415527344,156.64999389648438,157.1999969482422,154.5399932861328,156.8800048828125,913000
2020-11-20,140.0758819580078,157.7100067138672,160.11000061035156,155.77999877929688,155.77999877929688,992800
2020-11-23,137.86431884765625,155.22000122070312,158.13999938964844,154.75999450683594,157.77000427246094,616900
2020-11-24,136.0701141357422,153.1999969482422,156.8800048828125,152.8800048828125,156.52999877929688,1006000
2020-11-25,136.0079803466797,153.1300048828125,154.97000122070312,151.11000061035156,153.97999572753906,1113600
2020-11-27,136.54086303710938,153.72999572753906,154.19000244140625,151.7100067138672,152.80999755859375,504000
2020-11-30,136.2300567626953,153.3800048828125,154.80999755859375,152.13999938964844,154.0,1059700
2020-12-01,137.0471954345703,154.3000030517578,156.41000366210938,154.0399932861328,154.5800018310547,797200
2020-12-02,137.51788330078125,154.8300018310547,155.36000061035156,152.7100067138672,154.72999572753906,794100
2020-12-03,135.43064880371094,152.47999572753906,155.4600067138672,151.9199981689453,153.97999572753906,707700
2020-12-04,132.25094604492188,148.89999389648438,152.8800048828125,147.89999389648438,152.33999633789062,1318400
2020-12-07,133.5121612548828,150.32000732421875,151.14999389648438,148.57000732421875,148.83999633789062,1042500
2020-12-08,132.65066528320312,149.35000610351562,150.25,148.6199951171875,149.55999755859375,811100
2020-12-09,131.8690643310547,148.47000122070312,150.08999633789062,147.7899932861328,150.08999633789062,919300
2020-12-10,131.51376342773438,148.07000732421875,148.64999389648438,146.5399932861328,148.64999389648438,888000
2020-12-11,131.7002716064453,148.27999877929688,148.82000732421875,146.74000549316406,147.97000122070312,760100
2020-12-14,131.9400634765625,148.5500030517578,151.3300018310547,148.4600067138672,150.1199951171875,811100
2020-12-15,135.88368225097656,152.99000549316406,153.35000610351562,148.80999755859375,149.00999450683594,1555900
2020-12-16,133.55657958984375,150.3699951171875,154.75999450683594,150.25999450683594,153.8300018310547,821500
2020-12-17,134.8799591064453,151.86000061035156,153.1999969482422,150.6999969482422,151.25999450683594,925500
2020-12-18,133.4411163330078,150.24000549316406,152.55999755859375,149.7100067138672,151.99000549316406,1891400
2020-12-21,132.4374542236328,149.11000061035156,149.38999938964844,147.02999877929688,148.9499969482422,1134600
2020-12-22,131.5048828125,148.05999755859375,149.33999633789062,147.41000366210938,149.33999633789062,823700
2020-12-23,130.92755126953125,147.41000366210938,150.66000366210938,147.35000610351562,148.9499969482422,731500
2020-12-24,132.464111328125,149.13999938964844,149.13999938964844,147.4199981689453,147.8800048828125,253700
2020-12-28,132.91708374023438,149.64999389648438,151.00999450683594,148.99000549316406,149.58999633789062,546600
2020-12-29,133.87631225585938,150.72999572753906,151.8800048828125,149.94000244140625,150.7899932861328,685100
2020-12-30,133.78750610351562,150.6300048828125,151.6999969482422,150.25999450683594,150.89999389648438,361800
2020-12-31,136.30996704101562,153.47000122070312,153.60000610351562,150.2100067138672,150.58999633789062,521900
2021-01-04,133.4411163330078,150.24000549316406,153.7899932861328,148.6199951171875,153.52999877929688,1378900
2021-01-05,134.19607543945312,151.08999633789062,151.50999450683594,148.89999389648438,150.5,867600
2021-01-06,135.3240966796875,152.36000061035156,153.72999572753906,150.55999755859375,151.77999877929688,1206200
2021-01-07,135.11981201171875,152.1300048828125,154.58999633789062,151.7899932861328,153.88999938964844,851500
2021-01-08,139.42745971679688,156.97999572753906,157.3699951171875,151.5,152.08999633789062,1367400
2021-01-11,139.12551879882812,156.63999938964844,157.5500030517578,154.25999450683594,156.36000061035156,812300
2021-01-12,138.76138305664062,156.22999572753906,159.11000061035156,154.42999267578125,156.77999877929688,1128800
2021-01-13,141.8345184326172,159.69000244140625,161.1999969482422,156.22999572753906,156.60000610351562,898200
2021-01-14,140.3334503173828,158.0,159.67999267578125,157.27000427246094,159.52000427246094,712400
2021-01-15,141.8611297607422,159.72000122070312,160.3000030517578,157.0,157.55999755859375,946600
2021-01-19,141.46144104003906,159.27000427246094,160.9199981689453,157.6999969482422,160.8300018310547,873100
2021-01-20,145.129638671875,163.39999389648438,163.8699951171875,158.5800018310547,159.22000122070312,1051000
2021-01-21,142.9091796875,160.89999389648438,163.99000549316406,159.88999938964844,163.10000610351562,785300
2021-01-22,142.91806030273438,160.91000366210938,161.72000122070312,159.02000427246094,160.44000244140625,674100
2021-01-25,143.18453979492188,161.2100067138672,163.55999755859375,159.89999389648438,160.8800048828125,928100
2021-01-26,141.4969482421875,159.30999755859375,160.82000732421875,158.63999938964844,160.25,1056400
2021-01-27,139.19656372070312,156.72000122070312,158.89999389648438,155.39999389648438,158.19000244140625,963300
2021-01-28,141.9232940673828,159.7899932861328,162.6199951171875,156.80999755859375,157.0399932861328,827700
2021-01-29,141.23939514160156,159.02000427246094,160.80999755859375,156.0399932861328,158.64999389648438,1114600
2021-02-01,143.45986938476562,161.52000427246094,163.57000732421875,159.64999389648438,160.6300048828125,693700
2021-02-02,145.05862426757812,163.32000732421875,166.0800018310547,161.47999572753906,161.9600067138672,766500
2021-02-03,145.76025390625,164.11000061035156,164.86000061035156,161.88999938964844,162.86000061035156,776400
2021-02-04,145.68032836914062,164.02000427246094,165.52000427246094,163.00999450683594,163.8300018310547,599400
2021-02-05,147.05274963378906,165.00999450683594,165.52999877929688,162.75,164.14999389648438,478900
2021-02-08,144.56637573242188,162.22000122070312,165.22000122070312,161.11000061035156,164.9499969482422,686500
2021-02-09,145.65359497070312,163.44000244140625,163.66000366210938,161.5800018310547,162.47000122070312,569400
2021-02-10,146.87452697753906,164.80999755859375,165.14999389648438,163.61000061035156,165.0,471200
2021-02-11,146.89230346679688,164.8300018310547,165.67999267578125,163.74000549316406,165.14999389648438,468500
2021-02-12,144.09400939941406,161.69000244140625,165.86000061035156,160.27999877929688,163.82000732421875,551700
2021-02-16,143.98709106445312,161.57000732421875,163.24000549316406,160.17999267578125,161.60000610351562,810800
2021-02-17,143.28305053710938,160.77999877929688,161.97000122070312,160.05999755859375,161.13999938964844,753900
2021-02-18,142.72161865234375,160.14999389648438,161.24000549316406,159.67999267578125,160.39999389648438,1157200
2021-02-19,139.61143493652344,156.66000366210938,160.64999389648438,156.4600067138672,160.3800048828125,741500
2021-02-22,135.2892608642578,151.80999755859375,156.60000610351562,150.82000732421875,155.17999267578125,1191500
2021-02-23,136.48341369628906,153.14999389648438,153.75999450683594,150.6300048828125,152.00999450683594,984700
2021-02-24,133.62274169921875,149.94000244140625,153.3300018310547,149.82000732421875,153.0,1204000
2021-02-25,129.79066467285156,145.63999938964844,149.8699951171875,145.02999877929688,149.6699981689453,1353500
2021-02-26,126.43988037109375,141.8800048828125,147.36000061035156,141.77999877929688,146.1300048828125,1986300
2021-03-01,128.33804321289062,144.00999450683594,145.7899932861328,143.49000549316406,144.2100067138672,1188100
2021-03-02,124.4436264038086,139.63999938964844,144.4499969482422,139.2899932861328,143.6199951171875,1512800
2021-03-03,117.75092315673828,132.1300048828125,139.4499969482422,131.00999450683594,138.8800048828125,2149400
2021-03-04,120.28184509277344,134.97000122070312,138.75,132.5500030517578,135.02000427246094,3108600
2021-03-05,121.20866394042969,136.00999450683594,136.52000427246094,132.3699951171875,134.4499969482422,1720200
2021-03-08,119.30156707763672,133.8699951171875,137.88999938964844,133.72000122070312,136.7100067138672,1457200
2021-03-09,121.93946075439453,136.8300018310547,137.4600067138672,134.52000427246094,135.5399932861328,2495600
2021-03-10,121.53839874267578,136.3800048828125,137.64999389648438,135.6199951171875,137.3000030517578,2165000
2021-03-11,122.12657165527344,137.0399932861328,138.41000366210938,136.07000732421875,137.52000427246094,1755600
2021-03-12,123.9891357421875,139.1300048828125,139.5399932861328,136.4600067138672,137.88999938964844,1029600
2021-03-15,125.04071807861328,140.30999755859375,141.02999877929688,138.72999572753906,139.5,1296200
2021-03-16,125.79824829101562,141.16000366210938,142.6699981689453,140.5,140.52000427246094,1136600
2021-03-17,124.21192932128906,139.3800048828125,140.8800048828125,138.72999572753906,140.42999267578125,1209300
2021-03-18,123.873291015625,139.0,139.50999450683594,137.39999389648438,138.69000244140625,1200400
2021-03-19,123.30292510986328,138.36000061035156,139.5399932861328,136.89999389648438,139.0399932861328,2216400
2021-03-22,124.80903625488281,140.0500030517578,140.11000061035156,138.25999450683594,138.86000061035156,1027300
2021-03-23,128.4628448486328,144.14999389648438,144.50999450683594,139.75,140.19000244140625,1033500
2021-03-24,129.14012145996094,144.91000366210938,145.5399932861328,142.27999877929688,143.02000427246094,1256700
2021-03-25,129.407470703125,145.2100067138672,147.27000427246094,144.60000610351562,145.0800018310547,1211200
2021-03-26,130.39669799804688,146.32000732421875,146.47000122070312,142.3800048828125,145.0500030517578,1163500
2021-03-29,131.8136444091797,147.91000366210938,148.7899932861328,145.66000366210938,146.32000732421875,940500
2021-03-30,130.86903381347656,146.85000610351562,148.27000427246094,145.9499969482422,147.92999267578125,768700
2021-03-31,133.60491943359375,149.9199981689453,150.52999877929688,147.10000610351562,147.49000549316406,1221000
2021-04-01,134.20199584960938,150.58999633789062,151.8300018310547,149.58999633789062,150.63999938964844,855400
2021-04-05,135.4853057861328,152.02999877929688,152.3699951171875,150.25,150.27000427246094,577400
2021-04-06,136.17149353027344,152.8000030517578,153.19000244140625,150.88999938964844,151.83999633789062,848200
2021-04-07,136.287353515625,152.92999267578125,153.86000061035156,151.86000061035156,153.0500030517578,611600
2021-04-08,135.18226623535156,151.69000244140625,153.77999877929688,151.17999267578125,153.6300048828125,657300
2021-04-09,135.17337036132812,151.67999267578125,152.64999389648438,150.9600067138672,152.05999755859375,609700
2021-04-12,135.68136596679688,152.25,153.38999938964844,151.36000061035156,151.64999389648438,742100
2021-04-13,138.49746704101562,155.41000366210938,155.83999633789062,151.27999877929688,151.33999633789062,738700
2021-04-14,140.0302734375,157.1300048828125,157.19000244140625,153.9499969482422,154.7100067138672,929100
2021-04-15,141.83932495117188,159.16000366210938,159.30999755859375,157.14999389648438,157.14999389648438,1069200
2021-04-16,142.69488525390625,160.1199951171875,160.32000732421875,158.82000732421875,160.0,1341700
2021-04-19,141.44723510742188,158.72000122070312,160.55999755859375,157.97999572753906,160.24000549316406,835100
2021-04-20,143.75540161132812,161.30999755859375,162.39999389648438,158.86000061035156,159.0,850100
2021-04-21,143.47911071777344,161.0,162.5,159.8300018310547,162.2899932861328,623200
2021-04-22,143.86231994628906,161.42999267578125,162.3800048828125,160.47000122070312,161.0,653700
2021-04-23,142.01759338378906,159.36000061035156,161.85000610351562,159.2899932861328,161.5,1044900
2021-04-26,140.5471649169922,157.7100067138672,159.67999267578125,156.44000244140625,159.47000122070312,938500
2021-04-27,138.22122192382812,155.10000610351562,158.0800018310547,154.5500030517578,157.94000244140625,1373100
2021-04-28,137.54391479492188,154.33999633789062,155.49000549316406,153.52999877929688,155.2899932861328,699300
2021-04-29,137.63304138183594,154.44000244140625,156.69000244140625,154.00999450683594,154.5,752600
2021-04-30,139.0143280029297,155.99000549316406,156.02000427246094,154.1300048828125,154.6699981689453,1012100
2021-05-03,138.57765197753906,155.5,156.80999755859375,154.74000549316406,156.16000366210938,598000
2021-05-04,138.39053344726562,155.2899932861328,156.72999572753906,153.30999755859375,154.52000427246094,956300
2021-05-05,136.40316772460938,153.05999755859375,155.14999389648438,151.17999267578125,154.41000366210938,714100
2021-05-06,136.5279541015625,153.1999969482422,154.13999938964844,152.13999938964844,152.9199981689453,751300
2021-05-07,136.1447296142578,152.77000427246094,155.82000732421875,152.61000061035156,153.1999969482422,795900
2021-05-10,139.5741729736328,156.0,156.5500030517578,152.1300048828125,152.30999755859375,2008300
2021-05-11,137.5162811279297,153.6999969482422,155.8000030517578,152.57000732421875,155.8000030517578,667600
2021-05-12,133.83908081054688,149.58999633789062,152.97999572753906,149.14999389648438,152.8000030517578,837100
2021-05-13,135.995361328125,152.0,152.66000366210938,149.3000030517578,149.60000610351562,560700
2021-05-14,136.7379913330078,152.8300018310547,153.83999633789062,152.0,152.16000366210938,830800
2021-05-17,134.96640014648438,150.85000610351562,153.8300018310547,150.8000030517578,152.64999389648438,540400
2021-05-18,135.18113708496094,151.08999633789062,151.94000244140625,149.85000610351562,150.89999389648438,515500
2021-05-19,136.0579833984375,152.07000732421875,152.1199951171875,150.11000061035156,150.57000732421875,605600
2021-05-20,138.1605224609375,154.4199981689453,154.91000366210938,152.13999938964844,152.13999938964844,703400
2021-05-21,138.78683471679688,155.1199951171875,156.35000610351562,154.16000366210938,154.66000366210938,1605300
2021-05-24,138.5363311767578,154.83999633789062,156.49000549316406,154.74000549316406,155.60000610351562,450100
2021-05-25,138.6078643798828,154.9199981689453,155.72999572753906,153.58999633789062,154.83999633789062,581500
2021-05-26,138.65261840820312,154.97000122070312,155.77999877929688,153.9600067138672,155.2899932861328,485100
2021-05-27,137.26580810546875,153.4199981689453,156.0500030517578,153.10000610351562,156.0,1029500
2021-05-28,138.69735717773438,155.02000427246094,155.9499969482422,153.88999938964844,154.6699981689453,562200
2021-06-01,138.0173797607422,154.25999450683594,156.1699981689453,154.1300048828125,155.8800048828125,619300
2021-06-02,139.0641632080078,155.42999267578125,156.1300048828125,153.77000427246094,154.22999572753906,504100
2021-06-03,139.6099395751953,156.0399932861328,156.67999267578125,154.00999450683594,154.00999450683594,720800
2021-06-04,139.9588623046875,156.42999267578125,157.1999969482422,156.00999450683594,156.2100067138672,403200
2021-06-07,140.889404296875,157.47000122070312,157.64999389648438,156.22999572753906,156.5500030517578,487600
2021-06-08,140.29888916015625,156.80999755859375,158.02000427246094,156.02999877929688,157.8000030517578,479800
2021-06-09,141.00572204589844,157.60000610351562,158.38999938964844,156.58999633789062,157.3800048828125,644500
2021-06-10,142.9114532470703,159.72999572753906,160.0,157.2100067138672,157.77000427246094,541500
2021-06-11,143.47509765625,160.36000061035156,160.44000244140625,159.25999450683594,159.8000030517578,745500
2021-06-14,143.5824432373047,160.47999572753906,161.5,158.4499969482422,160.52999877929688,735400
2021-06-15,144.75453186035156,161.7899932861328,162.52000427246094,160.02000427246094,160.5,640700
2021-06-16,141.78411865234375,158.47000122070312,163.0,158.36000061035156,162.55999755859375,795500
2021-06-17,145.12130737304688,162.1999969482422,162.42999267578125,157.8699951171875,158.1300048828125,619700
2021-06-18,140.95201110839844,157.5399932861328,161.80999755859375,157.3699951171875,161.11000061035156,1741100
2021-06-21,144.31614685058594,161.3000030517578,161.63999938964844,156.36000061035156,157.92999267578125,808800
2021-06-22,142.88458251953125,159.6999969482422,162.55999755859375,159.63999938964844,161.80999755859375,581800
2021-06-23,139.9051971435547,156.3699951171875,160.0,155.9499969482422,159.8300018310547,855100
2021-06-24,138.46470642089844,154.75999450683594,157.5399932861328,153.6699981689453,157.49000549316406,867500
2021-06-25,138.88523864746094,155.22999572753906,155.3800048828125,153.38999938964844,154.75999450683594,1041300
2021-06-28,140.76414489746094,157.3300018310547,158.85000610351562,155.61000061035156,155.61000061035156,742900
2021-06-29,139.10888671875,155.47999572753906,158.25,155.41000366210938,156.44000244140625,655300
2021-06-30,137.9010772705078,154.1300048828125,156.5399932861328,153.3300018310547,155.75999450683594,627700
2021-07-01,139.18943786621094,155.57000732421875,155.89999389648438,153.4499969482422,154.22000122070312,497200
2021-07-02,140.3614959716797,156.8800048828125,156.94000244140625,155.49000549316406,155.92999267578125,397700
2021-07-06,143.0456085205078,159.8800048828125,159.97999572753906,156.55999755859375,157.8000030517578,761300
2021-07-07,146.17709350585938,163.3800048828125,163.60000610351562,159.36000061035156,160.0,871300
2021-07-08,144.566650390625,161.5800018310547,163.99000549316406,161.07000732421875,162.57000732421875,569900
2021-07-09,145.1929473876953,162.27999877929688,162.49000549316406,160.4600067138672,161.64999389648438,519800
2021-07-12,145.81919860839844,162.97999572753906,163.22000122070312,161.55999755859375,162.25,414500
2021-07-13,145.16610717773438,162.25,163.89999389648438,161.61000061035156,162.83999633789062,473900
2021-07-14,146.05189514160156,163.24000549316406,164.08999633789062,161.25999450683594,162.2100067138672,363800
2021-07-15,148.61965942382812,166.11000061035156,166.5,162.22000122070312,162.39999389648438,627000
2021-07-16,150.58798217773438,168.30999755859375,169.77000427246094,166.1999969482422,166.5399932861328,629800
2021-07-19,149.73800659179688,167.36000061035156,168.9499969482422,164.7899932861328,167.36000061035156,768500
2021-07-20,149.1475372314453,166.6999969482422,169.4499969482422,165.7100067138672,167.97000122070312,955100
2021-07-21,146.27554321289062,163.49000549316406,166.4199981689453,162.72000122070312,166.4199981689453,749200
2021-07-22,147.1075897216797,164.4199981689453,164.85000610351562,163.1699981689453,163.58999633789062,535900
2021-07-23,149.65748596191406,167.27000427246094,167.36000061035156,164.50999450683594,164.77000427246094,603100
2021-07-26,148.68228149414062,166.17999267578125,167.0399932861328,164.9600067138672,166.5,556300
2021-07-27,152.27899169921875,170.1999969482422,170.74000549316406,165.55999755859375,166.3800048828125,584200
2021-07-28,152.41317749023438,170.35000610351562,170.86000061035156,168.60000610351562,170.14999389648438,484800
2021-07-29,152.75320434570312,170.72999572753906,171.30999755859375,169.66000366210938,170.50999450683594,406100
2021-07-30,152.19847106933594,170.11000061035156,172.10000610351562,169.94000244140625,170.57000732421875,631200
2021-08-02,154.11309814453125,172.25,172.27000427246094,169.8300018310547,169.97999572753906,621800
2021-08-03,156.8419952392578,175.3000030517578,176.83999633789062,172.10000610351562,173.25,912800
2021-08-04,157.88882446289062,176.47000122070312,177.14999389648438,172.05999755859375,172.13999938964844,1084800
2021-08-05,160.7518768310547,179.6699981689453,180.0800018310547,176.0,177.0,525200
2021-08-06,158.76560974121094,177.4499969482422,180.4199981689453,177.36000061035156,179.92999267578125,1000300
2021-08-09,159.01071166992188,177.1199951171875,178.52000427246094,175.5,178.10000610351562,985600
2021-08-10,158.01419067382812,176.00999450683594,177.32000732421875,175.50999450683594,177.1999969482422,624000
2021-08-11,157.6101837158203,175.55999755859375,177.0500030517578,174.52999877929688,176.4600067138672,728800
2021-08-12,159.30697631835938,177.4499969482422,177.94000244140625,175.30999755859375,175.6999969482422,789000
2021-08-13,160.626708984375,178.9199981689453,179.08999633789062,176.85000610351562,177.67999267578125,649900
2021-08-16,162.94285583496094,181.5,181.75,178.74000549316406,178.99000549316406,617600
2021-08-17,162.84414672851562,181.38999938964844,181.60000610351562,179.5399932861328,181.3300018310547,579100
2021-08-18,161.48851013183594,179.8800048828125,181.3300018310547,178.97999572753906,181.17999267578125,583100
2021-08-19,163.18528747558594,181.77000427246094,182.4199981689453,179.42999267578125,180.25999450683594,549100
2021-08-20,165.2770538330078,184.10000610351562,184.63999938964844,180.5,181.4499969482422,666600
2021-08-23,163.57130432128906,182.1999969482422,185.24000549316406,181.33999633789062,184.10000610351562,993500
2021-08-24,162.13491821289062,180.60000610351562,181.9600067138672,179.0,181.74000549316406,745800
2021-08-25,162.3862762451172,180.8800048828125,181.42999267578125,179.55999755859375,180.60000610351562,502400
2021-08-26,162.69151306152344,181.22000122070312,181.6699981689453,179.75999450683594,180.50999450683594,520800
2021-08-27,161.87454223632812,180.30999755859375,182.32000732421875,180.00999450683594,181.61000061035156,748700
2021-08-30,163.91246032714844,182.5800018310547,183.30999755859375,180.7899932861328,181.1699981689453,520100
2021-08-31,163.61618041992188,182.25,183.72000122070312,181.80999755859375,182.5800018310547,918100
2021-09-01,165.57327270507812,184.42999267578125,185.17999267578125,180.67999267578125,180.67999267578125,751700
2021-09-02,167.74591064453125,186.85000610351562,186.9199981689453,184.5,185.0,460000
2021-09-03,166.21971130371094,185.14999389648438,187.02000427246094,184.5800018310547,186.10000610351562,466300
2021-09-07,165.1873016357422,184.0,185.7899932861328,182.88999938964844,185.24000549316406,608700
2021-09-08,169.45162963867188,188.75,189.35000610351562,183.50999450683594,184.00999450683594,590000
2021-09-09,168.36534118652344,187.5399932861328,188.8800048828125,186.5399932861328,187.75999450683594,987900
2021-09-10,165.89651489257812,184.7899932861328,188.25999450683594,184.6999969482422,188.25999450683594,518600
2021-09-13,164.41517639160156,183.13999938964844,186.52999877929688,182.4499969482422,186.0399932861328,690200
2021-09-14,165.97732543945312,184.8800048828125,185.16000366210938,183.14999389648438,184.05999755859375,483300
2021-09-15,164.873046875,183.64999389648438,185.52000427246094,182.89999389648438,184.75,738000
2021-09-16,163.1223907470703,181.6999969482422,184.9499969482422,181.1300048828125,184.24000549316406,724000
2021-09-17,159.83663940429688,178.0399932861328,181.41000366210938,177.5399932861328,179.69000244140625,1961900
2021-09-20,160.92291259765625,179.25,180.75,176.0399932861328,177.27000427246094,645200
2021-09-21,160.2136993408203,178.4600067138672,181.13999938964844,178.3300018310547,179.47999572753906,604700
2021-09-22,159.5493621826172,177.72000122070312,179.47999572753906,176.32000732421875,179.0,619900
2021-09-23,159.6481170654297,177.8300018310547,179.61000061035156,177.2100067138672,177.6199951171875,665800
2021-09-24,158.71441650390625,176.7899932861328,178.9600067138672,176.0,177.8300018310547,470400
2021-09-27,153.2560577392578,170.7100067138672,174.75999450683594,170.5500030517578,174.2899932861328,922400
2021-09-28,150.99375915527344,168.19000244140625,170.1999969482422,167.97999572753906,170.11000061035156,725000
2021-09-29,152.88800048828125,170.3000030517578,172.0,167.8699951171875,168.57000732421875,689700
2021-09-30,151.75682067871094,169.0399932861328,171.47999572753906,168.89999389648438,171.1699981689453,863900
2021-10-01,151.12838745117188,168.33999633789062,170.38999938964844,167.5,168.6999969482422,662600
2021-10-04,153.43565368652344,170.91000366210938,171.72999572753906,168.22999572753906,168.58999633789062,730500
2021-10-05,154.0550994873047,171.60000610351562,172.44000244140625,170.6300048828125,171.38999938964844,577500
2021-10-06,156.37127685546875,174.17999267578125,174.1999969482422,170.0800018310547,171.16000366210938,488000
2021-10-07,154.8361358642578,172.47000122070312,175.8800048828125,172.2100067138672,174.52000427246094,497800
2021-10-08,153.3638153076172,170.8300018310547,173.39999389648438,169.6999969482422,172.2899932861328,442600
2021-10-11,151.59524536132812,168.86000061035156,170.92999267578125,168.3800048828125,170.10000610351562,746000
2021-10-12,152.20570373535156,169.5399932861328,170.27999877929688,167.91000366210938,168.8000030517578,499400
2021-10-13,152.0800018310547,169.39999389648438,170.4600067138672,168.25999450683594,169.83999633789062,773700
2021-10-14,153.6780242919922,171.17999267578125,171.72999572753906,169.91000366210938,169.91000366210938,547200
2021-10-15,153.89352416992188,171.4199981689453,171.86000061035156,170.2100067138672,171.30999755859375,659200
2021-10-18,152.9687957763672,170.38999938964844,171.3800048828125,169.36000061035156,170.72000122070312,531900
2021-10-19,154.9977264404297,172.64999389648438,173.41000366210938,171.22999572753906,171.66000366210938,594500
2021-10-20,156.1827850341797,173.97000122070312,175.6300048828125,173.27000427246094,174.05999755859375,556800
2021-10-21,155.8057403564453,173.5500030517578,176.2899932861328,173.1300048828125,174.25999450683594,743000
2021-10-22,157.8346405029297,175.80999755859375,176.47000122070312,173.83999633789062,173.92999267578125,537700
2021-10-25,156.97279357910156,174.85000610351562,176.99000549316406,174.00999450683594,174.47999572753906,585000
2021-10-26,157.06256103515625,174.9499969482422,176.66000366210938,174.47000122070312,174.94000244140625,540400
2021-10-27,155.5094451904297,173.22000122070312,176.10000610351562,173.0399932861328,175.9499969482422,519900
2021-10-28,157.38575744628906,175.30999755859375,175.44000244140625,173.0500030517578,173.13999938964844,472100
2021-10-29,156.37127685546875,174.17999267578125,176.32000732421875,173.35000610351562,175.0,779900
2021-11-01,155.93141174316406,173.69000244140625,174.83999633789062,170.99000549316406,174.2899932861328,726500
2021-11-02,158.7234344482422,176.8000030517578,176.83999633789062,173.9199981689453,174.77999877929688,962000
2021-11-03,150.83216857910156,168.00999450683594,174.0,166.2100067138672,172.0,1637900
2021-11-04,151.51441955566406,168.77000427246094,169.1699981689453,165.6699981689453,165.6699981689453,1145800
2021-11-05,152.31344604492188,169.66000366210938,170.61000061035156,167.85000610351562,168.75999450683594,657200
2021-11-08,151.72987365722656,169.00999450683594,169.80999755859375,166.5800018310547,169.22000122070312,953000
2021-11-09,152.73268127441406,169.52000427246094,170.38999938964844,168.41000366210938,169.52000427246094,528300
2021-11-10,154.96710205078125,172.0,172.02999877929688,168.99000549316406,169.0800018310547,779200
2021-11-11,153.75076293945312,170.64999389648438,172.24000549316406,169.41000366210938,172.1999969482422,525900
2021-11-12,153.83187866210938,170.74000549316406,171.0800018310547,169.05999755859375,171.0800018310547,393300
2021-11-15,155.57972717285156,172.67999267578125,173.1199951171875,170.8800048828125,171.22000122070312,491700
2021-11-16,153.83187866210938,170.74000549316406,173.0,170.22999572753906,172.88999938964844,636400
2021-11-17,153.84085083007812,170.75,170.80999755859375,168.0500030517578,170.5399932861328,709000
2021-11-18,154.50759887695312,171.49000549316406,172.8300018310547,170.8300018310547,171.0500030517578,606500
2021-11-19,156.2104034423828,173.3800048828125,173.91000366210938,171.1999969482422,172.42999267578125,746300
2021-11-22,157.28256225585938,174.57000732421875,175.9600067138672,171.47000122070312,172.99000549316406,650700
2021-11-23,155.94015502929688,173.0800018310547,175.77000427246094,172.52000427246094,174.42999267578125,571500
2021-11-24,156.2375030517578,173.41000366210938,173.83999633789062,171.35000610351562,173.0,404200
2021-11-26,153.44442749023438,170.30999755859375,174.58999633789062,170.00999450683594,172.39999389648438,399300
2021-11-29,156.1563720703125,173.32000732421875,173.89999389648438,169.8699951171875,171.50999450683594,623800
2021-11-30,151.8767852783203,168.57000732421875,174.27999877929688,168.5,172.5399932861328,1561900
2021-12-01,151.18301391601562,167.8000030517578,171.88999938964844,166.55999755859375,168.0800018310547,937500
2021-12-02,153.49850463867188,170.3699951171875,171.47000122070312,168.4499969482422,168.69000244140625,835900
2021-12-03,154.6337432861328,171.6300048828125,171.82000732421875,167.63999938964844,171.57000732421875,831100
2021-12-06,156.6969451904297,173.9199981689453,174.8699951171875,171.85000610351562,172.27999877929688,611200
2021-12-07,159.03944396972656,176.52000427246094,177.42999267578125,173.61000061035156,174.25999450683594,663900
2021-12-08,159.2556915283203,176.75999450683594,178.11000061035156,175.50999450683594,176.88999938964844,636900
2021-12-09,158.40879821777344,175.82000732421875,176.63999938964844,174.83999633789062,176.5,870300
2021-12-10,158.6970977783203,176.13999938964844,178.36000061035156,175.4499969482422,176.6300048828125,593800
2021-12-13,162.9857177734375,180.89999389648438,182.0500030517578,175.91000366210938,175.91000366210938,830500
2021-12-14,161.54420471191406,179.3000030517578,181.22000122070312,178.08999633789062,180.74000549316406,632400
2021-12-15,164.2200927734375,182.27000427246094,182.33999633789062,180.14999389648438,180.16000366210938,622200
2021-12-16,164.814697265625,182.92999267578125,183.9499969482422,181.38999938964844,181.8300018310547,750900
2021-12-17,164.9768829345703,183.11000061035156,184.85000610351562,182.25,182.66000366210938,2131400
2021-12-20,164.53536987304688,182.6199951171875,183.25999450683594,179.5500030517578,181.5399932861328,715700
2021-12-21,163.319091796875,181.27000427246094,184.11000061035156,179.1699981689453,183.58999633789062,952800
2021-12-22,165.21112060546875,183.3699951171875,183.5,180.14999389648438,180.64999389648438,457700
2021-12-23,164.04888916015625,182.0800018310547,183.75,181.8000030517578,183.5500030517578,322800
2021-12-27,165.40029907226562,183.5800018310547,184.25,181.9499969482422,183.22999572753906,428600
2021-12-28,167.70680236816406,186.13999938964844,186.16000366210938,183.2899932861328,183.74000549316406,375000
2021-12-29,168.8330078125,187.38999938964844,187.72000122070312,185.27000427246094,186.5,373700
2021-12-30,169.40963745117188,188.02999877929688,188.72999572753906,186.27000427246094,187.1199951171875,373700
2021-12-31,170.157470703125,188.86000061035156,189.64999389648438,187.49000549316406,188.0,382200
2022-01-03,165.90487670898438,184.13999938964844,189.25,182.1999969482422,188.97000122070312,712600
2022-01-04,161.6522979736328,179.4199981689453,184.77999877929688,179.39999389648438,184.02000427246094,1139700
2022-01-05,160.46302795410156,178.10000610351562,180.2899932861328,177.25,177.3000030517578,1133500
2022-01-06,157.94027709960938,175.3000030517578,178.89999389648438,174.7899932861328,177.6199951171875,1057500
2022-01-07,156.31854248046875,173.5,174.4600067138672,171.0399932861328,172.83999633789062,1199700
2022-01-10,153.1921844482422,170.02999877929688,172.9499969482422,167.14999389648438,172.67999267578125,1082000
2022-01-11,151.64251708984375,168.30999755859375,171.08999633789062,165.9199981689453,170.17999267578125,759500
2022-01-12,152.42633056640625,169.17999267578125,169.61000061035156,165.5,167.4600067138672,863900
2022-01-13,151.44427490234375,168.08999633789062,170.3300018310547,167.52999877929688,169.13999938964844,858800
2022-01-14,147.37188720703125,163.57000732421875,167.97000122070312,160.64999389648438,167.8300018310547,1568600
2022-01-18,145.9663543701172,162.00999450683594,163.72999572753906,159.7100067138672,161.0399932861328,1166900
2022-01-19,145.0744171142578,161.02000427246094,164.3300018310547,160.77000427246094,161.58999633789062,940900
2022-01-20,146.58802795410156,162.6999969482422,164.6999969482422,159.52999877929688,161.55999755859375,1067300
2022-01-21,145.40777587890625,161.38999938964844,165.33999633789062,161.17999267578125,164.0800018310547,910200
2022-01-24,143.96620178222656,159.7899932861328,162.63999938964844,155.25,160.8000030517578,1417600
2022-01-25,141.45248413085938,157.0,159.8800048828125,155.44000244140625,157.77999877929688,1147000
2022-01-26,140.1461181640625,155.5500030517578,159.47000122070312,154.57000732421875,157.4499969482422,1090300
2022-01-27,140.68667602539062,156.14999389648438,159.41000366210938,155.66000366210938,156.8800048828125,921300
2022-01-28,142.20933532714844,157.83999633789062,157.83999633789062,153.36000061035156,156.27000427246094,903300
2022-01-31,144.876220703125,160.8000030517578,161.1199951171875,156.67999267578125,157.1199951171875,966500
2022-02-01,142.9931640625,158.7100067138672,161.44000244140625,156.57000732421875,161.0,904800
2022-02-02,144.89427185058594,160.82000732421875,160.97999572753906,157.24000549316406,158.38999938964844,863100
2022-02-03,141.91201782226562,157.50999450683594,159.74000549316406,157.3000030517578,159.25,732500
2022-02-04,140.10104370117188,155.5,157.30999755859375,153.77000427246094,156.57000732421875,895600
2022-02-07,140.57412719726562,155.4199981689453,156.2100067138672,153.52999877929688,155.6999969482422,942400
2022-02-08,140.79116821289062,155.66000366210938,157.8300018310547,155.05999755859375,155.5,912000
2022-02-09,140.85446166992188,155.72999572753906,157.14999389648438,154.42999267578125,156.99000549316406,904800
2022-02-10,136.0426483154297,150.41000366210938,154.25999450683594,150.0500030517578,152.75,854100
2022-02-11,135.18341064453125,149.4600067138672,152.27000427246094,148.3800048828125,151.33999633789062,950200
2022-02-14,133.88998413085938,148.02999877929688,150.91000366210938,146.19000244140625,149.47000122070312,1232400
2022-02-15,132.75035095214844,146.77000427246094,149.6199951171875,145.38999938964844,149.39999389648438,1849100
2022-02-16,132.3162078857422,146.2899932861328,147.10000610351562,144.33999633789062,147.05999755859375,1870200
2022-02-17,133.91712951660156,148.05999755859375,149.14999389648438,144.1999969482422,147.9199981689453,1407700
2022-02-18,134.0980224609375,148.25999450683594,149.47000122070312,146.24000549316406,147.0,2489500
2022-02-22,133.7091064453125,147.8300018310547,149.4499969482422,145.2899932861328,147.16000366210938,1098300
2022-02-23,132.7141876220703,146.72999572753906,150.05999755859375,146.5800018310547,149.3000030517578,997800
2022-02-24,134.4055633544922,148.60000610351562,149.0399932861328,144.66000366210938,144.9499969482422,1234100
2022-02-25,138.10487365722656,152.69000244140625,152.77000427246094,148.9199981689453,149.5,1150000
2022-02-28,136.65771484375,151.08999633789062,152.97000122070312,149.27999877929688,152.3699951171875,3606100
2022-03-01,136.5944061279297,151.02000427246094,153.2100067138672,148.67999267578125,151.2899932861328,1356600
2022-03-02,137.5712432861328,152.10000610351562,152.52999877929688,150.5800018310547,150.6300048828125,821700
2022-03-03,140.13998413085938,154.94000244140625,155.66000366210938,152.5,152.5,1084600
2022-03-04,145.6572265625,161.0399932861328,161.44000244140625,154.94000244140625,155.0399932861328,1597000
2022-03-07,144.01109313964844,159.22000122070312,161.99000549316406,158.10000610351562,161.72000122070312,1244400
2022-03-08,139.515869140625,154.25,159.32000732421875,153.52000427246094,157.41000366210938,1363200
2022-03-09,139.0998077392578,153.7899932861328,156.77000427246094,152.61000061035156,155.9600067138672,881200
2022-03-10,138.5028839111328,153.1300048828125,153.2899932861328,151.14999389648438,153.24000549316406,958700
2022-03-11,137.5531463623047,152.0800018310547,154.92999267578125,151.25999450683594,153.3300018310547,964500
2022-03-14,138.0415496826172,152.6199951171875,154.9499969482422,151.63999938964844,153.61000061035156,1013400
2022-03-15,141.05348205566406,155.9499969482422,156.3300018310547,153.2899932861328,154.9600067138672,677100
2022-03-16,141.23439025878906,156.14999389648438,156.9499969482422,154.1300048828125,156.05999755859375,985400
2022-03-17,142.39212036132812,157.42999267578125,158.74000549316406,155.77000427246094,156.1199951171875,638400
2022-03-18,143.55889892578125,158.72000122070312,160.75999450683594,157.5,157.97000122070312,1800700
2022-03-21,142.01220703125,157.00999450683594,159.94000244140625,156.3800048828125,158.10000610351562,657300
2022-03-22,141.623291015625,156.5800018310547,157.6699981689453,155.27000427246094,157.11000061035156,876800
2022-03-23,140.73690795898438,155.60000610351562,157.2899932861328,155.3300018310547,156.6699981689453,760200
2022-03-24,143.0432891845703,158.14999389648438,158.25,155.61000061035156,156.0399932861328,520800
2022-03-25,144.30960083007812,159.5500030517578,159.6300048828125,157.8300018310547,158.57000732421875,507100
2022-03-28,146.0009307861328,161.4199981689453,161.4199981689453,159.4600067138672,160.49000549316406,512700
2022-03-29,148.7324981689453,164.44000244140625,164.5399932861328,162.69000244140625,163.5399932861328,678500
2022-03-30,150.00779724121094,165.85000610351562,166.08999633789062,163.02000427246094,164.41000366210938,715200
2022-03-31,149.71836853027344,165.52999877929688,167.47000122070312,165.52000427246094,165.77999877929688,986900
2022-04-01,152.7122039794922,168.83999633789062,168.97000122070312,164.33999633789062,165.72999572753906,590500
2022-04-04,150.3695831298828,166.25,168.52999877929688,164.6199951171875,168.32000732421875,607500
2022-04-05,151.6268310546875,167.63999938964844,168.64999389648438,166.44000244140625,166.57000732421875,871300
2022-04-06,152.84786987304688,168.99000549316406,169.44000244140625,167.1199951171875,167.5399932861328,897000
2022-04-07,154.79248046875,171.13999938964844,171.77000427246094,167.60000610351562,169.8800048828125,822100
2022-04-08,153.64381408691406,169.8699951171875,173.8699951171875,169.60000610351562,171.0500030517578,773100
2022-04-11,153.05589294433594,169.22000122070312,170.80999755859375,168.0,170.0,873600
2022-04-12,152.44989013671875,168.5500030517578,171.1199951171875,168.25999450683594,169.0,777000
2022-04-13,151.18362426757812,167.14999389648438,168.9499969482422,166.4199981689453,168.5500030517578,825600
2022-04-14,150.28822326660156,166.16000366210938,168.67999267578125,166.07000732421875,167.82000732421875,581900
2022-04-18,146.92352294921875,162.44000244140625,167.13999938964844,161.5,166.10000610351562,635000
2022-04-19,148.67820739746094,164.3800048828125,164.57000732421875,162.1300048828125,162.88999938964844,582300
2022-04-20,151.554443359375,167.55999755859375,169.1300048828125,165.5500030517578,166.0399932861328,783800
2022-04-21,149.5194091796875,165.30999755859375,169.16000366210938,165.17999267578125,167.9600067138672,942600
2022-04-22,148.51544189453125,164.1999969482422,166.50999450683594,163.11000061035156,165.49000549316406,993100
2022-04-25,145.44924926757812,160.80999755859375,164.8300018310547,158.22999572753906,164.8000030517578,820300
2022-04-26,143.14279174804688,158.25999450683594,161.52999877929688,157.91000366210938,160.47999572753906,726300
2022-04-27,141.3157501220703,156.24000549316406,159.0399932861328,156.02000427246094,157.39999389648438,921000
2022-04-28,145.33164978027344,160.67999267578125,161.3300018310547,155.77000427246094,156.3800048828125,786500
2022-04-29,139.36209106445312,154.0800018310547,159.88999938964844,153.72999572753906,159.17999267578125,1358600
2022-05-02,134.6135711669922,148.8300018310547,154.92999267578125,147.55999755859375,154.83999633789062,1349300
2022-05-03,135.32810974121094,149.6199951171875,153.05999755859375,148.9600067138672,149.07000732421875,1111900
2022-05-04,137.93301391601562,152.5,152.77000427246094,148.9499969482422,149.99000549316406,852500
2022-05-05,134.18846130371094,148.36000061035156,152.3699951171875,147.11000061035156,151.5500030517578,693300
2022-05-06,134.7763671875,149.00999450683594,149.63999938964844,146.63999938964844,146.8300018310547,1110000
2022-05-09,132.44613647460938,145.7899932861328,147.94000244140625,144.94000244140625,147.27999877929688,953900
2022-05-10,130.41119384765625,143.5500030517578,148.1199951171875,142.6300048828125,146.00999450683594,1065600
2022-05-11,130.8563232421875,144.0399932861328,146.22000122070312,143.13999938964844,143.63999938964844,1004000
2022-05-12,132.47340393066406,145.82000732421875,146.22999572753906,143.74000549316406,144.24000549316406,1255200
2022-05-13,133.07296752929688,146.47999572753906,147.91000366210938,145.11000061035156,147.02999877929688,710800
2022-05-16,132.6096649169922,145.97000122070312,148.07000732421875,145.6999969482422,146.33999633789062,780800
2022-05-17,133.0093994140625,146.41000366210938,146.72999572753906,143.9199981689453,146.72999572753906,664300
2022-05-18,131.07435607910156,144.27999877929688,147.5800018310547,143.9199981689453,146.4499969482422,676800
2022-05-19,131.77389526367188,145.0500030517578,145.47000122070312,142.36000061035156,144.07000732421875,940300
2022-05-20,132.24630737304688,145.57000732421875,146.66000366210938,143.22999572753906,145.8300018310547,2038000
2022-05-23,134.78091430664062,148.36000061035156,148.6199951171875,146.13999938964844,147.27999877929688,972500
2022-05-24,134.880859375,148.47000122070312,149.10000610351562,144.1300048828125,148.4199981689453,1315500
2022-05-25,133.44546508789062,146.88999938964844,148.63999938964844,146.30999755859375,147.85000610351562,677200
2022-05-26,135.19883728027344,148.82000732421875,149.42999267578125,147.80999755859375,148.3699951171875,829700
2022-05-27,137.86973571777344,151.75999450683594,152.08999633789062,148.38999938964844,148.86000061035156,843700
2022-05-31,137.40640258789062,151.25,151.83999633789062,147.32000732421875,150.58999633789062,1555900
2022-06-01,138.0150604248047,151.9199981689453,153.6999969482422,151.3000030517578,151.75,1237900
2022-06-02,140.86766052246094,155.05999755859375,155.27999877929688,150.17999267578125,152.74000549316406,812900
2022-06-03,140.94944763183594,155.14999389648438,156.4600067138672,153.6699981689453,154.0500030517578,768700
2022-06-06,140.90402221679688,155.10000610351562,157.27000427246094,154.9199981689453,156.16000366210938,606300
2022-06-07,142.49388122558594,156.85000610351562,157.2100067138672,153.57000732421875,154.64999389648438,827900
2022-06-08,139.5413360595703,153.60000610351562,156.38999938964844,152.91000366210938,155.86000061035156,532000
2022-06-09,136.77957153320312,150.55999755859375,154.85000610351562,150.42999267578125,153.11000061035156,704600
2022-06-10,134.69915771484375,148.27000427246094,149.8000030517578,146.11000061035156,148.08999633789062,845000
2022-06-13,127.78569030761719,140.66000366210938,145.8699951171875,140.14999389648438,145.82000732421875,1044500
2022-06-14,121.2537612915039,133.47000122070312,140.7100067138672,132.16000366210938,140.7100067138672,1299500
2022-06-15,122.66189575195312,135.02000427246094,137.3300018310547,132.38999938964844,134.69000244140625,1061900
2022-06-16,118.90084838867188,130.8800048828125,133.36000061035156,129.9199981689453,132.5800018310547,1070000
2022-06-17,119.7729721069336,131.83999633789062,132.67999267578125,129.4499969482422,129.66000366210938,1640400
2022-06-21,122.13497924804688,134.44000244140625,135.02999877929688,132.22999572753906,132.89999389648438,953900
2022-06-22,124.4697494506836,137.00999450683594,138.99000549316406,133.16000366210938,133.16000366210938,897400
2022-06-23,131.34693908691406,144.5800018310547,144.77000427246094,137.75,137.97999572753906,1136400
2022-06-24,134.76275634765625,148.33999633789062,148.66000366210938,144.6699981689453,146.02999877929688,1079400
2022-06-27,135.31689453125,148.9499969482422,149.1999969482422,147.0500030517578,147.8800048828125,881800
2022-06-28,131.81930541992188,145.10000610351562,149.50999450683594,144.97999572753906,149.08999633789062,772700
2022-06-29,132.47340393066406,145.82000732421875,146.27000427246094,144.5,145.61000061035156,671300
2022-06-30,135.1533660888672,148.77000427246094,149.47999572753906,144.0500030517578,145.49000549316406,923600
2022-07-01,139.3868865966797,153.42999267578125,155.14999389648438,149.1199951171875,149.52000427246094,1477500
2022-07-05,135.95285034179688,149.64999389648438,152.89999389648438,147.72999572753906,152.75,1228900
2022-07-06,138.3058319091797,152.24000549316406,153.5399932861328,149.38999938964844,150.38999938964844,640600
2022-07-07,139.2052001953125,153.22999572753906,154.3000030517578,151.0500030517578,152.1300048828125,734900
2022-07-08,137.05213928222656,150.86000061035156,153.17999267578125,150.75999450683594,152.47999572753906,437800
2022-07-11,136.4252471923828,150.1699981689453,151.2100067138672,148.02999877929688,150.41000366210938,607200
2022-07-12,134.4811248779297,148.02999877929688,151.94000244140625,147.3699951171875,149.3800048828125,549200
2022-07-13,134.47203063964844,148.02000427246094,149.1999969482422,146.22999572753906,146.6699981689453,599400
2022-07-14,133.12750244140625,146.5399932861328,146.7899932861328,144.75999450683594,144.97000122070312,757300
2022-07-15,134.9717254638672,148.57000732421875,148.92999267578125,145.35000610351562,147.67999267578125,766700
2022-07-18,131.79205322265625,145.07000732421875,148.0399932861328,144.91000366210938,148.0399932861328,645100
2022-07-19,133.33645629882812,146.77000427246094,147.47000122070312,145.52999877929688,146.33999633789062,667200
2022-07-20,131.4650115966797,144.7100067138672,147.47999572753906,144.11000061035156,147.47999572753906,825100
2022-07-21,132.5915069580078,145.9499969482422,146.05999755859375,143.32000732421875,144.74000549316406,942300
2022-07-22,134.6537322998047,148.22000122070312,148.77000427246094,146.49000549316406,146.82000732421875,676500
2022-07-25,136.1164093017578,149.8300018310547,149.9499969482422,147.49000549316406,148.13999938964844,467900
2022-07-26,136.77957153320312,150.55999755859375,150.75,148.83999633789062,149.3699951171875,683100
2022-07-27,137.424560546875,151.27000427246094,151.75999450683594,149.3300018310547,150.74000549316406,733600
2022-07-28,141.27650451660156,155.50999450683594,155.5399932861328,150.1199951171875,151.82000732421875,957500
2022-07-29,141.2129364013672,155.44000244140625,157.3699951171875,155.13999938964844,155.72000122070312,777700
2022-08-01,142.2939910888672,156.6300048828125,156.7100067138672,154.60000610351562,154.74000549316406,568700
2022-08-02,141.2492218017578,155.47999572753906,158.41000366210938,155.3800048828125,157.9199981689453,670200
2022-08-03,143.22061157226562,157.64999389648438,158.07000732421875,153.6199951171875,155.6300048828125,754200
2022-08-04,144.1199951171875,158.63999938964844,159.24000549316406,156.25,157.86000061035156,690000
2022-08-05,141.3945770263672,155.63999938964844,158.5399932861328,153.97999572753906,158.33999633789062,773800
2022-08-08,141.54513549804688,155.14999389648438,157.6699981689453,154.05999755859375,156.25999450683594,565500
2022-08-09,141.745849609375,155.3699951171875,157.2100067138672,155.07000732421875,155.47000122070312,618000
2022-08-10,143.0230712890625,156.77000427246094,157.50999450683594,155.02000427246094,156.8699951171875,687300
2022-08-11,141.59075927734375,155.1999969482422,158.2100067138672,155.07000732421875,157.10000610351562,602800
2022-08-12,144.4462890625,158.3300018310547,158.41000366210938,155.6999969482422,156.27000427246094,484600
2022-08-15,145.2764892578125,159.24000549316406,159.80999755859375,157.5500030517578,158.3300018310547,439600
2022-08-16,145.513671875,159.5,159.8800048828125,157.5399932861328,158.14999389648438,495400
2022-08-17,145.00277709960938,158.94000244140625,159.9499969482422,158.17999267578125,159.10000610351562,466800
2022-08-18,144.82948303222656,158.75,159.38999938964844,157.69000244140625,159.11000061035156,481800
2022-08-19,143.97190856933594,157.80999755859375,159.4600067138672,157.4499969482422,158.52000427246094,619900
2022-08-22,141.572509765625,155.17999267578125,157.64999389648438,154.5500030517578,156.58999633789062,499500
2022-08-23,139.40122985839844,152.8000030517578,154.69000244140625,151.22999572753906,154.69000244140625,866200
2022-08-24,140.97947692871094,154.52999877929688,154.61000061035156,152.25999450683594,153.10000610351562,777600
2022-08-25,141.70025634765625,155.32000732421875,155.47000122070312,153.61000061035156,154.91000366210938,442900
2022-08-26,137.84115600585938,151.08999633789062,155.75999450683594,151.0399932861328,155.75999450683594,587600
2022-08-29,138.34291076660156,151.63999938964844,152.8699951171875,149.6699981689453,150.3300018310547,423900
2022-08-30,137.29379272460938,150.49000549316406,152.9600067138672,149.97000122070312,151.9600067138672,565700
2022-08-31,135.43263244628906,148.4499969482422,152.60000610351562,148.30999755859375,151.47000122070312,1029400
2022-09-01,138.19696044921875,151.47999572753906,151.50999450683594,147.75,148.4499969482422,609800
2022-09-02,135.131591796875,148.1199951171875,153.08999633789062,147.27999877929688,151.74000549316406,717400
2022-09-06,135.4052734375,148.4199981689453,150.80999755859375,148.00999450683594,148.3000030517578,610700
2022-09-07,139.8938446044922,153.33999633789062,153.72999572753906,149.16000366210938,149.36000061035156,742200
2022-09-08,140.97036743164062,154.52000427246094,155.13999938964844,151.6300048828125,152.4199981689453,593000
2022-09-09,141.3170623779297,154.89999389648438,156.6999969482422,154.47999572753906,155.33999633789062,641800
2022-09-12,143.11431884765625,156.8699951171875,157.10000610351562,154.3000030517578,154.69000244140625,556900
2022-09-13,138.79908752441406,152.13999938964844,155.4499969482422,151.4600067138672,154.7100067138672,832300
2022-09-14,140.02157592773438,153.47999572753906,154.77999877929688,151.8800048828125,151.97999572753906,756200
2022-09-15,134.89439392089844,147.86000061035156,152.6199951171875,147.3800048828125,152.5800018310547,947800
2022-09-16,135.38702392578125,148.39999389648438,149.63999938964844,147.13999938964844,147.86000061035156,1581600
2022-09-19,135.52391052246094,148.5500030517578,148.6699981689453,145.7899932861328,148.0,598300
2022-09-20,132.6865692138672,145.44000244140625,147.2100067138672,144.30999755859375,147.2100067138672,662300
2022-09-21,131.66477966308594,144.32000732421875,148.52999877929688,144.30999755859375,146.4600067138672,598900
2022-09-22,130.2689666748047,142.7899932861328,143.88999938964844,142.1300048828125,143.42999267578125,468900
2022-09-23,128.55380249023438,140.91000366210938,141.8800048828125,138.91000366210938,141.32000732421875,641800
2022-09-26,125.28778076171875,137.3300018310547,140.25999450683594,136.4499969482422,139.5800018310547,830600
2022-09-27,122.8974838256836,134.7100067138672,139.0500030517578,133.6699981689453,138.66000366210938,691600
2022-09-28,125.3698501586914,137.4199981689453,138.25,134.4600067138672,136.19000244140625,712400
2022-09-29,121.5199203491211,133.1999969482422,137.07000732421875,133.0399932861328,136.16000366210938,828500
2022-09-30,118.74646759033203,130.16000366210938,134.6300048828125,129.91000366210938,134.4600067138672,1380200
2022-10-03,122.56907653808594,134.35000610351562,135.16000366210938,130.7899932861328,132.41000366210938,980800
2022-10-04,124.54878997802734,136.52000427246094,137.57000732421875,134.94000244140625,135.16000366210938,711700
2022-10-05,121.70235443115234,133.39999389648438,134.8000030517578,131.86000061035156,134.6999969482422,677800
2022-10-06,119.73177337646484,131.24000549316406,133.11000061035156,130.61000061035156,132.82000732421875,1026800
2022-10-07,116.27411651611328,127.44999694824219,130.7899932861328,125.93000030517578,130.4600067138672,1051800
2022-10-10,116.26497650146484,127.44000244140625,128.85000610351562,127.05000305175781,127.58000183105469,759400
2022-10-11,116.52043151855469,127.72000122070312,129.22000122070312,126.55999755859375,127.0,830200
2022-10-12,114.96037292480469,126.01000213623047,127.73999786376953,125.02999877929688,127.73999786376953,1295900
2022-10-13,117.66993713378906,128.97999572753906,129.47999572753906,122.7699966430664,123.4800033569336,1322300
2022-10-14,117.17728424072266,128.44000244140625,131.72999572753906,127.63999938964844,130.49000549316406,1190300
2022-10-17,119.89598083496094,131.4199981689453,132.5800018310547,130.00999450683594,130.38999938964844,1026300
2022-10-18,122.95220947265625,134.77000427246094,135.0,132.3699951171875,133.8800048828125,920200
2022-10-19,122.24974822998047,134.0,134.0500030517578,132.02999877929688,133.1699981689453,950800
2022-10-20,118.53665161132812,129.92999267578125,134.38999938964844,129.3300018310547,134.3699951171875,1324800
2022-10-21,121.11846923828125,132.75999450683594,133.75999450683594,129.02000427246094,130.6300048828125,1292500
2022-10-24,124.03787231445312,135.9600067138672,136.39999389648438,133.24000549316406,134.3699951171875,1014700
2022-10-25,127.31307220458984,139.5500030517578,139.97999572753906,136.47999572753906,136.57000732421875,971000
2022-10-26,127.01201629638672,139.22000122070312,141.25999450683594,138.7100067138672,140.1999969482422,721800
2022-10-27,129.56646728515625,142.02000427246094,142.94000244140625,140.25,140.6199951171875,1021600
2022-10-28,133.14276123046875,145.94000244140625,146.02999877929688,142.38999938964844,142.38999938964844,845900
2022-10-31,132.59535217285156,145.33999633789062,146.0800018310547,144.0800018310547,145.9199981689453,956300
2022-11-01,129.40225219726562,141.83999633789062,149.41000366210938,141.4499969482422,147.6199951171875,1791800
2022-11-02,126.04496765136719,138.16000366210938,143.50999450683594,138.1199951171875,141.9600067138672,1523900
2022-11-03,125.75302124023438,137.83999633789062,139.10000610351562,135.72000122070312,136.4499969482422,1029000
2022-11-04,126.84779357910156,139.0399932861328,139.63999938964844,136.77000427246094,138.5,800700
2022-11-07,126.53157806396484,138.0399932861328,138.66000366210938,135.61000061035156,138.5500030517578,718600
2022-11-08,128.13568115234375,139.7899932861328,140.4499969482422,137.13999938964844,137.75999450683594,581800
2022-11-09,127.83316040039062,139.4600067138672,140.47000122070312,138.08999633789062,139.3699951171875,680900
2022-11-10,135.21202087402344,147.50999450683594,147.64999389648438,142.33999633789062,144.58999633789062,969100
2022-11-11,133.77293395996094,145.94000244140625,147.1699981689453,142.67999267578125,147.1699981689453,1403500
2022-11-14,132.68214416503906,144.75,147.57000732421875,144.75,146.0,787500
2022-11-15,133.84628295898438,146.02000427246094,147.17999267578125,144.69000244140625,146.17999267578125,708900
2022-11-16,134.7904052734375,147.0500030517578,147.9199981689453,145.83999633789062,146.24000549316406,767900
2022-11-17,130.94052124023438,142.85000610351562,146.22999572753906,141.83999633789062,145.3000030517578,773800
2022-11-18,134.4787139892578,146.7100067138672,147.10000610351562,143.99000549316406,144.6199951171875,868500
2022-11-21,135.404541015625,147.72000122070312,150.32000732421875,147.2100067138672,147.32000732421875,739000
2022-11-22,135.86282348632812,148.22000122070312,149.82000732421875,147.02000427246094,148.2100067138672,561200
2022-11-23,138.64939880371094,151.25999450683594,151.47999572753906,148.1300048828125,148.1300048828125,743700
2022-11-25,140.1526641845703,152.89999389648438,153.3699951171875,151.50999450683594,151.97000122070312,351500
2022-11-28,137.26527404785156,149.75,151.82000732421875,149.27999877929688,151.4199981689453,704800
2022-11-29,134.87289428710938,147.13999938964844,148.8800048828125,146.33999633789062,148.72000122070312,533600
2022-11-30,139.1077117919922,151.75999450683594,151.92999267578125,146.57000732421875,146.7899932861328,1467400
2022-12-01,141.17010498046875,154.00999450683594,155.52999877929688,152.35000610351562,153.5,811800
2022-12-02,140.9226531982422,153.74000549316406,154.5500030517578,151.57000732421875,152.3300018310547,584500
2022-12-05,140.40933227539062,153.17999267578125,153.69000244140625,151.7899932861328,152.30999755859375,589400
2022-12-06,141.7842559814453,154.67999267578125,155.3300018310547,152.7100067138672,153.0,887500
2022-12-07,140.96847534179688,153.7899932861328,155.97000122070312,152.8699951171875,154.69000244140625,589600
2022-12-08,142.4534454345703,155.41000366210938,155.4600067138672,153.1199951171875,153.60000610351562,557100
2022-12-09,143.12257385253906,156.13999938964844,156.94000244140625,154.49000549316406,154.49000549316406,678900
2022-12-12,143.9016876220703,156.99000549316406,157.6699981689453,155.11000061035156,157.61000061035156,995600
2022-12-13,145.9182891845703,159.19000244140625,161.91000366210938,156.3000030517578,159.8800048828125,783300
2022-12-14,145.1483154296875,158.35000610351562,161.19000244140625,157.07000732421875,159.3699951171875,678200
2022-12-15,143.37921142578125,156.4199981689453,158.3699951171875,155.3699951171875,157.8000030517578,675700
2022-12-16,139.6943359375,152.39999389648438,155.72000122070312,150.8000030517578,154.82000732421875,1919300
2022-12-19,138.85104370117188,151.47999572753906,153.97000122070312,150.69000244140625,152.00999450683594,686300
2022-12-20,137.73275756835938,150.25999450683594,151.6699981689453,149.6300048828125,151.25999450683594,991200
2022-12-21,139.8135223388672,152.52999877929688,152.88999938964844,150.33999633789062,150.69000244140625,598700
2022-12-22,139.26353454589844,151.92999267578125,152.39999389648438,149.08999633789062,151.6999969482422,539600
2022-12-23,140.26268005371094,153.02000427246094,153.24000549316406,151.7100067138672,152.0,440300
2022-12-27,141.41761779785156,154.27999877929688,154.89999389648438,151.94000244140625,152.67999267578125,392800
2022-12-28,140.3543243408203,153.1199951171875,155.5399932861328,152.58999633789062,154.67999267578125,580600
2022-12-29,141.8759307861328,154.77999877929688,155.5399932861328,153.6300048828125,154.0500030517578,476700
2022-12-30,139.71267700195312,152.4199981689453,154.7100067138672,150.99000549316406,154.52999877929688,550700
2023-01-03,141.25262451171875,154.10000610351562,155.00999450683594,151.72999572753906,153.77000427246094,640800
2023-01-04,144.06668090820312,157.1699981689453,158.4600067138672,154.72000122070312,155.5399932861328,668700
2023-01-05,141.7751007080078,154.6699981689453,157.25,153.89999389648438,155.8699951171875,975700
2023-01-06,145.06581115722656,158.25999450683594,159.0800018310547,155.17999267578125,155.17999267578125,541200
2023-01-09,145.23080444335938,158.44000244140625,161.27000427246094,157.41000366210938,157.8300018310547,789700
2023-01-10,147.36656188964844,160.77000427246094,161.11000061035156,157.47000122070312,158.1300048828125,715700
2023-01-11,147.9623565673828,161.4199981689453,162.38999938964844,160.05999755859375,161.0,854300
2023-01-12,146.1290740966797,159.4199981689453,161.24000549316406,159.05999755859375,161.22000122070312,569400
2023-01-13,145.6249542236328,158.8699951171875,159.7899932861328,157.85000610351562,158.19000244140625,537800
2023-01-17,144.13082885742188,157.24000549316406,159.3300018310547,156.52000427246094,158.82000732421875,814500
2023-01-18,139.960205078125,152.69000244140625,158.4600067138672,152.05999755859375,158.1699981689453,786700
2023-01-19,137.6685791015625,150.19000244140625,152.97000122070312,150.1300048828125,152.77999877929688,493600
2023-01-20,138.90606689453125,151.5399932861328,151.64999389648438,148.16000366210938,149.91000366210938,756600
2023-01-23,138.38360595703125,150.97000122070312,152.57000732421875,149.08999633789062,150.89999389648438,643700
2023-01-24,141.65594482421875,154.5399932861328,154.72000122070312,150.02000427246094,150.4600067138672,656600
2023-01-25,142.54510498046875,155.50999450683594,155.63999938964844,152.63999938964844,153.6699981689453,848000
2023-01-26,143.17755126953125,156.1999969482422,156.38999938964844,154.2899932861328,155.10000610351562,812700
2023-01-27,143.92916870117188,157.02000427246094,157.89999389648438,155.52000427246094,155.6300048828125,759100
2023-01-30,142.07760620117188,155.0,158.4600067138672,154.9199981689453,156.6300048828125,813100
2023-01-31,143.4434051513672,156.49000549316406,156.49000549316406,154.1199951171875,155.30999755859375,967400
2023-02-01,145.3957977294922,158.6199951171875,159.49000549316406,155.1999969482422,155.97000122070312,962800
2023-02-02,147.21070861816406,160.60000610351562,162.58999633789062,158.02999877929688,159.41000366210938,925500
2023-02-03,143.5533905029297,156.61000061035156,159.9499969482422,155.10000610351562,158.9499969482422,1316800
2023-02-06,143.97219848632812,156.41000366210938,156.5,154.7899932861328,155.0500030517578,1156800
2023-02-07,143.10691833496094,155.47000122070312,156.3300018310547,153.42999267578125,155.41000366210938,1006100
2023-02-08,138.70706176757812,150.69000244140625,155.16000366210938,150.36000061035156,155.0,1652700
2023-02-09,137.2066650390625,149.05999755859375,153.13999938964844,148.6300048828125,151.3699951171875,916000
2023-02-10,138.48611450195312,150.4499969482422,150.47000122070312,147.77000427246094,149.07000732421875,825600
2023-02-13,139.6459503173828,151.7100067138672,152.39999389648438,150.5399932861328,151.0500030517578,746100
2023-02-14,137.43678283691406,149.30999755859375,151.92999267578125,148.49000549316406,151.4199981689453,845800
2023-02-15,137.3815460205078,149.25,149.55999755859375,148.13999938964844,148.6300048828125,689800
2023-02-16,135.7339324951172,147.4600067138672,147.88999938964844,144.14999389648438,146.86000061035156,1445300
2023-02-17,137.712890625,149.61000061035156,150.64999389648438,146.5,147.16000366210938,2711300
2023-02-21,135.91798400878906,147.66000366210938,148.92999267578125,147.32000732421875,148.5399932861328,1106600
2023-02-22,135.0159149169922,146.67999267578125,148.67999267578125,146.3000030517578,148.1199951171875,633000
2023-02-23,132.420166015625,143.86000061035156,147.36000061035156,143.5500030517578,147.0,1018200
2023-02-24,130.30307006835938,141.55999755859375,142.4600067138672,140.33999633789062,142.0399932861328,917700
2023-02-27,128.6646270751953,139.77999877929688,144.0399932861328,139.1999969482422,142.5800018310547,1159600
2023-02-28,129.21688842773438,140.3800048828125,141.85000610351562,138.50999450683594,139.05999755859375,2130300
2023-03-01,127.15501403808594,138.13999938964844,140.58999633789062,136.6999969482422,136.8000030517578,6564700
2023-03-02,127.5416488647461,138.55999755859375,139.61000061035156,137.63999938964844,137.9199981689453,5301100
2023-03-03,128.59097290039062,139.6999969482422,140.64999389648438,137.8300018310547,139.3000030517578,2557500
2023-03-06,128.79347229003906,139.9199981689453,141.27999877929688,139.2100067138672,140.0,1368800
2023-03-07,126.22534942626953,137.1300048828125,140.4499969482422,136.1199951171875,140.10000610351562,1136400
2023-03-08,127.24707794189453,138.24000549316406,138.47999572753906,135.83999633789062,136.05999755859375,867500
2023-03-09,125.0655517578125,135.8699951171875,138.52999877929688,135.22000122070312,138.19000244140625,1272900
2023-03-10,123.0220718383789,133.64999389648438,137.22000122070312,132.8699951171875,136.6300048828125,1489500
2023-03-13,125.5257797241211,136.3699951171875,139.74000549316406,133.17999267578125,133.72000122070312,1660700
2023-03-14,126.72240447998047,137.6699981689453,138.72000122070312,135.5800018310547,138.22000122070312,1417700
2023-03-15,129.44703674316406,140.6300048828125,141.2899932861328,136.1300048828125,137.3800048828125,1523400
2023-03-16,131.30638122558594,142.64999389648438,142.97000122070312,139.80999755859375,140.67999267578125,1414200
2023-03-17,130.53317260742188,141.80999755859375,142.24000549316406,139.97999572753906,142.02000427246094,2613800
2023-03-20,131.2235565185547,142.55999755859375,143.1199951171875,141.72000122070312,142.1300048828125,1793700
2023-03-21,127.81776428222656,138.86000061035156,142.74000549316406,136.80999755859375,142.39999389648438,1431600
2023-03-22,125.53498077392578,136.3800048828125,140.10000610351562,136.36000061035156,138.3699951171875,1058400
2023-03-23,125.84798431396484,136.72000122070312,138.22000122070312,135.52999877929688,136.17999267578125,1105800
2023-03-24,130.560791015625,141.83999633789062,141.92999267578125,136.8000030517578,137.27999877929688,837600
2023-03-27,130.41351318359375,141.67999267578125,143.72000122070312,140.9499969482422,142.85000610351562,861200
2023-03-28,129.99014282226562,141.22000122070312,143.22999572753906,140.75999450683594,141.25,675500
2023-03-29,132.67788696289062,144.13999938964844,144.4199981689453,141.88999938964844,141.88999938964844,608800
2023-03-30,134.2887420654297,145.88999938964844,146.00999450683594,144.1999969482422,144.4199981689453,766900
2023-03-31,134.84104919433594,146.49000549316406,147.25,144.52999877929688,146.47000122070312,1060700
2023-04-03,133.87451171875,145.44000244140625,146.50999450683594,144.00999450683594,145.05999755859375,583200
2023-04-04,135.4301300048828,147.1300048828125,147.7899932861328,145.22000122070312,145.58999633789062,818300
2023-04-05,138.26524353027344,150.2100067138672,150.85000610351562,147.32000732421875,148.1699981689453,905600
2023-04-06,139.80238342285156,151.8800048828125,152.30999755859375,150.4199981689453,151.0,1059300
2023-04-10,139.8116455078125,151.88999938964844,151.92999267578125,148.44000244140625,150.89999389648438,925600
2023-04-11,139.96807861328125,152.05999755859375,152.3000030517578,150.77999877929688,151.36000061035156,664800
2023-04-12,138.8267364501953,150.82000732421875,153.42999267578125,150.6699981689453,152.88999938964844,865300
2023-04-13,139.91290283203125,152.0,152.0500030517578,149.1199951171875,150.27999877929688,972800
2023-04-14,137.7957763671875,149.6999969482422,151.4499969482422,148.4499969482422,150.1699981689453,798500
2023-04-17,137.92462158203125,149.83999633789062,150.99000549316406,148.6199951171875,150.47999572753906,661800
2023-04-18,136.32302856445312,148.10000610351562,150.2899932861328,147.3800048828125,149.82000732421875,664100
2023-04-19,137.16062927246094,149.00999450683594,149.9199981689453,148.27000427246094,148.63999938964844,552600
2023-04-20,137.7221221923828,149.6199951171875,149.63999938964844,147.6699981689453,149.07000732421875,649000
2023-04-21,138.92796325683594,150.92999267578125,151.8000030517578,149.6300048828125,150.49000549316406,837100
2023-04-24,139.46185302734375,151.50999450683594,152.41000366210938,150.16000366210938,151.0399932861328,988300
2023-04-25,140.29946899414062,152.4199981689453,152.99000549316406,151.74000549316406,152.22000122070312,825200
2023-04-26,137.1974639892578,149.0500030517578,152.0399932861328,148.8699951171875,150.67999267578125,805800
2023-04-27,136.65438842773438,148.4600067138672,149.25,144.47999572753906,148.14999389648438,1054400
2023-04-28,136.46107482910156,148.25,150.22000122070312,147.33999633789062,148.36000061035156,770000
2023-05-01,134.93309020996094,146.58999633789062,148.4499969482422,146.57000732421875,148.1300048828125,607500
2023-05-02,135.07115173339844,146.74000549316406,147.60000610351562,144.91000366210938,146.24000549316406,826700
2023-05-03,134.84104919433594,146.49000549316406,149.1199951171875,146.27000427246094,147.72000122070312,591900
2023-05-04,136.06524658203125,147.82000732421875,148.3800048828125,146.07000732421875,146.99000549316406,642500
2023-05-05,136.62677001953125,148.42999267578125,148.89999389648438,147.1199951171875,147.4600067138672,548400
2023-05-08,136.39366149902344,147.47000122070312,148.82000732421875,146.32000732421875,147.69000244140625,560000
2023-05-09,136.77291870117188,147.8800048828125,147.9499969482422,146.60000610351562,147.52999877929688,705800
2023-05-10,138.49317932128906,149.74000549316406,150.19000244140625,148.13999938964844,148.91000366210938,967400
2023-05-11,138.19725036621094,149.4199981689453,150.02999877929688,148.00999450683594,149.99000549316406,753100
2023-05-12,138.52093505859375,149.77000427246094,151.24000549316406,149.1699981689453,150.35000610351562,850200
2023-05-15,136.4769287109375,147.55999755859375,150.4499969482422,147.0,150.4199981689453,594200
2023-05-16,133.83175659179688,144.6999969482422,147.4600067138672,143.9600067138672,147.16000366210938,789600
2023-05-17,132.82357788085938,143.61000061035156,145.0,143.16000366210938,144.91000366210938,738400
2023-05-18,131.08480834960938,141.72999572753906,142.8699951171875,140.49000549316406,142.50999450683594,719700
2023-05-19,130.82582092285156,141.4499969482422,143.08999633789062,141.38999938964844,142.52999877929688,727400
2023-05-22,132.78663635253906,143.57000732421875,144.5,141.2899932861328,141.5,1180600
2023-05-23,132.72186279296875,143.5,145.07000732421875,142.7899932861328,143.1199951171875,952100
2023-05-24,132.4166717529297,143.1699981689453,144.52000427246094,142.75999450683594,143.58999633789062,684600
2023-05-25,131.75074768066406,142.4499969482422,143.44000244140625,141.5399932861328,143.3800048828125,864100
2023-05-26,132.6848602294922,143.4600067138672,143.52000427246094,141.86000061035156,142.8800048828125,879300
2023-05-30,132.44439697265625,143.1999969482422,145.60000610351562,143.02999877929688,144.0,801700
2023-05-31,133.60052490234375,144.4499969482422,144.60000610351562,141.83999633789062,143.3300018310547,2454100
2023-06-01,132.78663635253906,143.57000732421875,144.50999450683594,142.22999572753906,144.4499969482422,1088000
2023-06-02,134.83984375,145.7899932861328,146.17999267578125,142.35000610351562,142.8300018310547,917400
2023-06-05,134.9508819580078,145.91000366210938,146.9199981689453,144.6199951171875,145.38999938964844,665800
2023-06-06,133.9149627685547,144.7899932861328,146.6300048828125,144.75999450683594,146.6300048828125,588400
2023-06-07,136.03297424316406,147.0800018310547,147.2100067138672,142.97000122070312,144.25999450683594,731000
2023-06-08,136.06996154785156,147.1199951171875,147.4499969482422,145.63999938964844,146.16000366210938,631700
2023-06-09,135.64454650878906,146.66000366210938,147.77999877929688,145.36000061035156,147.52000427246094,866200
2023-06-12,135.0618133544922,146.02999877929688,147.47999572753906,144.6699981689453,147.13999938964844,867200
2023-06-13,135.3670654296875,146.36000061035156,146.4600067138672,144.7100067138672,145.22999572753906,672100
2023-06-14,135.1358642578125,146.11000061035156,148.17999267578125,145.92999267578125,146.72999572753906,797800
2023-06-15,136.9671173095703,148.08999633789062,148.72999572753906,144.91000366210938,146.67999267578125,711900
2023-06-16,137.79029846191406,148.97999572753906,150.02999877929688,148.14999389648438,148.14999389648438,2041700
2023-06-20,136.98565673828125,148.11000061035156,148.8800048828125,146.13999938964844,148.30999755859375,930300
2023-06-21,137.47579956054688,148.63999938964844,148.6699981689453,145.6999969482422,147.8000030517578,734500
2023-06-22,137.3463134765625,148.5,149.10000610351562,147.6199951171875,149.10000610351562,744600
2023-06-23,134.8121337890625,145.75999450683594,149.44000244140625,145.32000732421875,148.8000030517578,975900
2023-06-26,129.6974639892578,140.22999572753906,145.22000122070312,139.8300018310547,144.6999969482422,2614000
2023-06-27,132.14842224121094,142.8800048828125,143.14999389648438,139.32000732421875,140.2100067138672,2290300
2023-06-28,130.39114379882812,140.97999572753906,142.77000427246094,140.0,142.77000427246094,1308600
2023-06-29,129.91944885253906,140.47000122070312,141.49000549316406,139.00999450683594,139.99000549316406,969500
2023-06-30,132.0281982421875,142.75,142.83999633789062,140.2100067138672,140.75,1088300
2023-07-03,133.15655517578125,143.97000122070312,144.05999755859375,141.63999938964844,142.50999450683594,511700
2023-07-05,133.92422485351562,144.8000030517578,146.7899932861328,142.97999572753906,143.0399932861328,1228900
2023-07-06,131.7229766845703,142.4199981689453,144.17999267578125,142.08999633789062,143.75999450683594,941300
2023-07-07,130.4651336669922,141.05999755859375,142.25999450683594,140.7100067138672,141.33999633789062,619500
2023-07-10,130.03968811035156,140.60000610351562,141.44000244140625,139.7100067138672,140.6300048828125,717600
2023-07-11,131.8247528076172,142.52999877929688,142.5500030517578,140.41000366210938,140.6199951171875,717400
2023-07-12,134.51614379882812,145.44000244140625,145.9600067138672,142.69000244140625,143.66000366210938,890400
2023-07-13,134.525390625,145.4499969482422,145.52999877929688,144.47999572753906,145.11000061035156,823700
2023-07-14,135.22833251953125,146.2100067138672,146.47000122070312,144.35000610351562,145.22000122070312,762800
2023-07-17,133.2490692138672,144.07000732421875,145.9600067138672,144.0399932861328,145.1999969482422,756400
2023-07-18,131.9357147216797,142.64999389648438,145.38999938964844,141.3699951171875,143.80999755859375,1143100
2023-07-19,133.16580200195312,143.97999572753906,145.4499969482422,143.3699951171875,143.5500030517578,1100900
2023-07-20,135.9034881591797,146.94000244140625,147.4199981689453,143.1699981689453,144.0399932861328,730500
2023-07-21,137.64227294921875,148.82000732421875,149.35000610351562,146.94000244140625,147.44000244140625,752300
2023-07-24,136.62493896484375,147.72000122070312,149.0,146.6300048828125,148.9199981689453,678600
2023-07-25,137.1336212158203,148.27000427246094,148.57000732421875,146.82000732421875,147.3000030517578,868000
2023-07-26,136.680419921875,147.77999877929688,149.39999389648438,147.0399932861328,147.50999450683594,793100
2023-07-27,137.3370819091797,148.49000549316406,151.22000122070312,147.3000030517578,150.60000610351562,1719000
2023-07-28,135.9034881591797,146.94000244140625,149.49000549316406,146.38999938964844,149.4600067138672,1018000
2023-07-31,136.356689453125,147.42999267578125,148.1999969482422,146.77000427246094,147.22000122070312,994200
2023-08-01,133.60977172851562,144.4600067138672,147.6199951171875,144.36000061035156,147.16000366210938,970000
2023-08-02,134.7288818359375,145.6699981689453,146.05999755859375,143.60000610351562,143.7100067138672,794800
2023-08-03,131.45477294921875,142.1300048828125,145.27999877929688,142.1300048828125,144.97999572753906,699400
2023-08-04,131.30677795410156,141.97000122070312,143.14999389648438,141.1999969482422,142.36000061035156,1024800
2023-08-07,132.09500122070312,142.11000061035156,142.89999389648438,141.5399932861328,141.5399932861328,679200
2023-08-08,132.05787658691406,142.07000732421875,142.75999450683594,140.5800018310547,142.75999450683594,911700
2023-08-09,130.55198669433594,140.4499969482422,143.08999633789062,140.3300018310547,141.6300048828125,859200
2023-08-10,129.65036010742188,139.47999572753906,141.7899932861328,138.97999572753906,140.9600067138672,666200
2023-08-11,130.31964111328125,140.1999969482422,140.50999450683594,139.0500030517578,139.44000244140625,461300
2023-08-14,132.1229248046875,142.13999938964844,142.42999267578125,139.0,140.14999389648438,1722100
2023-08-15,130.77508544921875,140.69000244140625,141.8699951171875,140.64999389648438,141.3300018310547,1115900
2023-08-16,130.1522979736328,140.02000427246094,141.42999267578125,139.67999267578125,141.25999450683594,861100
2023-08-17,128.46058654785156,138.1999969482422,141.33999633789062,138.17999267578125,140.39999389648438,604400
2023-08-18,129.16700744628906,138.9600067138672,139.8800048828125,137.99000549316406,137.99000549316406,2192100
2023-08-21,127.80059051513672,137.49000549316406,139.0399932861328,136.5800018310547,138.30999755859375,650400
2023-08-22,128.646484375,138.39999389648438,138.85000610351562,136.8000030517578,137.4499969482422,594600
2023-08-23,129.71546936035156,139.5500030517578,140.0399932861328,138.75,139.8000030517578,577600
2023-08-24,128.50704956054688,138.25,140.89999389648438,137.85000610351562,139.35000610351562,587500
2023-08-25,130.52410888671875,140.4199981689453,140.8699951171875,138.75,138.97000122070312,638300
2023-08-28,130.2545623779297,140.1300048828125,141.27999877929688,140.0399932861328,140.8699951171875,424900
2023-08-29,130.19879150390625,140.07000732421875,140.3300018310547,138.99000549316406,140.05999755859375,583000
2023-08-30,129.69683837890625,139.52999877929688,141.77000427246094,139.33999633789062,140.3000030517578,578300
2023-08-31,128.9625244140625,138.74000549316406,140.55999755859375,138.63999938964844,140.1199951171875,1301400
2023-09-01,128.08876037597656,137.8000030517578,139.91000366210938,136.32000732421875,139.57000732421875,681600
2023-09-05,126.76880645751953,136.3800048828125,137.6999969482422,135.16000366210938,137.35000610351562,896900
2023-09-06,126.1646499633789,135.72999572753906,137.42999267578125,135.02999877929688,136.8699951171875,801900
2023-09-07,128.005126953125,137.7100067138672,138.10000610351562,135.82000732421875,136.44000244140625,727500
2023-09-08,128.023681640625,137.72999572753906,138.0399932861328,136.91000366210938,137.8000030517578,999300
2023-09-11,128.4791717529297,138.22000122070312,139.19000244140625,137.42999267578125,137.42999267578125,553800
2023-09-12,127.86569213867188,137.55999755859375,138.64999389648438,137.14999389648438,138.27000427246094,999600
2023-09-13,129.4923553466797,139.30999755859375,140.00999450683594,137.11000061035156,137.13999938964844,925600
2023-09-14,131.04461669921875,140.97999572753906,141.14999389648438,139.7899932861328,139.94000244140625,875300
2023-09-15,129.11123657226562,138.89999389648438,140.97999572753906,138.36000061035156,140.33999633789062,2180900
2023-09-18,128.66506958007812,138.4199981689453,139.17999267578125,137.6999969482422,139.05999755859375,782200
2023-09-19,127.8749771118164,137.57000732421875,138.1999969482422,137.24000549316406,137.97000122070312,941800
2023-09-20,127.53104400634766,137.1999969482422,139.00999450683594,136.8300018310547,138.41000366210938,711200
2023-09-21,124.13825988769531,133.5500030517578,136.97999572753906,133.52999877929688,136.52000427246094,1001300
2023-09-22,122.92989349365234,132.25,133.66000366210938,132.08999633789062,133.5,1071900
2023-09-25,123.3481674194336,132.6999969482422,132.86000061035156,131.4199981689453,131.60000610351562,897200
2023-09-26,120.50382232666016,129.63999938964844,133.24000549316406,129.6300048828125,132.27999877929688,1166600
2023-09-27,117.43638610839844,126.33999633789062,130.02000427246094,126.16999816894531,129.33999633789062,1426500
2023-09-28,114.87088775634766,123.58000183105469,126.86000061035156,123.04000091552734,126.86000061035156,2229700
2023-09-29,115.10327911376953,123.83000183105469,125.30000305175781,122.2699966430664,125.20999908447266,1962200
2023-10-02,111.3108139038086,119.75,123.33999633789062,118.97000122070312,123.0,1688700
2023-10-03,108.7546157836914,117.0,119.19999694824219,115.38999938964844,119.1500015258789,2451100
2023-10-04,110.93901062011719,119.3499984741211,119.4800033569336,115.83000183105469,118.0,1565200
2023-10-05,110.3626937866211,118.7300033569336,119.87000274658203,117.8499984741211,119.12999725341797,1105000
2023-10-06,110.47423553466797,118.8499984741211,119.30000305175781,115.66999816894531,117.0,1240700
2023-10-09,112.28681945800781,120.80000305175781,120.81999969482422,118.47000122070312,118.69000244140625,1089300
2023-10-10,113.27210235595703,121.86000061035156,122.73999786376953,120.75,120.87000274658203,1222200
2023-10-11,113.60674285888672,122.22000122070312,123.37000274658203,120.55000305175781,122.69000244140625,956000
2023-10-12,109.99088287353516,118.33000183105469,121.9800033569336,117.88999938964844,121.37000274658203,1390000
2023-10-13,109.72132110595703,118.04000091552734,120.44000244140625,116.93000030517578,118.33000183105469,1720100
2023-10-16,111.52459716796875,119.9800033569336,120.04000091552734,117.04000091552734,118.51000213623047,1628800
2023-10-17,111.82205963134766,120.30000305175781,120.41999816894531,118.73999786376953,118.97000122070312,1404500
2023-10-18,109.81426239013672,118.13999938964844,120.48999786376953,116.45999908447266,120.08999633789062,1541100
2023-10-19,108.77320098876953,117.0199966430664,119.18000030517578,116.88999938964844,117.4800033569336,1376800
2023-10-20,107.63919067382812,115.80000305175781,117.75,115.63999938964844,116.80000305175781,1340000
2023-10-23,107.36032104492188,115.5,116.80000305175781,114.25,114.62000274658203,1054700
2023-10-24,109.4703369140625,117.7699966430664,118.51000213623047,116.26000213623047,116.83999633789062,996400
2023-10-25,108.28985595703125,116.5,117.29000091552734,115.66999816894531,117.29000091552734,1049000
2023-10-26,109.70272064208984,118.0199966430664,119.08999633789062,116.9800033569336,117.12000274658203,966500
2023-10-27,108.18760681152344,116.38999938964844,118.01000213623047,115.9000015258789,117.70999908447266,843900
2023-10-30,108.48503112792969,116.70999908447266,117.62000274658203,115.5199966430664,116.68000030517578,1178900
2023-10-31,109.35879516601562,117.6500015258789,118.12000274658203,116.31999969482422,117.0199966430664,1452300
2023-11-01,110.4277572631836,118.80000305175781,119.44000244140625,115.98999786376953,117.58999633789062,1426200
2023-11-02,115.71675872802734,124.48999786376953,125.16000366210938,120.23999786376953,120.23999786376953,1883600
2023-11-03,120.87561798095703,130.0399932861328,131.49000549316406,126.88999938964844,127.16000366210938,2506500
2023-11-06,118.58900451660156,127.58000183105469,131.25,127.26000213623047,130.0800018310547,1236100
2023-11-07,117.91973876953125,126.86000061035156,130.1699981689453,126.62000274658203,128.6999969482422,1186400
2023-11-08,117.25047302246094,126.13999938964844,126.55000305175781,125.33999633789062,126.55000305175781,831100
2023-11-09,115.51226806640625,124.2699966430664,126.58000183105469,123.94000244140625,126.41999816894531,929100
2023-11-10,114.7965316772461,123.5,124.98999786376953,122.94000244140625,124.98999786376953,981100
2023-11-13,113.85977935791016,121.79000091552734,122.83000183105469,121.11000061035156,122.41999816894531,930600
2023-11-14,121.29212188720703,129.74000549316406,129.9199981689453,125.91999816894531,126.45999908447266,1584200
2023-11-15,121.95589447021484,130.4499969482422,131.55999755859375,127.86000061035156,129.83999633789062,1508500
2023-11-16,122.46074676513672,130.99000549316406,133.0,130.83999633789062,131.72000122070312,1346100
2023-11-17,123.49845886230469,132.10000610351562,132.14999389648438,130.6300048828125,131.5500030517578,1161500
2023-11-20,122.16156768798828,130.6699981689453,131.99000549316406,129.5,130.86000061035156,1465800
2023-11-21,122.31114196777344,130.8300018310547,131.75,130.1300048828125,130.97000122070312,1093100
2023-11-22,121.97459411621094,130.47000122070312,132.3699951171875,130.41000366210938,131.72999572753906,1021800
2023-11-24,123.4610366821289,132.05999755859375,132.05999755859375,130.08999633789062,130.35000610351562,595700
2023-11-27,122.23636627197266,130.75,132.24000549316406,130.60000610351562,131.64999389648438,1244900
2023-11-28,122.1522216796875,130.66000366210938,131.75,129.97999572753906,130.38999938964844,1048300
2023-11-29,122.67575073242188,131.22000122070312,132.5399932861328,130.49000549316406,131.44000244140625,960500
2023-11-30,123.25538635253906,131.83999633789062,132.91000366210938,130.88999938964844,131.75999450683594,2075600
2023-12-01,124.56423950195312,133.24000549316406,133.42999267578125,130.6300048828125,131.57000732421875,1063800
2023-12-04,124.47073364257812,133.13999938964844,133.82000732421875,131.77000427246094,131.92999267578125,801900
2023-12-05,122.82533264160156,131.3800048828125,133.00999450683594,130.58999633789062,132.86000061035156,814200
2023-12-06,124.05937194824219,132.6999969482422,133.0399932861328,131.7100067138672,132.2100067138672,720000
2023-12-07,123.91914367675781,132.5500030517578,133.4499969482422,131.75999450683594,133.0399932861328,790900
2023-12-08,122.79729461669922,131.35000610351562,132.2100067138672,130.91000366210938,132.16000366210938,714800
2023-12-11,122.19895935058594,130.7100067138672,131.3699951171875,129.77000427246094,130.3699951171875,1037000
2023-12-12,122.49813079833984,131.02999877929688,131.11000061035156,130.0,130.9199981689453,1144200
2023-12-13,126.28441619873047,135.0800018310547,135.14999389648438,130.0,131.1199951171875,1414900
2023-12-14,125.73279571533203,134.49000549316406,137.42999267578125,133.75,136.6999969482422,1253600
2023-12-15,123.17124938964844,131.75,133.85000610351562,130.44000244140625,133.1300048828125,2258400
2023-12-18,122.3485336303711,130.8699951171875,132.5399932861328,130.3000030517578,131.8300018310547,1026000
2023-12-19,123.98457336425781,132.6199951171875,132.63999938964844,130.94000244140625,131.25999450683594,938500
2023-12-20,122.28309631347656,130.8000030517578,133.91000366210938,130.75,132.4199981689453,1054200
2023-12-21,122.93753051757812,131.5,132.4600067138672,130.5,131.52000427246094,597700
2023-12-22,122.99361419677734,131.55999755859375,132.9499969482422,131.10000610351562,132.17999267578125,654400
2023-12-26,123.65739440917969,132.27000427246094,132.82000732421875,131.35000610351562,131.64999389648438,515900
2023-12-27,123.61997985839844,132.22999572753906,132.97000122070312,131.67999267578125,132.13999938964844,571400
2023-12-28,124.32113647460938,132.97999572753906,133.27999877929688,131.22000122070312,131.22000122070312,604400
2023-12-29,123.39561462402344,131.99000549316406,133.10000610351562,131.41000366210938,132.47000122070312,800800
2024-01-02,124.8166275024414,133.50999450683594,134.02000427246094,130.77000427246094,131.19000244140625,1132400
2024-01-03,124.8166275024414,133.50999450683594,133.99000549316406,132.44000244140625,133.1999969482422,998800
2024-01-04,123.18058776855469,131.75999450683594,133.6999969482422,131.44000244140625,133.27000427246094,816400
2024-01-05,123.30211639404297,131.88999938964844,132.88999938964844,130.41000366210938,131.35000610351562,862100
2024-01-08,124.37720489501953,133.0399932861328,133.13999938964844,130.72999572753906,131.47999572753906,1026400
2024-01-09,124.0967788696289,132.74000549316406,134.83999633789062,131.75999450683594,132.3000030517578,1202000
2024-01-10,124.91947937011719,133.6199951171875,134.3000030517578,132.77999877929688,133.10000610351562,614000
2024-01-11,122.9655532836914,131.52999877929688,133.57000732421875,130.4499969482422,133.32000732421875,878600
2024-01-12,123.60131072998047,132.2100067138672,133.0500030517578,131.72000122070312,132.3000030517578,673200
2024-01-16,121.91848754882812,130.41000366210938,132.77000427246094,130.30999755859375,131.41000366210938,800800
2024-01-17,120.05805969238281,128.4199981689453,130.88999938964844,127.44999694824219,128.9600067138672,1301200
2024-01-18,117.63671875,125.83000183105469,128.11000061035156,125.41000366210938,127.98999786376953,1083300
2024-01-19,117.1412353515625,125.30000305175781,126.25,124.4800033569336,126.05000305175781,1301200
2024-01-22,118.59965515136719,126.86000061035156,127.63999938964844,125.30000305175781,125.41999816894531,1137000
2024-01-23,118.03871154785156,126.26000213623047,128.02000427246094,125.6500015258789,127.44999694824219,1247800
2024-01-24,114.00000762939453,121.94000244140625,127.29000091552734,121.37999725341797,127.12999725341797,1279600
2024-01-25,115.90718078613281,123.9800033569336,123.98999786376953,122.2300033569336,123.04000091552734,1196300
2024-01-26,115.14057159423828,123.16000366210938,124.98999786376953,122.94000244140625,124.5999984741211,749000
2024-01-29,117.56192016601562,125.75,126.3499984741211,122.38999938964844,124.47000122070312,1252100
2024-01-30,116.2998275756836,124.4000015258789,125.4800033569336,123.95999908447266,125.02999877929688,1056900
2024-01-31,115.94456481933594,124.0199966430664,126.58000183105469,123.1500015258789,125.51000213623047,1607700
2024-02-01,117.08513641357422,125.23999786376953,125.36000061035156,122.91999816894531,123.86000061035156,1148400
2024-02-02,115.32754516601562,123.36000061035156,124.95999908447266,122.2699966430664,123.2699966430664,1201200
2024-02-05,113.60734558105469,121.5199966430664,122.5199966430664,121.18000030517578,121.94999694824219,1205800
2024-02-06,114.542236328125,122.5199966430664,122.88999938964844,120.61000061035156,121.36000061035156,1375800
2024-02-07,114.67201232910156,121.94999694824219,123.0,121.37000274658203,122.36000061035156,1372600
2024-02-08,114.5591812133789,121.83000183105469,122.01000213623047,120.55000305175781,121.62000274658203,1269200
2024-02-09,114.90709686279297,122.19999694824219,122.62000274658203,121.05000305175781,121.41999816894531,1231200
2024-02-12,116.26113891601562,123.63999938964844,123.8499984741211,121.55000305175781,122.16000366210938,1301900
2024-02-13,112.63151550292969,119.77999877929688,122.3499984741211,118.9800033569336,121.72000122070312,1789700
2024-02-14,113.28975677490234,120.4800033569336,120.97000122070312,119.23999786376953,120.0,1462600
2024-02-15,116.84415435791016,124.26000213623047,124.33999633789062,120.61000061035156,122.31999969482422,1749500
2024-02-16,115.49008178710938,122.81999969482422,123.19000244140625,120.8499984741211,122.19999694824219,2007900
2024-02-20,113.92916870117188,121.16000366210938,123.2300033569336,120.48999786376953,122.08999633789062,2187500
2024-02-21,114.46512603759766,121.7300033569336,122.0,120.41000366210938,121.12999725341797,2828400
2024-02-22,112.5374755859375,119.68000030517578,121.68000030517578,117.80999755859375,121.43000030517578,2401400
2024-02-23,111.86045837402344,118.95999908447266,119.9000015258789,118.31999969482422,119.52999877929688,1672000
2024-02-26,110.42176055908203,117.43000030517578,118.83000183105469,116.69999694824219,118.83000183105469,1944000
2024-02-27,110.98595428466797,118.02999877929688,118.31999969482422,117.02999877929688,117.33000183105469,1464400
2024-02-28,110.87312316894531,117.91000366210938,119.20999908447266,117.45999908447266,118.22000122070312,1443700
2024-02-29,111.46552276611328,118.54000091552734,119.41000366210938,117.44999694824219,118.79000091552734,2159100
2024-03-01,112.5374755859375,119.68000030517578,120.37000274658203,116.8499984741211,118.18000030517578,1789500
2024-03-04,114.43693542480469,121.69999694824219,121.87999725341797,118.83000183105469,118.91000366210938,1274000
2024-03-05,112.1425552368164,119.26000213623047,122.41000366210938,118.56999969482422,121.87000274658203,1479100
2024-03-06,113.1298828125,120.30999755859375,120.91999816894531,119.36000061035156,120.1500015258789,1313700
2024-03-07,111.53134155273438,118.61000061035156,120.41999816894531,118.08000183105469,119.55999755859375,2097400
2024-03-08,111.37149047851562,118.44000244140625,120.0,117.83999633789062,119.93000030517578,2312700
2024-03-11,113.14868927001953,120.33000183105469,121.06999969482422,118.05999755859375,118.05999755859375,1574500
2024-03-12,112.06731414794922,119.18000030517578,120.7300033569336,118.2300033569336,119.52999877929688,1821000
2024-03-13,113.34616088867188,120.54000091552734,121.55999755859375,118.66000366210938,118.9800033569336,1293500
2024-03-14,111.40909576416016,118.4800033569336,120.6500015258789,117.45999908447266,120.12000274658203,1354800
2024-03-15,110.14906311035156,117.13999938964844,118.4000015258789,116.6500015258789,117.0199966430664,4764600
2024-03-18,110.23370361328125,117.2300033569336,118.20999908447266,116.37999725341797,117.1500015258789,1394500
2024-03-19,110.95774841308594,118.0,118.33000183105469,116.93000030517578,117.73999786376953,1061000
2024-03-20,111.04237365722656,118.08999633789062,118.16000366210938,116.69999694824219,117.76000213623047,1134200
2024-03-21,111.15521240234375,118.20999908447266,120.16999816894531,118.05999755859375,118.9800033569336,1026000
2024-03-22,110.72266387939453,117.75,119.05999755859375,117.33999633789062,119.05999755859375,906000
2024-03-25,110.14906311035156,117.13999938964844,118.48999786376953,116.98999786376953,117.88999938964844,1083000
2024-03-26,110.80728149414062,117.83999633789062,117.91000366210938,116.58999633789062,116.9800033569336,1739800
2024-03-27,114.24887084960938,121.5,121.72000122070312,117.97000122070312,118.55000305175781,1805100
2024-03-28,114.91649627685547,122.20999908447266,122.37999725341797,120.44000244140625,121.69000244140625,2004200
2024-04-01,113.1204833984375,120.30000305175781,122.5,119.54000091552734,122.44000244140625,913900
2024-04-02,112.42462921142578,119.55999755859375,121.47000122070312,118.81999969482422,120.11000061035156,1183100
2024-04-03,111.83222961425781,118.93000030517578,119.77999877929688,118.26000213623047,119.19000244140625,1101300
2024-04-04,113.1957015991211,120.37999725341797,120.95999908447266,119.26000213623047,120.0999984741211,1272600
2024-04-05,111.44670104980469,118.5199966430664,120.02999877929688,117.8499984741211,119.23999786376953,1109000
2024-04-08,112.85718536376953,120.0199966430664,120.45999908447266,118.63999938964844,118.83999633789062,1217000
2024-04-09,114.57797241210938,121.8499984741211,122.20999908447266,120.18000030517578,120.77999877929688,1492900
2024-04-10,111.24925231933594,118.30999755859375,119.33000183105469,117.02999877929688,118.98999786376953,2354600
2024-04-11,110.78848266601562,117.81999969482422,119.5999984741211,116.9000015258789,119.22000122070312,1697300
2024-04-12,109.61309051513672,116.56999969482422,117.87000274658203,115.97000122070312,117.87000274658203,1072100
2024-04-15,109.05831146240234,115.9800033569336,117.41999816894531,115.12999725341797,116.72000122070312,1862800
2024-04-16,107.02720642089844,113.81999969482422,115.44999694824219,113.33999633789062,115.44999694824219,2331100
2024-04-17,108.51292419433594,115.4000015258789,115.7699966430664,113.52999877929688,113.83999633789062,1902800
2024-04-18,110.34654235839844,117.3499984741211,117.56999969482422,115.08999633789062,116.12000274658203,1399800
2024-04-19,111.44670104980469,118.5199966430664,119.38999938964844,117.6500015258789,117.94000244140625,1874600
2024-04-22,112.1425552368164,119.26000213623047,119.79000091552734,117.66999816894531,118.5999984741211,1247600
2024-04-23,112.71612548828125,119.87000274658203,120.55000305175781,119.0199966430664,119.30999755859375,1255500
2024-04-24,114.11721801757812,121.36000061035156,121.66000366210938,118.1500015258789,118.79000091552734,1297900
2024-04-25,114.29589080810547,121.55000305175781,122.37000274658203,119.93000030517578,121.37000274658203,1404200
2024-04-26,113.57183074951172,120.77999877929688,122.20999908447266,120.76000213623047,121.69000244140625,1058500
2024-04-29,114.98231506347656,122.27999877929688,122.56999969482422,121.66999816894531,121.7300033569336,1686000
2024-04-30,115.01992797851562,122.31999969482422,123.0999984741211,120.98999786376953,121.51000213623047,1325100
2024-05-01,117.65281677246094,125.12000274658203,125.8499984741211,122.08999633789062,122.12000274658203,2712500
2024-05-02,118.43328857421875,125.94999694824219,126.08999633789062,122.4000015258789,123.7300033569336,2778800
2024-05-03,121.06617736816406,128.75,128.85000610351562,127.22000122070312,127.81999969482422,1735800
2024-05-06,122.4766616821289,130.25,130.38999938964844,128.2100067138672,129.6199951171875,1479500
2024-05-07,123.9529800415039,131.82000732421875,132.4600067138672,130.08999633789062,131.3000030517578,1597700
2024-05-08,124.94029235839844,132.8699951171875,133.0,131.1999969482422,131.39999389648438,1417900
2024-05-09,126.36019134521484,134.3800048828125,134.77999877929688,132.17999267578125,132.8699951171875,1308700
2024-05-10,127.41333770751953,135.5,135.7100067138672,134.41000366210938,134.8300018310547,1763600
2024-05-13,126.51023864746094,133.77999877929688,135.52999877929688,133.27999877929688,135.0,852500
2024-05-14,125.89556884765625,133.1300048828125,135.0,132.86000061035156,134.8300018310547,1060900
2024-05-15,126.48186492919922,133.75,135.11000061035156,133.0800018310547,134.75,1281700
2024-05-16,126.9736328125,134.27000427246094,134.61000061035156,133.08999633789062,133.41000366210938,1248200
2024-05-17,126.49131774902344,133.75999450683594,134.13999938964844,133.13999938964844,134.13999938964844,924200
2024-05-20,126.3116683959961,133.57000732421875,133.97999572753906,132.47000122070312,133.8000030517578,914000
2024-05-21,127.05872344970703,134.36000061035156,134.3800048828125,132.82000732421875,133.58999633789062,716000
2024-05-22,126.48186492919922,133.75,134.58999633789062,133.16000366210938,134.11000061035156,1495400
2024-05-23,121.61173248291016,128.60000610351562,132.83999633789062,128.39999389648438,132.83999633789062,1031800
2024-05-24,121.2618179321289,128.22999572753906,128.92999267578125,127.58999633789062,128.69000244140625,830800
2024-05-28,119.37995910644531,126.23999786376953,128.97000122070312,126.0199966430664,128.0500030517578,1164600
2024-05-29,117.36571502685547,124.11000061035156,125.29000091552734,123.68000030517578,125.0199966430664,987800
2024-05-30,119.41779327392578,126.27999877929688,126.36000061035156,124.11000061035156,124.58000183105469,886800
2024-05-31,123.66380310058594,130.77000427246094,130.94000244140625,126.62999725341797,126.87000274658203,3003100
2024-06-03,123.66380310058594,130.77000427246094,132.22000122070312,130.00999450683594,131.1300048828125,1186000
2024-06-04,125.60242462158203,132.82000732421875,133.16000366210938,130.24000549316406,130.77000427246094,1134800
2024-06-05,124.52434539794922,131.67999267578125,132.6199951171875,131.11000061035156,132.6199951171875,861100
2024-06-06,123.5219497680664,130.6199951171875,132.16000366210938,130.1300048828125,131.10000610351562,797800
2024-06-07,121.28074645996094,128.25,129.55999755859375,128.14999389648438,129.27000427246094,1096100
2024-06-10,121.57389831542969,128.55999755859375,128.85000610351562,127.33000183105469,128.0,1185300
2024-06-11,120.96867370605469,127.91999816894531,128.8699951171875,127.0999984741211,127.5199966430664,1050500
2024-06-12,121.16727447509766,128.1300048828125,130.8800048828125,128.0500030517578,130.57000732421875,846700
2024-06-13,122.19802856445312,129.22000122070312,129.92999267578125,127.19000244140625,128.10000610351562,947200
2024-06-14,122.27368927001953,129.3000030517578,129.69000244140625,127.44000244140625,128.41000366210938,953800
2024-06-17,121.72521209716797,128.72000122070312,130.02999877929688,127.36000061035156,128.27999877929688,781900
2024-06-18,123.38011169433594,130.47000122070312,130.64999389648438,128.1300048828125,128.19000244140625,1085200
2024-06-20,123.18152618408203,130.25999450683594,131.0,129.4499969482422,130.5,1061600
2024-06-21,123.4462890625,130.5399932861328,131.69000244140625,129.4600067138672,130.27999877929688,1951000
2024-06-24,124.99717712402344,132.17999267578125,133.35000610351562,130.69000244140625,130.8300018310547,802100
2024-06-25,122.33988189697266,129.3699951171875,132.35000610351562,129.22000122070312,132.3000030517578,777600
2024-06-26,122.5384750366211,129.5800018310547,129.75,128.1300048828125,128.38999938964844,691100
2024-06-27,122.24531555175781,129.27000427246094,129.47000122070312,127.9800033569336,129.3000030517578,662100
2024-06-28,122.14128875732422,129.16000366210938,129.9199981689453,128.27000427246094,129.75,1201900
2024-07-01,120.81737518310547,127.76000213623047,130.9600067138672,127.19999694824219,129.47999572753906,767300
2024-07-02,121.47933959960938,128.4600067138672,129.8000030517578,127.80000305175781,128.0800018310547,665400
2024-07-03,121.00650024414062,127.95999908447266,129.8800048828125,127.8499984741211,128.60000610351562,402700
2024-07-05,122.94512176513672,130.00999450683594,130.17999267578125,127.20999908447266,128.6300048828125,713900
2024-07-08,122.85999298095703,129.9199981689453,130.80999755859375,129.6699981689453,130.35000610351562,874600
2024-07-09,123.61652374267578,130.72000122070312,131.30999755859375,128.8699951171875,129.5399932861328,698200
2024-07-10,125.04444122314453,132.22999572753906,132.4499969482422,130.86000061035156,131.24000549316406,682000
2024-07-11,128.81765747070312,136.22000122070312,137.22000122070312,133.24000549316406,133.4600067138672,1251000
2024-07-12,131.522216796875,139.0800018310547,140.75,136.75,136.9499969482422,1207400
2024-07-15,128.9216766357422,136.3300018310547,138.55999755859375,136.22999572753906,138.25,794700
2024-07-16,131.522216796875,139.0800018310547,139.22000122070312,136.82000732421875,137.25,670100
2024-07-17,134.7847442626953,142.52999877929688,143.4600067138672,139.0800018310547,139.57000732421875,1190600
2024-07-18,133.66888427734375,141.35000610351562,144.25999450683594,140.52000427246094,141.74000549316406,835200
2024-07-19,133.4892120361328,141.16000366210938,142.11000061035156,140.3699951171875,141.5,855900
2024-07-22,134.09442138671875,141.8000030517578,142.25,140.5500030517578,140.91000366210938,545900
2024-07-23,132.85560607910156,140.49000549316406,141.80999755859375,140.24000549316406,141.3000030517578,573600
2024-07-24,134.66180419921875,142.39999389648438,143.41000366210938,140.74000549316406,141.11000061035156,987000
2024-07-25,132.48681640625,140.10000610351562,144.3000030517578,139.3000030517578,143.0,1009100
2024-07-26,134.00933837890625,141.7100067138672,142.35000610351562,140.3699951171875,141.08999633789062,645000
2024-07-29,133.6783447265625,141.36000061035156,142.0,139.89999389648438,141.99000549316406,748300
2024-07-30,135.86279296875,143.6699981689453,143.9199981689453,141.42999267578125,141.42999267578125,848200
2024-07-31,134.62400817871094,142.36000061035156,142.99000549316406,141.35000610351562,141.67999267578125,1124000
2024-08-01,136.64768981933594,144.5,145.47000122070312,142.1300048828125,142.99000549316406,1109100
2024-08-02,139.3428497314453,147.35000610351562,148.16000366210938,144.02999877929688,147.0800018310547,1210500
2024-08-05,134.9644317626953,142.72000122070312,149.0,142.6999969482422,148.99000549316406,1299200
2024-08-06,135.79661560058594,143.60000610351562,145.64999389648438,142.9499969482422,144.14999389648438,1132200
2024-08-07,135.9762725830078,143.7899932861328,146.39999389648438,143.6300048828125,143.88999938964844,797400
2024-08-08,136.84629821777344,144.7100067138672,146.58999633789062,143.16000366210938,143.42999267578125,1188200
2024-08-09,134.54832458496094,142.27999877929688,145.00999450683594,140.27000427246094,144.85000610351562,1057100
2024-08-12,134.81312561035156,142.55999755859375,142.77999877929688,141.08999633789062,142.11000061035156,676700
2024-08-13,134.4280548095703,141.38999938964844,142.72000122070312,141.2100067138672,142.47000122070312,873200
2024-08-14,134.69427490234375,141.6699981689453,142.8000030517578,140.1699981689453,141.0,562400
2024-08-15,135.03652954101562,142.02999877929688,143.0,140.58999633789062,141.2899932861328,883700
2024-08-16,134.03826904296875,140.97999572753906,142.6999969482422,140.64999389648438,142.1699981689453,643700
2024-08-19,134.59921264648438,141.57000732421875,142.07000732421875,141.07000732421875,141.1699981689453,457900
2024-08-20,134.31396484375,141.27000427246094,142.11000061035156,140.9499969482422,141.72999572753906,520600
2024-08-21,133.83860778808594,140.77000427246094,141.38999938964844,140.02999877929688,141.08999633789062,632900
2024-08-22,133.1255340576172,140.02000427246094,141.14999389648438,138.88999938964844,140.6699981689453,771800
2024-08-23,133.50584411621094,140.4199981689453,141.14999389648438,139.5500030517578,140.4199981689453,521400
2024-08-26,134.11428833007812,141.05999755859375,142.25,140.50999450683594,141.1999969482422,418800
2024-08-27,133.26812744140625,140.1699981689453,141.72000122070312,139.69000244140625,140.50999450683594,553100
2024-08-28,134.78932189941406,141.77000427246094,143.33999633789062,139.80999755859375,140.8300018310547,983100
2024-08-29,134.83689880371094,141.82000732421875,142.41000366210938,140.72999572753906,141.86000061035156,811200
2024-08-30,136.0728759765625,143.1199951171875,143.50999450683594,141.05999755859375,142.19000244140625,1833500
2024-09-03,136.41514587402344,143.47999572753906,145.24000549316406,142.52000427246094,142.85000610351562,914400
2024-09-04,137.05215454101562,144.14999389648438,145.7100067138672,142.99000549316406,143.82000732421875,832600
2024-09-05,137.39442443847656,144.50999450683594,145.38999938964844,143.9600067138672,145.0800018310547,702500
2024-09-06,136.8524932861328,143.94000244140625,145.55999755859375,143.55999755859375,144.91000366210938,871900
2024-09-09,138.82058715820312,146.00999450683594,146.05999755859375,143.6199951171875,144.0500030517578,837700
2024-09-10,140.90272521972656,148.1999969482422,148.5500030517578,145.85000610351562,146.42999267578125,958100
2024-09-11,139.7998504638672,147.0399932861328,147.97999572753906,144.75,147.75,1052700
2024-09-12,139.8854522705078,147.1300048828125,147.72999572753906,145.47000122070312,146.88999938964844,706800
2024-09-13,140.83616638183594,148.1300048828125,148.19000244140625,146.60000610351562,147.52999877929688,738100
2024-09-16,141.7489013671875,149.08999633789062,149.77999877929688,148.52000427246094,148.94000244140625,714200
2024-09-17,142.51905822753906,149.89999389648438,150.67999267578125,148.8300018310547,149.08999633789062,1028000
2024-09-18,141.60630798339844,148.94000244140625,150.16000366210938,148.11000061035156,149.47999572753906,1183200
2024-09-19,141.7394256591797,149.0800018310547,149.27999877929688,147.14999389648438,148.22000122070312,1190600
2024-09-20,139.98048400878906,147.22999572753906,149.1300048828125,145.74000549316406,149.0800018310547,3350400
2024-09-23,140.27523803710938,147.5399932861328,149.10000610351562,147.14999389648438,147.88999938964844,814900
2024-09-24,137.89834594726562,145.0399932861328,147.99000549316406,144.86000061035156,146.47999572753906,1838800
2024-09-25,137.0236358642578,144.1199951171875,146.00999450683594,143.38999938964844,145.6999969482422,1082300
2024-09-26,136.12991333007812,143.17999267578125,144.1699981689453,142.57000732421875,143.25999450683594,938600
2024-09-27,137.79373168945312,144.92999267578125,145.64999389648438,144.13999938964844,144.35000610351562,796600
2024-09-30,139.0392608642578,146.24000549316406,146.27999877929688,143.5399932861328,145.24000549316406,1791100
2024-10-01,138.497314453125,145.6699981689453,147.2100067138672,145.1699981689453,146.47000122070312,1003900
2024-10-02,138.9061279296875,146.10000610351562,146.97999572753906,144.27000427246094,144.60000610351562,1324500
2024-10-03,137.55604553222656,144.67999267578125,146.25,144.49000549316406,145.8800048828125,847400
2024-10-04,135.5499725341797,142.57000732421875,144.13999938964844,141.7100067138672,143.33999633789062,853600
2024-10-07,130.24472045898438,136.99000549316406,142.0500030517578,135.6999969482422,142.0500030517578,1689100
2024-10-08,130.62503051757812,137.38999938964844,138.42999267578125,137.19000244140625,137.72999572753906,918700
2024-10-09,129.47459411621094,136.17999267578125,137.8000030517578,135.5,136.88999938964844,857900
2024-10-10,129.51263427734375,136.22000122070312,136.77999877929688,133.60000610351562,133.60000610351562,876300
2024-10-11,132.03213500976562,138.8699951171875,138.99000549316406,136.66000366210938,137.0,689300
2024-10-14,133.45826721191406,140.3699951171875,140.72000122070312,138.97999572753906,139.24000549316406,597700
2024-10-15,134.24742126464844,141.1999969482422,142.6699981689453,140.32000732421875,140.39999389648438,833600
2024-10-16,135.55947875976562,142.5800018310547,142.83999633789062,141.27999877929688,141.30999755859375,651600
2024-10-17,133.8575897216797,140.7899932861328,142.5,140.22999572753906,142.27999877929688,585700
2024-10-18,134.96998596191406,141.9600067138672,142.1999969482422,139.08999633789062,141.00999450683594,818500
2024-10-21,134.10479736328125,141.0500030517578,142.7899932861328,140.6999969482422,141.94000244140625,564900
2024-10-22,133.819580078125,140.75,140.99000549316406,138.92999267578125,139.60000610351562,888700
2024-10-23,135.1221160888672,142.1199951171875,142.6699981689453,141.07000732421875,141.25,1290000
2024-10-24,132.91636657714844,139.8000030517578,142.97000122070312,139.74000549316406,142.38999938964844,712500
2024-10-25,130.88172912597656,137.66000366210938,140.25999450683594,137.57000732421875,140.25999450683594,592200
2024-10-28,131.95608520507812,138.7899932861328,139.89999389648438,138.17999267578125,138.88999938964844,564800
2024-10-29,129.1133270263672,135.8000030517578,138.1300048828125,135.75,137.52000427246094,1054600
2024-10-30,129.00872802734375,135.69000244140625,136.91000366210938,135.52999877929688,136.25,1329800
2024-10-31,131.30958557128906,138.11000061035156,139.99000549316406,135.0,137.83999633789062,1544600
2024-11-01,129.303466796875,136.0,138.88999938964844,135.97000122070312,138.35000610351562,1044400
2024-11-04,128.63795471191406,135.3000030517578,136.4600067138672,134.0,136.4499969482422,1569000
2024-11-05,130.3588104248047,137.11000061035156,137.1300048828125,134.5399932861328,135.66000366210938,911400
2024-11-06,127.00260162353516,133.5800018310547,135.61000061035156,131.50999450683594,133.74000549316406,2141200
2024-11-07,126.2990493774414,132.83999633789062,134.6300048828125,132.69000244140625,133.8000030517578,1260100
2024-11-08,129.38902282714844,136.08999633789062,136.3300018310547,133.5,133.75,1076000
2024-11-11,128.13401794433594,134.77000427246094,136.5399932861328,134.5,135.30999755859375,926800
2024-11-12,126.62801361083984,132.42999267578125,133.8699951171875,132.22999572753906,133.8699951171875,932800
2024-11-13,126.6375961303711,132.44000244140625,133.97000122070312,131.75,133.3699951171875,1260300
2024-11-14,126.23600006103516,132.02000427246094,133.41000366210938,131.88999938964844,132.88999938964844,980600
2024-11-15,128.3491668701172,134.22999572753906,134.3800048828125,131.75,132.22999572753906,1590400
2024-11-18,130.68226623535156,136.6699981689453,136.88999938964844,133.17999267578125,133.47000122070312,1372300
2024-11-19,132.14523315429688,138.1999969482422,138.39999389648438,136.19000244140625,138.0399932861328,1585000
2024-11-20,131.84881591796875,137.88999938964844,139.1699981689453,137.60000610351562,138.6300048828125,1096500
2024-11-21,132.70936584472656,138.7899932861328,139.0800018310547,136.6999969482422,138.4199981689453,953000
2024-11-22,131.29421997070312,137.30999755859375,139.7100067138672,137.02999877929688,138.99000549316406,1207700
2024-11-25,130.7491912841797,136.74000549316406,139.3699951171875,136.3699951171875,138.25999450683594,4339200
2024-11-26,131.56195068359375,137.58999633789062,137.66000366210938,135.10000610351562,136.75999450683594,1332800
2024-11-27,132.25039672851562,138.30999755859375,139.49000549316406,137.9199981689453,138.36000061035156,746600
2024-11-29,130.9404296875,136.94000244140625,138.5800018310547,136.77000427246094,137.72000122070312,593800
2024-12-02,129.65914916992188,135.60000610351562,137.52999877929688,135.02999877929688,137.4499969482422,1000000
2024-12-03,128.22486877441406,134.10000610351562,136.80999755859375,134.0800018310547,136.13999938964844,1455800
2024-12-04,125.27023315429688,131.00999450683594,134.3300018310547,130.41000366210938,133.99000549316406,1876600
2024-12-05,126.31249237060547,132.10000610351562,132.5500030517578,130.17999267578125,131.2100067138672,1050100
2024-12-06,126.57066345214844,132.3699951171875,132.77999877929688,131.10000610351562,131.8300018310547,1308000
2024-12-09,124.99296569824219,130.72000122070312,132.80999755859375,130.5399932861328,131.97000122070312,1229400
2024-12-10,125.24153900146484,130.97999572753906,131.7899932861328,128.75999450683594,130.72000122070312,838100
2024-12-11,124.62958526611328,130.33999633789062,131.58999633789062,130.00999450683594,130.8300018310547,822500
2024-12-12,124.83039855957031,130.5500030517578,131.82000732421875,129.61000061035156,130.38999938964844,739200
2024-12-13,123.9124526977539,129.58999633789062,130.52999877929688,129.3300018310547,130.22999572753906,747800
2024-12-16,123.26226043701172,128.91000366210938,130.94000244140625,128.72000122070312,129.47000122070312,856400
2024-12-17,123.52040100097656,129.17999267578125,131.1699981689453,128.1999969482422,128.25999450683594,1114100
2024-12-18,118.97853088378906,124.43000030517578,128.75999450683594,124.4000015258789,128.19000244140625,1750000
2024-12-19,118.40481567382812,123.83000183105469,125.44999694824219,123.83000183105469,123.87999725341797,1368600
2024-12-20,120.40322875976562,125.91999816894531,126.30999755859375,122.70999908447266,122.70999908447266,3327600
2024-12-23,120.46061706542969,125.9800033569336,126.04000091552734,124.19999694824219,125.30000305175781,956200
2024-12-24,120.22156524658203,125.7300033569336,126.23999786376953,124.72000122070312,125.2300033569336,470100
2024-12-26,120.63273620605469,126.16000366210938,126.5999984741211,124.80999755859375,125.16000366210938,643700
2024-12-27,119.80084991455078,125.29000091552734,126.56999969482422,124.75,125.52999877929688,703800
2024-12-30,118.79683685302734,124.23999786376953,124.87999725341797,123.41000366210938,124.55000305175781,793200
2024-12-31,119.035888671875,124.48999786376953,125.13999938964844,123.8499984741211,124.52999877929688,1016000
2025-01-02,118.43348693847656,123.86000061035156,125.7699966430664,123.68000030517578,125.61000061035156,719100
2025-01-03,118.3474349975586,123.7699966430664,125.12000274658203,123.6500015258789,124.05000305175781,728500
2025-01-06,116.62628936767578,121.97000122070312,123.04000091552734,120.73999786376953,122.94000244140625,1044300
2025-01-07,116.30119323730469,121.62999725341797,123.23999786376953,121.22000122070312,122.33000183105469,759100
2025-01-08,117.2382583618164,122.61000061035156,122.70999908447266,119.70999908447266,120.88999938964844,972700
2025-01-10,115.81353759765625,121.12000274658203,122.83000183105469,120.91999816894531,121.75,1309000
2025-01-13,115.7083511352539,121.01000213623047,121.87000274658203,118.73999786376953,121.37000274658203,1548100
2025-01-14,117.15219116210938,122.5199966430664,122.73999786376953,121.04000091552734,121.1500015258789,773300
2025-01-15,118.11795043945312,123.52999877929688,125.02999877929688,122.66000366210938,124.5999984741211,1278900
2025-01-16,120.82396697998047,126.36000061035156,126.4000015258789,122.80000305175781,123.23999786376953,970600
2025-01-17,121.05343627929688,126.5999984741211,127.44000244140625,125.83999633789062,126.06999969482422,1003200
2025-01-21,120.79527282714844,126.33000183105469,128.38999938964844,126.0,127.18000030517578,1036100
2025-01-22,116.3489990234375,121.68000030517578,126.80000305175781,121.5,125.95999908447266,1289400
2025-01-23,116.47330474853516,121.80999755859375,121.9000015258789,120.62999725341797,121.69000244140625,1202000
2025-01-24,116.30119323730469,121.62999725341797,122.43000030517578,121.30000305175781,121.5,786300
2025-01-27,124.25666809082031,129.9499969482422,130.22000122070312,122.58999633789062,122.72000122070312,2271400
2025-01-28,120.79527282714844,126.33000183105469,128.7899932861328,125.69999694824219,128.14999389648438,1417900
2025-01-29,118.80641174316406,124.25,127.05000305175781,123.47000122070312,126.54000091552734,890500
2025-01-30,118.24226379394531,123.66000366210938,125.98999786376953,122.88999938964844,125.13999938964844,1646100
2025-01-31,119.17931365966797,124.63999938964844,124.95999908447266,123.33000183105469,123.66000366210938,1073000
2025-02-03,120.25025939941406,125.76000213623047,126.44999694824219,123.5,124.33999633789062,1112000
2025-02-04,118.42391967773438,123.8499984741211,124.91999816894531,123.26000213623047,124.75,1353400
2025-02-05,118.19444274902344,123.61000061035156,125.0,123.0999984741211,124.7300033569336,889700
2025-02-06,118.54824829101562,123.9800033569336,124.22000122070312,123.05999755859375,123.79000091552734,794600
2025-02-07,117.85069274902344,122.48999786376953,123.47000122070312,121.9000015258789,122.80999755859375,776200
2025-02-10,118.44721221923828,123.11000061035156,123.3499984741211,121.4000015258789,122.5,828700
2025-02-11,120.34260559082031,125.08000183105469,125.25,122.19000244140625,122.4800033569336,1230700
2025-02-12,120.28487396240234,125.0199966430664,125.31999969482422,122.97000122070312,123.66000366210938,1541100
2025-02-13,122.06480407714844,126.87000274658203,126.91000366210938,124.47000122070312,124.8499984741211,3304500
2025-02-14,120.90064239501953,125.66000366210938,127.45999908447266,125.04000091552734,127.0,1698800
2025-02-18,122.35343170166016,127.16999816894531,127.48999786376953,124.45999908447266,124.86000061035156,1345700
2025-02-19,123.0173110961914,127.86000061035156,128.1999969482422,126.45999908447266,126.72000122070312,1805700
2025-02-20,123.796630859375,128.6699981689453,131.80999755859375,126.61000061035156,130.0,1831500
2025-02-21,127.65474700927734,132.67999267578125,133.82000732421875,128.1699981689453,128.1999969482422,2116800
2025-02-24,128.53028869628906,133.58999633789062,135.19000244140625,130.57000732421875,132.85000610351562,1789000
2025-02-25,132.05166625976562,137.25,138.72999572753906,133.0500030517578,134.17999267578125,2203900
2025-02-26,129.94459533691406,135.05999755859375,137.85000610351562,134.0,136.5,1188400
2025-02-27,128.94398498535156,134.02000427246094,136.17999267578125,133.1699981689453,133.42999267578125,1179900
2025-02-28,130.82012939453125,135.97000122070312,137.55999755859375,134.55999755859375,136.0500030517578,2340000
2025-03-03,134.28379821777344,139.57000732421875,139.63999938964844,135.10000610351562,135.19000244140625,1192600
2025-03-04,133.9278106689453,139.1999969482422,142.10000610351562,138.6999969482422,139.6699981689453,2385800
2025-03-05,132.60006713867188,137.82000732421875,140.3000030517578,137.25999450683594,138.1699981689453,1468600
2025-03-06,132.94644165039062,138.17999267578125,138.94000244140625,135.25,138.27000427246094,1441600
2025-03-07,139.89295959472656,145.39999389648438,145.99000549316406,138.61000061035156,138.80999755859375,2702900
2025-03-10,143.65489196777344,149.30999755859375,152.07000732421875,145.7899932861328,146.17999267578125,3047400
2025-03-11,137.99757385253906,143.42999267578125,149.02999877929688,143.25999450683594,148.7899932861328,1772200
2025-03-12,135.52493286132812,140.86000061035156,142.72999572753906,138.9199981689453,141.3800048828125,1919300
2025-03-13,137.1412811279297,142.5399932861328,143.5800018310547,140.05999755859375,141.4600067138672,1598800
2025-03-14,138.85389709472656,144.32000732421875,144.72000122070312,141.72000122070312,142.11000061035156,1386800
2025-03-17,139.33494567871094,144.82000732421875,146.77000427246094,143.00999450683594,144.41000366210938,1645900
2025-03-18,139.26760864257812,144.75,145.66000366210938,143.4499969482422,144.77000427246094,1182200
2025-03-19,136.6698455810547,142.0500030517578,144.22999572753906,141.1999969482422,144.0,1548500
2025-03-20,136.43893432617188,141.80999755859375,142.82000732421875,140.75999450683594,142.50999450683594,1387300
2025-03-21,135.78469848632812,141.1300048828125,143.75,139.97999572753906,141.8300018310547,2607200
2025-03-24,134.4088592529297,139.6999969482422,142.0399932861328,139.41000366210938,140.19000244140625,1093100
2025-03-25,133.88931274414062,139.16000366210938,140.47999572753906,136.94000244140625,139.60000610351562,1729400
2025-03-26,135.78469848632812,141.1300048828125,141.6699981689453,139.27999877929688,139.3300018310547,1329800
2025-03-27,137.64161682128906,143.05999755859375,144.1999969482422,141.41000366210938,141.75999450683594,1346400
2025-03-28,140.70115661621094,146.24000549316406,147.30999755859375,144.17999267578125,144.5800018310547,1596800
2025-03-31,141.93267822265625,147.52000427246094,149.99000549316406,146.86000061035156,147.42999267578125,1863700
2025-04-01,141.43238830566406,147.0,147.72000122070312,145.83999633789062,146.83999633789062,1186400
2025-04-02,140.65306091308594,146.19000244140625,147.5,145.4499969482422,147.2100067138672,982400
2025-04-03,146.2045135498047,151.9600067138672,154.05999755859375,148.74000549316406,148.9199981689453,2764800
2025-04-04,141.65365600585938,147.22999572753906,155.5,146.25999450683594,155.0,3275400
2025-04-07,136.96812438964844,142.36000061035156,147.5399932861328,141.97000122070312,145.05999755859375,3007700
2025-04-08,135.5345458984375,140.8699951171875,144.38999938964844,139.1999969482422,144.38999938964844,2723900
2025-04-09,133.73538208007812,139.0,145.32000732421875,137.41000366210938,139.52999877929688,2990700
2025-04-10,137.7281951904297,143.14999389648438,144.58999633789062,138.49000549316406,139.3000030517578,1984500
2025-04-11,140.5568389892578,146.08999633789062,146.7899932861328,142.05999755859375,143.24000549316406,1549000
2025-04-14,143.1930694580078,148.8300018310547,149.44000244140625,145.32000732421875,145.32000732421875,1091100
2025-04-15,141.31692504882812,146.8800048828125,149.66000366210938,146.72000122070312,149.66000366210938,1471300
2025-04-16,140.8551025390625,146.39999389648438,148.52000427246094,146.16000366210938,148.2100067138672,1124600
2025-04-17,142.7793426513672,148.39999389648438,149.5500030517578,146.02999877929688,146.57000732421875,946100
2025-04-21,141.55746459960938,147.1300048828125,148.97000122070312,145.8300018310547,148.0,838200
2025-04-22,143.60678100585938,149.25999450683594,149.75,147.14999389648438,148.2899932861328,1071400
2025-04-23,141.59593200683594,147.1699981689453,147.7899932861328,144.5800018310547,147.66000366210938,1510800
2025-04-24,140.50872802734375,146.0399932861328,147.35000610351562,145.19000244140625,147.35000610351562,1209500
2025-04-25,138.5171356201172,143.97000122070312,145.32000732421875,141.91000366210938,144.89999389648438,1342100
2025-04-28,138.80577087402344,144.27000427246094,145.16000366210938,142.30999755859375,143.77000427246094,1409000
2025-04-29,140.33555603027344,145.86000061035156,146.32000732421875,143.75999450683594,144.25,1205500
2025-04-30,141.44200134277344,147.00999450683594,147.47000122070312,144.25999450683594,146.99000549316406,1421200
2025-05-01,140.8839569091797,146.42999267578125,147.55999755859375,144.39999389648438,145.0,1255500
2025-05-02,141.5382080078125,147.11000061035156,147.67999267578125,145.38999938964844,147.44000244140625,1115900
2025-05-05,142.538818359375,148.14999389648438,148.55999755859375,145.8699951171875,147.8300018310547,841800
2025-05-06,143.549072265625,149.1999969482422,150.50999450683594,148.14999389648438,148.3300018310547,1124200
2025-05-07,142.4714813232422,148.0800018310547,150.2899932861328,148.0500030517578,149.05999755859375,1041100
2025-05-08,139.89295959472656,145.39999389648438,148.3300018310547,145.1300048828125,147.69000244140625,1182400
2025-05-09,141.37464904785156,146.94000244140625,147.0800018310547,144.47000122070312,145.41000366210938,724600
2025-05-12,133.38902282714844,138.63999938964844,145.49000549316406,137.86000061035156,144.0,2412400
2025-05-13,129.5445098876953,133.83999633789062,138.05999755859375,133.2899932861328,137.5,2330800
2025-05-14,129.525146484375,133.82000732421875,134.35000610351562,131.64999389648438,134.1300048828125,1994400
2025-05-15,135.8649139404297,140.3699951171875,140.47999572753906,134.7899932861328,135.3000030517578,2529200
2025-05-16,137.98463439941406,142.55999755859375,143.32000732421875,140.35000610351562,140.58999633789062,1495100
2025-05-19,139.09771728515625,143.7100067138672,143.77000427246094,141.89999389648438,142.22000122070312,956600
2025-05-20,139.20419311523438,143.82000732421875,144.2899932861328,142.17999267578125,143.1999969482422,1119100
2025-05-21,138.87509155273438,143.47999572753906,144.64999389648438,142.75,143.72999572753906,1699300
2025-05-22,137.2974090576172,141.85000610351562,143.52000427246094,140.6699981689453,143.0,1163400
2025-05-23,139.0009307861328,143.61000061035156,143.91000366210938,141.39999389648438,143.39999389648438,740300
2025-05-27,138.5460205078125,143.13999938964844,144.16000366210938,142.75999450683594,143.6300048828125,1093000
2025-05-28,136.34884643554688,140.8699951171875,142.97000122070312,140.42999267578125,142.4499969482422,920000
2025-05-29,136.9973602294922,141.5399932861328,141.99000549316406,139.6999969482422,140.0,1097000
2025-05-30,138.38145446777344,142.97000122070312,143.67999267578125,140.82000732421875,142.22999572753906,3771600
2025-06-02,137.84912109375,142.4199981689453,143.16000366210938,140.9199981689453,141.8300018310547,791400
2025-06-03,137.30709838867188,141.86000061035156,142.24000549316406,140.1199951171875,142.24000549316406,1097100
2025-06-04,134.38401794433594,138.83999633789062,141.75999450683594,138.80999755859375,141.75999450683594,1436400
2025-06-05,135.52615356445312,140.02000427246094,140.4199981689453,138.52999877929688,139.19000244140625,793600
2025-06-06,135.55519104003906,140.0500030517578,141.44000244140625,139.41000366210938,140.1699981689453,719100
2025-06-09,135.32289123535156,139.80999755859375,140.2899932861328,137.39999389648438,139.38999938964844,894900
2025-06-10,136.7360382080078,141.27000427246094,142.1699981689453,139.41000366210938,139.82000732421875,924200
2025-06-11,136.09719848632812,140.61000061035156,142.08999633789062,140.19000244140625,141.33999633789062,826900
2025-06-12,136.78443908691406,141.32000732421875,141.72000122070312,140.1699981689453,141.6199951171875,709600
2025-06-13,136.9005889892578,141.44000244140625,143.16000366210938,141.13999938964844,142.22999572753906,741200
2025-06-16,135.9617156982422,140.47000122070312,142.85000610351562,139.67999267578125,142.05999755859375,1126000
2025-06-17,136.3972625732422,140.9199981689453,141.1300048828125,138.3800048828125,140.47000122070312,1196400
2025-06-18,136.5714874267578,141.10000610351562,141.66000366210938,139.85000610351562,141.00999450683594,976200
2025-06-20,136.71665954589844,141.25,142.25,140.0800018310547,140.99000549316406,2415900
2025-06-23,139.36874389648438,143.99000549316406,144.08999633789062,142.0,142.02999877929688,861600
2025-06-24,137.6168212890625,142.17999267578125,143.4600067138672,141.82000732421875,142.88999938964844,990800
2025-06-25,135.55519104003906,140.0500030517578,141.72000122070312,139.27999877929688,141.1999969482422,1077900
2025-06-26,133.97750854492188,138.4199981689453,140.9199981689453,137.88999938964844,140.57000732421875,929900
2025-06-27,133.4935302734375,137.9199981689453,138.82000732421875,136.75,137.7100067138672,1564800
2025-06-30,134.64535522460938,139.11000061035156,139.19000244140625,137.42999267578125,138.0399932861328,1298100
2025-07-01,137.98463439941406,142.55999755859375,143.17999267578125,139.05999755859375,139.3699951171875,1397700
2025-07-02,135.80685424804688,140.30999755859375,142.49000549316406,140.08999633789062,142.02999877929688,1205700
2025-07-03,135.55519104003906,140.0500030517578,141.30999755859375,139.60000610351562,140.47000122070312,683800
2025-07-07,135.46807861328125,139.9600067138672,140.49000549316406,138.91000366210938,140.00999450683594,888300
2025-07-08,136.4940643310547,141.02000427246094,141.19000244140625,137.0,138.61000061035156,1381900
2025-07-09,137.2490234375,141.8000030517578,142.2100067138672,139.91000366210938,140.82000732421875,1413300
2025-07-10,138.1007843017578,142.67999267578125,143.66000366210938,140.17999267578125,140.27000427246094,922200
2025-07-11,137.72329711914062,142.2899932861328,143.02000427246094,140.74000549316406,141.67999267578125,948500
2025-07-14,138.74928283691406,143.35000610351562,144.35000610351562,142.38999938964844,142.55999755859375,998600
2025-07-15,136.31015014648438,140.8300018310547,143.0399932861328,140.7100067138672,142.66000366210938,957900
2025-07-16,137.17160034179688,141.72000122070312,142.07000732421875,139.75,140.72999572753906,941900
2025-07-17,137.6458740234375,142.2100067138672,142.72999572753906,140.02000427246094,141.22000122070312,1195000
2025-07-18,138.3234100341797,142.91000366210938,144.6699981689453,142.0,142.47000122070312,1934400
2025-07-21,138.25563049316406,142.83999633789062,144.32000732421875,142.57000732421875,143.17999267578125,753100
2025-07-22,140.2592315673828,144.91000366210938,146.2899932861328,142.08999633789062,142.6999969482422,1137200
2025-07-23,137.32644653320312,141.8800048828125,144.75,140.41000366210938,144.36000061035156,1173300
2025-07-24,136.00042724609375,140.50999450683594,142.0800018310547,140.4600067138672,141.9199981689453,1188000
2025-07-25,135.81651306152344,140.32000732421875,141.05999755859375,139.67999267578125,140.19000244140625,893900
2025-07-28,134.25820922851562,138.7100067138672,140.5399932861328,137.85000610351562,139.5500030517578,1065800
2025-07-29,136.42630004882812,140.9499969482422,141.0,137.91000366210938,138.6199951171875,1138000
2025-07-30,135.1680145263672,139.64999389648438,141.1699981689453,139.19000244140625,139.77000427246094,1109000
2025-07-31,135.73910522460938,140.24000549316406,141.0800018310547,137.5,138.5,2078200
2025-08-01,141.04322814941406,145.72000122070312,146.41000366210938,140.7100067138672,142.47999572753906,2693100
2025-08-04,142.28213500976562,147.0,147.64999389648438,145.52999877929688,145.72000122070312,1304000
2025-08-05,136.9586639404297,141.5,142.72000122070312,140.72000122070312,142.1300048828125,6160000
2025-08-06,137.35549926757812,141.91000366210938,143.38999938964844,141.47000122070312,142.0,2087800
2025-08-07,139.78494262695312,144.4199981689453,144.6999969482422,141.14999389648438,141.14999389648438,1771100
2025-08-08,140.69476318359375,145.36000061035156,145.63999938964844,144.57000732421875,144.8300018310547,1986700
2025-08-11,140.87867736816406,145.5500030517578,146.1999969482422,144.6999969482422,145.80999755859375,1093700
2025-08-12,138.3165740966797,142.08999633789062,145.0,140.67999267578125,144.25999450683594,1657600
2025-08-13,139.91302490234375,143.72999572753906,143.77000427246094,141.77000427246094,142.0800018310547,1174200
2025-08-14,139.60153198242188,143.41000366210938,144.24000549316406,142.77999877929688,143.8000030517578,1085300
2025-08-15,140.0979766845703,143.9199981689453,144.97999572753906,142.88999938964844,142.94000244140625,923800
2025-08-18,138.87142944335938,142.66000366210938,144.8000030517578,142.6300048828125,144.32000732421875,900100
2025-08-19,141.3537139892578,145.2100067138672,145.27999877929688,142.9199981689453,142.9199981689453,1562500
2025-08-20,141.75282287597656,145.6199951171875,147.8699951171875,145.36000061035156,146.07000732421875,1107400
2025-08-21,141.99618530273438,145.8699951171875,146.22000122070312,145.25,145.30999755859375,849100
2025-08-22,142.31741333007812,146.1999969482422,147.83999633789062,145.1199951171875,146.4499969482422,963900
2025-08-25,140.56521606445312,144.39999389648438,146.2899932861328,144.07000732421875,145.5399932861328,854900
2025-08-26,140.12716674804688,143.9499969482422,144.6300048828125,143.0500030517578,144.3699951171875,1764600
2025-08-27,140.90591430664062,144.75,144.9600067138672,143.16000366210938,143.83999633789062,1208800
2025-08-28,139.13424682617188,142.92999267578125,144.36000061035156,142.86000061035156,144.1999969482422,947800
2025-08-29,139.69883728027344,143.50999450683594,144.5399932861328,142.94000244140625,143.0800018310547,941300
2025-09-02,137.65463256835938,141.41000366210938,143.74000549316406,140.99000549316406,142.99000549316406,1018800
2025-09-03,136.96347045898438,140.6999969482422,141.3699951171875,139.80999755859375,140.83999633789062,1054800
2025-09-04,137.8103790283203,141.57000732421875,142.4499969482422,140.74000549316406,141.97999572753906,1128400
2025-09-05,139.78648376464844,143.60000610351562,143.60000610351562,141.5800018310547,141.99000549316406,782200
2025-09-08,136.30154418945312,140.02000427246094,143.22999572753906,139.02000427246094,142.64999389648438,1331800
2025-09-09,136.36965942382812,140.08999633789062,140.60000610351562,138.72999572753906,139.52999877929688,725500
2025-09-10,134.8218994140625,138.5,140.47999572753906,137.52999877929688,140.2100067138672,990000
2025-09-11,135.9219207763672,139.6300048828125,139.75999450683594,137.6699981689453,138.75,926600
2025-09-12,135.5811767578125,139.27999877929688,139.88999938964844,138.2100067138672,138.5,994600
2025-09-15,133.92633056640625,137.5800018310547,139.64999389648438,137.24000549316406,139.3000030517578,1084100
2025-09-16,132.63165283203125,136.25,138.3000030517578,136.17999267578125,137.39999389648438,1056000
2025-09-17,132.4759063720703,136.08999633789062,137.94000244140625,135.8800048828125,136.83999633789062,1024100
2025-09-18,131.79449462890625,135.38999938964844,135.7899932861328,133.3000030517578,134.1300048828125,1197400
2025-09-19,131.4732666015625,135.05999755859375,135.66000366210938,134.3800048828125,135.00999450683594,2660200
2025-09-22,131.46353149414062,135.0500030517578,136.24000549316406,134.7899932861328,135.07000732421875,1021500
2025-09-23,133.53695678710938,137.17999267578125,137.35000610351562,133.86000061035156,134.88999938964844,1251500
2025-09-24,132.78741455078125,136.41000366210938,137.10000610351562,135.27999877929688,136.4199981689453,1700500
2025-09-25,131.51220703125,135.10000610351562,138.1300048828125,135.02999877929688,137.66000366210938,1433300
2025-09-26,132.73875427246094,136.36000061035156,136.52000427246094,135.2100067138672,135.27999877929688,911100
2025-09-29,133.40066528320312,137.0399932861328,137.27999877929688,135.0399932861328,136.16000366210938,1200400
2025-09-30,135.4935760498047,139.19000244140625,139.4199981689453,137.1300048828125,137.41000366210938,1428800
2025-10-01,132.45645141601562,136.07000732421875,139.6199951171875,136.02999877929688,139.39999389648438,1250200
2025-10-02,131.9891815185547,135.58999633789062,137.1199951171875,135.02000427246094,135.49000549316406,1114600
2025-10-03,134.09182739257812,137.75,138.22000122070312,135.57000732421875,135.57000732421875,967200
2025-10-06,135.25022888183594,138.94000244140625,138.99000549316406,136.6699981689453,137.75,1555500
2025-10-07,138.72540283203125,142.50999450683594,142.97000122070312,139.1199951171875,139.3800048828125,1815600
2025-10-08,137.2847137451172,141.02999877929688,143.50999450683594,140.1999969482422,143.50999450683594,952600
2025-10-09,137.30419921875,141.0500030517578,141.75,140.1999969482422,141.4499969482422,988700
2025-10-10,139.18292236328125,142.97999572753906,144.0399932861328,140.13999938964844,141.75,1513000
2025-10-13,135.9219207763672,139.6300048828125,141.99000549316406,139.2100067138672,141.0,1321900
2025-10-14,137.80064392089844,141.55999755859375,143.52999877929688,139.5,139.9600067138672,1629400
2025-10-15,138.74488830566406,142.52999877929688,143.11000061035156,141.02000427246094,141.49000549316406,1007500
2025-10-16,139.40682983398438,143.2100067138672,144.2899932861328,142.22999572753906,142.22999572753906,845500
2025-10-17,139.99090576171875,143.80999755859375,144.82000732421875,142.82000732421875,143.52999877929688,1306500
2025-10-20,141.56785583496094,145.42999267578125,145.61000061035156,143.02000427246094,143.99000549316406,1107200
2025-10-21,140.3315887451172,144.16000366210938,145.63999938964844,142.8000030517578,145.4499969482422,1096200
2025-10-22,139.91302490234375,143.72999572753906,145.4199981689453,142.85000610351562,143.3300018310547,828400
2025-10-23,138.79354858398438,142.5800018310547,144.8800048828125,141.64999389648438,144.24000549316406,746400
2025-10-24,137.829833984375,141.58999633789062,143.49000549316406,141.50999450683594,143.49000549316406,966500
2025-10-27,134.32545471191406,137.99000549316406,140.5,135.39999389648438,139.02999877929688,3438800
2025-10-28,131.22988891601562,134.80999755859375,139.58999633789062,134.30999755859375,137.89999389648438,2031400
2025-10-29,126.60603332519531,130.05999755859375,134.4600067138672,129.9600067138672,133.86000061035156,2210700
2025-10-30,123.33526611328125,126.69999694824219,131.0500030517578,126.44999694824219,130.1300048828125,2298800
2025-10-31,125.01932525634766,128.42999267578125,128.75,123.9000015258789,125.7699966430664,2811600
2025-11-03,122.62466430664062,125.97000122070312,128.4199981689453,125.48999786376953,128.27999877929688,1907400
2025-11-04,124.67863464355469,128.0800018310547,129.66000366210938,126.79000091552734,127.4000015258789,2796500
2025-11-05,127.49188995361328,130.97000122070312,132.5800018310547,129.39999389648438,130.02000427246094,2952400
2025-11-06,126.06092071533203,129.5,132.44000244140625,129.30999755859375,131.1699981689453,1415600
2025-11-07,127.3653335571289,130.83999633789062,131.58999633789062,129.7100067138672,130.19000244140625,1446400
2025-11-10,125.51578521728516,128.94000244140625,130.36000061035156,127.61000061035156,129.7100067138672,1777600
2025-11-11,126.55735778808594,130.00999450683594,130.7899932861328,128.9499969482422,129.38999938964844,1419700
2025-11-12,126.3237533569336,129.77000427246094,130.36000061035156,129.00999450683594,129.9600067138672,1512100
2025-11-13,128.79061889648438,131.4600067138672,132.22000122070312,128.0,128.61000061035156,2193900
2025-11-14,128.94735717773438,131.6199951171875,133.97999572753906,130.74000549316406,132.64999389648438,2019000
2025-11-17,129.98583984375,132.67999267578125,133.25999450683594,131.4600067138672,132.30999755859375,2082200
2025-11-18,127.2720947265625,129.91000366210938,133.30999755859375,129.50999450683594,132.89999389648438,1784100
2025-11-19,124.53874206542969,127.12000274658203,130.24000549316406,126.73999786376953,129.6999969482422,1955500
2025-11-20,125.52824401855469,128.1300048828125,128.32000732421875,125.91000366210938,127.30999755859375,2059300
2025-11-21,130.04464721679688,132.74000549316406,133.97999572753906,127.94000244140625,129.05999755859375,3643400
2025-11-24,128.839599609375,131.50999450683594,132.85000610351562,131.00999450683594,132.74000549316406,5459700
2025-11-25,127.74234008789062,130.38999938964844,133.0,130.25,132.64999389648438,1493600
2025-11-26,127.21331024169922,129.85000610351562,131.69000244140625,129.8300018310547,131.0,1515800
2025-11-28,127.42884826660156,130.07000732421875,130.6699981689453,128.5,129.17999267578125,845000
2025-12-01,128.3399658203125,131.0,131.97999572753906,129.0399932861328,129.7899932861328,3293500
2025-12-02,128.09503173828125,130.75,133.3699951171875,129.47999572753906,131.72999572753906,2735200
2025-12-03,128.31056213378906,130.97000122070312,132.4499969482422,129.6300048828125,131.22000122070312,2182900
2025-12-04,126.31197357177734,128.92999267578125,131.5500030517578,128.0,130.86000061035156,2613100
2025-12-05,126.87041473388672,129.5,130.27999877929688,128.07000732421875,128.3800048828125,1942700
2025-12-08,125.8515396118164,128.4600067138672,130.0,127.63999938964844,129.1300048828125,2257300
2025-12-09,125.54782104492188,128.14999389648438,130.11000061035156,127.87999725341797,128.92999267578125,2182500
2025-12-10,126.10625457763672,128.72000122070312,129.1699981689453,127.51000213623047,128.14999389648438,2798700
2025-12-11,127.44843292236328,130.08999633789062,132.1999969482422,129.0,129.63999938964844,2064900
2025-12-12,128.87879943847656,131.5500030517578,132.1999969482422,130.4199981689453,130.52999877929688,1946500
2025-12-15,131.40640258789062,134.1300048828125,134.41000366210938,131.5,132.05999755859375,2187800
2025-12-16,130.0250244140625,132.72000122070312,135.52999877929688,131.9499969482422,134.67999267578125,2641700
2025-12-17,131.288818359375,134.00999450683594,134.2100067138672,131.5800018310547,132.1999969482422,1796500
2025-12-18,130.31893920898438,133.02000427246094,134.63999938964844,132.5500030517578,132.75999450683594,1766100
2025-12-19,127.60519409179688,130.25,132.67999267578125,130.22000122070312,132.67999267578125,2985200
2025-12-22,128.99635314941406,131.6699981689453,132.19000244140625,129.08999633789062,129.8000030517578,1038500
2025-12-23,128.09503173828125,130.75,131.72999572753906,130.4600067138672,131.5500030517578,869100
2025-12-24,128.6142578125,131.27999877929688,131.39999389648438,130.6199951171875,130.66000366210938,368600
2025-12-26,127.89909362792969,130.5500030517578,131.52000427246094,130.22999572753906,131.3300018310547,563400
2025-12-29,128.2909698486328,130.9499969482422,131.52000427246094,129.55999755859375,130.8800048828125,732200
2025-12-30,128.46731567382812,131.1300048828125,131.83999633789062,130.6999969482422,130.94000244140625,789400
2025-12-31,127.85009765625,130.5,131.3800048828125,130.36000061035156,130.9199981689453,658900
2026-01-02,127.67376708984375,130.32000732421875,131.36000061035156,129.1300048828125,130.22999572753906,864700
2026-01-05,124.81305694580078,127.4000015258789,130.10000610351562,125.55999755859375,129.5800018310547,2391600
2026-01-06,126.35116577148438,128.97000122070312,129.92999267578125,126.8499984741211,127.18000030517578,1662300
2026-01-07,124.6856918334961,127.2699966430664,130.5399932861328,127.16999816894531,129.55999755859375,1419000
2026-01-08,126.64508819580078,129.27000427246094,129.92999267578125,126.72000122070312,126.72000122070312,1742600
2026-01-09,125.38128662109375,127.9800033569336,129.9199981689453,127.56999969482422,128.57000732421875,1467500
2026-01-12,127.65416717529297,130.3000030517578,132.27000427246094,129.25999450683594,130.30999755859375,1691400
2026-01-13,128.5946807861328,131.25999450683594,131.3800048828125,128.67999267578125,129.6699981689453,2202100
2026-01-14,129.76051330566406,132.4499969482422,132.8699951171875,130.85000610351562,131.47000122070312,1515600
2026-01-15,130.64224243164062,133.35000610351562,133.64999389648438,131.8800048828125,132.2100067138672,1682400
2026-01-16,130.63243103027344,133.33999633789062,133.72999572753906,132.32000732421875,132.69000244140625,1532000
2026-01-20,128.7514190673828,131.4199981689453,133.5,129.89999389648438,132.75999450683594,1455300
2026-01-21,128.3301544189453,130.99000549316406,132.86000061035156,130.52999877929688,132.22999572753906,1334600
2026-01-22,128.88858032226562,131.55999755859375,132.67999267578125,129.8300018310547,131.0800018310547,1205000
2026-01-23,127.07615661621094,129.7100067138672,131.8800048828125,129.27000427246094,131.55999755859375,1184600
2026-01-26,128.0852508544922,130.74000549316406,132.1300048828125,130.16000366210938,130.4499969482422,1292400
2026-01-27,127.8794937133789,130.52999877929688,131.6300048828125,129.3699951171875,130.38999938964844,1284200
2026-01-28,124.47016143798828,127.05000305175781,131.1999969482422,126.36000061035156,130.49000549316406,1489200
2026-01-29,126.38056945800781,129.0,130.0500030517578,127.05000305175781,127.05000305175781,1377400
2026-01-30,126.50792694091797,129.1300048828125,129.25999450683594,127.51000213623047,129.25999450683594,1039300
2026-02-02,123.99990844726562,126.56999969482422,129.88999938964844,126.37999725341797,129.61000061035156,1656000
2026-02-03,123.3337173461914,125.88999938964844,129.9199981689453,125.5199966430664,126.56999969482422,2644200
2026-02-04,121.77600860595703,124.30000305175781,127.41999816894531,124.0,127.02999877929688,2149900
2026-02-05,123.12798309326172,125.68000030517578,127.5,124.56999969482422,124.94999694824219,2051900
2026-02-06,121.8053970336914,124.33000183105469,127.2699966430664,124.1500015258789,126.45999908447266,1370000
2026-02-09,120.45340728759766,122.94999694824219,124.54000091552734,121.27999877929688,124.33000183105469,1828400
2026-02-10,123.3216781616211,125.02999877929688,126.37999725341797,122.0,122.58000183105469,1714000
2026-02-11,121.99999237060547,123.69000244140625,124.9800033569336,122.95999908447266,124.58999633789062,1649700
2026-02-12,126.61604309082031,128.3699951171875,129.88999938964844,123.5,123.75,3449300
2026-02-13,131.6759490966797,133.5,133.67999267578125,127.8499984741211,127.8499984741211,3176700
2026-02-17,131.68580627441406,133.50999450683594,135.0,132.05999755859375,134.0399932861328,2177100
2026-02-18,129.36793518066406,131.16000366210938,134.60000610351562,130.44000244140625,132.3699951171875,2357500
2026-02-19,129.56520080566406,131.36000061035156,134.2100067138672,129.17999267578125,132.10000610351562,1577200
2026-02-20,127.60237121582031,129.3699951171875,132.5,129.22000122070312,132.27999877929688,2333000
2026-02-23,131.1038818359375,132.9199981689453,133.19000244140625,130.1999969482422,130.41000366210938,2022900
2026-02-24,132.24803161621094,134.0800018310547,134.11000061035156,131.75,133.25999450683594,1705900
2026-02-25,132.38612365722656,134.22000122070312,134.32000732421875,131.35000610351562,133.6199951171875,1603900
2026-02-26,132.48475646972656,134.32000732421875,135.17999267578125,133.22000122070312,134.66000366210938,1616000
2026-02-27,134.17138671875,136.02999877929688,137.72000122070312,134.47000122070312,135.25999450683594,2565100
2026-03-02,133.58944702148438,135.44000244140625,137.27000427246094,135.08999633789062,135.52000427246094,1465400
2026-03-03,133.9543914794922,135.80999755859375,136.49000549316406,131.7100067138672,134.24000549316406,2007300
2026-03-04,134.5461883544922,136.41000366210938,136.75999450683594,134.00999450683594,135.39999389648438,1782100
2026-03-05,132.79052734375,134.6300048828125,136.88999938964844,134.47000122070312,135.3699951171875,1926800
2026-03-06,135.6114501953125,137.49000549316406,137.80999755859375,132.8699951171875,134.3000030517578,1661500
2026-03-09,135.84815979003906,137.72999572753906,138.58999633789062,134.9199981689453,137.0,2658200
2026-03-10,131.02496337890625,132.83999633789062,137.77000427246094,132.60000610351562,136.82000732421875,1636800
2026-03-11,132.5044708251953,134.33999633789062,134.63999938964844,132.0399932861328,132.44000244140625,1432400
2026-03-12,136.36105346679688,138.25,141.2100067138672,133.0399932861328,134.52999877929688,2707100
2026-03-13,137.78138732910156,139.69000244140625,140.6300048828125,138.30999755859375,139.8300018310547,1603800
2026-03-16,137.2191619873047,139.1199951171875,140.44000244140625,137.47999572753906,140.44000244140625,1598600
2026-03-17,136.34132385253906,138.22999572753906,140.0800018310547,137.92999267578125,140.0800018310547,1662900
2026-03-18,134.8815460205078,136.75,138.55999755859375,135.5399932861328,138.0,1481200
2026-03-19,135.22677612304688,137.10000610351562,137.3699951171875,134.5500030517578,135.88999938964844,2104700
2026-03-20,133.93466186523438,135.7899932861328,137.74000549316406,135.13999938964844,137.08999633789062,4091500
2026-03-23,133.87548828125,135.72999572753906,136.9600067138672,135.2100067138672,135.7100067138672,1728400
2026-03-24,131.75486755371094,133.5800018310547,137.6999969482422,133.5500030517578,135.33999633789062,1886600
2026-03-25,132.75106811523438,134.58999633789062,135.39999389648438,131.52000427246094,134.33999633789062,1782800
2026-03-26,135.6311492919922,137.50999450683594,138.1999969482422,133.60000610351562,134.9499969482422,1456900
2026-03-27,134.99005126953125,136.86000061035156,138.74000549316406,136.61000061035156,137.72000122070312,1609300
2026-03-30,136.92327880859375,138.82000732421875,139.49000549316406,137.0,138.1699981689453,1150300
2026-03-31,134.23056030273438,136.08999633789062,139.3000030517578,134.75999450683594,139.11000061035156,1900500
2026-04-01,134.92098999023438,136.7899932861328,137.4600067138672,135.0800018310547,135.0800018310547,1728800
2026-04-02,136.25254821777344,138.13999938964844,139.25,137.38999938964844,137.9199981689453,1608200
2026-04-06,136.02569580078125,137.91000366210938,138.55999755859375,137.1999969482422,137.91000366210938,1051100
2026-04-07,133.5203857421875,135.3699951171875,138.6300048828125,135.30999755859375,138.1699981689453,1658300
2026-04-08,134.49688720703125,136.36000061035156,136.4199981689453,130.86000061035156,133.0,3006200
2026-04-09,137.34738159179688,139.25,139.49000549316406,135.60000610351562,136.0500030517578,2729200
2026-04-10,135.34512329101562,137.22000122070312,139.6300048828125,136.58999633789062,138.99000549316406,1726700
2026-04-13,132.57351684570312,134.41000366210938,136.92999267578125,133.47000122070312,136.02999877929688,1828600
2026-04-14,131.5674591064453,133.38999938964844,134.60000610351562,132.19000244140625,134.19000244140625,1880400
2026-04-15,128.529541015625,130.30999755859375,132.27000427246094,128.7899932861328,132.10000610351562,2950700
2026-04-16,128.91419982910156,130.6999969482422,130.74000549316406,128.80999755859375,130.30999755859375,2285500
2026-04-17,129.81178283691406,131.61000061035156,131.80999755859375,128.5,129.49000549316406,2097300
2026-04-20,131.4293670654297,133.25,135.63999938964844,132.0500030517578,132.74000549316406,1673100
2026-04-21,130.2457733154297,132.0500030517578,134.1199951171875,130.72000122070312,133.92999267578125,1752700
2026-04-22,129.3383331298828,131.1300048828125,133.97999572753906,130.58999633789062,132.47999572753906,1396000
2026-04-23,133.12586975097656,134.97000122070312,135.52999877929688,131.89999389648438,132.4199981689453,1530500
2026-04-24,130.6107177734375,132.4199981689453,135.47999572753906,132.35000610351562,134.32000732421875,1780500
2026-04-27,130.15701293945312,131.9600067138672,133.25999450683594,131.86000061035156,132.3800048828125,1358000
2026-04-28,130.85728454589844,132.6699981689453,134.61000061035156,131.5500030517578,133.77000427246094,1254000
2026-04-29,130.16685485839844,131.97000122070312,133.4499969482422,131.52999877929688,131.8300018310547,1811600
2026-04-30,126.66535949707031,128.4199981689453,136.75,126.12000274658203,135.19000244140625,3026200
2026-05-01,125.63957214355469,127.37999725341797,129.47999572753906,126.94000244140625,129.47999572753906,1980800
2026-05-04,125.11681365966797,126.8499984741211,127.58000183105469,125.41999816894531,126.83999633789062,1713900
2026-05-05,124.32774353027344,126.05000305175781,127.0,124.8499984741211,126.33999633789062,1395400
2026-05-06,123.96279907226562,125.68000030517578,127.16999816894531,124.69000244140625,125.0,1659100
2026-05-07,124.47569274902344,126.19999694824219,126.91999816894531,123.55000305175781,124.86000061035156,2098600
2026-05-08,123.3414077758789,125.05000305175781,127.41000366210938,124.94000244140625,126.44999694824219,1305600
2026-05-11,124.28829956054688,126.01000213623047,126.22000122070312,124.98999786376953,125.81999969482422,1574100
2026-05-12,126.8065414428711,127.6500015258789,127.9800033569336,124.9000015258789,125.37000274658203,2687800
2026-05-13,126.52839660644531,127.37000274658203,127.66999816894531,125.45999908447266,126.25,1670200
2026-05-14,125.14757537841797,125.9800033569336,127.79000091552734,125.94999694824219,127.23999786376953,1286000
2026-05-15,123.46874237060547,124.29000091552734,126.86000061035156,124.26000213623047,126.30999755859375,2994700
2026-05-18,124.00517272949219,124.83000183105469,126.62999725341797,123.5199966430664,125.13999938964844,1913600
2026-05-19,123.33960723876953,124.16000366210938,126.31999969482422,123.8499984741211,124.97000122070312,1662300
2026-05-20,121.55149841308594,122.36000061035156,124.83000183105469,121.98999786376953,123.6500015258789,1851800
2026-05-21,123.06144714355469,123.87999725341797,124.12999725341797,121.94000244140625,122.5,1287500
2026-05-22,124.37272644042969,125.19999694824219,125.66999816894531,123.44999694824219,124.0,1121400
2026-05-26,123.03164672851562,123.8499984741211,125.29000091552734,123.80000305175781,124.95999908447266,1448500
2026-05-27,122.96211242675781,123.77999877929688,125.75,123.22000122070312,123.61000061035156,1165600
2026-05-28,121.54155731201172,122.3499984741211,125.16999816894531,122.27999877929688,123.72000122070312,1966500
2026-05-29,122.45548248291016,123.2699966430664,124.5,122.11000061035156,123.05999755859375,5523100
2026-06-01,120.32962036132812,121.12999725341797,123.29000091552734,120.61000061035156,122.98999786376953,1746900
2026-06-02,122.8627700805664,123.68000030517578,123.69999694824219,120.56999969482422,121.94999694824219,2236600
2026-06-03,122.99191284179688,123.80999755859375,125.26000213623047,123.0,123.51000213623047,3166500
2026-06-04,121.44222259521484,122.25,125.8499984741211,121.94999694824219,125.12999725341797,1870800
2026-06-05,123.64755249023438,124.47000122070312,126.69999694824219,122.62000274658203,123.33999633789062,2580000
2026-06-08,121.68063354492188,122.48999786376953,124.69999694824219,122.2699966430664,123.55999755859375,1327900
2026-06-09,124.70054626464844,125.52999877929688,126.7300033569336,122.01000213623047,122.5,1586700
2026-06-10,125.62440490722656,126.45999908447266,128.0399932861328,125.5999984741211,126.94999694824219,1651400
2026-06-11,123.627685546875,124.44999694824219,127.19999694824219,124.06999969482422,125.79000091552734,2119500
2026-06-12,125.47539520263672,126.30999755859375,126.54000091552734,124.19000244140625,124.73999786376953,2379700
2026-06-15,126.03170013427734,126.87000274658203,127.94000244140625,123.33000183105469,123.80000305175781,3111800
2026-06-16,127.62112426757812,128.47000122070312,128.74000549316406,126.88999938964844,127.55999755859375,2555000
2026-06-17,124.58134460449219,125.41000366210938,128.5399932861328,124.4800033569336,127.75,2334200
2026-06-18,124.24359130859375,125.06999969482422,127.55000305175781,124.52999877929688,125.69999694824219,4992200
2026-06-22,124.09457397460938,124.91999816894531,127.69999694824219,124.6500015258789,125.33000183105469,2456900
2026-06-23,125.76347351074219,126.5999984741211,127.23999786376953,125.69000244140625,126.75,1558300
2026-06-24,128.78338623046875,129.63999938964844,129.86000061035156,126.37000274658203,127.94000244140625,1927200
2026-06-25,129.14100646972656,130.0,131.38999938964844,128.6199951171875,130.5,2228400
2026-06-26,131.8032989501953,132.67999267578125,132.67999267578125,129.6999969482422,131.3000030517578,3539100
2026-06-29,131.62449645996094,132.5,133.13999938964844,130.77999877929688,131.36000061035156,2170700
2026-06-30,130.7105712890625,131.5800018310547,133.44000244140625,130.9199981689453,132.3000030517578,2817900
2026-07-01,130.91917419433594,131.7899932861328,133.42999267578125,130.99000549316406,131.60000610351562,2462200
2026-07-02,135.9556884765625,136.86000061035156,136.92999267578125,132.07000732421875,133.02999877929688,3269200
2026-07-06,132.21058654785156,133.08999633789062,136.1300048828125,132.0,135.75,3630000
2026-07-07,133.92916870117188,134.82000732421875,138.4199981689453,134.25999450683594,134.67999267578125,2098700
2026-07-08,131.0085906982422,131.8800048828125,135.9600067138672,131.75,135.9600067138672,1654300
2026-07-09,129.6873779296875,130.5500030517578,131.86000061035156,130.08999633789062,131.10000610351562,1373400
2026-07-10,129.8264617919922,130.69000244140625,131.6999969482422,129.63999938964844,130.74000549316406,1679100
2026-07-13,130.66090393066406,131.52999877929688,133.3300018310547,131.0500030517578,131.36000061035156,1236400
2026-07-14,130.70065307617188,131.57000732421875,132.64999389648438,130.8800048828125,131.4199981689453,1172700
2026-07-15,128.3562469482422,129.2100067138672,132.52000427246094,128.9499969482422,131.17999267578125,1510400
2026-07-16,133.44239807128906,134.3300018310547,134.77000427246094,129.4499969482422,129.4499969482422,1846800
2026-07-17,134.21725463867188,135.11000061035156,137.75999450683594,134.24000549316406,136.30999755859375,2390900
2026-07-20,132.7668914794922,133.64999389648438,135.75999450683594,132.39999389648438,134.52999877929688,1543400
2026-07-21,130.66090393066406,131.52999877929688,133.35000610351562,130.72999572753906,132.75999450683594,1971400
2026-07-22,132.94570922851562,133.8300018310547,133.91000366210938,132.02999877929688,132.6999969482422,1789000
2026-07-23,133.52188110351562,134.41000366210938,135.44000244140625,132.41000366210938,132.97999572753906,2019700
2026-07-24,133.7702178955078,134.66000366210938,135.80999755859375,133.9499969482422,135.2899932861328,1468000
2026-07-27,133.67088317871094,134.55999755859375,136.58999633789062,133.4199981689453,133.52999877929688,2541100
2026-07-28,137.1278839111328,138.0399932861328,140.44000244140625,135.49000549316406,136.02000427246094,4666600
2026-07-29,137.17755126953125,138.08999633789062,140.3000030517578,137.07000732421875,138.60000610351562,3034900
2026-07-30,135.906005859375,136.80999755859375,141.25,135.61000061035156,140.0,3580300
2026-07-31,133.28346252441406,134.1699981689453,136.89999389648438,134.1300048828125,136.64999389648438,3254400
2026-08-03,130.4324188232422,131.3000030517578,137.10000610351562,130.91000366210938,133.74000549316406,2497600
2026-08-04,133.12451171875,134.00999450683594,134.55999755859375,129.74000549316406,129.9499969482422,3673400
2026-08-05,133.27352905273438,134.16000366210938,135.32000732421875,132.27000427246094,134.39999389648438,1963400
2026-08-06,133.92916870117188,134.82000732421875,135.4199981689453,133.32000732421875,135.08999633789062,1471400
2026-08-07,134.41592407226562,135.30999755859375,136.24000549316406,133.22000122070312,133.5399932861328,1200100
2026-08-10,134.55499267578125,135.4499969482422,135.86000061035156,131.89999389648438,134.19000244140625,2478600
2026-08-11,136.05999755859375,136.05999755859375,136.13999938964844,133.07000732421875,133.92999267578125,1729700
2026-08-12,134.9199981689453,134.9199981689453,136.38999938964844,134.19000244140625,135.6199951171875,2902900
2026-08-13,136.4600067138672,136.4600067138672,137.14999389648438,135.0500030517578,135.0500030517578,3409000
2026-08-14,136.1999969482422,136.1999969482422,136.99000549316406,135.0800018310547,136.5,1728100
2026-08-17,134.35000610351562,134.35000610351562,135.94000244140625,133.25,135.19000244140625,2106000
2026-08-18,136.27000427246094,136.27000427246094,137.75,135.38999938964844,135.92999267578125,1882343
